ISO-10303-21;
HEADER;
/* Generated by software containing ST-Developer
 * from STEP Tools, Inc. (www.steptools.com) 
 */
/* OPTION: using custom renumber hook */

FILE_DESCRIPTION(
/* description */ ('STEP AP242 Edition 2',
'CAx-IF Rec.Pracs.---Representation and Presentation of Product Manufa
cturing Information (PMI)---4.0---2014-10-13',
'CAx-IF Rec.Pracs.---3D Tessellated Geometry---0.4---2014-09-14','2;1',
'CAx-IF Rec.Pracs.---User Defined Attributes---1.5---2016-08-15'),
/* implementation_level */ '2;1');

FILE_NAME(
/* name */ 
'brew75 full assembly parts - bottom shell left hald-1__Body1',
/* time_stamp */ '2026-08-25T10:33:25Z',
/* author */ (''),
/* organization */ (''),
/* preprocessor_version */ 'ST-DEVELOPER v20',
/* originating_system */ 'ONSHAPE BY PTC INC, 1.219',
/* authorisation */ '  ');

FILE_SCHEMA (('AP242_MANAGED_MODEL_BASED_3D_ENGINEERING_MIM_LF { 1 0 10303 442 3 1 4 }'));
ENDSEC;

DATA;
#10=SHAPE_REPRESENTATION_RELATIONSHIP('','',#1048,#11);
#11=ADVANCED_BREP_SHAPE_REPRESENTATION('',(#1046),#2041);
#12=B_SPLINE_SURFACE_WITH_KNOTS('',3,3,((#1619,#1620,#1621,#1622,#1623,
#1624),(#1625,#1626,#1627,#1628,#1629,#1630),(#1631,#1632,#1633,#1634,#1635,
#1636),(#1637,#1638,#1639,#1640,#1641,#1642),(#1643,#1644,#1645,#1646,#1647,
#1648),(#1649,#1650,#1651,#1652,#1653,#1654),(#1655,#1656,#1657,#1658,#1659,
#1660)),.UNSPECIFIED.,.F.,.F.,.F.,(4,1,1,1,4),(4,1,1,4),(0.,0.285714285714286,
0.571428571428571,0.785714285714286,1.),(-1.56643391734428,-0.895105095625298,
-0.447552547812646,5.69718130279841E-15),.UNSPECIFIED.);
#13=B_SPLINE_SURFACE_WITH_KNOTS('',3,1,((#1689,#1690),(#1691,#1692),(#1693,
#1694),(#1695,#1696),(#1697,#1698),(#1699,#1700)),
 .SURF_OF_LINEAR_EXTRUSION.,.F.,.F.,.F.,(4,1,1,4),(2,2),(0.,0.000773822096256167,
0.00116073314438425,0.00154764419251233),(0.,1.),.UNSPECIFIED.);
#14=B_SPLINE_SURFACE_WITH_KNOTS('',3,1,((#1717,#1718),(#1719,#1720),(#1721,
#1722),(#1723,#1724),(#1725,#1726)),.SURF_OF_LINEAR_EXTRUSION.,.F.,.F.,
 .F.,(4,1,4),(2,2),(-9.21759049801924E-16,0.500000000000003,1.00000000000001),
(0.,1.),.UNSPECIFIED.);
#15=B_SPLINE_SURFACE_WITH_KNOTS('',3,1,((#1742,#1743),(#1744,#1745),(#1746,
#1747),(#1748,#1749),(#1750,#1751),(#1752,#1753)),
 .SURF_OF_LINEAR_EXTRUSION.,.F.,.F.,.F.,(4,1,1,4),(2,2),(0.,0.000769146444392577,
0.00115371966658887,0.00153829288878515),(0.,1.),.UNSPECIFIED.);
#16=B_SPLINE_SURFACE_WITH_KNOTS('',3,3,((#1770,#1771,#1772,#1773,#1774,
#1775),(#1776,#1777,#1778,#1779,#1780,#1781),(#1782,#1783,#1784,#1785,#1786,
#1787),(#1788,#1789,#1790,#1791,#1792,#1793),(#1794,#1795,#1796,#1797,#1798,
#1799),(#1800,#1801,#1802,#1803,#1804,#1805),(#1806,#1807,#1808,#1809,#1810,
#1811)),.UNSPECIFIED.,.F.,.F.,.F.,(4,1,1,1,4),(4,1,1,4),(0.,0.285714285714286,
0.571428571428571,0.785714285714286,1.),(0.,0.673198425769241,1.12199737628207,
1.5707963267949),.UNSPECIFIED.);
#17=B_SPLINE_SURFACE_WITH_KNOTS('',3,1,((#1980,#1981),(#1982,#1983),(#1984,
#1985),(#1986,#1987),(#1988,#1989)),.SURF_OF_LINEAR_EXTRUSION.,.F.,.F.,
 .F.,(4,1,4),(2,2),(-0.00600005775594122,0.500000970171776,1.00600199809949),
(0.,1.),.UNSPECIFIED.);
#18=B_SPLINE_SURFACE_WITH_KNOTS('',3,1,((#2007,#2008),(#2009,#2010),(#2011,
#2012),(#2013,#2014),(#2015,#2016)),.SURF_OF_LINEAR_EXTRUSION.,.F.,.F.,
 .F.,(4,1,4),(2,2),(-0.00600002669378817,0.50000023651849,1.00600049973077),
(0.,1.),.UNSPECIFIED.);
#19=B_SPLINE_CURVE_WITH_KNOTS('',3,(#1441,#1442,#1443,#1444,#1445,#1446,
#1447,#1448,#1449,#1450,#1451,#1452,#1453,#1454,#1455,#1456,#1457,#1458,
#1459,#1460,#1461,#1462,#1463,#1464,#1465,#1466,#1467),.UNSPECIFIED.,.T.,
 .F.,(1,1,1,1,1,1,1,1,1,1,1,1,1,1,1,1,1,1,1,1,1,1,1,1,1,1,1,1,1,1,1),(225.,
247.5,258.75,270.,281.25,292.5,315.,337.5,348.75,360.,371.25,382.5,405.,
427.5,438.75,450.,461.25,472.5,495.,517.5,528.75,540.,551.25,562.5,585.,
607.5,618.75,630.,641.25,652.5,675.),.UNSPECIFIED.);
#20=B_SPLINE_CURVE_WITH_KNOTS('',3,(#1490,#1491,#1492,#1493),
 .UNSPECIFIED.,.F.,.F.,(4,4),(208.892442983392,232.147097267656),
 .UNSPECIFIED.);
#21=B_SPLINE_CURVE_WITH_KNOTS('',3,(#1495,#1496,#1497,#1498),
 .UNSPECIFIED.,.F.,.F.,(4,4),(127.852902732344,151.107557016608),
 .UNSPECIFIED.);
#22=B_SPLINE_CURVE_WITH_KNOTS('',3,(#1527,#1528,#1529,#1530,#1531,#1532,
#1533,#1534,#1535,#1536,#1537,#1538,#1539,#1540,#1541,#1542,#1543,#1544,
#1545,#1546,#1547,#1548,#1549,#1550,#1551,#1552,#1553),.UNSPECIFIED.,.T.,
 .F.,(1,1,1,1,1,1,1,1,1,1,1,1,1,1,1,1,1,1,1,1,1,1,1,1,1,1,1,1,1,1,1),(225.,
247.5,258.75,270.,281.25,292.5,315.,337.5,348.75,360.,371.25,382.5,405.,
427.5,438.75,450.,461.25,472.5,495.,517.5,528.75,540.,551.25,562.5,585.,
607.5,618.75,630.,641.25,652.5,675.),.UNSPECIFIED.);
#23=B_SPLINE_CURVE_WITH_KNOTS('',3,(#1558,#1559,#1560,#1561,#1562,#1563,
#1564,#1565,#1566,#1567,#1568,#1569,#1570,#1571,#1572,#1573,#1574,#1575,
#1576,#1577,#1578,#1579,#1580,#1581,#1582,#1583,#1584),.UNSPECIFIED.,.T.,
 .F.,(1,1,1,1,1,1,1,1,1,1,1,1,1,1,1,1,1,1,1,1,1,1,1,1,1,1,1,1,1,1,1),(225.,
247.5,258.75,270.,281.25,292.5,315.,337.5,348.75,360.,371.25,382.5,405.,
427.5,438.75,450.,461.25,472.5,495.,517.5,528.75,540.,551.25,562.5,585.,
607.5,618.75,630.,641.25,652.5,675.),.UNSPECIFIED.);
#24=B_SPLINE_CURVE_WITH_KNOTS('',3,(#1589,#1590,#1591,#1592,#1593,#1594,
#1595,#1596,#1597,#1598,#1599,#1600,#1601,#1602,#1603,#1604,#1605,#1606,
#1607,#1608,#1609,#1610,#1611,#1612,#1613,#1614,#1615),.UNSPECIFIED.,.T.,
 .F.,(1,1,1,1,1,1,1,1,1,1,1,1,1,1,1,1,1,1,1,1,1,1,1,1,1,1,1,1,1,1,1),(225.,
247.5,258.75,270.,281.25,292.5,315.,337.5,348.75,360.,371.25,382.5,405.,
427.5,438.75,450.,461.25,472.5,495.,517.5,528.75,540.,551.25,562.5,585.,
607.5,618.75,630.,641.25,652.5,675.),.UNSPECIFIED.);
#25=B_SPLINE_CURVE_WITH_KNOTS('',3,(#1661,#1662,#1663,#1664,#1665,#1666),
 .UNSPECIFIED.,.F.,.F.,(4,1,1,4),(0.,0.25,0.5,1.),.UNSPECIFIED.);
#26=B_SPLINE_CURVE_WITH_KNOTS('',3,(#1669,#1670,#1671,#1672,#1673,#1674),
 .UNSPECIFIED.,.F.,.F.,(4,1,1,4),(-1.56643391734428,-1.17482543800821,-0.783216958672137,
5.69718130279841E-15),.UNSPECIFIED.);
#27=B_SPLINE_CURVE_WITH_KNOTS('',3,(#1676,#1677,#1678,#1679,#1680),
 .UNSPECIFIED.,.F.,.F.,(4,1,4),(1.66745129846538E-10,0.500000000083373,
1.),.UNSPECIFIED.);
#28=B_SPLINE_CURVE_WITH_KNOTS('',3,(#1682,#1683,#1684,#1685,#1686,#1687,
#1688),.UNSPECIFIED.,.F.,.F.,(4,1,1,1,4),(-5.69718130279841E-15,0.391608479336066,
0.783216958672137,1.17482543800821,1.56643391734428),.UNSPECIFIED.);
#29=B_SPLINE_CURVE_WITH_KNOTS('',3,(#1701,#1702,#1703,#1704),
 .UNSPECIFIED.,.F.,.F.,(4,4),(0.,1.),.UNSPECIFIED.);
#30=B_SPLINE_CURVE_WITH_KNOTS('',3,(#1706,#1707,#1708,#1709,#1710,#1711),
 .UNSPECIFIED.,.F.,.F.,(4,1,1,4),(0.,0.5,0.75,1.),.UNSPECIFIED.);
#31=B_SPLINE_CURVE_WITH_KNOTS('',3,(#1713,#1714,#1715,#1716),
 .UNSPECIFIED.,.F.,.F.,(4,4),(-1.57079632679489,-1.56643391734427),
 .UNSPECIFIED.);
#32=B_SPLINE_CURVE_WITH_KNOTS('',3,(#1727,#1728,#1729,#1730,#1731),
 .UNSPECIFIED.,.F.,.F.,(4,1,4),(0.,0.5,1.),.UNSPECIFIED.);
#33=B_SPLINE_CURVE_WITH_KNOTS('',3,(#1734,#1735,#1736,#1737),
 .UNSPECIFIED.,.F.,.F.,(4,4),(0.,1.),.UNSPECIFIED.);
#34=B_SPLINE_CURVE_WITH_KNOTS('',3,(#1738,#1739,#1740,#1741),
 .UNSPECIFIED.,.F.,.F.,(4,4),(4.76873199011338E-10,1.),.UNSPECIFIED.);
#35=B_SPLINE_CURVE_WITH_KNOTS('',3,(#1754,#1755,#1756,#1757),
 .UNSPECIFIED.,.F.,.F.,(4,4),(0.,1.),.UNSPECIFIED.);
#36=B_SPLINE_CURVE_WITH_KNOTS('',3,(#1759,#1760,#1761,#1762,#1763,#1764),
 .UNSPECIFIED.,.F.,.F.,(4,1,1,4),(0.,0.5,0.75,1.),.UNSPECIFIED.);
#37=B_SPLINE_CURVE_WITH_KNOTS('',3,(#1766,#1767,#1768,#1769),
 .UNSPECIFIED.,.F.,.F.,(4,4),(0.,0.999975060474767),.UNSPECIFIED.);
#38=B_SPLINE_CURVE_WITH_KNOTS('',3,(#1812,#1813,#1814,#1815,#1816,#1817,
#1818),.UNSPECIFIED.,.F.,.F.,(4,1,1,1,4),(-1.5707963267949,-1.17809724509617,
-0.78539816339745,-0.392699081698725,0.),.UNSPECIFIED.);
#39=B_SPLINE_CURVE_WITH_KNOTS('',3,(#1820,#1821,#1822,#1823,#1824),
 .UNSPECIFIED.,.F.,.F.,(4,1,4),(0.,0.5,1.),.UNSPECIFIED.);
#40=B_SPLINE_CURVE_WITH_KNOTS('',3,(#1826,#1827,#1828,#1829,#1830,#1831),
 .UNSPECIFIED.,.F.,.F.,(4,1,1,4),(0.,0.392699081698725,0.78539816339745,
1.5707963267949),.UNSPECIFIED.);
#41=B_SPLINE_CURVE_WITH_KNOTS('',3,(#1835,#1836,#1837,#1838),
 .UNSPECIFIED.,.F.,.F.,(4,4),(208.892442983392,232.147097267656),
 .UNSPECIFIED.);
#42=B_SPLINE_CURVE_WITH_KNOTS('',3,(#1842,#1843,#1844,#1845),
 .UNSPECIFIED.,.F.,.F.,(4,4),(127.852902732342,151.107557016608),
 .UNSPECIFIED.);
#43=B_SPLINE_CURVE_WITH_KNOTS('',3,(#1871,#1872,#1873,#1874,#1875),
 .UNSPECIFIED.,.F.,.F.,(4,1,4),(1.20501512426154,21.3073186167659,41.4096221092703),
 .UNSPECIFIED.);
#44=B_SPLINE_CURVE_WITH_KNOTS('',3,(#1877,#1878,#1879,#1880,#1881),
 .UNSPECIFIED.,.F.,.F.,(4,1,4),(318.590377890729,338.692681383233,358.794984875736),
 .UNSPECIFIED.);
#45=B_SPLINE_CURVE_WITH_KNOTS('',3,(#1976,#1977,#1978,#1979),
 .UNSPECIFIED.,.F.,.F.,(4,4),(4.80918705480725E-10,1.),.UNSPECIFIED.);
#46=B_SPLINE_CURVE_WITH_KNOTS('',3,(#1990,#1991,#1992,#1993,#1994),
 .UNSPECIFIED.,.F.,.F.,(4,1,4),(-0.121848442512737,-0.0609242212563685,
0.),.UNSPECIFIED.);
#47=B_SPLINE_CURVE_WITH_KNOTS('',3,(#1996,#1997,#1998,#1999),
 .UNSPECIFIED.,.F.,.F.,(4,4),(0.,0.999999991394536),.UNSPECIFIED.);
#48=B_SPLINE_CURVE_WITH_KNOTS('',3,(#2003,#2004,#2005,#2006),
 .UNSPECIFIED.,.F.,.F.,(4,4),(0.,1.),.UNSPECIFIED.);
#49=B_SPLINE_CURVE_WITH_KNOTS('',3,(#2017,#2018,#2019,#2020,#2021),
 .UNSPECIFIED.,.F.,.F.,(4,1,4),(-0.188575873704393,-0.0942879368521965,
0.),.UNSPECIFIED.);
#50=B_SPLINE_CURVE_WITH_KNOTS('',3,(#2023,#2024,#2025,#2026),
 .UNSPECIFIED.,.F.,.F.,(4,4),(0.,0.999999999519038),.UNSPECIFIED.);
#51=CYLINDRICAL_SURFACE('',#1060,0.0020955);
#52=CYLINDRICAL_SURFACE('',#1063,0.004699);
#53=CYLINDRICAL_SURFACE('',#1069,0.005588);
#54=CYLINDRICAL_SURFACE('',#1070,0.005588);
#55=CYLINDRICAL_SURFACE('',#1073,0.00431);
#56=CYLINDRICAL_SURFACE('',#1077,0.004699);
#57=CYLINDRICAL_SURFACE('',#1079,0.004699);
#58=CYLINDRICAL_SURFACE('',#1081,0.004699);
#59=CYLINDRICAL_SURFACE('',#1083,0.005588);
#60=CYLINDRICAL_SURFACE('',#1085,0.005588);
#61=CYLINDRICAL_SURFACE('',#1088,0.00804);
#62=CYLINDRICAL_SURFACE('',#1091,0.005588);
#63=CYLINDRICAL_SURFACE('',#1093,0.005588);
#64=CYLINDRICAL_SURFACE('',#1097,0.00804);
#65=CYLINDRICAL_SURFACE('',#1108,0.01016);
#66=CYLINDRICAL_SURFACE('',#1110,0.01016);
#67=CYLINDRICAL_SURFACE('',#1117,0.00431);
#68=CYLINDRICAL_SURFACE('',#1118,0.00430999999999995);
#69=CYLINDRICAL_SURFACE('',#1119,0.0020955);
#70=CYLINDRICAL_SURFACE('',#1121,0.0020955);
#71=CYLINDRICAL_SURFACE('',#1136,0.005715);
#72=CYLINDRICAL_SURFACE('',#1137,0.0020955);
#73=CIRCLE('',#1051,0.00804);
#74=CIRCLE('',#1052,0.005588);
#75=CIRCLE('',#1053,0.005588);
#76=CIRCLE('',#1054,0.005588);
#77=CIRCLE('',#1055,0.005588);
#78=CIRCLE('',#1056,0.00804);
#79=CIRCLE('',#1057,0.005588);
#80=CIRCLE('',#1058,0.005588);
#81=CIRCLE('',#1059,0.005715);
#82=CIRCLE('',#1061,0.0020955);
#83=CIRCLE('',#1062,0.0020955);
#84=CIRCLE('',#1064,0.004699);
#85=CIRCLE('',#1066,0.00431);
#86=CIRCLE('',#1067,0.005588);
#87=CIRCLE('',#1068,0.005588);
#88=CIRCLE('',#1074,0.00431);
#89=CIRCLE('',#1078,0.004699);
#90=CIRCLE('',#1080,0.004699);
#91=CIRCLE('',#1082,0.004699);
#92=CIRCLE('',#1084,0.005588);
#93=CIRCLE('',#1086,0.005588);
#94=CIRCLE('',#1089,0.00804);
#95=CIRCLE('',#1092,0.005588);
#96=CIRCLE('',#1094,0.005588);
#97=CIRCLE('',#1098,0.00804);
#98=CIRCLE('',#1100,0.01016);
#99=CIRCLE('',#1101,0.01016);
#100=CIRCLE('',#1102,0.00431);
#101=CIRCLE('',#1103,0.00430999999999995);
#102=CIRCLE('',#1106,0.00430999999999995);
#103=CIRCLE('',#1107,0.0020955);
#104=CIRCLE('',#1114,0.00431);
#105=CIRCLE('',#1115,0.0020955);
#106=CIRCLE('',#1120,0.0020955);
#107=CIRCLE('',#1122,0.0020955);
#108=CIRCLE('',#1134,0.005715);
#109=CIRCLE('',#1135,0.0020955);
#110=CIRCLE('',#1138,0.0020955);
#111=ORIENTED_EDGE('',*,*,#397,.F.);
#112=ORIENTED_EDGE('',*,*,#398,.F.);
#113=ORIENTED_EDGE('',*,*,#399,.T.);
#114=ORIENTED_EDGE('',*,*,#400,.T.);
#115=ORIENTED_EDGE('',*,*,#401,.T.);
#116=ORIENTED_EDGE('',*,*,#402,.T.);
#117=ORIENTED_EDGE('',*,*,#403,.T.);
#118=ORIENTED_EDGE('',*,*,#404,.T.);
#119=ORIENTED_EDGE('',*,*,#405,.T.);
#120=ORIENTED_EDGE('',*,*,#406,.T.);
#121=ORIENTED_EDGE('',*,*,#407,.T.);
#122=ORIENTED_EDGE('',*,*,#408,.T.);
#123=ORIENTED_EDGE('',*,*,#409,.T.);
#124=ORIENTED_EDGE('',*,*,#410,.T.);
#125=ORIENTED_EDGE('',*,*,#411,.T.);
#126=ORIENTED_EDGE('',*,*,#412,.F.);
#127=ORIENTED_EDGE('',*,*,#413,.T.);
#128=ORIENTED_EDGE('',*,*,#414,.T.);
#129=ORIENTED_EDGE('',*,*,#415,.T.);
#130=ORIENTED_EDGE('',*,*,#416,.F.);
#131=ORIENTED_EDGE('',*,*,#417,.T.);
#132=ORIENTED_EDGE('',*,*,#418,.F.);
#133=ORIENTED_EDGE('',*,*,#419,.T.);
#134=ORIENTED_EDGE('',*,*,#420,.T.);
#135=ORIENTED_EDGE('',*,*,#421,.F.);
#136=ORIENTED_EDGE('',*,*,#422,.F.);
#137=ORIENTED_EDGE('',*,*,#423,.F.);
#138=ORIENTED_EDGE('',*,*,#424,.T.);
#139=ORIENTED_EDGE('',*,*,#425,.T.);
#140=ORIENTED_EDGE('',*,*,#426,.T.);
#141=ORIENTED_EDGE('',*,*,#427,.T.);
#142=ORIENTED_EDGE('',*,*,#416,.T.);
#143=ORIENTED_EDGE('',*,*,#428,.F.);
#144=ORIENTED_EDGE('',*,*,#427,.F.);
#145=ORIENTED_EDGE('',*,*,#429,.T.);
#146=ORIENTED_EDGE('',*,*,#401,.F.);
#147=ORIENTED_EDGE('',*,*,#403,.F.);
#148=ORIENTED_EDGE('',*,*,#430,.F.);
#149=ORIENTED_EDGE('',*,*,#425,.F.);
#150=ORIENTED_EDGE('',*,*,#431,.F.);
#151=ORIENTED_EDGE('',*,*,#428,.T.);
#152=ORIENTED_EDGE('',*,*,#400,.F.);
#153=ORIENTED_EDGE('',*,*,#432,.F.);
#154=ORIENTED_EDGE('',*,*,#433,.F.);
#155=ORIENTED_EDGE('',*,*,#434,.T.);
#156=ORIENTED_EDGE('',*,*,#420,.F.);
#157=ORIENTED_EDGE('',*,*,#421,.T.);
#158=ORIENTED_EDGE('',*,*,#434,.F.);
#159=ORIENTED_EDGE('',*,*,#435,.F.);
#160=ORIENTED_EDGE('',*,*,#436,.T.);
#161=ORIENTED_EDGE('',*,*,#422,.T.);
#162=ORIENTED_EDGE('',*,*,#436,.F.);
#163=ORIENTED_EDGE('',*,*,#437,.F.);
#164=ORIENTED_EDGE('',*,*,#438,.T.);
#165=ORIENTED_EDGE('',*,*,#423,.T.);
#166=ORIENTED_EDGE('',*,*,#438,.F.);
#167=ORIENTED_EDGE('',*,*,#439,.F.);
#168=ORIENTED_EDGE('',*,*,#440,.T.);
#169=ORIENTED_EDGE('',*,*,#441,.T.);
#170=ORIENTED_EDGE('',*,*,#404,.F.);
#171=ORIENTED_EDGE('',*,*,#431,.T.);
#172=ORIENTED_EDGE('',*,*,#424,.F.);
#173=ORIENTED_EDGE('',*,*,#440,.F.);
#174=ORIENTED_EDGE('',*,*,#442,.F.);
#175=ORIENTED_EDGE('',*,*,#443,.T.);
#176=ORIENTED_EDGE('',*,*,#444,.F.);
#177=ORIENTED_EDGE('',*,*,#445,.F.);
#178=ORIENTED_EDGE('',*,*,#446,.T.);
#179=ORIENTED_EDGE('',*,*,#447,.F.);
#180=ORIENTED_EDGE('',*,*,#448,.T.);
#181=ORIENTED_EDGE('',*,*,#449,.F.);
#182=ORIENTED_EDGE('',*,*,#450,.F.);
#183=ORIENTED_EDGE('',*,*,#451,.T.);
#184=ORIENTED_EDGE('',*,*,#452,.T.);
#185=ORIENTED_EDGE('',*,*,#453,.F.);
#186=ORIENTED_EDGE('',*,*,#454,.T.);
#187=ORIENTED_EDGE('',*,*,#451,.F.);
#188=ORIENTED_EDGE('',*,*,#455,.T.);
#189=ORIENTED_EDGE('',*,*,#456,.F.);
#190=ORIENTED_EDGE('',*,*,#457,.T.);
#191=ORIENTED_EDGE('',*,*,#458,.T.);
#192=ORIENTED_EDGE('',*,*,#459,.T.);
#193=ORIENTED_EDGE('',*,*,#456,.T.);
#194=ORIENTED_EDGE('',*,*,#460,.T.);
#195=ORIENTED_EDGE('',*,*,#458,.F.);
#196=ORIENTED_EDGE('',*,*,#461,.T.);
#197=ORIENTED_EDGE('',*,*,#462,.F.);
#198=ORIENTED_EDGE('',*,*,#463,.T.);
#199=ORIENTED_EDGE('',*,*,#462,.T.);
#200=ORIENTED_EDGE('',*,*,#464,.T.);
#201=ORIENTED_EDGE('',*,*,#465,.T.);
#202=ORIENTED_EDGE('',*,*,#466,.T.);
#203=ORIENTED_EDGE('',*,*,#441,.F.);
#204=ORIENTED_EDGE('',*,*,#467,.F.);
#205=ORIENTED_EDGE('',*,*,#468,.T.);
#206=ORIENTED_EDGE('',*,*,#405,.F.);
#207=ORIENTED_EDGE('',*,*,#469,.F.);
#208=ORIENTED_EDGE('',*,*,#407,.F.);
#209=ORIENTED_EDGE('',*,*,#470,.F.);
#210=ORIENTED_EDGE('',*,*,#471,.F.);
#211=ORIENTED_EDGE('',*,*,#408,.F.);
#212=ORIENTED_EDGE('',*,*,#469,.T.);
#213=ORIENTED_EDGE('',*,*,#472,.F.);
#214=ORIENTED_EDGE('',*,*,#473,.F.);
#215=ORIENTED_EDGE('',*,*,#474,.F.);
#216=ORIENTED_EDGE('',*,*,#475,.T.);
#217=ORIENTED_EDGE('',*,*,#409,.F.);
#218=ORIENTED_EDGE('',*,*,#475,.F.);
#219=ORIENTED_EDGE('',*,*,#476,.F.);
#220=ORIENTED_EDGE('',*,*,#477,.T.);
#221=ORIENTED_EDGE('',*,*,#478,.T.);
#222=ORIENTED_EDGE('',*,*,#410,.F.);
#223=ORIENTED_EDGE('',*,*,#477,.F.);
#224=ORIENTED_EDGE('',*,*,#479,.F.);
#225=ORIENTED_EDGE('',*,*,#480,.T.);
#226=ORIENTED_EDGE('',*,*,#481,.F.);
#227=ORIENTED_EDGE('',*,*,#478,.F.);
#228=ORIENTED_EDGE('',*,*,#482,.F.);
#229=ORIENTED_EDGE('',*,*,#483,.T.);
#230=ORIENTED_EDGE('',*,*,#411,.F.);
#231=ORIENTED_EDGE('',*,*,#413,.F.);
#232=ORIENTED_EDGE('',*,*,#484,.F.);
#233=ORIENTED_EDGE('',*,*,#485,.F.);
#234=ORIENTED_EDGE('',*,*,#486,.F.);
#235=ORIENTED_EDGE('',*,*,#487,.F.);
#236=ORIENTED_EDGE('',*,*,#414,.F.);
#237=ORIENTED_EDGE('',*,*,#486,.T.);
#238=ORIENTED_EDGE('',*,*,#488,.F.);
#239=ORIENTED_EDGE('',*,*,#489,.F.);
#240=ORIENTED_EDGE('',*,*,#490,.F.);
#241=ORIENTED_EDGE('',*,*,#491,.F.);
#242=ORIENTED_EDGE('',*,*,#492,.F.);
#243=ORIENTED_EDGE('',*,*,#493,.T.);
#244=ORIENTED_EDGE('',*,*,#398,.T.);
#245=ORIENTED_EDGE('',*,*,#399,.F.);
#246=ORIENTED_EDGE('',*,*,#493,.F.);
#247=ORIENTED_EDGE('',*,*,#494,.F.);
#248=ORIENTED_EDGE('',*,*,#432,.T.);
#249=ORIENTED_EDGE('',*,*,#495,.F.);
#250=ORIENTED_EDGE('',*,*,#496,.F.);
#251=ORIENTED_EDGE('',*,*,#497,.F.);
#252=ORIENTED_EDGE('',*,*,#498,.F.);
#253=ORIENTED_EDGE('',*,*,#499,.F.);
#254=ORIENTED_EDGE('',*,*,#500,.F.);
#255=ORIENTED_EDGE('',*,*,#501,.F.);
#256=ORIENTED_EDGE('',*,*,#490,.T.);
#257=ORIENTED_EDGE('',*,*,#502,.T.);
#258=ORIENTED_EDGE('',*,*,#503,.T.);
#259=ORIENTED_EDGE('',*,*,#504,.T.);
#260=ORIENTED_EDGE('',*,*,#479,.T.);
#261=ORIENTED_EDGE('',*,*,#476,.T.);
#262=ORIENTED_EDGE('',*,*,#474,.T.);
#263=ORIENTED_EDGE('',*,*,#505,.T.);
#264=ORIENTED_EDGE('',*,*,#506,.T.);
#265=ORIENTED_EDGE('',*,*,#507,.T.);
#266=ORIENTED_EDGE('',*,*,#442,.T.);
#267=ORIENTED_EDGE('',*,*,#439,.T.);
#268=ORIENTED_EDGE('',*,*,#437,.T.);
#269=ORIENTED_EDGE('',*,*,#435,.T.);
#270=ORIENTED_EDGE('',*,*,#433,.T.);
#271=ORIENTED_EDGE('',*,*,#494,.T.);
#272=ORIENTED_EDGE('',*,*,#492,.T.);
#273=ORIENTED_EDGE('',*,*,#508,.T.);
#274=ORIENTED_EDGE('',*,*,#443,.F.);
#275=ORIENTED_EDGE('',*,*,#507,.F.);
#276=ORIENTED_EDGE('',*,*,#509,.T.);
#277=ORIENTED_EDGE('',*,*,#471,.T.);
#278=ORIENTED_EDGE('',*,*,#510,.T.);
#279=ORIENTED_EDGE('',*,*,#467,.T.);
#280=ORIENTED_EDGE('',*,*,#444,.T.);
#281=ORIENTED_EDGE('',*,*,#508,.F.);
#282=ORIENTED_EDGE('',*,*,#511,.F.);
#283=ORIENTED_EDGE('',*,*,#512,.F.);
#284=ORIENTED_EDGE('',*,*,#472,.T.);
#285=ORIENTED_EDGE('',*,*,#513,.T.);
#286=ORIENTED_EDGE('',*,*,#454,.F.);
#287=ORIENTED_EDGE('',*,*,#514,.T.);
#288=ORIENTED_EDGE('',*,*,#499,.T.);
#289=ORIENTED_EDGE('',*,*,#515,.T.);
#290=ORIENTED_EDGE('',*,*,#460,.F.);
#291=ORIENTED_EDGE('',*,*,#455,.F.);
#292=ORIENTED_EDGE('',*,*,#515,.F.);
#293=ORIENTED_EDGE('',*,*,#498,.T.);
#294=ORIENTED_EDGE('',*,*,#516,.F.);
#295=ORIENTED_EDGE('',*,*,#461,.F.);
#296=ORIENTED_EDGE('',*,*,#516,.T.);
#297=ORIENTED_EDGE('',*,*,#497,.T.);
#298=ORIENTED_EDGE('',*,*,#517,.T.);
#299=ORIENTED_EDGE('',*,*,#464,.F.);
#300=ORIENTED_EDGE('',*,*,#512,.T.);
#301=ORIENTED_EDGE('',*,*,#518,.F.);
#302=ORIENTED_EDGE('',*,*,#505,.F.);
#303=ORIENTED_EDGE('',*,*,#473,.T.);
#304=ORIENTED_EDGE('',*,*,#519,.T.);
#305=ORIENTED_EDGE('',*,*,#480,.F.);
#306=ORIENTED_EDGE('',*,*,#504,.F.);
#307=ORIENTED_EDGE('',*,*,#520,.T.);
#308=ORIENTED_EDGE('',*,*,#481,.T.);
#309=ORIENTED_EDGE('',*,*,#519,.F.);
#310=ORIENTED_EDGE('',*,*,#521,.F.);
#311=ORIENTED_EDGE('',*,*,#522,.F.);
#312=ORIENTED_EDGE('',*,*,#488,.T.);
#313=ORIENTED_EDGE('',*,*,#485,.T.);
#314=ORIENTED_EDGE('',*,*,#523,.T.);
#315=ORIENTED_EDGE('',*,*,#482,.T.);
#316=ORIENTED_EDGE('',*,*,#524,.T.);
#317=ORIENTED_EDGE('',*,*,#522,.T.);
#318=ORIENTED_EDGE('',*,*,#525,.F.);
#319=ORIENTED_EDGE('',*,*,#502,.F.);
#320=ORIENTED_EDGE('',*,*,#489,.T.);
#321=ORIENTED_EDGE('',*,*,#521,.T.);
#322=ORIENTED_EDGE('',*,*,#520,.F.);
#323=ORIENTED_EDGE('',*,*,#503,.F.);
#324=ORIENTED_EDGE('',*,*,#525,.T.);
#325=ORIENTED_EDGE('',*,*,#511,.T.);
#326=ORIENTED_EDGE('',*,*,#509,.F.);
#327=ORIENTED_EDGE('',*,*,#506,.F.);
#328=ORIENTED_EDGE('',*,*,#518,.T.);
#329=ORIENTED_EDGE('',*,*,#513,.F.);
#330=ORIENTED_EDGE('',*,*,#526,.T.);
#331=ORIENTED_EDGE('',*,*,#524,.F.);
#332=ORIENTED_EDGE('',*,*,#527,.T.);
#333=ORIENTED_EDGE('',*,*,#523,.F.);
#334=ORIENTED_EDGE('',*,*,#484,.T.);
#335=ORIENTED_EDGE('',*,*,#412,.T.);
#336=ORIENTED_EDGE('',*,*,#483,.F.);
#337=ORIENTED_EDGE('',*,*,#446,.F.);
#338=ORIENTED_EDGE('',*,*,#527,.F.);
#339=ORIENTED_EDGE('',*,*,#426,.F.);
#340=ORIENTED_EDGE('',*,*,#430,.T.);
#341=ORIENTED_EDGE('',*,*,#402,.F.);
#342=ORIENTED_EDGE('',*,*,#429,.F.);
#343=ORIENTED_EDGE('',*,*,#510,.F.);
#344=ORIENTED_EDGE('',*,*,#470,.T.);
#345=ORIENTED_EDGE('',*,*,#406,.F.);
#346=ORIENTED_EDGE('',*,*,#468,.F.);
#347=ORIENTED_EDGE('',*,*,#419,.F.);
#348=ORIENTED_EDGE('',*,*,#417,.F.);
#349=ORIENTED_EDGE('',*,*,#448,.F.);
#350=ORIENTED_EDGE('',*,*,#526,.F.);
#351=ORIENTED_EDGE('',*,*,#528,.F.);
#352=ORIENTED_EDGE('',*,*,#500,.T.);
#353=ORIENTED_EDGE('',*,*,#514,.F.);
#354=ORIENTED_EDGE('',*,*,#529,.F.);
#355=ORIENTED_EDGE('',*,*,#530,.F.);
#356=ORIENTED_EDGE('',*,*,#529,.T.);
#357=ORIENTED_EDGE('',*,*,#453,.T.);
#358=ORIENTED_EDGE('',*,*,#531,.T.);
#359=ORIENTED_EDGE('',*,*,#532,.F.);
#360=ORIENTED_EDGE('',*,*,#531,.F.);
#361=ORIENTED_EDGE('',*,*,#452,.F.);
#362=ORIENTED_EDGE('',*,*,#457,.F.);
#363=ORIENTED_EDGE('',*,*,#459,.F.);
#364=ORIENTED_EDGE('',*,*,#463,.F.);
#365=ORIENTED_EDGE('',*,*,#466,.F.);
#366=ORIENTED_EDGE('',*,*,#533,.F.);
#367=ORIENTED_EDGE('',*,*,#418,.T.);
#368=ORIENTED_EDGE('',*,*,#449,.T.);
#369=ORIENTED_EDGE('',*,*,#447,.T.);
#370=ORIENTED_EDGE('',*,*,#445,.T.);
#371=ORIENTED_EDGE('',*,*,#534,.F.);
#372=ORIENTED_EDGE('',*,*,#533,.T.);
#373=ORIENTED_EDGE('',*,*,#465,.F.);
#374=ORIENTED_EDGE('',*,*,#535,.T.);
#375=ORIENTED_EDGE('',*,*,#536,.F.);
#376=ORIENTED_EDGE('',*,*,#535,.F.);
#377=ORIENTED_EDGE('',*,*,#517,.F.);
#378=ORIENTED_EDGE('',*,*,#496,.T.);
#379=ORIENTED_EDGE('',*,*,#528,.T.);
#380=ORIENTED_EDGE('',*,*,#530,.T.);
#381=ORIENTED_EDGE('',*,*,#532,.T.);
#382=ORIENTED_EDGE('',*,*,#534,.T.);
#383=ORIENTED_EDGE('',*,*,#536,.T.);
#384=ORIENTED_EDGE('',*,*,#495,.T.);
#385=ORIENTED_EDGE('',*,*,#491,.T.);
#386=ORIENTED_EDGE('',*,*,#397,.T.);
#387=ORIENTED_EDGE('',*,*,#487,.T.);
#388=ORIENTED_EDGE('',*,*,#501,.T.);
#389=ORIENTED_EDGE('',*,*,#537,.T.);
#390=ORIENTED_EDGE('',*,*,#538,.T.);
#391=ORIENTED_EDGE('',*,*,#415,.F.);
#392=ORIENTED_EDGE('',*,*,#537,.F.);
#393=ORIENTED_EDGE('',*,*,#539,.T.);
#394=ORIENTED_EDGE('',*,*,#538,.F.);
#395=ORIENTED_EDGE('',*,*,#450,.T.);
#396=ORIENTED_EDGE('',*,*,#539,.F.);
#397=EDGE_CURVE('',#540,#541,#640,.F.);
#398=EDGE_CURVE('',#542,#540,#641,.T.);
#399=EDGE_CURVE('',#542,#543,#73,.F.);
#400=EDGE_CURVE('',#543,#544,#642,.T.);
#401=EDGE_CURVE('',#544,#545,#74,.T.);
#402=EDGE_CURVE('',#545,#546,#643,.T.);
#403=EDGE_CURVE('',#546,#547,#75,.T.);
#404=EDGE_CURVE('',#547,#548,#644,.T.);
#405=EDGE_CURVE('',#548,#549,#76,.T.);
#406=EDGE_CURVE('',#549,#550,#645,.T.);
#407=EDGE_CURVE('',#550,#551,#77,.T.);
#408=EDGE_CURVE('',#551,#552,#646,.T.);
#409=EDGE_CURVE('',#552,#553,#78,.F.);
#410=EDGE_CURVE('',#553,#554,#647,.F.);
#411=EDGE_CURVE('',#554,#555,#79,.T.);
#412=EDGE_CURVE('',#556,#555,#648,.F.);
#413=EDGE_CURVE('',#556,#557,#80,.T.);
#414=EDGE_CURVE('',#557,#541,#649,.F.);
#415=EDGE_CURVE('',#558,#558,#81,.F.);
#416=EDGE_CURVE('',#559,#559,#82,.T.);
#417=EDGE_CURVE('',#560,#560,#83,.T.);
#418=EDGE_CURVE('',#561,#561,#19,.T.);
#419=EDGE_CURVE('',#562,#562,#84,.F.);
#420=EDGE_CURVE('',#563,#564,#650,.F.);
#421=EDGE_CURVE('',#565,#564,#651,.T.);
#422=EDGE_CURVE('',#566,#565,#85,.T.);
#423=EDGE_CURVE('',#567,#566,#652,.T.);
#424=EDGE_CURVE('',#567,#568,#653,.F.);
#425=EDGE_CURVE('',#568,#569,#86,.F.);
#426=EDGE_CURVE('',#569,#570,#654,.T.);
#427=EDGE_CURVE('',#570,#563,#87,.F.);
#428=EDGE_CURVE('',#563,#544,#655,.T.);
#429=EDGE_CURVE('',#570,#545,#20,.F.);
#430=EDGE_CURVE('',#569,#546,#21,.T.);
#431=EDGE_CURVE('',#547,#568,#656,.F.);
#432=EDGE_CURVE('',#571,#543,#657,.T.);
#433=EDGE_CURVE('',#572,#571,#658,.T.);
#434=EDGE_CURVE('',#572,#564,#659,.T.);
#435=EDGE_CURVE('',#573,#572,#660,.T.);
#436=EDGE_CURVE('',#573,#565,#661,.T.);
#437=EDGE_CURVE('',#574,#573,#88,.T.);
#438=EDGE_CURVE('',#574,#566,#662,.T.);
#439=EDGE_CURVE('',#575,#574,#663,.T.);
#440=EDGE_CURVE('',#575,#567,#664,.T.);
#441=EDGE_CURVE('',#576,#548,#665,.T.);
#442=EDGE_CURVE('',#577,#575,#666,.T.);
#443=EDGE_CURVE('',#577,#578,#667,.T.);
#444=EDGE_CURVE('',#576,#578,#668,.F.);
#445=EDGE_CURVE('',#579,#579,#22,.T.);
#446=EDGE_CURVE('',#580,#580,#89,.F.);
#447=EDGE_CURVE('',#581,#581,#23,.T.);
#448=EDGE_CURVE('',#582,#582,#90,.F.);
#449=EDGE_CURVE('',#583,#583,#24,.T.);
#450=EDGE_CURVE('',#584,#584,#91,.T.);
#451=EDGE_CURVE('',#585,#586,#25,.F.);
#452=EDGE_CURVE('',#586,#587,#26,.F.);
#453=EDGE_CURVE('',#588,#587,#27,.F.);
#454=EDGE_CURVE('',#588,#585,#28,.F.);
#455=EDGE_CURVE('',#585,#589,#29,.F.);
#456=EDGE_CURVE('',#590,#589,#30,.F.);
#457=EDGE_CURVE('',#590,#586,#31,.F.);
#458=EDGE_CURVE('',#591,#592,#32,.T.);
#459=EDGE_CURVE('',#592,#590,#33,.F.);
#460=EDGE_CURVE('',#589,#591,#34,.F.);
#461=EDGE_CURVE('',#591,#593,#35,.F.);
#462=EDGE_CURVE('',#594,#593,#36,.F.);
#463=EDGE_CURVE('',#594,#592,#37,.F.);
#464=EDGE_CURVE('',#593,#595,#38,.F.);
#465=EDGE_CURVE('',#595,#596,#39,.F.);
#466=EDGE_CURVE('',#596,#594,#40,.F.);
#467=EDGE_CURVE('',#597,#576,#92,.F.);
#468=EDGE_CURVE('',#597,#549,#41,.F.);
#469=EDGE_CURVE('',#551,#598,#669,.F.);
#470=EDGE_CURVE('',#599,#550,#42,.T.);
#471=EDGE_CURVE('',#598,#599,#93,.F.);
#472=EDGE_CURVE('',#600,#598,#670,.F.);
#473=EDGE_CURVE('',#601,#600,#671,.T.);
#474=EDGE_CURVE('',#602,#601,#672,.T.);
#475=EDGE_CURVE('',#602,#552,#673,.T.);
#476=EDGE_CURVE('',#603,#602,#94,.T.);
#477=EDGE_CURVE('',#603,#553,#674,.T.);
#478=EDGE_CURVE('',#604,#554,#675,.T.);
#479=EDGE_CURVE('',#605,#603,#676,.F.);
#480=EDGE_CURVE('',#605,#606,#677,.T.);
#481=EDGE_CURVE('',#604,#606,#678,.F.);
#482=EDGE_CURVE('',#607,#604,#95,.F.);
#483=EDGE_CURVE('',#607,#555,#43,.F.);
#484=EDGE_CURVE('',#608,#556,#44,.T.);
#485=EDGE_CURVE('',#609,#608,#96,.F.);
#486=EDGE_CURVE('',#557,#609,#679,.F.);
#487=EDGE_CURVE('',#541,#610,#680,.F.);
#488=EDGE_CURVE('',#611,#609,#681,.F.);
#489=EDGE_CURVE('',#612,#611,#682,.T.);
#490=EDGE_CURVE('',#610,#612,#683,.F.);
#491=EDGE_CURVE('',#613,#540,#684,.T.);
#492=EDGE_CURVE('',#614,#613,#685,.T.);
#493=EDGE_CURVE('',#614,#542,#686,.T.);
#494=EDGE_CURVE('',#571,#614,#97,.T.);
#495=EDGE_CURVE('',#615,#613,#687,.F.);
#496=EDGE_CURVE('',#616,#615,#688,.T.);
#497=EDGE_CURVE('',#617,#616,#98,.T.);
#498=EDGE_CURVE('',#618,#617,#689,.T.);
#499=EDGE_CURVE('',#619,#618,#99,.T.);
#500=EDGE_CURVE('',#620,#619,#690,.T.);
#501=EDGE_CURVE('',#610,#620,#691,.F.);
#502=EDGE_CURVE('',#612,#621,#692,.T.);
#503=EDGE_CURVE('',#621,#622,#100,.T.);
#504=EDGE_CURVE('',#622,#605,#693,.T.);
#505=EDGE_CURVE('',#601,#623,#694,.T.);
#506=EDGE_CURVE('',#623,#624,#101,.T.);
#507=EDGE_CURVE('',#624,#577,#695,.T.);
#508=EDGE_CURVE('',#625,#578,#696,.T.);
#509=EDGE_CURVE('',#624,#625,#697,.T.);
#510=EDGE_CURVE('',#599,#597,#698,.T.);
#511=EDGE_CURVE('',#626,#625,#102,.T.);
#512=EDGE_CURVE('',#600,#626,#699,.T.);
#513=EDGE_CURVE('',#627,#627,#103,.T.);
#514=EDGE_CURVE('',#588,#619,#700,.F.);
#515=EDGE_CURVE('',#618,#585,#701,.T.);
#516=EDGE_CURVE('',#591,#617,#702,.F.);
#517=EDGE_CURVE('',#616,#595,#703,.T.);
#518=EDGE_CURVE('',#623,#626,#704,.T.);
#519=EDGE_CURVE('',#628,#606,#705,.T.);
#520=EDGE_CURVE('',#622,#628,#706,.T.);
#521=EDGE_CURVE('',#629,#628,#104,.T.);
#522=EDGE_CURVE('',#611,#629,#707,.T.);
#523=EDGE_CURVE('',#608,#607,#708,.T.);
#524=EDGE_CURVE('',#630,#630,#105,.T.);
#525=EDGE_CURVE('',#621,#629,#709,.T.);
#526=EDGE_CURVE('',#631,#631,#106,.T.);
#527=EDGE_CURVE('',#632,#632,#107,.T.);
#528=EDGE_CURVE('',#620,#633,#710,.T.);
#529=EDGE_CURVE('',#633,#588,#45,.F.);
#530=EDGE_CURVE('',#633,#634,#46,.T.);
#531=EDGE_CURVE('',#587,#634,#47,.F.);
#532=EDGE_CURVE('',#634,#635,#711,.T.);
#533=EDGE_CURVE('',#635,#596,#48,.F.);
#534=EDGE_CURVE('',#635,#636,#49,.T.);
#535=EDGE_CURVE('',#595,#636,#50,.F.);
#536=EDGE_CURVE('',#636,#615,#712,.F.);
#537=EDGE_CURVE('',#637,#637,#108,.T.);
#538=EDGE_CURVE('',#638,#638,#109,.F.);
#539=EDGE_CURVE('',#639,#639,#110,.F.);
#540=VERTEX_POINT('',#1398);
#541=VERTEX_POINT('',#1399);
#542=VERTEX_POINT('',#1401);
#543=VERTEX_POINT('',#1403);
#544=VERTEX_POINT('',#1405);
#545=VERTEX_POINT('',#1407);
#546=VERTEX_POINT('',#1409);
#547=VERTEX_POINT('',#1411);
#548=VERTEX_POINT('',#1413);
#549=VERTEX_POINT('',#1415);
#550=VERTEX_POINT('',#1417);
#551=VERTEX_POINT('',#1419);
#552=VERTEX_POINT('',#1421);
#553=VERTEX_POINT('',#1423);
#554=VERTEX_POINT('',#1425);
#555=VERTEX_POINT('',#1427);
#556=VERTEX_POINT('',#1429);
#557=VERTEX_POINT('',#1431);
#558=VERTEX_POINT('',#1434);
#559=VERTEX_POINT('',#1437);
#560=VERTEX_POINT('',#1439);
#561=VERTEX_POINT('',#1468);
#562=VERTEX_POINT('',#1470);
#563=VERTEX_POINT('',#1473);
#564=VERTEX_POINT('',#1474);
#565=VERTEX_POINT('',#1476);
#566=VERTEX_POINT('',#1478);
#567=VERTEX_POINT('',#1480);
#568=VERTEX_POINT('',#1482);
#569=VERTEX_POINT('',#1484);
#570=VERTEX_POINT('',#1486);
#571=VERTEX_POINT('',#1502);
#572=VERTEX_POINT('',#1504);
#573=VERTEX_POINT('',#1508);
#574=VERTEX_POINT('',#1512);
#575=VERTEX_POINT('',#1516);
#576=VERTEX_POINT('',#1520);
#577=VERTEX_POINT('',#1522);
#578=VERTEX_POINT('',#1524);
#579=VERTEX_POINT('',#1554);
#580=VERTEX_POINT('',#1556);
#581=VERTEX_POINT('',#1585);
#582=VERTEX_POINT('',#1587);
#583=VERTEX_POINT('',#1616);
#584=VERTEX_POINT('',#1618);
#585=VERTEX_POINT('',#1667);
#586=VERTEX_POINT('',#1668);
#587=VERTEX_POINT('',#1675);
#588=VERTEX_POINT('',#1681);
#589=VERTEX_POINT('',#1705);
#590=VERTEX_POINT('',#1712);
#591=VERTEX_POINT('',#1732);
#592=VERTEX_POINT('',#1733);
#593=VERTEX_POINT('',#1758);
#594=VERTEX_POINT('',#1765);
#595=VERTEX_POINT('',#1819);
#596=VERTEX_POINT('',#1825);
#597=VERTEX_POINT('',#1834);
#598=VERTEX_POINT('',#1841);
#599=VERTEX_POINT('',#1846);
#600=VERTEX_POINT('',#1850);
#601=VERTEX_POINT('',#1852);
#602=VERTEX_POINT('',#1854);
#603=VERTEX_POINT('',#1858);
#604=VERTEX_POINT('',#1862);
#605=VERTEX_POINT('',#1864);
#606=VERTEX_POINT('',#1866);
#607=VERTEX_POINT('',#1870);
#608=VERTEX_POINT('',#1882);
#609=VERTEX_POINT('',#1884);
#610=VERTEX_POINT('',#1888);
#611=VERTEX_POINT('',#1890);
#612=VERTEX_POINT('',#1892);
#613=VERTEX_POINT('',#1896);
#614=VERTEX_POINT('',#1898);
#615=VERTEX_POINT('',#1904);
#616=VERTEX_POINT('',#1906);
#617=VERTEX_POINT('',#1908);
#618=VERTEX_POINT('',#1910);
#619=VERTEX_POINT('',#1912);
#620=VERTEX_POINT('',#1914);
#621=VERTEX_POINT('',#1917);
#622=VERTEX_POINT('',#1919);
#623=VERTEX_POINT('',#1922);
#624=VERTEX_POINT('',#1924);
#625=VERTEX_POINT('',#1928);
#626=VERTEX_POINT('',#1933);
#627=VERTEX_POINT('',#1936);
#628=VERTEX_POINT('',#1948);
#629=VERTEX_POINT('',#1952);
#630=VERTEX_POINT('',#1956);
#631=VERTEX_POINT('',#1963);
#632=VERTEX_POINT('',#1966);
#633=VERTEX_POINT('',#1975);
#634=VERTEX_POINT('',#1995);
#635=VERTEX_POINT('',#2002);
#636=VERTEX_POINT('',#2022);
#637=VERTEX_POINT('',#2032);
#638=VERTEX_POINT('',#2034);
#639=VERTEX_POINT('',#2038);
#640=LINE('',#1397,#713);
#641=LINE('',#1400,#714);
#642=LINE('',#1404,#715);
#643=LINE('',#1408,#716);
#644=LINE('',#1412,#717);
#645=LINE('',#1416,#718);
#646=LINE('',#1420,#719);
#647=LINE('',#1424,#720);
#648=LINE('',#1428,#721);
#649=LINE('',#1432,#722);
#650=LINE('',#1472,#723);
#651=LINE('',#1475,#724);
#652=LINE('',#1479,#725);
#653=LINE('',#1481,#726);
#654=LINE('',#1485,#727);
#655=LINE('',#1489,#728);
#656=LINE('',#1499,#729);
#657=LINE('',#1501,#730);
#658=LINE('',#1503,#731);
#659=LINE('',#1505,#732);
#660=LINE('',#1507,#733);
#661=LINE('',#1509,#734);
#662=LINE('',#1513,#735);
#663=LINE('',#1515,#736);
#664=LINE('',#1517,#737);
#665=LINE('',#1519,#738);
#666=LINE('',#1521,#739);
#667=LINE('',#1523,#740);
#668=LINE('',#1525,#741);
#669=LINE('',#1840,#742);
#670=LINE('',#1849,#743);
#671=LINE('',#1851,#744);
#672=LINE('',#1853,#745);
#673=LINE('',#1855,#746);
#674=LINE('',#1859,#747);
#675=LINE('',#1861,#748);
#676=LINE('',#1863,#749);
#677=LINE('',#1865,#750);
#678=LINE('',#1867,#751);
#679=LINE('',#1885,#752);
#680=LINE('',#1887,#753);
#681=LINE('',#1889,#754);
#682=LINE('',#1891,#755);
#683=LINE('',#1893,#756);
#684=LINE('',#1895,#757);
#685=LINE('',#1897,#758);
#686=LINE('',#1899,#759);
#687=LINE('',#1903,#760);
#688=LINE('',#1905,#761);
#689=LINE('',#1909,#762);
#690=LINE('',#1913,#763);
#691=LINE('',#1915,#764);
#692=LINE('',#1916,#765);
#693=LINE('',#1920,#766);
#694=LINE('',#1921,#767);
#695=LINE('',#1925,#768);
#696=LINE('',#1927,#769);
#697=LINE('',#1929,#770);
#698=LINE('',#1931,#771);
#699=LINE('',#1934,#772);
#700=LINE('',#1938,#773);
#701=LINE('',#1939,#774);
#702=LINE('',#1941,#775);
#703=LINE('',#1943,#776);
#704=LINE('',#1945,#777);
#705=LINE('',#1947,#778);
#706=LINE('',#1949,#779);
#707=LINE('',#1953,#780);
#708=LINE('',#1954,#781);
#709=LINE('',#1958,#782);
#710=LINE('',#1974,#783);
#711=LINE('',#2001,#784);
#712=LINE('',#2028,#785);
#713=VECTOR('',#1144,1.);
#714=VECTOR('',#1145,1.);
#715=VECTOR('',#1148,1.);
#716=VECTOR('',#1151,1.);
#717=VECTOR('',#1154,1.);
#718=VECTOR('',#1157,1.);
#719=VECTOR('',#1160,1.);
#720=VECTOR('',#1163,1.);
#721=VECTOR('',#1166,1.);
#722=VECTOR('',#1169,1.);
#723=VECTOR('',#1184,1.);
#724=VECTOR('',#1185,1.);
#725=VECTOR('',#1188,1.);
#726=VECTOR('',#1189,1.);
#727=VECTOR('',#1192,1.);
#728=VECTOR('',#1197,1.);
#729=VECTOR('',#1200,1.);
#730=VECTOR('',#1203,1.);
#731=VECTOR('',#1204,1.);
#732=VECTOR('',#1205,1.);
#733=VECTOR('',#1208,1.);
#734=VECTOR('',#1209,1.);
#735=VECTOR('',#1214,1.);
#736=VECTOR('',#1217,1.);
#737=VECTOR('',#1218,1.);
#738=VECTOR('',#1221,1.);
#739=VECTOR('',#1222,1.);
#740=VECTOR('',#1223,1.);
#741=VECTOR('',#1224,1.);
#742=VECTOR('',#1243,1.);
#743=VECTOR('',#1248,1.);
#744=VECTOR('',#1249,1.);
#745=VECTOR('',#1250,1.);
#746=VECTOR('',#1251,1.);
#747=VECTOR('',#1256,1.);
#748=VECTOR('',#1259,1.);
#749=VECTOR('',#1260,1.);
#750=VECTOR('',#1261,1.);
#751=VECTOR('',#1262,1.);
#752=VECTOR('',#1271,1.);
#753=VECTOR('',#1274,1.);
#754=VECTOR('',#1275,1.);
#755=VECTOR('',#1276,1.);
#756=VECTOR('',#1277,1.);
#757=VECTOR('',#1280,1.);
#758=VECTOR('',#1281,1.);
#759=VECTOR('',#1282,1.);
#760=VECTOR('',#1289,1.);
#761=VECTOR('',#1290,1.);
#762=VECTOR('',#1293,1.);
#763=VECTOR('',#1296,1.);
#764=VECTOR('',#1297,1.);
#765=VECTOR('',#1298,1.);
#766=VECTOR('',#1301,1.);
#767=VECTOR('',#1302,1.);
#768=VECTOR('',#1305,1.);
#769=VECTOR('',#1308,1.);
#770=VECTOR('',#1309,1.);
#771=VECTOR('',#1312,1.);
#772=VECTOR('',#1315,1.);
#773=VECTOR('',#1320,1.);
#774=VECTOR('',#1321,1.);
#775=VECTOR('',#1324,1.);
#776=VECTOR('',#1327,1.);
#777=VECTOR('',#1330,1.);
#778=VECTOR('',#1333,1.);
#779=VECTOR('',#1334,1.);
#780=VECTOR('',#1339,1.);
#781=VECTOR('',#1340,1.);
#782=VECTOR('',#1345,1.);
#783=VECTOR('',#1372,1.);
#784=VECTOR('',#1375,1.);
#785=VECTOR('',#1378,1.);
#786=EDGE_LOOP('',(#111,#112,#113,#114,#115,#116,#117,#118,#119,#120,#121,
#122,#123,#124,#125,#126,#127,#128));
#787=EDGE_LOOP('',(#129));
#788=EDGE_LOOP('',(#130));
#789=EDGE_LOOP('',(#131));
#790=EDGE_LOOP('',(#132));
#791=EDGE_LOOP('',(#133));
#792=EDGE_LOOP('',(#134,#135,#136,#137,#138,#139,#140,#141));
#793=EDGE_LOOP('',(#142));
#794=EDGE_LOOP('',(#143,#144,#145,#146));
#795=EDGE_LOOP('',(#147,#148,#149,#150));
#796=EDGE_LOOP('',(#151,#152,#153,#154,#155,#156));
#797=EDGE_LOOP('',(#157,#158,#159,#160));
#798=EDGE_LOOP('',(#161,#162,#163,#164));
#799=EDGE_LOOP('',(#165,#166,#167,#168));
#800=EDGE_LOOP('',(#169,#170,#171,#172,#173,#174,#175,#176));
#801=EDGE_LOOP('',(#177));
#802=EDGE_LOOP('',(#178));
#803=EDGE_LOOP('',(#179));
#804=EDGE_LOOP('',(#180));
#805=EDGE_LOOP('',(#181));
#806=EDGE_LOOP('',(#182));
#807=EDGE_LOOP('',(#183,#184,#185,#186));
#808=EDGE_LOOP('',(#187,#188,#189,#190));
#809=EDGE_LOOP('',(#191,#192,#193,#194));
#810=EDGE_LOOP('',(#195,#196,#197,#198));
#811=EDGE_LOOP('',(#199,#200,#201,#202));
#812=EDGE_LOOP('',(#203,#204,#205,#206));
#813=EDGE_LOOP('',(#207,#208,#209,#210));
#814=EDGE_LOOP('',(#211,#212,#213,#214,#215,#216));
#815=EDGE_LOOP('',(#217,#218,#219,#220));
#816=EDGE_LOOP('',(#221,#222,#223,#224,#225,#226));
#817=EDGE_LOOP('',(#227,#228,#229,#230));
#818=EDGE_LOOP('',(#231,#232,#233,#234));
#819=EDGE_LOOP('',(#235,#236,#237,#238,#239,#240));
#820=EDGE_LOOP('',(#241,#242,#243,#244));
#821=EDGE_LOOP('',(#245,#246,#247,#248));
#822=EDGE_LOOP('',(#249,#250,#251,#252,#253,#254,#255,#256,#257,#258,#259,
#260,#261,#262,#263,#264,#265,#266,#267,#268,#269,#270,#271,#272));
#823=EDGE_LOOP('',(#273,#274,#275,#276));
#824=EDGE_LOOP('',(#277,#278,#279,#280,#281,#282,#283,#284));
#825=EDGE_LOOP('',(#285));
#826=EDGE_LOOP('',(#286,#287,#288,#289));
#827=EDGE_LOOP('',(#290,#291,#292,#293,#294));
#828=EDGE_LOOP('',(#295,#296,#297,#298,#299));
#829=EDGE_LOOP('',(#300,#301,#302,#303));
#830=EDGE_LOOP('',(#304,#305,#306,#307));
#831=EDGE_LOOP('',(#308,#309,#310,#311,#312,#313,#314,#315));
#832=EDGE_LOOP('',(#316));
#833=EDGE_LOOP('',(#317,#318,#319,#320));
#834=EDGE_LOOP('',(#321,#322,#323,#324));
#835=EDGE_LOOP('',(#325,#326,#327,#328));
#836=EDGE_LOOP('',(#329));
#837=EDGE_LOOP('',(#330));
#838=EDGE_LOOP('',(#331));
#839=EDGE_LOOP('',(#332));
#840=EDGE_LOOP('',(#333,#334,#335,#336));
#841=EDGE_LOOP('',(#337));
#842=EDGE_LOOP('',(#338));
#843=EDGE_LOOP('',(#339,#340,#341,#342));
#844=EDGE_LOOP('',(#343,#344,#345,#346));
#845=EDGE_LOOP('',(#347));
#846=EDGE_LOOP('',(#348));
#847=EDGE_LOOP('',(#349));
#848=EDGE_LOOP('',(#350));
#849=EDGE_LOOP('',(#351,#352,#353,#354));
#850=EDGE_LOOP('',(#355,#356,#357,#358));
#851=EDGE_LOOP('',(#359,#360,#361,#362,#363,#364,#365,#366));
#852=EDGE_LOOP('',(#367));
#853=EDGE_LOOP('',(#368));
#854=EDGE_LOOP('',(#369));
#855=EDGE_LOOP('',(#370));
#856=EDGE_LOOP('',(#371,#372,#373,#374));
#857=EDGE_LOOP('',(#375,#376,#377,#378));
#858=EDGE_LOOP('',(#379,#380,#381,#382,#383,#384,#385,#386,#387,#388));
#859=EDGE_LOOP('',(#389));
#860=EDGE_LOOP('',(#390));
#861=EDGE_LOOP('',(#391));
#862=EDGE_LOOP('',(#392));
#863=EDGE_LOOP('',(#393));
#864=EDGE_LOOP('',(#394));
#865=EDGE_LOOP('',(#395));
#866=EDGE_LOOP('',(#396));
#867=FACE_BOUND('',#786,.T.);
#868=FACE_BOUND('',#787,.T.);
#869=FACE_BOUND('',#788,.T.);
#870=FACE_BOUND('',#789,.T.);
#871=FACE_BOUND('',#790,.T.);
#872=FACE_BOUND('',#791,.T.);
#873=FACE_BOUND('',#792,.T.);
#874=FACE_BOUND('',#793,.T.);
#875=FACE_BOUND('',#794,.T.);
#876=FACE_BOUND('',#795,.T.);
#877=FACE_BOUND('',#796,.T.);
#878=FACE_BOUND('',#797,.T.);
#879=FACE_BOUND('',#798,.T.);
#880=FACE_BOUND('',#799,.T.);
#881=FACE_BOUND('',#800,.T.);
#882=FACE_BOUND('',#801,.T.);
#883=FACE_BOUND('',#802,.T.);
#884=FACE_BOUND('',#803,.T.);
#885=FACE_BOUND('',#804,.T.);
#886=FACE_BOUND('',#805,.T.);
#887=FACE_BOUND('',#806,.T.);
#888=FACE_BOUND('',#807,.T.);
#889=FACE_BOUND('',#808,.T.);
#890=FACE_BOUND('',#809,.T.);
#891=FACE_BOUND('',#810,.T.);
#892=FACE_BOUND('',#811,.T.);
#893=FACE_BOUND('',#812,.T.);
#894=FACE_BOUND('',#813,.T.);
#895=FACE_BOUND('',#814,.T.);
#896=FACE_BOUND('',#815,.T.);
#897=FACE_BOUND('',#816,.T.);
#898=FACE_BOUND('',#817,.T.);
#899=FACE_BOUND('',#818,.T.);
#900=FACE_BOUND('',#819,.T.);
#901=FACE_BOUND('',#820,.T.);
#902=FACE_BOUND('',#821,.T.);
#903=FACE_BOUND('',#822,.T.);
#904=FACE_BOUND('',#823,.T.);
#905=FACE_BOUND('',#824,.T.);
#906=FACE_BOUND('',#825,.T.);
#907=FACE_BOUND('',#826,.T.);
#908=FACE_BOUND('',#827,.T.);
#909=FACE_BOUND('',#828,.T.);
#910=FACE_BOUND('',#829,.T.);
#911=FACE_BOUND('',#830,.T.);
#912=FACE_BOUND('',#831,.T.);
#913=FACE_BOUND('',#832,.T.);
#914=FACE_BOUND('',#833,.T.);
#915=FACE_BOUND('',#834,.T.);
#916=FACE_BOUND('',#835,.T.);
#917=FACE_BOUND('',#836,.T.);
#918=FACE_BOUND('',#837,.T.);
#919=FACE_BOUND('',#838,.T.);
#920=FACE_BOUND('',#839,.T.);
#921=FACE_BOUND('',#840,.T.);
#922=FACE_BOUND('',#841,.T.);
#923=FACE_BOUND('',#842,.T.);
#924=FACE_BOUND('',#843,.T.);
#925=FACE_BOUND('',#844,.T.);
#926=FACE_BOUND('',#845,.T.);
#927=FACE_BOUND('',#846,.T.);
#928=FACE_BOUND('',#847,.T.);
#929=FACE_BOUND('',#848,.T.);
#930=FACE_BOUND('',#849,.T.);
#931=FACE_BOUND('',#850,.T.);
#932=FACE_BOUND('',#851,.T.);
#933=FACE_BOUND('',#852,.T.);
#934=FACE_BOUND('',#853,.T.);
#935=FACE_BOUND('',#854,.T.);
#936=FACE_BOUND('',#855,.T.);
#937=FACE_BOUND('',#856,.T.);
#938=FACE_BOUND('',#857,.T.);
#939=FACE_BOUND('',#858,.T.);
#940=FACE_BOUND('',#859,.T.);
#941=FACE_BOUND('',#860,.T.);
#942=FACE_BOUND('',#861,.T.);
#943=FACE_BOUND('',#862,.T.);
#944=FACE_BOUND('',#863,.T.);
#945=FACE_BOUND('',#864,.T.);
#946=FACE_BOUND('',#865,.T.);
#947=FACE_BOUND('',#866,.T.);
#948=PLANE('',#1050);
#949=PLANE('',#1065);
#950=PLANE('',#1071);
#951=PLANE('',#1072);
#952=PLANE('',#1075);
#953=PLANE('',#1076);
#954=PLANE('',#1087);
#955=PLANE('',#1090);
#956=PLANE('',#1095);
#957=PLANE('',#1096);
#958=PLANE('',#1099);
#959=PLANE('',#1104);
#960=PLANE('',#1105);
#961=PLANE('',#1109);
#962=PLANE('',#1111);
#963=PLANE('',#1112);
#964=PLANE('',#1113);
#965=PLANE('',#1116);
#966=PLANE('',#1123);
#967=PLANE('',#1124);
#968=PLANE('',#1125);
#969=PLANE('',#1126);
#970=PLANE('',#1127);
#971=PLANE('',#1128);
#972=PLANE('',#1129);
#973=PLANE('',#1130);
#974=PLANE('',#1131);
#975=PLANE('',#1132);
#976=PLANE('',#1133);
#977=PLANE('',#1139);
#978=ADVANCED_FACE('',(#867,#868),#948,.T.);
#979=ADVANCED_FACE('',(#869,#870),#51,.F.);
#980=ADVANCED_FACE('',(#871,#872),#52,.F.);
#981=ADVANCED_FACE('',(#873,#874),#949,.F.);
#982=ADVANCED_FACE('',(#875),#53,.T.);
#983=ADVANCED_FACE('',(#876),#54,.T.);
#984=ADVANCED_FACE('',(#877),#950,.F.);
#985=ADVANCED_FACE('',(#878),#951,.F.);
#986=ADVANCED_FACE('',(#879),#55,.F.);
#987=ADVANCED_FACE('',(#880),#952,.F.);
#988=ADVANCED_FACE('',(#881),#953,.F.);
#989=ADVANCED_FACE('',(#882,#883),#56,.F.);
#990=ADVANCED_FACE('',(#884,#885),#57,.F.);
#991=ADVANCED_FACE('',(#886,#887),#58,.F.);
#992=ADVANCED_FACE('',(#888),#12,.T.);
#993=ADVANCED_FACE('',(#889),#13,.T.);
#994=ADVANCED_FACE('',(#890),#14,.T.);
#995=ADVANCED_FACE('',(#891),#15,.T.);
#996=ADVANCED_FACE('',(#892),#16,.T.);
#997=ADVANCED_FACE('',(#893),#59,.T.);
#998=ADVANCED_FACE('',(#894),#60,.T.);
#999=ADVANCED_FACE('',(#895),#954,.F.);
#1000=ADVANCED_FACE('',(#896),#61,.F.);
#1001=ADVANCED_FACE('',(#897),#955,.F.);
#1002=ADVANCED_FACE('',(#898),#62,.T.);
#1003=ADVANCED_FACE('',(#899),#63,.T.);
#1004=ADVANCED_FACE('',(#900),#956,.F.);
#1005=ADVANCED_FACE('',(#901),#957,.F.);
#1006=ADVANCED_FACE('',(#902),#64,.F.);
#1007=ADVANCED_FACE('',(#903),#958,.T.);
#1008=ADVANCED_FACE('',(#904),#959,.F.);
#1009=ADVANCED_FACE('',(#905,#906),#960,.F.);
#1010=ADVANCED_FACE('',(#907),#65,.T.);
#1011=ADVANCED_FACE('',(#908),#961,.T.);
#1012=ADVANCED_FACE('',(#909),#66,.T.);
#1013=ADVANCED_FACE('',(#910),#962,.F.);
#1014=ADVANCED_FACE('',(#911),#963,.F.);
#1015=ADVANCED_FACE('',(#912,#913),#964,.F.);
#1016=ADVANCED_FACE('',(#914),#965,.F.);
#1017=ADVANCED_FACE('',(#915),#67,.F.);
#1018=ADVANCED_FACE('',(#916),#68,.F.);
#1019=ADVANCED_FACE('',(#917,#918),#69,.F.);
#1020=ADVANCED_FACE('',(#919,#920),#70,.F.);
#1021=ADVANCED_FACE('',(#921),#966,.T.);
#1022=ADVANCED_FACE('',(#922,#923),#967,.F.);
#1023=ADVANCED_FACE('',(#924),#968,.T.);
#1024=ADVANCED_FACE('',(#925),#969,.T.);
#1025=ADVANCED_FACE('',(#926,#927),#970,.F.);
#1026=ADVANCED_FACE('',(#928,#929),#971,.F.);
#1027=ADVANCED_FACE('',(#930),#972,.T.);
#1028=ADVANCED_FACE('',(#931),#17,.T.);
#1029=ADVANCED_FACE('',(#932,#933,#934,#935,#936),#973,.F.);
#1030=ADVANCED_FACE('',(#937),#18,.T.);
#1031=ADVANCED_FACE('',(#938),#974,.T.);
#1032=ADVANCED_FACE('',(#939),#975,.T.);
#1033=ADVANCED_FACE('',(#940,#941),#976,.F.);
#1034=ADVANCED_FACE('',(#942,#943),#71,.T.);
#1035=ADVANCED_FACE('',(#944,#945),#72,.F.);
#1036=ADVANCED_FACE('',(#946,#947),#977,.F.);
#1037=CLOSED_SHELL('',(#978,#979,#980,#981,#982,#983,#984,#985,#986,#987,
#988,#989,#990,#991,#992,#993,#994,#995,#996,#997,#998,#999,#1000,#1001,
#1002,#1003,#1004,#1005,#1006,#1007,#1008,#1009,#1010,#1011,#1012,#1013,
#1014,#1015,#1016,#1017,#1018,#1019,#1020,#1021,#1022,#1023,#1024,#1025,
#1026,#1027,#1028,#1029,#1030,#1031,#1032,#1033,#1034,#1035,#1036));
#1038=STYLED_ITEM('',(#1039),#1046);
#1039=PRESENTATION_STYLE_ASSIGNMENT((#1040));
#1040=SURFACE_STYLE_USAGE(.BOTH.,#1041);
#1041=SURFACE_SIDE_STYLE('',(#1042));
#1042=SURFACE_STYLE_FILL_AREA(#1043);
#1043=FILL_AREA_STYLE('',(#1044));
#1044=FILL_AREA_STYLE_COLOUR('',#1045);
#1045=COLOUR_RGB('',0.541176470588235,0.396078431372549,0.27843137254902);
#1046=MANIFOLD_SOLID_BREP('bottom shell left hald:1__Body1',#1037);
#1047=SHAPE_DEFINITION_REPRESENTATION(#2046,#1048);
#1048=SHAPE_REPRESENTATION('bottom shell left hald:1__Body1',(#1049),#2041);
#1049=AXIS2_PLACEMENT_3D('',#1395,#1140,#1141);
#1050=AXIS2_PLACEMENT_3D('',#1396,#1142,#1143);
#1051=AXIS2_PLACEMENT_3D('',#1402,#1146,#1147);
#1052=AXIS2_PLACEMENT_3D('',#1406,#1149,#1150);
#1053=AXIS2_PLACEMENT_3D('',#1410,#1152,#1153);
#1054=AXIS2_PLACEMENT_3D('',#1414,#1155,#1156);
#1055=AXIS2_PLACEMENT_3D('',#1418,#1158,#1159);
#1056=AXIS2_PLACEMENT_3D('',#1422,#1161,#1162);
#1057=AXIS2_PLACEMENT_3D('',#1426,#1164,#1165);
#1058=AXIS2_PLACEMENT_3D('',#1430,#1167,#1168);
#1059=AXIS2_PLACEMENT_3D('',#1433,#1170,#1171);
#1060=AXIS2_PLACEMENT_3D('',#1435,#1172,#1173);
#1061=AXIS2_PLACEMENT_3D('',#1436,#1174,#1175);
#1062=AXIS2_PLACEMENT_3D('',#1438,#1176,#1177);
#1063=AXIS2_PLACEMENT_3D('',#1440,#1178,#1179);
#1064=AXIS2_PLACEMENT_3D('',#1469,#1180,#1181);
#1065=AXIS2_PLACEMENT_3D('',#1471,#1182,#1183);
#1066=AXIS2_PLACEMENT_3D('',#1477,#1186,#1187);
#1067=AXIS2_PLACEMENT_3D('',#1483,#1190,#1191);
#1068=AXIS2_PLACEMENT_3D('',#1487,#1193,#1194);
#1069=AXIS2_PLACEMENT_3D('',#1488,#1195,#1196);
#1070=AXIS2_PLACEMENT_3D('',#1494,#1198,#1199);
#1071=AXIS2_PLACEMENT_3D('',#1500,#1201,#1202);
#1072=AXIS2_PLACEMENT_3D('',#1506,#1206,#1207);
#1073=AXIS2_PLACEMENT_3D('',#1510,#1210,#1211);
#1074=AXIS2_PLACEMENT_3D('',#1511,#1212,#1213);
#1075=AXIS2_PLACEMENT_3D('',#1514,#1215,#1216);
#1076=AXIS2_PLACEMENT_3D('',#1518,#1219,#1220);
#1077=AXIS2_PLACEMENT_3D('',#1526,#1225,#1226);
#1078=AXIS2_PLACEMENT_3D('',#1555,#1227,#1228);
#1079=AXIS2_PLACEMENT_3D('',#1557,#1229,#1230);
#1080=AXIS2_PLACEMENT_3D('',#1586,#1231,#1232);
#1081=AXIS2_PLACEMENT_3D('',#1588,#1233,#1234);
#1082=AXIS2_PLACEMENT_3D('',#1617,#1235,#1236);
#1083=AXIS2_PLACEMENT_3D('',#1832,#1237,#1238);
#1084=AXIS2_PLACEMENT_3D('',#1833,#1239,#1240);
#1085=AXIS2_PLACEMENT_3D('',#1839,#1241,#1242);
#1086=AXIS2_PLACEMENT_3D('',#1847,#1244,#1245);
#1087=AXIS2_PLACEMENT_3D('',#1848,#1246,#1247);
#1088=AXIS2_PLACEMENT_3D('',#1856,#1252,#1253);
#1089=AXIS2_PLACEMENT_3D('',#1857,#1254,#1255);
#1090=AXIS2_PLACEMENT_3D('',#1860,#1257,#1258);
#1091=AXIS2_PLACEMENT_3D('',#1868,#1263,#1264);
#1092=AXIS2_PLACEMENT_3D('',#1869,#1265,#1266);
#1093=AXIS2_PLACEMENT_3D('',#1876,#1267,#1268);
#1094=AXIS2_PLACEMENT_3D('',#1883,#1269,#1270);
#1095=AXIS2_PLACEMENT_3D('',#1886,#1272,#1273);
#1096=AXIS2_PLACEMENT_3D('',#1894,#1278,#1279);
#1097=AXIS2_PLACEMENT_3D('',#1900,#1283,#1284);
#1098=AXIS2_PLACEMENT_3D('',#1901,#1285,#1286);
#1099=AXIS2_PLACEMENT_3D('',#1902,#1287,#1288);
#1100=AXIS2_PLACEMENT_3D('',#1907,#1291,#1292);
#1101=AXIS2_PLACEMENT_3D('',#1911,#1294,#1295);
#1102=AXIS2_PLACEMENT_3D('',#1918,#1299,#1300);
#1103=AXIS2_PLACEMENT_3D('',#1923,#1303,#1304);
#1104=AXIS2_PLACEMENT_3D('',#1926,#1306,#1307);
#1105=AXIS2_PLACEMENT_3D('',#1930,#1310,#1311);
#1106=AXIS2_PLACEMENT_3D('',#1932,#1313,#1314);
#1107=AXIS2_PLACEMENT_3D('',#1935,#1316,#1317);
#1108=AXIS2_PLACEMENT_3D('',#1937,#1318,#1319);
#1109=AXIS2_PLACEMENT_3D('',#1940,#1322,#1323);
#1110=AXIS2_PLACEMENT_3D('',#1942,#1325,#1326);
#1111=AXIS2_PLACEMENT_3D('',#1944,#1328,#1329);
#1112=AXIS2_PLACEMENT_3D('',#1946,#1331,#1332);
#1113=AXIS2_PLACEMENT_3D('',#1950,#1335,#1336);
#1114=AXIS2_PLACEMENT_3D('',#1951,#1337,#1338);
#1115=AXIS2_PLACEMENT_3D('',#1955,#1341,#1342);
#1116=AXIS2_PLACEMENT_3D('',#1957,#1343,#1344);
#1117=AXIS2_PLACEMENT_3D('',#1959,#1346,#1347);
#1118=AXIS2_PLACEMENT_3D('',#1960,#1348,#1349);
#1119=AXIS2_PLACEMENT_3D('',#1961,#1350,#1351);
#1120=AXIS2_PLACEMENT_3D('',#1962,#1352,#1353);
#1121=AXIS2_PLACEMENT_3D('',#1964,#1354,#1355);
#1122=AXIS2_PLACEMENT_3D('',#1965,#1356,#1357);
#1123=AXIS2_PLACEMENT_3D('',#1967,#1358,#1359);
#1124=AXIS2_PLACEMENT_3D('',#1968,#1360,#1361);
#1125=AXIS2_PLACEMENT_3D('',#1969,#1362,#1363);
#1126=AXIS2_PLACEMENT_3D('',#1970,#1364,#1365);
#1127=AXIS2_PLACEMENT_3D('',#1971,#1366,#1367);
#1128=AXIS2_PLACEMENT_3D('',#1972,#1368,#1369);
#1129=AXIS2_PLACEMENT_3D('',#1973,#1370,#1371);
#1130=AXIS2_PLACEMENT_3D('',#2000,#1373,#1374);
#1131=AXIS2_PLACEMENT_3D('',#2027,#1376,#1377);
#1132=AXIS2_PLACEMENT_3D('',#2029,#1379,#1380);
#1133=AXIS2_PLACEMENT_3D('',#2030,#1381,#1382);
#1134=AXIS2_PLACEMENT_3D('',#2031,#1383,#1384);
#1135=AXIS2_PLACEMENT_3D('',#2033,#1385,#1386);
#1136=AXIS2_PLACEMENT_3D('',#2035,#1387,#1388);
#1137=AXIS2_PLACEMENT_3D('',#2036,#1389,#1390);
#1138=AXIS2_PLACEMENT_3D('',#2037,#1391,#1392);
#1139=AXIS2_PLACEMENT_3D('',#2039,#1393,#1394);
#1140=DIRECTION('',(0.,0.,1.));
#1141=DIRECTION('',(1.,0.,0.));
#1142=DIRECTION('',(0.,0.,1.));
#1143=DIRECTION('',(-1.,0.,0.));
#1144=DIRECTION('',(-1.0478046094109E-16,1.,-6.41595280523451E-33));
#1145=DIRECTION('',(1.,0.,0.));
#1146=DIRECTION('',(0.,0.,-1.));
#1147=DIRECTION('',(-1.,0.,0.));
#1148=DIRECTION('',(0.,-1.,0.));
#1149=DIRECTION('',(0.,0.,-1.));
#1150=DIRECTION('',(-1.,0.,0.));
#1151=DIRECTION('',(0.,-1.,0.));
#1152=DIRECTION('',(0.,0.,-1.));
#1153=DIRECTION('',(-1.,0.,0.));
#1154=DIRECTION('',(0.,-1.,0.));
#1155=DIRECTION('',(0.,0.,-1.));
#1156=DIRECTION('',(-1.,0.,0.));
#1157=DIRECTION('',(0.,-1.,0.));
#1158=DIRECTION('',(0.,0.,-1.));
#1159=DIRECTION('',(-1.,0.,0.));
#1160=DIRECTION('',(0.,-1.,0.));
#1161=DIRECTION('',(0.,0.,-1.));
#1162=DIRECTION('',(-1.,0.,0.));
#1163=DIRECTION('',(-1.,0.,0.));
#1164=DIRECTION('',(0.,0.,-1.));
#1165=DIRECTION('',(-1.,0.,0.));
#1166=DIRECTION('',(1.,0.,0.));
#1167=DIRECTION('',(0.,0.,-1.));
#1168=DIRECTION('',(-1.,0.,0.));
#1169=DIRECTION('',(-1.,0.,0.));
#1170=DIRECTION('',(0.,0.,1.));
#1171=DIRECTION('',(1.,0.,0.));
#1172=DIRECTION('',(0.,0.,-1.));
#1173=DIRECTION('',(-1.,0.,0.));
#1174=DIRECTION('',(0.,0.,-1.));
#1175=DIRECTION('',(-1.,0.,0.));
#1176=DIRECTION('',(0.,0.,-1.));
#1177=DIRECTION('',(-1.,0.,0.));
#1178=DIRECTION('',(0.,0.,-1.));
#1179=DIRECTION('',(1.,0.,0.));
#1180=DIRECTION('',(0.,0.,-1.));
#1181=DIRECTION('',(-1.,0.,0.));
#1182=DIRECTION('',(0.,0.,-1.));
#1183=DIRECTION('',(-1.,0.,0.));
#1184=DIRECTION('',(0.,1.,0.));
#1185=DIRECTION('',(0.866025403784474,0.499999999999939,0.));
#1186=DIRECTION('',(0.,0.,-1.));
#1187=DIRECTION('',(-1.,0.,0.));
#1188=DIRECTION('',(-0.866025403784474,0.49999999999994,0.));
#1189=DIRECTION('',(0.,1.,0.));
#1190=DIRECTION('',(0.,0.,-1.));
#1191=DIRECTION('',(-1.,0.,0.));
#1192=DIRECTION('',(0.,1.,0.));
#1193=DIRECTION('',(0.,0.,-1.));
#1194=DIRECTION('',(-1.,0.,0.));
#1195=DIRECTION('',(0.,0.,-1.));
#1196=DIRECTION('',(-1.,0.,0.));
#1197=DIRECTION('',(0.,0.,-1.));
#1198=DIRECTION('',(0.,0.,-1.));
#1199=DIRECTION('',(-1.,0.,0.));
#1200=DIRECTION('',(0.,0.,-1.));
#1201=DIRECTION('',(-1.,-1.59243926942257E-16,0.));
#1202=DIRECTION('',(-1.59243926942257E-16,1.,0.));
#1203=DIRECTION('',(0.,0.,-1.));
#1204=DIRECTION('',(0.,1.,0.));
#1205=DIRECTION('',(0.,0.,-1.));
#1206=DIRECTION('',(-0.499999999999939,0.866025403784474,0.));
#1207=DIRECTION('',(0.866025403784474,0.499999999999939,0.));
#1208=DIRECTION('',(0.866025403784477,0.499999999999933,0.));
#1209=DIRECTION('',(0.,0.,-1.));
#1210=DIRECTION('',(0.,0.,-1.));
#1211=DIRECTION('',(-0.5,0.866025403784437,0.));
#1212=DIRECTION('',(0.,0.,-1.));
#1213=DIRECTION('',(-1.,0.,0.));
#1214=DIRECTION('',(0.,0.,-1.));
#1215=DIRECTION('',(-0.49999999999994,-0.866025403784474,0.));
#1216=DIRECTION('',(-0.866025403784474,0.49999999999994,0.));
#1217=DIRECTION('',(-0.866025403784479,0.49999999999993,0.));
#1218=DIRECTION('',(0.,0.,-1.));
#1219=DIRECTION('',(-1.,-1.59243926942257E-16,0.));
#1220=DIRECTION('',(-1.59243926942257E-16,1.,0.));
#1221=DIRECTION('',(0.,0.,-1.));
#1222=DIRECTION('',(0.,1.,0.));
#1223=DIRECTION('',(0.,0.,-1.));
#1224=DIRECTION('',(0.,1.,0.));
#1225=DIRECTION('',(0.,0.,-1.));
#1226=DIRECTION('',(1.,0.,0.));
#1227=DIRECTION('',(0.,0.,-1.));
#1228=DIRECTION('',(-1.,0.,0.));
#1229=DIRECTION('',(0.,0.,-1.));
#1230=DIRECTION('',(1.,0.,0.));
#1231=DIRECTION('',(0.,0.,-1.));
#1232=DIRECTION('',(-1.,0.,0.));
#1233=DIRECTION('',(0.,0.,-1.));
#1234=DIRECTION('',(1.,0.,0.));
#1235=DIRECTION('',(0.,0.,-1.));
#1236=DIRECTION('',(-1.,0.,0.));
#1237=DIRECTION('',(0.,0.,-1.));
#1238=DIRECTION('',(-1.,0.,0.));
#1239=DIRECTION('',(0.,0.,-1.));
#1240=DIRECTION('',(-1.,0.,0.));
#1241=DIRECTION('',(0.,0.,-1.));
#1242=DIRECTION('',(-1.,0.,0.));
#1243=DIRECTION('',(0.,0.,-1.));
#1244=DIRECTION('',(0.,0.,-1.));
#1245=DIRECTION('',(-1.,0.,0.));
#1246=DIRECTION('',(-1.,-1.59243926942257E-16,0.));
#1247=DIRECTION('',(-1.59243926942257E-16,1.,0.));
#1248=DIRECTION('',(0.,1.,0.));
#1249=DIRECTION('',(0.,0.,-1.));
#1250=DIRECTION('',(0.,1.,0.));
#1251=DIRECTION('',(0.,0.,-1.));
#1252=DIRECTION('',(0.,0.,-1.));
#1253=DIRECTION('',(-1.,0.,0.));
#1254=DIRECTION('',(0.,0.,-1.));
#1255=DIRECTION('',(-1.,0.,0.));
#1256=DIRECTION('',(0.,0.,-1.));
#1257=DIRECTION('',(0.,-1.,0.));
#1258=DIRECTION('',(-1.,0.,0.));
#1259=DIRECTION('',(0.,0.,-1.));
#1260=DIRECTION('',(1.,0.,0.));
#1261=DIRECTION('',(0.,0.,-1.));
#1262=DIRECTION('',(-1.,0.,0.));
#1263=DIRECTION('',(0.,0.,-1.));
#1264=DIRECTION('',(-1.,0.,0.));
#1265=DIRECTION('',(0.,0.,-1.));
#1266=DIRECTION('',(-1.,0.,0.));
#1267=DIRECTION('',(0.,0.,-1.));
#1268=DIRECTION('',(-1.,0.,0.));
#1269=DIRECTION('',(0.,0.,-1.));
#1270=DIRECTION('',(-1.,0.,0.));
#1271=DIRECTION('',(0.,0.,-1.));
#1272=DIRECTION('',(0.,-1.,0.));
#1273=DIRECTION('',(-1.,0.,0.));
#1274=DIRECTION('',(6.12323399573677E-17,0.,-1.));
#1275=DIRECTION('',(-1.,0.,0.));
#1276=DIRECTION('',(0.,0.,-1.));
#1277=DIRECTION('',(1.,0.,0.));
#1278=DIRECTION('',(0.,1.,0.));
#1279=DIRECTION('',(1.,0.,0.));
#1280=DIRECTION('',(6.12323399573677E-17,0.,-1.));
#1281=DIRECTION('',(1.,0.,0.));
#1282=DIRECTION('',(0.,0.,-1.));
#1283=DIRECTION('',(0.,0.,-1.));
#1284=DIRECTION('',(-1.7669331956899E-15,1.,0.));
#1285=DIRECTION('',(0.,0.,-1.));
#1286=DIRECTION('',(-1.,0.,0.));
#1287=DIRECTION('',(0.,0.,1.));
#1288=DIRECTION('',(1.,0.,0.));
#1289=DIRECTION('',(-1.0478046094109E-16,1.,-6.41595280523451E-33));
#1290=DIRECTION('',(1.,0.,0.));
#1291=DIRECTION('',(0.,0.,-1.));
#1292=DIRECTION('',(-1.,0.,0.));
#1293=DIRECTION('',(0.,1.,0.));
#1294=DIRECTION('',(0.,0.,-1.));
#1295=DIRECTION('',(-1.,0.,0.));
#1296=DIRECTION('',(-1.,-4.92311080150837E-17,0.));
#1297=DIRECTION('',(-1.0478046094109E-16,1.,-6.41595280523451E-33));
#1298=DIRECTION('',(-0.499999999999984,-0.866025403784448,0.));
#1299=DIRECTION('',(0.,0.,-1.));
#1300=DIRECTION('',(-1.,0.,0.));
#1301=DIRECTION('',(-0.49999999999999,0.866025403784444,0.));
#1302=DIRECTION('',(-0.866025403784488,0.499999999999915,0.));
#1303=DIRECTION('',(0.,0.,-1.));
#1304=DIRECTION('',(-1.,0.,0.));
#1305=DIRECTION('',(0.866025403784508,0.499999999999879,0.));
#1306=DIRECTION('',(-0.499999999999941,0.866025403784473,0.));
#1307=DIRECTION('',(0.866025403784473,0.499999999999941,0.));
#1308=DIRECTION('',(0.866025403784473,0.499999999999941,0.));
#1309=DIRECTION('',(0.,0.,-1.));
#1310=DIRECTION('',(0.,0.,-1.));
#1311=DIRECTION('',(-1.,0.,0.));
#1312=DIRECTION('',(0.,1.,0.));
#1313=DIRECTION('',(0.,0.,-1.));
#1314=DIRECTION('',(-1.,0.,0.));
#1315=DIRECTION('',(-0.866025403784475,0.499999999999938,0.));
#1316=DIRECTION('',(0.,0.,-1.));
#1317=DIRECTION('',(-1.,0.,0.));
#1318=DIRECTION('',(0.,0.,-1.));
#1319=DIRECTION('',(-0.707106781186549,-0.707106781186546,0.));
#1320=DIRECTION('',(0.,0.,-1.));
#1321=DIRECTION('',(0.,0.,-1.));
#1322=DIRECTION('',(-1.,0.,0.));
#1323=DIRECTION('',(0.,1.,0.));
#1324=DIRECTION('',(0.,0.,-1.));
#1325=DIRECTION('',(0.,0.,-1.));
#1326=DIRECTION('',(-0.707106781186548,0.707106781186548,0.));
#1327=DIRECTION('',(0.,0.,-1.));
#1328=DIRECTION('',(-0.499999999999938,-0.866025403784475,0.));
#1329=DIRECTION('',(-0.866025403784475,0.499999999999938,0.));
#1330=DIRECTION('',(0.,0.,-1.));
#1331=DIRECTION('',(-0.866025403784436,-0.5,0.));
#1332=DIRECTION('',(-0.5,0.866025403784436,0.));
#1333=DIRECTION('',(-0.5,0.866025403784436,0.));
#1334=DIRECTION('',(0.,0.,-1.));
#1335=DIRECTION('',(0.,0.,-1.));
#1336=DIRECTION('',(-1.,0.,0.));
#1337=DIRECTION('',(0.,0.,-1.));
#1338=DIRECTION('',(-1.,0.,0.));
#1339=DIRECTION('',(-0.5,-0.866025403784439,0.));
#1340=DIRECTION('',(-1.,0.,0.));
#1341=DIRECTION('',(0.,0.,-1.));
#1342=DIRECTION('',(-1.,0.,0.));
#1343=DIRECTION('',(0.866025403784439,-0.5,0.));
#1344=DIRECTION('',(-0.5,-0.866025403784439,0.));
#1345=DIRECTION('',(0.,0.,-1.));
#1346=DIRECTION('',(0.,0.,-1.));
#1347=DIRECTION('',(-0.866025403784438,-0.5,0.));
#1348=DIRECTION('',(0.,0.,-1.));
#1349=DIRECTION('',(-0.500000000000006,0.866025403784435,0.));
#1350=DIRECTION('',(0.,0.,-1.));
#1351=DIRECTION('',(-1.,0.,0.));
#1352=DIRECTION('',(0.,0.,-1.));
#1353=DIRECTION('',(-1.,0.,0.));
#1354=DIRECTION('',(0.,0.,-1.));
#1355=DIRECTION('',(-1.,0.,0.));
#1356=DIRECTION('',(0.,0.,-1.));
#1357=DIRECTION('',(-1.,0.,0.));
#1358=DIRECTION('',(0.,0.980063650882964,0.198683769387324));
#1359=DIRECTION('',(1.,0.,0.));
#1360=DIRECTION('',(0.,0.,1.));
#1361=DIRECTION('',(1.,0.,0.));
#1362=DIRECTION('',(0.978147600733806,1.06886022422886E-17,0.207911690817759));
#1363=DIRECTION('',(1.0927391974657E-17,-1.,-1.77185554883626E-32));
#1364=DIRECTION('',(0.978147600733806,1.06886022422886E-17,0.207911690817759));
#1365=DIRECTION('',(1.0927391974657E-17,-1.,-1.77185554883626E-32));
#1366=DIRECTION('',(0.,0.,1.));
#1367=DIRECTION('',(1.,0.,0.));
#1368=DIRECTION('',(0.,0.,1.));
#1369=DIRECTION('',(1.,0.,0.));
#1370=DIRECTION('',(4.92311080150837E-17,-1.,0.));
#1371=DIRECTION('',(-1.,-4.92311080150837E-17,0.));
#1372=DIRECTION('',(6.12323399573677E-17,0.,-1.));
#1373=DIRECTION('',(-1.820674292485E-18,0.034899496702501,0.999390827019096));
#1374=DIRECTION('',(1.,1.44444745829043E-34,1.82178407412E-18));
#1375=DIRECTION('',(0.,0.999390827019096,-0.0348994967025008));
#1376=DIRECTION('',(0.,1.,0.));
#1377=DIRECTION('',(1.,0.,0.));
#1378=DIRECTION('',(6.12323399573677E-17,0.,-1.));
#1379=DIRECTION('',(1.,1.0478046094109E-16,6.12323399573677E-17));
#1380=DIRECTION('',(6.12323399573677E-17,0.,-1.));
#1381=DIRECTION('',(0.,-4.5102810375397E-17,-1.));
#1382=DIRECTION('',(-1.,0.,0.));
#1383=DIRECTION('',(0.,0.,1.));
#1384=DIRECTION('',(1.,0.,0.));
#1385=DIRECTION('',(0.,0.,1.));
#1386=DIRECTION('',(1.,0.,0.));
#1387=DIRECTION('',(0.,0.,1.));
#1388=DIRECTION('',(-1.,0.,0.));
#1389=DIRECTION('',(0.,0.,1.));
#1390=DIRECTION('',(-1.,0.,0.));
#1391=DIRECTION('',(0.,0.,1.));
#1392=DIRECTION('',(1.,0.,0.));
#1393=DIRECTION('',(0.,0.,1.));
#1394=DIRECTION('',(1.,0.,0.));
#1395=CARTESIAN_POINT('',(0.,0.,0.));
#1396=CARTESIAN_POINT('',(0.170242,-0.07324,-0.003937));
#1397=CARTESIAN_POINT('',(0.128604254573079,-0.0745102777130289,-0.003937));
#1398=CARTESIAN_POINT('',(0.128604254573079,0.00307000000000007,-0.00393700000000007));
#1399=CARTESIAN_POINT('',(0.128604254573079,-0.14701,-0.003937));
#1400=CARTESIAN_POINT('',(0.315992,0.00307000000000006,-0.00393700000000015));
#1401=CARTESIAN_POINT('',(0.004992,0.00307000000000006,-0.00393700000000015));
#1402=CARTESIAN_POINT('',(0.004992,-0.00496999999999993,-0.00393700000000015));
#1403=CARTESIAN_POINT('',(-0.003048,-0.00496999999999993,-0.00393700000000007));
#1404=CARTESIAN_POINT('',(-0.003048,-0.07324,-0.003937));
#1405=CARTESIAN_POINT('',(-0.003048,-0.0324553054284811,-0.003937));
#1406=CARTESIAN_POINT('',(-0.003818,-0.03799,-0.003937));
#1407=CARTESIAN_POINT('',(0.00107445192709811,-0.0352900633079581,-0.003937));
#1408=CARTESIAN_POINT('',(0.0010744519270981,-0.07324,-0.003937));
#1409=CARTESIAN_POINT('',(0.00107445192709811,-0.0406899366920419,-0.00393700000000005));
#1410=CARTESIAN_POINT('',(-0.003818,-0.03799,-0.00393700000000007));
#1411=CARTESIAN_POINT('',(-0.003048,-0.0435246945715188,-0.003937));
#1412=CARTESIAN_POINT('',(-0.003048,-0.07324,-0.003937));
#1413=CARTESIAN_POINT('',(-0.003048,-0.100415305428481,-0.003937));
#1414=CARTESIAN_POINT('',(-0.003818,-0.10595,-0.003937));
#1415=CARTESIAN_POINT('',(0.00107445192709811,-0.103250063307958,-0.003937));
#1416=CARTESIAN_POINT('',(0.0010744519270981,-0.07324,-0.003937));
#1417=CARTESIAN_POINT('',(0.00107445192709811,-0.108649936692041,-0.00393700000000005));
#1418=CARTESIAN_POINT('',(-0.003818,-0.10595,-0.00393700000000007));
#1419=CARTESIAN_POINT('',(-0.003048,-0.111484694571518,-0.003937));
#1420=CARTESIAN_POINT('',(-0.003048,-0.07324,-0.003937));
#1421=CARTESIAN_POINT('',(-0.003048,-0.13897,-0.00393700000000007));
#1422=CARTESIAN_POINT('',(0.004992,-0.13897,-0.00393700000000015));
#1423=CARTESIAN_POINT('',(0.004992,-0.14701,-0.00393700000000007));
#1424=CARTESIAN_POINT('',(0.170242,-0.14701,-0.003937));
#1425=CARTESIAN_POINT('',(0.0491373054284811,-0.14701,-0.003937));
#1426=CARTESIAN_POINT('',(0.054672,-0.14778,-0.003937));
#1427=CARTESIAN_POINT('',(0.0545544847453657,-0.142193235805501,-0.003937));
#1428=CARTESIAN_POINT('',(0.0536324601979723,-0.142193235805501,-0.003937));
#1429=CARTESIAN_POINT('',(0.0547895152546344,-0.142193235805501,-0.003937));
#1430=CARTESIAN_POINT('',(0.054672,-0.14778,-0.00393700000000007));
#1431=CARTESIAN_POINT('',(0.0602066945715189,-0.14701,-0.003937));
#1432=CARTESIAN_POINT('',(0.170242,-0.14701,-0.003937));
#1433=CARTESIAN_POINT('',(0.031492,-0.00421999999999991,-0.00393700000000016));
#1434=CARTESIAN_POINT('',(0.037207,-0.00421999999999991,-0.00393700000000016));
#1435=CARTESIAN_POINT('',(-0.003818,-0.03799,0.002948));
#1436=CARTESIAN_POINT('',(-0.003818,-0.03799,0.002948));
#1437=CARTESIAN_POINT('',(-0.0059135,-0.03799,0.002948));
#1438=CARTESIAN_POINT('',(-0.003818,-0.03799,-0.00393700000000015));
#1439=CARTESIAN_POINT('',(-0.0059135,-0.03799,-0.00393700000000015));
#1440=CARTESIAN_POINT('',(-0.003818,-0.03799,-0.00393700000000015));
#1441=CARTESIAN_POINT('',(-0.00846757149606171,-0.037141319792386,-0.0105623347346739));
#1442=CARTESIAN_POINT('',(-0.00854171425196914,-0.0379899999999999,-0.0105326981687716));
#1443=CARTESIAN_POINT('',(-0.00846757149606171,-0.0388386802076138,-0.0105030616028693));
#1444=CARTESIAN_POINT('',(-0.00813655792920703,-0.0400211672231317,-0.0104617682463734));
#1445=CARTESIAN_POINT('',(-0.00723924955721294,-0.0414112495572129,-0.0104132255016104));
#1446=CARTESIAN_POINT('',(-0.00584916722313169,-0.0423085579292069,-0.010381890802789));
#1447=CARTESIAN_POINT('',(-0.0046666802076139,-0.0426395714960617,-0.0103703315543222));
#1448=CARTESIAN_POINT('',(-0.00381799999999999,-0.042713714251969,-0.0103677424322337));
#1449=CARTESIAN_POINT('',(-0.00296931979238607,-0.0426395714960617,-0.0103703315543222));
#1450=CARTESIAN_POINT('',(-0.00178683277686828,-0.042308557929207,-0.010381890802789));
#1451=CARTESIAN_POINT('',(-0.000396750442787009,-0.0414112495572129,-0.0104132255016104));
#1452=CARTESIAN_POINT('',(0.000500557929206968,-0.0400211672231316,-0.0104617682463734));
#1453=CARTESIAN_POINT('',(0.000831571496061807,-0.0388386802076138,-0.0105030616028693));
#1454=CARTESIAN_POINT('',(0.000905714251969086,-0.0379899999999999,-0.0105326981687716));
#1455=CARTESIAN_POINT('',(0.000831571496061807,-0.037141319792386,-0.0105623347346739));
#1456=CARTESIAN_POINT('',(0.000500557929206968,-0.0359588327768681,-0.0106036280911697));
#1457=CARTESIAN_POINT('',(-0.000396750442787008,-0.0345687504427869,-0.0106521708359328));
#1458=CARTESIAN_POINT('',(-0.00178683277686828,-0.0336714420707928,-0.0106835055347542));
#1459=CARTESIAN_POINT('',(-0.00296931979238607,-0.0333404285039381,-0.0106950647832209));
#1460=CARTESIAN_POINT('',(-0.00381799999999999,-0.0332662857480308,-0.0106976539053095));
#1461=CARTESIAN_POINT('',(-0.0046666802076139,-0.0333404285039381,-0.010695064783221));
#1462=CARTESIAN_POINT('',(-0.00584916722313169,-0.0336714420707928,-0.0106835055347542));
#1463=CARTESIAN_POINT('',(-0.00723924955721294,-0.0345687504427869,-0.0106521708359328));
#1464=CARTESIAN_POINT('',(-0.00813655792920703,-0.0359588327768681,-0.0106036280911697));
#1465=CARTESIAN_POINT('',(-0.00846757149606171,-0.037141319792386,-0.0105623347346739));
#1466=CARTESIAN_POINT('',(-0.00854171425196914,-0.0379899999999999,-0.0105326981687716));
#1467=CARTESIAN_POINT('',(-0.00846757149606171,-0.0388386802076138,-0.0105030616028693));
#1468=CARTESIAN_POINT('',(-0.008517,-0.0379899999999999,-0.0105326981687716));
#1469=CARTESIAN_POINT('',(-0.003818,-0.03799,-0.00393700000000015));
#1470=CARTESIAN_POINT('',(-0.008517,-0.03799,-0.00393700000000015));
#1471=CARTESIAN_POINT('',(0.170242,-0.092223678053452,0.002948));
#1472=CARTESIAN_POINT('',(-0.003048,-0.092223678053452,0.002948));
#1473=CARTESIAN_POINT('',(-0.003048,-0.0324553054284811,0.002948));
#1474=CARTESIAN_POINT('',(-0.003048,-0.0325686809723097,0.002948));
#1475=CARTESIAN_POINT('',(-0.005973,-0.034257430509689,0.002948));
#1476=CARTESIAN_POINT('',(-0.00597299999999983,-0.0342574305096889,0.002948));
#1477=CARTESIAN_POINT('',(-0.003818,-0.03799,0.002948));
#1478=CARTESIAN_POINT('',(-0.00597299999999982,-0.0417225694903109,0.002948));
#1479=CARTESIAN_POINT('',(-0.002798,-0.0435556565949876,0.002948));
#1480=CARTESIAN_POINT('',(-0.003048,-0.0434113190276902,0.002948));
#1481=CARTESIAN_POINT('',(-0.003048,-0.092223678053452,0.002948));
#1482=CARTESIAN_POINT('',(-0.003048,-0.0435246945715188,0.00294799999999996));
#1483=CARTESIAN_POINT('',(-0.003818,-0.03799,0.00294799999999993));
#1484=CARTESIAN_POINT('',(-0.000388999999999987,-0.0424022220025742,0.00294799999999996));
#1485=CARTESIAN_POINT('',(-0.000389,-0.092223678053452,0.002948));
#1486=CARTESIAN_POINT('',(-0.000388999999999985,-0.0335777779974257,0.00294799999999996));
#1487=CARTESIAN_POINT('',(-0.003818,-0.03799,0.002948));
#1488=CARTESIAN_POINT('',(-0.003818,-0.03799,0.002948));
#1489=CARTESIAN_POINT('',(-0.003048,-0.0324553054284811,0.006223));
#1490=CARTESIAN_POINT('',(0.00107445192709812,-0.035290063307958,-0.003937));
#1491=CARTESIAN_POINT('',(0.000711679243818603,-0.0346326968153878,-0.00223028871134691));
#1492=CARTESIAN_POINT('',(0.000203841165430558,-0.0340385101081571,0.000158901602977173));
#1493=CARTESIAN_POINT('',(-0.00038899999999997,-0.0335777779974258,0.00294799999999994));
#1494=CARTESIAN_POINT('',(-0.003818,-0.03799,0.002948));
#1495=CARTESIAN_POINT('',(-0.000388999999999969,-0.0424022220025741,0.00294799999999993));
#1496=CARTESIAN_POINT('',(0.000203841165430561,-0.0419414898918428,0.00015890160297716));
#1497=CARTESIAN_POINT('',(0.000711679243818608,-0.0413473031846121,-0.00223028871134693));
#1498=CARTESIAN_POINT('',(0.00107445192709812,-0.0406899366920418,-0.00393700000000002));
#1499=CARTESIAN_POINT('',(-0.003048,-0.0435246945715188,0.006223));
#1500=CARTESIAN_POINT('',(-0.003048,-0.13897,0.006223));
#1501=CARTESIAN_POINT('',(-0.003048,-0.00496999999999993,0.006223));
#1502=CARTESIAN_POINT('',(-0.003048,-0.00496999999999993,0.006223));
#1503=CARTESIAN_POINT('',(-0.003048,-0.07451,0.006223));
#1504=CARTESIAN_POINT('',(-0.003048,-0.0325686809723097,0.006223));
#1505=CARTESIAN_POINT('',(-0.003048,-0.0325686809723096,0.006223));
#1506=CARTESIAN_POINT('',(-0.005973,-0.034257430509689,0.006223));
#1507=CARTESIAN_POINT('',(-0.005973,-0.034257430509689,0.006223));
#1508=CARTESIAN_POINT('',(-0.00597299999999983,-0.0342574305096889,0.006223));
#1509=CARTESIAN_POINT('',(-0.005973,-0.034257430509689,0.006223));
#1510=CARTESIAN_POINT('',(-0.003818,-0.03799,0.006223));
#1511=CARTESIAN_POINT('',(-0.003818,-0.03799,0.006223));
#1512=CARTESIAN_POINT('',(-0.00597299999999982,-0.041722569490311,0.006223));
#1513=CARTESIAN_POINT('',(-0.005973,-0.0417225694903109,0.006223));
#1514=CARTESIAN_POINT('',(-0.002798,-0.0435556565949876,0.006223));
#1515=CARTESIAN_POINT('',(-0.003048,-0.0434113190276902,0.006223));
#1516=CARTESIAN_POINT('',(-0.003048,-0.0434113190276902,0.006223));
#1517=CARTESIAN_POINT('',(-0.003048,-0.0434113190276902,0.006223));
#1518=CARTESIAN_POINT('',(-0.003048,-0.13897,0.006223));
#1519=CARTESIAN_POINT('',(-0.003048,-0.100415305428481,0.006223));
#1520=CARTESIAN_POINT('',(-0.003048,-0.100415305428481,0.002948));
#1521=CARTESIAN_POINT('',(-0.003048,-0.07451,0.006223));
#1522=CARTESIAN_POINT('',(-0.003048,-0.10052868097231,0.006223));
#1523=CARTESIAN_POINT('',(-0.003048,-0.10052868097231,0.006223));
#1524=CARTESIAN_POINT('',(-0.003048,-0.100528680972309,0.002948));
#1525=CARTESIAN_POINT('',(-0.003048,-0.092223678053452,0.002948));
#1526=CARTESIAN_POINT('',(0.054672,-0.14778,-0.00393700000000015));
#1527=CARTESIAN_POINT('',(0.0500224285039383,-0.146931319792386,-0.00672838345217489));
#1528=CARTESIAN_POINT('',(0.0499482857480309,-0.14778,-0.00669874688627259));
#1529=CARTESIAN_POINT('',(0.0500224285039383,-0.148628680207614,-0.0066691103203703));
#1530=CARTESIAN_POINT('',(0.0503534420707929,-0.149811167223131,-0.00662781696387441));
#1531=CARTESIAN_POINT('',(0.051250750442787,-0.151201249557213,-0.00657927421911142));
#1532=CARTESIAN_POINT('',(0.0526408327768682,-0.152098557929207,-0.00654793952028999));
#1533=CARTESIAN_POINT('',(0.0538233197923861,-0.152429571496061,-0.00653638027182322));
#1534=CARTESIAN_POINT('',(0.054672,-0.152503714251969,-0.00653379114973469));
#1535=CARTESIAN_POINT('',(0.0555206802076139,-0.152429571496061,-0.00653638027182322));
#1536=CARTESIAN_POINT('',(0.0567031672231317,-0.152098557929207,-0.00654793952028999));
#1537=CARTESIAN_POINT('',(0.0580932495572131,-0.151201249557213,-0.00657927421911142));
#1538=CARTESIAN_POINT('',(0.058990557929207,-0.149811167223131,-0.00662781696387442));
#1539=CARTESIAN_POINT('',(0.0593215714960618,-0.148628680207614,-0.0066691103203703));
#1540=CARTESIAN_POINT('',(0.0593957142519691,-0.14778,-0.00669874688627259));
#1541=CARTESIAN_POINT('',(0.0593215714960618,-0.146931319792386,-0.00672838345217489));
#1542=CARTESIAN_POINT('',(0.0589905579292071,-0.145748832776868,-0.00676967680867077));
#1543=CARTESIAN_POINT('',(0.0580932495572131,-0.144358750442787,-0.00681821955343378));
#1544=CARTESIAN_POINT('',(0.0567031672231317,-0.143461442070793,-0.00684955425225519));
#1545=CARTESIAN_POINT('',(0.0555206802076139,-0.143130428503938,-0.00686111350072197));
#1546=CARTESIAN_POINT('',(0.054672,-0.143056285748031,-0.00686370262281049));
#1547=CARTESIAN_POINT('',(0.0538233197923861,-0.143130428503938,-0.00686111350072197));
#1548=CARTESIAN_POINT('',(0.0526408327768682,-0.143461442070793,-0.00684955425225519));
#1549=CARTESIAN_POINT('',(0.051250750442787,-0.144358750442787,-0.00681821955343378));
#1550=CARTESIAN_POINT('',(0.0503534420707929,-0.145748832776868,-0.00676967680867077));
#1551=CARTESIAN_POINT('',(0.0500224285039383,-0.146931319792386,-0.00672838345217489));
#1552=CARTESIAN_POINT('',(0.0499482857480309,-0.14778,-0.00669874688627259));
#1553=CARTESIAN_POINT('',(0.0500224285039383,-0.148628680207614,-0.0066691103203703));
#1554=CARTESIAN_POINT('',(0.049973,-0.14778,-0.0066987468862726));
#1555=CARTESIAN_POINT('',(0.054672,-0.14778,-0.00393700000000015));
#1556=CARTESIAN_POINT('',(0.049973,-0.14778,-0.00393700000000015));
#1557=CARTESIAN_POINT('',(-0.003818,-0.10595,-0.00393700000000015));
#1558=CARTESIAN_POINT('',(-0.00846757149606171,-0.105101319792386,-0.0081891192400147));
#1559=CARTESIAN_POINT('',(-0.00854171425196914,-0.10595,-0.00815948267411241));
#1560=CARTESIAN_POINT('',(-0.00846757149606171,-0.106798680207614,-0.00812984610821011));
#1561=CARTESIAN_POINT('',(-0.00813655792920703,-0.107981167223131,-0.00808855275171423));
#1562=CARTESIAN_POINT('',(-0.00723924955721294,-0.109371249557213,-0.00804001000695123));
#1563=CARTESIAN_POINT('',(-0.0058491672231317,-0.110268557929207,-0.0080086753081298));
#1564=CARTESIAN_POINT('',(-0.0046666802076139,-0.110599571496061,-0.00799711605966304));
#1565=CARTESIAN_POINT('',(-0.00381800000000002,-0.110673714251969,-0.00799452693757451));
#1566=CARTESIAN_POINT('',(-0.00296931979238596,-0.110599571496061,-0.00799711605966303));
#1567=CARTESIAN_POINT('',(-0.00178683277686823,-0.110268557929207,-0.00800867530812981));
#1568=CARTESIAN_POINT('',(-0.000396750442786831,-0.109371249557213,-0.00804001000695123));
#1569=CARTESIAN_POINT('',(0.000500557929207074,-0.107981167223131,-0.00808855275171423));
#1570=CARTESIAN_POINT('',(0.00083157149606183,-0.106798680207614,-0.00812984610821011));
#1571=CARTESIAN_POINT('',(0.000905714251969074,-0.10595,-0.00815948267411241));
#1572=CARTESIAN_POINT('',(0.00083157149606183,-0.105101319792386,-0.0081891192400147));
#1573=CARTESIAN_POINT('',(0.000500557929207074,-0.103918832776868,-0.00823041259651058));
#1574=CARTESIAN_POINT('',(-0.000396750442786831,-0.102528750442787,-0.00827895534127359));
#1575=CARTESIAN_POINT('',(-0.00178683277686823,-0.101631442070793,-0.00831029004009501));
#1576=CARTESIAN_POINT('',(-0.00296931979238596,-0.101300428503938,-0.00832184928856178));
#1577=CARTESIAN_POINT('',(-0.00381800000000002,-0.10122628574803,-0.0083244384106503));
#1578=CARTESIAN_POINT('',(-0.0046666802076139,-0.101300428503938,-0.00832184928856178));
#1579=CARTESIAN_POINT('',(-0.0058491672231317,-0.101631442070793,-0.00831029004009501));
#1580=CARTESIAN_POINT('',(-0.00723924955721294,-0.102528750442787,-0.00827895534127359));
#1581=CARTESIAN_POINT('',(-0.00813655792920703,-0.103918832776868,-0.00823041259651058));
#1582=CARTESIAN_POINT('',(-0.00846757149606171,-0.105101319792386,-0.0081891192400147));
#1583=CARTESIAN_POINT('',(-0.00854171425196914,-0.10595,-0.00815948267411241));
#1584=CARTESIAN_POINT('',(-0.00846757149606171,-0.106798680207614,-0.00812984610821011));
#1585=CARTESIAN_POINT('',(-0.008517,-0.10595,-0.00815948267411241));
#1586=CARTESIAN_POINT('',(-0.003818,-0.10595,-0.00393700000000015));
#1587=CARTESIAN_POINT('',(-0.008517,-0.10595,-0.00393700000000015));
#1588=CARTESIAN_POINT('',(0.031492,-0.00421999999999991,-0.00393700000000015));
#1589=CARTESIAN_POINT('',(0.0268424285039383,-0.00337131979238593,-0.0117416091204102));
#1590=CARTESIAN_POINT('',(0.0267682857480309,-0.00421999999999979,-0.0117119725545079));
#1591=CARTESIAN_POINT('',(0.0268424285039383,-0.00506868020761377,-0.0116823359886056));
#1592=CARTESIAN_POINT('',(0.027173442070793,-0.00625116722313161,-0.0116410426321097));
#1593=CARTESIAN_POINT('',(0.028070750442787,-0.00764124955721293,-0.0115924998873467));
#1594=CARTESIAN_POINT('',(0.0294608327768683,-0.00853855792920695,-0.0115611651885253));
#1595=CARTESIAN_POINT('',(0.0306433197923861,-0.0088695714960616,-0.0115496059400585));
#1596=CARTESIAN_POINT('',(0.031492,-0.00894371425196898,-0.01154701681797));
#1597=CARTESIAN_POINT('',(0.0323406802076139,-0.0088695714960616,-0.0115496059400585));
#1598=CARTESIAN_POINT('',(0.0335231672231318,-0.00853855792920695,-0.0115611651885253));
#1599=CARTESIAN_POINT('',(0.034913249557213,-0.00764124955721292,-0.0115924998873467));
#1600=CARTESIAN_POINT('',(0.0358105579292071,-0.00625116722313161,-0.0116410426321097));
#1601=CARTESIAN_POINT('',(0.0361415714960618,-0.00506868020761377,-0.0116823359886056));
#1602=CARTESIAN_POINT('',(0.0362157142519691,-0.00421999999999979,-0.0117119725545079));
#1603=CARTESIAN_POINT('',(0.0361415714960618,-0.00337131979238592,-0.0117416091204102));
#1604=CARTESIAN_POINT('',(0.0358105579292071,-0.00218883277686806,-0.0117829024769061));
#1605=CARTESIAN_POINT('',(0.034913249557213,-0.000798750442786878,-0.0118314452216691));
#1606=CARTESIAN_POINT('',(0.0335231672231318,9.85579292071843E-5,-0.0118627799204905));
#1607=CARTESIAN_POINT('',(0.0323406802076139,0.000429571496061892,-0.0118743391689573));
#1608=CARTESIAN_POINT('',(0.031492,0.000503714251969231,-0.0118769282910458));
#1609=CARTESIAN_POINT('',(0.0306433197923861,0.000429571496061892,-0.0118743391689573));
#1610=CARTESIAN_POINT('',(0.0294608327768683,9.85579292071844E-5,-0.0118627799204905));
#1611=CARTESIAN_POINT('',(0.028070750442787,-0.000798750442786878,-0.0118314452216691));
#1612=CARTESIAN_POINT('',(0.027173442070793,-0.00218883277686806,-0.0117829024769061));
#1613=CARTESIAN_POINT('',(0.0268424285039383,-0.00337131979238593,-0.0117416091204102));
#1614=CARTESIAN_POINT('',(0.0267682857480309,-0.00421999999999979,-0.0117119725545079));
#1615=CARTESIAN_POINT('',(0.0268424285039383,-0.00506868020761377,-0.0116823359886056));
#1616=CARTESIAN_POINT('',(0.026793,-0.00421999999999981,-0.0117119725545079));
#1617=CARTESIAN_POINT('',(0.031492,-0.00421999999999991,-0.00393700000000015));
#1618=CARTESIAN_POINT('',(0.026793,-0.00421999999999991,-0.00393700000000015));
#1619=CARTESIAN_POINT('',(-0.010168,-0.143969999999982,-0.00556102090045917));
#1620=CARTESIAN_POINT('',(-0.010168000000004,-0.1462436101581,-0.00548162543969168));
#1621=CARTESIAN_POINT('',(-0.00884232958287928,-0.150026172112543,-0.00534975948854972));
#1622=CARTESIAN_POINT('',(-0.00456940412624878,-0.15343241015917,-0.00523125148038945));
#1623=CARTESIAN_POINT('',(-0.00153032752085348,-0.15413,-0.005207));
#1624=CARTESIAN_POINT('',(-7.99999999990808E-6,-0.15413,-0.005207));
#1625=CARTESIAN_POINT('',(-0.010168,-0.143975969646038,-0.00573196919694823));
#1626=CARTESIAN_POINT('',(-0.0101673397385694,-0.146249565549851,-0.00565260119921947));
#1627=CARTESIAN_POINT('',(-0.00883882677460759,-0.150030451615564,-0.00552254076516361));
#1628=CARTESIAN_POINT('',(-0.00456690837481451,-0.153433258954556,-0.00540488612679195));
#1629=CARTESIAN_POINT('',(-0.00152942086897643,-0.15413,-0.00538101172312953));
#1630=CARTESIAN_POINT('',(-7.99999999990811E-6,-0.15413,-0.00538101172312953));
#1631=CARTESIAN_POINT('',(-0.0101321919286922,-0.143988907616748,-0.00610693748545087));
#1632=CARTESIAN_POINT('',(-0.0101298184913296,-0.146254513470147,-0.00602718069624206));
#1633=CARTESIAN_POINT('',(-0.00880020629589714,-0.150018375655716,-0.00589981413025977));
#1634=CARTESIAN_POINT('',(-0.00454536974851527,-0.153401817157623,-0.0057830646564761));
#1635=CARTESIAN_POINT('',(-0.00152213325610058,-0.154094241967249,-0.00575982488311216));
#1636=CARTESIAN_POINT('',(-7.99999999990826E-6,-0.154094241967249,-0.00575982488311216));
#1637=CARTESIAN_POINT('',(-0.00995625591908633,-0.14400389442295,-0.0065580820681949));
#1638=CARTESIAN_POINT('',(-0.00995130462740359,-0.1462300989461,-0.00647853900979027));
#1639=CARTESIAN_POINT('',(-0.00863953316191271,-0.14992469454947,-0.00635262408866195));
#1640=CARTESIAN_POINT('',(-0.00446060192569626,-0.153241610747289,-0.00623678055994617));
#1641=CARTESIAN_POINT('',(-0.00149377796097271,-0.153920126292065,-0.00621385603067721));
#1642=CARTESIAN_POINT('',(-7.99999999990887E-6,-0.153920126292065,-0.00621385603067721));
#1643=CARTESIAN_POINT('',(-0.00973385822179161,-0.144011053959452,-0.00679088714642641));
#1644=CARTESIAN_POINT('',(-0.0097266353215951,-0.146187507470656,-0.00671346729672646));
#1645=CARTESIAN_POINT('',(-0.0084423869801986,-0.149797534367577,-0.00658888732379315));
#1646=CARTESIAN_POINT('',(-0.0043576290376851,-0.153036203039684,-0.00647533024859031));
#1647=CARTESIAN_POINT('',(-0.00145945429406491,-0.153698591328039,-0.00645259598066338));
#1648=CARTESIAN_POINT('',(-7.99999999990963E-6,-0.153698591328039,-0.00645259598066338));
#1649=CARTESIAN_POINT('',(-0.00959706320212957,-0.144011834718364,-0.00683033411747942));
#1650=CARTESIAN_POINT('',(-0.00958845008638093,-0.146157829136807,-0.00675489662931175));
#1651=CARTESIAN_POINT('',(-0.00832239973468794,-0.149716256548271,-0.00663115729586226));
#1652=CARTESIAN_POINT('',(-0.00429500630299719,-0.152908002825897,-0.00651953764071276));
#1653=CARTESIAN_POINT('',(-0.00143869159491235,-0.153560601469801,-0.00649688383482202));
#1654=CARTESIAN_POINT('',(-7.99999999991009E-6,-0.153560601469801,-0.00649688383482202));
#1655=CARTESIAN_POINT('',(-0.0095329093594748,-0.14401155519213,-0.00683034387875061));
#1656=CARTESIAN_POINT('',(-0.00952361029343281,-0.146143176984667,-0.00675590600548982));
#1657=CARTESIAN_POINT('',(-0.00826607947165442,-0.149677538632215,-0.00663248337709531));
#1658=CARTESIAN_POINT('',(-0.00426567999547047,-0.152847262452612,-0.00652179418221072));
#1659=CARTESIAN_POINT('',(-0.00142892159598141,-0.153495386824842,-0.00649916118040608));
#1660=CARTESIAN_POINT('',(-7.99999999991032E-6,-0.153495386824842,-0.00649916118040608));
#1661=CARTESIAN_POINT('',(-0.00953295990733789,-0.144011555232369,-0.00683034387786787));
#1662=CARTESIAN_POINT('',(-0.00966130890556102,-0.144011845842194,-0.00683033372955416));
#1663=CARTESIAN_POINT('',(-0.00988724168319743,-0.144006749939645,-0.00666844366696068));
#1664=CARTESIAN_POINT('',(-0.0101120758264238,-0.143991454104339,-0.00620368252440442));
#1665=CARTESIAN_POINT('',(-0.0101679824430677,-0.143978571390736,-0.00581728206882466));
#1666=CARTESIAN_POINT('',(-0.010167982139841,-0.143969999985662,-0.00556102089785839));
#1667=CARTESIAN_POINT('',(-0.010168,-0.143969999938127,-0.00556102077780953));
#1668=CARTESIAN_POINT('',(-0.00953290935962454,-0.14401155519213,-0.00683034387875058));
#1669=CARTESIAN_POINT('',(-8.00000000000801E-6,-0.153495386824842,-0.00649916118040609));
#1670=CARTESIAN_POINT('',(-0.0012513063964838,-0.153495386824842,-0.00649916118040609));
#1671=CARTESIAN_POINT('',(-0.00373296762662648,-0.153000220803289,-0.0065164527589049));
#1672=CARTESIAN_POINT('',(-0.00796480455062725,-0.15019491063082,-0.00661441634879054));
#1673=CARTESIAN_POINT('',(-0.00952206044909269,-0.146498447283423,-0.0067434996932797));
#1674=CARTESIAN_POINT('',(-0.00953290935947501,-0.14401155519213,-0.0068303438787506));
#1675=CARTESIAN_POINT('',(-7.99889323178484E-6,-0.153495386824995,-0.00649916118040076));
#1676=CARTESIAN_POINT('',(-7.99999999991032E-6,-0.153495386824995,-0.00649916118040076));
#1677=CARTESIAN_POINT('',(-7.9999999998665E-6,-0.153647554329885,-0.00649384737396665));
#1678=CARTESIAN_POINT('',(-7.99999999990705E-6,-0.154001882450316,-0.00622598596666557));
#1679=CARTESIAN_POINT('',(-7.99999999995451E-6,-0.15413,-0.00551152051542325));
#1680=CARTESIAN_POINT('',(-7.99999999990808E-6,-0.15413,-0.005207));
#1681=CARTESIAN_POINT('',(-7.999938147858E-6,-0.15413,-0.00520699987523166));
#1682=CARTESIAN_POINT('',(-0.0101679999999999,-0.143969999999991,-0.0055610209004595));
#1683=CARTESIAN_POINT('',(-0.0101680000000011,-0.145296272592206,-0.0055147068816777));
#1684=CARTESIAN_POINT('',(-0.00964114090006849,-0.147952182643195,-0.00542221790256584));
#1685=CARTESIAN_POINT('',(-0.00738729041158,-0.151333667306994,-0.00530425578158221));
#1686=CARTESIAN_POINT('',(-0.00400102805397724,-0.153600242582804,-0.00522551197380685));
#1687=CARTESIAN_POINT('',(-0.00134003658074676,-0.15413,-0.005207));
#1688=CARTESIAN_POINT('',(-7.99999999990015E-6,-0.15413,-0.005207));
#1689=CARTESIAN_POINT('',(-0.0101680176618058,-0.143925411719057,-0.00556257795328286));
#1690=CARTESIAN_POINT('',(-0.0101679819279804,-0.143970265919658,-0.00556101161124552));
#1691=CARTESIAN_POINT('',(-0.0101680176647341,-0.143934414075671,-0.00582037190868758));
#1692=CARTESIAN_POINT('',(-0.0101679819309087,-0.143979268276272,-0.00581880556665024));
#1693=CARTESIAN_POINT('',(-0.0101114039731828,-0.143947904545558,-0.00620798026740383));
#1694=CARTESIAN_POINT('',(-0.0101113682393574,-0.143992758746159,-0.00620641392536649));
#1695=CARTESIAN_POINT('',(-0.00988362712288978,-0.143964132651614,-0.0066778891666381));
#1696=CARTESIAN_POINT('',(-0.0098835913890644,-0.144008986852214,-0.00667632282460076));
#1697=CARTESIAN_POINT('',(-0.00965282511844062,-0.143969324110429,-0.00683181862004557));
#1698=CARTESIAN_POINT('',(-0.00965278938461524,-0.14401417831103,-0.00683025227800823));
#1699=CARTESIAN_POINT('',(-0.00952370163757333,-0.143969221367408,-0.00683182220791079));
#1700=CARTESIAN_POINT('',(-0.00952366590374795,-0.144014075568009,-0.00683025586587344));
#1701=CARTESIAN_POINT('',(-0.010168,-0.143925677639188,-0.0055625686677219));
#1702=CARTESIAN_POINT('',(-0.010168,-0.143940451759453,-0.0055620527453011));
#1703=CARTESIAN_POINT('',(-0.010168,-0.143955225879717,-0.0055615368228803));
#1704=CARTESIAN_POINT('',(-0.010168,-0.143969999999982,-0.0055610209004595));
#1705=CARTESIAN_POINT('',(-0.010168,-0.143925677639212,-0.00556256866802289));
#1706=CARTESIAN_POINT('',(-0.0101680174499452,-0.143925677653053,-0.00556256866666999));
#1707=CARTESIAN_POINT('',(-0.0101680173857634,-0.143934710199976,-0.00581881257034285));
#1708=CARTESIAN_POINT('',(-0.0101121107103511,-0.143948284627291,-0.0062051871405924));
#1709=CARTESIAN_POINT('',(-0.00988727813520313,-0.14396450276827,-0.00666991432527359));
#1710=CARTESIAN_POINT('',(-0.00966134841715367,-0.143970059913356,-0.00683178992570485));
#1711=CARTESIAN_POINT('',(-0.00953299999999999,-0.143969999999978,-0.00683179501740066));
#1712=CARTESIAN_POINT('',(-0.00953300000014967,-0.143969999999961,-0.00683179501803752));
#1713=CARTESIAN_POINT('',(-0.00953290935947501,-0.14401155519213,-0.0068303438787506));
#1714=CARTESIAN_POINT('',(-0.00953296978639551,-0.14399770354931,-0.00683082758877658));
#1715=CARTESIAN_POINT('',(-0.00953299999999999,-0.143983851774655,-0.00683131130340637));
#1716=CARTESIAN_POINT('',(-0.00953299999999999,-0.14397,-0.00683179501803615));
#1717=CARTESIAN_POINT('',(-0.010168,-0.00504999999999986,-0.0104122141945702));
#1718=CARTESIAN_POINT('',(-0.010168,-0.143925677639188,-0.0055625686677219));
#1719=CARTESIAN_POINT('',(-0.010168,-0.00506044688062918,-0.0107113737142929));
#1720=CARTESIAN_POINT('',(-0.010168,-0.143936124519817,-0.00586172818744453));
#1721=CARTESIAN_POINT('',(-0.0100384413144805,-0.00508531375772814,-0.0114234679052407));
#1722=CARTESIAN_POINT('',(-0.0100384413144805,-0.143960991396916,-0.00657382237839232));
#1723=CARTESIAN_POINT('',(-0.00968267093535111,-0.00509432236081157,-0.0116814405448845));
#1724=CARTESIAN_POINT('',(-0.00968267093535111,-0.143969999999999,-0.00683179501803615));
#1725=CARTESIAN_POINT('',(-0.009533,-0.00509432236081206,-0.0116814405448845));
#1726=CARTESIAN_POINT('',(-0.009533,-0.14397,-0.00683179501803615));
#1727=CARTESIAN_POINT('',(-0.010168,-0.00504999999999986,-0.0104122141945702));
#1728=CARTESIAN_POINT('',(-0.010168,-0.00506044688062918,-0.0107113737142929));
#1729=CARTESIAN_POINT('',(-0.0100384413144805,-0.00508531375772817,-0.0114234679052406));
#1730=CARTESIAN_POINT('',(-0.00968267093535112,-0.00509432236081157,-0.0116814405448845));
#1731=CARTESIAN_POINT('',(-0.009533,-0.00509432236081206,-0.0116814405448845));
#1732=CARTESIAN_POINT('',(-0.010168,-0.00505000006187285,-0.0104122140675995));
#1733=CARTESIAN_POINT('',(-0.00953300000014977,-0.00509432236081206,-0.0116814405448845));
#1734=CARTESIAN_POINT('',(-0.00953299999999999,-0.14397,-0.00683179501803615));
#1735=CARTESIAN_POINT('',(-0.00953299999999999,-0.0976781074536038,-0.0084483435269856));
#1736=CARTESIAN_POINT('',(-0.00953299999999999,-0.0513862149072079,-0.010064892035935));
#1737=CARTESIAN_POINT('',(-0.00953299999999999,-0.00509432236081198,-0.0116814405448845));
#1738=CARTESIAN_POINT('',(-0.010168,-0.00505000006622611,-0.0104122141922576));
#1739=CARTESIAN_POINT('',(-0.010168,-0.0513418925905467,-0.00879566568407903));
#1740=CARTESIAN_POINT('',(-0.010168,-0.0976337851148673,-0.00717911717590046));
#1741=CARTESIAN_POINT('',(-0.010168,-0.143925677639188,-0.0055625686677219));
#1742=CARTESIAN_POINT('',(-0.010167969219982,-0.00500541091936606,-0.0104137660733219));
#1743=CARTESIAN_POINT('',(-0.010167983030234,-0.0050503641819077,-0.0104122066367622));
#1744=CARTESIAN_POINT('',(-0.0101679860374404,-0.00501429986698782,-0.0106700044088482));
#1745=CARTESIAN_POINT('',(-0.0101679998476923,-0.00505925312952947,-0.0106684449722885));
#1746=CARTESIAN_POINT('',(-0.0101120808588627,-0.00502772076147656,-0.0110563881917674));
#1747=CARTESIAN_POINT('',(-0.0101120946691147,-0.00507267402401821,-0.0110548287552077));
#1748=CARTESIAN_POINT('',(-0.00988722521011047,-0.00504390858107099,-0.0115210367671538));
#1749=CARTESIAN_POINT('',(-0.00988723902036246,-0.00508886184361264,-0.0115194773305941));
#1750=CARTESIAN_POINT('',(-0.00966133683063228,-0.00504959649809459,-0.0116829996586845));
#1751=CARTESIAN_POINT('',(-0.00966135064088427,-0.00509454976063624,-0.0116814402221248));
#1752=CARTESIAN_POINT('',(-0.00953299306387358,-0.005049635794151,-0.0116829958279296));
#1753=CARTESIAN_POINT('',(-0.00953300687412557,-0.00509458905669265,-0.01168143639137));
#1754=CARTESIAN_POINT('',(-0.0101679033227853,-0.00500567763931615,-0.010413761969193));
#1755=CARTESIAN_POINT('',(-0.0101679677741595,-0.00502045166582196,-0.0104132460443188));
#1756=CARTESIAN_POINT('',(-0.010168,-0.00503522583291089,-0.0104127301194445));
#1757=CARTESIAN_POINT('',(-0.010168,-0.0050499999999999,-0.0104122141945703));
#1758=CARTESIAN_POINT('',(-0.0101679033227852,-0.00500567763931284,-0.0104137619694948));
#1759=CARTESIAN_POINT('',(-0.0101679693021932,-0.00500567761892521,-0.0104137619656997));
#1760=CARTESIAN_POINT('',(-0.0101679856209423,-0.00501458274934673,-0.0106699977519076));
#1761=CARTESIAN_POINT('',(-0.0101120805160439,-0.00502802791418232,-0.0110563776070602));
#1762=CARTESIAN_POINT('',(-0.00988722707901973,-0.00504424811120487,-0.0115210214532063));
#1763=CARTESIAN_POINT('',(-0.00966134258655039,-0.00504995229934061,-0.011682984380003));
#1764=CARTESIAN_POINT('',(-0.00953300000013135,-0.00504999982252307,-0.0116829831997747));
#1765=CARTESIAN_POINT('',(-0.00953300000014972,-0.00505000110537853,-0.0116829882772291));
#1766=CARTESIAN_POINT('',(-0.00953299999999999,-0.00509432236081198,-0.0116814405448845));
#1767=CARTESIAN_POINT('',(-0.00953299999999999,-0.0050795486090008,-0.011681956455666));
#1768=CARTESIAN_POINT('',(-0.00953299999999999,-0.00506477485718962,-0.0116824723664476));
#1769=CARTESIAN_POINT('',(-0.00953299999999999,-0.00505000110537844,-0.0116829882772291));
#1770=CARTESIAN_POINT('',(-7.99999999996358E-6,0.00511000000000008,-0.0107677833338659));
#1771=CARTESIAN_POINT('',(-0.00227794669162127,0.00511000000000008,-0.0107677833338659));
#1772=CARTESIAN_POINT('',(-0.00604906714944714,0.00379281298040789,-0.0107215642977739));
#1773=CARTESIAN_POINT('',(-0.00945360464043137,-0.000456755625961572,-0.0105727244298727));
#1774=CARTESIAN_POINT('',(-0.0101612727131322,-0.00348575965645689,-0.0104668391797736));
#1775=CARTESIAN_POINT('',(-0.0101679033227852,-0.00500567763931616,-0.010413761969193));
#1776=CARTESIAN_POINT('',(-7.9999999999634E-6,0.00511000000000008,-0.0109358245015769));
#1777=CARTESIAN_POINT('',(-0.00227923342810891,0.00511000000000008,-0.0109358245015769));
#1778=CARTESIAN_POINT('',(-0.00605246747906255,0.00379110765841268,-0.0108899477687678));
#1779=CARTESIAN_POINT('',(-0.00945624695377012,-0.000461810946644746,-0.0107423402327524));
#1780=CARTESIAN_POINT('',(-0.0101621827205485,-0.00349171933454734,-0.0106373134354897));
#1781=CARTESIAN_POINT('',(-0.0101679293632558,-0.00501164683092132,-0.0105846972518924));
#1782=CARTESIAN_POINT('',(-7.99999999996409E-6,0.00507432491675532,-0.0113071760730646));
#1783=CARTESIAN_POINT('',(-0.00227417336597323,0.00507432491675532,-0.0113071760730646));
#1784=CARTESIAN_POINT('',(-0.00603867974416761,0.00375641857710939,-0.0112617571906485));
#1785=CARTESIAN_POINT('',(-0.00942888251624665,-0.000488992927497955,-0.0111155719960292));
#1786=CARTESIAN_POINT('',(-0.0101285187062751,-0.00351010807050129,-0.0110116438337475));
#1787=CARTESIAN_POINT('',(-0.0101323000072746,-0.00502473746091834,-0.0109595638481202));
#1788=CARTESIAN_POINT('',(-7.99999999996896E-6,0.00489660114122502,-0.0117558520316361));
#1789=CARTESIAN_POINT('',(-0.00223783066458679,0.00489660114122502,-0.0117558520316361));
#1790=CARTESIAN_POINT('',(-0.00594164449803408,0.00359773132238085,-0.0117106994165917));
#1791=CARTESIAN_POINT('',(-0.00927113991431133,-0.000581657958166784,-0.0115654919183542));
#1792=CARTESIAN_POINT('',(-0.00995457693954811,-0.00355216506800046,-0.0114623110463134));
#1793=CARTESIAN_POINT('',(-0.00995626100548073,-0.0050404890827273,-0.011410631279858));
#1794=CARTESIAN_POINT('',(-7.99999999997542E-6,0.00467369664344293,-0.0119829831891569));
#1795=CARTESIAN_POINT('',(-0.00218950716549804,0.00467369664344293,-0.0119829831891569));
#1796=CARTESIAN_POINT('',(-0.00581318407519529,0.00340171011406269,-0.0119385567791545));
#1797=CARTESIAN_POINT('',(-0.00906723432161787,-0.000688315516638733,-0.0117957102616933));
#1798=CARTESIAN_POINT('',(-0.00973334676266241,-0.00359357954037844,-0.0116942508842129));
#1799=CARTESIAN_POINT('',(-0.00973392188130689,-0.00504861887265636,-0.0116434380034038));
#1800=CARTESIAN_POINT('',(-7.99999999997946E-6,0.00453836387543243,-0.0120178213605267));
#1801=CARTESIAN_POINT('',(-0.00215953404789709,0.00453836387543243,-0.0120178213605267));
#1802=CARTESIAN_POINT('',(-0.00573300601635955,0.00328362597219878,-0.0119739991758043));
#1803=CARTESIAN_POINT('',(-0.008941108477696,-0.000750593748310248,-0.0118331283307831));
#1804=CARTESIAN_POINT('',(-0.00959698587898366,-0.00361532189888753,-0.0117330848422587));
#1805=CARTESIAN_POINT('',(-0.00959714956865615,-0.00504999999999992,-0.0116829883158297));
#1806=CARTESIAN_POINT('',(-7.99999999998136E-6,0.00447538682484294,-0.0120156221534598));
#1807=CARTESIAN_POINT('',(-0.00214531814561512,0.00447538682484294,-0.0120156221534598));
#1808=CARTESIAN_POINT('',(-0.00569536239245182,0.00322865749399671,-0.0119720854058787));
#1809=CARTESIAN_POINT('',(-0.00888178611491767,-0.000779145211239222,-0.0118321298514408));
#1810=CARTESIAN_POINT('',(-0.009533,-0.0036249476296515,-0.0117327522411683));
#1811=CARTESIAN_POINT('',(-0.009533,-0.00504999999999992,-0.0116829883158297));
#1812=CARTESIAN_POINT('',(-7.99999999996809E-6,0.00511000000000009,-0.0107677833338659));
#1813=CARTESIAN_POINT('',(-0.00133213557011236,0.00511000000000009,-0.0107677833338659));
#1814=CARTESIAN_POINT('',(-0.00398120151024602,0.00458500602339739,-0.0107489984558278));
#1815=CARTESIAN_POINT('',(-0.00735355998994387,0.00234454071080664,-0.0106709370044149));
#1816=CARTESIAN_POINT('',(-0.00962243167642988,-0.00102300695922698,-0.0105528699067381));
#1817=CARTESIAN_POINT('',(-0.0101621015393388,-0.0036757494043143,-0.010460204528451));
#1818=CARTESIAN_POINT('',(-0.0101679033227853,-0.00500567763931617,-0.010413761969193));
#1819=CARTESIAN_POINT('',(-7.99993814238595E-6,0.00511000000000008,-0.0107677832090898));
#1820=CARTESIAN_POINT('',(-7.9999999998831E-6,0.00447538682484296,-0.0120156221534598));
#1821=CARTESIAN_POINT('',(-7.9999999998831E-6,0.00462233327621845,-0.0120207536366159));
#1822=CARTESIAN_POINT('',(-7.99999999985535E-6,0.00497909190333468,-0.0117722931233928));
#1823=CARTESIAN_POINT('',(-7.9999999998831E-6,0.00511000000000008,-0.0110618553773602));
#1824=CARTESIAN_POINT('',(-7.9999999998831E-6,0.00511000000000008,-0.0107677833338659));
#1825=CARTESIAN_POINT('',(-7.99999996036541E-6,0.00447538682498995,-0.0120156221534649));
#1826=CARTESIAN_POINT('',(-0.00953299999999999,-0.00504999999999979,-0.0116829883158297));
#1827=CARTESIAN_POINT('',(-0.00953299999999999,-0.00380307917594501,-0.011726531750501));
#1828=CARTESIAN_POINT('',(-0.00903549986487698,-0.00131363853796933,-0.0118134649331832));
#1829=CARTESIAN_POINT('',(-0.00621544200543003,0.00292799547446364,-0.0119615860567997));
#1830=CARTESIAN_POINT('',(-0.00250153783655084,0.00447538682484304,-0.0120156221534598));
#1831=CARTESIAN_POINT('',(-8.000000000008E-6,0.00447538682484304,-0.0120156221534598));
#1832=CARTESIAN_POINT('',(-0.003818,-0.10595,0.002948));
#1833=CARTESIAN_POINT('',(-0.003818,-0.10595,0.002948));
#1834=CARTESIAN_POINT('',(-0.000388999999999984,-0.101537777997425,0.00294799999999996));
#1835=CARTESIAN_POINT('',(0.00107445192709812,-0.103250063307958,-0.003937));
#1836=CARTESIAN_POINT('',(0.000711679243818605,-0.102592696815387,-0.00223028871134692));
#1837=CARTESIAN_POINT('',(0.000203841165430561,-0.101998510108157,0.000158901602977165));
#1838=CARTESIAN_POINT('',(-0.000388999999999967,-0.101537777997425,0.00294799999999993));
#1839=CARTESIAN_POINT('',(-0.003818,-0.10595,0.002948));
#1840=CARTESIAN_POINT('',(-0.003048,-0.111484694571518,0.006223));
#1841=CARTESIAN_POINT('',(-0.003048,-0.111484694571518,0.00294800000000011));
#1842=CARTESIAN_POINT('',(-0.000389000000000031,-0.110362222002574,0.00294800000000023));
#1843=CARTESIAN_POINT('',(0.000203841165430511,-0.109901489891843,0.000158901602977398));
#1844=CARTESIAN_POINT('',(0.000711679243818582,-0.109307303184612,-0.0022302887113468));
#1845=CARTESIAN_POINT('',(0.00107445192709812,-0.108649936692041,-0.00393700000000002));
#1846=CARTESIAN_POINT('',(-0.000389000000000014,-0.110362222002574,0.00294800000000011));
#1847=CARTESIAN_POINT('',(-0.003818,-0.10595,0.00294800000000023));
#1848=CARTESIAN_POINT('',(-0.003048,-0.13897,0.006223));
#1849=CARTESIAN_POINT('',(-0.003048,-0.092223678053452,0.002948));
#1850=CARTESIAN_POINT('',(-0.00304800000000005,-0.11137131902769,0.002948));
#1851=CARTESIAN_POINT('',(-0.00304800000000009,-0.11137131902769,0.006223));
#1852=CARTESIAN_POINT('',(-0.003048,-0.11137131902769,0.006223));
#1853=CARTESIAN_POINT('',(-0.003048,-0.07451,0.006223));
#1854=CARTESIAN_POINT('',(-0.003048,-0.13897,0.006223));
#1855=CARTESIAN_POINT('',(-0.003048,-0.13897,0.006223));
#1856=CARTESIAN_POINT('',(0.004992,-0.13897,0.006223));
#1857=CARTESIAN_POINT('',(0.004992,-0.13897,0.006223));
#1858=CARTESIAN_POINT('',(0.004992,-0.14701,0.006223));
#1859=CARTESIAN_POINT('',(0.004992,-0.14701,0.006223));
#1860=CARTESIAN_POINT('',(0.335492,-0.14701,0.006223));
#1861=CARTESIAN_POINT('',(0.0491373054284811,-0.14701,0.006223));
#1862=CARTESIAN_POINT('',(0.0491373054284811,-0.14701,0.002948));
#1863=CARTESIAN_POINT('',(0.170242,-0.14701,0.006223));
#1864=CARTESIAN_POINT('',(0.0492506809723095,-0.14701,0.006223));
#1865=CARTESIAN_POINT('',(0.0492506809723096,-0.14701,0.006223));
#1866=CARTESIAN_POINT('',(0.0492506809723095,-0.14701,0.002948));
#1867=CARTESIAN_POINT('',(0.170242,-0.14701,0.002948));
#1868=CARTESIAN_POINT('',(0.054672,-0.14778,0.002948));
#1869=CARTESIAN_POINT('',(0.054672,-0.14778,0.002948));
#1870=CARTESIAN_POINT('',(0.0509758854184428,-0.143589,0.00294799999999995));
#1871=CARTESIAN_POINT('',(0.0545544847453658,-0.142193235805502,-0.00393700000000002));
#1872=CARTESIAN_POINT('',(0.0539144325443694,-0.142206699036589,-0.00387058882080541));
#1873=CARTESIAN_POINT('',(0.0525977425914594,-0.142461812160444,-0.00261217148593837));
#1874=CARTESIAN_POINT('',(0.0514560307549898,-0.143165551615443,0.000859221580861636));
#1875=CARTESIAN_POINT('',(0.0509758854184429,-0.143589,0.00294799999999992));
#1876=CARTESIAN_POINT('',(0.054672,-0.14778,0.002948));
#1877=CARTESIAN_POINT('',(0.0583681145815572,-0.143589,0.00294799999999993));
#1878=CARTESIAN_POINT('',(0.0578879692450103,-0.143165551615443,0.00085922158086177));
#1879=CARTESIAN_POINT('',(0.0567462574085408,-0.142461812160444,-0.00261217148593808));
#1880=CARTESIAN_POINT('',(0.0554295674556308,-0.142206699036589,-0.00387058882080525));
#1881=CARTESIAN_POINT('',(0.0547895152546345,-0.142193235805502,-0.003937));
#1882=CARTESIAN_POINT('',(0.0583681145815572,-0.143589,0.00294799999999996));
#1883=CARTESIAN_POINT('',(0.054672,-0.14778,0.00294799999999993));
#1884=CARTESIAN_POINT('',(0.0602066945715189,-0.14701,0.00294799999999996));
#1885=CARTESIAN_POINT('',(0.0602066945715189,-0.14701,0.006223));
#1886=CARTESIAN_POINT('',(0.335492,-0.14701,0.006223));
#1887=CARTESIAN_POINT('',(0.128604254573079,-0.14701,-0.00290728123667845));
#1888=CARTESIAN_POINT('',(0.128604254573079,-0.14701,0.006223));
#1889=CARTESIAN_POINT('',(0.170242,-0.14701,0.002948));
#1890=CARTESIAN_POINT('',(0.0600933190276905,-0.14701,0.002948));
#1891=CARTESIAN_POINT('',(0.0600933190276905,-0.14701,0.006223));
#1892=CARTESIAN_POINT('',(0.0600933190276905,-0.14701,0.006223));
#1893=CARTESIAN_POINT('',(0.170242,-0.14701,0.006223));
#1894=CARTESIAN_POINT('',(0.315992,0.00307000000000006,0.006223));
#1895=CARTESIAN_POINT('',(0.128604254573079,0.00307000000000007,-0.00290728123667845));
#1896=CARTESIAN_POINT('',(0.128604254573079,0.00307000000000006,0.006223));
#1897=CARTESIAN_POINT('',(0.170242,0.00307000000000006,0.006223));
#1898=CARTESIAN_POINT('',(0.004992,0.00307000000000006,0.006223));
#1899=CARTESIAN_POINT('',(0.004992,0.00307000000000006,0.006223));
#1900=CARTESIAN_POINT('',(0.004992,-0.00496999999999993,0.006223));
#1901=CARTESIAN_POINT('',(0.004992,-0.00496999999999993,0.006223));
#1902=CARTESIAN_POINT('',(0.170242,-0.07451,0.006223));
#1903=CARTESIAN_POINT('',(0.128604254573079,-0.0745102777130289,0.006223));
#1904=CARTESIAN_POINT('',(0.128604254573079,0.00511000000000008,0.006223));
#1905=CARTESIAN_POINT('',(-0.010168,0.00511000000000008,0.006223));
#1906=CARTESIAN_POINT('',(-7.99999999996781E-6,0.00511000000000008,0.006223));
#1907=CARTESIAN_POINT('',(-7.99999999996358E-6,-0.00504999999999992,0.006223));
#1908=CARTESIAN_POINT('',(-0.010168,-0.0050499999999999,0.006223));
#1909=CARTESIAN_POINT('',(-0.010168,-0.15413,0.006223));
#1910=CARTESIAN_POINT('',(-0.010168,-0.14397,0.006223));
#1911=CARTESIAN_POINT('',(-7.99999999994583E-6,-0.14397,0.006223));
#1912=CARTESIAN_POINT('',(-7.99999999992251E-6,-0.15413,0.006223));
#1913=CARTESIAN_POINT('',(0.350652,-0.15413,0.006223));
#1914=CARTESIAN_POINT('',(0.128604254573079,-0.15413,0.006223));
#1915=CARTESIAN_POINT('',(0.128604254573079,-0.0745102777130289,0.006223));
#1916=CARTESIAN_POINT('',(0.0600933190276905,-0.14701,0.006223));
#1917=CARTESIAN_POINT('',(0.0584045694903109,-0.149935,0.006223));
#1918=CARTESIAN_POINT('',(0.054672,-0.14778,0.006223));
#1919=CARTESIAN_POINT('',(0.0509394305096891,-0.149935,0.006223));
#1920=CARTESIAN_POINT('',(0.0509394305096891,-0.149935,0.006223));
#1921=CARTESIAN_POINT('',(-0.003048,-0.11137131902769,0.006223));
#1922=CARTESIAN_POINT('',(-0.00597299999999974,-0.109682569490311,0.006223));
#1923=CARTESIAN_POINT('',(-0.003818,-0.10595,0.006223));
#1924=CARTESIAN_POINT('',(-0.0059729999999997,-0.102217430509688,0.006223));
#1925=CARTESIAN_POINT('',(-0.005973,-0.102217430509689,0.006223));
#1926=CARTESIAN_POINT('',(-0.005973,-0.102217430509689,0.006223));
#1927=CARTESIAN_POINT('',(-0.005973,-0.102217430509689,0.002948));
#1928=CARTESIAN_POINT('',(-0.00597299999999984,-0.102217430509689,0.002948));
#1929=CARTESIAN_POINT('',(-0.005973,-0.102217430509689,0.006223));
#1930=CARTESIAN_POINT('',(0.170242,-0.092223678053452,0.002948));
#1931=CARTESIAN_POINT('',(-0.000389,-0.092223678053452,0.002948));
#1932=CARTESIAN_POINT('',(-0.003818,-0.10595,0.002948));
#1933=CARTESIAN_POINT('',(-0.00597299999999981,-0.109682569490311,0.002948));
#1934=CARTESIAN_POINT('',(-0.002798,-0.111515656594987,0.002948));
#1935=CARTESIAN_POINT('',(-0.003818,-0.10595,0.002948));
#1936=CARTESIAN_POINT('',(-0.0059135,-0.10595,0.002948));
#1937=CARTESIAN_POINT('',(-7.99999999994583E-6,-0.14397,0.006223));
#1938=CARTESIAN_POINT('',(-7.9999999999024E-6,-0.15413,0.006223));
#1939=CARTESIAN_POINT('',(-0.010168,-0.14397,0.006223));
#1940=CARTESIAN_POINT('',(-0.010168,-0.15413,0.006223));
#1941=CARTESIAN_POINT('',(-0.010168,-0.00504999999999989,0.006223));
#1942=CARTESIAN_POINT('',(-7.99999999996358E-6,-0.00504999999999992,0.006223));
#1943=CARTESIAN_POINT('',(-7.99999999997204E-6,0.00511000000000008,0.006223));
#1944=CARTESIAN_POINT('',(-0.002798,-0.111515656594987,0.006223));
#1945=CARTESIAN_POINT('',(-0.00597299999999981,-0.109682569490311,0.006223));
#1946=CARTESIAN_POINT('',(0.0509394305096891,-0.149935,0.006223));
#1947=CARTESIAN_POINT('',(0.0509394305096891,-0.149935,0.002948));
#1948=CARTESIAN_POINT('',(0.0509394305096891,-0.149935,0.002948));
#1949=CARTESIAN_POINT('',(0.0509394305096891,-0.149935,0.006223));
#1950=CARTESIAN_POINT('',(0.170242,-0.092223678053452,0.002948));
#1951=CARTESIAN_POINT('',(0.054672,-0.14778,0.002948));
#1952=CARTESIAN_POINT('',(0.0584045694903109,-0.149935,0.002948));
#1953=CARTESIAN_POINT('',(0.0602376565949879,-0.14676,0.002948));
#1954=CARTESIAN_POINT('',(0.170242,-0.143589,0.002948));
#1955=CARTESIAN_POINT('',(0.054672,-0.14778,0.002948));
#1956=CARTESIAN_POINT('',(0.0525765,-0.14778,0.002948));
#1957=CARTESIAN_POINT('',(0.0602376565949879,-0.14676,0.006223));
#1958=CARTESIAN_POINT('',(0.0584045694903109,-0.149935,0.006223));
#1959=CARTESIAN_POINT('',(0.054672,-0.14778,0.006223));
#1960=CARTESIAN_POINT('',(-0.003818,-0.10595,0.006223));
#1961=CARTESIAN_POINT('',(-0.003818,-0.10595,0.002948));
#1962=CARTESIAN_POINT('',(-0.003818,-0.10595,-0.00393700000000015));
#1963=CARTESIAN_POINT('',(-0.0059135,-0.10595,-0.00393700000000015));
#1964=CARTESIAN_POINT('',(0.054672,-0.14778,0.002948));
#1965=CARTESIAN_POINT('',(0.054672,-0.14778,-0.00393700000000015));
#1966=CARTESIAN_POINT('',(0.0525765,-0.14778,-0.00393700000000015));
#1967=CARTESIAN_POINT('',(0.0536324601979723,-0.143589,0.002948));
#1968=CARTESIAN_POINT('',(0.344302,-0.03799,-0.00393700000000015));
#1969=CARTESIAN_POINT('',(-0.000388999999999983,-0.0353656747533889,0.002948));
#1970=CARTESIAN_POINT('',(-0.000388999999999983,-0.0353656747533889,0.002948));
#1971=CARTESIAN_POINT('',(0.344302,-0.03799,-0.00393700000000015));
#1972=CARTESIAN_POINT('',(0.344302,-0.03799,-0.00393700000000015));
#1973=CARTESIAN_POINT('',(0.350652,-0.15413,0.006223));
#1974=CARTESIAN_POINT('',(0.128604254573079,-0.15413,-0.00290728123667845));
#1975=CARTESIAN_POINT('',(0.128604254573079,-0.15413,-0.00520699637149237));
#1976=CARTESIAN_POINT('',(-7.99993814792899E-6,-0.15413,-0.005207));
#1977=CARTESIAN_POINT('',(0.0428627515655946,-0.15413,-0.005207));
#1978=CARTESIAN_POINT('',(0.085733503069337,-0.15413,-0.005207));
#1979=CARTESIAN_POINT('',(0.12860425457308,-0.15413,-0.005207));
#1980=CARTESIAN_POINT('',(0.128604254573079,-0.153489908741934,-0.00649935247927658));
#1981=CARTESIAN_POINT('',(-7.99999999992473E-6,-0.153489908741934,-0.00649935247927657));
#1982=CARTESIAN_POINT('',(0.128604254573079,-0.153643902569731,-0.00649397489631298));
#1983=CARTESIAN_POINT('',(-7.99999999992473E-6,-0.153643902569731,-0.00649397489631297));
#1984=CARTESIAN_POINT('',(0.128604254573079,-0.154003708879832,-0.00622960411136593));
#1985=CARTESIAN_POINT('',(-7.99999999998025E-6,-0.154003708879832,-0.00622960411136592));
#1986=CARTESIAN_POINT('',(0.128604254573079,-0.15413,-0.0055042089983817));
#1987=CARTESIAN_POINT('',(-7.99999999992473E-6,-0.15413,-0.0055042089983817));
#1988=CARTESIAN_POINT('',(0.128604254573079,-0.15413,-0.00519603361066912));
#1989=CARTESIAN_POINT('',(-7.99999999992473E-6,-0.15413,-0.00519603361066911));
#1990=CARTESIAN_POINT('',(0.128604254573079,-0.15413,-0.005207));
#1991=CARTESIAN_POINT('',(0.128604254573079,-0.15413,-0.00551152051547672));
#1992=CARTESIAN_POINT('',(0.128604254573079,-0.154001881573144,-0.00622601503727939));
#1993=CARTESIAN_POINT('',(0.128604254573079,-0.153647554329746,-0.00649384737404323));
#1994=CARTESIAN_POINT('',(0.128604254573079,-0.153495386824843,-0.0064991611804061));
#1995=CARTESIAN_POINT('',(0.128604254573079,-0.15349538678324,-0.00649916118185892));
#1996=CARTESIAN_POINT('',(0.128604254573079,-0.153495386824842,-0.00649916118040609));
#1997=CARTESIAN_POINT('',(0.0857335034176422,-0.153495386824842,-0.00649916118040609));
#1998=CARTESIAN_POINT('',(0.0428627522622052,-0.153495386824842,-0.00649916118040609));
#1999=CARTESIAN_POINT('',(-7.99889323188641E-6,-0.153495386824842,-0.00649916118040609));
#2000=CARTESIAN_POINT('',(0.170242,-0.0746512705199838,-0.00925245839166861));
#2001=CARTESIAN_POINT('',(0.128604254573079,-0.153495386824842,-0.0064991611804061));
#2002=CARTESIAN_POINT('',(0.128604254573079,0.00447538638699266,-0.0120156221381697));
#2003=CARTESIAN_POINT('',(-8.000000000008E-6,0.00447538682484304,-0.0120156221534598));
#2004=CARTESIAN_POINT('',(0.0428627515243598,0.00447538682484304,-0.0120156221534598));
#2005=CARTESIAN_POINT('',(0.0857335030487195,0.00447538682484304,-0.0120156221534598));
#2006=CARTESIAN_POINT('',(0.128604254573079,0.00447538682484304,-0.0120156221534598));
#2007=CARTESIAN_POINT('',(0.128604254573079,0.00511000000000008,-0.0107571966932007));
#2008=CARTESIAN_POINT('',(-8.000000000008E-6,0.00511000000000008,-0.0107571966932007));
#2009=CARTESIAN_POINT('',(0.128604254573079,0.00511000000000008,-0.0110547977560237));
#2010=CARTESIAN_POINT('',(-8.000000000008E-6,0.00511000000000008,-0.0110547977560237));
#2011=CARTESIAN_POINT('',(0.128604254573079,0.00498085508948768,-0.0117758842165001));
#2012=CARTESIAN_POINT('',(-8.00000000006351E-6,0.00498085508948768,-0.0117758842165001));
#2013=CARTESIAN_POINT('',(0.128604254573079,0.00461880619813969,-0.0120206304683353));
#2014=CARTESIAN_POINT('',(-8.000000000008E-6,0.00461880619813969,-0.0120206304683353));
#2015=CARTESIAN_POINT('',(0.128604254573079,0.00447009631199147,-0.01201543740468));
#2016=CARTESIAN_POINT('',(-8.000000000008E-6,0.00447009631199147,-0.01201543740468));
#2017=CARTESIAN_POINT('',(0.128604254573079,0.004475386824843,-0.0120156221534598));
#2018=CARTESIAN_POINT('',(0.128604254573079,0.00462233327621852,-0.0120207536366159));
#2019=CARTESIAN_POINT('',(0.128604254573079,0.00497909190333474,-0.0117722931233928));
#2020=CARTESIAN_POINT('',(0.128604254573079,0.0051100000000001,-0.0110618553773602));
#2021=CARTESIAN_POINT('',(0.128604254573079,0.0051100000000001,-0.0107677833338659));
#2022=CARTESIAN_POINT('',(0.128604254573079,0.00511000000000007,-0.0107677832922735));
#2023=CARTESIAN_POINT('',(0.128604254573079,0.00511000000000008,-0.0107677833338659));
#2024=CARTESIAN_POINT('',(0.0857335030693387,0.00511000000000008,-0.0107677833338659));
#2025=CARTESIAN_POINT('',(0.0428627515655981,0.00511000000000008,-0.0107677833338659));
#2026=CARTESIAN_POINT('',(-7.99993814240042E-6,0.00511000000000008,-0.0107677833338659));
#2027=CARTESIAN_POINT('',(-0.010168,0.00511000000000008,0.006223));
#2028=CARTESIAN_POINT('',(0.128604254573079,0.00511000000000007,-0.00290728123667845));
#2029=CARTESIAN_POINT('',(0.128604254573079,-0.0745102777130289,-0.00290728123667845));
#2030=CARTESIAN_POINT('',(0.176117,-0.00421999999999991,2.22044604925031E-18));
#2031=CARTESIAN_POINT('',(0.031492,-0.00421999999999991,1.7347234759768E-18));
#2032=CARTESIAN_POINT('',(0.037207,-0.00421999999999991,1.7347234759768E-18));
#2033=CARTESIAN_POINT('',(0.031492,-0.00421999999999991,1.7347234759768E-18));
#2034=CARTESIAN_POINT('',(0.0335875,-0.00421999999999991,1.7347234759768E-18));
#2035=CARTESIAN_POINT('',(0.031492,-0.00421999999999991,-0.003937));
#2036=CARTESIAN_POINT('',(0.031492,-0.00421999999999991,-0.003937));
#2037=CARTESIAN_POINT('',(0.031492,-0.00421999999999991,-0.00393700000000016));
#2038=CARTESIAN_POINT('',(0.0335875,-0.00421999999999991,-0.00393700000000016));
#2039=CARTESIAN_POINT('',(0.031492,-0.00421999999999991,-0.00393700000000015));
#2040=MECHANICAL_DESIGN_GEOMETRIC_PRESENTATION_REPRESENTATION('',(#1038),
#2041);
#2041=(
GEOMETRIC_REPRESENTATION_CONTEXT(3)
GLOBAL_UNCERTAINTY_ASSIGNED_CONTEXT((#2042))
GLOBAL_UNIT_ASSIGNED_CONTEXT((#2045,#2044,#2043))
REPRESENTATION_CONTEXT('bottom shell left hald:1__Body1',
'TOP_LEVEL_ASSEMBLY_PART')
);
#2042=UNCERTAINTY_MEASURE_WITH_UNIT(LENGTH_MEASURE(2.E-5),#2045,
'DISTANCE_ACCURACY_VALUE','Maximum Tolerance applied to model');
#2043=(
NAMED_UNIT(*)
SI_UNIT($,.STERADIAN.)
SOLID_ANGLE_UNIT()
);
#2044=(
NAMED_UNIT(*)
PLANE_ANGLE_UNIT()
SI_UNIT($,.RADIAN.)
);
#2045=(
LENGTH_UNIT()
NAMED_UNIT(*)
SI_UNIT($,.METRE.)
);
#2046=PRODUCT_DEFINITION_SHAPE('','',#2047);
#2047=PRODUCT_DEFINITION('','',#2049,#2048);
#2048=PRODUCT_DEFINITION_CONTEXT('',#2055,'design');
#2049=PRODUCT_DEFINITION_FORMATION_WITH_SPECIFIED_SOURCE('','',#2051,
 .NOT_KNOWN.);
#2050=PRODUCT_RELATED_PRODUCT_CATEGORY('','',(#2051));
#2051=PRODUCT('bottom shell left hald:1__Body1',
'bottom shell left hald:1__Body1','bottom shell left hald:1__Body1',(#2053));
#2052=PRODUCT_CATEGORY('','');
#2053=PRODUCT_CONTEXT('',#2055,'mechanical');
#2054=APPLICATION_PROTOCOL_DEFINITION('international standard',
'ap242_managed_model_based_3d_engineering',2020,#2055);
#2055=APPLICATION_CONTEXT('managed model based 3d engineering');
ENDSEC;
END-ISO-10303-21;
