ISO-10303-21;
HEADER;
/* Generated by software containing ST-Developer
 * from STEP Tools, Inc. (www.steptools.com) 
 */
/* OPTION: using custom renumber hook */

FILE_DESCRIPTION(
/* description */ ('STEP AP242 Edition 2',
'CAx-IF Rec.Pracs.---Representation and Presentation of Product Manufa
cturing Information (PMI)---4.0---2014-10-13',
'CAx-IF Rec.Pracs.---3D Tessellated Geometry---0.4---2014-09-14','2;1',
'CAx-IF Rec.Pracs.---User Defined Attributes---1.5---2016-08-15'),
/* implementation_level */ '2;1');

FILE_NAME(
/* name */ 
'brew75 full assembly parts - bottom shell right half-1__Body1',
/* time_stamp */ '2026-08-25T10:33:54Z',
/* author */ (''),
/* organization */ (''),
/* preprocessor_version */ 'ST-DEVELOPER v20',
/* originating_system */ 'ONSHAPE BY PTC INC, 1.219',
/* authorisation */ '  ');

FILE_SCHEMA (('AP242_MANAGED_MODEL_BASED_3D_ENGINEERING_MIM_LF { 1 0 10303 442 3 1 4 }'));
ENDSEC;

DATA;
#10=SHAPE_REPRESENTATION_RELATIONSHIP('','',#2331,#11);
#11=ADVANCED_BREP_SHAPE_REPRESENTATION('',(#2329),#4140);
#12=OVER_RIDING_STYLED_ITEM('',(#2316),#2303,#2314);
#13=B_SPLINE_SURFACE_WITH_KNOTS('',3,1,((#3725,#3726),(#3727,#3728),(#3729,
#3730),(#3731,#3732),(#3733,#3734),(#3735,#3736)),
 .SURF_OF_LINEAR_EXTRUSION.,.F.,.F.,.F.,(4,1,1,4),(2,2),(0.,0.000384851197765167,
0.000769702395530335,0.00153940479106067),(0.,1.),.UNSPECIFIED.);
#14=B_SPLINE_SURFACE_WITH_KNOTS('',3,3,((#3755,#3756,#3757,#3758,#3759,
#3760),(#3761,#3762,#3763,#3764,#3765,#3766),(#3767,#3768,#3769,#3770,#3771,
#3772),(#3773,#3774,#3775,#3776,#3777,#3778),(#3779,#3780,#3781,#3782,#3783,
#3784),(#3785,#3786,#3787,#3788,#3789,#3790),(#3791,#3792,#3793,#3794,#3795,
#3796)),.UNSPECIFIED.,.F.,.F.,.F.,(4,1,1,1,4),(4,1,1,4),(0.,0.285714285714286,
0.571428571428571,0.785714285714286,1.),(-1.5707963267949,-0.897597901025659,
-0.448798950512832,-4.27435864480685E-15),.UNSPECIFIED.);
#15=B_SPLINE_SURFACE_WITH_KNOTS('',3,1,((#3809,#3810),(#3811,#3812),(#3813,
#3814),(#3815,#3816),(#3817,#3818)),.SURF_OF_LINEAR_EXTRUSION.,.F.,.F.,
 .F.,(4,1,4),(2,2),(-0.00600200370871081,0.499999027855569,1.00600005941985),
(0.,1.),.UNSPECIFIED.);
#16=B_SPLINE_SURFACE_WITH_KNOTS('',3,1,((#3823,#3824),(#3825,#3826),(#3827,
#3828),(#3829,#3830),(#3831,#3832)),.SURF_OF_LINEAR_EXTRUSION.,.F.,.F.,
 .F.,(4,1,4),(2,2),(-1.05534965319606E-14,0.499999999927018,0.999999999854046),
(0.,1.),.UNSPECIFIED.);
#17=B_SPLINE_SURFACE_WITH_KNOTS('',3,3,((#3843,#3844,#3845,#3846,#3847,
#3848),(#3849,#3850,#3851,#3852,#3853,#3854),(#3855,#3856,#3857,#3858,#3859,
#3860),(#3861,#3862,#3863,#3864,#3865,#3866),(#3867,#3868,#3869,#3870,#3871,
#3872),(#3873,#3874,#3875,#3876,#3877,#3878),(#3879,#3880,#3881,#3882,#3883,
#3884)),.UNSPECIFIED.,.F.,.F.,.F.,(4,1,1,1,4),(4,1,1,4),(0.,0.285714285714286,
0.571428571428571,0.785714285714286,1.),(4.74070272431622E-15,0.671328821718981,
1.11888136953163,1.56643391734428),.UNSPECIFIED.);
#18=B_SPLINE_SURFACE_WITH_KNOTS('',3,1,((#3898,#3899),(#3900,#3901),(#3902,
#3903),(#3904,#3905),(#3906,#3907),(#3908,#3909)),
 .SURF_OF_LINEAR_EXTRUSION.,.F.,.F.,.F.,(4,1,1,4),(2,2),(-9.28735759934627E-6,
0.000377890233505952,0.000765067824611249,0.00153942300682185),(0.,1.),
 .UNSPECIFIED.);
#19=B_SPLINE_SURFACE_WITH_KNOTS('',3,1,((#3921,#3922),(#3923,#3924),(#3925,
#3926),(#3927,#3928),(#3929,#3930)),.SURF_OF_LINEAR_EXTRUSION.,.F.,.F.,
 .F.,(4,1,4),(2,2),(-6.50810246807335E-30,0.499999999880784,0.999999999761567),
(0.,1.),.UNSPECIFIED.);
#20=CYLINDRICAL_SURFACE('',#2400,0.0020955);
#21=CYLINDRICAL_SURFACE('',#2402,0.0020955);
#22=CYLINDRICAL_SURFACE('',#2405,0.0020955);
#23=CYLINDRICAL_SURFACE('',#2407,0.0020955);
#24=CYLINDRICAL_SURFACE('',#2409,0.00431);
#25=CYLINDRICAL_SURFACE('',#2411,0.00431);
#26=CYLINDRICAL_SURFACE('',#2413,0.00431);
#27=CYLINDRICAL_SURFACE('',#2415,0.00431);
#28=CYLINDRICAL_SURFACE('',#2448,0.01016);
#29=CYLINDRICAL_SURFACE('',#2450,0.01016);
#30=CYLINDRICAL_SURFACE('',#2460,0.00804);
#31=CYLINDRICAL_SURFACE('',#2462,0.005588);
#32=CYLINDRICAL_SURFACE('',#2463,0.005588);
#33=CYLINDRICAL_SURFACE('',#2465,0.005588);
#34=CYLINDRICAL_SURFACE('',#2466,0.005588);
#35=CYLINDRICAL_SURFACE('',#2468,0.00804);
#36=CYLINDRICAL_SURFACE('',#2470,0.005588);
#37=CYLINDRICAL_SURFACE('',#2472,0.005588);
#38=CYLINDRICAL_SURFACE('',#2474,0.005588);
#39=CYLINDRICAL_SURFACE('',#2475,0.005588);
#40=CYLINDRICAL_SURFACE('',#2477,0.004699);
#41=CYLINDRICAL_SURFACE('',#2478,0.004699);
#42=CYLINDRICAL_SURFACE('',#2479,0.004699);
#43=CYLINDRICAL_SURFACE('',#2480,0.004699);
#44=CYLINDRICAL_SURFACE('',#2482,0.004699);
#45=CYLINDRICAL_SURFACE('',#2483,0.004699);
#46=CYLINDRICAL_SURFACE('',#2492,0.005715);
#47=CYLINDRICAL_SURFACE('',#2493,0.0020955);
#48=CYLINDRICAL_SURFACE('',#2496,0.0020955);
#49=CYLINDRICAL_SURFACE('',#2498,0.005715);
#50=B_SPLINE_CURVE_WITH_KNOTS('',3,(#3343,#3344,#3345,#3346),
 .UNSPECIFIED.,.F.,.F.,(4,4),(2.91935593035079E-10,1.),.UNSPECIFIED.);
#51=B_SPLINE_CURVE_WITH_KNOTS('',3,(#3435,#3436,#3437,#3438,#3439),
 .UNSPECIFIED.,.F.,.F.,(4,1,4),(-0.188575873704393,-0.0942879368521965,
0.),.UNSPECIFIED.);
#52=B_SPLINE_CURVE_WITH_KNOTS('',3,(#3443,#3444,#3445,#3446,#3447),
 .UNSPECIFIED.,.F.,.F.,(4,1,4),(-0.121848442512737,-0.0609242212563685,
0.),.UNSPECIFIED.);
#53=B_SPLINE_CURVE_WITH_KNOTS('',3,(#3465,#3466,#3467,#3468),
 .UNSPECIFIED.,.F.,.F.,(4,4),(307.852902732344,331.107557016608),
 .UNSPECIFIED.);
#54=B_SPLINE_CURVE_WITH_KNOTS('',3,(#3469,#3470,#3471,#3472),
 .UNSPECIFIED.,.F.,.F.,(4,4),(28.8924429833897,52.1470972676559),
 .UNSPECIFIED.);
#55=B_SPLINE_CURVE_WITH_KNOTS('',3,(#3477,#3478,#3479,#3480),
 .UNSPECIFIED.,.F.,.F.,(4,4),(307.852902732344,331.10755701661),
 .UNSPECIFIED.);
#56=B_SPLINE_CURVE_WITH_KNOTS('',3,(#3481,#3482,#3483,#3484),
 .UNSPECIFIED.,.F.,.F.,(4,4),(28.892442983392,52.1470972676576),
 .UNSPECIFIED.);
#57=B_SPLINE_CURVE_WITH_KNOTS('',3,(#3624,#3625,#3626,#3627,#3628,#3629,
#3630),.UNSPECIFIED.,.F.,.F.,(4,1,1,1,4),(4.27435864480685E-15,0.392699081698728,
0.785398163397452,1.17809724509618,1.5707963267949),.UNSPECIFIED.);
#58=B_SPLINE_CURVE_WITH_KNOTS('',3,(#3634,#3635,#3636,#3637),
 .UNSPECIFIED.,.F.,.F.,(4,4),(0.,1.),.UNSPECIFIED.);
#59=B_SPLINE_CURVE_WITH_KNOTS('',3,(#3639,#3640,#3641,#3642),
 .UNSPECIFIED.,.F.,.F.,(4,4),(0.,0.999999999708091),.UNSPECIFIED.);
#60=B_SPLINE_CURVE_WITH_KNOTS('',3,(#3646,#3647,#3648,#3649,#3650,#3651,
#3652),.UNSPECIFIED.,.F.,.F.,(4,1,1,1,4),(-1.56643391734428,-1.17482543800821,
-0.783216958672142,-0.391608479336074,-4.74070272431622E-15),
 .UNSPECIFIED.);
#61=B_SPLINE_CURVE_WITH_KNOTS('',3,(#3656,#3657,#3658,#3659),
 .UNSPECIFIED.,.F.,.F.,(4,4),(0.,1.),.UNSPECIFIED.);
#62=B_SPLINE_CURVE_WITH_KNOTS('',3,(#3661,#3662,#3663,#3664),
 .UNSPECIFIED.,.F.,.F.,(4,4),(0.,0.999999999523127),.UNSPECIFIED.);
#63=B_SPLINE_CURVE_WITH_KNOTS('',3,(#3699,#3700,#3701,#3702),
 .UNSPECIFIED.,.F.,.F.,(4,4),(304.623535479178,324.881166451354),
 .UNSPECIFIED.);
#64=B_SPLINE_CURVE_WITH_KNOTS('',3,(#3704,#3705,#3706,#3707),
 .UNSPECIFIED.,.F.,.F.,(4,4),(35.1188335486463,55.3764645208218),
 .UNSPECIFIED.);
#65=B_SPLINE_CURVE_WITH_KNOTS('',3,(#3713,#3714,#3715,#3716,#3717),
 .UNSPECIFIED.,.F.,.F.,(4,1,4),(318.59037789073,338.692681383235,358.794984875741),
 .UNSPECIFIED.);
#66=B_SPLINE_CURVE_WITH_KNOTS('',3,(#3719,#3720,#3721,#3722,#3723),
 .UNSPECIFIED.,.F.,.F.,(4,1,4),(1.20501512425645,21.3073186167634,41.4096221092704),
 .UNSPECIFIED.);
#67=B_SPLINE_CURVE_WITH_KNOTS('',3,(#3737,#3738,#3739,#3740,#3741,#3742),
 .UNSPECIFIED.,.F.,.F.,(4,1,1,4),(0.,0.25,0.5,1.),.UNSPECIFIED.);
#68=B_SPLINE_CURVE_WITH_KNOTS('',3,(#3744,#3745,#3746,#3747,#3748,#3749),
 .UNSPECIFIED.,.F.,.F.,(4,1,1,4),(0.,0.5,0.75,1.),.UNSPECIFIED.);
#69=B_SPLINE_CURVE_WITH_KNOTS('',3,(#3751,#3752,#3753,#3754),
 .UNSPECIFIED.,.F.,.F.,(4,4),(0.,1.),.UNSPECIFIED.);
#70=B_SPLINE_CURVE_WITH_KNOTS('',3,(#3797,#3798,#3799,#3800,#3801),
 .UNSPECIFIED.,.F.,.F.,(4,1,4),(-0.99999999983324,-0.49999999991662,0.),
 .UNSPECIFIED.);
#71=B_SPLINE_CURVE_WITH_KNOTS('',3,(#3803,#3804,#3805,#3806,#3807,#3808),
 .UNSPECIFIED.,.F.,.F.,(4,1,1,4),(-1.5707963267949,-1.17809724509618,-0.785398163397452,
-4.27435864480685E-15),.UNSPECIFIED.);
#72=B_SPLINE_CURVE_WITH_KNOTS('',3,(#3819,#3820,#3821,#3822),
 .UNSPECIFIED.,.F.,.F.,(4,4),(0.,0.999999994792545),.UNSPECIFIED.);
#73=B_SPLINE_CURVE_WITH_KNOTS('',3,(#3833,#3834,#3835,#3836),
 .UNSPECIFIED.,.F.,.F.,(4,4),(0.,1.),.UNSPECIFIED.);
#74=B_SPLINE_CURVE_WITH_KNOTS('',3,(#3838,#3839,#3840,#3841,#3842),
 .UNSPECIFIED.,.F.,.F.,(4,1,4),(-1.,-0.5,0.),.UNSPECIFIED.);
#75=B_SPLINE_CURVE_WITH_KNOTS('',3,(#3885,#3886,#3887,#3888,#3889,#3890),
 .UNSPECIFIED.,.F.,.F.,(4,1,1,4),(0.,0.5,0.75,1.),.UNSPECIFIED.);
#76=B_SPLINE_CURVE_WITH_KNOTS('',3,(#3892,#3893,#3894,#3895,#3896,#3897),
 .UNSPECIFIED.,.F.,.F.,(4,1,1,4),(4.74070272431622E-15,0.391608479336074,
0.783216958672142,1.56643391734428),.UNSPECIFIED.);
#77=B_SPLINE_CURVE_WITH_KNOTS('',3,(#3910,#3911,#3912,#3913,#3914,#3915),
 .UNSPECIFIED.,.F.,.F.,(4,1,1,4),(0.,0.25,0.5,1.),.UNSPECIFIED.);
#78=B_SPLINE_CURVE_WITH_KNOTS('',3,(#3917,#3918,#3919,#3920),
 .UNSPECIFIED.,.F.,.F.,(4,4),(1.56643391734428,1.57079632679489),
 .UNSPECIFIED.);
#79=B_SPLINE_CURVE_WITH_KNOTS('',3,(#3931,#3932,#3933,#3934),
 .UNSPECIFIED.,.F.,.F.,(4,4),(0.,1.),.UNSPECIFIED.);
#80=B_SPLINE_CURVE_WITH_KNOTS('',3,(#3936,#3937,#3938,#3939,#3940,#3941,
#3942,#3943,#3944,#3945,#3946,#3947,#3948,#3949,#3950,#3951,#3952,#3953,
#3954,#3955,#3956,#3957,#3958,#3959,#3960,#3961,#3962),.UNSPECIFIED.,.T.,
 .F.,(1,1,1,1,1,1,1,1,1,1,1,1,1,1,1,1,1,1,1,1,1,1,1,1,1,1,1,1,1,1,1),(225.,
247.5,258.75,270.,281.25,292.5,315.,337.5,348.75,360.,371.25,382.5,405.,
427.5,438.75,450.,461.25,472.5,495.,517.5,528.75,540.,551.25,562.5,585.,
607.5,618.75,630.,641.25,652.5,675.),.UNSPECIFIED.);
#81=B_SPLINE_CURVE_WITH_KNOTS('',3,(#3965,#3966,#3967,#3968,#3969,#3970,
#3971,#3972,#3973,#3974,#3975,#3976,#3977,#3978,#3979,#3980,#3981,#3982,
#3983,#3984,#3985,#3986,#3987,#3988,#3989,#3990,#3991),.UNSPECIFIED.,.T.,
 .F.,(1,1,1,1,1,1,1,1,1,1,1,1,1,1,1,1,1,1,1,1,1,1,1,1,1,1,1,1,1,1,1),(225.,
247.5,258.75,270.,281.25,292.5,315.,337.5,348.75,360.,371.25,382.5,405.,
427.5,438.75,450.,461.25,472.5,495.,517.5,528.75,540.,551.25,562.5,585.,
607.5,618.75,630.,641.25,652.5,675.),.UNSPECIFIED.);
#82=B_SPLINE_CURVE_WITH_KNOTS('',3,(#3994,#3995,#3996,#3997,#3998,#3999,
#4000,#4001,#4002,#4003,#4004,#4005,#4006,#4007,#4008,#4009,#4010,#4011,
#4012,#4013,#4014,#4015,#4016,#4017,#4018,#4019,#4020),.UNSPECIFIED.,.T.,
 .F.,(1,1,1,1,1,1,1,1,1,1,1,1,1,1,1,1,1,1,1,1,1,1,1,1,1,1,1,1,1,1,1),(225.,
247.5,258.75,270.,281.25,292.5,315.,337.5,348.75,360.,371.25,382.5,405.,
427.5,438.75,450.,461.25,472.5,495.,517.5,528.75,540.,551.25,562.5,585.,
607.5,618.75,630.,641.25,652.5,675.),.UNSPECIFIED.);
#83=B_SPLINE_CURVE_WITH_KNOTS('',3,(#4023,#4024,#4025,#4026,#4027,#4028,
#4029,#4030,#4031,#4032,#4033,#4034,#4035,#4036,#4037,#4038,#4039,#4040,
#4041,#4042,#4043,#4044,#4045,#4046,#4047,#4048,#4049),.UNSPECIFIED.,.T.,
 .F.,(1,1,1,1,1,1,1,1,1,1,1,1,1,1,1,1,1,1,1,1,1,1,1,1,1,1,1,1,1,1,1),(225.,
247.5,258.75,270.,281.25,292.5,315.,337.5,348.75,360.,371.25,382.5,405.,
427.5,438.75,450.,461.25,472.5,495.,517.5,528.75,540.,551.25,562.5,585.,
607.5,618.75,630.,641.25,652.5,675.),.UNSPECIFIED.);
#84=B_SPLINE_CURVE_WITH_KNOTS('',3,(#4054,#4055,#4056,#4057,#4058,#4059,
#4060,#4061,#4062,#4063,#4064,#4065,#4066,#4067,#4068,#4069,#4070,#4071,
#4072,#4073,#4074,#4075,#4076,#4077,#4078,#4079,#4080),.UNSPECIFIED.,.T.,
 .F.,(1,1,1,1,1,1,1,1,1,1,1,1,1,1,1,1,1,1,1,1,1,1,1,1,1,1,1,1,1,1,1),(225.,
247.5,258.75,270.,281.25,292.5,315.,337.5,348.75,360.,371.25,382.5,405.,
427.5,438.75,450.,461.25,472.5,495.,517.5,528.75,540.,551.25,562.5,585.,
607.5,618.75,630.,641.25,652.5,675.),.UNSPECIFIED.);
#85=B_SPLINE_CURVE_WITH_KNOTS('',3,(#4083,#4084,#4085,#4086,#4087,#4088,
#4089,#4090,#4091,#4092,#4093,#4094,#4095,#4096,#4097,#4098,#4099,#4100,
#4101,#4102,#4103,#4104,#4105,#4106,#4107,#4108,#4109),.UNSPECIFIED.,.T.,
 .F.,(1,1,1,1,1,1,1,1,1,1,1,1,1,1,1,1,1,1,1,1,1,1,1,1,1,1,1,1,1,1,1),(225.,
247.5,258.75,270.,281.25,292.5,315.,337.5,348.75,360.,371.25,382.5,405.,
427.5,438.75,450.,461.25,472.5,495.,517.5,528.75,540.,551.25,562.5,585.,
607.5,618.75,630.,641.25,652.5,675.),.UNSPECIFIED.);
#86=CIRCLE('',#2354,0.00804);
#87=CIRCLE('',#2355,0.00431);
#88=CIRCLE('',#2356,0.00431);
#89=CIRCLE('',#2357,0.00804);
#90=CIRCLE('',#2358,0.00431);
#91=CIRCLE('',#2359,0.00431);
#92=CIRCLE('',#2360,0.01016);
#93=CIRCLE('',#2361,0.01016);
#94=CIRCLE('',#2373,0.005715);
#95=CIRCLE('',#2374,0.005588);
#96=CIRCLE('',#2375,0.005588);
#97=CIRCLE('',#2376,0.005588);
#98=CIRCLE('',#2377,0.004699);
#99=CIRCLE('',#2378,0.005588);
#100=CIRCLE('',#2379,0.00804);
#101=CIRCLE('',#2380,0.005588);
#102=CIRCLE('',#2381,0.005588);
#103=CIRCLE('',#2382,0.005588);
#104=CIRCLE('',#2383,0.005588);
#105=CIRCLE('',#2384,0.00804);
#106=CIRCLE('',#2385,0.005715);
#107=CIRCLE('',#2390,0.004699);
#108=CIRCLE('',#2391,0.0020955);
#109=CIRCLE('',#2395,0.004699);
#110=CIRCLE('',#2396,0.0020955);
#111=CIRCLE('',#2398,0.004699);
#112=CIRCLE('',#2399,0.0020955);
#113=CIRCLE('',#2401,0.0020955);
#114=CIRCLE('',#2403,0.0020955);
#115=CIRCLE('',#2404,0.0020955);
#116=CIRCLE('',#2406,0.0020955);
#117=CIRCLE('',#2408,0.0020955);
#118=CIRCLE('',#2410,0.00431);
#119=CIRCLE('',#2412,0.00431);
#120=CIRCLE('',#2414,0.00431);
#121=CIRCLE('',#2416,0.00431);
#122=CIRCLE('',#2430,0.005588);
#123=CIRCLE('',#2431,0.005588);
#124=CIRCLE('',#2435,0.005588);
#125=CIRCLE('',#2436,0.005588);
#126=CIRCLE('',#2440,0.005588);
#127=CIRCLE('',#2441,0.005588);
#128=CIRCLE('',#2445,0.005588);
#129=CIRCLE('',#2446,0.005588);
#130=CIRCLE('',#2453,0.004699);
#131=CIRCLE('',#2481,0.004699);
#132=CIRCLE('',#2484,0.004699);
#133=CIRCLE('',#2488,0.0020955);
#134=CIRCLE('',#2490,0.005715);
#135=CIRCLE('',#2491,0.0020955);
#136=CIRCLE('',#2495,0.0020955);
#137=CIRCLE('',#2497,0.0020955);
#138=CIRCLE('',#2499,0.005715);
#139=ORIENTED_EDGE('',*,*,#783,.T.);
#140=ORIENTED_EDGE('',*,*,#784,.T.);
#141=ORIENTED_EDGE('',*,*,#785,.T.);
#142=ORIENTED_EDGE('',*,*,#786,.T.);
#143=ORIENTED_EDGE('',*,*,#784,.F.);
#144=ORIENTED_EDGE('',*,*,#787,.T.);
#145=ORIENTED_EDGE('',*,*,#788,.F.);
#146=ORIENTED_EDGE('',*,*,#789,.T.);
#147=ORIENTED_EDGE('',*,*,#790,.T.);
#148=ORIENTED_EDGE('',*,*,#788,.T.);
#149=ORIENTED_EDGE('',*,*,#791,.T.);
#150=ORIENTED_EDGE('',*,*,#792,.T.);
#151=ORIENTED_EDGE('',*,*,#793,.T.);
#152=ORIENTED_EDGE('',*,*,#794,.T.);
#153=ORIENTED_EDGE('',*,*,#795,.T.);
#154=ORIENTED_EDGE('',*,*,#796,.T.);
#155=ORIENTED_EDGE('',*,*,#794,.F.);
#156=ORIENTED_EDGE('',*,*,#797,.T.);
#157=ORIENTED_EDGE('',*,*,#798,.T.);
#158=ORIENTED_EDGE('',*,*,#799,.T.);
#159=ORIENTED_EDGE('',*,*,#800,.T.);
#160=ORIENTED_EDGE('',*,*,#801,.T.);
#161=ORIENTED_EDGE('',*,*,#802,.T.);
#162=ORIENTED_EDGE('',*,*,#803,.T.);
#163=ORIENTED_EDGE('',*,*,#796,.F.);
#164=ORIENTED_EDGE('',*,*,#804,.T.);
#165=ORIENTED_EDGE('',*,*,#801,.F.);
#166=ORIENTED_EDGE('',*,*,#805,.T.);
#167=ORIENTED_EDGE('',*,*,#806,.T.);
#168=ORIENTED_EDGE('',*,*,#807,.T.);
#169=ORIENTED_EDGE('',*,*,#808,.T.);
#170=ORIENTED_EDGE('',*,*,#809,.T.);
#171=ORIENTED_EDGE('',*,*,#807,.F.);
#172=ORIENTED_EDGE('',*,*,#810,.T.);
#173=ORIENTED_EDGE('',*,*,#811,.T.);
#174=ORIENTED_EDGE('',*,*,#812,.T.);
#175=ORIENTED_EDGE('',*,*,#813,.T.);
#176=ORIENTED_EDGE('',*,*,#814,.T.);
#177=ORIENTED_EDGE('',*,*,#815,.T.);
#178=ORIENTED_EDGE('',*,*,#816,.T.);
#179=ORIENTED_EDGE('',*,*,#809,.F.);
#180=ORIENTED_EDGE('',*,*,#817,.T.);
#181=ORIENTED_EDGE('',*,*,#814,.F.);
#182=ORIENTED_EDGE('',*,*,#818,.T.);
#183=ORIENTED_EDGE('',*,*,#819,.T.);
#184=ORIENTED_EDGE('',*,*,#820,.T.);
#185=ORIENTED_EDGE('',*,*,#821,.T.);
#186=ORIENTED_EDGE('',*,*,#822,.T.);
#187=ORIENTED_EDGE('',*,*,#820,.F.);
#188=ORIENTED_EDGE('',*,*,#823,.T.);
#189=ORIENTED_EDGE('',*,*,#824,.F.);
#190=ORIENTED_EDGE('',*,*,#825,.T.);
#191=ORIENTED_EDGE('',*,*,#826,.T.);
#192=ORIENTED_EDGE('',*,*,#827,.T.);
#193=ORIENTED_EDGE('',*,*,#828,.T.);
#194=ORIENTED_EDGE('',*,*,#824,.T.);
#195=ORIENTED_EDGE('',*,*,#827,.F.);
#196=ORIENTED_EDGE('',*,*,#829,.T.);
#197=ORIENTED_EDGE('',*,*,#830,.T.);
#198=ORIENTED_EDGE('',*,*,#831,.T.);
#199=ORIENTED_EDGE('',*,*,#832,.T.);
#200=ORIENTED_EDGE('',*,*,#833,.T.);
#201=ORIENTED_EDGE('',*,*,#834,.T.);
#202=ORIENTED_EDGE('',*,*,#835,.T.);
#203=ORIENTED_EDGE('',*,*,#833,.F.);
#204=ORIENTED_EDGE('',*,*,#836,.F.);
#205=ORIENTED_EDGE('',*,*,#837,.F.);
#206=ORIENTED_EDGE('',*,*,#838,.F.);
#207=ORIENTED_EDGE('',*,*,#839,.T.);
#208=ORIENTED_EDGE('',*,*,#840,.T.);
#209=ORIENTED_EDGE('',*,*,#841,.T.);
#210=ORIENTED_EDGE('',*,*,#842,.T.);
#211=ORIENTED_EDGE('',*,*,#835,.F.);
#212=ORIENTED_EDGE('',*,*,#843,.F.);
#213=ORIENTED_EDGE('',*,*,#840,.F.);
#214=ORIENTED_EDGE('',*,*,#844,.F.);
#215=ORIENTED_EDGE('',*,*,#842,.F.);
#216=ORIENTED_EDGE('',*,*,#845,.F.);
#217=ORIENTED_EDGE('',*,*,#846,.F.);
#218=ORIENTED_EDGE('',*,*,#847,.F.);
#219=ORIENTED_EDGE('',*,*,#846,.T.);
#220=ORIENTED_EDGE('',*,*,#848,.T.);
#221=ORIENTED_EDGE('',*,*,#849,.T.);
#222=ORIENTED_EDGE('',*,*,#850,.T.);
#223=ORIENTED_EDGE('',*,*,#851,.T.);
#224=ORIENTED_EDGE('',*,*,#852,.T.);
#225=ORIENTED_EDGE('',*,*,#853,.T.);
#226=ORIENTED_EDGE('',*,*,#854,.T.);
#227=ORIENTED_EDGE('',*,*,#855,.T.);
#228=ORIENTED_EDGE('',*,*,#856,.T.);
#229=ORIENTED_EDGE('',*,*,#857,.T.);
#230=ORIENTED_EDGE('',*,*,#858,.T.);
#231=ORIENTED_EDGE('',*,*,#859,.T.);
#232=ORIENTED_EDGE('',*,*,#860,.T.);
#233=ORIENTED_EDGE('',*,*,#861,.T.);
#234=ORIENTED_EDGE('',*,*,#862,.T.);
#235=ORIENTED_EDGE('',*,*,#863,.T.);
#236=ORIENTED_EDGE('',*,*,#864,.T.);
#237=ORIENTED_EDGE('',*,*,#865,.T.);
#238=ORIENTED_EDGE('',*,*,#866,.T.);
#239=ORIENTED_EDGE('',*,*,#867,.T.);
#240=ORIENTED_EDGE('',*,*,#868,.T.);
#241=ORIENTED_EDGE('',*,*,#869,.T.);
#242=ORIENTED_EDGE('',*,*,#870,.F.);
#243=ORIENTED_EDGE('',*,*,#871,.F.);
#244=ORIENTED_EDGE('',*,*,#872,.F.);
#245=ORIENTED_EDGE('',*,*,#873,.F.);
#246=ORIENTED_EDGE('',*,*,#874,.F.);
#247=ORIENTED_EDGE('',*,*,#845,.T.);
#248=ORIENTED_EDGE('',*,*,#841,.F.);
#249=ORIENTED_EDGE('',*,*,#843,.T.);
#250=ORIENTED_EDGE('',*,*,#834,.F.);
#251=ORIENTED_EDGE('',*,*,#838,.T.);
#252=ORIENTED_EDGE('',*,*,#875,.F.);
#253=ORIENTED_EDGE('',*,*,#876,.F.);
#254=ORIENTED_EDGE('',*,*,#821,.F.);
#255=ORIENTED_EDGE('',*,*,#825,.F.);
#256=ORIENTED_EDGE('',*,*,#828,.F.);
#257=ORIENTED_EDGE('',*,*,#831,.F.);
#258=ORIENTED_EDGE('',*,*,#877,.F.);
#259=ORIENTED_EDGE('',*,*,#878,.F.);
#260=ORIENTED_EDGE('',*,*,#815,.F.);
#261=ORIENTED_EDGE('',*,*,#817,.F.);
#262=ORIENTED_EDGE('',*,*,#808,.F.);
#263=ORIENTED_EDGE('',*,*,#812,.F.);
#264=ORIENTED_EDGE('',*,*,#879,.F.);
#265=ORIENTED_EDGE('',*,*,#880,.F.);
#266=ORIENTED_EDGE('',*,*,#802,.F.);
#267=ORIENTED_EDGE('',*,*,#804,.F.);
#268=ORIENTED_EDGE('',*,*,#795,.F.);
#269=ORIENTED_EDGE('',*,*,#799,.F.);
#270=ORIENTED_EDGE('',*,*,#881,.F.);
#271=ORIENTED_EDGE('',*,*,#882,.F.);
#272=ORIENTED_EDGE('',*,*,#791,.F.);
#273=ORIENTED_EDGE('',*,*,#787,.F.);
#274=ORIENTED_EDGE('',*,*,#783,.F.);
#275=ORIENTED_EDGE('',*,*,#883,.F.);
#276=ORIENTED_EDGE('',*,*,#884,.F.);
#277=ORIENTED_EDGE('',*,*,#885,.T.);
#278=ORIENTED_EDGE('',*,*,#886,.T.);
#279=ORIENTED_EDGE('',*,*,#887,.F.);
#280=ORIENTED_EDGE('',*,*,#888,.T.);
#281=ORIENTED_EDGE('',*,*,#889,.T.);
#282=ORIENTED_EDGE('',*,*,#890,.T.);
#283=ORIENTED_EDGE('',*,*,#891,.F.);
#284=ORIENTED_EDGE('',*,*,#848,.F.);
#285=ORIENTED_EDGE('',*,*,#892,.T.);
#286=ORIENTED_EDGE('',*,*,#893,.F.);
#287=ORIENTED_EDGE('',*,*,#894,.F.);
#288=ORIENTED_EDGE('',*,*,#895,.F.);
#289=ORIENTED_EDGE('',*,*,#896,.T.);
#290=ORIENTED_EDGE('',*,*,#897,.F.);
#291=ORIENTED_EDGE('',*,*,#898,.T.);
#292=ORIENTED_EDGE('',*,*,#899,.F.);
#293=ORIENTED_EDGE('',*,*,#900,.T.);
#294=ORIENTED_EDGE('',*,*,#901,.T.);
#295=ORIENTED_EDGE('',*,*,#899,.T.);
#296=ORIENTED_EDGE('',*,*,#902,.T.);
#297=ORIENTED_EDGE('',*,*,#901,.F.);
#298=ORIENTED_EDGE('',*,*,#903,.F.);
#299=ORIENTED_EDGE('',*,*,#904,.F.);
#300=ORIENTED_EDGE('',*,*,#892,.F.);
#301=ORIENTED_EDGE('',*,*,#905,.T.);
#302=ORIENTED_EDGE('',*,*,#906,.T.);
#303=ORIENTED_EDGE('',*,*,#893,.T.);
#304=ORIENTED_EDGE('',*,*,#904,.T.);
#305=ORIENTED_EDGE('',*,*,#906,.F.);
#306=ORIENTED_EDGE('',*,*,#907,.F.);
#307=ORIENTED_EDGE('',*,*,#908,.F.);
#308=ORIENTED_EDGE('',*,*,#894,.T.);
#309=ORIENTED_EDGE('',*,*,#909,.T.);
#310=ORIENTED_EDGE('',*,*,#910,.T.);
#311=ORIENTED_EDGE('',*,*,#895,.T.);
#312=ORIENTED_EDGE('',*,*,#908,.T.);
#313=ORIENTED_EDGE('',*,*,#910,.F.);
#314=ORIENTED_EDGE('',*,*,#911,.F.);
#315=ORIENTED_EDGE('',*,*,#912,.F.);
#316=ORIENTED_EDGE('',*,*,#896,.F.);
#317=ORIENTED_EDGE('',*,*,#913,.T.);
#318=ORIENTED_EDGE('',*,*,#914,.T.);
#319=ORIENTED_EDGE('',*,*,#897,.T.);
#320=ORIENTED_EDGE('',*,*,#912,.T.);
#321=ORIENTED_EDGE('',*,*,#902,.F.);
#322=ORIENTED_EDGE('',*,*,#898,.F.);
#323=ORIENTED_EDGE('',*,*,#914,.F.);
#324=ORIENTED_EDGE('',*,*,#915,.F.);
#325=ORIENTED_EDGE('',*,*,#847,.T.);
#326=ORIENTED_EDGE('',*,*,#874,.T.);
#327=ORIENTED_EDGE('',*,*,#916,.F.);
#328=ORIENTED_EDGE('',*,*,#917,.F.);
#329=ORIENTED_EDGE('',*,*,#918,.T.);
#330=ORIENTED_EDGE('',*,*,#919,.T.);
#331=ORIENTED_EDGE('',*,*,#920,.T.);
#332=ORIENTED_EDGE('',*,*,#785,.F.);
#333=ORIENTED_EDGE('',*,*,#789,.F.);
#334=ORIENTED_EDGE('',*,*,#790,.F.);
#335=ORIENTED_EDGE('',*,*,#921,.F.);
#336=ORIENTED_EDGE('',*,*,#922,.F.);
#337=ORIENTED_EDGE('',*,*,#797,.F.);
#338=ORIENTED_EDGE('',*,*,#793,.F.);
#339=ORIENTED_EDGE('',*,*,#805,.F.);
#340=ORIENTED_EDGE('',*,*,#800,.F.);
#341=ORIENTED_EDGE('',*,*,#923,.F.);
#342=ORIENTED_EDGE('',*,*,#924,.F.);
#343=ORIENTED_EDGE('',*,*,#810,.F.);
#344=ORIENTED_EDGE('',*,*,#806,.F.);
#345=ORIENTED_EDGE('',*,*,#818,.F.);
#346=ORIENTED_EDGE('',*,*,#813,.F.);
#347=ORIENTED_EDGE('',*,*,#925,.F.);
#348=ORIENTED_EDGE('',*,*,#926,.F.);
#349=ORIENTED_EDGE('',*,*,#829,.F.);
#350=ORIENTED_EDGE('',*,*,#826,.F.);
#351=ORIENTED_EDGE('',*,*,#823,.F.);
#352=ORIENTED_EDGE('',*,*,#819,.F.);
#353=ORIENTED_EDGE('',*,*,#927,.T.);
#354=ORIENTED_EDGE('',*,*,#928,.T.);
#355=ORIENTED_EDGE('',*,*,#836,.T.);
#356=ORIENTED_EDGE('',*,*,#832,.F.);
#357=ORIENTED_EDGE('',*,*,#844,.T.);
#358=ORIENTED_EDGE('',*,*,#839,.F.);
#359=ORIENTED_EDGE('',*,*,#903,.T.);
#360=ORIENTED_EDGE('',*,*,#900,.F.);
#361=ORIENTED_EDGE('',*,*,#915,.T.);
#362=ORIENTED_EDGE('',*,*,#913,.F.);
#363=ORIENTED_EDGE('',*,*,#911,.T.);
#364=ORIENTED_EDGE('',*,*,#909,.F.);
#365=ORIENTED_EDGE('',*,*,#907,.T.);
#366=ORIENTED_EDGE('',*,*,#905,.F.);
#367=ORIENTED_EDGE('',*,*,#929,.T.);
#368=ORIENTED_EDGE('',*,*,#930,.T.);
#369=ORIENTED_EDGE('',*,*,#931,.T.);
#370=ORIENTED_EDGE('',*,*,#932,.T.);
#371=ORIENTED_EDGE('',*,*,#886,.F.);
#372=ORIENTED_EDGE('',*,*,#933,.T.);
#373=ORIENTED_EDGE('',*,*,#934,.T.);
#374=ORIENTED_EDGE('',*,*,#935,.T.);
#375=ORIENTED_EDGE('',*,*,#936,.F.);
#376=ORIENTED_EDGE('',*,*,#937,.T.);
#377=ORIENTED_EDGE('',*,*,#938,.T.);
#378=ORIENTED_EDGE('',*,*,#939,.T.);
#379=ORIENTED_EDGE('',*,*,#940,.T.);
#380=ORIENTED_EDGE('',*,*,#941,.T.);
#381=ORIENTED_EDGE('',*,*,#942,.T.);
#382=ORIENTED_EDGE('',*,*,#943,.T.);
#383=ORIENTED_EDGE('',*,*,#944,.T.);
#384=ORIENTED_EDGE('',*,*,#945,.T.);
#385=ORIENTED_EDGE('',*,*,#946,.T.);
#386=ORIENTED_EDGE('',*,*,#947,.T.);
#387=ORIENTED_EDGE('',*,*,#948,.T.);
#388=ORIENTED_EDGE('',*,*,#949,.T.);
#389=ORIENTED_EDGE('',*,*,#950,.T.);
#390=ORIENTED_EDGE('',*,*,#951,.T.);
#391=ORIENTED_EDGE('',*,*,#952,.T.);
#392=ORIENTED_EDGE('',*,*,#953,.T.);
#393=ORIENTED_EDGE('',*,*,#954,.T.);
#394=ORIENTED_EDGE('',*,*,#955,.T.);
#395=ORIENTED_EDGE('',*,*,#890,.F.);
#396=ORIENTED_EDGE('',*,*,#956,.T.);
#397=ORIENTED_EDGE('',*,*,#957,.T.);
#398=ORIENTED_EDGE('',*,*,#958,.T.);
#399=ORIENTED_EDGE('',*,*,#959,.T.);
#400=ORIENTED_EDGE('',*,*,#960,.T.);
#401=ORIENTED_EDGE('',*,*,#961,.T.);
#402=ORIENTED_EDGE('',*,*,#962,.F.);
#403=ORIENTED_EDGE('',*,*,#869,.F.);
#404=ORIENTED_EDGE('',*,*,#963,.F.);
#405=ORIENTED_EDGE('',*,*,#933,.F.);
#406=ORIENTED_EDGE('',*,*,#885,.F.);
#407=ORIENTED_EDGE('',*,*,#964,.F.);
#408=ORIENTED_EDGE('',*,*,#918,.F.);
#409=ORIENTED_EDGE('',*,*,#965,.F.);
#410=ORIENTED_EDGE('',*,*,#966,.F.);
#411=ORIENTED_EDGE('',*,*,#967,.F.);
#412=ORIENTED_EDGE('',*,*,#963,.T.);
#413=ORIENTED_EDGE('',*,*,#868,.F.);
#414=ORIENTED_EDGE('',*,*,#968,.T.);
#415=ORIENTED_EDGE('',*,*,#969,.F.);
#416=ORIENTED_EDGE('',*,*,#970,.T.);
#417=ORIENTED_EDGE('',*,*,#934,.F.);
#418=ORIENTED_EDGE('',*,*,#964,.T.);
#419=ORIENTED_EDGE('',*,*,#884,.T.);
#420=ORIENTED_EDGE('',*,*,#971,.T.);
#421=ORIENTED_EDGE('',*,*,#919,.F.);
#422=ORIENTED_EDGE('',*,*,#972,.F.);
#423=ORIENTED_EDGE('',*,*,#973,.F.);
#424=ORIENTED_EDGE('',*,*,#974,.F.);
#425=ORIENTED_EDGE('',*,*,#975,.T.);
#426=ORIENTED_EDGE('',*,*,#952,.F.);
#427=ORIENTED_EDGE('',*,*,#976,.F.);
#428=ORIENTED_EDGE('',*,*,#977,.F.);
#429=ORIENTED_EDGE('',*,*,#978,.T.);
#430=ORIENTED_EDGE('',*,*,#948,.F.);
#431=ORIENTED_EDGE('',*,*,#979,.F.);
#432=ORIENTED_EDGE('',*,*,#980,.F.);
#433=ORIENTED_EDGE('',*,*,#981,.F.);
#434=ORIENTED_EDGE('',*,*,#982,.F.);
#435=ORIENTED_EDGE('',*,*,#983,.F.);
#436=ORIENTED_EDGE('',*,*,#984,.F.);
#437=ORIENTED_EDGE('',*,*,#973,.T.);
#438=ORIENTED_EDGE('',*,*,#985,.F.);
#439=ORIENTED_EDGE('',*,*,#986,.T.);
#440=ORIENTED_EDGE('',*,*,#987,.F.);
#441=ORIENTED_EDGE('',*,*,#983,.T.);
#442=ORIENTED_EDGE('',*,*,#988,.F.);
#443=ORIENTED_EDGE('',*,*,#981,.T.);
#444=ORIENTED_EDGE('',*,*,#989,.T.);
#445=ORIENTED_EDGE('',*,*,#990,.F.);
#446=ORIENTED_EDGE('',*,*,#866,.F.);
#447=ORIENTED_EDGE('',*,*,#991,.T.);
#448=ORIENTED_EDGE('',*,*,#992,.T.);
#449=ORIENTED_EDGE('',*,*,#993,.F.);
#450=ORIENTED_EDGE('',*,*,#862,.F.);
#451=ORIENTED_EDGE('',*,*,#994,.T.);
#452=ORIENTED_EDGE('',*,*,#995,.T.);
#453=ORIENTED_EDGE('',*,*,#996,.F.);
#454=ORIENTED_EDGE('',*,*,#856,.F.);
#455=ORIENTED_EDGE('',*,*,#997,.T.);
#456=ORIENTED_EDGE('',*,*,#998,.T.);
#457=ORIENTED_EDGE('',*,*,#999,.F.);
#458=ORIENTED_EDGE('',*,*,#852,.F.);
#459=ORIENTED_EDGE('',*,*,#1000,.T.);
#460=ORIENTED_EDGE('',*,*,#1001,.F.);
#461=ORIENTED_EDGE('',*,*,#1002,.F.);
#462=ORIENTED_EDGE('',*,*,#1003,.F.);
#463=ORIENTED_EDGE('',*,*,#1004,.F.);
#464=ORIENTED_EDGE('',*,*,#1005,.T.);
#465=ORIENTED_EDGE('',*,*,#1006,.F.);
#466=ORIENTED_EDGE('',*,*,#1007,.F.);
#467=ORIENTED_EDGE('',*,*,#888,.F.);
#468=ORIENTED_EDGE('',*,*,#786,.F.);
#469=ORIENTED_EDGE('',*,*,#920,.F.);
#470=ORIENTED_EDGE('',*,*,#971,.F.);
#471=ORIENTED_EDGE('',*,*,#883,.T.);
#472=ORIENTED_EDGE('',*,*,#792,.F.);
#473=ORIENTED_EDGE('',*,*,#882,.T.);
#474=ORIENTED_EDGE('',*,*,#1008,.F.);
#475=ORIENTED_EDGE('',*,*,#921,.T.);
#476=ORIENTED_EDGE('',*,*,#881,.T.);
#477=ORIENTED_EDGE('',*,*,#798,.F.);
#478=ORIENTED_EDGE('',*,*,#922,.T.);
#479=ORIENTED_EDGE('',*,*,#1008,.T.);
#480=ORIENTED_EDGE('',*,*,#803,.F.);
#481=ORIENTED_EDGE('',*,*,#880,.T.);
#482=ORIENTED_EDGE('',*,*,#1009,.F.);
#483=ORIENTED_EDGE('',*,*,#923,.T.);
#484=ORIENTED_EDGE('',*,*,#879,.T.);
#485=ORIENTED_EDGE('',*,*,#811,.F.);
#486=ORIENTED_EDGE('',*,*,#924,.T.);
#487=ORIENTED_EDGE('',*,*,#1009,.T.);
#488=ORIENTED_EDGE('',*,*,#816,.F.);
#489=ORIENTED_EDGE('',*,*,#878,.T.);
#490=ORIENTED_EDGE('',*,*,#1010,.F.);
#491=ORIENTED_EDGE('',*,*,#925,.T.);
#492=ORIENTED_EDGE('',*,*,#877,.T.);
#493=ORIENTED_EDGE('',*,*,#830,.F.);
#494=ORIENTED_EDGE('',*,*,#926,.T.);
#495=ORIENTED_EDGE('',*,*,#1010,.T.);
#496=ORIENTED_EDGE('',*,*,#822,.F.);
#497=ORIENTED_EDGE('',*,*,#876,.T.);
#498=ORIENTED_EDGE('',*,*,#1011,.F.);
#499=ORIENTED_EDGE('',*,*,#927,.F.);
#500=ORIENTED_EDGE('',*,*,#837,.T.);
#501=ORIENTED_EDGE('',*,*,#928,.F.);
#502=ORIENTED_EDGE('',*,*,#1011,.T.);
#503=ORIENTED_EDGE('',*,*,#875,.T.);
#504=ORIENTED_EDGE('',*,*,#1012,.T.);
#505=ORIENTED_EDGE('',*,*,#1000,.F.);
#506=ORIENTED_EDGE('',*,*,#851,.F.);
#507=ORIENTED_EDGE('',*,*,#1013,.T.);
#508=ORIENTED_EDGE('',*,*,#1014,.T.);
#509=ORIENTED_EDGE('',*,*,#974,.T.);
#510=ORIENTED_EDGE('',*,*,#1015,.T.);
#511=ORIENTED_EDGE('',*,*,#1016,.T.);
#512=ORIENTED_EDGE('',*,*,#1017,.F.);
#513=ORIENTED_EDGE('',*,*,#998,.F.);
#514=ORIENTED_EDGE('',*,*,#1012,.F.);
#515=ORIENTED_EDGE('',*,*,#1018,.T.);
#516=ORIENTED_EDGE('',*,*,#984,.T.);
#517=ORIENTED_EDGE('',*,*,#1017,.T.);
#518=ORIENTED_EDGE('',*,*,#1019,.F.);
#519=ORIENTED_EDGE('',*,*,#853,.F.);
#520=ORIENTED_EDGE('',*,*,#999,.T.);
#521=ORIENTED_EDGE('',*,*,#1020,.T.);
#522=ORIENTED_EDGE('',*,*,#997,.F.);
#523=ORIENTED_EDGE('',*,*,#855,.F.);
#524=ORIENTED_EDGE('',*,*,#1021,.T.);
#525=ORIENTED_EDGE('',*,*,#1022,.T.);
#526=ORIENTED_EDGE('',*,*,#1023,.F.);
#527=ORIENTED_EDGE('',*,*,#995,.F.);
#528=ORIENTED_EDGE('',*,*,#1020,.F.);
#529=ORIENTED_EDGE('',*,*,#1024,.T.);
#530=ORIENTED_EDGE('',*,*,#1025,.T.);
#531=ORIENTED_EDGE('',*,*,#977,.T.);
#532=ORIENTED_EDGE('',*,*,#1026,.T.);
#533=ORIENTED_EDGE('',*,*,#988,.T.);
#534=ORIENTED_EDGE('',*,*,#1023,.T.);
#535=ORIENTED_EDGE('',*,*,#1027,.F.);
#536=ORIENTED_EDGE('',*,*,#857,.F.);
#537=ORIENTED_EDGE('',*,*,#996,.T.);
#538=ORIENTED_EDGE('',*,*,#1028,.T.);
#539=ORIENTED_EDGE('',*,*,#994,.F.);
#540=ORIENTED_EDGE('',*,*,#861,.F.);
#541=ORIENTED_EDGE('',*,*,#1029,.T.);
#542=ORIENTED_EDGE('',*,*,#1030,.T.);
#543=ORIENTED_EDGE('',*,*,#1031,.F.);
#544=ORIENTED_EDGE('',*,*,#992,.F.);
#545=ORIENTED_EDGE('',*,*,#1028,.F.);
#546=ORIENTED_EDGE('',*,*,#1032,.T.);
#547=ORIENTED_EDGE('',*,*,#1033,.T.);
#548=ORIENTED_EDGE('',*,*,#1034,.T.);
#549=ORIENTED_EDGE('',*,*,#1035,.T.);
#550=ORIENTED_EDGE('',*,*,#985,.T.);
#551=ORIENTED_EDGE('',*,*,#1031,.T.);
#552=ORIENTED_EDGE('',*,*,#1036,.F.);
#553=ORIENTED_EDGE('',*,*,#863,.F.);
#554=ORIENTED_EDGE('',*,*,#993,.T.);
#555=ORIENTED_EDGE('',*,*,#1037,.T.);
#556=ORIENTED_EDGE('',*,*,#991,.F.);
#557=ORIENTED_EDGE('',*,*,#865,.F.);
#558=ORIENTED_EDGE('',*,*,#1038,.T.);
#559=ORIENTED_EDGE('',*,*,#969,.T.);
#560=ORIENTED_EDGE('',*,*,#1039,.F.);
#561=ORIENTED_EDGE('',*,*,#989,.F.);
#562=ORIENTED_EDGE('',*,*,#1037,.F.);
#563=ORIENTED_EDGE('',*,*,#1040,.T.);
#564=ORIENTED_EDGE('',*,*,#1041,.T.);
#565=ORIENTED_EDGE('',*,*,#1042,.T.);
#566=ORIENTED_EDGE('',*,*,#1043,.T.);
#567=ORIENTED_EDGE('',*,*,#987,.T.);
#568=ORIENTED_EDGE('',*,*,#1039,.T.);
#569=ORIENTED_EDGE('',*,*,#968,.F.);
#570=ORIENTED_EDGE('',*,*,#867,.F.);
#571=ORIENTED_EDGE('',*,*,#990,.T.);
#572=ORIENTED_EDGE('',*,*,#1044,.F.);
#573=ORIENTED_EDGE('',*,*,#916,.T.);
#574=ORIENTED_EDGE('',*,*,#873,.T.);
#575=ORIENTED_EDGE('',*,*,#1045,.T.);
#576=ORIENTED_EDGE('',*,*,#1046,.F.);
#577=ORIENTED_EDGE('',*,*,#962,.T.);
#578=ORIENTED_EDGE('',*,*,#1047,.F.);
#579=ORIENTED_EDGE('',*,*,#1048,.F.);
#580=ORIENTED_EDGE('',*,*,#870,.T.);
#581=ORIENTED_EDGE('',*,*,#1049,.F.);
#582=ORIENTED_EDGE('',*,*,#1050,.T.);
#583=ORIENTED_EDGE('',*,*,#871,.T.);
#584=ORIENTED_EDGE('',*,*,#1048,.T.);
#585=ORIENTED_EDGE('',*,*,#1051,.F.);
#586=ORIENTED_EDGE('',*,*,#1052,.F.);
#587=ORIENTED_EDGE('',*,*,#1045,.F.);
#588=ORIENTED_EDGE('',*,*,#872,.T.);
#589=ORIENTED_EDGE('',*,*,#1050,.F.);
#590=ORIENTED_EDGE('',*,*,#1053,.F.);
#591=ORIENTED_EDGE('',*,*,#1054,.T.);
#592=ORIENTED_EDGE('',*,*,#986,.F.);
#593=ORIENTED_EDGE('',*,*,#960,.F.);
#594=ORIENTED_EDGE('',*,*,#1055,.T.);
#595=ORIENTED_EDGE('',*,*,#1003,.T.);
#596=ORIENTED_EDGE('',*,*,#1056,.F.);
#597=ORIENTED_EDGE('',*,*,#959,.F.);
#598=ORIENTED_EDGE('',*,*,#1057,.T.);
#599=ORIENTED_EDGE('',*,*,#1004,.T.);
#600=ORIENTED_EDGE('',*,*,#1055,.F.);
#601=ORIENTED_EDGE('',*,*,#958,.F.);
#602=ORIENTED_EDGE('',*,*,#1058,.T.);
#603=ORIENTED_EDGE('',*,*,#1001,.T.);
#604=ORIENTED_EDGE('',*,*,#1057,.F.);
#605=ORIENTED_EDGE('',*,*,#957,.F.);
#606=ORIENTED_EDGE('',*,*,#1056,.T.);
#607=ORIENTED_EDGE('',*,*,#1002,.T.);
#608=ORIENTED_EDGE('',*,*,#1058,.F.);
#609=ORIENTED_EDGE('',*,*,#931,.F.);
#610=ORIENTED_EDGE('',*,*,#1059,.T.);
#611=ORIENTED_EDGE('',*,*,#1006,.T.);
#612=ORIENTED_EDGE('',*,*,#1060,.F.);
#613=ORIENTED_EDGE('',*,*,#932,.F.);
#614=ORIENTED_EDGE('',*,*,#1060,.T.);
#615=ORIENTED_EDGE('',*,*,#1005,.F.);
#616=ORIENTED_EDGE('',*,*,#887,.T.);
#617=ORIENTED_EDGE('',*,*,#955,.F.);
#618=ORIENTED_EDGE('',*,*,#1061,.F.);
#619=ORIENTED_EDGE('',*,*,#849,.F.);
#620=ORIENTED_EDGE('',*,*,#891,.T.);
#621=ORIENTED_EDGE('',*,*,#954,.F.);
#622=ORIENTED_EDGE('',*,*,#1062,.T.);
#623=ORIENTED_EDGE('',*,*,#1018,.F.);
#624=ORIENTED_EDGE('',*,*,#1013,.F.);
#625=ORIENTED_EDGE('',*,*,#850,.F.);
#626=ORIENTED_EDGE('',*,*,#1061,.T.);
#627=ORIENTED_EDGE('',*,*,#1062,.F.);
#628=ORIENTED_EDGE('',*,*,#953,.F.);
#629=ORIENTED_EDGE('',*,*,#975,.F.);
#630=ORIENTED_EDGE('',*,*,#1014,.F.);
#631=ORIENTED_EDGE('',*,*,#1063,.F.);
#632=ORIENTED_EDGE('',*,*,#1015,.F.);
#633=ORIENTED_EDGE('',*,*,#976,.T.);
#634=ORIENTED_EDGE('',*,*,#951,.F.);
#635=ORIENTED_EDGE('',*,*,#1063,.T.);
#636=ORIENTED_EDGE('',*,*,#950,.F.);
#637=ORIENTED_EDGE('',*,*,#1064,.T.);
#638=ORIENTED_EDGE('',*,*,#1024,.F.);
#639=ORIENTED_EDGE('',*,*,#1021,.F.);
#640=ORIENTED_EDGE('',*,*,#854,.F.);
#641=ORIENTED_EDGE('',*,*,#1019,.T.);
#642=ORIENTED_EDGE('',*,*,#1016,.F.);
#643=ORIENTED_EDGE('',*,*,#1064,.F.);
#644=ORIENTED_EDGE('',*,*,#949,.F.);
#645=ORIENTED_EDGE('',*,*,#978,.F.);
#646=ORIENTED_EDGE('',*,*,#1025,.F.);
#647=ORIENTED_EDGE('',*,*,#1065,.F.);
#648=ORIENTED_EDGE('',*,*,#1026,.F.);
#649=ORIENTED_EDGE('',*,*,#979,.T.);
#650=ORIENTED_EDGE('',*,*,#947,.F.);
#651=ORIENTED_EDGE('',*,*,#1065,.T.);
#652=ORIENTED_EDGE('',*,*,#946,.F.);
#653=ORIENTED_EDGE('',*,*,#1066,.F.);
#654=ORIENTED_EDGE('',*,*,#858,.F.);
#655=ORIENTED_EDGE('',*,*,#1027,.T.);
#656=ORIENTED_EDGE('',*,*,#1022,.F.);
#657=ORIENTED_EDGE('',*,*,#945,.F.);
#658=ORIENTED_EDGE('',*,*,#1067,.F.);
#659=ORIENTED_EDGE('',*,*,#859,.F.);
#660=ORIENTED_EDGE('',*,*,#1066,.T.);
#661=ORIENTED_EDGE('',*,*,#944,.F.);
#662=ORIENTED_EDGE('',*,*,#1068,.T.);
#663=ORIENTED_EDGE('',*,*,#1032,.F.);
#664=ORIENTED_EDGE('',*,*,#1029,.F.);
#665=ORIENTED_EDGE('',*,*,#860,.F.);
#666=ORIENTED_EDGE('',*,*,#1067,.T.);
#667=ORIENTED_EDGE('',*,*,#943,.F.);
#668=ORIENTED_EDGE('',*,*,#1069,.F.);
#669=ORIENTED_EDGE('',*,*,#1033,.F.);
#670=ORIENTED_EDGE('',*,*,#1068,.F.);
#671=ORIENTED_EDGE('',*,*,#1054,.F.);
#672=ORIENTED_EDGE('',*,*,#940,.F.);
#673=ORIENTED_EDGE('',*,*,#1070,.F.);
#674=ORIENTED_EDGE('',*,*,#1034,.F.);
#675=ORIENTED_EDGE('',*,*,#1069,.T.);
#676=ORIENTED_EDGE('',*,*,#942,.F.);
#677=ORIENTED_EDGE('',*,*,#1071,.F.);
#678=ORIENTED_EDGE('',*,*,#1035,.F.);
#679=ORIENTED_EDGE('',*,*,#1070,.T.);
#680=ORIENTED_EDGE('',*,*,#939,.F.);
#681=ORIENTED_EDGE('',*,*,#1071,.T.);
#682=ORIENTED_EDGE('',*,*,#938,.F.);
#683=ORIENTED_EDGE('',*,*,#1072,.T.);
#684=ORIENTED_EDGE('',*,*,#1040,.F.);
#685=ORIENTED_EDGE('',*,*,#1038,.F.);
#686=ORIENTED_EDGE('',*,*,#864,.F.);
#687=ORIENTED_EDGE('',*,*,#1036,.T.);
#688=ORIENTED_EDGE('',*,*,#1030,.F.);
#689=ORIENTED_EDGE('',*,*,#937,.F.);
#690=ORIENTED_EDGE('',*,*,#1073,.F.);
#691=ORIENTED_EDGE('',*,*,#1041,.F.);
#692=ORIENTED_EDGE('',*,*,#1072,.F.);
#693=ORIENTED_EDGE('',*,*,#970,.F.);
#694=ORIENTED_EDGE('',*,*,#1043,.F.);
#695=ORIENTED_EDGE('',*,*,#1074,.T.);
#696=ORIENTED_EDGE('',*,*,#935,.F.);
#697=ORIENTED_EDGE('',*,*,#1042,.F.);
#698=ORIENTED_EDGE('',*,*,#1073,.T.);
#699=ORIENTED_EDGE('',*,*,#936,.T.);
#700=ORIENTED_EDGE('',*,*,#1074,.F.);
#701=ORIENTED_EDGE('',*,*,#1075,.F.);
#702=ORIENTED_EDGE('',*,*,#1046,.T.);
#703=ORIENTED_EDGE('',*,*,#1076,.F.);
#704=ORIENTED_EDGE('',*,*,#1077,.T.);
#705=ORIENTED_EDGE('',*,*,#1078,.T.);
#706=ORIENTED_EDGE('',*,*,#1044,.T.);
#707=ORIENTED_EDGE('',*,*,#1075,.T.);
#708=ORIENTED_EDGE('',*,*,#1079,.T.);
#709=ORIENTED_EDGE('',*,*,#965,.T.);
#710=ORIENTED_EDGE('',*,*,#917,.T.);
#711=ORIENTED_EDGE('',*,*,#1078,.F.);
#712=ORIENTED_EDGE('',*,*,#1080,.T.);
#713=ORIENTED_EDGE('',*,*,#967,.T.);
#714=ORIENTED_EDGE('',*,*,#1081,.T.);
#715=ORIENTED_EDGE('',*,*,#1082,.T.);
#716=ORIENTED_EDGE('',*,*,#1047,.T.);
#717=ORIENTED_EDGE('',*,*,#1083,.T.);
#718=ORIENTED_EDGE('',*,*,#1049,.T.);
#719=ORIENTED_EDGE('',*,*,#1082,.F.);
#720=ORIENTED_EDGE('',*,*,#1084,.T.);
#721=ORIENTED_EDGE('',*,*,#1085,.F.);
#722=ORIENTED_EDGE('',*,*,#1051,.T.);
#723=ORIENTED_EDGE('',*,*,#1083,.F.);
#724=ORIENTED_EDGE('',*,*,#1086,.T.);
#725=ORIENTED_EDGE('',*,*,#1076,.T.);
#726=ORIENTED_EDGE('',*,*,#1052,.T.);
#727=ORIENTED_EDGE('',*,*,#1085,.T.);
#728=ORIENTED_EDGE('',*,*,#1087,.T.);
#729=ORIENTED_EDGE('',*,*,#1088,.F.);
#730=ORIENTED_EDGE('',*,*,#972,.T.);
#731=ORIENTED_EDGE('',*,*,#1089,.F.);
#732=ORIENTED_EDGE('',*,*,#941,.F.);
#733=ORIENTED_EDGE('',*,*,#1053,.T.);
#734=ORIENTED_EDGE('',*,*,#1090,.F.);
#735=ORIENTED_EDGE('',*,*,#982,.T.);
#736=ORIENTED_EDGE('',*,*,#1091,.F.);
#737=ORIENTED_EDGE('',*,*,#1092,.F.);
#738=ORIENTED_EDGE('',*,*,#1093,.F.);
#739=ORIENTED_EDGE('',*,*,#980,.T.);
#740=ORIENTED_EDGE('',*,*,#1094,.F.);
#741=ORIENTED_EDGE('',*,*,#1095,.F.);
#742=ORIENTED_EDGE('',*,*,#966,.T.);
#743=ORIENTED_EDGE('',*,*,#1080,.F.);
#744=ORIENTED_EDGE('',*,*,#1079,.F.);
#745=ORIENTED_EDGE('',*,*,#1077,.F.);
#746=ORIENTED_EDGE('',*,*,#1087,.F.);
#747=ORIENTED_EDGE('',*,*,#1086,.F.);
#748=ORIENTED_EDGE('',*,*,#1084,.F.);
#749=ORIENTED_EDGE('',*,*,#1081,.F.);
#750=ORIENTED_EDGE('',*,*,#1094,.T.);
#751=ORIENTED_EDGE('',*,*,#1093,.T.);
#752=ORIENTED_EDGE('',*,*,#1091,.T.);
#753=ORIENTED_EDGE('',*,*,#1090,.T.);
#754=ORIENTED_EDGE('',*,*,#1089,.T.);
#755=ORIENTED_EDGE('',*,*,#1088,.T.);
#756=ORIENTED_EDGE('',*,*,#1096,.F.);
#757=ORIENTED_EDGE('',*,*,#1097,.F.);
#758=ORIENTED_EDGE('',*,*,#956,.F.);
#759=ORIENTED_EDGE('',*,*,#889,.F.);
#760=ORIENTED_EDGE('',*,*,#1007,.T.);
#761=ORIENTED_EDGE('',*,*,#1059,.F.);
#762=ORIENTED_EDGE('',*,*,#930,.F.);
#763=ORIENTED_EDGE('',*,*,#1098,.F.);
#764=ORIENTED_EDGE('',*,*,#1092,.T.);
#765=ORIENTED_EDGE('',*,*,#1099,.F.);
#766=ORIENTED_EDGE('',*,*,#1096,.T.);
#767=ORIENTED_EDGE('',*,*,#1100,.T.);
#768=ORIENTED_EDGE('',*,*,#1101,.T.);
#769=ORIENTED_EDGE('',*,*,#1098,.T.);
#770=ORIENTED_EDGE('',*,*,#929,.F.);
#771=ORIENTED_EDGE('',*,*,#1097,.T.);
#772=ORIENTED_EDGE('',*,*,#1100,.F.);
#773=ORIENTED_EDGE('',*,*,#1099,.T.);
#774=ORIENTED_EDGE('',*,*,#1101,.F.);
#775=ORIENTED_EDGE('',*,*,#1095,.T.);
#776=ORIENTED_EDGE('',*,*,#1102,.F.);
#777=ORIENTED_EDGE('',*,*,#1102,.T.);
#778=ORIENTED_EDGE('',*,*,#1103,.F.);
#779=ORIENTED_EDGE('',*,*,#961,.F.);
#780=ORIENTED_EDGE('',*,*,#1104,.F.);
#781=ORIENTED_EDGE('',*,*,#1104,.T.);
#782=ORIENTED_EDGE('',*,*,#1103,.T.);
#783=EDGE_CURVE('',#1105,#1106,#1326,.T.);
#784=EDGE_CURVE('',#1106,#1107,#1327,.T.);
#785=EDGE_CURVE('',#1107,#1108,#1328,.F.);
#786=EDGE_CURVE('',#1108,#1105,#1329,.F.);
#787=EDGE_CURVE('',#1106,#1109,#1330,.F.);
#788=EDGE_CURVE('',#1110,#1109,#1331,.F.);
#789=EDGE_CURVE('',#1110,#1107,#1332,.T.);
#790=EDGE_CURVE('',#1111,#1110,#1333,.F.);
#791=EDGE_CURVE('',#1109,#1112,#1334,.T.);
#792=EDGE_CURVE('',#1112,#1111,#1335,.T.);
#793=EDGE_CURVE('',#1113,#1114,#1336,.F.);
#794=EDGE_CURVE('',#1114,#1115,#1337,.F.);
#795=EDGE_CURVE('',#1115,#1116,#1338,.T.);
#796=EDGE_CURVE('',#1116,#1113,#1339,.T.);
#797=EDGE_CURVE('',#1114,#1117,#1340,.T.);
#798=EDGE_CURVE('',#1117,#1118,#1341,.T.);
#799=EDGE_CURVE('',#1118,#1115,#1342,.F.);
#800=EDGE_CURVE('',#1119,#1120,#1343,.F.);
#801=EDGE_CURVE('',#1120,#1121,#1344,.F.);
#802=EDGE_CURVE('',#1121,#1122,#1345,.T.);
#803=EDGE_CURVE('',#1122,#1119,#1346,.T.);
#804=EDGE_CURVE('',#1116,#1121,#1347,.F.);
#805=EDGE_CURVE('',#1120,#1113,#1348,.T.);
#806=EDGE_CURVE('',#1123,#1124,#1349,.F.);
#807=EDGE_CURVE('',#1124,#1125,#1350,.F.);
#808=EDGE_CURVE('',#1125,#1126,#1351,.T.);
#809=EDGE_CURVE('',#1126,#1123,#1352,.T.);
#810=EDGE_CURVE('',#1124,#1127,#1353,.T.);
#811=EDGE_CURVE('',#1127,#1128,#1354,.T.);
#812=EDGE_CURVE('',#1128,#1125,#1355,.F.);
#813=EDGE_CURVE('',#1129,#1130,#1356,.F.);
#814=EDGE_CURVE('',#1130,#1131,#1357,.F.);
#815=EDGE_CURVE('',#1131,#1132,#1358,.T.);
#816=EDGE_CURVE('',#1132,#1129,#1359,.T.);
#817=EDGE_CURVE('',#1126,#1131,#1360,.F.);
#818=EDGE_CURVE('',#1130,#1123,#1361,.T.);
#819=EDGE_CURVE('',#1133,#1134,#1362,.F.);
#820=EDGE_CURVE('',#1134,#1135,#1363,.F.);
#821=EDGE_CURVE('',#1135,#1136,#1364,.T.);
#822=EDGE_CURVE('',#1136,#1133,#1365,.T.);
#823=EDGE_CURVE('',#1134,#1137,#1366,.T.);
#824=EDGE_CURVE('',#1138,#1137,#1367,.T.);
#825=EDGE_CURVE('',#1138,#1135,#1368,.F.);
#826=EDGE_CURVE('',#1137,#1139,#1369,.F.);
#827=EDGE_CURVE('',#1139,#1140,#1370,.F.);
#828=EDGE_CURVE('',#1140,#1138,#1371,.T.);
#829=EDGE_CURVE('',#1139,#1141,#1372,.T.);
#830=EDGE_CURVE('',#1141,#1142,#1373,.T.);
#831=EDGE_CURVE('',#1142,#1140,#1374,.F.);
#832=EDGE_CURVE('',#1143,#1144,#1375,.F.);
#833=EDGE_CURVE('',#1144,#1145,#1376,.F.);
#834=EDGE_CURVE('',#1145,#1146,#1377,.T.);
#835=EDGE_CURVE('',#1146,#1143,#1378,.T.);
#836=EDGE_CURVE('',#1147,#1144,#1379,.T.);
#837=EDGE_CURVE('',#1148,#1147,#1380,.T.);
#838=EDGE_CURVE('',#1145,#1148,#1381,.F.);
#839=EDGE_CURVE('',#1149,#1150,#1382,.F.);
#840=EDGE_CURVE('',#1150,#1151,#1383,.F.);
#841=EDGE_CURVE('',#1151,#1152,#1384,.T.);
#842=EDGE_CURVE('',#1152,#1149,#1385,.T.);
#843=EDGE_CURVE('',#1151,#1146,#1386,.F.);
#844=EDGE_CURVE('',#1143,#1150,#1387,.T.);
#845=EDGE_CURVE('',#1153,#1152,#1388,.T.);
#846=EDGE_CURVE('',#1154,#1153,#1389,.F.);
#847=EDGE_CURVE('',#1149,#1154,#1390,.F.);
#848=EDGE_CURVE('',#1153,#1155,#1391,.T.);
#849=EDGE_CURVE('',#1155,#1156,#86,.T.);
#850=EDGE_CURVE('',#1156,#1157,#1392,.F.);
#851=EDGE_CURVE('',#1157,#1158,#1393,.T.);
#852=EDGE_CURVE('',#1158,#1159,#87,.T.);
#853=EDGE_CURVE('',#1159,#1160,#1394,.T.);
#854=EDGE_CURVE('',#1160,#1161,#1395,.F.);
#855=EDGE_CURVE('',#1161,#1162,#1396,.T.);
#856=EDGE_CURVE('',#1162,#1163,#88,.T.);
#857=EDGE_CURVE('',#1163,#1164,#1397,.T.);
#858=EDGE_CURVE('',#1164,#1165,#1398,.F.);
#859=EDGE_CURVE('',#1165,#1166,#89,.T.);
#860=EDGE_CURVE('',#1166,#1167,#1399,.F.);
#861=EDGE_CURVE('',#1167,#1168,#1400,.T.);
#862=EDGE_CURVE('',#1168,#1169,#90,.T.);
#863=EDGE_CURVE('',#1169,#1170,#1401,.T.);
#864=EDGE_CURVE('',#1170,#1171,#1402,.F.);
#865=EDGE_CURVE('',#1171,#1172,#1403,.T.);
#866=EDGE_CURVE('',#1172,#1173,#91,.T.);
#867=EDGE_CURVE('',#1173,#1174,#1404,.T.);
#868=EDGE_CURVE('',#1174,#1175,#1405,.F.);
#869=EDGE_CURVE('',#1175,#1176,#1406,.F.);
#870=EDGE_CURVE('',#1177,#1176,#1407,.T.);
#871=EDGE_CURVE('',#1178,#1177,#92,.T.);
#872=EDGE_CURVE('',#1179,#1178,#1408,.T.);
#873=EDGE_CURVE('',#1180,#1179,#93,.T.);
#874=EDGE_CURVE('',#1154,#1180,#1409,.T.);
#875=EDGE_CURVE('',#1181,#1148,#1410,.T.);
#876=EDGE_CURVE('',#1136,#1181,#1411,.F.);
#877=EDGE_CURVE('',#1182,#1142,#1412,.F.);
#878=EDGE_CURVE('',#1132,#1182,#1413,.F.);
#879=EDGE_CURVE('',#1183,#1128,#1414,.F.);
#880=EDGE_CURVE('',#1122,#1183,#1415,.F.);
#881=EDGE_CURVE('',#1184,#1118,#1416,.F.);
#882=EDGE_CURVE('',#1112,#1184,#1417,.F.);
#883=EDGE_CURVE('',#1185,#1105,#1418,.T.);
#884=EDGE_CURVE('',#1186,#1185,#1419,.T.);
#885=EDGE_CURVE('',#1186,#1187,#1420,.T.);
#886=EDGE_CURVE('',#1187,#1188,#1421,.T.);
#887=EDGE_CURVE('',#1189,#1188,#1422,.F.);
#888=EDGE_CURVE('',#1189,#1190,#1423,.T.);
#889=EDGE_CURVE('',#1190,#1191,#1424,.F.);
#890=EDGE_CURVE('',#1191,#1192,#1425,.T.);
#891=EDGE_CURVE('',#1155,#1192,#1426,.T.);
#892=EDGE_CURVE('',#1193,#1194,#1427,.F.);
#893=EDGE_CURVE('',#1195,#1194,#1428,.T.);
#894=EDGE_CURVE('',#1196,#1195,#1429,.F.);
#895=EDGE_CURVE('',#1197,#1196,#1430,.T.);
#896=EDGE_CURVE('',#1197,#1198,#1431,.T.);
#897=EDGE_CURVE('',#1199,#1198,#1432,.T.);
#898=EDGE_CURVE('',#1199,#1200,#1433,.F.);
#899=EDGE_CURVE('',#1193,#1200,#1434,.T.);
#900=EDGE_CURVE('',#1201,#1202,#1435,.F.);
#901=EDGE_CURVE('',#1202,#1193,#1436,.F.);
#902=EDGE_CURVE('',#1200,#1201,#1437,.T.);
#903=EDGE_CURVE('',#1203,#1202,#1438,.T.);
#904=EDGE_CURVE('',#1194,#1203,#1439,.T.);
#905=EDGE_CURVE('',#1203,#1204,#1440,.F.);
#906=EDGE_CURVE('',#1204,#1195,#1441,.F.);
#907=EDGE_CURVE('',#1205,#1204,#1442,.F.);
#908=EDGE_CURVE('',#1196,#1205,#1443,.T.);
#909=EDGE_CURVE('',#1205,#1206,#1444,.F.);
#910=EDGE_CURVE('',#1206,#1197,#1445,.F.);
#911=EDGE_CURVE('',#1207,#1206,#1446,.F.);
#912=EDGE_CURVE('',#1198,#1207,#1447,.T.);
#913=EDGE_CURVE('',#1207,#1208,#1448,.F.);
#914=EDGE_CURVE('',#1208,#1199,#1449,.F.);
#915=EDGE_CURVE('',#1201,#1208,#1450,.T.);
#916=EDGE_CURVE('',#1209,#1180,#1451,.F.);
#917=EDGE_CURVE('',#1210,#1209,#50,.F.);
#918=EDGE_CURVE('',#1210,#1211,#1452,.F.);
#919=EDGE_CURVE('',#1211,#1212,#1453,.T.);
#920=EDGE_CURVE('',#1212,#1108,#1454,.T.);
#921=EDGE_CURVE('',#1213,#1111,#1455,.T.);
#922=EDGE_CURVE('',#1117,#1213,#1456,.T.);
#923=EDGE_CURVE('',#1214,#1119,#1457,.T.);
#924=EDGE_CURVE('',#1127,#1214,#1458,.T.);
#925=EDGE_CURVE('',#1215,#1129,#1459,.T.);
#926=EDGE_CURVE('',#1141,#1215,#1460,.T.);
#927=EDGE_CURVE('',#1133,#1216,#1461,.F.);
#928=EDGE_CURVE('',#1216,#1147,#1462,.T.);
#929=EDGE_CURVE('',#1217,#1218,#94,.F.);
#930=EDGE_CURVE('',#1218,#1219,#1463,.T.);
#931=EDGE_CURVE('',#1219,#1220,#1464,.T.);
#932=EDGE_CURVE('',#1220,#1188,#1465,.F.);
#933=EDGE_CURVE('',#1187,#1221,#1466,.T.);
#934=EDGE_CURVE('',#1221,#1222,#1467,.F.);
#935=EDGE_CURVE('',#1222,#1223,#95,.T.);
#936=EDGE_CURVE('',#1224,#1223,#1468,.F.);
#937=EDGE_CURVE('',#1224,#1225,#96,.T.);
#938=EDGE_CURVE('',#1225,#1226,#1469,.F.);
#939=EDGE_CURVE('',#1226,#1227,#97,.T.);
#940=EDGE_CURVE('',#1227,#1228,#1470,.F.);
#941=EDGE_CURVE('',#1228,#1229,#98,.T.);
#942=EDGE_CURVE('',#1229,#1230,#1471,.F.);
#943=EDGE_CURVE('',#1230,#1231,#99,.T.);
#944=EDGE_CURVE('',#1231,#1232,#1472,.F.);
#945=EDGE_CURVE('',#1232,#1233,#100,.F.);
#946=EDGE_CURVE('',#1233,#1234,#1473,.F.);
#947=EDGE_CURVE('',#1234,#1235,#101,.T.);
#948=EDGE_CURVE('',#1235,#1236,#1474,.F.);
#949=EDGE_CURVE('',#1236,#1237,#102,.T.);
#950=EDGE_CURVE('',#1237,#1238,#1475,.F.);
#951=EDGE_CURVE('',#1238,#1239,#103,.T.);
#952=EDGE_CURVE('',#1239,#1240,#1476,.F.);
#953=EDGE_CURVE('',#1240,#1241,#104,.T.);
#954=EDGE_CURVE('',#1241,#1242,#1477,.F.);
#955=EDGE_CURVE('',#1242,#1192,#105,.F.);
#956=EDGE_CURVE('',#1191,#1217,#1478,.T.);
#957=EDGE_CURVE('',#1243,#1244,#1479,.T.);
#958=EDGE_CURVE('',#1244,#1245,#1480,.F.);
#959=EDGE_CURVE('',#1245,#1246,#1481,.F.);
#960=EDGE_CURVE('',#1246,#1243,#1482,.T.);
#961=EDGE_CURVE('',#1247,#1247,#106,.F.);
#962=EDGE_CURVE('',#1176,#1248,#1483,.T.);
#963=EDGE_CURVE('',#1221,#1175,#1484,.F.);
#964=EDGE_CURVE('',#1211,#1186,#1485,.F.);
#965=EDGE_CURVE('',#1249,#1210,#51,.F.);
#966=EDGE_CURVE('',#1250,#1249,#1486,.T.);
#967=EDGE_CURVE('',#1248,#1250,#52,.F.);
#968=EDGE_CURVE('',#1174,#1251,#1487,.T.);
#969=EDGE_CURVE('',#1252,#1251,#1488,.F.);
#970=EDGE_CURVE('',#1252,#1222,#1489,.T.);
#971=EDGE_CURVE('',#1185,#1212,#1490,.T.);
#972=EDGE_CURVE('',#1253,#1253,#107,.F.);
#973=EDGE_CURVE('',#1254,#1254,#108,.T.);
#974=EDGE_CURVE('',#1255,#1256,#1491,.F.);
#975=EDGE_CURVE('',#1255,#1240,#53,.T.);
#976=EDGE_CURVE('',#1256,#1239,#54,.F.);
#977=EDGE_CURVE('',#1257,#1258,#1492,.F.);
#978=EDGE_CURVE('',#1257,#1236,#55,.T.);
#979=EDGE_CURVE('',#1258,#1235,#56,.F.);
#980=EDGE_CURVE('',#1259,#1259,#109,.F.);
#981=EDGE_CURVE('',#1260,#1260,#110,.T.);
#982=EDGE_CURVE('',#1261,#1261,#111,.F.);
#983=EDGE_CURVE('',#1262,#1262,#112,.T.);
#984=EDGE_CURVE('',#1263,#1263,#113,.T.);
#985=EDGE_CURVE('',#1264,#1264,#114,.T.);
#986=EDGE_CURVE('',#1265,#1265,#115,.T.);
#987=EDGE_CURVE('',#1266,#1266,#116,.T.);
#988=EDGE_CURVE('',#1267,#1267,#117,.T.);
#989=EDGE_CURVE('',#1268,#1269,#118,.T.);
#990=EDGE_CURVE('',#1173,#1269,#1493,.T.);
#991=EDGE_CURVE('',#1172,#1268,#1494,.T.);
#992=EDGE_CURVE('',#1270,#1271,#119,.T.);
#993=EDGE_CURVE('',#1169,#1271,#1495,.T.);
#994=EDGE_CURVE('',#1168,#1270,#1496,.T.);
#995=EDGE_CURVE('',#1272,#1273,#120,.T.);
#996=EDGE_CURVE('',#1163,#1273,#1497,.T.);
#997=EDGE_CURVE('',#1162,#1272,#1498,.T.);
#998=EDGE_CURVE('',#1274,#1275,#121,.T.);
#999=EDGE_CURVE('',#1159,#1275,#1499,.T.);
#1000=EDGE_CURVE('',#1158,#1274,#1500,.T.);
#1001=EDGE_CURVE('',#1276,#1277,#1501,.T.);
#1002=EDGE_CURVE('',#1278,#1276,#1502,.T.);
#1003=EDGE_CURVE('',#1279,#1278,#1503,.T.);
#1004=EDGE_CURVE('',#1277,#1279,#1504,.T.);
#1005=EDGE_CURVE('',#1189,#1280,#1505,.F.);
#1006=EDGE_CURVE('',#1281,#1280,#1506,.T.);
#1007=EDGE_CURVE('',#1190,#1281,#1507,.F.);
#1008=EDGE_CURVE('',#1213,#1184,#1508,.T.);
#1009=EDGE_CURVE('',#1214,#1183,#1509,.T.);
#1010=EDGE_CURVE('',#1215,#1182,#1510,.T.);
#1011=EDGE_CURVE('',#1216,#1181,#1511,.F.);
#1012=EDGE_CURVE('',#1282,#1274,#1512,.T.);
#1013=EDGE_CURVE('',#1157,#1282,#1513,.T.);
#1014=EDGE_CURVE('',#1283,#1255,#122,.F.);
#1015=EDGE_CURVE('',#1256,#1284,#123,.F.);
#1016=EDGE_CURVE('',#1284,#1285,#1514,.T.);
#1017=EDGE_CURVE('',#1275,#1285,#1515,.T.);
#1018=EDGE_CURVE('',#1282,#1283,#1516,.T.);
#1019=EDGE_CURVE('',#1160,#1285,#1517,.T.);
#1020=EDGE_CURVE('',#1286,#1272,#1518,.T.);
#1021=EDGE_CURVE('',#1161,#1286,#1519,.T.);
#1022=EDGE_CURVE('',#1287,#1288,#1520,.T.);
#1023=EDGE_CURVE('',#1273,#1288,#1521,.T.);
#1024=EDGE_CURVE('',#1286,#1289,#1522,.T.);
#1025=EDGE_CURVE('',#1289,#1257,#124,.F.);
#1026=EDGE_CURVE('',#1258,#1287,#125,.F.);
#1027=EDGE_CURVE('',#1164,#1288,#1523,.T.);
#1028=EDGE_CURVE('',#1290,#1270,#1524,.T.);
#1029=EDGE_CURVE('',#1167,#1290,#1525,.T.);
#1030=EDGE_CURVE('',#1291,#1292,#1526,.F.);
#1031=EDGE_CURVE('',#1271,#1292,#1527,.T.);
#1032=EDGE_CURVE('',#1290,#1293,#1528,.F.);
#1033=EDGE_CURVE('',#1293,#1294,#126,.F.);
#1034=EDGE_CURVE('',#1294,#1295,#1529,.T.);
#1035=EDGE_CURVE('',#1295,#1291,#127,.F.);
#1036=EDGE_CURVE('',#1170,#1292,#1530,.T.);
#1037=EDGE_CURVE('',#1296,#1268,#1531,.T.);
#1038=EDGE_CURVE('',#1171,#1296,#1532,.T.);
#1039=EDGE_CURVE('',#1269,#1251,#1533,.T.);
#1040=EDGE_CURVE('',#1296,#1297,#1534,.F.);
#1041=EDGE_CURVE('',#1297,#1298,#128,.F.);
#1042=EDGE_CURVE('',#1298,#1299,#1535,.T.);
#1043=EDGE_CURVE('',#1299,#1252,#129,.F.);
#1044=EDGE_CURVE('',#1209,#1300,#57,.F.);
#1045=EDGE_CURVE('',#1179,#1301,#1536,.T.);
#1046=EDGE_CURVE('',#1300,#1301,#58,.F.);
#1047=EDGE_CURVE('',#1302,#1248,#59,.F.);
#1048=EDGE_CURVE('',#1177,#1302,#1537,.T.);
#1049=EDGE_CURVE('',#1303,#1302,#60,.F.);
#1050=EDGE_CURVE('',#1303,#1178,#1538,.F.);
#1051=EDGE_CURVE('',#1304,#1303,#61,.F.);
#1052=EDGE_CURVE('',#1301,#1304,#62,.F.);
#1053=EDGE_CURVE('',#1228,#1229,#130,.F.);
#1054=EDGE_CURVE('',#1228,#1229,#1539,.T.);
#1055=EDGE_CURVE('',#1246,#1279,#1540,.T.);
#1056=EDGE_CURVE('',#1243,#1278,#1541,.T.);
#1057=EDGE_CURVE('',#1245,#1277,#1542,.T.);
#1058=EDGE_CURVE('',#1244,#1276,#1543,.T.);
#1059=EDGE_CURVE('',#1219,#1281,#1544,.T.);
#1060=EDGE_CURVE('',#1220,#1280,#1545,.T.);
#1061=EDGE_CURVE('',#1156,#1242,#1546,.T.);
#1062=EDGE_CURVE('',#1241,#1283,#1547,.F.);
#1063=EDGE_CURVE('',#1284,#1238,#1548,.T.);
#1064=EDGE_CURVE('',#1237,#1289,#1549,.F.);
#1065=EDGE_CURVE('',#1287,#1234,#1550,.T.);
#1066=EDGE_CURVE('',#1165,#1233,#1551,.T.);
#1067=EDGE_CURVE('',#1166,#1232,#1552,.T.);
#1068=EDGE_CURVE('',#1231,#1293,#1553,.F.);
#1069=EDGE_CURVE('',#1294,#1230,#63,.T.);
#1070=EDGE_CURVE('',#1295,#1227,#64,.F.);
#1071=EDGE_CURVE('',#1291,#1226,#1554,.T.);
#1072=EDGE_CURVE('',#1225,#1297,#1555,.F.);
#1073=EDGE_CURVE('',#1298,#1224,#65,.T.);
#1074=EDGE_CURVE('',#1299,#1223,#66,.F.);
#1075=EDGE_CURVE('',#1300,#1305,#67,.F.);
#1076=EDGE_CURVE('',#1306,#1301,#68,.F.);
#1077=EDGE_CURVE('',#1306,#1305,#69,.F.);
#1078=EDGE_CURVE('',#1307,#1209,#70,.T.);
#1079=EDGE_CURVE('',#1305,#1307,#71,.F.);
#1080=EDGE_CURVE('',#1307,#1249,#72,.F.);
#1081=EDGE_CURVE('',#1250,#1308,#73,.F.);
#1082=EDGE_CURVE('',#1308,#1302,#74,.F.);
#1083=EDGE_CURVE('',#1309,#1303,#75,.F.);
#1084=EDGE_CURVE('',#1308,#1309,#76,.F.);
#1085=EDGE_CURVE('',#1304,#1310,#77,.F.);
#1086=EDGE_CURVE('',#1309,#1310,#78,.F.);
#1087=EDGE_CURVE('',#1310,#1306,#79,.F.);
#1088=EDGE_CURVE('',#1311,#1311,#80,.T.);
#1089=EDGE_CURVE('',#1312,#1312,#81,.T.);
#1090=EDGE_CURVE('',#1313,#1313,#82,.T.);
#1091=EDGE_CURVE('',#1314,#1314,#83,.T.);
#1092=EDGE_CURVE('',#1315,#1315,#131,.T.);
#1093=EDGE_CURVE('',#1316,#1316,#84,.T.);
#1094=EDGE_CURVE('',#1317,#1317,#85,.T.);
#1095=EDGE_CURVE('',#1318,#1318,#132,.T.);
#1096=EDGE_CURVE('',#1319,#1320,#1556,.F.);
#1097=EDGE_CURVE('',#1217,#1319,#1557,.T.);
#1098=EDGE_CURVE('',#1320,#1218,#1558,.F.);
#1099=EDGE_CURVE('',#1321,#1321,#133,.F.);
#1100=EDGE_CURVE('',#1320,#1319,#134,.T.);
#1101=EDGE_CURVE('',#1322,#1322,#135,.F.);
#1102=EDGE_CURVE('',#1323,#1323,#136,.F.);
#1103=EDGE_CURVE('',#1324,#1324,#137,.F.);
#1104=EDGE_CURVE('',#1325,#1325,#138,.T.);
#1105=VERTEX_POINT('',#3075);
#1106=VERTEX_POINT('',#3076);
#1107=VERTEX_POINT('',#3078);
#1108=VERTEX_POINT('',#3080);
#1109=VERTEX_POINT('',#3084);
#1110=VERTEX_POINT('',#3086);
#1111=VERTEX_POINT('',#3090);
#1112=VERTEX_POINT('',#3092);
#1113=VERTEX_POINT('',#3096);
#1114=VERTEX_POINT('',#3097);
#1115=VERTEX_POINT('',#3099);
#1116=VERTEX_POINT('',#3101);
#1117=VERTEX_POINT('',#3105);
#1118=VERTEX_POINT('',#3107);
#1119=VERTEX_POINT('',#3111);
#1120=VERTEX_POINT('',#3112);
#1121=VERTEX_POINT('',#3114);
#1122=VERTEX_POINT('',#3116);
#1123=VERTEX_POINT('',#3123);
#1124=VERTEX_POINT('',#3124);
#1125=VERTEX_POINT('',#3126);
#1126=VERTEX_POINT('',#3128);
#1127=VERTEX_POINT('',#3132);
#1128=VERTEX_POINT('',#3134);
#1129=VERTEX_POINT('',#3138);
#1130=VERTEX_POINT('',#3139);
#1131=VERTEX_POINT('',#3141);
#1132=VERTEX_POINT('',#3143);
#1133=VERTEX_POINT('',#3150);
#1134=VERTEX_POINT('',#3151);
#1135=VERTEX_POINT('',#3153);
#1136=VERTEX_POINT('',#3155);
#1137=VERTEX_POINT('',#3159);
#1138=VERTEX_POINT('',#3161);
#1139=VERTEX_POINT('',#3165);
#1140=VERTEX_POINT('',#3167);
#1141=VERTEX_POINT('',#3171);
#1142=VERTEX_POINT('',#3173);
#1143=VERTEX_POINT('',#3177);
#1144=VERTEX_POINT('',#3178);
#1145=VERTEX_POINT('',#3180);
#1146=VERTEX_POINT('',#3182);
#1147=VERTEX_POINT('',#3186);
#1148=VERTEX_POINT('',#3188);
#1149=VERTEX_POINT('',#3192);
#1150=VERTEX_POINT('',#3193);
#1151=VERTEX_POINT('',#3195);
#1152=VERTEX_POINT('',#3197);
#1153=VERTEX_POINT('',#3204);
#1154=VERTEX_POINT('',#3206);
#1155=VERTEX_POINT('',#3210);
#1156=VERTEX_POINT('',#3212);
#1157=VERTEX_POINT('',#3214);
#1158=VERTEX_POINT('',#3216);
#1159=VERTEX_POINT('',#3218);
#1160=VERTEX_POINT('',#3220);
#1161=VERTEX_POINT('',#3222);
#1162=VERTEX_POINT('',#3224);
#1163=VERTEX_POINT('',#3226);
#1164=VERTEX_POINT('',#3228);
#1165=VERTEX_POINT('',#3230);
#1166=VERTEX_POINT('',#3232);
#1167=VERTEX_POINT('',#3234);
#1168=VERTEX_POINT('',#3236);
#1169=VERTEX_POINT('',#3238);
#1170=VERTEX_POINT('',#3240);
#1171=VERTEX_POINT('',#3242);
#1172=VERTEX_POINT('',#3244);
#1173=VERTEX_POINT('',#3246);
#1174=VERTEX_POINT('',#3248);
#1175=VERTEX_POINT('',#3250);
#1176=VERTEX_POINT('',#3252);
#1177=VERTEX_POINT('',#3254);
#1178=VERTEX_POINT('',#3256);
#1179=VERTEX_POINT('',#3258);
#1180=VERTEX_POINT('',#3260);
#1181=VERTEX_POINT('',#3264);
#1182=VERTEX_POINT('',#3267);
#1183=VERTEX_POINT('',#3270);
#1184=VERTEX_POINT('',#3273);
#1185=VERTEX_POINT('',#3276);
#1186=VERTEX_POINT('',#3278);
#1187=VERTEX_POINT('',#3280);
#1188=VERTEX_POINT('',#3282);
#1189=VERTEX_POINT('',#3284);
#1190=VERTEX_POINT('',#3286);
#1191=VERTEX_POINT('',#3288);
#1192=VERTEX_POINT('',#3290);
#1193=VERTEX_POINT('',#3293);
#1194=VERTEX_POINT('',#3294);
#1195=VERTEX_POINT('',#3296);
#1196=VERTEX_POINT('',#3298);
#1197=VERTEX_POINT('',#3300);
#1198=VERTEX_POINT('',#3302);
#1199=VERTEX_POINT('',#3304);
#1200=VERTEX_POINT('',#3306);
#1201=VERTEX_POINT('',#3310);
#1202=VERTEX_POINT('',#3311);
#1203=VERTEX_POINT('',#3316);
#1204=VERTEX_POINT('',#3320);
#1205=VERTEX_POINT('',#3324);
#1206=VERTEX_POINT('',#3328);
#1207=VERTEX_POINT('',#3332);
#1208=VERTEX_POINT('',#3336);
#1209=VERTEX_POINT('',#3342);
#1210=VERTEX_POINT('',#3347);
#1211=VERTEX_POINT('',#3349);
#1212=VERTEX_POINT('',#3351);
#1213=VERTEX_POINT('',#3354);
#1214=VERTEX_POINT('',#3357);
#1215=VERTEX_POINT('',#3360);
#1216=VERTEX_POINT('',#3363);
#1217=VERTEX_POINT('',#3367);
#1218=VERTEX_POINT('',#3368);
#1219=VERTEX_POINT('',#3370);
#1220=VERTEX_POINT('',#3372);
#1221=VERTEX_POINT('',#3375);
#1222=VERTEX_POINT('',#3377);
#1223=VERTEX_POINT('',#3379);
#1224=VERTEX_POINT('',#3381);
#1225=VERTEX_POINT('',#3383);
#1226=VERTEX_POINT('',#3385);
#1227=VERTEX_POINT('',#3387);
#1228=VERTEX_POINT('',#3389);
#1229=VERTEX_POINT('',#3391);
#1230=VERTEX_POINT('',#3393);
#1231=VERTEX_POINT('',#3395);
#1232=VERTEX_POINT('',#3397);
#1233=VERTEX_POINT('',#3399);
#1234=VERTEX_POINT('',#3401);
#1235=VERTEX_POINT('',#3403);
#1236=VERTEX_POINT('',#3405);
#1237=VERTEX_POINT('',#3407);
#1238=VERTEX_POINT('',#3409);
#1239=VERTEX_POINT('',#3411);
#1240=VERTEX_POINT('',#3413);
#1241=VERTEX_POINT('',#3415);
#1242=VERTEX_POINT('',#3417);
#1243=VERTEX_POINT('',#3421);
#1244=VERTEX_POINT('',#3422);
#1245=VERTEX_POINT('',#3424);
#1246=VERTEX_POINT('',#3426);
#1247=VERTEX_POINT('',#3429);
#1248=VERTEX_POINT('',#3432);
#1249=VERTEX_POINT('',#3440);
#1250=VERTEX_POINT('',#3442);
#1251=VERTEX_POINT('',#3450);
#1252=VERTEX_POINT('',#3452);
#1253=VERTEX_POINT('',#3458);
#1254=VERTEX_POINT('',#3460);
#1255=VERTEX_POINT('',#3463);
#1256=VERTEX_POINT('',#3464);
#1257=VERTEX_POINT('',#3475);
#1258=VERTEX_POINT('',#3476);
#1259=VERTEX_POINT('',#3487);
#1260=VERTEX_POINT('',#3489);
#1261=VERTEX_POINT('',#3492);
#1262=VERTEX_POINT('',#3494);
#1263=VERTEX_POINT('',#3497);
#1264=VERTEX_POINT('',#3500);
#1265=VERTEX_POINT('',#3502);
#1266=VERTEX_POINT('',#3505);
#1267=VERTEX_POINT('',#3508);
#1268=VERTEX_POINT('',#3511);
#1269=VERTEX_POINT('',#3512);
#1270=VERTEX_POINT('',#3517);
#1271=VERTEX_POINT('',#3518);
#1272=VERTEX_POINT('',#3523);
#1273=VERTEX_POINT('',#3524);
#1274=VERTEX_POINT('',#3529);
#1275=VERTEX_POINT('',#3530);
#1276=VERTEX_POINT('',#3535);
#1277=VERTEX_POINT('',#3536);
#1278=VERTEX_POINT('',#3538);
#1279=VERTEX_POINT('',#3540);
#1280=VERTEX_POINT('',#3544);
#1281=VERTEX_POINT('',#3546);
#1282=VERTEX_POINT('',#3563);
#1283=VERTEX_POINT('',#3567);
#1284=VERTEX_POINT('',#3569);
#1285=VERTEX_POINT('',#3571);
#1286=VERTEX_POINT('',#3578);
#1287=VERTEX_POINT('',#3582);
#1288=VERTEX_POINT('',#3583);
#1289=VERTEX_POINT('',#3586);
#1290=VERTEX_POINT('',#3593);
#1291=VERTEX_POINT('',#3597);
#1292=VERTEX_POINT('',#3598);
#1293=VERTEX_POINT('',#3601);
#1294=VERTEX_POINT('',#3603);
#1295=VERTEX_POINT('',#3605);
#1296=VERTEX_POINT('',#3611);
#1297=VERTEX_POINT('',#3616);
#1298=VERTEX_POINT('',#3618);
#1299=VERTEX_POINT('',#3620);
#1300=VERTEX_POINT('',#3631);
#1301=VERTEX_POINT('',#3633);
#1302=VERTEX_POINT('',#3643);
#1303=VERTEX_POINT('',#3653);
#1304=VERTEX_POINT('',#3660);
#1305=VERTEX_POINT('',#3743);
#1306=VERTEX_POINT('',#3750);
#1307=VERTEX_POINT('',#3802);
#1308=VERTEX_POINT('',#3837);
#1309=VERTEX_POINT('',#3891);
#1310=VERTEX_POINT('',#3916);
#1311=VERTEX_POINT('',#3963);
#1312=VERTEX_POINT('',#3992);
#1313=VERTEX_POINT('',#4021);
#1314=VERTEX_POINT('',#4050);
#1315=VERTEX_POINT('',#4052);
#1316=VERTEX_POINT('',#4081);
#1317=VERTEX_POINT('',#4110);
#1318=VERTEX_POINT('',#4112);
#1319=VERTEX_POINT('',#4116);
#1320=VERTEX_POINT('',#4117);
#1321=VERTEX_POINT('',#4122);
#1322=VERTEX_POINT('',#4126);
#1323=VERTEX_POINT('',#4131);
#1324=VERTEX_POINT('',#4134);
#1325=VERTEX_POINT('',#4137);
#1326=LINE('',#3074,#1559);
#1327=LINE('',#3077,#1560);
#1328=LINE('',#3079,#1561);
#1329=LINE('',#3081,#1562);
#1330=LINE('',#3083,#1563);
#1331=LINE('',#3085,#1564);
#1332=LINE('',#3087,#1565);
#1333=LINE('',#3089,#1566);
#1334=LINE('',#3091,#1567);
#1335=LINE('',#3093,#1568);
#1336=LINE('',#3095,#1569);
#1337=LINE('',#3098,#1570);
#1338=LINE('',#3100,#1571);
#1339=LINE('',#3102,#1572);
#1340=LINE('',#3104,#1573);
#1341=LINE('',#3106,#1574);
#1342=LINE('',#3108,#1575);
#1343=LINE('',#3110,#1576);
#1344=LINE('',#3113,#1577);
#1345=LINE('',#3115,#1578);
#1346=LINE('',#3117,#1579);
#1347=LINE('',#3119,#1580);
#1348=LINE('',#3120,#1581);
#1349=LINE('',#3122,#1582);
#1350=LINE('',#3125,#1583);
#1351=LINE('',#3127,#1584);
#1352=LINE('',#3129,#1585);
#1353=LINE('',#3131,#1586);
#1354=LINE('',#3133,#1587);
#1355=LINE('',#3135,#1588);
#1356=LINE('',#3137,#1589);
#1357=LINE('',#3140,#1590);
#1358=LINE('',#3142,#1591);
#1359=LINE('',#3144,#1592);
#1360=LINE('',#3146,#1593);
#1361=LINE('',#3147,#1594);
#1362=LINE('',#3149,#1595);
#1363=LINE('',#3152,#1596);
#1364=LINE('',#3154,#1597);
#1365=LINE('',#3156,#1598);
#1366=LINE('',#3158,#1599);
#1367=LINE('',#3160,#1600);
#1368=LINE('',#3162,#1601);
#1369=LINE('',#3164,#1602);
#1370=LINE('',#3166,#1603);
#1371=LINE('',#3168,#1604);
#1372=LINE('',#3170,#1605);
#1373=LINE('',#3172,#1606);
#1374=LINE('',#3174,#1607);
#1375=LINE('',#3176,#1608);
#1376=LINE('',#3179,#1609);
#1377=LINE('',#3181,#1610);
#1378=LINE('',#3183,#1611);
#1379=LINE('',#3185,#1612);
#1380=LINE('',#3187,#1613);
#1381=LINE('',#3189,#1614);
#1382=LINE('',#3191,#1615);
#1383=LINE('',#3194,#1616);
#1384=LINE('',#3196,#1617);
#1385=LINE('',#3198,#1618);
#1386=LINE('',#3200,#1619);
#1387=LINE('',#3201,#1620);
#1388=LINE('',#3203,#1621);
#1389=LINE('',#3205,#1622);
#1390=LINE('',#3207,#1623);
#1391=LINE('',#3209,#1624);
#1392=LINE('',#3213,#1625);
#1393=LINE('',#3215,#1626);
#1394=LINE('',#3219,#1627);
#1395=LINE('',#3221,#1628);
#1396=LINE('',#3223,#1629);
#1397=LINE('',#3227,#1630);
#1398=LINE('',#3229,#1631);
#1399=LINE('',#3233,#1632);
#1400=LINE('',#3235,#1633);
#1401=LINE('',#3239,#1634);
#1402=LINE('',#3241,#1635);
#1403=LINE('',#3243,#1636);
#1404=LINE('',#3247,#1637);
#1405=LINE('',#3249,#1638);
#1406=LINE('',#3251,#1639);
#1407=LINE('',#3253,#1640);
#1408=LINE('',#3257,#1641);
#1409=LINE('',#3261,#1642);
#1410=LINE('',#3263,#1643);
#1411=LINE('',#3265,#1644);
#1412=LINE('',#3266,#1645);
#1413=LINE('',#3268,#1646);
#1414=LINE('',#3269,#1647);
#1415=LINE('',#3271,#1648);
#1416=LINE('',#3272,#1649);
#1417=LINE('',#3274,#1650);
#1418=LINE('',#3275,#1651);
#1419=LINE('',#3277,#1652);
#1420=LINE('',#3279,#1653);
#1421=LINE('',#3281,#1654);
#1422=LINE('',#3283,#1655);
#1423=LINE('',#3285,#1656);
#1424=LINE('',#3287,#1657);
#1425=LINE('',#3289,#1658);
#1426=LINE('',#3291,#1659);
#1427=LINE('',#3292,#1660);
#1428=LINE('',#3295,#1661);
#1429=LINE('',#3297,#1662);
#1430=LINE('',#3299,#1663);
#1431=LINE('',#3301,#1664);
#1432=LINE('',#3303,#1665);
#1433=LINE('',#3305,#1666);
#1434=LINE('',#3307,#1667);
#1435=LINE('',#3309,#1668);
#1436=LINE('',#3312,#1669);
#1437=LINE('',#3313,#1670);
#1438=LINE('',#3315,#1671);
#1439=LINE('',#3317,#1672);
#1440=LINE('',#3319,#1673);
#1441=LINE('',#3321,#1674);
#1442=LINE('',#3323,#1675);
#1443=LINE('',#3325,#1676);
#1444=LINE('',#3327,#1677);
#1445=LINE('',#3329,#1678);
#1446=LINE('',#3331,#1679);
#1447=LINE('',#3333,#1680);
#1448=LINE('',#3335,#1681);
#1449=LINE('',#3337,#1682);
#1450=LINE('',#3339,#1683);
#1451=LINE('',#3341,#1684);
#1452=LINE('',#3348,#1685);
#1453=LINE('',#3350,#1686);
#1454=LINE('',#3352,#1687);
#1455=LINE('',#3353,#1688);
#1456=LINE('',#3355,#1689);
#1457=LINE('',#3356,#1690);
#1458=LINE('',#3358,#1691);
#1459=LINE('',#3359,#1692);
#1460=LINE('',#3361,#1693);
#1461=LINE('',#3362,#1694);
#1462=LINE('',#3364,#1695);
#1463=LINE('',#3369,#1696);
#1464=LINE('',#3371,#1697);
#1465=LINE('',#3373,#1698);
#1466=LINE('',#3374,#1699);
#1467=LINE('',#3376,#1700);
#1468=LINE('',#3380,#1701);
#1469=LINE('',#3384,#1702);
#1470=LINE('',#3388,#1703);
#1471=LINE('',#3392,#1704);
#1472=LINE('',#3396,#1705);
#1473=LINE('',#3400,#1706);
#1474=LINE('',#3404,#1707);
#1475=LINE('',#3408,#1708);
#1476=LINE('',#3412,#1709);
#1477=LINE('',#3416,#1710);
#1478=LINE('',#3419,#1711);
#1479=LINE('',#3420,#1712);
#1480=LINE('',#3423,#1713);
#1481=LINE('',#3425,#1714);
#1482=LINE('',#3427,#1715);
#1483=LINE('',#3431,#1716);
#1484=LINE('',#3433,#1717);
#1485=LINE('',#3434,#1718);
#1486=LINE('',#3441,#1719);
#1487=LINE('',#3449,#1720);
#1488=LINE('',#3451,#1721);
#1489=LINE('',#3453,#1722);
#1490=LINE('',#3455,#1723);
#1491=LINE('',#3462,#1724);
#1492=LINE('',#3474,#1725);
#1493=LINE('',#3513,#1726);
#1494=LINE('',#3514,#1727);
#1495=LINE('',#3519,#1728);
#1496=LINE('',#3520,#1729);
#1497=LINE('',#3525,#1730);
#1498=LINE('',#3526,#1731);
#1499=LINE('',#3531,#1732);
#1500=LINE('',#3532,#1733);
#1501=LINE('',#3534,#1734);
#1502=LINE('',#3537,#1735);
#1503=LINE('',#3539,#1736);
#1504=LINE('',#3541,#1737);
#1505=LINE('',#3543,#1738);
#1506=LINE('',#3545,#1739);
#1507=LINE('',#3547,#1740);
#1508=LINE('',#3550,#1741);
#1509=LINE('',#3553,#1742);
#1510=LINE('',#3556,#1743);
#1511=LINE('',#3559,#1744);
#1512=LINE('',#3562,#1745);
#1513=LINE('',#3564,#1746);
#1514=LINE('',#3570,#1747);
#1515=LINE('',#3572,#1748);
#1516=LINE('',#3573,#1749);
#1517=LINE('',#3575,#1750);
#1518=LINE('',#3577,#1751);
#1519=LINE('',#3579,#1752);
#1520=LINE('',#3581,#1753);
#1521=LINE('',#3584,#1754);
#1522=LINE('',#3585,#1755);
#1523=LINE('',#3590,#1756);
#1524=LINE('',#3592,#1757);
#1525=LINE('',#3594,#1758);
#1526=LINE('',#3596,#1759);
#1527=LINE('',#3599,#1760);
#1528=LINE('',#3600,#1761);
#1529=LINE('',#3604,#1762);
#1530=LINE('',#3608,#1763);
#1531=LINE('',#3610,#1764);
#1532=LINE('',#3612,#1765);
#1533=LINE('',#3614,#1766);
#1534=LINE('',#3615,#1767);
#1535=LINE('',#3619,#1768);
#1536=LINE('',#3632,#1769);
#1537=LINE('',#3644,#1770);
#1538=LINE('',#3654,#1771);
#1539=LINE('',#3667,#1772);
#1540=LINE('',#3669,#1773);
#1541=LINE('',#3670,#1774);
#1542=LINE('',#3672,#1775);
#1543=LINE('',#3674,#1776);
#1544=LINE('',#3677,#1777);
#1545=LINE('',#3678,#1778);
#1546=LINE('',#3681,#1779);
#1547=LINE('',#3683,#1780);
#1548=LINE('',#3686,#1781);
#1549=LINE('',#3688,#1782);
#1550=LINE('',#3691,#1783);
#1551=LINE('',#3693,#1784);
#1552=LINE('',#3695,#1785);
#1553=LINE('',#3697,#1786);
#1554=LINE('',#3709,#1787);
#1555=LINE('',#3711,#1788);
#1556=LINE('',#4115,#1789);
#1557=LINE('',#4118,#1790);
#1558=LINE('',#4119,#1791);
#1559=VECTOR('',#2505,1.);
#1560=VECTOR('',#2506,1.);
#1561=VECTOR('',#2507,1.);
#1562=VECTOR('',#2508,1.);
#1563=VECTOR('',#2511,1.);
#1564=VECTOR('',#2512,1.);
#1565=VECTOR('',#2513,1.);
#1566=VECTOR('',#2516,1.);
#1567=VECTOR('',#2517,1.);
#1568=VECTOR('',#2518,1.);
#1569=VECTOR('',#2521,1.);
#1570=VECTOR('',#2522,1.);
#1571=VECTOR('',#2523,1.);
#1572=VECTOR('',#2524,1.);
#1573=VECTOR('',#2527,1.);
#1574=VECTOR('',#2528,1.);
#1575=VECTOR('',#2529,1.);
#1576=VECTOR('',#2532,1.);
#1577=VECTOR('',#2533,1.);
#1578=VECTOR('',#2534,1.);
#1579=VECTOR('',#2535,1.);
#1580=VECTOR('',#2538,1.);
#1581=VECTOR('',#2539,1.);
#1582=VECTOR('',#2542,1.);
#1583=VECTOR('',#2543,1.);
#1584=VECTOR('',#2544,1.);
#1585=VECTOR('',#2545,1.);
#1586=VECTOR('',#2548,1.);
#1587=VECTOR('',#2549,1.);
#1588=VECTOR('',#2550,1.);
#1589=VECTOR('',#2553,1.);
#1590=VECTOR('',#2554,1.);
#1591=VECTOR('',#2555,1.);
#1592=VECTOR('',#2556,1.);
#1593=VECTOR('',#2559,1.);
#1594=VECTOR('',#2560,1.);
#1595=VECTOR('',#2563,1.);
#1596=VECTOR('',#2564,1.);
#1597=VECTOR('',#2565,1.);
#1598=VECTOR('',#2566,1.);
#1599=VECTOR('',#2569,1.);
#1600=VECTOR('',#2570,1.);
#1601=VECTOR('',#2571,1.);
#1602=VECTOR('',#2574,1.);
#1603=VECTOR('',#2575,1.);
#1604=VECTOR('',#2576,1.);
#1605=VECTOR('',#2579,1.);
#1606=VECTOR('',#2580,1.);
#1607=VECTOR('',#2581,1.);
#1608=VECTOR('',#2584,1.);
#1609=VECTOR('',#2585,1.);
#1610=VECTOR('',#2586,1.);
#1611=VECTOR('',#2587,1.);
#1612=VECTOR('',#2590,1.);
#1613=VECTOR('',#2591,1.);
#1614=VECTOR('',#2592,1.);
#1615=VECTOR('',#2595,1.);
#1616=VECTOR('',#2596,1.);
#1617=VECTOR('',#2597,1.);
#1618=VECTOR('',#2598,1.);
#1619=VECTOR('',#2601,1.);
#1620=VECTOR('',#2602,1.);
#1621=VECTOR('',#2605,1.);
#1622=VECTOR('',#2606,1.);
#1623=VECTOR('',#2607,1.);
#1624=VECTOR('',#2610,1.);
#1625=VECTOR('',#2613,1.);
#1626=VECTOR('',#2614,1.);
#1627=VECTOR('',#2617,1.);
#1628=VECTOR('',#2618,1.);
#1629=VECTOR('',#2619,1.);
#1630=VECTOR('',#2622,1.);
#1631=VECTOR('',#2623,1.);
#1632=VECTOR('',#2626,1.);
#1633=VECTOR('',#2627,1.);
#1634=VECTOR('',#2630,1.);
#1635=VECTOR('',#2631,1.);
#1636=VECTOR('',#2632,1.);
#1637=VECTOR('',#2635,1.);
#1638=VECTOR('',#2636,1.);
#1639=VECTOR('',#2637,1.);
#1640=VECTOR('',#2638,1.);
#1641=VECTOR('',#2641,1.);
#1642=VECTOR('',#2644,1.);
#1643=VECTOR('',#2647,1.);
#1644=VECTOR('',#2648,1.);
#1645=VECTOR('',#2649,1.);
#1646=VECTOR('',#2650,1.);
#1647=VECTOR('',#2651,1.);
#1648=VECTOR('',#2652,1.);
#1649=VECTOR('',#2653,1.);
#1650=VECTOR('',#2654,1.);
#1651=VECTOR('',#2655,1.);
#1652=VECTOR('',#2656,1.);
#1653=VECTOR('',#2657,1.);
#1654=VECTOR('',#2658,1.);
#1655=VECTOR('',#2659,1.);
#1656=VECTOR('',#2660,1.);
#1657=VECTOR('',#2661,1.);
#1658=VECTOR('',#2662,1.);
#1659=VECTOR('',#2663,1.);
#1660=VECTOR('',#2664,1.);
#1661=VECTOR('',#2665,1.);
#1662=VECTOR('',#2666,1.);
#1663=VECTOR('',#2667,1.);
#1664=VECTOR('',#2668,1.);
#1665=VECTOR('',#2669,1.);
#1666=VECTOR('',#2670,1.);
#1667=VECTOR('',#2671,1.);
#1668=VECTOR('',#2674,1.);
#1669=VECTOR('',#2675,1.);
#1670=VECTOR('',#2676,1.);
#1671=VECTOR('',#2679,1.);
#1672=VECTOR('',#2680,1.);
#1673=VECTOR('',#2683,1.);
#1674=VECTOR('',#2684,1.);
#1675=VECTOR('',#2687,1.);
#1676=VECTOR('',#2688,1.);
#1677=VECTOR('',#2691,1.);
#1678=VECTOR('',#2692,1.);
#1679=VECTOR('',#2695,1.);
#1680=VECTOR('',#2696,1.);
#1681=VECTOR('',#2699,1.);
#1682=VECTOR('',#2700,1.);
#1683=VECTOR('',#2703,1.);
#1684=VECTOR('',#2706,1.);
#1685=VECTOR('',#2707,1.);
#1686=VECTOR('',#2708,1.);
#1687=VECTOR('',#2709,1.);
#1688=VECTOR('',#2710,1.);
#1689=VECTOR('',#2711,1.);
#1690=VECTOR('',#2712,1.);
#1691=VECTOR('',#2713,1.);
#1692=VECTOR('',#2714,1.);
#1693=VECTOR('',#2715,1.);
#1694=VECTOR('',#2716,1.);
#1695=VECTOR('',#2717,1.);
#1696=VECTOR('',#2722,1.);
#1697=VECTOR('',#2723,1.);
#1698=VECTOR('',#2724,1.);
#1699=VECTOR('',#2725,1.);
#1700=VECTOR('',#2726,1.);
#1701=VECTOR('',#2729,1.);
#1702=VECTOR('',#2732,1.);
#1703=VECTOR('',#2735,1.);
#1704=VECTOR('',#2738,1.);
#1705=VECTOR('',#2741,1.);
#1706=VECTOR('',#2744,1.);
#1707=VECTOR('',#2747,1.);
#1708=VECTOR('',#2750,1.);
#1709=VECTOR('',#2753,1.);
#1710=VECTOR('',#2756,1.);
#1711=VECTOR('',#2759,1.);
#1712=VECTOR('',#2760,1.);
#1713=VECTOR('',#2761,1.);
#1714=VECTOR('',#2762,1.);
#1715=VECTOR('',#2763,1.);
#1716=VECTOR('',#2768,1.);
#1717=VECTOR('',#2769,1.);
#1718=VECTOR('',#2770,1.);
#1719=VECTOR('',#2771,1.);
#1720=VECTOR('',#2774,1.);
#1721=VECTOR('',#2775,1.);
#1722=VECTOR('',#2776,1.);
#1723=VECTOR('',#2779,1.);
#1724=VECTOR('',#2788,1.);
#1725=VECTOR('',#2791,1.);
#1726=VECTOR('',#2826,1.);
#1727=VECTOR('',#2827,1.);
#1728=VECTOR('',#2832,1.);
#1729=VECTOR('',#2833,1.);
#1730=VECTOR('',#2838,1.);
#1731=VECTOR('',#2839,1.);
#1732=VECTOR('',#2844,1.);
#1733=VECTOR('',#2845,1.);
#1734=VECTOR('',#2848,1.);
#1735=VECTOR('',#2849,1.);
#1736=VECTOR('',#2850,1.);
#1737=VECTOR('',#2851,1.);
#1738=VECTOR('',#2854,1.);
#1739=VECTOR('',#2855,1.);
#1740=VECTOR('',#2856,1.);
#1741=VECTOR('',#2861,1.);
#1742=VECTOR('',#2866,1.);
#1743=VECTOR('',#2871,1.);
#1744=VECTOR('',#2876,1.);
#1745=VECTOR('',#2881,1.);
#1746=VECTOR('',#2882,1.);
#1747=VECTOR('',#2889,1.);
#1748=VECTOR('',#2890,1.);
#1749=VECTOR('',#2891,1.);
#1750=VECTOR('',#2894,1.);
#1751=VECTOR('',#2897,1.);
#1752=VECTOR('',#2898,1.);
#1753=VECTOR('',#2901,1.);
#1754=VECTOR('',#2902,1.);
#1755=VECTOR('',#2903,1.);
#1756=VECTOR('',#2910,1.);
#1757=VECTOR('',#2913,1.);
#1758=VECTOR('',#2914,1.);
#1759=VECTOR('',#2917,1.);
#1760=VECTOR('',#2918,1.);
#1761=VECTOR('',#2919,1.);
#1762=VECTOR('',#2922,1.);
#1763=VECTOR('',#2927,1.);
#1764=VECTOR('',#2930,1.);
#1765=VECTOR('',#2931,1.);
#1766=VECTOR('',#2934,1.);
#1767=VECTOR('',#2935,1.);
#1768=VECTOR('',#2938,1.);
#1769=VECTOR('',#2945,1.);
#1770=VECTOR('',#2948,1.);
#1771=VECTOR('',#2951,1.);
#1772=VECTOR('',#2958,1.);
#1773=VECTOR('',#2961,1.);
#1774=VECTOR('',#2962,1.);
#1775=VECTOR('',#2965,1.);
#1776=VECTOR('',#2968,1.);
#1777=VECTOR('',#2973,1.);
#1778=VECTOR('',#2974,1.);
#1779=VECTOR('',#2979,1.);
#1780=VECTOR('',#2982,1.);
#1781=VECTOR('',#2987,1.);
#1782=VECTOR('',#2990,1.);
#1783=VECTOR('',#2995,1.);
#1784=VECTOR('',#2998,1.);
#1785=VECTOR('',#3001,1.);
#1786=VECTOR('',#3004,1.);
#1787=VECTOR('',#3011,1.);
#1788=VECTOR('',#3014,1.);
#1789=VECTOR('',#3041,1.);
#1790=VECTOR('',#3042,1.);
#1791=VECTOR('',#3043,1.);
#1792=EDGE_LOOP('',(#139,#140,#141,#142));
#1793=EDGE_LOOP('',(#143,#144,#145,#146));
#1794=EDGE_LOOP('',(#147,#148,#149,#150));
#1795=EDGE_LOOP('',(#151,#152,#153,#154));
#1796=EDGE_LOOP('',(#155,#156,#157,#158));
#1797=EDGE_LOOP('',(#159,#160,#161,#162));
#1798=EDGE_LOOP('',(#163,#164,#165,#166));
#1799=EDGE_LOOP('',(#167,#168,#169,#170));
#1800=EDGE_LOOP('',(#171,#172,#173,#174));
#1801=EDGE_LOOP('',(#175,#176,#177,#178));
#1802=EDGE_LOOP('',(#179,#180,#181,#182));
#1803=EDGE_LOOP('',(#183,#184,#185,#186));
#1804=EDGE_LOOP('',(#187,#188,#189,#190));
#1805=EDGE_LOOP('',(#191,#192,#193,#194));
#1806=EDGE_LOOP('',(#195,#196,#197,#198));
#1807=EDGE_LOOP('',(#199,#200,#201,#202));
#1808=EDGE_LOOP('',(#203,#204,#205,#206));
#1809=EDGE_LOOP('',(#207,#208,#209,#210));
#1810=EDGE_LOOP('',(#211,#212,#213,#214));
#1811=EDGE_LOOP('',(#215,#216,#217,#218));
#1812=EDGE_LOOP('',(#219,#220,#221,#222,#223,#224,#225,#226,#227,#228,#229,
#230,#231,#232,#233,#234,#235,#236,#237,#238,#239,#240,#241,#242,#243,#244,
#245,#246));
#1813=EDGE_LOOP('',(#247,#248,#249,#250,#251,#252,#253,#254,#255,#256,#257,
#258,#259,#260,#261,#262,#263,#264,#265,#266,#267,#268,#269,#270,#271,#272,
#273,#274,#275,#276,#277,#278,#279,#280,#281,#282,#283,#284));
#1814=EDGE_LOOP('',(#285,#286,#287,#288,#289,#290,#291,#292));
#1815=EDGE_LOOP('',(#293,#294,#295,#296));
#1816=EDGE_LOOP('',(#297,#298,#299,#300));
#1817=EDGE_LOOP('',(#301,#302,#303,#304));
#1818=EDGE_LOOP('',(#305,#306,#307,#308));
#1819=EDGE_LOOP('',(#309,#310,#311,#312));
#1820=EDGE_LOOP('',(#313,#314,#315,#316));
#1821=EDGE_LOOP('',(#317,#318,#319,#320));
#1822=EDGE_LOOP('',(#321,#322,#323,#324));
#1823=EDGE_LOOP('',(#325,#326,#327,#328,#329,#330,#331,#332,#333,#334,#335,
#336,#337,#338,#339,#340,#341,#342,#343,#344,#345,#346,#347,#348,#349,#350,
#351,#352,#353,#354,#355,#356,#357,#358));
#1824=EDGE_LOOP('',(#359,#360,#361,#362,#363,#364,#365,#366));
#1825=EDGE_LOOP('',(#367,#368,#369,#370,#371,#372,#373,#374,#375,#376,#377,
#378,#379,#380,#381,#382,#383,#384,#385,#386,#387,#388,#389,#390,#391,#392,
#393,#394,#395,#396));
#1826=EDGE_LOOP('',(#397,#398,#399,#400));
#1827=EDGE_LOOP('',(#401));
#1828=EDGE_LOOP('',(#402,#403,#404,#405,#406,#407,#408,#409,#410,#411));
#1829=EDGE_LOOP('',(#412,#413,#414,#415,#416,#417));
#1830=EDGE_LOOP('',(#418,#419,#420,#421));
#1831=EDGE_LOOP('',(#422));
#1832=EDGE_LOOP('',(#423));
#1833=EDGE_LOOP('',(#424,#425,#426,#427));
#1834=EDGE_LOOP('',(#428,#429,#430,#431));
#1835=EDGE_LOOP('',(#432));
#1836=EDGE_LOOP('',(#433));
#1837=EDGE_LOOP('',(#434));
#1838=EDGE_LOOP('',(#435));
#1839=EDGE_LOOP('',(#436));
#1840=EDGE_LOOP('',(#437));
#1841=EDGE_LOOP('',(#438));
#1842=EDGE_LOOP('',(#439));
#1843=EDGE_LOOP('',(#440));
#1844=EDGE_LOOP('',(#441));
#1845=EDGE_LOOP('',(#442));
#1846=EDGE_LOOP('',(#443));
#1847=EDGE_LOOP('',(#444,#445,#446,#447));
#1848=EDGE_LOOP('',(#448,#449,#450,#451));
#1849=EDGE_LOOP('',(#452,#453,#454,#455));
#1850=EDGE_LOOP('',(#456,#457,#458,#459));
#1851=EDGE_LOOP('',(#460,#461,#462,#463));
#1852=EDGE_LOOP('',(#464,#465,#466,#467));
#1853=EDGE_LOOP('',(#468,#469,#470,#471));
#1854=EDGE_LOOP('',(#472,#473,#474,#475));
#1855=EDGE_LOOP('',(#476,#477,#478,#479));
#1856=EDGE_LOOP('',(#480,#481,#482,#483));
#1857=EDGE_LOOP('',(#484,#485,#486,#487));
#1858=EDGE_LOOP('',(#488,#489,#490,#491));
#1859=EDGE_LOOP('',(#492,#493,#494,#495));
#1860=EDGE_LOOP('',(#496,#497,#498,#499));
#1861=EDGE_LOOP('',(#500,#501,#502,#503));
#1862=EDGE_LOOP('',(#504,#505,#506,#507));
#1863=EDGE_LOOP('',(#508,#509,#510,#511,#512,#513,#514,#515));
#1864=EDGE_LOOP('',(#516));
#1865=EDGE_LOOP('',(#517,#518,#519,#520));
#1866=EDGE_LOOP('',(#521,#522,#523,#524));
#1867=EDGE_LOOP('',(#525,#526,#527,#528,#529,#530,#531,#532));
#1868=EDGE_LOOP('',(#533));
#1869=EDGE_LOOP('',(#534,#535,#536,#537));
#1870=EDGE_LOOP('',(#538,#539,#540,#541));
#1871=EDGE_LOOP('',(#542,#543,#544,#545,#546,#547,#548,#549));
#1872=EDGE_LOOP('',(#550));
#1873=EDGE_LOOP('',(#551,#552,#553,#554));
#1874=EDGE_LOOP('',(#555,#556,#557,#558));
#1875=EDGE_LOOP('',(#559,#560,#561,#562,#563,#564,#565,#566));
#1876=EDGE_LOOP('',(#567));
#1877=EDGE_LOOP('',(#568,#569,#570,#571));
#1878=EDGE_LOOP('',(#572,#573,#574,#575,#576));
#1879=EDGE_LOOP('',(#577,#578,#579,#580));
#1880=EDGE_LOOP('',(#581,#582,#583,#584));
#1881=EDGE_LOOP('',(#585,#586,#587,#588,#589));
#1882=EDGE_LOOP('',(#590,#591));
#1883=EDGE_LOOP('',(#592));
#1884=EDGE_LOOP('',(#593,#594,#595,#596));
#1885=EDGE_LOOP('',(#597,#598,#599,#600));
#1886=EDGE_LOOP('',(#601,#602,#603,#604));
#1887=EDGE_LOOP('',(#605,#606,#607,#608));
#1888=EDGE_LOOP('',(#609,#610,#611,#612));
#1889=EDGE_LOOP('',(#613,#614,#615,#616));
#1890=EDGE_LOOP('',(#617,#618,#619,#620));
#1891=EDGE_LOOP('',(#621,#622,#623,#624,#625,#626));
#1892=EDGE_LOOP('',(#627,#628,#629,#630));
#1893=EDGE_LOOP('',(#631,#632,#633,#634));
#1894=EDGE_LOOP('',(#635,#636,#637,#638,#639,#640,#641,#642));
#1895=EDGE_LOOP('',(#643,#644,#645,#646));
#1896=EDGE_LOOP('',(#647,#648,#649,#650));
#1897=EDGE_LOOP('',(#651,#652,#653,#654,#655,#656));
#1898=EDGE_LOOP('',(#657,#658,#659,#660));
#1899=EDGE_LOOP('',(#661,#662,#663,#664,#665,#666));
#1900=EDGE_LOOP('',(#667,#668,#669,#670));
#1901=EDGE_LOOP('',(#671,#672,#673,#674,#675,#676));
#1902=EDGE_LOOP('',(#677,#678,#679,#680));
#1903=EDGE_LOOP('',(#681,#682,#683,#684,#685,#686,#687,#688));
#1904=EDGE_LOOP('',(#689,#690,#691,#692));
#1905=EDGE_LOOP('',(#693,#694,#695,#696));
#1906=EDGE_LOOP('',(#697,#698,#699,#700));
#1907=EDGE_LOOP('',(#701,#702,#703,#704));
#1908=EDGE_LOOP('',(#705,#706,#707,#708));
#1909=EDGE_LOOP('',(#709,#710,#711,#712));
#1910=EDGE_LOOP('',(#713,#714,#715,#716));
#1911=EDGE_LOOP('',(#717,#718,#719,#720));
#1912=EDGE_LOOP('',(#721,#722,#723,#724));
#1913=EDGE_LOOP('',(#725,#726,#727,#728));
#1914=EDGE_LOOP('',(#729));
#1915=EDGE_LOOP('',(#730));
#1916=EDGE_LOOP('',(#731));
#1917=EDGE_LOOP('',(#732,#733));
#1918=EDGE_LOOP('',(#734));
#1919=EDGE_LOOP('',(#735));
#1920=EDGE_LOOP('',(#736));
#1921=EDGE_LOOP('',(#737));
#1922=EDGE_LOOP('',(#738));
#1923=EDGE_LOOP('',(#739));
#1924=EDGE_LOOP('',(#740));
#1925=EDGE_LOOP('',(#741));
#1926=EDGE_LOOP('',(#742,#743,#744,#745,#746,#747,#748,#749));
#1927=EDGE_LOOP('',(#750));
#1928=EDGE_LOOP('',(#751));
#1929=EDGE_LOOP('',(#752));
#1930=EDGE_LOOP('',(#753));
#1931=EDGE_LOOP('',(#754));
#1932=EDGE_LOOP('',(#755));
#1933=EDGE_LOOP('',(#756,#757,#758,#759,#760,#761,#762,#763));
#1934=EDGE_LOOP('',(#764));
#1935=EDGE_LOOP('',(#765));
#1936=EDGE_LOOP('',(#766,#767));
#1937=EDGE_LOOP('',(#768));
#1938=EDGE_LOOP('',(#769,#770,#771,#772));
#1939=EDGE_LOOP('',(#773));
#1940=EDGE_LOOP('',(#774));
#1941=EDGE_LOOP('',(#775));
#1942=EDGE_LOOP('',(#776));
#1943=EDGE_LOOP('',(#777));
#1944=EDGE_LOOP('',(#778));
#1945=EDGE_LOOP('',(#779));
#1946=EDGE_LOOP('',(#780));
#1947=EDGE_LOOP('',(#781));
#1948=EDGE_LOOP('',(#782));
#1949=FACE_BOUND('',#1792,.T.);
#1950=FACE_BOUND('',#1793,.T.);
#1951=FACE_BOUND('',#1794,.T.);
#1952=FACE_BOUND('',#1795,.T.);
#1953=FACE_BOUND('',#1796,.T.);
#1954=FACE_BOUND('',#1797,.T.);
#1955=FACE_BOUND('',#1798,.T.);
#1956=FACE_BOUND('',#1799,.T.);
#1957=FACE_BOUND('',#1800,.T.);
#1958=FACE_BOUND('',#1801,.T.);
#1959=FACE_BOUND('',#1802,.T.);
#1960=FACE_BOUND('',#1803,.T.);
#1961=FACE_BOUND('',#1804,.T.);
#1962=FACE_BOUND('',#1805,.T.);
#1963=FACE_BOUND('',#1806,.T.);
#1964=FACE_BOUND('',#1807,.T.);
#1965=FACE_BOUND('',#1808,.T.);
#1966=FACE_BOUND('',#1809,.T.);
#1967=FACE_BOUND('',#1810,.T.);
#1968=FACE_BOUND('',#1811,.T.);
#1969=FACE_BOUND('',#1812,.T.);
#1970=FACE_BOUND('',#1813,.T.);
#1971=FACE_BOUND('',#1814,.T.);
#1972=FACE_BOUND('',#1815,.T.);
#1973=FACE_BOUND('',#1816,.T.);
#1974=FACE_BOUND('',#1817,.T.);
#1975=FACE_BOUND('',#1818,.T.);
#1976=FACE_BOUND('',#1819,.T.);
#1977=FACE_BOUND('',#1820,.T.);
#1978=FACE_BOUND('',#1821,.T.);
#1979=FACE_BOUND('',#1822,.T.);
#1980=FACE_BOUND('',#1823,.T.);
#1981=FACE_BOUND('',#1824,.T.);
#1982=FACE_BOUND('',#1825,.T.);
#1983=FACE_BOUND('',#1826,.T.);
#1984=FACE_BOUND('',#1827,.T.);
#1985=FACE_BOUND('',#1828,.T.);
#1986=FACE_BOUND('',#1829,.T.);
#1987=FACE_BOUND('',#1830,.T.);
#1988=FACE_BOUND('',#1831,.T.);
#1989=FACE_BOUND('',#1832,.T.);
#1990=FACE_BOUND('',#1833,.T.);
#1991=FACE_BOUND('',#1834,.T.);
#1992=FACE_BOUND('',#1835,.T.);
#1993=FACE_BOUND('',#1836,.T.);
#1994=FACE_BOUND('',#1837,.T.);
#1995=FACE_BOUND('',#1838,.T.);
#1996=FACE_BOUND('',#1839,.T.);
#1997=FACE_BOUND('',#1840,.T.);
#1998=FACE_BOUND('',#1841,.T.);
#1999=FACE_BOUND('',#1842,.T.);
#2000=FACE_BOUND('',#1843,.T.);
#2001=FACE_BOUND('',#1844,.T.);
#2002=FACE_BOUND('',#1845,.T.);
#2003=FACE_BOUND('',#1846,.T.);
#2004=FACE_BOUND('',#1847,.T.);
#2005=FACE_BOUND('',#1848,.T.);
#2006=FACE_BOUND('',#1849,.T.);
#2007=FACE_BOUND('',#1850,.T.);
#2008=FACE_BOUND('',#1851,.T.);
#2009=FACE_BOUND('',#1852,.T.);
#2010=FACE_BOUND('',#1853,.T.);
#2011=FACE_BOUND('',#1854,.T.);
#2012=FACE_BOUND('',#1855,.T.);
#2013=FACE_BOUND('',#1856,.T.);
#2014=FACE_BOUND('',#1857,.T.);
#2015=FACE_BOUND('',#1858,.T.);
#2016=FACE_BOUND('',#1859,.T.);
#2017=FACE_BOUND('',#1860,.T.);
#2018=FACE_BOUND('',#1861,.T.);
#2019=FACE_BOUND('',#1862,.T.);
#2020=FACE_BOUND('',#1863,.T.);
#2021=FACE_BOUND('',#1864,.T.);
#2022=FACE_BOUND('',#1865,.T.);
#2023=FACE_BOUND('',#1866,.T.);
#2024=FACE_BOUND('',#1867,.T.);
#2025=FACE_BOUND('',#1868,.T.);
#2026=FACE_BOUND('',#1869,.T.);
#2027=FACE_BOUND('',#1870,.T.);
#2028=FACE_BOUND('',#1871,.T.);
#2029=FACE_BOUND('',#1872,.T.);
#2030=FACE_BOUND('',#1873,.T.);
#2031=FACE_BOUND('',#1874,.T.);
#2032=FACE_BOUND('',#1875,.T.);
#2033=FACE_BOUND('',#1876,.T.);
#2034=FACE_BOUND('',#1877,.T.);
#2035=FACE_BOUND('',#1878,.T.);
#2036=FACE_BOUND('',#1879,.T.);
#2037=FACE_BOUND('',#1880,.T.);
#2038=FACE_BOUND('',#1881,.T.);
#2039=FACE_BOUND('',#1882,.T.);
#2040=FACE_BOUND('',#1883,.T.);
#2041=FACE_BOUND('',#1884,.T.);
#2042=FACE_BOUND('',#1885,.T.);
#2043=FACE_BOUND('',#1886,.T.);
#2044=FACE_BOUND('',#1887,.T.);
#2045=FACE_BOUND('',#1888,.T.);
#2046=FACE_BOUND('',#1889,.T.);
#2047=FACE_BOUND('',#1890,.T.);
#2048=FACE_BOUND('',#1891,.T.);
#2049=FACE_BOUND('',#1892,.T.);
#2050=FACE_BOUND('',#1893,.T.);
#2051=FACE_BOUND('',#1894,.T.);
#2052=FACE_BOUND('',#1895,.T.);
#2053=FACE_BOUND('',#1896,.T.);
#2054=FACE_BOUND('',#1897,.T.);
#2055=FACE_BOUND('',#1898,.T.);
#2056=FACE_BOUND('',#1899,.T.);
#2057=FACE_BOUND('',#1900,.T.);
#2058=FACE_BOUND('',#1901,.T.);
#2059=FACE_BOUND('',#1902,.T.);
#2060=FACE_BOUND('',#1903,.T.);
#2061=FACE_BOUND('',#1904,.T.);
#2062=FACE_BOUND('',#1905,.T.);
#2063=FACE_BOUND('',#1906,.T.);
#2064=FACE_BOUND('',#1907,.T.);
#2065=FACE_BOUND('',#1908,.T.);
#2066=FACE_BOUND('',#1909,.T.);
#2067=FACE_BOUND('',#1910,.T.);
#2068=FACE_BOUND('',#1911,.T.);
#2069=FACE_BOUND('',#1912,.T.);
#2070=FACE_BOUND('',#1913,.T.);
#2071=FACE_BOUND('',#1914,.T.);
#2072=FACE_BOUND('',#1915,.T.);
#2073=FACE_BOUND('',#1916,.T.);
#2074=FACE_BOUND('',#1917,.T.);
#2075=FACE_BOUND('',#1918,.T.);
#2076=FACE_BOUND('',#1919,.T.);
#2077=FACE_BOUND('',#1920,.T.);
#2078=FACE_BOUND('',#1921,.T.);
#2079=FACE_BOUND('',#1922,.T.);
#2080=FACE_BOUND('',#1923,.T.);
#2081=FACE_BOUND('',#1924,.T.);
#2082=FACE_BOUND('',#1925,.T.);
#2083=FACE_BOUND('',#1926,.T.);
#2084=FACE_BOUND('',#1927,.T.);
#2085=FACE_BOUND('',#1928,.T.);
#2086=FACE_BOUND('',#1929,.T.);
#2087=FACE_BOUND('',#1930,.T.);
#2088=FACE_BOUND('',#1931,.T.);
#2089=FACE_BOUND('',#1932,.T.);
#2090=FACE_BOUND('',#1933,.T.);
#2091=FACE_BOUND('',#1934,.T.);
#2092=FACE_BOUND('',#1935,.T.);
#2093=FACE_BOUND('',#1936,.T.);
#2094=FACE_BOUND('',#1937,.T.);
#2095=FACE_BOUND('',#1938,.T.);
#2096=FACE_BOUND('',#1939,.T.);
#2097=FACE_BOUND('',#1940,.T.);
#2098=FACE_BOUND('',#1941,.T.);
#2099=FACE_BOUND('',#1942,.T.);
#2100=FACE_BOUND('',#1943,.T.);
#2101=FACE_BOUND('',#1944,.T.);
#2102=FACE_BOUND('',#1945,.T.);
#2103=FACE_BOUND('',#1946,.T.);
#2104=FACE_BOUND('',#1947,.T.);
#2105=FACE_BOUND('',#1948,.T.);
#2106=PLANE('',#2333);
#2107=PLANE('',#2334);
#2108=PLANE('',#2335);
#2109=PLANE('',#2336);
#2110=PLANE('',#2337);
#2111=PLANE('',#2338);
#2112=PLANE('',#2339);
#2113=PLANE('',#2340);
#2114=PLANE('',#2341);
#2115=PLANE('',#2342);
#2116=PLANE('',#2343);
#2117=PLANE('',#2344);
#2118=PLANE('',#2345);
#2119=PLANE('',#2346);
#2120=PLANE('',#2347);
#2121=PLANE('',#2348);
#2122=PLANE('',#2349);
#2123=PLANE('',#2350);
#2124=PLANE('',#2351);
#2125=PLANE('',#2352);
#2126=PLANE('',#2353);
#2127=PLANE('',#2362);
#2128=PLANE('',#2363);
#2129=PLANE('',#2364);
#2130=PLANE('',#2365);
#2131=PLANE('',#2366);
#2132=PLANE('',#2367);
#2133=PLANE('',#2368);
#2134=PLANE('',#2369);
#2135=PLANE('',#2370);
#2136=PLANE('',#2371);
#2137=PLANE('',#2372);
#2138=PLANE('',#2386);
#2139=PLANE('',#2387);
#2140=PLANE('',#2388);
#2141=PLANE('',#2389);
#2142=PLANE('',#2392);
#2143=PLANE('',#2393);
#2144=PLANE('',#2394);
#2145=PLANE('',#2397);
#2146=PLANE('',#2417);
#2147=PLANE('',#2418);
#2148=PLANE('',#2419);
#2149=PLANE('',#2420);
#2150=PLANE('',#2421);
#2151=PLANE('',#2422);
#2152=PLANE('',#2423);
#2153=PLANE('',#2424);
#2154=PLANE('',#2425);
#2155=PLANE('',#2426);
#2156=PLANE('',#2427);
#2157=PLANE('',#2428);
#2158=PLANE('',#2429);
#2159=PLANE('',#2432);
#2160=PLANE('',#2433);
#2161=PLANE('',#2434);
#2162=PLANE('',#2437);
#2163=PLANE('',#2438);
#2164=PLANE('',#2439);
#2165=PLANE('',#2442);
#2166=PLANE('',#2443);
#2167=PLANE('',#2444);
#2168=PLANE('',#2447);
#2169=PLANE('',#2449);
#2170=PLANE('',#2451);
#2171=PLANE('',#2452);
#2172=PLANE('',#2454);
#2173=PLANE('',#2455);
#2174=PLANE('',#2456);
#2175=PLANE('',#2457);
#2176=PLANE('',#2458);
#2177=PLANE('',#2459);
#2178=PLANE('',#2461);
#2179=PLANE('',#2464);
#2180=PLANE('',#2467);
#2181=PLANE('',#2469);
#2182=PLANE('',#2471);
#2183=PLANE('',#2473);
#2184=PLANE('',#2476);
#2185=PLANE('',#2485);
#2186=PLANE('',#2486);
#2187=PLANE('',#2487);
#2188=PLANE('',#2489);
#2189=PLANE('',#2494);
#2190=PLANE('',#2500);
#2191=ADVANCED_FACE('',(#1949),#2106,.T.);
#2192=ADVANCED_FACE('',(#1950),#2107,.T.);
#2193=ADVANCED_FACE('',(#1951),#2108,.T.);
#2194=ADVANCED_FACE('',(#1952),#2109,.T.);
#2195=ADVANCED_FACE('',(#1953),#2110,.T.);
#2196=ADVANCED_FACE('',(#1954),#2111,.T.);
#2197=ADVANCED_FACE('',(#1955),#2112,.T.);
#2198=ADVANCED_FACE('',(#1956),#2113,.T.);
#2199=ADVANCED_FACE('',(#1957),#2114,.T.);
#2200=ADVANCED_FACE('',(#1958),#2115,.T.);
#2201=ADVANCED_FACE('',(#1959),#2116,.T.);
#2202=ADVANCED_FACE('',(#1960),#2117,.T.);
#2203=ADVANCED_FACE('',(#1961),#2118,.T.);
#2204=ADVANCED_FACE('',(#1962),#2119,.T.);
#2205=ADVANCED_FACE('',(#1963),#2120,.T.);
#2206=ADVANCED_FACE('',(#1964),#2121,.T.);
#2207=ADVANCED_FACE('',(#1965),#2122,.F.);
#2208=ADVANCED_FACE('',(#1966),#2123,.T.);
#2209=ADVANCED_FACE('',(#1967),#2124,.F.);
#2210=ADVANCED_FACE('',(#1968),#2125,.F.);
#2211=ADVANCED_FACE('',(#1969),#2126,.T.);
#2212=ADVANCED_FACE('',(#1970,#1971),#2127,.F.);
#2213=ADVANCED_FACE('',(#1972),#2128,.T.);
#2214=ADVANCED_FACE('',(#1973),#2129,.T.);
#2215=ADVANCED_FACE('',(#1974),#2130,.T.);
#2216=ADVANCED_FACE('',(#1975),#2131,.T.);
#2217=ADVANCED_FACE('',(#1976),#2132,.T.);
#2218=ADVANCED_FACE('',(#1977),#2133,.T.);
#2219=ADVANCED_FACE('',(#1978),#2134,.T.);
#2220=ADVANCED_FACE('',(#1979),#2135,.F.);
#2221=ADVANCED_FACE('',(#1980,#1981),#2136,.T.);
#2222=ADVANCED_FACE('',(#1982,#1983,#1984),#2137,.T.);
#2223=ADVANCED_FACE('',(#1985),#2138,.F.);
#2224=ADVANCED_FACE('',(#1986),#2139,.F.);
#2225=ADVANCED_FACE('',(#1987),#2140,.T.);
#2226=ADVANCED_FACE('',(#1988,#1989),#2141,.F.);
#2227=ADVANCED_FACE('',(#1990),#2142,.T.);
#2228=ADVANCED_FACE('',(#1991),#2143,.T.);
#2229=ADVANCED_FACE('',(#1992,#1993),#2144,.F.);
#2230=ADVANCED_FACE('',(#1994,#1995),#2145,.F.);
#2231=ADVANCED_FACE('',(#1996,#1997),#20,.F.);
#2232=ADVANCED_FACE('',(#1998,#1999),#21,.F.);
#2233=ADVANCED_FACE('',(#2000,#2001),#22,.F.);
#2234=ADVANCED_FACE('',(#2002,#2003),#23,.F.);
#2235=ADVANCED_FACE('',(#2004),#24,.F.);
#2236=ADVANCED_FACE('',(#2005),#25,.F.);
#2237=ADVANCED_FACE('',(#2006),#26,.F.);
#2238=ADVANCED_FACE('',(#2007),#27,.F.);
#2239=ADVANCED_FACE('',(#2008),#2146,.F.);
#2240=ADVANCED_FACE('',(#2009),#2147,.F.);
#2241=ADVANCED_FACE('',(#2010),#2148,.F.);
#2242=ADVANCED_FACE('',(#2011),#2149,.T.);
#2243=ADVANCED_FACE('',(#2012),#2150,.T.);
#2244=ADVANCED_FACE('',(#2013),#2151,.T.);
#2245=ADVANCED_FACE('',(#2014),#2152,.T.);
#2246=ADVANCED_FACE('',(#2015),#2153,.T.);
#2247=ADVANCED_FACE('',(#2016),#2154,.T.);
#2248=ADVANCED_FACE('',(#2017),#2155,.T.);
#2249=ADVANCED_FACE('',(#2018),#2156,.T.);
#2250=ADVANCED_FACE('',(#2019),#2157,.F.);
#2251=ADVANCED_FACE('',(#2020,#2021),#2158,.F.);
#2252=ADVANCED_FACE('',(#2022),#2159,.F.);
#2253=ADVANCED_FACE('',(#2023),#2160,.F.);
#2254=ADVANCED_FACE('',(#2024,#2025),#2161,.F.);
#2255=ADVANCED_FACE('',(#2026),#2162,.F.);
#2256=ADVANCED_FACE('',(#2027),#2163,.F.);
#2257=ADVANCED_FACE('',(#2028,#2029),#2164,.F.);
#2258=ADVANCED_FACE('',(#2030),#2165,.F.);
#2259=ADVANCED_FACE('',(#2031),#2166,.F.);
#2260=ADVANCED_FACE('',(#2032,#2033),#2167,.F.);
#2261=ADVANCED_FACE('',(#2034),#2168,.F.);
#2262=ADVANCED_FACE('',(#2035),#28,.T.);
#2263=ADVANCED_FACE('',(#2036),#2169,.T.);
#2264=ADVANCED_FACE('',(#2037),#29,.T.);
#2265=ADVANCED_FACE('',(#2038),#2170,.T.);
#2266=ADVANCED_FACE('',(#2039,#2040),#2171,.F.);
#2267=ADVANCED_FACE('',(#2041),#2172,.F.);
#2268=ADVANCED_FACE('',(#2042),#2173,.F.);
#2269=ADVANCED_FACE('',(#2043),#2174,.F.);
#2270=ADVANCED_FACE('',(#2044),#2175,.F.);
#2271=ADVANCED_FACE('',(#2045),#2176,.F.);
#2272=ADVANCED_FACE('',(#2046),#2177,.F.);
#2273=ADVANCED_FACE('',(#2047),#30,.F.);
#2274=ADVANCED_FACE('',(#2048),#2178,.F.);
#2275=ADVANCED_FACE('',(#2049),#31,.T.);
#2276=ADVANCED_FACE('',(#2050),#32,.T.);
#2277=ADVANCED_FACE('',(#2051),#2179,.F.);
#2278=ADVANCED_FACE('',(#2052),#33,.T.);
#2279=ADVANCED_FACE('',(#2053),#34,.T.);
#2280=ADVANCED_FACE('',(#2054),#2180,.F.);
#2281=ADVANCED_FACE('',(#2055),#35,.F.);
#2282=ADVANCED_FACE('',(#2056),#2181,.F.);
#2283=ADVANCED_FACE('',(#2057),#36,.T.);
#2284=ADVANCED_FACE('',(#2058),#2182,.T.);
#2285=ADVANCED_FACE('',(#2059),#37,.T.);
#2286=ADVANCED_FACE('',(#2060),#2183,.F.);
#2287=ADVANCED_FACE('',(#2061),#38,.T.);
#2288=ADVANCED_FACE('',(#2062),#39,.T.);
#2289=ADVANCED_FACE('',(#2063),#2184,.T.);
#2290=ADVANCED_FACE('',(#2064),#13,.T.);
#2291=ADVANCED_FACE('',(#2065),#14,.T.);
#2292=ADVANCED_FACE('',(#2066),#15,.T.);
#2293=ADVANCED_FACE('',(#2067),#16,.T.);
#2294=ADVANCED_FACE('',(#2068),#17,.T.);
#2295=ADVANCED_FACE('',(#2069),#18,.T.);
#2296=ADVANCED_FACE('',(#2070),#19,.T.);
#2297=ADVANCED_FACE('',(#2071,#2072),#40,.F.);
#2298=ADVANCED_FACE('',(#2073,#2074),#41,.F.);
#2299=ADVANCED_FACE('',(#2075,#2076),#42,.F.);
#2300=ADVANCED_FACE('',(#2077,#2078),#43,.F.);
#2301=ADVANCED_FACE('',(#2079,#2080),#44,.F.);
#2302=ADVANCED_FACE('',(#2081,#2082),#45,.F.);
#2303=ADVANCED_FACE('',(#2083,#2084,#2085,#2086,#2087,#2088,#2089),#2185,
 .F.);
#2304=ADVANCED_FACE('',(#2090),#2186,.F.);
#2305=ADVANCED_FACE('',(#2091,#2092),#2187,.F.);
#2306=ADVANCED_FACE('',(#2093,#2094),#2188,.F.);
#2307=ADVANCED_FACE('',(#2095),#46,.T.);
#2308=ADVANCED_FACE('',(#2096,#2097),#47,.F.);
#2309=ADVANCED_FACE('',(#2098,#2099),#2189,.F.);
#2310=ADVANCED_FACE('',(#2100,#2101),#48,.F.);
#2311=ADVANCED_FACE('',(#2102,#2103),#49,.T.);
#2312=ADVANCED_FACE('',(#2104,#2105),#2190,.F.);
#2313=CLOSED_SHELL('',(#2191,#2192,#2193,#2194,#2195,#2196,#2197,#2198,
#2199,#2200,#2201,#2202,#2203,#2204,#2205,#2206,#2207,#2208,#2209,#2210,
#2211,#2212,#2213,#2214,#2215,#2216,#2217,#2218,#2219,#2220,#2221,#2222,
#2223,#2224,#2225,#2226,#2227,#2228,#2229,#2230,#2231,#2232,#2233,#2234,
#2235,#2236,#2237,#2238,#2239,#2240,#2241,#2242,#2243,#2244,#2245,#2246,
#2247,#2248,#2249,#2250,#2251,#2252,#2253,#2254,#2255,#2256,#2257,#2258,
#2259,#2260,#2261,#2262,#2263,#2264,#2265,#2266,#2267,#2268,#2269,#2270,
#2271,#2272,#2273,#2274,#2275,#2276,#2277,#2278,#2279,#2280,#2281,#2282,
#2283,#2284,#2285,#2286,#2287,#2288,#2289,#2290,#2291,#2292,#2293,#2294,
#2295,#2296,#2297,#2298,#2299,#2300,#2301,#2302,#2303,#2304,#2305,#2306,
#2307,#2308,#2309,#2310,#2311,#2312));
#2314=STYLED_ITEM('',(#2315),#2329);
#2315=PRESENTATION_STYLE_ASSIGNMENT((#2317));
#2316=PRESENTATION_STYLE_ASSIGNMENT((#2318));
#2317=SURFACE_STYLE_USAGE(.BOTH.,#2319);
#2318=SURFACE_STYLE_USAGE(.BOTH.,#2320);
#2319=SURFACE_SIDE_STYLE('',(#2321));
#2320=SURFACE_SIDE_STYLE('',(#2322));
#2321=SURFACE_STYLE_FILL_AREA(#2323);
#2322=SURFACE_STYLE_FILL_AREA(#2324);
#2323=FILL_AREA_STYLE('',(#2325));
#2324=FILL_AREA_STYLE('',(#2326));
#2325=FILL_AREA_STYLE_COLOUR('',#2327);
#2326=FILL_AREA_STYLE_COLOUR('',#2328);
#2327=COLOUR_RGB('',0.541176470588235,0.396078431372549,0.27843137254902);
#2328=COLOUR_RGB('',0.43921568627451,0.31764705882353,0.243137254901961);
#2329=MANIFOLD_SOLID_BREP('bottom shell right half:1__Body1',#2313);
#2330=SHAPE_DEFINITION_REPRESENTATION(#4145,#2331);
#2331=SHAPE_REPRESENTATION('bottom shell right half:1__Body1',(#2332),#4140);
#2332=AXIS2_PLACEMENT_3D('',#3072,#2501,#2502);
#2333=AXIS2_PLACEMENT_3D('',#3073,#2503,#2504);
#2334=AXIS2_PLACEMENT_3D('',#3082,#2509,#2510);
#2335=AXIS2_PLACEMENT_3D('',#3088,#2514,#2515);
#2336=AXIS2_PLACEMENT_3D('',#3094,#2519,#2520);
#2337=AXIS2_PLACEMENT_3D('',#3103,#2525,#2526);
#2338=AXIS2_PLACEMENT_3D('',#3109,#2530,#2531);
#2339=AXIS2_PLACEMENT_3D('',#3118,#2536,#2537);
#2340=AXIS2_PLACEMENT_3D('',#3121,#2540,#2541);
#2341=AXIS2_PLACEMENT_3D('',#3130,#2546,#2547);
#2342=AXIS2_PLACEMENT_3D('',#3136,#2551,#2552);
#2343=AXIS2_PLACEMENT_3D('',#3145,#2557,#2558);
#2344=AXIS2_PLACEMENT_3D('',#3148,#2561,#2562);
#2345=AXIS2_PLACEMENT_3D('',#3157,#2567,#2568);
#2346=AXIS2_PLACEMENT_3D('',#3163,#2572,#2573);
#2347=AXIS2_PLACEMENT_3D('',#3169,#2577,#2578);
#2348=AXIS2_PLACEMENT_3D('',#3175,#2582,#2583);
#2349=AXIS2_PLACEMENT_3D('',#3184,#2588,#2589);
#2350=AXIS2_PLACEMENT_3D('',#3190,#2593,#2594);
#2351=AXIS2_PLACEMENT_3D('',#3199,#2599,#2600);
#2352=AXIS2_PLACEMENT_3D('',#3202,#2603,#2604);
#2353=AXIS2_PLACEMENT_3D('',#3208,#2608,#2609);
#2354=AXIS2_PLACEMENT_3D('',#3211,#2611,#2612);
#2355=AXIS2_PLACEMENT_3D('',#3217,#2615,#2616);
#2356=AXIS2_PLACEMENT_3D('',#3225,#2620,#2621);
#2357=AXIS2_PLACEMENT_3D('',#3231,#2624,#2625);
#2358=AXIS2_PLACEMENT_3D('',#3237,#2628,#2629);
#2359=AXIS2_PLACEMENT_3D('',#3245,#2633,#2634);
#2360=AXIS2_PLACEMENT_3D('',#3255,#2639,#2640);
#2361=AXIS2_PLACEMENT_3D('',#3259,#2642,#2643);
#2362=AXIS2_PLACEMENT_3D('',#3262,#2645,#2646);
#2363=AXIS2_PLACEMENT_3D('',#3308,#2672,#2673);
#2364=AXIS2_PLACEMENT_3D('',#3314,#2677,#2678);
#2365=AXIS2_PLACEMENT_3D('',#3318,#2681,#2682);
#2366=AXIS2_PLACEMENT_3D('',#3322,#2685,#2686);
#2367=AXIS2_PLACEMENT_3D('',#3326,#2689,#2690);
#2368=AXIS2_PLACEMENT_3D('',#3330,#2693,#2694);
#2369=AXIS2_PLACEMENT_3D('',#3334,#2697,#2698);
#2370=AXIS2_PLACEMENT_3D('',#3338,#2701,#2702);
#2371=AXIS2_PLACEMENT_3D('',#3340,#2704,#2705);
#2372=AXIS2_PLACEMENT_3D('',#3365,#2718,#2719);
#2373=AXIS2_PLACEMENT_3D('',#3366,#2720,#2721);
#2374=AXIS2_PLACEMENT_3D('',#3378,#2727,#2728);
#2375=AXIS2_PLACEMENT_3D('',#3382,#2730,#2731);
#2376=AXIS2_PLACEMENT_3D('',#3386,#2733,#2734);
#2377=AXIS2_PLACEMENT_3D('',#3390,#2736,#2737);
#2378=AXIS2_PLACEMENT_3D('',#3394,#2739,#2740);
#2379=AXIS2_PLACEMENT_3D('',#3398,#2742,#2743);
#2380=AXIS2_PLACEMENT_3D('',#3402,#2745,#2746);
#2381=AXIS2_PLACEMENT_3D('',#3406,#2748,#2749);
#2382=AXIS2_PLACEMENT_3D('',#3410,#2751,#2752);
#2383=AXIS2_PLACEMENT_3D('',#3414,#2754,#2755);
#2384=AXIS2_PLACEMENT_3D('',#3418,#2757,#2758);
#2385=AXIS2_PLACEMENT_3D('',#3428,#2764,#2765);
#2386=AXIS2_PLACEMENT_3D('',#3430,#2766,#2767);
#2387=AXIS2_PLACEMENT_3D('',#3448,#2772,#2773);
#2388=AXIS2_PLACEMENT_3D('',#3454,#2777,#2778);
#2389=AXIS2_PLACEMENT_3D('',#3456,#2780,#2781);
#2390=AXIS2_PLACEMENT_3D('',#3457,#2782,#2783);
#2391=AXIS2_PLACEMENT_3D('',#3459,#2784,#2785);
#2392=AXIS2_PLACEMENT_3D('',#3461,#2786,#2787);
#2393=AXIS2_PLACEMENT_3D('',#3473,#2789,#2790);
#2394=AXIS2_PLACEMENT_3D('',#3485,#2792,#2793);
#2395=AXIS2_PLACEMENT_3D('',#3486,#2794,#2795);
#2396=AXIS2_PLACEMENT_3D('',#3488,#2796,#2797);
#2397=AXIS2_PLACEMENT_3D('',#3490,#2798,#2799);
#2398=AXIS2_PLACEMENT_3D('',#3491,#2800,#2801);
#2399=AXIS2_PLACEMENT_3D('',#3493,#2802,#2803);
#2400=AXIS2_PLACEMENT_3D('',#3495,#2804,#2805);
#2401=AXIS2_PLACEMENT_3D('',#3496,#2806,#2807);
#2402=AXIS2_PLACEMENT_3D('',#3498,#2808,#2809);
#2403=AXIS2_PLACEMENT_3D('',#3499,#2810,#2811);
#2404=AXIS2_PLACEMENT_3D('',#3501,#2812,#2813);
#2405=AXIS2_PLACEMENT_3D('',#3503,#2814,#2815);
#2406=AXIS2_PLACEMENT_3D('',#3504,#2816,#2817);
#2407=AXIS2_PLACEMENT_3D('',#3506,#2818,#2819);
#2408=AXIS2_PLACEMENT_3D('',#3507,#2820,#2821);
#2409=AXIS2_PLACEMENT_3D('',#3509,#2822,#2823);
#2410=AXIS2_PLACEMENT_3D('',#3510,#2824,#2825);
#2411=AXIS2_PLACEMENT_3D('',#3515,#2828,#2829);
#2412=AXIS2_PLACEMENT_3D('',#3516,#2830,#2831);
#2413=AXIS2_PLACEMENT_3D('',#3521,#2834,#2835);
#2414=AXIS2_PLACEMENT_3D('',#3522,#2836,#2837);
#2415=AXIS2_PLACEMENT_3D('',#3527,#2840,#2841);
#2416=AXIS2_PLACEMENT_3D('',#3528,#2842,#2843);
#2417=AXIS2_PLACEMENT_3D('',#3533,#2846,#2847);
#2418=AXIS2_PLACEMENT_3D('',#3542,#2852,#2853);
#2419=AXIS2_PLACEMENT_3D('',#3548,#2857,#2858);
#2420=AXIS2_PLACEMENT_3D('',#3549,#2859,#2860);
#2421=AXIS2_PLACEMENT_3D('',#3551,#2862,#2863);
#2422=AXIS2_PLACEMENT_3D('',#3552,#2864,#2865);
#2423=AXIS2_PLACEMENT_3D('',#3554,#2867,#2868);
#2424=AXIS2_PLACEMENT_3D('',#3555,#2869,#2870);
#2425=AXIS2_PLACEMENT_3D('',#3557,#2872,#2873);
#2426=AXIS2_PLACEMENT_3D('',#3558,#2874,#2875);
#2427=AXIS2_PLACEMENT_3D('',#3560,#2877,#2878);
#2428=AXIS2_PLACEMENT_3D('',#3561,#2879,#2880);
#2429=AXIS2_PLACEMENT_3D('',#3565,#2883,#2884);
#2430=AXIS2_PLACEMENT_3D('',#3566,#2885,#2886);
#2431=AXIS2_PLACEMENT_3D('',#3568,#2887,#2888);
#2432=AXIS2_PLACEMENT_3D('',#3574,#2892,#2893);
#2433=AXIS2_PLACEMENT_3D('',#3576,#2895,#2896);
#2434=AXIS2_PLACEMENT_3D('',#3580,#2899,#2900);
#2435=AXIS2_PLACEMENT_3D('',#3587,#2904,#2905);
#2436=AXIS2_PLACEMENT_3D('',#3588,#2906,#2907);
#2437=AXIS2_PLACEMENT_3D('',#3589,#2908,#2909);
#2438=AXIS2_PLACEMENT_3D('',#3591,#2911,#2912);
#2439=AXIS2_PLACEMENT_3D('',#3595,#2915,#2916);
#2440=AXIS2_PLACEMENT_3D('',#3602,#2920,#2921);
#2441=AXIS2_PLACEMENT_3D('',#3606,#2923,#2924);
#2442=AXIS2_PLACEMENT_3D('',#3607,#2925,#2926);
#2443=AXIS2_PLACEMENT_3D('',#3609,#2928,#2929);
#2444=AXIS2_PLACEMENT_3D('',#3613,#2932,#2933);
#2445=AXIS2_PLACEMENT_3D('',#3617,#2936,#2937);
#2446=AXIS2_PLACEMENT_3D('',#3621,#2939,#2940);
#2447=AXIS2_PLACEMENT_3D('',#3622,#2941,#2942);
#2448=AXIS2_PLACEMENT_3D('',#3623,#2943,#2944);
#2449=AXIS2_PLACEMENT_3D('',#3638,#2946,#2947);
#2450=AXIS2_PLACEMENT_3D('',#3645,#2949,#2950);
#2451=AXIS2_PLACEMENT_3D('',#3655,#2952,#2953);
#2452=AXIS2_PLACEMENT_3D('',#3665,#2954,#2955);
#2453=AXIS2_PLACEMENT_3D('',#3666,#2956,#2957);
#2454=AXIS2_PLACEMENT_3D('',#3668,#2959,#2960);
#2455=AXIS2_PLACEMENT_3D('',#3671,#2963,#2964);
#2456=AXIS2_PLACEMENT_3D('',#3673,#2966,#2967);
#2457=AXIS2_PLACEMENT_3D('',#3675,#2969,#2970);
#2458=AXIS2_PLACEMENT_3D('',#3676,#2971,#2972);
#2459=AXIS2_PLACEMENT_3D('',#3679,#2975,#2976);
#2460=AXIS2_PLACEMENT_3D('',#3680,#2977,#2978);
#2461=AXIS2_PLACEMENT_3D('',#3682,#2980,#2981);
#2462=AXIS2_PLACEMENT_3D('',#3684,#2983,#2984);
#2463=AXIS2_PLACEMENT_3D('',#3685,#2985,#2986);
#2464=AXIS2_PLACEMENT_3D('',#3687,#2988,#2989);
#2465=AXIS2_PLACEMENT_3D('',#3689,#2991,#2992);
#2466=AXIS2_PLACEMENT_3D('',#3690,#2993,#2994);
#2467=AXIS2_PLACEMENT_3D('',#3692,#2996,#2997);
#2468=AXIS2_PLACEMENT_3D('',#3694,#2999,#3000);
#2469=AXIS2_PLACEMENT_3D('',#3696,#3002,#3003);
#2470=AXIS2_PLACEMENT_3D('',#3698,#3005,#3006);
#2471=AXIS2_PLACEMENT_3D('',#3703,#3007,#3008);
#2472=AXIS2_PLACEMENT_3D('',#3708,#3009,#3010);
#2473=AXIS2_PLACEMENT_3D('',#3710,#3012,#3013);
#2474=AXIS2_PLACEMENT_3D('',#3712,#3015,#3016);
#2475=AXIS2_PLACEMENT_3D('',#3718,#3017,#3018);
#2476=AXIS2_PLACEMENT_3D('',#3724,#3019,#3020);
#2477=AXIS2_PLACEMENT_3D('',#3935,#3021,#3022);
#2478=AXIS2_PLACEMENT_3D('',#3964,#3023,#3024);
#2479=AXIS2_PLACEMENT_3D('',#3993,#3025,#3026);
#2480=AXIS2_PLACEMENT_3D('',#4022,#3027,#3028);
#2481=AXIS2_PLACEMENT_3D('',#4051,#3029,#3030);
#2482=AXIS2_PLACEMENT_3D('',#4053,#3031,#3032);
#2483=AXIS2_PLACEMENT_3D('',#4082,#3033,#3034);
#2484=AXIS2_PLACEMENT_3D('',#4111,#3035,#3036);
#2485=AXIS2_PLACEMENT_3D('',#4113,#3037,#3038);
#2486=AXIS2_PLACEMENT_3D('',#4114,#3039,#3040);
#2487=AXIS2_PLACEMENT_3D('',#4120,#3044,#3045);
#2488=AXIS2_PLACEMENT_3D('',#4121,#3046,#3047);
#2489=AXIS2_PLACEMENT_3D('',#4123,#3048,#3049);
#2490=AXIS2_PLACEMENT_3D('',#4124,#3050,#3051);
#2491=AXIS2_PLACEMENT_3D('',#4125,#3052,#3053);
#2492=AXIS2_PLACEMENT_3D('',#4127,#3054,#3055);
#2493=AXIS2_PLACEMENT_3D('',#4128,#3056,#3057);
#2494=AXIS2_PLACEMENT_3D('',#4129,#3058,#3059);
#2495=AXIS2_PLACEMENT_3D('',#4130,#3060,#3061);
#2496=AXIS2_PLACEMENT_3D('',#4132,#3062,#3063);
#2497=AXIS2_PLACEMENT_3D('',#4133,#3064,#3065);
#2498=AXIS2_PLACEMENT_3D('',#4135,#3066,#3067);
#2499=AXIS2_PLACEMENT_3D('',#4136,#3068,#3069);
#2500=AXIS2_PLACEMENT_3D('',#4138,#3070,#3071);
#2501=DIRECTION('',(0.,0.,1.));
#2502=DIRECTION('',(1.,0.,0.));
#2503=DIRECTION('',(0.707106781186547,0.,0.707106781186548));
#2504=DIRECTION('',(0.707106781186548,0.,-0.707106781186547));
#2505=DIRECTION('',(0.707106781186548,0.,-0.707106781186547));
#2506=DIRECTION('',(0.,1.,0.));
#2507=DIRECTION('',(0.707106781186548,0.,-0.707106781186547));
#2508=DIRECTION('',(0.,1.,0.));
#2509=DIRECTION('',(-9.69977247645577E-17,0.,1.));
#2510=DIRECTION('',(-1.,0.,-9.69977247645577E-17));
#2511=DIRECTION('',(-1.,0.,-9.69977247645577E-17));
#2512=DIRECTION('',(0.,1.,0.));
#2513=DIRECTION('',(-1.,0.,-9.69977247645577E-17));
#2514=DIRECTION('',(-0.707106781186548,0.,0.707106781186548));
#2515=DIRECTION('',(0.707106781186548,0.,0.707106781186548));
#2516=DIRECTION('',(0.707106781186548,0.,0.707106781186548));
#2517=DIRECTION('',(0.707106781186548,0.,0.707106781186548));
#2518=DIRECTION('',(0.,1.,0.));
#2519=DIRECTION('',(0.707106781186547,0.,0.707106781186548));
#2520=DIRECTION('',(0.707106781186548,0.,-0.707106781186547));
#2521=DIRECTION('',(0.707106781186548,0.,-0.707106781186547));
#2522=DIRECTION('',(0.,1.,0.));
#2523=DIRECTION('',(0.707106781186548,0.,-0.707106781186547));
#2524=DIRECTION('',(0.,1.,0.));
#2525=DIRECTION('',(1.,0.,0.));
#2526=DIRECTION('',(0.,0.,1.));
#2527=DIRECTION('',(0.,0.,1.));
#2528=DIRECTION('',(0.,-1.,0.));
#2529=DIRECTION('',(0.,0.,1.));
#2530=DIRECTION('',(-0.707106781186547,0.,0.707106781186548));
#2531=DIRECTION('',(0.707106781186548,0.,0.707106781186547));
#2532=DIRECTION('',(0.707106781186548,0.,0.707106781186547));
#2533=DIRECTION('',(0.,1.,0.));
#2534=DIRECTION('',(0.707106781186548,0.,0.707106781186547));
#2535=DIRECTION('',(0.,1.,0.));
#2536=DIRECTION('',(0.,0.,1.));
#2537=DIRECTION('',(-1.,0.,0.));
#2538=DIRECTION('',(-1.,0.,0.));
#2539=DIRECTION('',(-1.,0.,0.));
#2540=DIRECTION('',(0.707106781186547,0.,0.707106781186548));
#2541=DIRECTION('',(0.707106781186548,0.,-0.707106781186547));
#2542=DIRECTION('',(0.707106781186548,0.,-0.707106781186547));
#2543=DIRECTION('',(0.,1.,0.));
#2544=DIRECTION('',(0.707106781186548,0.,-0.707106781186547));
#2545=DIRECTION('',(0.,1.,0.));
#2546=DIRECTION('',(1.,0.,0.));
#2547=DIRECTION('',(0.,0.,1.));
#2548=DIRECTION('',(0.,0.,1.));
#2549=DIRECTION('',(0.,-1.,0.));
#2550=DIRECTION('',(0.,0.,1.));
#2551=DIRECTION('',(-0.707106781186547,0.,0.707106781186548));
#2552=DIRECTION('',(0.707106781186548,0.,0.707106781186547));
#2553=DIRECTION('',(0.707106781186548,0.,0.707106781186547));
#2554=DIRECTION('',(0.,1.,0.));
#2555=DIRECTION('',(0.707106781186548,0.,0.707106781186547));
#2556=DIRECTION('',(0.,1.,0.));
#2557=DIRECTION('',(0.,0.,1.));
#2558=DIRECTION('',(-1.,0.,0.));
#2559=DIRECTION('',(-1.,0.,0.));
#2560=DIRECTION('',(-1.,0.,0.));
#2561=DIRECTION('',(-0.707106781186547,0.,0.707106781186548));
#2562=DIRECTION('',(0.707106781186548,0.,0.707106781186547));
#2563=DIRECTION('',(0.707106781186548,0.,0.707106781186547));
#2564=DIRECTION('',(0.,1.,0.));
#2565=DIRECTION('',(0.707106781186548,0.,0.707106781186547));
#2566=DIRECTION('',(0.,1.,0.));
#2567=DIRECTION('',(6.46470760134833E-17,0.,1.));
#2568=DIRECTION('',(-1.,0.,6.46470760134833E-17));
#2569=DIRECTION('',(-1.,0.,6.46470760134833E-17));
#2570=DIRECTION('',(0.,1.,0.));
#2571=DIRECTION('',(-1.,0.,6.46470760134833E-17));
#2572=DIRECTION('',(0.707106781186547,0.,0.707106781186548));
#2573=DIRECTION('',(0.707106781186548,0.,-0.707106781186547));
#2574=DIRECTION('',(0.707106781186548,0.,-0.707106781186547));
#2575=DIRECTION('',(0.,1.,0.));
#2576=DIRECTION('',(0.707106781186548,0.,-0.707106781186547));
#2577=DIRECTION('',(1.,0.,0.));
#2578=DIRECTION('',(0.,1.09273919746571E-16,1.));
#2579=DIRECTION('',(0.,1.09273919746571E-16,1.));
#2580=DIRECTION('',(0.,-1.,1.09273919746571E-16));
#2581=DIRECTION('',(0.,1.09273919746571E-16,1.));
#2582=DIRECTION('',(0.707106781186547,0.,0.707106781186548));
#2583=DIRECTION('',(0.707106781186548,0.,-0.707106781186547));
#2584=DIRECTION('',(0.707106781186548,0.,-0.707106781186547));
#2585=DIRECTION('',(0.,1.,0.));
#2586=DIRECTION('',(0.707106781186548,0.,-0.707106781186547));
#2587=DIRECTION('',(0.,1.,0.));
#2588=DIRECTION('',(-1.,0.,0.));
#2589=DIRECTION('',(0.,0.,-1.));
#2590=DIRECTION('',(0.,0.,-1.));
#2591=DIRECTION('',(0.,1.,0.));
#2592=DIRECTION('',(0.,0.,-1.));
#2593=DIRECTION('',(-0.707106781186564,0.,0.707106781186531));
#2594=DIRECTION('',(0.707106781186531,0.,0.707106781186564));
#2595=DIRECTION('',(0.707106781186531,0.,0.707106781186564));
#2596=DIRECTION('',(0.,1.,0.));
#2597=DIRECTION('',(0.707106781186531,0.,0.707106781186564));
#2598=DIRECTION('',(0.,1.,0.));
#2599=DIRECTION('',(0.,0.,-1.));
#2600=DIRECTION('',(1.,0.,0.));
#2601=DIRECTION('',(1.,0.,0.));
#2602=DIRECTION('',(1.,0.,0.));
#2603=DIRECTION('',(1.,0.,0.));
#2604=DIRECTION('',(0.,0.,1.));
#2605=DIRECTION('',(0.,0.,-1.));
#2606=DIRECTION('',(0.,1.,0.));
#2607=DIRECTION('',(0.,0.,-1.));
#2608=DIRECTION('',(0.,0.,1.));
#2609=DIRECTION('',(1.,0.,0.));
#2610=DIRECTION('',(1.,0.,0.));
#2611=DIRECTION('',(0.,0.,-1.));
#2612=DIRECTION('',(-1.,0.,0.));
#2613=DIRECTION('',(0.,1.,0.));
#2614=DIRECTION('',(0.866025403784405,-0.500000000000058,0.));
#2615=DIRECTION('',(0.,0.,-1.));
#2616=DIRECTION('',(-1.,0.,0.));
#2617=DIRECTION('',(-0.866025403784404,-0.500000000000061,0.));
#2618=DIRECTION('',(0.,1.,0.));
#2619=DIRECTION('',(0.866025403784402,-0.500000000000063,0.));
#2620=DIRECTION('',(0.,0.,-1.));
#2621=DIRECTION('',(-1.,0.,0.));
#2622=DIRECTION('',(-0.866025403784385,-0.500000000000094,0.));
#2623=DIRECTION('',(0.,1.,0.));
#2624=DIRECTION('',(0.,0.,-1.));
#2625=DIRECTION('',(-1.,0.,0.));
#2626=DIRECTION('',(1.,0.,0.));
#2627=DIRECTION('',(-0.500000000000179,-0.866025403784335,0.));
#2628=DIRECTION('',(0.,0.,-1.));
#2629=DIRECTION('',(-1.,0.,0.));
#2630=DIRECTION('',(-0.499999999999894,0.8660254037845,0.));
#2631=DIRECTION('',(1.,0.,0.));
#2632=DIRECTION('',(-0.49999999999999,-0.866025403784444,0.));
#2633=DIRECTION('',(0.,0.,-1.));
#2634=DIRECTION('',(-1.,0.,0.));
#2635=DIRECTION('',(-0.49999999999999,0.866025403784444,0.));
#2636=DIRECTION('',(1.,0.,0.));
#2637=DIRECTION('',(0.,1.,0.));
#2638=DIRECTION('',(-1.,-4.92311080150837E-17,0.));
#2639=DIRECTION('',(0.,0.,-1.));
#2640=DIRECTION('',(-1.,0.,0.));
#2641=DIRECTION('',(0.,-1.,0.));
#2642=DIRECTION('',(0.,0.,-1.));
#2643=DIRECTION('',(-1.,0.,0.));
#2644=DIRECTION('',(1.,0.,0.));
#2645=DIRECTION('',(0.,1.,0.));
#2646=DIRECTION('',(1.,0.,0.));
#2647=DIRECTION('',(1.,0.,0.));
#2648=DIRECTION('',(0.,0.,-1.));
#2649=DIRECTION('',(-1.,-1.39363203532983E-16,0.));
#2650=DIRECTION('',(0.,0.,-1.));
#2651=DIRECTION('',(-1.,0.,0.));
#2652=DIRECTION('',(0.,0.,-1.));
#2653=DIRECTION('',(-1.,0.,0.));
#2654=DIRECTION('',(0.,0.,-1.));
#2655=DIRECTION('',(0.,0.,-1.));
#2656=DIRECTION('',(1.,0.,0.));
#2657=DIRECTION('',(0.,0.,-1.));
#2658=DIRECTION('',(1.,0.,0.));
#2659=DIRECTION('',(0.,0.,-1.));
#2660=DIRECTION('',(1.,0.,0.));
#2661=DIRECTION('',(0.,0.,-1.));
#2662=DIRECTION('',(1.,0.,0.));
#2663=DIRECTION('',(0.,0.,-1.));
#2664=DIRECTION('',(0.,0.,-1.));
#2665=DIRECTION('',(-0.707106781186548,0.,-0.707106781186547));
#2666=DIRECTION('',(1.,0.,0.));
#2667=DIRECTION('',(-0.707106781186548,0.,0.707106781186548));
#2668=DIRECTION('',(0.,0.,-1.));
#2669=DIRECTION('',(0.707106781186548,0.,0.707106781186547));
#2670=DIRECTION('',(1.,0.,0.));
#2671=DIRECTION('',(0.707106781186548,0.,-0.707106781186547));
#2672=DIRECTION('',(0.707106781186547,0.,0.707106781186548));
#2673=DIRECTION('',(0.707106781186548,0.,-0.707106781186547));
#2674=DIRECTION('',(0.707106781186548,0.,-0.707106781186547));
#2675=DIRECTION('',(0.,1.,0.));
#2676=DIRECTION('',(0.,1.,0.));
#2677=DIRECTION('',(1.,0.,0.));
#2678=DIRECTION('',(0.,0.,1.));
#2679=DIRECTION('',(0.,0.,-1.));
#2680=DIRECTION('',(0.,1.,0.));
#2681=DIRECTION('',(0.707106781186547,0.,-0.707106781186548));
#2682=DIRECTION('',(-0.707106781186548,0.,-0.707106781186547));
#2683=DIRECTION('',(-0.707106781186548,0.,-0.707106781186547));
#2684=DIRECTION('',(0.,1.,0.));
#2685=DIRECTION('',(0.,0.,-1.));
#2686=DIRECTION('',(1.,0.,0.));
#2687=DIRECTION('',(1.,0.,0.));
#2688=DIRECTION('',(0.,1.,0.));
#2689=DIRECTION('',(-0.707106781186548,0.,-0.707106781186548));
#2690=DIRECTION('',(-0.707106781186548,0.,0.707106781186548));
#2691=DIRECTION('',(-0.707106781186548,0.,0.707106781186548));
#2692=DIRECTION('',(0.,1.,0.));
#2693=DIRECTION('',(-1.,0.,0.));
#2694=DIRECTION('',(0.,0.,-1.));
#2695=DIRECTION('',(0.,0.,-1.));
#2696=DIRECTION('',(0.,1.,0.));
#2697=DIRECTION('',(-0.707106781186547,0.,0.707106781186548));
#2698=DIRECTION('',(0.707106781186548,0.,0.707106781186547));
#2699=DIRECTION('',(0.707106781186548,0.,0.707106781186547));
#2700=DIRECTION('',(0.,1.,0.));
#2701=DIRECTION('',(0.,0.,-1.));
#2702=DIRECTION('',(1.,0.,0.));
#2703=DIRECTION('',(1.,0.,0.));
#2704=DIRECTION('',(0.,1.,0.));
#2705=DIRECTION('',(1.,0.,0.));
#2706=DIRECTION('',(0.,0.,-1.));
#2707=DIRECTION('',(0.,0.,-1.));
#2708=DIRECTION('',(1.,0.,0.));
#2709=DIRECTION('',(0.,0.,-1.));
#2710=DIRECTION('',(0.,0.,-1.));
#2711=DIRECTION('',(-1.,0.,0.));
#2712=DIRECTION('',(0.,0.,-1.));
#2713=DIRECTION('',(-1.,0.,0.));
#2714=DIRECTION('',(0.,0.,-1.));
#2715=DIRECTION('',(-1.,-1.39363203532983E-16,0.));
#2716=DIRECTION('',(0.,0.,-1.));
#2717=DIRECTION('',(1.,0.,0.));
#2718=DIRECTION('',(0.,0.,1.));
#2719=DIRECTION('',(-1.,0.,0.));
#2720=DIRECTION('',(0.,0.,1.));
#2721=DIRECTION('',(1.,0.,0.));
#2722=DIRECTION('',(0.,-1.,0.));
#2723=DIRECTION('',(-1.,0.,0.));
#2724=DIRECTION('',(0.,-1.,0.));
#2725=DIRECTION('',(0.,-1.,0.));
#2726=DIRECTION('',(-1.,0.,0.));
#2727=DIRECTION('',(0.,0.,-1.));
#2728=DIRECTION('',(-1.,0.,0.));
#2729=DIRECTION('',(1.,0.,0.));
#2730=DIRECTION('',(0.,0.,-1.));
#2731=DIRECTION('',(-1.,0.,0.));
#2732=DIRECTION('',(-1.,0.,0.));
#2733=DIRECTION('',(0.,0.,-1.));
#2734=DIRECTION('',(-1.,0.,0.));
#2735=DIRECTION('',(-1.,0.,0.));
#2736=DIRECTION('',(0.,0.,-1.));
#2737=DIRECTION('',(-1.,0.,0.));
#2738=DIRECTION('',(-1.,0.,0.));
#2739=DIRECTION('',(0.,0.,-1.));
#2740=DIRECTION('',(-1.,0.,0.));
#2741=DIRECTION('',(-1.,0.,0.));
#2742=DIRECTION('',(0.,0.,-1.));
#2743=DIRECTION('',(-1.,0.,0.));
#2744=DIRECTION('',(0.,-1.,0.));
#2745=DIRECTION('',(0.,0.,-1.));
#2746=DIRECTION('',(-1.,0.,0.));
#2747=DIRECTION('',(0.,-1.,0.));
#2748=DIRECTION('',(0.,0.,-1.));
#2749=DIRECTION('',(-1.,0.,0.));
#2750=DIRECTION('',(0.,-1.,0.));
#2751=DIRECTION('',(0.,0.,-1.));
#2752=DIRECTION('',(-1.,0.,0.));
#2753=DIRECTION('',(0.,-1.,0.));
#2754=DIRECTION('',(0.,0.,-1.));
#2755=DIRECTION('',(-1.,0.,0.));
#2756=DIRECTION('',(0.,-1.,0.));
#2757=DIRECTION('',(0.,0.,-1.));
#2758=DIRECTION('',(-1.,0.,0.));
#2759=DIRECTION('',(0.,-1.,0.));
#2760=DIRECTION('',(-1.,0.,0.));
#2761=DIRECTION('',(0.,-1.,0.));
#2762=DIRECTION('',(-1.,0.,0.));
#2763=DIRECTION('',(0.,-1.,0.));
#2764=DIRECTION('',(0.,0.,1.));
#2765=DIRECTION('',(1.,0.,0.));
#2766=DIRECTION('',(1.,1.0478046094109E-16,6.12323399573677E-17));
#2767=DIRECTION('',(6.12323399573677E-17,0.,-1.));
#2768=DIRECTION('',(0.,0.,-1.));
#2769=DIRECTION('',(0.,0.,-1.));
#2770=DIRECTION('',(0.,1.,0.));
#2771=DIRECTION('',(6.35793472874195E-20,0.999390827019096,-0.034899496702501));
#2772=DIRECTION('',(0.,-1.,0.));
#2773=DIRECTION('',(-1.,0.,0.));
#2774=DIRECTION('',(0.,0.,-1.));
#2775=DIRECTION('',(-1.,0.,0.));
#2776=DIRECTION('',(0.,0.,-1.));
#2777=DIRECTION('',(0.,0.,1.));
#2778=DIRECTION('',(1.,0.,0.));
#2779=DIRECTION('',(0.,1.,0.));
#2780=DIRECTION('',(0.,0.,1.));
#2781=DIRECTION('',(1.,0.,0.));
#2782=DIRECTION('',(0.,0.,-1.));
#2783=DIRECTION('',(-1.,0.,0.));
#2784=DIRECTION('',(0.,0.,-1.));
#2785=DIRECTION('',(-1.,0.,0.));
#2786=DIRECTION('',(-0.978147600733806,0.,0.207911690817759));
#2787=DIRECTION('',(0.,1.,0.));
#2788=DIRECTION('',(0.,1.,0.));
#2789=DIRECTION('',(-0.978147600733806,0.,0.207911690817759));
#2790=DIRECTION('',(0.,1.,0.));
#2791=DIRECTION('',(0.,1.,0.));
#2792=DIRECTION('',(0.,0.,1.));
#2793=DIRECTION('',(1.,0.,0.));
#2794=DIRECTION('',(0.,0.,-1.));
#2795=DIRECTION('',(-1.,0.,0.));
#2796=DIRECTION('',(0.,0.,-1.));
#2797=DIRECTION('',(-1.,0.,0.));
#2798=DIRECTION('',(0.,0.,1.));
#2799=DIRECTION('',(1.,0.,0.));
#2800=DIRECTION('',(0.,0.,-1.));
#2801=DIRECTION('',(-1.,0.,0.));
#2802=DIRECTION('',(0.,0.,-1.));
#2803=DIRECTION('',(-1.,0.,0.));
#2804=DIRECTION('',(0.,0.,-1.));
#2805=DIRECTION('',(-1.,0.,0.));
#2806=DIRECTION('',(0.,0.,-1.));
#2807=DIRECTION('',(-1.,0.,0.));
#2808=DIRECTION('',(0.,0.,-1.));
#2809=DIRECTION('',(-1.,0.,0.));
#2810=DIRECTION('',(0.,0.,-1.));
#2811=DIRECTION('',(-1.,0.,0.));
#2812=DIRECTION('',(0.,0.,-1.));
#2813=DIRECTION('',(-1.,0.,0.));
#2814=DIRECTION('',(0.,0.,-1.));
#2815=DIRECTION('',(-1.,0.,0.));
#2816=DIRECTION('',(0.,0.,-1.));
#2817=DIRECTION('',(-1.,0.,0.));
#2818=DIRECTION('',(0.,0.,-1.));
#2819=DIRECTION('',(-1.,0.,0.));
#2820=DIRECTION('',(0.,0.,-1.));
#2821=DIRECTION('',(-1.,0.,0.));
#2822=DIRECTION('',(0.,0.,-1.));
#2823=DIRECTION('',(-0.866025403784438,-0.5,0.));
#2824=DIRECTION('',(0.,0.,-1.));
#2825=DIRECTION('',(-1.,0.,0.));
#2826=DIRECTION('',(0.,0.,-1.));
#2827=DIRECTION('',(0.,0.,-1.));
#2828=DIRECTION('',(0.,0.,-1.));
#2829=DIRECTION('',(-0.86602540378444,-0.5,0.));
#2830=DIRECTION('',(0.,0.,-1.));
#2831=DIRECTION('',(-1.,0.,0.));
#2832=DIRECTION('',(0.,0.,-1.));
#2833=DIRECTION('',(0.,0.,-1.));
#2834=DIRECTION('',(0.,0.,-1.));
#2835=DIRECTION('',(0.5,-0.866025403784438,0.));
#2836=DIRECTION('',(0.,0.,-1.));
#2837=DIRECTION('',(-1.,0.,0.));
#2838=DIRECTION('',(0.,0.,-1.));
#2839=DIRECTION('',(0.,0.,-1.));
#2840=DIRECTION('',(0.,0.,-1.));
#2841=DIRECTION('',(0.5,-0.866025403784437,0.));
#2842=DIRECTION('',(0.,0.,-1.));
#2843=DIRECTION('',(-1.,0.,0.));
#2844=DIRECTION('',(0.,0.,-1.));
#2845=DIRECTION('',(0.,0.,-1.));
#2846=DIRECTION('',(0.,0.,-1.));
#2847=DIRECTION('',(-1.,0.,0.));
#2848=DIRECTION('',(0.,1.,0.));
#2849=DIRECTION('',(-1.,0.,0.));
#2850=DIRECTION('',(0.,-1.,0.));
#2851=DIRECTION('',(1.,0.,0.));
#2852=DIRECTION('',(0.,0.,-1.));
#2853=DIRECTION('',(-1.,0.,0.));
#2854=DIRECTION('',(0.,1.,0.));
#2855=DIRECTION('',(-1.,0.,0.));
#2856=DIRECTION('',(-7.14687925729331E-16,1.,0.));
#2857=DIRECTION('',(-1.,0.,0.));
#2858=DIRECTION('',(0.,1.,0.));
#2859=DIRECTION('',(-1.,0.,0.));
#2860=DIRECTION('',(0.,0.,-1.));
#2861=DIRECTION('',(0.,-1.,0.));
#2862=DIRECTION('',(0.,0.,1.));
#2863=DIRECTION('',(-1.,0.,0.));
#2864=DIRECTION('',(-1.,0.,0.));
#2865=DIRECTION('',(0.,0.,-1.));
#2866=DIRECTION('',(0.,-1.,0.));
#2867=DIRECTION('',(0.,0.,1.));
#2868=DIRECTION('',(-1.,0.,0.));
#2869=DIRECTION('',(-1.,0.,0.));
#2870=DIRECTION('',(0.,0.,-1.));
#2871=DIRECTION('',(1.39363203532983E-16,-1.,0.));
#2872=DIRECTION('',(0.,0.,1.));
#2873=DIRECTION('',(-1.,-1.39363203532983E-16,0.));
#2874=DIRECTION('',(-1.,0.,0.));
#2875=DIRECTION('',(0.,0.,-1.));
#2876=DIRECTION('',(0.,1.,0.));
#2877=DIRECTION('',(0.,0.,1.));
#2878=DIRECTION('',(1.,0.,0.));
#2879=DIRECTION('',(0.499999999999937,0.866025403784475,0.));
#2880=DIRECTION('',(0.866025403784475,-0.499999999999937,0.));
#2881=DIRECTION('',(0.866025403784475,-0.499999999999937,0.));
#2882=DIRECTION('',(0.,0.,-1.));
#2883=DIRECTION('',(0.,0.,-1.));
#2884=DIRECTION('',(-1.,0.,0.));
#2885=DIRECTION('',(0.,0.,-1.));
#2886=DIRECTION('',(-1.,0.,0.));
#2887=DIRECTION('',(0.,0.,-1.));
#2888=DIRECTION('',(-1.,0.,0.));
#2889=DIRECTION('',(0.,1.,0.));
#2890=DIRECTION('',(-0.866025403784474,-0.499999999999939,0.));
#2891=DIRECTION('',(0.,1.,0.));
#2892=DIRECTION('',(0.499999999999939,-0.866025403784474,0.));
#2893=DIRECTION('',(-0.866025403784474,-0.499999999999939,0.));
#2894=DIRECTION('',(0.,0.,-1.));
#2895=DIRECTION('',(0.499999999999939,0.866025403784474,0.));
#2896=DIRECTION('',(0.866025403784474,-0.499999999999939,0.));
#2897=DIRECTION('',(0.866025403784474,-0.499999999999939,0.));
#2898=DIRECTION('',(0.,0.,-1.));
#2899=DIRECTION('',(0.,0.,-1.));
#2900=DIRECTION('',(-1.,0.,0.));
#2901=DIRECTION('',(0.,1.,0.));
#2902=DIRECTION('',(-0.866025403784474,-0.499999999999939,0.));
#2903=DIRECTION('',(0.,1.,0.));
#2904=DIRECTION('',(0.,0.,-1.));
#2905=DIRECTION('',(-1.,0.,0.));
#2906=DIRECTION('',(0.,0.,-1.));
#2907=DIRECTION('',(-1.,0.,0.));
#2908=DIRECTION('',(0.499999999999939,-0.866025403784474,0.));
#2909=DIRECTION('',(-0.866025403784474,-0.499999999999939,0.));
#2910=DIRECTION('',(0.,0.,-1.));
#2911=DIRECTION('',(0.866025403784444,-0.49999999999999,0.));
#2912=DIRECTION('',(-0.49999999999999,-0.866025403784444,0.));
#2913=DIRECTION('',(-0.49999999999999,-0.866025403784444,0.));
#2914=DIRECTION('',(0.,0.,-1.));
#2915=DIRECTION('',(0.,0.,-1.));
#2916=DIRECTION('',(-1.,0.,0.));
#2917=DIRECTION('',(-1.,0.,0.));
#2918=DIRECTION('',(-0.5,0.866025403784439,0.));
#2919=DIRECTION('',(-1.,0.,0.));
#2920=DIRECTION('',(0.,0.,-1.));
#2921=DIRECTION('',(-1.,0.,0.));
#2922=DIRECTION('',(-1.,0.,0.));
#2923=DIRECTION('',(0.,0.,-1.));
#2924=DIRECTION('',(-1.,0.,0.));
#2925=DIRECTION('',(-0.866025403784439,-0.5,0.));
#2926=DIRECTION('',(-0.5,0.866025403784439,0.));
#2927=DIRECTION('',(0.,0.,-1.));
#2928=DIRECTION('',(0.866025403784439,-0.5,0.));
#2929=DIRECTION('',(-0.5,-0.866025403784439,0.));
#2930=DIRECTION('',(-0.5,-0.866025403784439,0.));
#2931=DIRECTION('',(0.,0.,-1.));
#2932=DIRECTION('',(0.,0.,-1.));
#2933=DIRECTION('',(-1.,0.,0.));
#2934=DIRECTION('',(-0.500000000000007,0.866025403784435,0.));
#2935=DIRECTION('',(-1.,0.,0.));
#2936=DIRECTION('',(0.,0.,-1.));
#2937=DIRECTION('',(-1.,0.,0.));
#2938=DIRECTION('',(-1.,0.,0.));
#2939=DIRECTION('',(0.,0.,-1.));
#2940=DIRECTION('',(-1.,0.,0.));
#2941=DIRECTION('',(-0.866025403784435,-0.500000000000007,0.));
#2942=DIRECTION('',(-0.500000000000007,0.866025403784435,0.));
#2943=DIRECTION('',(0.,0.,-1.));
#2944=DIRECTION('',(0.707106781186544,0.707106781186551,0.));
#2945=DIRECTION('',(0.,0.,-1.));
#2946=DIRECTION('',(4.92311080150837E-17,-1.,0.));
#2947=DIRECTION('',(-1.,-4.92311080150837E-17,0.));
#2948=DIRECTION('',(0.,0.,-1.));
#2949=DIRECTION('',(0.,0.,-1.));
#2950=DIRECTION('',(0.707106781186544,-0.707106781186551,0.));
#2951=DIRECTION('',(0.,0.,-1.));
#2952=DIRECTION('',(1.,0.,0.));
#2953=DIRECTION('',(0.,-1.,0.));
#2954=DIRECTION('',(0.,0.,1.));
#2955=DIRECTION('',(1.,0.,0.));
#2956=DIRECTION('',(0.,0.,-1.));
#2957=DIRECTION('',(-1.,0.,0.));
#2958=DIRECTION('',(1.,0.,0.));
#2959=DIRECTION('',(1.,0.,0.));
#2960=DIRECTION('',(0.,-1.,0.));
#2961=DIRECTION('',(0.,0.,-1.));
#2962=DIRECTION('',(0.,0.,-1.));
#2963=DIRECTION('',(0.,1.,0.));
#2964=DIRECTION('',(1.,0.,0.));
#2965=DIRECTION('',(0.,0.,-1.));
#2966=DIRECTION('',(-1.,0.,0.));
#2967=DIRECTION('',(0.,1.,0.));
#2968=DIRECTION('',(0.,0.,-1.));
#2969=DIRECTION('',(0.,-1.,0.));
#2970=DIRECTION('',(-1.,0.,0.));
#2971=DIRECTION('',(0.,-1.,0.));
#2972=DIRECTION('',(-1.,0.,0.));
#2973=DIRECTION('',(0.,0.,-1.));
#2974=DIRECTION('',(0.,0.,-1.));
#2975=DIRECTION('',(-1.,6.48423741339752E-16,0.));
#2976=DIRECTION('',(6.48423741339752E-16,1.,0.));
#2977=DIRECTION('',(0.,0.,-1.));
#2978=DIRECTION('',(1.,1.17795546379327E-15,0.));
#2979=DIRECTION('',(0.,0.,-1.));
#2980=DIRECTION('',(1.,0.,0.));
#2981=DIRECTION('',(0.,-1.,0.));
#2982=DIRECTION('',(0.,0.,-1.));
#2983=DIRECTION('',(0.,0.,-1.));
#2984=DIRECTION('',(-1.,0.,0.));
#2985=DIRECTION('',(0.,0.,-1.));
#2986=DIRECTION('',(-1.,0.,0.));
#2987=DIRECTION('',(0.,0.,-1.));
#2988=DIRECTION('',(1.,0.,0.));
#2989=DIRECTION('',(0.,-1.,0.));
#2990=DIRECTION('',(0.,0.,-1.));
#2991=DIRECTION('',(0.,0.,-1.));
#2992=DIRECTION('',(-1.,0.,0.));
#2993=DIRECTION('',(0.,0.,-1.));
#2994=DIRECTION('',(-1.,0.,0.));
#2995=DIRECTION('',(0.,0.,-1.));
#2996=DIRECTION('',(1.,0.,0.));
#2997=DIRECTION('',(0.,-1.,0.));
#2998=DIRECTION('',(0.,0.,-1.));
#2999=DIRECTION('',(0.,0.,-1.));
#3000=DIRECTION('',(0.,-1.,0.));
#3001=DIRECTION('',(0.,0.,-1.));
#3002=DIRECTION('',(0.,-1.,0.));
#3003=DIRECTION('',(-1.,0.,0.));
#3004=DIRECTION('',(0.,0.,-1.));
#3005=DIRECTION('',(0.,0.,-1.));
#3006=DIRECTION('',(-1.,0.,0.));
#3007=DIRECTION('',(0.,0.980063650882964,0.198683769387324));
#3008=DIRECTION('',(1.,0.,0.));
#3009=DIRECTION('',(0.,0.,-1.));
#3010=DIRECTION('',(-1.,0.,0.));
#3011=DIRECTION('',(0.,0.,-1.));
#3012=DIRECTION('',(0.,-1.,0.));
#3013=DIRECTION('',(-1.,0.,0.));
#3014=DIRECTION('',(0.,0.,-1.));
#3015=DIRECTION('',(0.,0.,-1.));
#3016=DIRECTION('',(-1.,0.,0.));
#3017=DIRECTION('',(0.,0.,-1.));
#3018=DIRECTION('',(-1.,0.,0.));
#3019=DIRECTION('',(0.,0.980063650882964,0.198683769387324));
#3020=DIRECTION('',(1.,0.,0.));
#3021=DIRECTION('',(0.,0.,-1.));
#3022=DIRECTION('',(1.,0.,0.));
#3023=DIRECTION('',(0.,0.,-1.));
#3024=DIRECTION('',(1.,0.,0.));
#3025=DIRECTION('',(0.,0.,-1.));
#3026=DIRECTION('',(1.,0.,0.));
#3027=DIRECTION('',(0.,0.,-1.));
#3028=DIRECTION('',(1.,0.,0.));
#3029=DIRECTION('',(0.,0.,-1.));
#3030=DIRECTION('',(-1.,0.,0.));
#3031=DIRECTION('',(0.,0.,-1.));
#3032=DIRECTION('',(1.,0.,0.));
#3033=DIRECTION('',(0.,0.,-1.));
#3034=DIRECTION('',(1.,0.,0.));
#3035=DIRECTION('',(0.,0.,-1.));
#3036=DIRECTION('',(-1.,0.,0.));
#3037=DIRECTION('',(-1.820674292485E-18,0.034899496702501,0.999390827019096));
#3038=DIRECTION('',(1.,1.44444745829043E-34,1.82178407412E-18));
#3039=DIRECTION('',(1.,7.14687925729331E-16,0.));
#3040=DIRECTION('',(-7.14687925729331E-16,1.,0.));
#3041=DIRECTION('',(0.,1.,-4.5102810375397E-17));
#3042=DIRECTION('',(0.,0.,1.));
#3043=DIRECTION('',(0.,0.,1.));
#3044=DIRECTION('',(0.,0.,1.));
#3045=DIRECTION('',(1.,0.,0.));
#3046=DIRECTION('',(0.,0.,1.));
#3047=DIRECTION('',(1.,0.,0.));
#3048=DIRECTION('',(0.,-4.5102810375397E-17,-1.));
#3049=DIRECTION('',(-1.,0.,0.));
#3050=DIRECTION('',(0.,0.,1.));
#3051=DIRECTION('',(1.,0.,0.));
#3052=DIRECTION('',(0.,0.,1.));
#3053=DIRECTION('',(1.,0.,0.));
#3054=DIRECTION('',(0.,0.,1.));
#3055=DIRECTION('',(1.,3.21624529935327E-16,0.));
#3056=DIRECTION('',(0.,0.,1.));
#3057=DIRECTION('',(-1.,0.,0.));
#3058=DIRECTION('',(0.,0.,1.));
#3059=DIRECTION('',(1.,0.,0.));
#3060=DIRECTION('',(0.,0.,1.));
#3061=DIRECTION('',(1.,0.,0.));
#3062=DIRECTION('',(0.,0.,1.));
#3063=DIRECTION('',(-1.,0.,0.));
#3064=DIRECTION('',(0.,0.,1.));
#3065=DIRECTION('',(1.,0.,0.));
#3066=DIRECTION('',(0.,0.,1.));
#3067=DIRECTION('',(-1.,0.,0.));
#3068=DIRECTION('',(0.,0.,1.));
#3069=DIRECTION('',(1.,0.,0.));
#3070=DIRECTION('',(0.,-4.5102810375397E-17,-1.));
#3071=DIRECTION('',(-1.,0.,0.));
#3072=CARTESIAN_POINT('',(0.,0.,0.));
#3073=CARTESIAN_POINT('',(0.157231,0.00384000000000006,0.002002));
#3074=CARTESIAN_POINT('',(0.157231,0.00307000000000006,0.002002));
#3075=CARTESIAN_POINT('',(0.15685,0.00307000000000006,0.002383));
#3076=CARTESIAN_POINT('',(0.157612,0.00307000000000006,0.001621));
#3077=CARTESIAN_POINT('',(0.157612,0.00384000000000006,0.001621));
#3078=CARTESIAN_POINT('',(0.157612,0.00511000000000008,0.001621));
#3079=CARTESIAN_POINT('',(0.157231,0.00511000000000008,0.002002));
#3080=CARTESIAN_POINT('',(0.15685,0.00511000000000008,0.00238300000000006));
#3081=CARTESIAN_POINT('',(0.15685,0.00384000000000006,0.002383));
#3082=CARTESIAN_POINT('',(0.1740188,0.00511000000000008,0.001621));
#3083=CARTESIAN_POINT('',(0.1740188,0.00307000000000006,0.001621));
#3084=CARTESIAN_POINT('',(0.1732568,0.00307000000000006,0.00162100000000007));
#3085=CARTESIAN_POINT('',(0.1732568,0.00511000000000008,0.00162100000000014));
#3086=CARTESIAN_POINT('',(0.1732568,0.00511000000000008,0.00162100000000007));
#3087=CARTESIAN_POINT('',(0.1740188,0.00511000000000008,0.001621));
#3088=CARTESIAN_POINT('',(0.1736378,0.00511000000000008,0.002002));
#3089=CARTESIAN_POINT('',(0.1736378,0.00511000000000008,0.002002));
#3090=CARTESIAN_POINT('',(0.1740188,0.00511000000000008,0.00238300000000019));
#3091=CARTESIAN_POINT('',(0.1736378,0.00307000000000006,0.002002));
#3092=CARTESIAN_POINT('',(0.1740188,0.00307000000000006,0.00238300000000019));
#3093=CARTESIAN_POINT('',(0.1740188,0.00511000000000008,0.00238300000000014));
#3094=CARTESIAN_POINT('',(0.1823662,0.00511000000000008,0.002002));
#3095=CARTESIAN_POINT('',(0.1823662,0.00511000000000008,0.002002));
#3096=CARTESIAN_POINT('',(0.1827472,0.00511000000000008,0.001621));
#3097=CARTESIAN_POINT('',(0.1819852,0.00511000000000008,0.002383));
#3098=CARTESIAN_POINT('',(0.1819852,0.00511000000000008,0.002383));
#3099=CARTESIAN_POINT('',(0.1819852,0.00307000000000006,0.002383));
#3100=CARTESIAN_POINT('',(0.1823662,0.00307000000000006,0.002002));
#3101=CARTESIAN_POINT('',(0.1827472,0.00307000000000006,0.001621));
#3102=CARTESIAN_POINT('',(0.1827472,0.00511000000000008,0.001621));
#3103=CARTESIAN_POINT('',(0.1819852,0.00511000000000008,0.001621));
#3104=CARTESIAN_POINT('',(0.1819852,0.00511000000000008,0.001621));
#3105=CARTESIAN_POINT('',(0.1819852,0.00511000000000008,0.006223));
#3106=CARTESIAN_POINT('',(0.1819852,0.00511000000000008,0.006223));
#3107=CARTESIAN_POINT('',(0.1819852,0.00307000000000006,0.006223));
#3108=CARTESIAN_POINT('',(0.1819852,0.00307000000000006,0.001621));
#3109=CARTESIAN_POINT('',(0.1987778,0.00511000000000008,0.002002));
#3110=CARTESIAN_POINT('',(0.1987778,0.00511000000000008,0.002002));
#3111=CARTESIAN_POINT('',(0.1991588,0.00511000000000008,0.002383));
#3112=CARTESIAN_POINT('',(0.1983968,0.00511000000000008,0.001621));
#3113=CARTESIAN_POINT('',(0.1983968,0.00511000000000008,0.001621));
#3114=CARTESIAN_POINT('',(0.1983968,0.00307000000000006,0.001621));
#3115=CARTESIAN_POINT('',(0.1987778,0.00307000000000006,0.002002));
#3116=CARTESIAN_POINT('',(0.1991588,0.00307000000000006,0.002383));
#3117=CARTESIAN_POINT('',(0.1991588,0.00511000000000008,0.002383));
#3118=CARTESIAN_POINT('',(0.1991588,0.00511000000000008,0.001621));
#3119=CARTESIAN_POINT('',(0.1991588,0.00307000000000006,0.001621));
#3120=CARTESIAN_POINT('',(0.1991588,0.00511000000000008,0.001621));
#3121=CARTESIAN_POINT('',(0.2075062,0.00511000000000008,0.002002));
#3122=CARTESIAN_POINT('',(0.2075062,0.00511000000000008,0.002002));
#3123=CARTESIAN_POINT('',(0.2078872,0.00511000000000008,0.001621));
#3124=CARTESIAN_POINT('',(0.2071252,0.00511000000000008,0.002383));
#3125=CARTESIAN_POINT('',(0.2071252,0.00511000000000008,0.002383));
#3126=CARTESIAN_POINT('',(0.2071252,0.00307000000000006,0.002383));
#3127=CARTESIAN_POINT('',(0.2075062,0.00307000000000006,0.002002));
#3128=CARTESIAN_POINT('',(0.2078872,0.00307000000000006,0.001621));
#3129=CARTESIAN_POINT('',(0.2078872,0.00511000000000008,0.001621));
#3130=CARTESIAN_POINT('',(0.2071252,0.00511000000000008,0.001621));
#3131=CARTESIAN_POINT('',(0.2071252,0.00511000000000008,0.001621));
#3132=CARTESIAN_POINT('',(0.2071252,0.00511000000000008,0.006223));
#3133=CARTESIAN_POINT('',(0.2071252,0.00511000000000008,0.006223));
#3134=CARTESIAN_POINT('',(0.2071252,0.00307000000000006,0.006223));
#3135=CARTESIAN_POINT('',(0.2071252,0.00307000000000006,0.001621));
#3136=CARTESIAN_POINT('',(0.2239178,0.00511000000000008,0.002002));
#3137=CARTESIAN_POINT('',(0.2239178,0.00511000000000008,0.002002));
#3138=CARTESIAN_POINT('',(0.2242988,0.00511000000000008,0.00238300000000013));
#3139=CARTESIAN_POINT('',(0.2235368,0.00511000000000008,0.001621));
#3140=CARTESIAN_POINT('',(0.2235368,0.00511000000000008,0.001621));
#3141=CARTESIAN_POINT('',(0.2235368,0.00307000000000006,0.001621));
#3142=CARTESIAN_POINT('',(0.2239178,0.00307000000000006,0.002002));
#3143=CARTESIAN_POINT('',(0.2242988,0.00307000000000006,0.00238300000000013));
#3144=CARTESIAN_POINT('',(0.2242988,0.00511000000000008,0.00238300000000015));
#3145=CARTESIAN_POINT('',(0.2242988,0.00511000000000008,0.001621));
#3146=CARTESIAN_POINT('',(0.2242988,0.00307000000000006,0.001621));
#3147=CARTESIAN_POINT('',(0.2242988,0.00511000000000008,0.001621));
#3148=CARTESIAN_POINT('',(0.2490578,0.00511000000000008,0.002002));
#3149=CARTESIAN_POINT('',(0.2490578,0.00511000000000008,0.002002));
#3150=CARTESIAN_POINT('',(0.2494388,0.00511000000000008,0.00238300000000004));
#3151=CARTESIAN_POINT('',(0.2486768,0.00511000000000008,0.001621));
#3152=CARTESIAN_POINT('',(0.2486768,0.00511000000000008,0.001621));
#3153=CARTESIAN_POINT('',(0.2486768,0.00307000000000006,0.001621));
#3154=CARTESIAN_POINT('',(0.2490578,0.00307000000000006,0.002002));
#3155=CARTESIAN_POINT('',(0.2494388,0.00307000000000006,0.002383));
#3156=CARTESIAN_POINT('',(0.2494388,0.00511000000000008,0.002383));
#3157=CARTESIAN_POINT('',(0.2494388,0.00511000000000008,0.001621));
#3158=CARTESIAN_POINT('',(0.2494388,0.00511000000000008,0.001621));
#3159=CARTESIAN_POINT('',(0.2330272,0.00511000000000008,0.00162099999999994));
#3160=CARTESIAN_POINT('',(0.2330272,0.00511000000000008,0.00162099999999986));
#3161=CARTESIAN_POINT('',(0.2330272,0.00307000000000006,0.00162099999999994));
#3162=CARTESIAN_POINT('',(0.2494388,0.00307000000000006,0.001621));
#3163=CARTESIAN_POINT('',(0.2326462,0.00511000000000008,0.002002));
#3164=CARTESIAN_POINT('',(0.2326462,0.00511000000000008,0.002002));
#3165=CARTESIAN_POINT('',(0.2322652,0.00511000000000008,0.002383));
#3166=CARTESIAN_POINT('',(0.2322652,0.00511000000000008,0.002383));
#3167=CARTESIAN_POINT('',(0.2322652,0.00307000000000006,0.002383));
#3168=CARTESIAN_POINT('',(0.2326462,0.00307000000000006,0.002002));
#3169=CARTESIAN_POINT('',(0.2322652,0.00511000000000008,0.001621));
#3170=CARTESIAN_POINT('',(0.2322652,0.00511000000000008,0.001621));
#3171=CARTESIAN_POINT('',(0.2322652,0.00511000000000008,0.006223));
#3172=CARTESIAN_POINT('',(0.2322652,0.00511000000000008,0.006223));
#3173=CARTESIAN_POINT('',(0.2322652,0.00307000000000006,0.006223));
#3174=CARTESIAN_POINT('',(0.2322652,0.00307000000000006,0.001621));
#3175=CARTESIAN_POINT('',(0.298153,0.00511000000000008,0.001276));
#3176=CARTESIAN_POINT('',(0.298153,0.00511000000000008,0.001276));
#3177=CARTESIAN_POINT('',(0.298534,0.00511000000000008,0.000895));
#3178=CARTESIAN_POINT('',(0.297772,0.00511000000000008,0.00165699999999997));
#3179=CARTESIAN_POINT('',(0.297772,0.00511000000000008,0.001657));
#3180=CARTESIAN_POINT('',(0.297772,0.00307000000000006,0.001657));
#3181=CARTESIAN_POINT('',(0.298153,0.00307000000000006,0.001276));
#3182=CARTESIAN_POINT('',(0.298534,0.00307000000000006,0.000895));
#3183=CARTESIAN_POINT('',(0.298534,0.00511000000000008,0.00089499999999999));
#3184=CARTESIAN_POINT('',(0.297772,0.00511000000000008,0.006223));
#3185=CARTESIAN_POINT('',(0.297772,0.00511000000000008,0.006223));
#3186=CARTESIAN_POINT('',(0.297772,0.00511000000000008,0.006223));
#3187=CARTESIAN_POINT('',(0.297772,-0.07451,0.006223));
#3188=CARTESIAN_POINT('',(0.297772,0.00307000000000006,0.006223));
#3189=CARTESIAN_POINT('',(0.297772,0.00307000000000006,0.006223));
#3190=CARTESIAN_POINT('',(0.310831,0.00511000000000008,0.001276));
#3191=CARTESIAN_POINT('',(0.310831,0.00511000000000008,0.001276));
#3192=CARTESIAN_POINT('',(0.311212,0.00511000000000008,0.00165700000000002));
#3193=CARTESIAN_POINT('',(0.31045,0.00511000000000008,0.00089499999999999));
#3194=CARTESIAN_POINT('',(0.31045,0.00511000000000008,0.000894999999999983));
#3195=CARTESIAN_POINT('',(0.31045,0.00307000000000006,0.000894999999999988));
#3196=CARTESIAN_POINT('',(0.310831,0.00307000000000006,0.001276));
#3197=CARTESIAN_POINT('',(0.311212,0.00307000000000006,0.00165700000000002));
#3198=CARTESIAN_POINT('',(0.311212,0.00511000000000008,0.001657));
#3199=CARTESIAN_POINT('',(0.297772,0.00511000000000008,0.000895));
#3200=CARTESIAN_POINT('',(0.315992,0.00307000000000006,0.000895));
#3201=CARTESIAN_POINT('',(-0.010168,0.00511000000000008,0.000895));
#3202=CARTESIAN_POINT('',(0.311212,0.00511000000000008,0.000895));
#3203=CARTESIAN_POINT('',(0.311212,0.00307000000000006,0.006223));
#3204=CARTESIAN_POINT('',(0.311212,0.00307000000000006,0.006223));
#3205=CARTESIAN_POINT('',(0.311212,-0.07451,0.006223));
#3206=CARTESIAN_POINT('',(0.311212,0.00511000000000008,0.006223));
#3207=CARTESIAN_POINT('',(0.311212,0.00511000000000008,0.006223));
#3208=CARTESIAN_POINT('',(0.170242,-0.07451,0.006223));
#3209=CARTESIAN_POINT('',(0.170242,0.00307000000000006,0.006223));
#3210=CARTESIAN_POINT('',(0.335492,0.00307000000000005,0.006223));
#3211=CARTESIAN_POINT('',(0.335492,-0.00496999999999993,0.006223));
#3212=CARTESIAN_POINT('',(0.343532,-0.00496999999999992,0.006223));
#3213=CARTESIAN_POINT('',(0.343532,-0.07451,0.006223));
#3214=CARTESIAN_POINT('',(0.343532,-0.0325686809723099,0.006223));
#3215=CARTESIAN_POINT('',(0.343532,-0.0325686809723097,0.006223));
#3216=CARTESIAN_POINT('',(0.346457,-0.0342574305096889,0.006223));
#3217=CARTESIAN_POINT('',(0.344302,-0.03799,0.006223));
#3218=CARTESIAN_POINT('',(0.346457,-0.0417225694903106,0.006223));
#3219=CARTESIAN_POINT('',(0.346457,-0.0417225694903108,0.006223));
#3220=CARTESIAN_POINT('',(0.343532,-0.0434113190276902,0.006223));
#3221=CARTESIAN_POINT('',(0.343532,-0.07451,0.006223));
#3222=CARTESIAN_POINT('',(0.343532,-0.10052868097231,0.006223));
#3223=CARTESIAN_POINT('',(0.343532,-0.100528680972309,0.006223));
#3224=CARTESIAN_POINT('',(0.346457,-0.102217430509689,0.006223));
#3225=CARTESIAN_POINT('',(0.344302,-0.10595,0.006223));
#3226=CARTESIAN_POINT('',(0.346457,-0.10968256949031,0.006223));
#3227=CARTESIAN_POINT('',(0.346457,-0.109682569490311,0.006223));
#3228=CARTESIAN_POINT('',(0.343532,-0.11137131902769,0.006223));
#3229=CARTESIAN_POINT('',(0.343532,-0.07451,0.006223));
#3230=CARTESIAN_POINT('',(0.343532,-0.13897,0.006223));
#3231=CARTESIAN_POINT('',(0.335492,-0.13897,0.006223));
#3232=CARTESIAN_POINT('',(0.335492,-0.14701,0.006223));
#3233=CARTESIAN_POINT('',(0.170242,-0.14701,0.006223));
#3234=CARTESIAN_POINT('',(0.291233319027691,-0.14701,0.006223));
#3235=CARTESIAN_POINT('',(0.291233319027691,-0.14701,0.006223));
#3236=CARTESIAN_POINT('',(0.28954456949031,-0.149935,0.006223));
#3237=CARTESIAN_POINT('',(0.285812,-0.14778,0.006223));
#3238=CARTESIAN_POINT('',(0.282079430509689,-0.149935,0.006223));
#3239=CARTESIAN_POINT('',(0.282079430509689,-0.149935,0.006223));
#3240=CARTESIAN_POINT('',(0.28039068097231,-0.14701,0.006223));
#3241=CARTESIAN_POINT('',(0.170242,-0.14701,0.006223));
#3242=CARTESIAN_POINT('',(0.175663319027691,-0.14701,0.006223));
#3243=CARTESIAN_POINT('',(0.175663319027691,-0.14701,0.006223));
#3244=CARTESIAN_POINT('',(0.173974569490311,-0.149935,0.006223));
#3245=CARTESIAN_POINT('',(0.170242,-0.14778,0.006223));
#3246=CARTESIAN_POINT('',(0.166509430509689,-0.149935,0.006223));
#3247=CARTESIAN_POINT('',(0.166509430509689,-0.149935,0.006223));
#3248=CARTESIAN_POINT('',(0.164820680972309,-0.14701,0.006223));
#3249=CARTESIAN_POINT('',(0.170242,-0.14701,0.006223));
#3250=CARTESIAN_POINT('',(0.128604254573079,-0.14701,0.006223));
#3251=CARTESIAN_POINT('',(0.128604254573079,-0.07451,0.006223));
#3252=CARTESIAN_POINT('',(0.128604254573079,-0.15413,0.006223));
#3253=CARTESIAN_POINT('',(0.350652,-0.15413,0.006223));
#3254=CARTESIAN_POINT('',(0.340492,-0.15413,0.006223));
#3255=CARTESIAN_POINT('',(0.340492,-0.14397,0.006223));
#3256=CARTESIAN_POINT('',(0.350652,-0.143969999999991,0.006223));
#3257=CARTESIAN_POINT('',(0.350652,0.00511000000000006,0.006223));
#3258=CARTESIAN_POINT('',(0.350652,-0.00505,0.006223));
#3259=CARTESIAN_POINT('',(0.340492,-0.00504999999999992,0.006223));
#3260=CARTESIAN_POINT('',(0.340492,0.00511000000000008,0.006223));
#3261=CARTESIAN_POINT('',(-0.010168,0.00511000000000008,0.006223));
#3262=CARTESIAN_POINT('',(0.315992,0.00307000000000006,0.006223));
#3263=CARTESIAN_POINT('',(0.170242,0.00307000000000006,0.006223));
#3264=CARTESIAN_POINT('',(0.2494388,0.00307000000000006,0.006223));
#3265=CARTESIAN_POINT('',(0.2494388,0.00307000000000006,0.006223));
#3266=CARTESIAN_POINT('',(0.2322652,0.00307000000000006,0.006223));
#3267=CARTESIAN_POINT('',(0.2242988,0.00307000000000006,0.006223));
#3268=CARTESIAN_POINT('',(0.2242988,0.00307000000000006,0.006223));
#3269=CARTESIAN_POINT('',(0.2071252,0.00307000000000006,0.006223));
#3270=CARTESIAN_POINT('',(0.1991588,0.00307000000000006,0.006223));
#3271=CARTESIAN_POINT('',(0.1991588,0.00307000000000006,0.006223));
#3272=CARTESIAN_POINT('',(0.1819852,0.00307000000000006,0.006223));
#3273=CARTESIAN_POINT('',(0.1740188,0.00307000000000006,0.006223));
#3274=CARTESIAN_POINT('',(0.1740188,0.00307000000000006,0.006223));
#3275=CARTESIAN_POINT('',(0.15685,0.00307000000000006,0.006223));
#3276=CARTESIAN_POINT('',(0.15685,0.00307000000000006,0.006223));
#3277=CARTESIAN_POINT('',(0.170242,0.00307000000000006,0.006223));
#3278=CARTESIAN_POINT('',(0.128604254573079,0.00307000000000006,0.006223));
#3279=CARTESIAN_POINT('',(0.128604254573079,0.00307000000000006,0.006223));
#3280=CARTESIAN_POINT('',(0.128604254573079,0.00307000000000006,-0.003937));
#3281=CARTESIAN_POINT('',(0.315992,0.00307000000000006,-0.003937));
#3282=CARTESIAN_POINT('',(0.292992,0.00307000000000006,-0.003937));
#3283=CARTESIAN_POINT('',(0.292992,0.00307000000000004,0.011303));
#3284=CARTESIAN_POINT('',(0.292992,0.00307000000000006,-0.006477));
#3285=CARTESIAN_POINT('',(0.315992,0.00307000000000006,-0.006477));
#3286=CARTESIAN_POINT('',(0.315992,0.00307000000000006,-0.006477));
#3287=CARTESIAN_POINT('',(0.315992,0.00307000000000006,0.006223));
#3288=CARTESIAN_POINT('',(0.315992,0.00307000000000006,-0.003937));
#3289=CARTESIAN_POINT('',(0.315992,0.00307000000000006,-0.003937));
#3290=CARTESIAN_POINT('',(0.335492,0.00307000000000004,-0.00393700000000007));
#3291=CARTESIAN_POINT('',(0.335492,0.00307000000000004,0.006223));
#3292=CARTESIAN_POINT('',(0.262447,0.00307000000000006,0.006223));
#3293=CARTESIAN_POINT('',(0.262447,0.00307000000000006,0.000656999999999955));
#3294=CARTESIAN_POINT('',(0.262447,0.00307000000000006,0.004873));
#3295=CARTESIAN_POINT('',(0.262828,0.00307000000000006,0.005254));
#3296=CARTESIAN_POINT('',(0.263209,0.00307000000000006,0.005635));
#3297=CARTESIAN_POINT('',(0.262447,0.00307000000000006,0.005635));
#3298=CARTESIAN_POINT('',(0.275025,0.00307000000000006,0.005635));
#3299=CARTESIAN_POINT('',(0.275406,0.00307000000000006,0.005254));
#3300=CARTESIAN_POINT('',(0.275787,0.00307000000000006,0.004873));
#3301=CARTESIAN_POINT('',(0.275787,0.00307000000000006,0.006223));
#3302=CARTESIAN_POINT('',(0.275787,0.00307000000000006,0.00065700000000001));
#3303=CARTESIAN_POINT('',(0.275406,0.00307000000000006,0.000275999999999996));
#3304=CARTESIAN_POINT('',(0.275025,0.00307000000000006,-0.000104999999999995));
#3305=CARTESIAN_POINT('',(0.315992,0.00307000000000006,-0.000105000000000003));
#3306=CARTESIAN_POINT('',(0.263209,0.00307000000000006,-0.000104999999999993));
#3307=CARTESIAN_POINT('',(0.262828,0.00307000000000006,0.000275999999999996));
#3308=CARTESIAN_POINT('',(0.262828,0.00511000000000008,0.000275999999999996));
#3309=CARTESIAN_POINT('',(0.262828,0.00511000000000008,0.000275999999999996));
#3310=CARTESIAN_POINT('',(0.263209,0.00511000000000008,-0.000104999999999991));
#3311=CARTESIAN_POINT('',(0.262447,0.00511000000000008,0.000656999999999955));
#3312=CARTESIAN_POINT('',(0.262447,0.00511000000000008,0.000657));
#3313=CARTESIAN_POINT('',(0.263209,0.00511000000000008,-0.000104999999999988));
#3314=CARTESIAN_POINT('',(0.262447,0.00511000000000008,0.001621));
#3315=CARTESIAN_POINT('',(0.262447,0.00511000000000008,0.006223));
#3316=CARTESIAN_POINT('',(0.262447,0.00511000000000008,0.004873));
#3317=CARTESIAN_POINT('',(0.262447,0.00511000000000008,0.004873));
#3318=CARTESIAN_POINT('',(0.262828,0.00511000000000008,0.005254));
#3319=CARTESIAN_POINT('',(0.262828,0.00511000000000008,0.005254));
#3320=CARTESIAN_POINT('',(0.263209,0.00511000000000008,0.005635));
#3321=CARTESIAN_POINT('',(0.263209,0.00511000000000008,0.005635));
#3322=CARTESIAN_POINT('',(0.262447,0.00511000000000008,0.005635));
#3323=CARTESIAN_POINT('',(-0.010168,0.00511000000000008,0.005635));
#3324=CARTESIAN_POINT('',(0.275025,0.00511000000000008,0.005635));
#3325=CARTESIAN_POINT('',(0.275025,0.00511000000000008,0.005635));
#3326=CARTESIAN_POINT('',(0.275406,0.00511000000000008,0.005254));
#3327=CARTESIAN_POINT('',(0.275406,0.00511000000000008,0.005254));
#3328=CARTESIAN_POINT('',(0.275787,0.00511000000000008,0.004873));
#3329=CARTESIAN_POINT('',(0.275787,0.00511000000000008,0.004873));
#3330=CARTESIAN_POINT('',(0.275787,0.00511000000000008,0.005635));
#3331=CARTESIAN_POINT('',(0.275787,0.00511000000000008,0.006223));
#3332=CARTESIAN_POINT('',(0.275787,0.00511000000000008,0.00065700000000001));
#3333=CARTESIAN_POINT('',(0.275787,0.00511000000000008,0.000657));
#3334=CARTESIAN_POINT('',(0.275406,0.00511000000000008,0.000275999999999996));
#3335=CARTESIAN_POINT('',(0.275406,0.00511000000000008,0.000275999999999996));
#3336=CARTESIAN_POINT('',(0.275025,0.00511000000000008,-0.000104999999999989));
#3337=CARTESIAN_POINT('',(0.275025,0.00511000000000008,-0.000104999999999988));
#3338=CARTESIAN_POINT('',(0.262447,0.00511000000000008,-0.000105000000000003));
#3339=CARTESIAN_POINT('',(-0.010168,0.00511000000000008,-0.000105000000000003));
#3340=CARTESIAN_POINT('',(-0.010168,0.00511000000000008,0.006223));
#3341=CARTESIAN_POINT('',(0.340492,0.00511000000000008,0.006223));
#3342=CARTESIAN_POINT('',(0.340491999938142,0.00511000000000008,-0.0107677832090883));
#3343=CARTESIAN_POINT('',(0.340491999938142,0.00511000000000008,-0.0107677833338659));
#3344=CARTESIAN_POINT('',(0.269862751483121,0.00511000000000008,-0.0107677833338659));
#3345=CARTESIAN_POINT('',(0.1992335030281,0.00511000000000008,-0.0107677833338659));
#3346=CARTESIAN_POINT('',(0.128604254573079,0.00511000000000008,-0.0107677833338659));
#3347=CARTESIAN_POINT('',(0.128604254573079,0.00511000000000008,-0.0107677798200349));
#3348=CARTESIAN_POINT('',(0.128604254573079,0.00511000000000008,0.006223));
#3349=CARTESIAN_POINT('',(0.128604254573079,0.00511000000000008,0.006223));
#3350=CARTESIAN_POINT('',(-0.010168,0.00511000000000008,0.006223));
#3351=CARTESIAN_POINT('',(0.15685,0.00511000000000008,0.006223));
#3352=CARTESIAN_POINT('',(0.15685,0.00511000000000008,0.006223));
#3353=CARTESIAN_POINT('',(0.1740188,0.00511000000000008,0.006223));
#3354=CARTESIAN_POINT('',(0.1740188,0.00511000000000008,0.006223));
#3355=CARTESIAN_POINT('',(0.1819852,0.00511000000000008,0.006223));
#3356=CARTESIAN_POINT('',(0.1991588,0.00511000000000008,0.006223));
#3357=CARTESIAN_POINT('',(0.1991588,0.00511000000000008,0.006223));
#3358=CARTESIAN_POINT('',(0.2071252,0.00511000000000008,0.006223));
#3359=CARTESIAN_POINT('',(0.2242988,0.00511000000000008,0.006223));
#3360=CARTESIAN_POINT('',(0.2242988,0.00511000000000008,0.006223));
#3361=CARTESIAN_POINT('',(0.2322652,0.00511000000000008,0.006223));
#3362=CARTESIAN_POINT('',(0.2494388,0.00511000000000008,0.006223));
#3363=CARTESIAN_POINT('',(0.2494388,0.00511000000000008,0.006223));
#3364=CARTESIAN_POINT('',(-0.010168,0.00511000000000008,0.006223));
#3365=CARTESIAN_POINT('',(0.170242,-0.07324,-0.003937));
#3366=CARTESIAN_POINT('',(0.320742,-0.00421999999999991,-0.00393700000000016));
#3367=CARTESIAN_POINT('',(0.315992,-0.00104215088464026,-0.00393700000000016));
#3368=CARTESIAN_POINT('',(0.315992,-0.00739784911535989,-0.00393700000000016));
#3369=CARTESIAN_POINT('',(0.315992,-0.07324,-0.003937));
#3370=CARTESIAN_POINT('',(0.315992,-0.05222,-0.003937));
#3371=CARTESIAN_POINT('',(0.170242,-0.05222,-0.003937));
#3372=CARTESIAN_POINT('',(0.292992,-0.05222,-0.003937));
#3373=CARTESIAN_POINT('',(0.292992,-0.07324,-0.003937));
#3374=CARTESIAN_POINT('',(0.128604254573079,-0.07324,-0.003937));
#3375=CARTESIAN_POINT('',(0.128604254573079,-0.14701,-0.003937));
#3376=CARTESIAN_POINT('',(0.170242,-0.14701,-0.003937));
#3377=CARTESIAN_POINT('',(0.164707305428481,-0.14701,-0.003937));
#3378=CARTESIAN_POINT('',(0.170242,-0.14778,-0.003937));
#3379=CARTESIAN_POINT('',(0.170124484745366,-0.142193235805501,-0.003937));
#3380=CARTESIAN_POINT('',(0.0536324601979723,-0.142193235805501,-0.003937));
#3381=CARTESIAN_POINT('',(0.170359515254634,-0.142193235805501,-0.00393700000000006));
#3382=CARTESIAN_POINT('',(0.170242,-0.14778,-0.00393700000000007));
#3383=CARTESIAN_POINT('',(0.175776694571519,-0.14701,-0.003937));
#3384=CARTESIAN_POINT('',(0.170242,-0.14701,-0.003937));
#3385=CARTESIAN_POINT('',(0.280277305428481,-0.14701,-0.00393700000000011));
#3386=CARTESIAN_POINT('',(0.285812,-0.14778,-0.00393700000000023));
#3387=CARTESIAN_POINT('',(0.282597368033773,-0.143209235805501,-0.00393700000000023));
#3388=CARTESIAN_POINT('',(0.170242,-0.143209235805501,-0.003937));
#3389=CARTESIAN_POINT('',(0.284721717615344,-0.143209235805501,-0.00393700000000007));
#3390=CARTESIAN_POINT('',(0.285812,-0.14778,-0.00393700000000007));
#3391=CARTESIAN_POINT('',(0.286902282384656,-0.143209235805501,-0.003937));
#3392=CARTESIAN_POINT('',(0.170242,-0.143209235805501,-0.003937));
#3393=CARTESIAN_POINT('',(0.289026631966227,-0.143209235805501,-0.00393700000000015));
#3394=CARTESIAN_POINT('',(0.285812,-0.14778,-0.00393700000000007));
#3395=CARTESIAN_POINT('',(0.291346694571519,-0.14701,-0.003937));
#3396=CARTESIAN_POINT('',(0.170242,-0.14701,-0.003937));
#3397=CARTESIAN_POINT('',(0.335492,-0.14701,-0.00393700000000007));
#3398=CARTESIAN_POINT('',(0.335492,-0.13897,-0.00393700000000015));
#3399=CARTESIAN_POINT('',(0.343532,-0.13897,-0.00393700000000015));
#3400=CARTESIAN_POINT('',(0.343532,-0.07324,-0.003937));
#3401=CARTESIAN_POINT('',(0.343532,-0.111484694571518,-0.00393699999999989));
#3402=CARTESIAN_POINT('',(0.344302,-0.10595,-0.00393699999999989));
#3403=CARTESIAN_POINT('',(0.339409548072902,-0.108649936692041,-0.0039369999999999));
#3404=CARTESIAN_POINT('',(0.339409548072902,-0.07324,-0.003937));
#3405=CARTESIAN_POINT('',(0.339409548072902,-0.103250063307958,-0.00393700000000013));
#3406=CARTESIAN_POINT('',(0.344302,-0.10595,-0.00393700000000007));
#3407=CARTESIAN_POINT('',(0.343532,-0.100415305428481,-0.00393700000000007));
#3408=CARTESIAN_POINT('',(0.343532,-0.07324,-0.003937));
#3409=CARTESIAN_POINT('',(0.343532,-0.0435246945715188,-0.00393700000000007));
#3410=CARTESIAN_POINT('',(0.344302,-0.03799,-0.00393700000000015));
#3411=CARTESIAN_POINT('',(0.339409548072902,-0.0406899366920413,-0.00393700000000016));
#3412=CARTESIAN_POINT('',(0.339409548072902,-0.07324,-0.003937));
#3413=CARTESIAN_POINT('',(0.339409548072902,-0.0352900633079584,-0.003937));
#3414=CARTESIAN_POINT('',(0.344302,-0.03799,-0.00393700000000007));
#3415=CARTESIAN_POINT('',(0.343532,-0.0324553054284811,-0.003937));
#3416=CARTESIAN_POINT('',(0.343532,-0.07324,-0.003937));
#3417=CARTESIAN_POINT('',(0.343532,-0.00496999999999992,-0.00393700000000007));
#3418=CARTESIAN_POINT('',(0.335492,-0.00496999999999993,-0.00393700000000015));
#3419=CARTESIAN_POINT('',(0.315992,-0.07324,-0.003937));
#3420=CARTESIAN_POINT('',(0.170242,-0.069985,-0.003937));
#3421=CARTESIAN_POINT('',(0.321797,-0.069985,-0.003937));
#3422=CARTESIAN_POINT('',(0.295997,-0.069985,-0.003937));
#3423=CARTESIAN_POINT('',(0.295997,-0.07324,-0.003937));
#3424=CARTESIAN_POINT('',(0.295997,-0.058685,-0.003937));
#3425=CARTESIAN_POINT('',(0.170242,-0.058685,-0.003937));
#3426=CARTESIAN_POINT('',(0.321797,-0.058685,-0.003937));
#3427=CARTESIAN_POINT('',(0.321797,-0.07324,-0.003937));
#3428=CARTESIAN_POINT('',(0.151992,-0.00421999999999991,-0.00393700000000016));
#3429=CARTESIAN_POINT('',(0.157707,-0.00421999999999991,-0.00393700000000016));
#3430=CARTESIAN_POINT('',(0.128604254573079,-0.0745102777130289,-0.00290728123667845));
#3431=CARTESIAN_POINT('',(0.128604254573079,-0.15413,0.006223));
#3432=CARTESIAN_POINT('',(0.128604254615162,-0.15413,-0.00520699995841035));
#3433=CARTESIAN_POINT('',(0.128604254573079,-0.14701,0.006223));
#3434=CARTESIAN_POINT('',(0.128604254573079,-0.07451,0.006223));
#3435=CARTESIAN_POINT('',(0.128604254573079,0.0051100000000001,-0.0107677833338659));
#3436=CARTESIAN_POINT('',(0.128604254573079,0.0051100000000001,-0.0110618553773602));
#3437=CARTESIAN_POINT('',(0.128604254573079,0.0049790900101138,-0.0117723547829562));
#3438=CARTESIAN_POINT('',(0.128604254573079,0.00462233327621852,-0.0120207536366159));
#3439=CARTESIAN_POINT('',(0.128604254573079,0.004475386824843,-0.0120156221534598));
#3440=CARTESIAN_POINT('',(0.128604254615163,0.00447538678323843,-0.0120156221520069));
#3441=CARTESIAN_POINT('',(0.128604254573079,-0.0746512705199838,-0.00925245839166861));
#3442=CARTESIAN_POINT('',(0.128604254615163,-0.153495386824842,-0.00649916118040609));
#3443=CARTESIAN_POINT('',(0.128604254573079,-0.153495386824843,-0.0064991611804061));
#3444=CARTESIAN_POINT('',(0.128604254573079,-0.153647554329746,-0.00649384737404323));
#3445=CARTESIAN_POINT('',(0.128604254573079,-0.15400188104748,-0.0062260326269544));
#3446=CARTESIAN_POINT('',(0.128604254573079,-0.15413,-0.00551152051547672));
#3447=CARTESIAN_POINT('',(0.128604254573079,-0.15413,-0.005207));
#3448=CARTESIAN_POINT('',(0.335492,-0.14701,0.006223));
#3449=CARTESIAN_POINT('',(0.164820680972309,-0.14701,0.006223));
#3450=CARTESIAN_POINT('',(0.164820680972309,-0.14701,0.002948));
#3451=CARTESIAN_POINT('',(0.170242,-0.14701,0.002948));
#3452=CARTESIAN_POINT('',(0.164707305428481,-0.14701,0.002948));
#3453=CARTESIAN_POINT('',(0.164707305428481,-0.14701,0.006223));
#3454=CARTESIAN_POINT('',(0.170242,-0.07451,0.006223));
#3455=CARTESIAN_POINT('',(0.15685,-0.07451,0.006223));
#3456=CARTESIAN_POINT('',(0.344302,-0.03799,-0.00393700000000015));
#3457=CARTESIAN_POINT('',(0.344302,-0.03799,-0.00393700000000015));
#3458=CARTESIAN_POINT('',(0.339603,-0.03799,-0.00393700000000015));
#3459=CARTESIAN_POINT('',(0.344302,-0.03799,-0.00393700000000015));
#3460=CARTESIAN_POINT('',(0.3422065,-0.03799,-0.00393700000000015));
#3461=CARTESIAN_POINT('',(0.340873,-0.108574325246611,0.002948));
#3462=CARTESIAN_POINT('',(0.340873,-0.092223678053452,0.002948));
#3463=CARTESIAN_POINT('',(0.340873,-0.0335777779974258,0.002948));
#3464=CARTESIAN_POINT('',(0.340873,-0.0424022220025741,0.002948));
#3465=CARTESIAN_POINT('',(0.340873,-0.0335777779974257,0.00294800000000002));
#3466=CARTESIAN_POINT('',(0.34028015883457,-0.0340385101081571,0.000158901602977324));
#3467=CARTESIAN_POINT('',(0.339772320756181,-0.0346326968153877,-0.00223028871134671));
#3468=CARTESIAN_POINT('',(0.339409548072902,-0.035290063307958,-0.00393699999999989));
#3469=CARTESIAN_POINT('',(0.339409548072902,-0.0406899366920415,-0.00393700000000017));
#3470=CARTESIAN_POINT('',(0.339772320756181,-0.0413473031846119,-0.00223028871134714));
#3471=CARTESIAN_POINT('',(0.340280158834569,-0.0419414898918426,0.000158901602977051));
#3472=CARTESIAN_POINT('',(0.340873,-0.042402222002574,0.00294800000000001));
#3473=CARTESIAN_POINT('',(0.340873,-0.108574325246611,0.002948));
#3474=CARTESIAN_POINT('',(0.340873,-0.092223678053452,0.002948));
#3475=CARTESIAN_POINT('',(0.340873,-0.101537777997425,0.002948));
#3476=CARTESIAN_POINT('',(0.340873,-0.110362222002574,0.002948));
#3477=CARTESIAN_POINT('',(0.340873,-0.101537777997425,0.00294800000000001));
#3478=CARTESIAN_POINT('',(0.340280158834569,-0.101998510108157,0.000158901602977066));
#3479=CARTESIAN_POINT('',(0.339772320756181,-0.102592696815388,-0.00223028871134714));
#3480=CARTESIAN_POINT('',(0.339409548072902,-0.103250063307958,-0.00393700000000019));
#3481=CARTESIAN_POINT('',(0.339409548072902,-0.108649936692041,-0.00393699999999992));
#3482=CARTESIAN_POINT('',(0.339772320756181,-0.109307303184612,-0.00223028871134664));
#3483=CARTESIAN_POINT('',(0.34028015883457,-0.109901489891842,0.000158901602977551));
#3484=CARTESIAN_POINT('',(0.340873,-0.110362222002574,0.00294800000000031));
#3485=CARTESIAN_POINT('',(0.344302,-0.03799,-0.00393700000000015));
#3486=CARTESIAN_POINT('',(0.344302,-0.10595,-0.00393700000000015));
#3487=CARTESIAN_POINT('',(0.339603,-0.10595,-0.00393700000000015));
#3488=CARTESIAN_POINT('',(0.344302,-0.10595,-0.00393700000000015));
#3489=CARTESIAN_POINT('',(0.3422065,-0.10595,-0.00393700000000015));
#3490=CARTESIAN_POINT('',(0.344302,-0.03799,-0.00393700000000015));
#3491=CARTESIAN_POINT('',(0.170241999018194,-0.14778,-0.00393700000000015));
#3492=CARTESIAN_POINT('',(0.165542999018193,-0.14778,-0.00393700000000015));
#3493=CARTESIAN_POINT('',(0.170242,-0.14778,-0.00393700000000015));
#3494=CARTESIAN_POINT('',(0.1681465,-0.14778,-0.00393700000000015));
#3495=CARTESIAN_POINT('',(0.344302,-0.03799,0.002948));
#3496=CARTESIAN_POINT('',(0.344302,-0.03799,0.002948));
#3497=CARTESIAN_POINT('',(0.3422065,-0.03799,0.002948));
#3498=CARTESIAN_POINT('',(0.285812,-0.14778,0.002948));
#3499=CARTESIAN_POINT('',(0.285812,-0.14778,0.002948));
#3500=CARTESIAN_POINT('',(0.2837165,-0.14778,0.002948));
#3501=CARTESIAN_POINT('',(0.285812,-0.14778,-0.00393700000000015));
#3502=CARTESIAN_POINT('',(0.2837165,-0.14778,-0.00393700000000015));
#3503=CARTESIAN_POINT('',(0.170242,-0.14778,0.002948));
#3504=CARTESIAN_POINT('',(0.170242,-0.14778,0.002948));
#3505=CARTESIAN_POINT('',(0.1681465,-0.14778,0.002948));
#3506=CARTESIAN_POINT('',(0.344302,-0.10595,0.002948));
#3507=CARTESIAN_POINT('',(0.344302,-0.10595,0.002948));
#3508=CARTESIAN_POINT('',(0.3422065,-0.10595,0.002948));
#3509=CARTESIAN_POINT('',(0.170242,-0.14778,0.006223));
#3510=CARTESIAN_POINT('',(0.170242,-0.14778,0.002948));
#3511=CARTESIAN_POINT('',(0.173974569490311,-0.149935,0.002948));
#3512=CARTESIAN_POINT('',(0.166509430509689,-0.149935,0.002948));
#3513=CARTESIAN_POINT('',(0.166509430509689,-0.149935,0.006223));
#3514=CARTESIAN_POINT('',(0.173974569490311,-0.149935,0.006223));
#3515=CARTESIAN_POINT('',(0.285812,-0.14778,0.006223));
#3516=CARTESIAN_POINT('',(0.285812,-0.14778,0.002948));
#3517=CARTESIAN_POINT('',(0.28954456949031,-0.149935,0.002948));
#3518=CARTESIAN_POINT('',(0.282079430509689,-0.149935,0.002948));
#3519=CARTESIAN_POINT('',(0.282079430509688,-0.149935,0.006223));
#3520=CARTESIAN_POINT('',(0.289544569490311,-0.149935,0.006223));
#3521=CARTESIAN_POINT('',(0.344302,-0.10595,0.006223));
#3522=CARTESIAN_POINT('',(0.344302,-0.10595,0.002948));
#3523=CARTESIAN_POINT('',(0.346457,-0.102217430509689,0.002948));
#3524=CARTESIAN_POINT('',(0.346457,-0.109682569490311,0.002948));
#3525=CARTESIAN_POINT('',(0.346457,-0.109682569490311,0.006223));
#3526=CARTESIAN_POINT('',(0.346457,-0.102217430509688,0.006223));
#3527=CARTESIAN_POINT('',(0.344302,-0.03799,0.006223));
#3528=CARTESIAN_POINT('',(0.344302,-0.03799,0.002948));
#3529=CARTESIAN_POINT('',(0.346457,-0.0342574305096889,0.002948));
#3530=CARTESIAN_POINT('',(0.346457,-0.0417225694903107,0.002948));
#3531=CARTESIAN_POINT('',(0.346457,-0.0417225694903108,0.006223));
#3532=CARTESIAN_POINT('',(0.346457,-0.0342574305096885,0.006223));
#3533=CARTESIAN_POINT('',(0.308897,-0.064335,-0.006477));
#3534=CARTESIAN_POINT('',(0.295997,-0.069985,-0.006477));
#3535=CARTESIAN_POINT('',(0.295997,-0.069985,-0.006477));
#3536=CARTESIAN_POINT('',(0.295997,-0.058685,-0.006477));
#3537=CARTESIAN_POINT('',(0.321797,-0.069985,-0.006477));
#3538=CARTESIAN_POINT('',(0.321797,-0.069985,-0.006477));
#3539=CARTESIAN_POINT('',(0.321797,-0.058685,-0.006477));
#3540=CARTESIAN_POINT('',(0.321797,-0.058685,-0.006477));
#3541=CARTESIAN_POINT('',(0.295997,-0.058685,-0.006477));
#3542=CARTESIAN_POINT('',(0.304492,-0.027365,-0.006477));
#3543=CARTESIAN_POINT('',(0.292992,-0.027365,-0.006477));
#3544=CARTESIAN_POINT('',(0.292992,-0.05222,-0.006477));
#3545=CARTESIAN_POINT('',(0.315992,-0.05222,-0.006477));
#3546=CARTESIAN_POINT('',(0.315992,-0.05222,-0.006477));
#3547=CARTESIAN_POINT('',(0.315992,-0.05222,-0.006477));
#3548=CARTESIAN_POINT('',(0.15685,0.00257000000000005,0.006223));
#3549=CARTESIAN_POINT('',(0.1740188,0.00511000000000008,0.006223));
#3550=CARTESIAN_POINT('',(0.1740188,0.00511000000000008,0.006223));
#3551=CARTESIAN_POINT('',(0.1819852,0.00511000000000008,0.006223));
#3552=CARTESIAN_POINT('',(0.1991588,0.00511000000000008,0.006223));
#3553=CARTESIAN_POINT('',(0.1991588,0.00511000000000008,0.006223));
#3554=CARTESIAN_POINT('',(0.2071252,0.00511000000000008,0.006223));
#3555=CARTESIAN_POINT('',(0.2242988,0.00511000000000008,0.006223));
#3556=CARTESIAN_POINT('',(0.2242988,0.00511000000000008,0.006223));
#3557=CARTESIAN_POINT('',(0.2322652,0.00511000000000008,0.006223));
#3558=CARTESIAN_POINT('',(0.2494388,0.00511000000000008,0.006223));
#3559=CARTESIAN_POINT('',(0.2494388,-0.07451,0.006223));
#3560=CARTESIAN_POINT('',(0.170242,-0.07451,0.006223));
#3561=CARTESIAN_POINT('',(0.343282,-0.0324243434050123,0.006223));
#3562=CARTESIAN_POINT('',(0.343282,-0.0324243434050123,0.002948));
#3563=CARTESIAN_POINT('',(0.343532,-0.0325686809723105,0.002948));
#3564=CARTESIAN_POINT('',(0.343532,-0.0325686809723104,0.006223));
#3565=CARTESIAN_POINT('',(0.170242,-0.092223678053452,0.002948));
#3566=CARTESIAN_POINT('',(0.344302,-0.03799,0.002948));
#3567=CARTESIAN_POINT('',(0.343532,-0.0324553054284811,0.002948));
#3568=CARTESIAN_POINT('',(0.344302,-0.03799,0.002948));
#3569=CARTESIAN_POINT('',(0.343532,-0.0435246945715188,0.002948));
#3570=CARTESIAN_POINT('',(0.343532,-0.092223678053452,0.002948));
#3571=CARTESIAN_POINT('',(0.343532,-0.0434113190276898,0.002948));
#3572=CARTESIAN_POINT('',(0.346457,-0.0417225694903108,0.002948));
#3573=CARTESIAN_POINT('',(0.343532,-0.092223678053452,0.002948));
#3574=CARTESIAN_POINT('',(0.346457,-0.0417225694903108,0.006223));
#3575=CARTESIAN_POINT('',(0.343532,-0.0434113190276902,0.006223));
#3576=CARTESIAN_POINT('',(0.343282,-0.100384343405012,0.006223));
#3577=CARTESIAN_POINT('',(0.343282,-0.100384343405012,0.002948));
#3578=CARTESIAN_POINT('',(0.343532,-0.10052868097231,0.002948));
#3579=CARTESIAN_POINT('',(0.343532,-0.10052868097231,0.006223));
#3580=CARTESIAN_POINT('',(0.170242,-0.092223678053452,0.002948));
#3581=CARTESIAN_POINT('',(0.343532,-0.092223678053452,0.002948));
#3582=CARTESIAN_POINT('',(0.343532,-0.111484694571518,0.002948));
#3583=CARTESIAN_POINT('',(0.343532,-0.11137131902769,0.002948));
#3584=CARTESIAN_POINT('',(0.346457,-0.109682569490311,0.002948));
#3585=CARTESIAN_POINT('',(0.343532,-0.092223678053452,0.002948));
#3586=CARTESIAN_POINT('',(0.343532,-0.100415305428481,0.002948));
#3587=CARTESIAN_POINT('',(0.344302,-0.10595,0.002948));
#3588=CARTESIAN_POINT('',(0.344302,-0.10595,0.002948));
#3589=CARTESIAN_POINT('',(0.346457,-0.109682569490311,0.006223));
#3590=CARTESIAN_POINT('',(0.343532,-0.11137131902769,0.006223));
#3591=CARTESIAN_POINT('',(0.291377656594987,-0.14676,0.006223));
#3592=CARTESIAN_POINT('',(0.291377656594987,-0.14676,0.002948));
#3593=CARTESIAN_POINT('',(0.29123331902769,-0.14701,0.002948));
#3594=CARTESIAN_POINT('',(0.29123331902769,-0.14701,0.006223));
#3595=CARTESIAN_POINT('',(0.170242,-0.092223678053452,0.002948));
#3596=CARTESIAN_POINT('',(0.170242,-0.14701,0.002948));
#3597=CARTESIAN_POINT('',(0.280277305428481,-0.14701,0.002948));
#3598=CARTESIAN_POINT('',(0.280390680972309,-0.14701,0.002948));
#3599=CARTESIAN_POINT('',(0.282079430509688,-0.149935,0.002948));
#3600=CARTESIAN_POINT('',(0.170242,-0.14701,0.002948));
#3601=CARTESIAN_POINT('',(0.291346694571519,-0.14701,0.00294799999999976));
#3602=CARTESIAN_POINT('',(0.285812,-0.14778,0.00294799999999951));
#3603=CARTESIAN_POINT('',(0.290410382215519,-0.144605,0.00294799999999976));
#3604=CARTESIAN_POINT('',(0.170242,-0.144605,0.002948));
#3605=CARTESIAN_POINT('',(0.281213617784482,-0.144605,0.00294799999999975));
#3606=CARTESIAN_POINT('',(0.285812,-0.14778,0.002948));
#3607=CARTESIAN_POINT('',(0.282079430509688,-0.149935,0.006223));
#3608=CARTESIAN_POINT('',(0.28039068097231,-0.14701,0.006223));
#3609=CARTESIAN_POINT('',(0.175807656594988,-0.14676,0.006223));
#3610=CARTESIAN_POINT('',(0.175807656594988,-0.14676,0.002948));
#3611=CARTESIAN_POINT('',(0.175663319027691,-0.14701,0.002948));
#3612=CARTESIAN_POINT('',(0.175663319027691,-0.14701,0.006223));
#3613=CARTESIAN_POINT('',(0.170242,-0.092223678053452,0.002948));
#3614=CARTESIAN_POINT('',(0.166509430509689,-0.149935,0.002948));
#3615=CARTESIAN_POINT('',(0.170242,-0.14701,0.002948));
#3616=CARTESIAN_POINT('',(0.175776694571519,-0.14701,0.00294799999999995));
#3617=CARTESIAN_POINT('',(0.170242,-0.14778,0.00294799999999991));
#3618=CARTESIAN_POINT('',(0.173938114581557,-0.143589,0.00294799999999995));
#3619=CARTESIAN_POINT('',(0.170242,-0.143589,0.002948));
#3620=CARTESIAN_POINT('',(0.166545885418443,-0.143589,0.00294799999999996));
#3621=CARTESIAN_POINT('',(0.170242,-0.14778,0.002948));
#3622=CARTESIAN_POINT('',(0.166509430509689,-0.149935,0.006223));
#3623=CARTESIAN_POINT('',(0.340492,-0.00504999999999992,0.006223));
#3624=CARTESIAN_POINT('',(0.350651903322785,-0.00500567763931628,-0.0104137619691929));
#3625=CARTESIAN_POINT('',(0.350646101539339,-0.00367574940431445,-0.010460204528451));
#3626=CARTESIAN_POINT('',(0.350105120967044,-0.00102057552053619,-0.0105528465060357));
#3627=CARTESIAN_POINT('',(0.347839144325925,0.00234319949032865,-0.010670770771801));
#3628=CARTESIAN_POINT('',(0.344461318001456,0.00458680345637065,-0.0107493260421192));
#3629=CARTESIAN_POINT('',(0.341816135570113,0.00511000000000008,-0.0107677833338659));
#3630=CARTESIAN_POINT('',(0.340492,0.00511000000000008,-0.0107677833338659));
#3631=CARTESIAN_POINT('',(0.350651903322785,-0.00500567763931297,-0.010413761969497));
#3632=CARTESIAN_POINT('',(0.350652,-0.00505,0.006223));
#3633=CARTESIAN_POINT('',(0.350652,-0.00505000006187284,-0.0104122140675978));
#3634=CARTESIAN_POINT('',(0.350652,-0.00505000000000003,-0.0104122141945703));
#3635=CARTESIAN_POINT('',(0.350652,-0.00503522583291102,-0.0104127301194445));
#3636=CARTESIAN_POINT('',(0.35065196777416,-0.00502045166582209,-0.0104132460443187));
#3637=CARTESIAN_POINT('',(0.350651903322785,-0.00500567763931628,-0.0104137619691929));
#3638=CARTESIAN_POINT('',(0.350652,-0.15413,0.006223));
#3639=CARTESIAN_POINT('',(0.128604254573079,-0.15413,-0.005207));
#3640=CARTESIAN_POINT('',(0.199233503028102,-0.15413,-0.005207));
#3641=CARTESIAN_POINT('',(0.269862751483125,-0.15413,-0.005207));
#3642=CARTESIAN_POINT('',(0.340491999938148,-0.15413,-0.005207));
#3643=CARTESIAN_POINT('',(0.340491999938148,-0.15413,-0.00520699987523009));
#3644=CARTESIAN_POINT('',(0.340492,-0.15413,0.006223));
#3645=CARTESIAN_POINT('',(0.340492,-0.14397,0.006223));
#3646=CARTESIAN_POINT('',(0.340492,-0.15413,-0.005207));
#3647=CARTESIAN_POINT('',(0.341824036580748,-0.15413,-0.005207));
#3648=CARTESIAN_POINT('',(0.34448847168916,-0.153598634408795,-0.00522590513529643));
#3649=CARTESIAN_POINT('',(0.347870423396246,-0.151334655625265,-0.00530418653172948));
#3650=CARTESIAN_POINT('',(0.35012700126644,-0.147947998275563,-0.0054222464141872));
#3651=CARTESIAN_POINT('',(0.350652000000002,-0.145296272592218,-0.00551470688167735));
#3652=CARTESIAN_POINT('',(0.350652,-0.143969999999982,-0.0055610209004595));
#3653=CARTESIAN_POINT('',(0.350652,-0.143969999938125,-0.00556102077780774));
#3654=CARTESIAN_POINT('',(0.350652,-0.143969999999982,0.006223));
#3655=CARTESIAN_POINT('',(0.350652,0.00511000000000006,0.006223));
#3656=CARTESIAN_POINT('',(0.350652,-0.143969999999982,-0.0055610209004595));
#3657=CARTESIAN_POINT('',(0.350652,-0.143955225879717,-0.0055615368228803));
#3658=CARTESIAN_POINT('',(0.350652,-0.143940451759452,-0.0055620527453011));
#3659=CARTESIAN_POINT('',(0.350652,-0.143925677639188,-0.0055625686677219));
#3660=CARTESIAN_POINT('',(0.350652,-0.143925677639212,-0.00556256866802513));
#3661=CARTESIAN_POINT('',(0.350652,-0.143925677639188,-0.0055625686677219));
#3662=CARTESIAN_POINT('',(0.350652,-0.097633785114867,-0.00717911717590046));
#3663=CARTESIAN_POINT('',(0.350652,-0.0513418925905465,-0.00879566568407903));
#3664=CARTESIAN_POINT('',(0.350652,-0.00505000006622598,-0.0104122141922576));
#3665=CARTESIAN_POINT('',(0.344302,-0.03799,-0.00393700000000015));
#3666=CARTESIAN_POINT('',(0.285812,-0.14778,-0.00393700000000007));
#3667=CARTESIAN_POINT('',(0.344302,-0.143209235805501,-0.00393700000000015));
#3668=CARTESIAN_POINT('',(0.321797,-0.058685,0.011303));
#3669=CARTESIAN_POINT('',(0.321797,-0.058685,0.011303));
#3670=CARTESIAN_POINT('',(0.321797,-0.069985,0.011303));
#3671=CARTESIAN_POINT('',(0.295997,-0.058685,0.011303));
#3672=CARTESIAN_POINT('',(0.295997,-0.058685,0.011303));
#3673=CARTESIAN_POINT('',(0.295997,-0.069985,0.011303));
#3674=CARTESIAN_POINT('',(0.295997,-0.069985,0.011303));
#3675=CARTESIAN_POINT('',(0.321797,-0.069985,0.011303));
#3676=CARTESIAN_POINT('',(0.315992,-0.05222,0.011303));
#3677=CARTESIAN_POINT('',(0.315992,-0.05222,0.011303));
#3678=CARTESIAN_POINT('',(0.292992,-0.05222,0.011303));
#3679=CARTESIAN_POINT('',(0.292992,-0.05222,0.011303));
#3680=CARTESIAN_POINT('',(0.335492,-0.00496999999999993,0.006223));
#3681=CARTESIAN_POINT('',(0.343532,-0.0049699999999999,0.006223));
#3682=CARTESIAN_POINT('',(0.343532,-0.0431226438930954,0.006223));
#3683=CARTESIAN_POINT('',(0.343532,-0.0324553054284811,0.006223));
#3684=CARTESIAN_POINT('',(0.344302,-0.03799,0.002948));
#3685=CARTESIAN_POINT('',(0.344302,-0.03799,0.002948));
#3686=CARTESIAN_POINT('',(0.343532,-0.0435246945715188,0.006223));
#3687=CARTESIAN_POINT('',(0.343532,-0.0431226438930954,0.006223));
#3688=CARTESIAN_POINT('',(0.343532,-0.100415305428481,0.006223));
#3689=CARTESIAN_POINT('',(0.344302,-0.10595,0.002948));
#3690=CARTESIAN_POINT('',(0.344302,-0.10595,0.002948));
#3691=CARTESIAN_POINT('',(0.343532,-0.111484694571518,0.006223));
#3692=CARTESIAN_POINT('',(0.343532,-0.0431226438930954,0.006223));
#3693=CARTESIAN_POINT('',(0.343532,-0.13897,0.006223));
#3694=CARTESIAN_POINT('',(0.335492,-0.13897,0.006223));
#3695=CARTESIAN_POINT('',(0.335492,-0.14701,0.006223));
#3696=CARTESIAN_POINT('',(0.335492,-0.14701,0.006223));
#3697=CARTESIAN_POINT('',(0.291346694571519,-0.14701,0.006223));
#3698=CARTESIAN_POINT('',(0.285812,-0.14778,0.002948));
#3699=CARTESIAN_POINT('',(0.290410382215519,-0.144605,0.00294799999999952));
#3700=CARTESIAN_POINT('',(0.290038141330883,-0.144065880042898,0.000288638970911518));
#3701=CARTESIAN_POINT('',(0.289562513952754,-0.143586123190348,-0.00207789682562868));
#3702=CARTESIAN_POINT('',(0.289026631966228,-0.143209235805502,-0.00393700000000017));
#3703=CARTESIAN_POINT('',(0.282885483470063,-0.144605,0.002948));
#3704=CARTESIAN_POINT('',(0.282597368033773,-0.143209235805502,-0.00393700000000022));
#3705=CARTESIAN_POINT('',(0.282061486047246,-0.143586123190348,-0.00207789682562875));
#3706=CARTESIAN_POINT('',(0.281585858669117,-0.144065880042898,0.00028863897091151));
#3707=CARTESIAN_POINT('',(0.281213617784482,-0.144605,0.00294799999999951));
#3708=CARTESIAN_POINT('',(0.285812,-0.14778,0.002948));
#3709=CARTESIAN_POINT('',(0.280277305428482,-0.14701,0.006223));
#3710=CARTESIAN_POINT('',(0.335492,-0.14701,0.006223));
#3711=CARTESIAN_POINT('',(0.175776694571519,-0.14701,0.006223));
#3712=CARTESIAN_POINT('',(0.170242,-0.14778,0.002948));
#3713=CARTESIAN_POINT('',(0.173938114581557,-0.143589,0.00294799999999991));
#3714=CARTESIAN_POINT('',(0.17345796924501,-0.143165551615443,0.000859221580861496));
#3715=CARTESIAN_POINT('',(0.172316257408541,-0.142461812160444,-0.00261217148593872));
#3716=CARTESIAN_POINT('',(0.17099956745563,-0.142206699036589,-0.00387058882080558));
#3717=CARTESIAN_POINT('',(0.170359515254634,-0.142193235805502,-0.00393700000000003));
#3718=CARTESIAN_POINT('',(0.170242,-0.14778,0.002948));
#3719=CARTESIAN_POINT('',(0.170124484745366,-0.142193235805502,-0.00393700000000004));
#3720=CARTESIAN_POINT('',(0.16948443254437,-0.142206699036589,-0.00387058882080571));
#3721=CARTESIAN_POINT('',(0.16816774259146,-0.142461812160444,-0.00261217148593896));
#3722=CARTESIAN_POINT('',(0.16702603075499,-0.143165551615443,0.000859221580861395));
#3723=CARTESIAN_POINT('',(0.166545885418443,-0.143589,0.00294799999999994));
#3724=CARTESIAN_POINT('',(0.0536324601979723,-0.143589,0.002948));
#3725=CARTESIAN_POINT('',(0.350016993074903,-0.00504963688959282,-0.0116829958146159));
#3726=CARTESIAN_POINT('',(0.350017006863389,-0.00509458904932508,-0.0116814363670555));
#3727=CARTESIAN_POINT('',(0.350145356561962,-0.00504959764861794,-0.0116829996438491));
#3728=CARTESIAN_POINT('',(0.350145370350448,-0.0050945498083502,-0.0116814401962887));
#3729=CARTESIAN_POINT('',(0.350371209853098,-0.00504391631371155,-0.0115212281897725));
#3730=CARTESIAN_POINT('',(0.350371223641583,-0.00508886847344381,-0.011519668742212));
#3731=CARTESIAN_POINT('',(0.350596119945711,-0.00502772283245052,-0.0110564284715009));
#3732=CARTESIAN_POINT('',(0.350596133734197,-0.00507267499218278,-0.0110548690239404));
#3733=CARTESIAN_POINT('',(0.350651986049888,-0.0050143011229388,-0.0106700323295744));
#3734=CARTESIAN_POINT('',(0.350651999838373,-0.00505925328267106,-0.0106684728820139));
#3735=CARTESIAN_POINT('',(0.350651969229137,-0.00500541092678148,-0.0104137660980032));
#3736=CARTESIAN_POINT('',(0.350651983017622,-0.00505036308651374,-0.0104122066504427));
#3737=CARTESIAN_POINT('',(0.350016999999982,-0.00504999982335912,-0.0116829832240359));
#3738=CARTESIAN_POINT('',(0.350145362294144,-0.00504995244668266,-0.0116829844212704));
#3739=CARTESIAN_POINT('',(0.350371211733117,-0.00504425502098867,-0.0115212128965999));
#3740=CARTESIAN_POINT('',(0.350596119599125,-0.00502802952514235,-0.0110564178991745));
#3741=CARTESIAN_POINT('',(0.350651985635692,-0.00501458381675935,-0.0106700256599095));
#3742=CARTESIAN_POINT('',(0.350651969311217,-0.0050056776189538,-0.010413761965697));
#3743=CARTESIAN_POINT('',(0.35001700000015,-0.00505000000003891,-0.0116829883158284));
#3744=CARTESIAN_POINT('',(0.350651982906305,-0.00505000018025119,-0.0104122192401223));
#3745=CARTESIAN_POINT('',(0.350651999731984,-0.00505890644165543,-0.0106684849143696));
#3746=CARTESIAN_POINT('',(0.350596133635199,-0.00507235224903753,-0.0110548802203104));
#3747=CARTESIAN_POINT('',(0.350371223552442,-0.00508857786079241,-0.0115196788239343));
#3748=CARTESIAN_POINT('',(0.350145370266234,-0.00509427526094572,-0.0116814497206871));
#3749=CARTESIAN_POINT('',(0.350017006781639,-0.00509432253454406,-0.011681445612792));
#3750=CARTESIAN_POINT('',(0.35001700000015,-0.00509432236081208,-0.0116814405448845));
#3751=CARTESIAN_POINT('',(0.350017,-0.00504999999999979,-0.0116829883158297));
#3752=CARTESIAN_POINT('',(0.350017,-0.00506477412027055,-0.0116824723921813));
#3753=CARTESIAN_POINT('',(0.350017,-0.00507954824054132,-0.0116819564685329));
#3754=CARTESIAN_POINT('',(0.350017,-0.00509432236081207,-0.0116814405448845));
#3755=CARTESIAN_POINT('',(0.350651903322784,-0.00500567763931616,-0.0104137619691929));
#3756=CARTESIAN_POINT('',(0.350641957408305,-0.00272580066502727,-0.0104933777850639));
#3757=CARTESIAN_POINT('',(0.349293331198935,0.00104698120134474,-0.0106253515241467));
#3758=CARTESIAN_POINT('',(0.345026285621368,0.00442077005739674,-0.0107436064947474));
#3759=CARTESIAN_POINT('',(0.342005297794414,0.00511000000000008,-0.0107677833338659));
#3760=CARTESIAN_POINT('',(0.340492,0.00511000000000008,-0.0107677833338659));
#3761=CARTESIAN_POINT('',(0.350651929363255,-0.00501164683092132,-0.0105846972518924));
#3762=CARTESIAN_POINT('',(0.350643309399195,-0.00273175558636037,-0.0106636215272883));
#3763=CARTESIAN_POINT('',(0.349296696771216,0.00104282890741552,-0.0107945342783983));
#3764=CARTESIAN_POINT('',(0.345028868068996,0.00441991713184318,-0.0109118112472837));
#3765=CARTESIAN_POINT('',(0.342006155618739,0.00511000000000008,-0.0109358245015769));
#3766=CARTESIAN_POINT('',(0.340492,0.00511000000000008,-0.0109358245015769));
#3767=CARTESIAN_POINT('',(0.350616284800494,-0.00502474676829741,-0.0109598303765842));
#3768=CARTESIAN_POINT('',(0.350610612848995,-0.00275280268267181,-0.0110379503550251));
#3769=CARTESIAN_POINT('',(0.34927330449795,0.00101228567638683,-0.0111675293446837));
#3770=CARTESIAN_POINT('',(0.345018677171763,0.0043848940064183,-0.0112837048226183));
#3771=CARTESIAN_POINT('',(0.342002782243982,0.00507431174557267,-0.0113074684867357));
#3772=CARTESIAN_POINT('',(0.340492,0.00507431174557267,-0.0113074684867357));
#3773=CARTESIAN_POINT('',(0.350440254485313,-0.00504049252733626,-0.0114107299205525));
#3774=CARTESIAN_POINT('',(0.350437728386413,-0.00280800650524599,-0.0114882495702356));
#3775=CARTESIAN_POINT('',(0.349128489829061,0.000895559377670289,-0.0116169162796037));
#3776=CARTESIAN_POINT('',(0.344946002383499,0.00421728680286503,-0.0117323398329082));
#3777=CARTESIAN_POINT('',(0.341978553776391,0.00489659547920574,-0.0117559621060747));
#3778=CARTESIAN_POINT('',(0.340492,0.00489659547920574,-0.0117559621060747));
#3779=CARTESIAN_POINT('',(0.350217930488196,-0.00504862364412439,-0.0116435746403706));
#3780=CARTESIAN_POINT('',(0.350217067810232,-0.00286606464570751,-0.0117197939615843));
#3781=CARTESIAN_POINT('',(0.348939439412288,0.000756979896166082,-0.0118463326021273));
#3782=CARTESIAN_POINT('',(0.344849600243182,0.00400846327487832,-0.0119598966083137));
#3783=CARTESIAN_POINT('',(0.341946338110333,0.00467370742514116,-0.0119831359752488));
#3784=CARTESIAN_POINT('',(0.340492,0.00467370742514116,-0.0119831359752488));
#3785=CARTESIAN_POINT('',(0.350081149568655,-0.00504999999999992,-0.0116829883158297));
#3786=CARTESIAN_POINT('',(0.350080904034148,-0.00289798284833132,-0.0117581331054731));
#3787=CARTESIAN_POINT('',(0.348822385888045,0.000674800227697463,-0.0118829036154509));
#3788=CARTESIAN_POINT('',(0.344789520429265,0.0038822571393545,-0.0119949025465499));
#3789=CARTESIAN_POINT('',(0.341926356031932,0.00453836387543243,-0.0120178213605267));
#3790=CARTESIAN_POINT('',(0.340492,0.00453836387543243,-0.0120178213605267));
#3791=CARTESIAN_POINT('',(0.350017,-0.00504999999999992,-0.0116829883158297));
#3792=CARTESIAN_POINT('',(0.350017,-0.00291242144447729,-0.0117576342038376));
#3793=CARTESIAN_POINT('',(0.348767164609696,0.000636882681611734,-0.0118815786350809));
#3794=CARTESIAN_POINT('',(0.344761228274795,0.0038234317247951,-0.0119928553796921));
#3795=CARTESIAN_POINT('',(0.341916878763744,0.00447538682484294,-0.0120156221534598));
#3796=CARTESIAN_POINT('',(0.340492,0.00447538682484294,-0.0120156221534598));
#3797=CARTESIAN_POINT('',(0.340492,0.00447538682499028,-0.0120156221534649));
#3798=CARTESIAN_POINT('',(0.340492,0.00462233327635777,-0.012020753636549));
#3799=CARTESIAN_POINT('',(0.340492,0.00497908997360639,-0.0117723560118394));
#3800=CARTESIAN_POINT('',(0.340492,0.00511000000000008,-0.01106185537731));
#3801=CARTESIAN_POINT('',(0.340492,0.00511000000000008,-0.0107677833338659));
#3802=CARTESIAN_POINT('',(0.340491998896604,0.00447538682498997,-0.0120156221534649));
#3803=CARTESIAN_POINT('',(0.340492,0.00447538682484304,-0.0120156221534598));
#3804=CARTESIAN_POINT('',(0.341738768918276,0.00447538682484304,-0.0120156221534598));
#3805=CARTESIAN_POINT('',(0.344227099664649,0.00397730272720546,-0.0119982286734987));
#3806=CARTESIAN_POINT('',(0.348466284613074,0.00115682211839327,-0.0118997353203024));
#3807=CARTESIAN_POINT('',(0.350017,-0.0025561583518901,-0.0117700751851723));
#3808=CARTESIAN_POINT('',(0.350017,-0.00504999999999979,-0.0116829883158297));
#3809=CARTESIAN_POINT('',(0.340492,0.00511000000000008,-0.0107571932048918));
#3810=CARTESIAN_POINT('',(0.128604254573079,0.00511000000000008,-0.0107571932048918));
#3811=CARTESIAN_POINT('',(0.340492,0.00511000000000008,-0.0110547947196165));
#3812=CARTESIAN_POINT('',(0.128604254573079,0.00511000000000008,-0.0110547947196165));
#3813=CARTESIAN_POINT('',(0.340492,0.00498085469257073,-0.0117759438151803));
#3814=CARTESIAN_POINT('',(0.128604254573079,0.00498085469257073,-0.0117759438151803));
#3815=CARTESIAN_POINT('',(0.340492,0.00461880681216565,-0.0120206304897776));
#3816=CARTESIAN_POINT('',(0.128604254573079,0.00461880681216565,-0.0120206304897776));
#3817=CARTESIAN_POINT('',(0.340492,0.00447009670020423,-0.0120154374182367));
#3818=CARTESIAN_POINT('',(0.128604254573079,0.00447009670020423,-0.0120154374182367));
#3819=CARTESIAN_POINT('',(0.128604254573079,0.00447538682484304,-0.0120156221534598));
#3820=CARTESIAN_POINT('',(0.199233502680921,0.00447538682484304,-0.0120156221534598));
#3821=CARTESIAN_POINT('',(0.269862750788762,0.00447538682484304,-0.0120156221534598));
#3822=CARTESIAN_POINT('',(0.340491998896604,0.00447538682484304,-0.0120156221534598));
#3823=CARTESIAN_POINT('',(0.340492,-0.153495386824842,-0.0064991611804061));
#3824=CARTESIAN_POINT('',(0.128604254594121,-0.153495386824843,-0.0064991611804061));
#3825=CARTESIAN_POINT('',(0.340492,-0.153647554329723,-0.00649384737404403));
#3826=CARTESIAN_POINT('',(0.128604254594121,-0.153647554329723,-0.00649384737404403));
#3827=CARTESIAN_POINT('',(0.340492,-0.1540018810474,-0.00622603262704905));
#3828=CARTESIAN_POINT('',(0.128604254594121,-0.1540018810474,-0.00622603262704905));
#3829=CARTESIAN_POINT('',(0.340492,-0.154129999999968,-0.0055115205157265));
#3830=CARTESIAN_POINT('',(0.128604254594121,-0.154129999999968,-0.0055115205157265));
#3831=CARTESIAN_POINT('',(0.340492,-0.15413,-0.00520700000026668));
#3832=CARTESIAN_POINT('',(0.128604254594121,-0.15413,-0.00520700000026668));
#3833=CARTESIAN_POINT('',(0.340492,-0.153495386824842,-0.00649916118040609));
#3834=CARTESIAN_POINT('',(0.26986275152436,-0.153495386824842,-0.00649916118040609));
#3835=CARTESIAN_POINT('',(0.19923350304872,-0.153495386824842,-0.00649916118040609));
#3836=CARTESIAN_POINT('',(0.128604254573079,-0.153495386824842,-0.00649916118040609));
#3837=CARTESIAN_POINT('',(0.34049199999996,-0.153495386824995,-0.00649916118040077));
#3838=CARTESIAN_POINT('',(0.340492,-0.15413,-0.005207));
#3839=CARTESIAN_POINT('',(0.340492,-0.15413,-0.0055115205154752));
#3840=CARTESIAN_POINT('',(0.340492,-0.154001881041392,-0.00622603283131739));
#3841=CARTESIAN_POINT('',(0.340492,-0.153647554329745,-0.0064938473740433));
#3842=CARTESIAN_POINT('',(0.340492,-0.153495386824842,-0.00649916118040608));
#3843=CARTESIAN_POINT('',(0.340492,-0.15413,-0.005207));
#3844=CARTESIAN_POINT('',(0.342775491281281,-0.15413,-0.005207));
#3845=CARTESIAN_POINT('',(0.346566326535602,-0.152791702477677,-0.00525351013798759));
#3846=CARTESIAN_POINT('',(0.349960254594619,-0.148514624251858,-0.00540242879680144));
#3847=CARTESIAN_POINT('',(0.350652,-0.145485740105394,-0.00550809059328085));
#3848=CARTESIAN_POINT('',(0.350652,-0.143969999999982,-0.00556102090045917));
#3849=CARTESIAN_POINT('',(0.340492,-0.15413,-0.00538101172312953));
#3850=CARTESIAN_POINT('',(0.342774131303465,-0.15413,-0.00538101172312953));
#3851=CARTESIAN_POINT('',(0.346563077259048,-0.152793454258964,-0.00542693338822374));
#3852=CARTESIAN_POINT('',(0.349957719000803,-0.148519776339223,-0.0055746082945699));
#3853=CARTESIAN_POINT('',(0.350651559825714,-0.14549170024858,-0.00567905719846238));
#3854=CARTESIAN_POINT('',(0.350652,-0.143975969646038,-0.00573196919694823));
#3855=CARTESIAN_POINT('',(0.340492,-0.154094237496193,-0.00575986493070908));
#3856=CARTESIAN_POINT('',(0.342763199884152,-0.154094237496193,-0.00575986493070908));
#3857=CARTESIAN_POINT('',(0.346534526834904,-0.152766236300541,-0.00580483298371861));
#3858=CARTESIAN_POINT('',(0.349918848584792,-0.148514943081682,-0.00595106344433554));
#3859=CARTESIAN_POINT('',(0.350614605438828,-0.14549931304477,-0.00605381050903203));
#3860=CARTESIAN_POINT('',(0.350616187730403,-0.143988909142504,-0.0061069817018379));
#3861=CARTESIAN_POINT('',(0.340492,-0.153920126831519,-0.00621387268923408));
#3862=CARTESIAN_POINT('',(0.342720666941459,-0.153920126831519,-0.00621387268923408));
#3863=CARTESIAN_POINT('',(0.346421843605446,-0.152619077776654,-0.00625831108102537));
#3864=CARTESIAN_POINT('',(0.34974905528412,-0.148449382590531,-0.00640333193896791));
#3865=CARTESIAN_POINT('',(0.350436955861694,-0.145488031424275,-0.0065050719490204));
#3866=CARTESIAN_POINT('',(0.350440256722817,-0.144003895075509,-0.00655810065462346));
#3867=CARTESIAN_POINT('',(0.340492,-0.153698592641573,-0.0064526198328377));
#3868=CARTESIAN_POINT('',(0.342669181441097,-0.153698592641573,-0.0064526198328377));
#3869=CARTESIAN_POINT('',(0.346284877756655,-0.152428621554206,-0.0064965137300592));
#3870=CARTESIAN_POINT('',(0.349538719822483,-0.148356228619221,-0.0066389122237124));
#3871=CARTESIAN_POINT('',(0.350213044681217,-0.145462023905826,-0.00673930058438059));
#3872=CARTESIAN_POINT('',(0.350217859948015,-0.144011054898358,-0.00679091381751388));
#3873=CARTESIAN_POINT('',(0.340492,-0.153560601469801,-0.00649688383482202));
#3874=CARTESIAN_POINT('',(0.342638037392369,-0.153560601469801,-0.00649688383482202));
#3875=CARTESIAN_POINT('',(0.346201542017451,-0.152309424000084,-0.00654042359528494));
#3876=CARTESIAN_POINT('',(0.349410229374601,-0.148295635756875,-0.00668065043414));
#3877=CARTESIAN_POINT('',(0.350075321124963,-0.145442497663993,-0.00678004245870097));
#3878=CARTESIAN_POINT('',(0.35008106320213,-0.144011834718364,-0.00683033411747942));
#3879=CARTESIAN_POINT('',(0.340492,-0.153495386824842,-0.00649916118040608));
#3880=CARTESIAN_POINT('',(0.342623382393973,-0.153495386824842,-0.00649916118040608));
#3881=CARTESIAN_POINT('',(0.346162542998744,-0.152252820561024,-0.00654255255048311));
#3882=CARTESIAN_POINT('',(0.34934992299471,-0.148266560479779,-0.00668175581991441));
#3883=CARTESIAN_POINT('',(0.350010709982112,-0.145432636387154,-0.00678071862991009));
#3884=CARTESIAN_POINT('',(0.350016909359475,-0.14401155519213,-0.00683034387875061));
#3885=CARTESIAN_POINT('',(0.350651982139816,-0.143969999985659,-0.00556102089777297));
#3886=CARTESIAN_POINT('',(0.350651982443046,-0.143978572090498,-0.00581730209800751));
#3887=CARTESIAN_POINT('',(0.35059609963116,-0.143991454958943,-0.00620370644226234));
#3888=CARTESIAN_POINT('',(0.350371178115123,-0.144006753281227,-0.00666854075739696));
#3889=CARTESIAN_POINT('',(0.350145324712953,-0.144011845854747,-0.00683033372911579));
#3890=CARTESIAN_POINT('',(0.350016959907321,-0.144011555232369,-0.00683034387786784));
#3891=CARTESIAN_POINT('',(0.350016909359625,-0.14401155519213,-0.00683034387875058));
#3892=CARTESIAN_POINT('',(0.350016909359475,-0.14401155519213,-0.0068303438787506));
#3893=CARTESIAN_POINT('',(0.350011484904283,-0.145255001237776,-0.00678692178601515));
#3894=CARTESIAN_POINT('',(0.349505274320261,-0.147734540978993,-0.00670033435026647));
#3895=CARTESIAN_POINT('',(0.346681171001588,-0.151953790858304,-0.006552994897803));
#3896=CARTESIAN_POINT('',(0.342978612792968,-0.153495386824842,-0.00649916118040609));
#3897=CARTESIAN_POINT('',(0.340492,-0.153495386824842,-0.00649916118040609));
#3898=CARTESIAN_POINT('',(0.350007700499487,-0.143969221364528,-0.00683182220801139));
#3899=CARTESIAN_POINT('',(0.350007664765614,-0.144014075565129,-0.00683025586597399));
#3900=CARTESIAN_POINT('',(0.350136839882605,-0.143969324120345,-0.00683181861969937));
#3901=CARTESIAN_POINT('',(0.350136804148731,-0.144014178320946,-0.00683025227766197));
#3902=CARTESIAN_POINT('',(0.350367555116422,-0.143964136121325,-0.00667799016037951));
#3903=CARTESIAN_POINT('',(0.350367519382548,-0.144008990321926,-0.00667642381834211));
#3904=CARTESIAN_POINT('',(0.350595433849969,-0.14394790531838,-0.00620800172885074));
#3905=CARTESIAN_POINT('',(0.350595398116096,-0.143992759518981,-0.00620643538681334));
#3906=CARTESIAN_POINT('',(0.35065201766476,-0.143934414779289,-0.00582039205767417));
#3907=CARTESIAN_POINT('',(0.350651981930886,-0.143979268979889,-0.00581882571563677));
#3908=CARTESIAN_POINT('',(0.350652017661829,-0.143925411719054,-0.0055625779531975));
#3909=CARTESIAN_POINT('',(0.350651981927956,-0.143970265919655,-0.0055610116111601));
#3910=CARTESIAN_POINT('',(0.350017,-0.143969999999977,-0.00683179501740101));
#3911=CARTESIAN_POINT('',(0.350145364206379,-0.143970059926291,-0.00683178993660893));
#3912=CARTESIAN_POINT('',(0.35037121458127,-0.14396450610961,-0.00667001140845707));
#3913=CARTESIAN_POINT('',(0.350596134505662,-0.143948285482068,-0.00620521106359383));
#3914=CARTESIAN_POINT('',(0.350652017385789,-0.14393471089974,-0.0058188325995827));
#3915=CARTESIAN_POINT('',(0.350652017449969,-0.14392567765305,-0.00556256866658463));
#3916=CARTESIAN_POINT('',(0.35001700000015,-0.143969999999961,-0.00683179501803752));
#3917=CARTESIAN_POINT('',(0.350017,-0.14397,-0.00683179501803615));
#3918=CARTESIAN_POINT('',(0.350017,-0.143983851774655,-0.00683131130340637));
#3919=CARTESIAN_POINT('',(0.350016969786395,-0.14399770354931,-0.00683082758877658));
#3920=CARTESIAN_POINT('',(0.350016909359475,-0.14401155519213,-0.0068303438787506));
#3921=CARTESIAN_POINT('',(0.350017,-0.00509432236081206,-0.0116814405448845));
#3922=CARTESIAN_POINT('',(0.350017,-0.14397,-0.00683179501803616));
#3923=CARTESIAN_POINT('',(0.350166670935317,-0.00509432236081206,-0.0116814405448845));
#3924=CARTESIAN_POINT('',(0.350166670935317,-0.14397,-0.00683179501803616));
#3925=CARTESIAN_POINT('',(0.350522440440231,-0.0050853156276801,-0.0114235214536617));
#3926=CARTESIAN_POINT('',(0.350522440440231,-0.143960993266868,-0.00657387592681336));
#3927=CARTESIAN_POINT('',(0.350651999999948,-0.00506044688064344,-0.0107113737146979));
#3928=CARTESIAN_POINT('',(0.350651999999948,-0.143936124519831,-0.00586172818784953));
#3929=CARTESIAN_POINT('',(0.350652,-0.0050500000000149,-0.0104122141949982));
#3930=CARTESIAN_POINT('',(0.350652,-0.143925677639203,-0.00556256866814988));
#3931=CARTESIAN_POINT('',(0.350017,-0.00509432236081207,-0.0116814405448845));
#3932=CARTESIAN_POINT('',(0.350017,-0.051386214907208,-0.010064892035935));
#3933=CARTESIAN_POINT('',(0.350017,-0.0976781074536038,-0.0084483435269856));
#3934=CARTESIAN_POINT('',(0.350017,-0.14397,-0.00683179501803615));
#3935=CARTESIAN_POINT('',(0.344302,-0.03799,-0.00393700000000015));
#3936=CARTESIAN_POINT('',(0.339652428503938,-0.037141319792386,-0.0105623347346739));
#3937=CARTESIAN_POINT('',(0.339578285748031,-0.0379899999999999,-0.0105326981687716));
#3938=CARTESIAN_POINT('',(0.339652428503938,-0.0388386802076138,-0.0105030616028693));
#3939=CARTESIAN_POINT('',(0.339983442070793,-0.0400211672231317,-0.0104617682463734));
#3940=CARTESIAN_POINT('',(0.340880750442787,-0.0414112495572129,-0.0104132255016104));
#3941=CARTESIAN_POINT('',(0.342270832776868,-0.0423085579292069,-0.010381890802789));
#3942=CARTESIAN_POINT('',(0.343453319792386,-0.0426395714960617,-0.0103703315543222));
#3943=CARTESIAN_POINT('',(0.344302,-0.042713714251969,-0.0103677424322337));
#3944=CARTESIAN_POINT('',(0.345150680207614,-0.0426395714960617,-0.0103703315543222));
#3945=CARTESIAN_POINT('',(0.346333167223132,-0.042308557929207,-0.010381890802789));
#3946=CARTESIAN_POINT('',(0.347723249557213,-0.0414112495572129,-0.0104132255016104));
#3947=CARTESIAN_POINT('',(0.348620557929207,-0.0400211672231316,-0.0104617682463734));
#3948=CARTESIAN_POINT('',(0.348951571496062,-0.0388386802076138,-0.0105030616028693));
#3949=CARTESIAN_POINT('',(0.349025714251969,-0.0379899999999999,-0.0105326981687716));
#3950=CARTESIAN_POINT('',(0.348951571496062,-0.037141319792386,-0.0105623347346739));
#3951=CARTESIAN_POINT('',(0.348620557929207,-0.0359588327768681,-0.0106036280911697));
#3952=CARTESIAN_POINT('',(0.347723249557213,-0.0345687504427869,-0.0106521708359328));
#3953=CARTESIAN_POINT('',(0.346333167223132,-0.0336714420707928,-0.0106835055347542));
#3954=CARTESIAN_POINT('',(0.345150680207614,-0.0333404285039381,-0.0106950647832209));
#3955=CARTESIAN_POINT('',(0.344302,-0.0332662857480308,-0.0106976539053095));
#3956=CARTESIAN_POINT('',(0.343453319792386,-0.0333404285039381,-0.010695064783221));
#3957=CARTESIAN_POINT('',(0.342270832776868,-0.0336714420707928,-0.0106835055347542));
#3958=CARTESIAN_POINT('',(0.340880750442787,-0.0345687504427869,-0.0106521708359328));
#3959=CARTESIAN_POINT('',(0.339983442070793,-0.0359588327768681,-0.0106036280911697));
#3960=CARTESIAN_POINT('',(0.339652428503938,-0.037141319792386,-0.0105623347346739));
#3961=CARTESIAN_POINT('',(0.339578285748031,-0.0379899999999999,-0.0105326981687716));
#3962=CARTESIAN_POINT('',(0.339652428503938,-0.0388386802076138,-0.0105030616028693));
#3963=CARTESIAN_POINT('',(0.339603,-0.0379899999999999,-0.0105326981687716));
#3964=CARTESIAN_POINT('',(0.285812,-0.14778,-0.00393700000000015));
#3965=CARTESIAN_POINT('',(0.281162428503938,-0.146931319792386,-0.00672838345217489));
#3966=CARTESIAN_POINT('',(0.281088285748031,-0.14778,-0.00669874688627259));
#3967=CARTESIAN_POINT('',(0.281162428503938,-0.148628680207614,-0.0066691103203703));
#3968=CARTESIAN_POINT('',(0.281493442070793,-0.149811167223131,-0.00662781696387441));
#3969=CARTESIAN_POINT('',(0.282390750442787,-0.151201249557213,-0.00657927421911142));
#3970=CARTESIAN_POINT('',(0.283780832776868,-0.152098557929207,-0.00654793952028999));
#3971=CARTESIAN_POINT('',(0.284963319792386,-0.152429571496061,-0.00653638027182322));
#3972=CARTESIAN_POINT('',(0.285812,-0.152503714251969,-0.00653379114973469));
#3973=CARTESIAN_POINT('',(0.286660680207614,-0.152429571496061,-0.00653638027182322));
#3974=CARTESIAN_POINT('',(0.287843167223132,-0.152098557929207,-0.00654793952028999));
#3975=CARTESIAN_POINT('',(0.289233249557213,-0.151201249557213,-0.00657927421911142));
#3976=CARTESIAN_POINT('',(0.290130557929207,-0.149811167223131,-0.00662781696387442));
#3977=CARTESIAN_POINT('',(0.290461571496062,-0.148628680207614,-0.0066691103203703));
#3978=CARTESIAN_POINT('',(0.290535714251969,-0.14778,-0.00669874688627259));
#3979=CARTESIAN_POINT('',(0.290461571496062,-0.146931319792386,-0.00672838345217489));
#3980=CARTESIAN_POINT('',(0.290130557929207,-0.145748832776868,-0.00676967680867077));
#3981=CARTESIAN_POINT('',(0.289233249557213,-0.144358750442787,-0.00681821955343378));
#3982=CARTESIAN_POINT('',(0.287843167223132,-0.143461442070793,-0.00684955425225519));
#3983=CARTESIAN_POINT('',(0.286660680207614,-0.143130428503938,-0.00686111350072197));
#3984=CARTESIAN_POINT('',(0.285812,-0.143056285748031,-0.00686370262281049));
#3985=CARTESIAN_POINT('',(0.284963319792386,-0.143130428503938,-0.00686111350072197));
#3986=CARTESIAN_POINT('',(0.283780832776868,-0.143461442070793,-0.00684955425225519));
#3987=CARTESIAN_POINT('',(0.282390750442787,-0.144358750442787,-0.00681821955343378));
#3988=CARTESIAN_POINT('',(0.281493442070793,-0.145748832776868,-0.00676967680867077));
#3989=CARTESIAN_POINT('',(0.281162428503938,-0.146931319792386,-0.00672838345217489));
#3990=CARTESIAN_POINT('',(0.281088285748031,-0.14778,-0.00669874688627259));
#3991=CARTESIAN_POINT('',(0.281162428503938,-0.148628680207614,-0.0066691103203703));
#3992=CARTESIAN_POINT('',(0.281113,-0.14778,-0.0066987468862726));
#3993=CARTESIAN_POINT('',(0.170241999018194,-0.14778,-0.00393700000000015));
#3994=CARTESIAN_POINT('',(0.165592427522132,-0.146931319792386,-0.00672838345217489));
#3995=CARTESIAN_POINT('',(0.165518284766224,-0.14778,-0.00669874688627259));
#3996=CARTESIAN_POINT('',(0.165592427522132,-0.148628680207614,-0.0066691103203703));
#3997=CARTESIAN_POINT('',(0.165923441088986,-0.149811167223131,-0.00662781696387441));
#3998=CARTESIAN_POINT('',(0.16682074946098,-0.151201249557213,-0.00657927421911142));
#3999=CARTESIAN_POINT('',(0.168210831795062,-0.152098557929207,-0.00654793952028999));
#4000=CARTESIAN_POINT('',(0.16939331881058,-0.152429571496061,-0.00653638027182322));
#4001=CARTESIAN_POINT('',(0.170241999018193,-0.152503714251969,-0.00653379114973469));
#4002=CARTESIAN_POINT('',(0.171090679225807,-0.152429571496061,-0.00653638027182322));
#4003=CARTESIAN_POINT('',(0.172273166241325,-0.152098557929207,-0.00654793952028999));
#4004=CARTESIAN_POINT('',(0.173663248575407,-0.151201249557213,-0.00657927421911142));
#4005=CARTESIAN_POINT('',(0.174560556947401,-0.149811167223131,-0.00662781696387442));
#4006=CARTESIAN_POINT('',(0.174891570514255,-0.148628680207614,-0.0066691103203703));
#4007=CARTESIAN_POINT('',(0.174965713270163,-0.14778,-0.00669874688627259));
#4008=CARTESIAN_POINT('',(0.174891570514255,-0.146931319792386,-0.00672838345217489));
#4009=CARTESIAN_POINT('',(0.174560556947401,-0.145748832776868,-0.00676967680867077));
#4010=CARTESIAN_POINT('',(0.173663248575407,-0.144358750442787,-0.00681821955343378));
#4011=CARTESIAN_POINT('',(0.172273166241325,-0.143461442070793,-0.00684955425225519));
#4012=CARTESIAN_POINT('',(0.171090679225807,-0.143130428503938,-0.00686111350072197));
#4013=CARTESIAN_POINT('',(0.170241999018193,-0.143056285748031,-0.00686370262281049));
#4014=CARTESIAN_POINT('',(0.16939331881058,-0.143130428503938,-0.00686111350072197));
#4015=CARTESIAN_POINT('',(0.168210831795062,-0.143461442070793,-0.00684955425225519));
#4016=CARTESIAN_POINT('',(0.166820749460981,-0.144358750442787,-0.00681821955343378));
#4017=CARTESIAN_POINT('',(0.165923441088986,-0.145748832776868,-0.00676967680867077));
#4018=CARTESIAN_POINT('',(0.165592427522132,-0.146931319792386,-0.00672838345217489));
#4019=CARTESIAN_POINT('',(0.165518284766224,-0.14778,-0.00669874688627259));
#4020=CARTESIAN_POINT('',(0.165592427522132,-0.148628680207614,-0.0066691103203703));
#4021=CARTESIAN_POINT('',(0.165542999018193,-0.14778,-0.0066987468862726));
#4022=CARTESIAN_POINT('',(0.320742,-0.00421999999999991,-0.00393700000000015));
#4023=CARTESIAN_POINT('',(0.316092428503938,-0.00337131979238589,-0.0117416091204102));
#4024=CARTESIAN_POINT('',(0.316018285748031,-0.0042199999999998,-0.0117119725545079));
#4025=CARTESIAN_POINT('',(0.316092428503938,-0.00506868020761377,-0.0116823359886056));
#4026=CARTESIAN_POINT('',(0.316423442070793,-0.00625116722313161,-0.0116410426321097));
#4027=CARTESIAN_POINT('',(0.317320750442787,-0.00764124955721292,-0.0115924998873467));
#4028=CARTESIAN_POINT('',(0.318710832776868,-0.00853855792920695,-0.0115611651885253));
#4029=CARTESIAN_POINT('',(0.319893319792386,-0.0088695714960616,-0.0115496059400585));
#4030=CARTESIAN_POINT('',(0.320742,-0.00894371425196898,-0.01154701681797));
#4031=CARTESIAN_POINT('',(0.321590680207614,-0.0088695714960616,-0.0115496059400585));
#4032=CARTESIAN_POINT('',(0.322773167223132,-0.00853855792920695,-0.0115611651885253));
#4033=CARTESIAN_POINT('',(0.324163249557213,-0.00764124955721292,-0.0115924998873467));
#4034=CARTESIAN_POINT('',(0.325060557929207,-0.00625116722313161,-0.0116410426321097));
#4035=CARTESIAN_POINT('',(0.325391571496062,-0.00506868020761377,-0.0116823359886056));
#4036=CARTESIAN_POINT('',(0.325465714251969,-0.00421999999999979,-0.0117119725545079));
#4037=CARTESIAN_POINT('',(0.325391571496062,-0.00337131979238592,-0.0117416091204102));
#4038=CARTESIAN_POINT('',(0.325060557929207,-0.00218883277686806,-0.0117829024769061));
#4039=CARTESIAN_POINT('',(0.324163249557213,-0.000798750442786849,-0.0118314452216691));
#4040=CARTESIAN_POINT('',(0.322773167223132,9.85579292072391E-5,-0.0118627799204905));
#4041=CARTESIAN_POINT('',(0.321590680207614,0.000429571496061954,-0.0118743391689573));
#4042=CARTESIAN_POINT('',(0.320742,0.000503714251969342,-0.0118769282910458));
#4043=CARTESIAN_POINT('',(0.319893319792386,0.000429571496061968,-0.0118743391689573));
#4044=CARTESIAN_POINT('',(0.318710832776868,9.855792920727E-5,-0.0118627799204905));
#4045=CARTESIAN_POINT('',(0.317320750442787,-0.000798750442786782,-0.0118314452216691));
#4046=CARTESIAN_POINT('',(0.316423442070793,-0.00218883277686802,-0.0117829024769061));
#4047=CARTESIAN_POINT('',(0.316092428503938,-0.00337131979238589,-0.0117416091204102));
#4048=CARTESIAN_POINT('',(0.316018285748031,-0.0042199999999998,-0.0117119725545079));
#4049=CARTESIAN_POINT('',(0.316092428503938,-0.00506868020761377,-0.0116823359886056));
#4050=CARTESIAN_POINT('',(0.316043,-0.00421999999999981,-0.0117119725545079));
#4051=CARTESIAN_POINT('',(0.320742,-0.00421999999999991,-0.00393700000000015));
#4052=CARTESIAN_POINT('',(0.316043,-0.00421999999999991,-0.00393700000000015));
#4053=CARTESIAN_POINT('',(0.344302,-0.10595,-0.00393700000000015));
#4054=CARTESIAN_POINT('',(0.339652428503938,-0.105101319792386,-0.0081891192400147));
#4055=CARTESIAN_POINT('',(0.339578285748031,-0.10595,-0.00815948267411241));
#4056=CARTESIAN_POINT('',(0.339652428503938,-0.106798680207614,-0.00812984610821012));
#4057=CARTESIAN_POINT('',(0.339983442070793,-0.107981167223131,-0.00808855275171423));
#4058=CARTESIAN_POINT('',(0.340880750442787,-0.109371249557213,-0.00804001000695123));
#4059=CARTESIAN_POINT('',(0.342270832776868,-0.110268557929207,-0.00800867530812981));
#4060=CARTESIAN_POINT('',(0.343453319792386,-0.110599571496061,-0.00799711605966304));
#4061=CARTESIAN_POINT('',(0.344302,-0.110673714251969,-0.00799452693757451));
#4062=CARTESIAN_POINT('',(0.345150680207614,-0.110599571496061,-0.00799711605966304));
#4063=CARTESIAN_POINT('',(0.346333167223132,-0.110268557929207,-0.00800867530812981));
#4064=CARTESIAN_POINT('',(0.347723249557213,-0.109371249557213,-0.00804001000695123));
#4065=CARTESIAN_POINT('',(0.348620557929207,-0.107981167223131,-0.00808855275171423));
#4066=CARTESIAN_POINT('',(0.348951571496062,-0.106798680207614,-0.00812984610821011));
#4067=CARTESIAN_POINT('',(0.349025714251969,-0.10595,-0.00815948267411241));
#4068=CARTESIAN_POINT('',(0.348951571496062,-0.105101319792386,-0.0081891192400147));
#4069=CARTESIAN_POINT('',(0.348620557929207,-0.103918832776868,-0.00823041259651059));
#4070=CARTESIAN_POINT('',(0.347723249557213,-0.102528750442787,-0.00827895534127359));
#4071=CARTESIAN_POINT('',(0.346333167223132,-0.101631442070793,-0.008310290040095));
#4072=CARTESIAN_POINT('',(0.345150680207614,-0.101300428503938,-0.00832184928856178));
#4073=CARTESIAN_POINT('',(0.344302,-0.101226285748031,-0.0083244384106503));
#4074=CARTESIAN_POINT('',(0.343453319792386,-0.101300428503938,-0.00832184928856178));
#4075=CARTESIAN_POINT('',(0.342270832776868,-0.101631442070793,-0.008310290040095));
#4076=CARTESIAN_POINT('',(0.340880750442787,-0.102528750442787,-0.00827895534127359));
#4077=CARTESIAN_POINT('',(0.339983442070793,-0.103918832776868,-0.00823041259651058));
#4078=CARTESIAN_POINT('',(0.339652428503938,-0.105101319792386,-0.0081891192400147));
#4079=CARTESIAN_POINT('',(0.339578285748031,-0.10595,-0.00815948267411241));
#4080=CARTESIAN_POINT('',(0.339652428503938,-0.106798680207614,-0.00812984610821012));
#4081=CARTESIAN_POINT('',(0.339603,-0.10595,-0.00815948267411241));
#4082=CARTESIAN_POINT('',(0.151992,-0.00421999999999991,-0.00393700000000015));
#4083=CARTESIAN_POINT('',(0.147342428503938,-0.00337131979238593,-0.0117416091204102));
#4084=CARTESIAN_POINT('',(0.147268285748031,-0.00421999999999979,-0.0117119725545079));
#4085=CARTESIAN_POINT('',(0.147342428503938,-0.00506868020761377,-0.0116823359886056));
#4086=CARTESIAN_POINT('',(0.147673442070793,-0.00625116722313161,-0.0116410426321097));
#4087=CARTESIAN_POINT('',(0.148570750442787,-0.00764124955721293,-0.0115924998873467));
#4088=CARTESIAN_POINT('',(0.149960832776868,-0.00853855792920695,-0.0115611651885253));
#4089=CARTESIAN_POINT('',(0.151143319792386,-0.0088695714960616,-0.0115496059400585));
#4090=CARTESIAN_POINT('',(0.151992,-0.00894371425196898,-0.01154701681797));
#4091=CARTESIAN_POINT('',(0.152840680207614,-0.0088695714960616,-0.0115496059400585));
#4092=CARTESIAN_POINT('',(0.154023167223132,-0.00853855792920695,-0.0115611651885253));
#4093=CARTESIAN_POINT('',(0.155413249557213,-0.00764124955721292,-0.0115924998873467));
#4094=CARTESIAN_POINT('',(0.156310557929207,-0.00625116722313161,-0.0116410426321097));
#4095=CARTESIAN_POINT('',(0.156641571496062,-0.00506868020761377,-0.0116823359886056));
#4096=CARTESIAN_POINT('',(0.156715714251969,-0.00421999999999979,-0.0117119725545079));
#4097=CARTESIAN_POINT('',(0.156641571496062,-0.00337131979238592,-0.0117416091204102));
#4098=CARTESIAN_POINT('',(0.156310557929207,-0.00218883277686806,-0.0117829024769061));
#4099=CARTESIAN_POINT('',(0.155413249557213,-0.000798750442786878,-0.0118314452216691));
#4100=CARTESIAN_POINT('',(0.154023167223132,9.85579292071843E-5,-0.0118627799204905));
#4101=CARTESIAN_POINT('',(0.152840680207614,0.000429571496061892,-0.0118743391689573));
#4102=CARTESIAN_POINT('',(0.151992,0.000503714251969231,-0.0118769282910458));
#4103=CARTESIAN_POINT('',(0.151143319792386,0.000429571496061892,-0.0118743391689573));
#4104=CARTESIAN_POINT('',(0.149960832776868,9.85579292071844E-5,-0.0118627799204905));
#4105=CARTESIAN_POINT('',(0.148570750442787,-0.000798750442786878,-0.0118314452216691));
#4106=CARTESIAN_POINT('',(0.147673442070793,-0.00218883277686806,-0.0117829024769061));
#4107=CARTESIAN_POINT('',(0.147342428503938,-0.00337131979238593,-0.0117416091204102));
#4108=CARTESIAN_POINT('',(0.147268285748031,-0.00421999999999979,-0.0117119725545079));
#4109=CARTESIAN_POINT('',(0.147342428503938,-0.00506868020761377,-0.0116823359886056));
#4110=CARTESIAN_POINT('',(0.147293,-0.00421999999999981,-0.0117119725545079));
#4111=CARTESIAN_POINT('',(0.151992,-0.00421999999999991,-0.00393700000000015));
#4112=CARTESIAN_POINT('',(0.147293,-0.00421999999999991,-0.00393700000000015));
#4113=CARTESIAN_POINT('',(0.170242,-0.0746512705199838,-0.00925245839166861));
#4114=CARTESIAN_POINT('',(0.315992,-0.05222,-0.006477));
#4115=CARTESIAN_POINT('',(0.315992,-0.00421999999999991,2.22044604925031E-18));
#4116=CARTESIAN_POINT('',(0.315992,-0.00104215088464009,1.66305851295097E-18));
#4117=CARTESIAN_POINT('',(0.315992,-0.00739784911535972,1.80638843900264E-18));
#4118=CARTESIAN_POINT('',(0.315992,-0.00104215088463959,-0.003937));
#4119=CARTESIAN_POINT('',(0.315992,-0.00739784911536022,-0.003937));
#4120=CARTESIAN_POINT('',(0.320742,-0.00421999999999991,-0.00393700000000015));
#4121=CARTESIAN_POINT('',(0.320742,-0.00421999999999991,-0.00393700000000016));
#4122=CARTESIAN_POINT('',(0.3228375,-0.00421999999999991,-0.00393700000000016));
#4123=CARTESIAN_POINT('',(0.176117,-0.00421999999999991,2.22044604925031E-18));
#4124=CARTESIAN_POINT('',(0.320742,-0.00421999999999991,1.7347234759768E-18));
#4125=CARTESIAN_POINT('',(0.320742,-0.00421999999999991,1.7347234759768E-18));
#4126=CARTESIAN_POINT('',(0.3228375,-0.00421999999999991,1.7347234759768E-18));
#4127=CARTESIAN_POINT('',(0.320742,-0.00421999999999991,-0.003937));
#4128=CARTESIAN_POINT('',(0.320742,-0.00421999999999991,-0.003937));
#4129=CARTESIAN_POINT('',(0.151992,-0.00421999999999991,-0.00393700000000015));
#4130=CARTESIAN_POINT('',(0.151992,-0.00421999999999991,-0.00393700000000016));
#4131=CARTESIAN_POINT('',(0.1540875,-0.00421999999999991,-0.00393700000000016));
#4132=CARTESIAN_POINT('',(0.151992,-0.00421999999999991,-0.003937));
#4133=CARTESIAN_POINT('',(0.151992,-0.00421999999999991,1.7347234759768E-18));
#4134=CARTESIAN_POINT('',(0.1540875,-0.00421999999999991,1.7347234759768E-18));
#4135=CARTESIAN_POINT('',(0.151992,-0.00421999999999991,-0.003937));
#4136=CARTESIAN_POINT('',(0.151992,-0.00421999999999991,1.7347234759768E-18));
#4137=CARTESIAN_POINT('',(0.157707,-0.00421999999999991,1.7347234759768E-18));
#4138=CARTESIAN_POINT('',(0.176117,-0.00421999999999991,2.22044604925031E-18));
#4139=MECHANICAL_DESIGN_GEOMETRIC_PRESENTATION_REPRESENTATION('',(#2314,
#12),#4140);
#4140=(
GEOMETRIC_REPRESENTATION_CONTEXT(3)
GLOBAL_UNCERTAINTY_ASSIGNED_CONTEXT((#4141))
GLOBAL_UNIT_ASSIGNED_CONTEXT((#4144,#4143,#4142))
REPRESENTATION_CONTEXT('bottom shell right half:1__Body1',
'TOP_LEVEL_ASSEMBLY_PART')
);
#4141=UNCERTAINTY_MEASURE_WITH_UNIT(LENGTH_MEASURE(2.E-5),#4144,
'DISTANCE_ACCURACY_VALUE','Maximum Tolerance applied to model');
#4142=(
NAMED_UNIT(*)
SI_UNIT($,.STERADIAN.)
SOLID_ANGLE_UNIT()
);
#4143=(
NAMED_UNIT(*)
PLANE_ANGLE_UNIT()
SI_UNIT($,.RADIAN.)
);
#4144=(
LENGTH_UNIT()
NAMED_UNIT(*)
SI_UNIT($,.METRE.)
);
#4145=PRODUCT_DEFINITION_SHAPE('','',#4146);
#4146=PRODUCT_DEFINITION('','',#4148,#4147);
#4147=PRODUCT_DEFINITION_CONTEXT('',#4154,'design');
#4148=PRODUCT_DEFINITION_FORMATION_WITH_SPECIFIED_SOURCE('','',#4150,
 .NOT_KNOWN.);
#4149=PRODUCT_RELATED_PRODUCT_CATEGORY('','',(#4150));
#4150=PRODUCT('bottom shell right half:1__Body1',
'bottom shell right half:1__Body1','bottom shell right half:1__Body1',(#4152));
#4151=PRODUCT_CATEGORY('','');
#4152=PRODUCT_CONTEXT('',#4154,'mechanical');
#4153=APPLICATION_PROTOCOL_DEFINITION('international standard',
'ap242_managed_model_based_3d_engineering',2020,#4154);
#4154=APPLICATION_CONTEXT('managed model based 3d engineering');
ENDSEC;
END-ISO-10303-21;
