ISO-10303-21;
HEADER;
/* Generated by software containing ST-Developer
 * from STEP Tools, Inc. (www.steptools.com) 
 */
/* OPTION: using custom renumber hook */

FILE_DESCRIPTION(
/* description */ ('STEP AP242 Edition 2',
'CAx-IF Rec.Pracs.---Representation and Presentation of Product Manufa
cturing Information (PMI)---4.0---2014-10-13',
'CAx-IF Rec.Pracs.---3D Tessellated Geometry---0.4---2014-09-14','2;1',
'CAx-IF Rec.Pracs.---User Defined Attributes---1.5---2016-08-15'),
/* implementation_level */ '2;1');

FILE_NAME(
/* name */ 'brew75 full assembly parts - plate left half-1__Body1',
/* time_stamp */ '2026-08-25T10:32:08Z',
/* author */ (''),
/* organization */ (''),
/* preprocessor_version */ 'ST-DEVELOPER v20',
/* originating_system */ 'ONSHAPE BY PTC INC, 1.219',
/* authorisation */ '  ');

FILE_SCHEMA (('AP242_MANAGED_MODEL_BASED_3D_ENGINEERING_MIM_LF { 1 0 10303 442 3 1 4 }'));
ENDSEC;

DATA;
#10=SHAPE_REPRESENTATION_RELATIONSHIP('','',#7027,#11);
#11=ADVANCED_BREP_SHAPE_REPRESENTATION('',(#7025),#11767);
#12=B_SPLINE_CURVE_WITH_KNOTS('',3,(#11487,#11488,#11489,#11490),
 .UNSPECIFIED.,.F.,.F.,(4,4),(238.33411274214,256.78231160366),
 .UNSPECIFIED.);
#13=B_SPLINE_CURVE_WITH_KNOTS('',3,(#11494,#11495,#11496,#11497),
 .UNSPECIFIED.,.F.,.F.,(4,4),(103.217688396339,121.665887257858),
 .UNSPECIFIED.);
#14=PLANE('',#7038);
#15=PLANE('',#7042);
#16=PLANE('',#7046);
#17=PLANE('',#7050);
#18=PLANE('',#7054);
#19=PLANE('',#7058);
#20=PLANE('',#7062);
#21=PLANE('',#7066);
#22=PLANE('',#7070);
#23=PLANE('',#7074);
#24=PLANE('',#7075);
#25=PLANE('',#7079);
#26=PLANE('',#7083);
#27=PLANE('',#7084);
#28=PLANE('',#7088);
#29=PLANE('',#7092);
#30=PLANE('',#7096);
#31=PLANE('',#7100);
#32=PLANE('',#7104);
#33=PLANE('',#7108);
#34=PLANE('',#7112);
#35=PLANE('',#7116);
#36=PLANE('',#7120);
#37=PLANE('',#7124);
#38=PLANE('',#7128);
#39=PLANE('',#7132);
#40=PLANE('',#7136);
#41=PLANE('',#7140);
#42=PLANE('',#7144);
#43=PLANE('',#7148);
#44=PLANE('',#7152);
#45=PLANE('',#7156);
#46=PLANE('',#7160);
#47=PLANE('',#7164);
#48=PLANE('',#7168);
#49=PLANE('',#7172);
#50=PLANE('',#7176);
#51=PLANE('',#7180);
#52=PLANE('',#7184);
#53=PLANE('',#7188);
#54=PLANE('',#7192);
#55=PLANE('',#7196);
#56=PLANE('',#7200);
#57=PLANE('',#7204);
#58=PLANE('',#7208);
#59=PLANE('',#7212);
#60=PLANE('',#7216);
#61=PLANE('',#7220);
#62=PLANE('',#7224);
#63=PLANE('',#7228);
#64=PLANE('',#7232);
#65=PLANE('',#7236);
#66=PLANE('',#7240);
#67=PLANE('',#7244);
#68=PLANE('',#7248);
#69=PLANE('',#7252);
#70=PLANE('',#7256);
#71=PLANE('',#7260);
#72=PLANE('',#7264);
#73=PLANE('',#7268);
#74=PLANE('',#7272);
#75=PLANE('',#7276);
#76=PLANE('',#7280);
#77=PLANE('',#7284);
#78=PLANE('',#7288);
#79=PLANE('',#7292);
#80=PLANE('',#7296);
#81=PLANE('',#7300);
#82=PLANE('',#7304);
#83=PLANE('',#7308);
#84=PLANE('',#7312);
#85=PLANE('',#7316);
#86=PLANE('',#7320);
#87=PLANE('',#7324);
#88=PLANE('',#7328);
#89=PLANE('',#7332);
#90=PLANE('',#7336);
#91=PLANE('',#7340);
#92=PLANE('',#7344);
#93=PLANE('',#7348);
#94=PLANE('',#7352);
#95=PLANE('',#7356);
#96=PLANE('',#7360);
#97=PLANE('',#7364);
#98=PLANE('',#7368);
#99=PLANE('',#7372);
#100=PLANE('',#7376);
#101=PLANE('',#7380);
#102=PLANE('',#7384);
#103=PLANE('',#7388);
#104=PLANE('',#7392);
#105=PLANE('',#7396);
#106=PLANE('',#7400);
#107=PLANE('',#7404);
#108=PLANE('',#7408);
#109=PLANE('',#7409);
#110=PLANE('',#7413);
#111=PLANE('',#7417);
#112=PLANE('',#7421);
#113=PLANE('',#7422);
#114=PLANE('',#7423);
#115=PLANE('',#7427);
#116=PLANE('',#7431);
#117=PLANE('',#7435);
#118=PLANE('',#7439);
#119=PLANE('',#7443);
#120=PLANE('',#7447);
#121=PLANE('',#7451);
#122=PLANE('',#7455);
#123=PLANE('',#7459);
#124=PLANE('',#7463);
#125=PLANE('',#7467);
#126=PLANE('',#7471);
#127=PLANE('',#7475);
#128=PLANE('',#7479);
#129=PLANE('',#7483);
#130=PLANE('',#7487);
#131=PLANE('',#7491);
#132=PLANE('',#7498);
#133=PLANE('',#7502);
#134=PLANE('',#7506);
#135=PLANE('',#7510);
#136=PLANE('',#7514);
#137=PLANE('',#7518);
#138=PLANE('',#7522);
#139=PLANE('',#7526);
#140=PLANE('',#7530);
#141=PLANE('',#7534);
#142=PLANE('',#7538);
#143=PLANE('',#7542);
#144=PLANE('',#7546);
#145=PLANE('',#7550);
#146=PLANE('',#7554);
#147=PLANE('',#7558);
#148=PLANE('',#7562);
#149=PLANE('',#7566);
#150=PLANE('',#7570);
#151=PLANE('',#7574);
#152=PLANE('',#7578);
#153=PLANE('',#7582);
#154=PLANE('',#7586);
#155=PLANE('',#7590);
#156=PLANE('',#7594);
#157=PLANE('',#7598);
#158=PLANE('',#7602);
#159=PLANE('',#7606);
#160=PLANE('',#7607);
#161=PLANE('',#7611);
#162=PLANE('',#7612);
#163=PLANE('',#7613);
#164=PLANE('',#7614);
#165=PLANE('',#7615);
#166=PLANE('',#7616);
#167=PLANE('',#7617);
#168=PLANE('',#7633);
#169=PLANE('',#7634);
#170=PLANE('',#7639);
#171=PLANE('',#7640);
#172=PLANE('',#7641);
#173=PLANE('',#7642);
#174=PLANE('',#7647);
#175=PLANE('',#7648);
#176=PLANE('',#7649);
#177=PLANE('',#7654);
#178=PLANE('',#7655);
#179=PLANE('',#7658);
#180=PLANE('',#7663);
#181=PLANE('',#7666);
#182=PLANE('',#7669);
#183=PLANE('',#7672);
#184=PLANE('',#7673);
#185=PLANE('',#7674);
#186=PLANE('',#7675);
#187=PLANE('',#7676);
#188=PLANE('',#7677);
#189=PLANE('',#7678);
#190=PLANE('',#7679);
#191=PLANE('',#7680);
#192=PLANE('',#7681);
#193=PLANE('',#7682);
#194=PLANE('',#7683);
#195=PLANE('',#7684);
#196=PLANE('',#7685);
#197=PLANE('',#7686);
#198=PLANE('',#7687);
#199=PLANE('',#7688);
#200=LINE('',#9718,#902);
#201=LINE('',#9722,#903);
#202=LINE('',#9727,#904);
#203=LINE('',#9731,#905);
#204=LINE('',#9736,#906);
#205=LINE('',#9740,#907);
#206=LINE('',#9742,#908);
#207=LINE('',#9744,#909);
#208=LINE('',#9746,#910);
#209=LINE('',#9750,#911);
#210=LINE('',#9754,#912);
#211=LINE('',#9756,#913);
#212=LINE('',#9758,#914);
#213=LINE('',#9762,#915);
#214=LINE('',#9766,#916);
#215=LINE('',#9768,#917);
#216=LINE('',#9770,#918);
#217=LINE('',#9774,#919);
#218=LINE('',#9778,#920);
#219=LINE('',#9779,#921);
#220=LINE('',#9784,#922);
#221=LINE('',#9788,#923);
#222=LINE('',#9790,#924);
#223=LINE('',#9792,#925);
#224=LINE('',#9794,#926);
#225=LINE('',#9798,#927);
#226=LINE('',#9802,#928);
#227=LINE('',#9804,#929);
#228=LINE('',#9806,#930);
#229=LINE('',#9810,#931);
#230=LINE('',#9814,#932);
#231=LINE('',#9816,#933);
#232=LINE('',#9818,#934);
#233=LINE('',#9822,#935);
#234=LINE('',#9826,#936);
#235=LINE('',#9827,#937);
#236=LINE('',#9832,#938);
#237=LINE('',#9836,#939);
#238=LINE('',#9838,#940);
#239=LINE('',#9840,#941);
#240=LINE('',#9842,#942);
#241=LINE('',#9846,#943);
#242=LINE('',#9850,#944);
#243=LINE('',#9852,#945);
#244=LINE('',#9854,#946);
#245=LINE('',#9856,#947);
#246=LINE('',#9858,#948);
#247=LINE('',#9860,#949);
#248=LINE('',#9864,#950);
#249=LINE('',#9868,#951);
#250=LINE('',#9870,#952);
#251=LINE('',#9872,#953);
#252=LINE('',#9876,#954);
#253=LINE('',#9880,#955);
#254=LINE('',#9882,#956);
#255=LINE('',#9884,#957);
#256=LINE('',#9886,#958);
#257=LINE('',#9888,#959);
#258=LINE('',#9890,#960);
#259=LINE('',#9894,#961);
#260=LINE('',#9898,#962);
#261=LINE('',#9900,#963);
#262=LINE('',#9902,#964);
#263=LINE('',#9906,#965);
#264=LINE('',#9910,#966);
#265=LINE('',#9911,#967);
#266=LINE('',#9916,#968);
#267=LINE('',#9920,#969);
#268=LINE('',#9922,#970);
#269=LINE('',#9924,#971);
#270=LINE('',#9926,#972);
#271=LINE('',#9930,#973);
#272=LINE('',#9934,#974);
#273=LINE('',#9936,#975);
#274=LINE('',#9938,#976);
#275=LINE('',#9942,#977);
#276=LINE('',#9946,#978);
#277=LINE('',#9948,#979);
#278=LINE('',#9950,#980);
#279=LINE('',#9954,#981);
#280=LINE('',#9958,#982);
#281=LINE('',#9959,#983);
#282=LINE('',#9964,#984);
#283=LINE('',#9968,#985);
#284=LINE('',#9970,#986);
#285=LINE('',#9972,#987);
#286=LINE('',#9974,#988);
#287=LINE('',#9978,#989);
#288=LINE('',#9982,#990);
#289=LINE('',#9984,#991);
#290=LINE('',#9986,#992);
#291=LINE('',#9990,#993);
#292=LINE('',#9994,#994);
#293=LINE('',#9996,#995);
#294=LINE('',#9998,#996);
#295=LINE('',#10002,#997);
#296=LINE('',#10006,#998);
#297=LINE('',#10007,#999);
#298=LINE('',#10012,#1000);
#299=LINE('',#10016,#1001);
#300=LINE('',#10018,#1002);
#301=LINE('',#10020,#1003);
#302=LINE('',#10022,#1004);
#303=LINE('',#10026,#1005);
#304=LINE('',#10030,#1006);
#305=LINE('',#10032,#1007);
#306=LINE('',#10034,#1008);
#307=LINE('',#10038,#1009);
#308=LINE('',#10042,#1010);
#309=LINE('',#10044,#1011);
#310=LINE('',#10046,#1012);
#311=LINE('',#10050,#1013);
#312=LINE('',#10054,#1014);
#313=LINE('',#10055,#1015);
#314=LINE('',#10060,#1016);
#315=LINE('',#10064,#1017);
#316=LINE('',#10066,#1018);
#317=LINE('',#10068,#1019);
#318=LINE('',#10070,#1020);
#319=LINE('',#10074,#1021);
#320=LINE('',#10078,#1022);
#321=LINE('',#10081,#1023);
#322=LINE('',#10082,#1024);
#323=LINE('',#10087,#1025);
#324=LINE('',#10091,#1026);
#325=LINE('',#10093,#1027);
#326=LINE('',#10095,#1028);
#327=LINE('',#10097,#1029);
#328=LINE('',#10101,#1030);
#329=LINE('',#10105,#1031);
#330=LINE('',#10107,#1032);
#331=LINE('',#10109,#1033);
#332=LINE('',#10113,#1034);
#333=LINE('',#10117,#1035);
#334=LINE('',#10119,#1036);
#335=LINE('',#10121,#1037);
#336=LINE('',#10125,#1038);
#337=LINE('',#10129,#1039);
#338=LINE('',#10130,#1040);
#339=LINE('',#10135,#1041);
#340=LINE('',#10139,#1042);
#341=LINE('',#10141,#1043);
#342=LINE('',#10143,#1044);
#343=LINE('',#10145,#1045);
#344=LINE('',#10149,#1046);
#345=LINE('',#10153,#1047);
#346=LINE('',#10155,#1048);
#347=LINE('',#10157,#1049);
#348=LINE('',#10161,#1050);
#349=LINE('',#10165,#1051);
#350=LINE('',#10167,#1052);
#351=LINE('',#10169,#1053);
#352=LINE('',#10173,#1054);
#353=LINE('',#10177,#1055);
#354=LINE('',#10178,#1056);
#355=LINE('',#10183,#1057);
#356=LINE('',#10187,#1058);
#357=LINE('',#10189,#1059);
#358=LINE('',#10191,#1060);
#359=LINE('',#10193,#1061);
#360=LINE('',#10197,#1062);
#361=LINE('',#10201,#1063);
#362=LINE('',#10203,#1064);
#363=LINE('',#10205,#1065);
#364=LINE('',#10209,#1066);
#365=LINE('',#10213,#1067);
#366=LINE('',#10215,#1068);
#367=LINE('',#10217,#1069);
#368=LINE('',#10221,#1070);
#369=LINE('',#10225,#1071);
#370=LINE('',#10226,#1072);
#371=LINE('',#10231,#1073);
#372=LINE('',#10235,#1074);
#373=LINE('',#10237,#1075);
#374=LINE('',#10239,#1076);
#375=LINE('',#10241,#1077);
#376=LINE('',#10245,#1078);
#377=LINE('',#10249,#1079);
#378=LINE('',#10251,#1080);
#379=LINE('',#10253,#1081);
#380=LINE('',#10257,#1082);
#381=LINE('',#10261,#1083);
#382=LINE('',#10263,#1084);
#383=LINE('',#10265,#1085);
#384=LINE('',#10269,#1086);
#385=LINE('',#10273,#1087);
#386=LINE('',#10274,#1088);
#387=LINE('',#10279,#1089);
#388=LINE('',#10283,#1090);
#389=LINE('',#10285,#1091);
#390=LINE('',#10287,#1092);
#391=LINE('',#10289,#1093);
#392=LINE('',#10293,#1094);
#393=LINE('',#10297,#1095);
#394=LINE('',#10300,#1096);
#395=LINE('',#10301,#1097);
#396=LINE('',#10306,#1098);
#397=LINE('',#10310,#1099);
#398=LINE('',#10312,#1100);
#399=LINE('',#10314,#1101);
#400=LINE('',#10316,#1102);
#401=LINE('',#10320,#1103);
#402=LINE('',#10324,#1104);
#403=LINE('',#10326,#1105);
#404=LINE('',#10328,#1106);
#405=LINE('',#10332,#1107);
#406=LINE('',#10336,#1108);
#407=LINE('',#10338,#1109);
#408=LINE('',#10340,#1110);
#409=LINE('',#10344,#1111);
#410=LINE('',#10348,#1112);
#411=LINE('',#10349,#1113);
#412=LINE('',#10354,#1114);
#413=LINE('',#10358,#1115);
#414=LINE('',#10360,#1116);
#415=LINE('',#10362,#1117);
#416=LINE('',#10364,#1118);
#417=LINE('',#10368,#1119);
#418=LINE('',#10372,#1120);
#419=LINE('',#10374,#1121);
#420=LINE('',#10376,#1122);
#421=LINE('',#10380,#1123);
#422=LINE('',#10384,#1124);
#423=LINE('',#10386,#1125);
#424=LINE('',#10388,#1126);
#425=LINE('',#10392,#1127);
#426=LINE('',#10396,#1128);
#427=LINE('',#10397,#1129);
#428=LINE('',#10402,#1130);
#429=LINE('',#10406,#1131);
#430=LINE('',#10408,#1132);
#431=LINE('',#10410,#1133);
#432=LINE('',#10412,#1134);
#433=LINE('',#10416,#1135);
#434=LINE('',#10420,#1136);
#435=LINE('',#10422,#1137);
#436=LINE('',#10424,#1138);
#437=LINE('',#10428,#1139);
#438=LINE('',#10432,#1140);
#439=LINE('',#10434,#1141);
#440=LINE('',#10436,#1142);
#441=LINE('',#10440,#1143);
#442=LINE('',#10444,#1144);
#443=LINE('',#10445,#1145);
#444=LINE('',#10450,#1146);
#445=LINE('',#10454,#1147);
#446=LINE('',#10456,#1148);
#447=LINE('',#10458,#1149);
#448=LINE('',#10460,#1150);
#449=LINE('',#10464,#1151);
#450=LINE('',#10468,#1152);
#451=LINE('',#10470,#1153);
#452=LINE('',#10472,#1154);
#453=LINE('',#10476,#1155);
#454=LINE('',#10480,#1156);
#455=LINE('',#10482,#1157);
#456=LINE('',#10484,#1158);
#457=LINE('',#10488,#1159);
#458=LINE('',#10492,#1160);
#459=LINE('',#10493,#1161);
#460=LINE('',#10498,#1162);
#461=LINE('',#10502,#1163);
#462=LINE('',#10504,#1164);
#463=LINE('',#10506,#1165);
#464=LINE('',#10508,#1166);
#465=LINE('',#10512,#1167);
#466=LINE('',#10516,#1168);
#467=LINE('',#10518,#1169);
#468=LINE('',#10520,#1170);
#469=LINE('',#10524,#1171);
#470=LINE('',#10528,#1172);
#471=LINE('',#10530,#1173);
#472=LINE('',#10532,#1174);
#473=LINE('',#10536,#1175);
#474=LINE('',#10540,#1176);
#475=LINE('',#10541,#1177);
#476=LINE('',#10546,#1178);
#477=LINE('',#10550,#1179);
#478=LINE('',#10552,#1180);
#479=LINE('',#10554,#1181);
#480=LINE('',#10556,#1182);
#481=LINE('',#10560,#1183);
#482=LINE('',#10564,#1184);
#483=LINE('',#10567,#1185);
#484=LINE('',#10568,#1186);
#485=LINE('',#10573,#1187);
#486=LINE('',#10577,#1188);
#487=LINE('',#10579,#1189);
#488=LINE('',#10581,#1190);
#489=LINE('',#10583,#1191);
#490=LINE('',#10587,#1192);
#491=LINE('',#10591,#1193);
#492=LINE('',#10593,#1194);
#493=LINE('',#10595,#1195);
#494=LINE('',#10599,#1196);
#495=LINE('',#10603,#1197);
#496=LINE('',#10605,#1198);
#497=LINE('',#10607,#1199);
#498=LINE('',#10611,#1200);
#499=LINE('',#10615,#1201);
#500=LINE('',#10616,#1202);
#501=LINE('',#10621,#1203);
#502=LINE('',#10625,#1204);
#503=LINE('',#10627,#1205);
#504=LINE('',#10629,#1206);
#505=LINE('',#10631,#1207);
#506=LINE('',#10635,#1208);
#507=LINE('',#10639,#1209);
#508=LINE('',#10641,#1210);
#509=LINE('',#10643,#1211);
#510=LINE('',#10647,#1212);
#511=LINE('',#10651,#1213);
#512=LINE('',#10653,#1214);
#513=LINE('',#10655,#1215);
#514=LINE('',#10659,#1216);
#515=LINE('',#10663,#1217);
#516=LINE('',#10664,#1218);
#517=LINE('',#10669,#1219);
#518=LINE('',#10673,#1220);
#519=LINE('',#10675,#1221);
#520=LINE('',#10677,#1222);
#521=LINE('',#10679,#1223);
#522=LINE('',#10683,#1224);
#523=LINE('',#10687,#1225);
#524=LINE('',#10689,#1226);
#525=LINE('',#10691,#1227);
#526=LINE('',#10695,#1228);
#527=LINE('',#10699,#1229);
#528=LINE('',#10701,#1230);
#529=LINE('',#10703,#1231);
#530=LINE('',#10707,#1232);
#531=LINE('',#10711,#1233);
#532=LINE('',#10712,#1234);
#533=LINE('',#10717,#1235);
#534=LINE('',#10721,#1236);
#535=LINE('',#10723,#1237);
#536=LINE('',#10725,#1238);
#537=LINE('',#10727,#1239);
#538=LINE('',#10731,#1240);
#539=LINE('',#10735,#1241);
#540=LINE('',#10737,#1242);
#541=LINE('',#10739,#1243);
#542=LINE('',#10743,#1244);
#543=LINE('',#10747,#1245);
#544=LINE('',#10749,#1246);
#545=LINE('',#10751,#1247);
#546=LINE('',#10755,#1248);
#547=LINE('',#10759,#1249);
#548=LINE('',#10760,#1250);
#549=LINE('',#10765,#1251);
#550=LINE('',#10769,#1252);
#551=LINE('',#10771,#1253);
#552=LINE('',#10773,#1254);
#553=LINE('',#10775,#1255);
#554=LINE('',#10779,#1256);
#555=LINE('',#10783,#1257);
#556=LINE('',#10785,#1258);
#557=LINE('',#10787,#1259);
#558=LINE('',#10791,#1260);
#559=LINE('',#10795,#1261);
#560=LINE('',#10797,#1262);
#561=LINE('',#10799,#1263);
#562=LINE('',#10803,#1264);
#563=LINE('',#10807,#1265);
#564=LINE('',#10808,#1266);
#565=LINE('',#10813,#1267);
#566=LINE('',#10817,#1268);
#567=LINE('',#10819,#1269);
#568=LINE('',#10821,#1270);
#569=LINE('',#10823,#1271);
#570=LINE('',#10827,#1272);
#571=LINE('',#10831,#1273);
#572=LINE('',#10833,#1274);
#573=LINE('',#10835,#1275);
#574=LINE('',#10839,#1276);
#575=LINE('',#10843,#1277);
#576=LINE('',#10845,#1278);
#577=LINE('',#10847,#1279);
#578=LINE('',#10851,#1280);
#579=LINE('',#10855,#1281);
#580=LINE('',#10856,#1282);
#581=LINE('',#10861,#1283);
#582=LINE('',#10865,#1284);
#583=LINE('',#10867,#1285);
#584=LINE('',#10870,#1286);
#585=LINE('',#10871,#1287);
#586=LINE('',#10873,#1288);
#587=LINE('',#10876,#1289);
#588=LINE('',#10878,#1290);
#589=LINE('',#10880,#1291);
#590=LINE('',#10884,#1292);
#591=LINE('',#10888,#1293);
#592=LINE('',#10890,#1294);
#593=LINE('',#10892,#1295);
#594=LINE('',#10896,#1296);
#595=LINE('',#10900,#1297);
#596=LINE('',#10902,#1298);
#597=LINE('',#10904,#1299);
#598=LINE('',#10908,#1300);
#599=LINE('',#10912,#1301);
#600=LINE('',#10914,#1302);
#601=LINE('',#10916,#1303);
#602=LINE('',#10918,#1304);
#603=LINE('',#10920,#1305);
#604=LINE('',#10922,#1306);
#605=LINE('',#10924,#1307);
#606=LINE('',#10925,#1308);
#607=LINE('',#10930,#1309);
#608=LINE('',#10934,#1310);
#609=LINE('',#10936,#1311);
#610=LINE('',#10938,#1312);
#611=LINE('',#10940,#1313);
#612=LINE('',#10944,#1314);
#613=LINE('',#10948,#1315);
#614=LINE('',#10950,#1316);
#615=LINE('',#10952,#1317);
#616=LINE('',#10956,#1318);
#617=LINE('',#10960,#1319);
#618=LINE('',#10962,#1320);
#619=LINE('',#10964,#1321);
#620=LINE('',#10968,#1322);
#621=LINE('',#10972,#1323);
#622=LINE('',#10973,#1324);
#623=LINE('',#10978,#1325);
#624=LINE('',#10982,#1326);
#625=LINE('',#10984,#1327);
#626=LINE('',#10986,#1328);
#627=LINE('',#10988,#1329);
#628=LINE('',#10992,#1330);
#629=LINE('',#10996,#1331);
#630=LINE('',#10998,#1332);
#631=LINE('',#11000,#1333);
#632=LINE('',#11004,#1334);
#633=LINE('',#11008,#1335);
#634=LINE('',#11010,#1336);
#635=LINE('',#11012,#1337);
#636=LINE('',#11016,#1338);
#637=LINE('',#11020,#1339);
#638=LINE('',#11021,#1340);
#639=LINE('',#11026,#1341);
#640=LINE('',#11030,#1342);
#641=LINE('',#11032,#1343);
#642=LINE('',#11034,#1344);
#643=LINE('',#11036,#1345);
#644=LINE('',#11040,#1346);
#645=LINE('',#11044,#1347);
#646=LINE('',#11046,#1348);
#647=LINE('',#11048,#1349);
#648=LINE('',#11052,#1350);
#649=LINE('',#11056,#1351);
#650=LINE('',#11058,#1352);
#651=LINE('',#11060,#1353);
#652=LINE('',#11064,#1354);
#653=LINE('',#11068,#1355);
#654=LINE('',#11069,#1356);
#655=LINE('',#11074,#1357);
#656=LINE('',#11078,#1358);
#657=LINE('',#11080,#1359);
#658=LINE('',#11082,#1360);
#659=LINE('',#11084,#1361);
#660=LINE('',#11088,#1362);
#661=LINE('',#11092,#1363);
#662=LINE('',#11094,#1364);
#663=LINE('',#11096,#1365);
#664=LINE('',#11100,#1366);
#665=LINE('',#11104,#1367);
#666=LINE('',#11106,#1368);
#667=LINE('',#11108,#1369);
#668=LINE('',#11112,#1370);
#669=LINE('',#11116,#1371);
#670=LINE('',#11117,#1372);
#671=LINE('',#11122,#1373);
#672=LINE('',#11126,#1374);
#673=LINE('',#11128,#1375);
#674=LINE('',#11130,#1376);
#675=LINE('',#11132,#1377);
#676=LINE('',#11136,#1378);
#677=LINE('',#11143,#1379);
#678=LINE('',#11147,#1380);
#679=LINE('',#11149,#1381);
#680=LINE('',#11151,#1382);
#681=LINE('',#11153,#1383);
#682=LINE('',#11157,#1384);
#683=LINE('',#11161,#1385);
#684=LINE('',#11163,#1386);
#685=LINE('',#11165,#1387);
#686=LINE('',#11169,#1388);
#687=LINE('',#11173,#1389);
#688=LINE('',#11175,#1390);
#689=LINE('',#11177,#1391);
#690=LINE('',#11181,#1392);
#691=LINE('',#11185,#1393);
#692=LINE('',#11186,#1394);
#693=LINE('',#11191,#1395);
#694=LINE('',#11195,#1396);
#695=LINE('',#11197,#1397);
#696=LINE('',#11199,#1398);
#697=LINE('',#11201,#1399);
#698=LINE('',#11205,#1400);
#699=LINE('',#11209,#1401);
#700=LINE('',#11211,#1402);
#701=LINE('',#11213,#1403);
#702=LINE('',#11217,#1404);
#703=LINE('',#11221,#1405);
#704=LINE('',#11223,#1406);
#705=LINE('',#11225,#1407);
#706=LINE('',#11229,#1408);
#707=LINE('',#11233,#1409);
#708=LINE('',#11234,#1410);
#709=LINE('',#11239,#1411);
#710=LINE('',#11243,#1412);
#711=LINE('',#11245,#1413);
#712=LINE('',#11247,#1414);
#713=LINE('',#11249,#1415);
#714=LINE('',#11253,#1416);
#715=LINE('',#11257,#1417);
#716=LINE('',#11259,#1418);
#717=LINE('',#11261,#1419);
#718=LINE('',#11265,#1420);
#719=LINE('',#11269,#1421);
#720=LINE('',#11271,#1422);
#721=LINE('',#11273,#1423);
#722=LINE('',#11277,#1424);
#723=LINE('',#11281,#1425);
#724=LINE('',#11282,#1426);
#725=LINE('',#11287,#1427);
#726=LINE('',#11291,#1428);
#727=LINE('',#11293,#1429);
#728=LINE('',#11295,#1430);
#729=LINE('',#11297,#1431);
#730=LINE('',#11301,#1432);
#731=LINE('',#11305,#1433);
#732=LINE('',#11307,#1434);
#733=LINE('',#11309,#1435);
#734=LINE('',#11313,#1436);
#735=LINE('',#11317,#1437);
#736=LINE('',#11319,#1438);
#737=LINE('',#11321,#1439);
#738=LINE('',#11325,#1440);
#739=LINE('',#11329,#1441);
#740=LINE('',#11330,#1442);
#741=LINE('',#11335,#1443);
#742=LINE('',#11339,#1444);
#743=LINE('',#11341,#1445);
#744=LINE('',#11343,#1446);
#745=LINE('',#11345,#1447);
#746=LINE('',#11349,#1448);
#747=LINE('',#11353,#1449);
#748=LINE('',#11355,#1450);
#749=LINE('',#11357,#1451);
#750=LINE('',#11361,#1452);
#751=LINE('',#11365,#1453);
#752=LINE('',#11367,#1454);
#753=LINE('',#11369,#1455);
#754=LINE('',#11373,#1456);
#755=LINE('',#11377,#1457);
#756=LINE('',#11378,#1458);
#757=LINE('',#11383,#1459);
#758=LINE('',#11387,#1460);
#759=LINE('',#11389,#1461);
#760=LINE('',#11391,#1462);
#761=LINE('',#11393,#1463);
#762=LINE('',#11397,#1464);
#763=LINE('',#11401,#1465);
#764=LINE('',#11403,#1466);
#765=LINE('',#11405,#1467);
#766=LINE('',#11409,#1468);
#767=LINE('',#11413,#1469);
#768=LINE('',#11415,#1470);
#769=LINE('',#11417,#1471);
#770=LINE('',#11421,#1472);
#771=LINE('',#11425,#1473);
#772=LINE('',#11426,#1474);
#773=LINE('',#11431,#1475);
#774=LINE('',#11435,#1476);
#775=LINE('',#11437,#1477);
#776=LINE('',#11439,#1478);
#777=LINE('',#11441,#1479);
#778=LINE('',#11445,#1480);
#779=LINE('',#11449,#1481);
#780=LINE('',#11451,#1482);
#781=LINE('',#11453,#1483);
#782=LINE('',#11457,#1484);
#783=LINE('',#11461,#1485);
#784=LINE('',#11463,#1486);
#785=LINE('',#11465,#1487);
#786=LINE('',#11469,#1488);
#787=LINE('',#11473,#1489);
#788=LINE('',#11474,#1490);
#789=LINE('',#11476,#1491);
#790=LINE('',#11479,#1492);
#791=LINE('',#11480,#1493);
#792=LINE('',#11485,#1494);
#793=LINE('',#11499,#1495);
#794=LINE('',#11501,#1496);
#795=LINE('',#11504,#1497);
#796=LINE('',#11506,#1498);
#797=LINE('',#11508,#1499);
#798=LINE('',#11510,#1500);
#799=LINE('',#11512,#1501);
#800=LINE('',#11514,#1502);
#801=LINE('',#11516,#1503);
#802=LINE('',#11517,#1504);
#803=LINE('',#11519,#1505);
#804=LINE('',#11522,#1506);
#805=LINE('',#11523,#1507);
#806=LINE('',#11525,#1508);
#807=LINE('',#11527,#1509);
#808=LINE('',#11529,#1510);
#809=LINE('',#11531,#1511);
#810=LINE('',#11533,#1512);
#811=LINE('',#11535,#1513);
#812=LINE('',#11536,#1514);
#813=LINE('',#11538,#1515);
#814=LINE('',#11539,#1516);
#815=LINE('',#11541,#1517);
#816=LINE('',#11542,#1518);
#817=LINE('',#11544,#1519);
#818=LINE('',#11545,#1520);
#819=LINE('',#11547,#1521);
#820=LINE('',#11548,#1522);
#821=LINE('',#11550,#1523);
#822=LINE('',#11551,#1524);
#823=LINE('',#11553,#1525);
#824=LINE('',#11557,#1526);
#825=LINE('',#11559,#1527);
#826=LINE('',#11561,#1528);
#827=LINE('',#11565,#1529);
#828=LINE('',#11567,#1530);
#829=LINE('',#11568,#1531);
#830=LINE('',#11570,#1532);
#831=LINE('',#11574,#1533);
#832=LINE('',#11576,#1534);
#833=LINE('',#11577,#1535);
#834=LINE('',#11582,#1536);
#835=LINE('',#11585,#1537);
#836=LINE('',#11590,#1538);
#837=LINE('',#11596,#1539);
#838=LINE('',#11600,#1540);
#839=LINE('',#11613,#1541);
#840=LINE('',#11615,#1542);
#841=LINE('',#11617,#1543);
#842=LINE('',#11620,#1544);
#843=LINE('',#11621,#1545);
#844=LINE('',#11625,#1546);
#845=LINE('',#11630,#1547);
#846=LINE('',#11632,#1548);
#847=LINE('',#11634,#1549);
#848=LINE('',#11636,#1550);
#849=LINE('',#11638,#1551);
#850=LINE('',#11640,#1552);
#851=LINE('',#11642,#1553);
#852=LINE('',#11649,#1554);
#853=LINE('',#11651,#1555);
#854=LINE('',#11653,#1556);
#855=LINE('',#11655,#1557);
#856=LINE('',#11657,#1558);
#857=LINE('',#11660,#1559);
#858=LINE('',#11661,#1560);
#859=LINE('',#11665,#1561);
#860=LINE('',#11670,#1562);
#861=LINE('',#11672,#1563);
#862=LINE('',#11675,#1564);
#863=LINE('',#11676,#1565);
#864=LINE('',#11680,#1566);
#865=LINE('',#11682,#1567);
#866=LINE('',#11684,#1568);
#867=LINE('',#11691,#1569);
#868=LINE('',#11692,#1570);
#869=LINE('',#11694,#1571);
#870=LINE('',#11696,#1572);
#871=LINE('',#11700,#1573);
#872=LINE('',#11702,#1574);
#873=LINE('',#11707,#1575);
#874=LINE('',#11708,#1576);
#875=LINE('',#11710,#1577);
#876=LINE('',#11712,#1578);
#877=LINE('',#11716,#1579);
#878=LINE('',#11718,#1580);
#879=LINE('',#11720,#1581);
#880=LINE('',#11722,#1582);
#881=LINE('',#11723,#1583);
#882=LINE('',#11725,#1584);
#883=LINE('',#11726,#1585);
#884=LINE('',#11728,#1586);
#885=LINE('',#11729,#1587);
#886=LINE('',#11731,#1588);
#887=LINE('',#11732,#1589);
#888=LINE('',#11734,#1590);
#889=LINE('',#11735,#1591);
#890=LINE('',#11737,#1592);
#891=LINE('',#11738,#1593);
#892=LINE('',#11740,#1594);
#893=LINE('',#11742,#1595);
#894=LINE('',#11744,#1596);
#895=LINE('',#11746,#1597);
#896=LINE('',#11748,#1598);
#897=LINE('',#11750,#1599);
#898=LINE('',#11752,#1600);
#899=LINE('',#11754,#1601);
#900=LINE('',#11756,#1602);
#901=LINE('',#11758,#1603);
#902=VECTOR('',#7695,1.);
#903=VECTOR('',#7698,1.);
#904=VECTOR('',#7703,1.);
#905=VECTOR('',#7706,1.);
#906=VECTOR('',#7711,1.);
#907=VECTOR('',#7714,1.);
#908=VECTOR('',#7717,1.);
#909=VECTOR('',#7718,1.);
#910=VECTOR('',#7719,1.);
#911=VECTOR('',#7724,1.);
#912=VECTOR('',#7729,1.);
#913=VECTOR('',#7730,1.);
#914=VECTOR('',#7731,1.);
#915=VECTOR('',#7736,1.);
#916=VECTOR('',#7741,1.);
#917=VECTOR('',#7742,1.);
#918=VECTOR('',#7743,1.);
#919=VECTOR('',#7748,1.);
#920=VECTOR('',#7753,1.);
#921=VECTOR('',#7754,1.);
#922=VECTOR('',#7759,1.);
#923=VECTOR('',#7762,1.);
#924=VECTOR('',#7765,1.);
#925=VECTOR('',#7766,1.);
#926=VECTOR('',#7767,1.);
#927=VECTOR('',#7772,1.);
#928=VECTOR('',#7777,1.);
#929=VECTOR('',#7778,1.);
#930=VECTOR('',#7779,1.);
#931=VECTOR('',#7784,1.);
#932=VECTOR('',#7789,1.);
#933=VECTOR('',#7790,1.);
#934=VECTOR('',#7791,1.);
#935=VECTOR('',#7796,1.);
#936=VECTOR('',#7801,1.);
#937=VECTOR('',#7802,1.);
#938=VECTOR('',#7807,1.);
#939=VECTOR('',#7810,1.);
#940=VECTOR('',#7813,1.);
#941=VECTOR('',#7814,1.);
#942=VECTOR('',#7815,1.);
#943=VECTOR('',#7820,1.);
#944=VECTOR('',#7825,1.);
#945=VECTOR('',#7826,1.);
#946=VECTOR('',#7827,1.);
#947=VECTOR('',#7830,1.);
#948=VECTOR('',#7831,1.);
#949=VECTOR('',#7832,1.);
#950=VECTOR('',#7837,1.);
#951=VECTOR('',#7842,1.);
#952=VECTOR('',#7843,1.);
#953=VECTOR('',#7844,1.);
#954=VECTOR('',#7849,1.);
#955=VECTOR('',#7854,1.);
#956=VECTOR('',#7855,1.);
#957=VECTOR('',#7856,1.);
#958=VECTOR('',#7859,1.);
#959=VECTOR('',#7860,1.);
#960=VECTOR('',#7861,1.);
#961=VECTOR('',#7866,1.);
#962=VECTOR('',#7871,1.);
#963=VECTOR('',#7872,1.);
#964=VECTOR('',#7873,1.);
#965=VECTOR('',#7878,1.);
#966=VECTOR('',#7883,1.);
#967=VECTOR('',#7884,1.);
#968=VECTOR('',#7889,1.);
#969=VECTOR('',#7892,1.);
#970=VECTOR('',#7895,1.);
#971=VECTOR('',#7896,1.);
#972=VECTOR('',#7897,1.);
#973=VECTOR('',#7902,1.);
#974=VECTOR('',#7907,1.);
#975=VECTOR('',#7908,1.);
#976=VECTOR('',#7909,1.);
#977=VECTOR('',#7914,1.);
#978=VECTOR('',#7919,1.);
#979=VECTOR('',#7920,1.);
#980=VECTOR('',#7921,1.);
#981=VECTOR('',#7926,1.);
#982=VECTOR('',#7931,1.);
#983=VECTOR('',#7932,1.);
#984=VECTOR('',#7937,1.);
#985=VECTOR('',#7940,1.);
#986=VECTOR('',#7943,1.);
#987=VECTOR('',#7944,1.);
#988=VECTOR('',#7945,1.);
#989=VECTOR('',#7950,1.);
#990=VECTOR('',#7955,1.);
#991=VECTOR('',#7956,1.);
#992=VECTOR('',#7957,1.);
#993=VECTOR('',#7962,1.);
#994=VECTOR('',#7967,1.);
#995=VECTOR('',#7968,1.);
#996=VECTOR('',#7969,1.);
#997=VECTOR('',#7974,1.);
#998=VECTOR('',#7979,1.);
#999=VECTOR('',#7980,1.);
#1000=VECTOR('',#7985,1.);
#1001=VECTOR('',#7988,1.);
#1002=VECTOR('',#7991,1.);
#1003=VECTOR('',#7992,1.);
#1004=VECTOR('',#7993,1.);
#1005=VECTOR('',#7998,1.);
#1006=VECTOR('',#8003,1.);
#1007=VECTOR('',#8004,1.);
#1008=VECTOR('',#8005,1.);
#1009=VECTOR('',#8010,1.);
#1010=VECTOR('',#8015,1.);
#1011=VECTOR('',#8016,1.);
#1012=VECTOR('',#8017,1.);
#1013=VECTOR('',#8022,1.);
#1014=VECTOR('',#8027,1.);
#1015=VECTOR('',#8028,1.);
#1016=VECTOR('',#8033,1.);
#1017=VECTOR('',#8036,1.);
#1018=VECTOR('',#8039,1.);
#1019=VECTOR('',#8040,1.);
#1020=VECTOR('',#8041,1.);
#1021=VECTOR('',#8046,1.);
#1022=VECTOR('',#8051,1.);
#1023=VECTOR('',#8052,1.);
#1024=VECTOR('',#8053,1.);
#1025=VECTOR('',#8058,1.);
#1026=VECTOR('',#8061,1.);
#1027=VECTOR('',#8064,1.);
#1028=VECTOR('',#8065,1.);
#1029=VECTOR('',#8066,1.);
#1030=VECTOR('',#8071,1.);
#1031=VECTOR('',#8076,1.);
#1032=VECTOR('',#8077,1.);
#1033=VECTOR('',#8078,1.);
#1034=VECTOR('',#8083,1.);
#1035=VECTOR('',#8088,1.);
#1036=VECTOR('',#8089,1.);
#1037=VECTOR('',#8090,1.);
#1038=VECTOR('',#8095,1.);
#1039=VECTOR('',#8100,1.);
#1040=VECTOR('',#8101,1.);
#1041=VECTOR('',#8106,1.);
#1042=VECTOR('',#8109,1.);
#1043=VECTOR('',#8112,1.);
#1044=VECTOR('',#8113,1.);
#1045=VECTOR('',#8114,1.);
#1046=VECTOR('',#8119,1.);
#1047=VECTOR('',#8124,1.);
#1048=VECTOR('',#8125,1.);
#1049=VECTOR('',#8126,1.);
#1050=VECTOR('',#8131,1.);
#1051=VECTOR('',#8136,1.);
#1052=VECTOR('',#8137,1.);
#1053=VECTOR('',#8138,1.);
#1054=VECTOR('',#8143,1.);
#1055=VECTOR('',#8148,1.);
#1056=VECTOR('',#8149,1.);
#1057=VECTOR('',#8154,1.);
#1058=VECTOR('',#8157,1.);
#1059=VECTOR('',#8160,1.);
#1060=VECTOR('',#8161,1.);
#1061=VECTOR('',#8162,1.);
#1062=VECTOR('',#8167,1.);
#1063=VECTOR('',#8172,1.);
#1064=VECTOR('',#8173,1.);
#1065=VECTOR('',#8174,1.);
#1066=VECTOR('',#8179,1.);
#1067=VECTOR('',#8184,1.);
#1068=VECTOR('',#8185,1.);
#1069=VECTOR('',#8186,1.);
#1070=VECTOR('',#8191,1.);
#1071=VECTOR('',#8196,1.);
#1072=VECTOR('',#8197,1.);
#1073=VECTOR('',#8202,1.);
#1074=VECTOR('',#8205,1.);
#1075=VECTOR('',#8208,1.);
#1076=VECTOR('',#8209,1.);
#1077=VECTOR('',#8210,1.);
#1078=VECTOR('',#8215,1.);
#1079=VECTOR('',#8220,1.);
#1080=VECTOR('',#8221,1.);
#1081=VECTOR('',#8222,1.);
#1082=VECTOR('',#8227,1.);
#1083=VECTOR('',#8232,1.);
#1084=VECTOR('',#8233,1.);
#1085=VECTOR('',#8234,1.);
#1086=VECTOR('',#8239,1.);
#1087=VECTOR('',#8244,1.);
#1088=VECTOR('',#8245,1.);
#1089=VECTOR('',#8250,1.);
#1090=VECTOR('',#8253,1.);
#1091=VECTOR('',#8256,1.);
#1092=VECTOR('',#8257,1.);
#1093=VECTOR('',#8258,1.);
#1094=VECTOR('',#8263,1.);
#1095=VECTOR('',#8268,1.);
#1096=VECTOR('',#8269,1.);
#1097=VECTOR('',#8270,1.);
#1098=VECTOR('',#8275,1.);
#1099=VECTOR('',#8278,1.);
#1100=VECTOR('',#8281,1.);
#1101=VECTOR('',#8282,1.);
#1102=VECTOR('',#8283,1.);
#1103=VECTOR('',#8288,1.);
#1104=VECTOR('',#8293,1.);
#1105=VECTOR('',#8294,1.);
#1106=VECTOR('',#8295,1.);
#1107=VECTOR('',#8300,1.);
#1108=VECTOR('',#8305,1.);
#1109=VECTOR('',#8306,1.);
#1110=VECTOR('',#8307,1.);
#1111=VECTOR('',#8312,1.);
#1112=VECTOR('',#8317,1.);
#1113=VECTOR('',#8318,1.);
#1114=VECTOR('',#8323,1.);
#1115=VECTOR('',#8326,1.);
#1116=VECTOR('',#8329,1.);
#1117=VECTOR('',#8330,1.);
#1118=VECTOR('',#8331,1.);
#1119=VECTOR('',#8336,1.);
#1120=VECTOR('',#8341,1.);
#1121=VECTOR('',#8342,1.);
#1122=VECTOR('',#8343,1.);
#1123=VECTOR('',#8348,1.);
#1124=VECTOR('',#8353,1.);
#1125=VECTOR('',#8354,1.);
#1126=VECTOR('',#8355,1.);
#1127=VECTOR('',#8360,1.);
#1128=VECTOR('',#8365,1.);
#1129=VECTOR('',#8366,1.);
#1130=VECTOR('',#8371,1.);
#1131=VECTOR('',#8374,1.);
#1132=VECTOR('',#8377,1.);
#1133=VECTOR('',#8378,1.);
#1134=VECTOR('',#8379,1.);
#1135=VECTOR('',#8384,1.);
#1136=VECTOR('',#8389,1.);
#1137=VECTOR('',#8390,1.);
#1138=VECTOR('',#8391,1.);
#1139=VECTOR('',#8396,1.);
#1140=VECTOR('',#8401,1.);
#1141=VECTOR('',#8402,1.);
#1142=VECTOR('',#8403,1.);
#1143=VECTOR('',#8408,1.);
#1144=VECTOR('',#8413,1.);
#1145=VECTOR('',#8414,1.);
#1146=VECTOR('',#8419,1.);
#1147=VECTOR('',#8422,1.);
#1148=VECTOR('',#8425,1.);
#1149=VECTOR('',#8426,1.);
#1150=VECTOR('',#8427,1.);
#1151=VECTOR('',#8432,1.);
#1152=VECTOR('',#8437,1.);
#1153=VECTOR('',#8438,1.);
#1154=VECTOR('',#8439,1.);
#1155=VECTOR('',#8444,1.);
#1156=VECTOR('',#8449,1.);
#1157=VECTOR('',#8450,1.);
#1158=VECTOR('',#8451,1.);
#1159=VECTOR('',#8456,1.);
#1160=VECTOR('',#8461,1.);
#1161=VECTOR('',#8462,1.);
#1162=VECTOR('',#8467,1.);
#1163=VECTOR('',#8470,1.);
#1164=VECTOR('',#8473,1.);
#1165=VECTOR('',#8474,1.);
#1166=VECTOR('',#8475,1.);
#1167=VECTOR('',#8480,1.);
#1168=VECTOR('',#8485,1.);
#1169=VECTOR('',#8486,1.);
#1170=VECTOR('',#8487,1.);
#1171=VECTOR('',#8492,1.);
#1172=VECTOR('',#8497,1.);
#1173=VECTOR('',#8498,1.);
#1174=VECTOR('',#8499,1.);
#1175=VECTOR('',#8504,1.);
#1176=VECTOR('',#8509,1.);
#1177=VECTOR('',#8510,1.);
#1178=VECTOR('',#8515,1.);
#1179=VECTOR('',#8518,1.);
#1180=VECTOR('',#8521,1.);
#1181=VECTOR('',#8522,1.);
#1182=VECTOR('',#8523,1.);
#1183=VECTOR('',#8528,1.);
#1184=VECTOR('',#8533,1.);
#1185=VECTOR('',#8534,1.);
#1186=VECTOR('',#8535,1.);
#1187=VECTOR('',#8540,1.);
#1188=VECTOR('',#8543,1.);
#1189=VECTOR('',#8546,1.);
#1190=VECTOR('',#8547,1.);
#1191=VECTOR('',#8548,1.);
#1192=VECTOR('',#8553,1.);
#1193=VECTOR('',#8558,1.);
#1194=VECTOR('',#8559,1.);
#1195=VECTOR('',#8560,1.);
#1196=VECTOR('',#8565,1.);
#1197=VECTOR('',#8570,1.);
#1198=VECTOR('',#8571,1.);
#1199=VECTOR('',#8572,1.);
#1200=VECTOR('',#8577,1.);
#1201=VECTOR('',#8582,1.);
#1202=VECTOR('',#8583,1.);
#1203=VECTOR('',#8588,1.);
#1204=VECTOR('',#8591,1.);
#1205=VECTOR('',#8594,1.);
#1206=VECTOR('',#8595,1.);
#1207=VECTOR('',#8596,1.);
#1208=VECTOR('',#8601,1.);
#1209=VECTOR('',#8606,1.);
#1210=VECTOR('',#8607,1.);
#1211=VECTOR('',#8608,1.);
#1212=VECTOR('',#8613,1.);
#1213=VECTOR('',#8618,1.);
#1214=VECTOR('',#8619,1.);
#1215=VECTOR('',#8620,1.);
#1216=VECTOR('',#8625,1.);
#1217=VECTOR('',#8630,1.);
#1218=VECTOR('',#8631,1.);
#1219=VECTOR('',#8636,1.);
#1220=VECTOR('',#8639,1.);
#1221=VECTOR('',#8642,1.);
#1222=VECTOR('',#8643,1.);
#1223=VECTOR('',#8644,1.);
#1224=VECTOR('',#8649,1.);
#1225=VECTOR('',#8654,1.);
#1226=VECTOR('',#8655,1.);
#1227=VECTOR('',#8656,1.);
#1228=VECTOR('',#8661,1.);
#1229=VECTOR('',#8666,1.);
#1230=VECTOR('',#8667,1.);
#1231=VECTOR('',#8668,1.);
#1232=VECTOR('',#8673,1.);
#1233=VECTOR('',#8678,1.);
#1234=VECTOR('',#8679,1.);
#1235=VECTOR('',#8684,1.);
#1236=VECTOR('',#8687,1.);
#1237=VECTOR('',#8690,1.);
#1238=VECTOR('',#8691,1.);
#1239=VECTOR('',#8692,1.);
#1240=VECTOR('',#8697,1.);
#1241=VECTOR('',#8702,1.);
#1242=VECTOR('',#8703,1.);
#1243=VECTOR('',#8704,1.);
#1244=VECTOR('',#8709,1.);
#1245=VECTOR('',#8714,1.);
#1246=VECTOR('',#8715,1.);
#1247=VECTOR('',#8716,1.);
#1248=VECTOR('',#8721,1.);
#1249=VECTOR('',#8726,1.);
#1250=VECTOR('',#8727,1.);
#1251=VECTOR('',#8732,1.);
#1252=VECTOR('',#8735,1.);
#1253=VECTOR('',#8738,1.);
#1254=VECTOR('',#8739,1.);
#1255=VECTOR('',#8740,1.);
#1256=VECTOR('',#8745,1.);
#1257=VECTOR('',#8750,1.);
#1258=VECTOR('',#8751,1.);
#1259=VECTOR('',#8752,1.);
#1260=VECTOR('',#8757,1.);
#1261=VECTOR('',#8762,1.);
#1262=VECTOR('',#8763,1.);
#1263=VECTOR('',#8764,1.);
#1264=VECTOR('',#8769,1.);
#1265=VECTOR('',#8774,1.);
#1266=VECTOR('',#8775,1.);
#1267=VECTOR('',#8780,1.);
#1268=VECTOR('',#8783,1.);
#1269=VECTOR('',#8786,1.);
#1270=VECTOR('',#8787,1.);
#1271=VECTOR('',#8788,1.);
#1272=VECTOR('',#8793,1.);
#1273=VECTOR('',#8798,1.);
#1274=VECTOR('',#8799,1.);
#1275=VECTOR('',#8800,1.);
#1276=VECTOR('',#8805,1.);
#1277=VECTOR('',#8810,1.);
#1278=VECTOR('',#8811,1.);
#1279=VECTOR('',#8812,1.);
#1280=VECTOR('',#8817,1.);
#1281=VECTOR('',#8822,1.);
#1282=VECTOR('',#8823,1.);
#1283=VECTOR('',#8828,1.);
#1284=VECTOR('',#8831,1.);
#1285=VECTOR('',#8834,1.);
#1286=VECTOR('',#8835,1.);
#1287=VECTOR('',#8836,1.);
#1288=VECTOR('',#8839,1.);
#1289=VECTOR('',#8840,1.);
#1290=VECTOR('',#8841,1.);
#1291=VECTOR('',#8842,1.);
#1292=VECTOR('',#8847,1.);
#1293=VECTOR('',#8852,1.);
#1294=VECTOR('',#8853,1.);
#1295=VECTOR('',#8854,1.);
#1296=VECTOR('',#8859,1.);
#1297=VECTOR('',#8864,1.);
#1298=VECTOR('',#8865,1.);
#1299=VECTOR('',#8866,1.);
#1300=VECTOR('',#8871,1.);
#1301=VECTOR('',#8876,1.);
#1302=VECTOR('',#8877,1.);
#1303=VECTOR('',#8878,1.);
#1304=VECTOR('',#8881,1.);
#1305=VECTOR('',#8882,1.);
#1306=VECTOR('',#8883,1.);
#1307=VECTOR('',#8886,1.);
#1308=VECTOR('',#8887,1.);
#1309=VECTOR('',#8892,1.);
#1310=VECTOR('',#8895,1.);
#1311=VECTOR('',#8898,1.);
#1312=VECTOR('',#8899,1.);
#1313=VECTOR('',#8900,1.);
#1314=VECTOR('',#8905,1.);
#1315=VECTOR('',#8910,1.);
#1316=VECTOR('',#8911,1.);
#1317=VECTOR('',#8912,1.);
#1318=VECTOR('',#8917,1.);
#1319=VECTOR('',#8922,1.);
#1320=VECTOR('',#8923,1.);
#1321=VECTOR('',#8924,1.);
#1322=VECTOR('',#8929,1.);
#1323=VECTOR('',#8934,1.);
#1324=VECTOR('',#8935,1.);
#1325=VECTOR('',#8940,1.);
#1326=VECTOR('',#8943,1.);
#1327=VECTOR('',#8946,1.);
#1328=VECTOR('',#8947,1.);
#1329=VECTOR('',#8948,1.);
#1330=VECTOR('',#8953,1.);
#1331=VECTOR('',#8958,1.);
#1332=VECTOR('',#8959,1.);
#1333=VECTOR('',#8960,1.);
#1334=VECTOR('',#8965,1.);
#1335=VECTOR('',#8970,1.);
#1336=VECTOR('',#8971,1.);
#1337=VECTOR('',#8972,1.);
#1338=VECTOR('',#8977,1.);
#1339=VECTOR('',#8982,1.);
#1340=VECTOR('',#8983,1.);
#1341=VECTOR('',#8988,1.);
#1342=VECTOR('',#8991,1.);
#1343=VECTOR('',#8994,1.);
#1344=VECTOR('',#8995,1.);
#1345=VECTOR('',#8996,1.);
#1346=VECTOR('',#9001,1.);
#1347=VECTOR('',#9006,1.);
#1348=VECTOR('',#9007,1.);
#1349=VECTOR('',#9008,1.);
#1350=VECTOR('',#9013,1.);
#1351=VECTOR('',#9018,1.);
#1352=VECTOR('',#9019,1.);
#1353=VECTOR('',#9020,1.);
#1354=VECTOR('',#9025,1.);
#1355=VECTOR('',#9030,1.);
#1356=VECTOR('',#9031,1.);
#1357=VECTOR('',#9036,1.);
#1358=VECTOR('',#9039,1.);
#1359=VECTOR('',#9042,1.);
#1360=VECTOR('',#9043,1.);
#1361=VECTOR('',#9044,1.);
#1362=VECTOR('',#9049,1.);
#1363=VECTOR('',#9054,1.);
#1364=VECTOR('',#9055,1.);
#1365=VECTOR('',#9056,1.);
#1366=VECTOR('',#9061,1.);
#1367=VECTOR('',#9066,1.);
#1368=VECTOR('',#9067,1.);
#1369=VECTOR('',#9068,1.);
#1370=VECTOR('',#9073,1.);
#1371=VECTOR('',#9078,1.);
#1372=VECTOR('',#9079,1.);
#1373=VECTOR('',#9084,1.);
#1374=VECTOR('',#9087,1.);
#1375=VECTOR('',#9090,1.);
#1376=VECTOR('',#9091,1.);
#1377=VECTOR('',#9092,1.);
#1378=VECTOR('',#9097,1.);
#1379=VECTOR('',#9104,1.);
#1380=VECTOR('',#9107,1.);
#1381=VECTOR('',#9110,1.);
#1382=VECTOR('',#9111,1.);
#1383=VECTOR('',#9112,1.);
#1384=VECTOR('',#9117,1.);
#1385=VECTOR('',#9122,1.);
#1386=VECTOR('',#9123,1.);
#1387=VECTOR('',#9124,1.);
#1388=VECTOR('',#9129,1.);
#1389=VECTOR('',#9134,1.);
#1390=VECTOR('',#9135,1.);
#1391=VECTOR('',#9136,1.);
#1392=VECTOR('',#9141,1.);
#1393=VECTOR('',#9146,1.);
#1394=VECTOR('',#9147,1.);
#1395=VECTOR('',#9152,1.);
#1396=VECTOR('',#9155,1.);
#1397=VECTOR('',#9158,1.);
#1398=VECTOR('',#9159,1.);
#1399=VECTOR('',#9160,1.);
#1400=VECTOR('',#9165,1.);
#1401=VECTOR('',#9170,1.);
#1402=VECTOR('',#9171,1.);
#1403=VECTOR('',#9172,1.);
#1404=VECTOR('',#9177,1.);
#1405=VECTOR('',#9182,1.);
#1406=VECTOR('',#9183,1.);
#1407=VECTOR('',#9184,1.);
#1408=VECTOR('',#9189,1.);
#1409=VECTOR('',#9194,1.);
#1410=VECTOR('',#9195,1.);
#1411=VECTOR('',#9200,1.);
#1412=VECTOR('',#9203,1.);
#1413=VECTOR('',#9206,1.);
#1414=VECTOR('',#9207,1.);
#1415=VECTOR('',#9208,1.);
#1416=VECTOR('',#9213,1.);
#1417=VECTOR('',#9218,1.);
#1418=VECTOR('',#9219,1.);
#1419=VECTOR('',#9220,1.);
#1420=VECTOR('',#9225,1.);
#1421=VECTOR('',#9230,1.);
#1422=VECTOR('',#9231,1.);
#1423=VECTOR('',#9232,1.);
#1424=VECTOR('',#9237,1.);
#1425=VECTOR('',#9242,1.);
#1426=VECTOR('',#9243,1.);
#1427=VECTOR('',#9248,1.);
#1428=VECTOR('',#9251,1.);
#1429=VECTOR('',#9254,1.);
#1430=VECTOR('',#9255,1.);
#1431=VECTOR('',#9256,1.);
#1432=VECTOR('',#9261,1.);
#1433=VECTOR('',#9266,1.);
#1434=VECTOR('',#9267,1.);
#1435=VECTOR('',#9268,1.);
#1436=VECTOR('',#9273,1.);
#1437=VECTOR('',#9278,1.);
#1438=VECTOR('',#9279,1.);
#1439=VECTOR('',#9280,1.);
#1440=VECTOR('',#9285,1.);
#1441=VECTOR('',#9290,1.);
#1442=VECTOR('',#9291,1.);
#1443=VECTOR('',#9296,1.);
#1444=VECTOR('',#9299,1.);
#1445=VECTOR('',#9302,1.);
#1446=VECTOR('',#9303,1.);
#1447=VECTOR('',#9304,1.);
#1448=VECTOR('',#9309,1.);
#1449=VECTOR('',#9314,1.);
#1450=VECTOR('',#9315,1.);
#1451=VECTOR('',#9316,1.);
#1452=VECTOR('',#9321,1.);
#1453=VECTOR('',#9326,1.);
#1454=VECTOR('',#9327,1.);
#1455=VECTOR('',#9328,1.);
#1456=VECTOR('',#9333,1.);
#1457=VECTOR('',#9338,1.);
#1458=VECTOR('',#9339,1.);
#1459=VECTOR('',#9344,1.);
#1460=VECTOR('',#9347,1.);
#1461=VECTOR('',#9350,1.);
#1462=VECTOR('',#9351,1.);
#1463=VECTOR('',#9352,1.);
#1464=VECTOR('',#9357,1.);
#1465=VECTOR('',#9362,1.);
#1466=VECTOR('',#9363,1.);
#1467=VECTOR('',#9364,1.);
#1468=VECTOR('',#9369,1.);
#1469=VECTOR('',#9374,1.);
#1470=VECTOR('',#9375,1.);
#1471=VECTOR('',#9376,1.);
#1472=VECTOR('',#9381,1.);
#1473=VECTOR('',#9386,1.);
#1474=VECTOR('',#9387,1.);
#1475=VECTOR('',#9392,1.);
#1476=VECTOR('',#9395,1.);
#1477=VECTOR('',#9398,1.);
#1478=VECTOR('',#9399,1.);
#1479=VECTOR('',#9400,1.);
#1480=VECTOR('',#9405,1.);
#1481=VECTOR('',#9410,1.);
#1482=VECTOR('',#9411,1.);
#1483=VECTOR('',#9412,1.);
#1484=VECTOR('',#9417,1.);
#1485=VECTOR('',#9422,1.);
#1486=VECTOR('',#9423,1.);
#1487=VECTOR('',#9424,1.);
#1488=VECTOR('',#9429,1.);
#1489=VECTOR('',#9434,1.);
#1490=VECTOR('',#9435,1.);
#1491=VECTOR('',#9438,1.);
#1492=VECTOR('',#9439,1.);
#1493=VECTOR('',#9440,1.);
#1494=VECTOR('',#9445,1.);
#1495=VECTOR('',#9448,1.);
#1496=VECTOR('',#9451,1.);
#1497=VECTOR('',#9452,1.);
#1498=VECTOR('',#9453,1.);
#1499=VECTOR('',#9454,1.);
#1500=VECTOR('',#9457,1.);
#1501=VECTOR('',#9458,1.);
#1502=VECTOR('',#9459,1.);
#1503=VECTOR('',#9462,1.);
#1504=VECTOR('',#9463,1.);
#1505=VECTOR('',#9466,1.);
#1506=VECTOR('',#9467,1.);
#1507=VECTOR('',#9468,1.);
#1508=VECTOR('',#9471,1.);
#1509=VECTOR('',#9472,1.);
#1510=VECTOR('',#9475,1.);
#1511=VECTOR('',#9478,1.);
#1512=VECTOR('',#9479,1.);
#1513=VECTOR('',#9480,1.);
#1514=VECTOR('',#9481,1.);
#1515=VECTOR('',#9482,1.);
#1516=VECTOR('',#9483,1.);
#1517=VECTOR('',#9484,1.);
#1518=VECTOR('',#9485,1.);
#1519=VECTOR('',#9486,1.);
#1520=VECTOR('',#9487,1.);
#1521=VECTOR('',#9488,1.);
#1522=VECTOR('',#9489,1.);
#1523=VECTOR('',#9490,1.);
#1524=VECTOR('',#9491,1.);
#1525=VECTOR('',#9492,1.);
#1526=VECTOR('',#9495,1.);
#1527=VECTOR('',#9496,1.);
#1528=VECTOR('',#9497,1.);
#1529=VECTOR('',#9500,1.);
#1530=VECTOR('',#9501,1.);
#1531=VECTOR('',#9502,1.);
#1532=VECTOR('',#9503,1.);
#1533=VECTOR('',#9506,1.);
#1534=VECTOR('',#9507,1.);
#1535=VECTOR('',#9508,1.);
#1536=VECTOR('',#9511,1.);
#1537=VECTOR('',#9514,1.);
#1538=VECTOR('',#9517,1.);
#1539=VECTOR('',#9522,1.);
#1540=VECTOR('',#9525,1.);
#1541=VECTOR('',#9540,1.);
#1542=VECTOR('',#9541,1.);
#1543=VECTOR('',#9544,1.);
#1544=VECTOR('',#9545,1.);
#1545=VECTOR('',#9546,1.);
#1546=VECTOR('',#9551,1.);
#1547=VECTOR('',#9558,1.);
#1548=VECTOR('',#9561,1.);
#1549=VECTOR('',#9562,1.);
#1550=VECTOR('',#9565,1.);
#1551=VECTOR('',#9566,1.);
#1552=VECTOR('',#9569,1.);
#1553=VECTOR('',#9570,1.);
#1554=VECTOR('',#9579,1.);
#1555=VECTOR('',#9582,1.);
#1556=VECTOR('',#9585,1.);
#1557=VECTOR('',#9586,1.);
#1558=VECTOR('',#9589,1.);
#1559=VECTOR('',#9590,1.);
#1560=VECTOR('',#9591,1.);
#1561=VECTOR('',#9596,1.);
#1562=VECTOR('',#9603,1.);
#1563=VECTOR('',#9606,1.);
#1564=VECTOR('',#9607,1.);
#1565=VECTOR('',#9608,1.);
#1566=VECTOR('',#9613,1.);
#1567=VECTOR('',#9616,1.);
#1568=VECTOR('',#9617,1.);
#1569=VECTOR('',#9626,1.);
#1570=VECTOR('',#9627,1.);
#1571=VECTOR('',#9630,1.);
#1572=VECTOR('',#9631,1.);
#1573=VECTOR('',#9636,1.);
#1574=VECTOR('',#9639,1.);
#1575=VECTOR('',#9644,1.);
#1576=VECTOR('',#9645,1.);
#1577=VECTOR('',#9648,1.);
#1578=VECTOR('',#9649,1.);
#1579=VECTOR('',#9654,1.);
#1580=VECTOR('',#9657,1.);
#1581=VECTOR('',#9660,1.);
#1582=VECTOR('',#9661,1.);
#1583=VECTOR('',#9662,1.);
#1584=VECTOR('',#9663,1.);
#1585=VECTOR('',#9664,1.);
#1586=VECTOR('',#9665,1.);
#1587=VECTOR('',#9666,1.);
#1588=VECTOR('',#9667,1.);
#1589=VECTOR('',#9668,1.);
#1590=VECTOR('',#9669,1.);
#1591=VECTOR('',#9670,1.);
#1592=VECTOR('',#9671,1.);
#1593=VECTOR('',#9672,1.);
#1594=VECTOR('',#9673,1.);
#1595=VECTOR('',#9676,1.);
#1596=VECTOR('',#9679,1.);
#1597=VECTOR('',#9682,1.);
#1598=VECTOR('',#9685,1.);
#1599=VECTOR('',#9688,1.);
#1600=VECTOR('',#9691,1.);
#1601=VECTOR('',#9692,1.);
#1602=VECTOR('',#9695,1.);
#1603=VECTOR('',#9698,1.);
#1604=ORIENTED_EDGE('',*,*,#3644,.T.);
#1605=ORIENTED_EDGE('',*,*,#3645,.T.);
#1606=ORIENTED_EDGE('',*,*,#3646,.F.);
#1607=ORIENTED_EDGE('',*,*,#3647,.F.);
#1608=ORIENTED_EDGE('',*,*,#3648,.T.);
#1609=ORIENTED_EDGE('',*,*,#3649,.T.);
#1610=ORIENTED_EDGE('',*,*,#3650,.F.);
#1611=ORIENTED_EDGE('',*,*,#3651,.F.);
#1612=ORIENTED_EDGE('',*,*,#3652,.T.);
#1613=ORIENTED_EDGE('',*,*,#3653,.T.);
#1614=ORIENTED_EDGE('',*,*,#3654,.F.);
#1615=ORIENTED_EDGE('',*,*,#3655,.F.);
#1616=ORIENTED_EDGE('',*,*,#3656,.T.);
#1617=ORIENTED_EDGE('',*,*,#3657,.T.);
#1618=ORIENTED_EDGE('',*,*,#3658,.F.);
#1619=ORIENTED_EDGE('',*,*,#3653,.F.);
#1620=ORIENTED_EDGE('',*,*,#3659,.T.);
#1621=ORIENTED_EDGE('',*,*,#3660,.T.);
#1622=ORIENTED_EDGE('',*,*,#3661,.F.);
#1623=ORIENTED_EDGE('',*,*,#3657,.F.);
#1624=ORIENTED_EDGE('',*,*,#3662,.T.);
#1625=ORIENTED_EDGE('',*,*,#3663,.T.);
#1626=ORIENTED_EDGE('',*,*,#3664,.F.);
#1627=ORIENTED_EDGE('',*,*,#3660,.F.);
#1628=ORIENTED_EDGE('',*,*,#3665,.T.);
#1629=ORIENTED_EDGE('',*,*,#3666,.T.);
#1630=ORIENTED_EDGE('',*,*,#3667,.F.);
#1631=ORIENTED_EDGE('',*,*,#3663,.F.);
#1632=ORIENTED_EDGE('',*,*,#3668,.T.);
#1633=ORIENTED_EDGE('',*,*,#3669,.T.);
#1634=ORIENTED_EDGE('',*,*,#3670,.F.);
#1635=ORIENTED_EDGE('',*,*,#3666,.F.);
#1636=ORIENTED_EDGE('',*,*,#3671,.T.);
#1637=ORIENTED_EDGE('',*,*,#3672,.T.);
#1638=ORIENTED_EDGE('',*,*,#3673,.F.);
#1639=ORIENTED_EDGE('',*,*,#3669,.F.);
#1640=ORIENTED_EDGE('',*,*,#3674,.T.);
#1641=ORIENTED_EDGE('',*,*,#3655,.T.);
#1642=ORIENTED_EDGE('',*,*,#3675,.F.);
#1643=ORIENTED_EDGE('',*,*,#3672,.F.);
#1644=ORIENTED_EDGE('',*,*,#3676,.T.);
#1645=ORIENTED_EDGE('',*,*,#3677,.T.);
#1646=ORIENTED_EDGE('',*,*,#3678,.F.);
#1647=ORIENTED_EDGE('',*,*,#3679,.F.);
#1648=ORIENTED_EDGE('',*,*,#3680,.T.);
#1649=ORIENTED_EDGE('',*,*,#3681,.T.);
#1650=ORIENTED_EDGE('',*,*,#3682,.F.);
#1651=ORIENTED_EDGE('',*,*,#3677,.F.);
#1652=ORIENTED_EDGE('',*,*,#3683,.T.);
#1653=ORIENTED_EDGE('',*,*,#3684,.T.);
#1654=ORIENTED_EDGE('',*,*,#3685,.F.);
#1655=ORIENTED_EDGE('',*,*,#3681,.F.);
#1656=ORIENTED_EDGE('',*,*,#3686,.T.);
#1657=ORIENTED_EDGE('',*,*,#3687,.T.);
#1658=ORIENTED_EDGE('',*,*,#3688,.F.);
#1659=ORIENTED_EDGE('',*,*,#3684,.F.);
#1660=ORIENTED_EDGE('',*,*,#3689,.T.);
#1661=ORIENTED_EDGE('',*,*,#3690,.T.);
#1662=ORIENTED_EDGE('',*,*,#3691,.F.);
#1663=ORIENTED_EDGE('',*,*,#3687,.F.);
#1664=ORIENTED_EDGE('',*,*,#3692,.T.);
#1665=ORIENTED_EDGE('',*,*,#3693,.T.);
#1666=ORIENTED_EDGE('',*,*,#3694,.F.);
#1667=ORIENTED_EDGE('',*,*,#3690,.F.);
#1668=ORIENTED_EDGE('',*,*,#3695,.T.);
#1669=ORIENTED_EDGE('',*,*,#3696,.T.);
#1670=ORIENTED_EDGE('',*,*,#3697,.F.);
#1671=ORIENTED_EDGE('',*,*,#3693,.F.);
#1672=ORIENTED_EDGE('',*,*,#3698,.T.);
#1673=ORIENTED_EDGE('',*,*,#3679,.T.);
#1674=ORIENTED_EDGE('',*,*,#3699,.F.);
#1675=ORIENTED_EDGE('',*,*,#3696,.F.);
#1676=ORIENTED_EDGE('',*,*,#3700,.T.);
#1677=ORIENTED_EDGE('',*,*,#3701,.T.);
#1678=ORIENTED_EDGE('',*,*,#3702,.F.);
#1679=ORIENTED_EDGE('',*,*,#3703,.F.);
#1680=ORIENTED_EDGE('',*,*,#3704,.T.);
#1681=ORIENTED_EDGE('',*,*,#3705,.T.);
#1682=ORIENTED_EDGE('',*,*,#3706,.F.);
#1683=ORIENTED_EDGE('',*,*,#3701,.F.);
#1684=ORIENTED_EDGE('',*,*,#3707,.T.);
#1685=ORIENTED_EDGE('',*,*,#3708,.T.);
#1686=ORIENTED_EDGE('',*,*,#3709,.F.);
#1687=ORIENTED_EDGE('',*,*,#3705,.F.);
#1688=ORIENTED_EDGE('',*,*,#3710,.T.);
#1689=ORIENTED_EDGE('',*,*,#3711,.T.);
#1690=ORIENTED_EDGE('',*,*,#3712,.F.);
#1691=ORIENTED_EDGE('',*,*,#3708,.F.);
#1692=ORIENTED_EDGE('',*,*,#3713,.T.);
#1693=ORIENTED_EDGE('',*,*,#3714,.T.);
#1694=ORIENTED_EDGE('',*,*,#3715,.F.);
#1695=ORIENTED_EDGE('',*,*,#3711,.F.);
#1696=ORIENTED_EDGE('',*,*,#3716,.T.);
#1697=ORIENTED_EDGE('',*,*,#3717,.T.);
#1698=ORIENTED_EDGE('',*,*,#3718,.F.);
#1699=ORIENTED_EDGE('',*,*,#3714,.F.);
#1700=ORIENTED_EDGE('',*,*,#3719,.T.);
#1701=ORIENTED_EDGE('',*,*,#3720,.T.);
#1702=ORIENTED_EDGE('',*,*,#3721,.F.);
#1703=ORIENTED_EDGE('',*,*,#3717,.F.);
#1704=ORIENTED_EDGE('',*,*,#3722,.T.);
#1705=ORIENTED_EDGE('',*,*,#3723,.T.);
#1706=ORIENTED_EDGE('',*,*,#3724,.F.);
#1707=ORIENTED_EDGE('',*,*,#3720,.F.);
#1708=ORIENTED_EDGE('',*,*,#3725,.T.);
#1709=ORIENTED_EDGE('',*,*,#3726,.T.);
#1710=ORIENTED_EDGE('',*,*,#3727,.F.);
#1711=ORIENTED_EDGE('',*,*,#3723,.F.);
#1712=ORIENTED_EDGE('',*,*,#3728,.T.);
#1713=ORIENTED_EDGE('',*,*,#3729,.T.);
#1714=ORIENTED_EDGE('',*,*,#3730,.F.);
#1715=ORIENTED_EDGE('',*,*,#3726,.F.);
#1716=ORIENTED_EDGE('',*,*,#3731,.T.);
#1717=ORIENTED_EDGE('',*,*,#3732,.T.);
#1718=ORIENTED_EDGE('',*,*,#3733,.F.);
#1719=ORIENTED_EDGE('',*,*,#3729,.F.);
#1720=ORIENTED_EDGE('',*,*,#3734,.T.);
#1721=ORIENTED_EDGE('',*,*,#3735,.T.);
#1722=ORIENTED_EDGE('',*,*,#3736,.F.);
#1723=ORIENTED_EDGE('',*,*,#3732,.F.);
#1724=ORIENTED_EDGE('',*,*,#3737,.T.);
#1725=ORIENTED_EDGE('',*,*,#3738,.T.);
#1726=ORIENTED_EDGE('',*,*,#3739,.F.);
#1727=ORIENTED_EDGE('',*,*,#3735,.F.);
#1728=ORIENTED_EDGE('',*,*,#3740,.T.);
#1729=ORIENTED_EDGE('',*,*,#3703,.T.);
#1730=ORIENTED_EDGE('',*,*,#3741,.F.);
#1731=ORIENTED_EDGE('',*,*,#3738,.F.);
#1732=ORIENTED_EDGE('',*,*,#3742,.T.);
#1733=ORIENTED_EDGE('',*,*,#3743,.T.);
#1734=ORIENTED_EDGE('',*,*,#3744,.F.);
#1735=ORIENTED_EDGE('',*,*,#3745,.F.);
#1736=ORIENTED_EDGE('',*,*,#3746,.T.);
#1737=ORIENTED_EDGE('',*,*,#3747,.T.);
#1738=ORIENTED_EDGE('',*,*,#3748,.F.);
#1739=ORIENTED_EDGE('',*,*,#3743,.F.);
#1740=ORIENTED_EDGE('',*,*,#3749,.T.);
#1741=ORIENTED_EDGE('',*,*,#3750,.T.);
#1742=ORIENTED_EDGE('',*,*,#3751,.F.);
#1743=ORIENTED_EDGE('',*,*,#3747,.F.);
#1744=ORIENTED_EDGE('',*,*,#3752,.T.);
#1745=ORIENTED_EDGE('',*,*,#3753,.T.);
#1746=ORIENTED_EDGE('',*,*,#3754,.F.);
#1747=ORIENTED_EDGE('',*,*,#3750,.F.);
#1748=ORIENTED_EDGE('',*,*,#3755,.T.);
#1749=ORIENTED_EDGE('',*,*,#3756,.T.);
#1750=ORIENTED_EDGE('',*,*,#3757,.F.);
#1751=ORIENTED_EDGE('',*,*,#3753,.F.);
#1752=ORIENTED_EDGE('',*,*,#3758,.T.);
#1753=ORIENTED_EDGE('',*,*,#3759,.T.);
#1754=ORIENTED_EDGE('',*,*,#3760,.F.);
#1755=ORIENTED_EDGE('',*,*,#3756,.F.);
#1756=ORIENTED_EDGE('',*,*,#3761,.T.);
#1757=ORIENTED_EDGE('',*,*,#3762,.T.);
#1758=ORIENTED_EDGE('',*,*,#3763,.F.);
#1759=ORIENTED_EDGE('',*,*,#3759,.F.);
#1760=ORIENTED_EDGE('',*,*,#3764,.T.);
#1761=ORIENTED_EDGE('',*,*,#3745,.T.);
#1762=ORIENTED_EDGE('',*,*,#3765,.F.);
#1763=ORIENTED_EDGE('',*,*,#3762,.F.);
#1764=ORIENTED_EDGE('',*,*,#3766,.T.);
#1765=ORIENTED_EDGE('',*,*,#3767,.T.);
#1766=ORIENTED_EDGE('',*,*,#3768,.F.);
#1767=ORIENTED_EDGE('',*,*,#3769,.F.);
#1768=ORIENTED_EDGE('',*,*,#3770,.T.);
#1769=ORIENTED_EDGE('',*,*,#3771,.T.);
#1770=ORIENTED_EDGE('',*,*,#3772,.F.);
#1771=ORIENTED_EDGE('',*,*,#3767,.F.);
#1772=ORIENTED_EDGE('',*,*,#3773,.T.);
#1773=ORIENTED_EDGE('',*,*,#3774,.T.);
#1774=ORIENTED_EDGE('',*,*,#3775,.F.);
#1775=ORIENTED_EDGE('',*,*,#3771,.F.);
#1776=ORIENTED_EDGE('',*,*,#3776,.T.);
#1777=ORIENTED_EDGE('',*,*,#3777,.T.);
#1778=ORIENTED_EDGE('',*,*,#3778,.F.);
#1779=ORIENTED_EDGE('',*,*,#3774,.F.);
#1780=ORIENTED_EDGE('',*,*,#3779,.T.);
#1781=ORIENTED_EDGE('',*,*,#3780,.T.);
#1782=ORIENTED_EDGE('',*,*,#3781,.F.);
#1783=ORIENTED_EDGE('',*,*,#3777,.F.);
#1784=ORIENTED_EDGE('',*,*,#3782,.T.);
#1785=ORIENTED_EDGE('',*,*,#3783,.T.);
#1786=ORIENTED_EDGE('',*,*,#3784,.F.);
#1787=ORIENTED_EDGE('',*,*,#3780,.F.);
#1788=ORIENTED_EDGE('',*,*,#3785,.T.);
#1789=ORIENTED_EDGE('',*,*,#3786,.T.);
#1790=ORIENTED_EDGE('',*,*,#3787,.F.);
#1791=ORIENTED_EDGE('',*,*,#3783,.F.);
#1792=ORIENTED_EDGE('',*,*,#3788,.T.);
#1793=ORIENTED_EDGE('',*,*,#3769,.T.);
#1794=ORIENTED_EDGE('',*,*,#3789,.F.);
#1795=ORIENTED_EDGE('',*,*,#3786,.F.);
#1796=ORIENTED_EDGE('',*,*,#3790,.T.);
#1797=ORIENTED_EDGE('',*,*,#3791,.T.);
#1798=ORIENTED_EDGE('',*,*,#3792,.F.);
#1799=ORIENTED_EDGE('',*,*,#3793,.F.);
#1800=ORIENTED_EDGE('',*,*,#3794,.T.);
#1801=ORIENTED_EDGE('',*,*,#3795,.T.);
#1802=ORIENTED_EDGE('',*,*,#3796,.F.);
#1803=ORIENTED_EDGE('',*,*,#3791,.F.);
#1804=ORIENTED_EDGE('',*,*,#3797,.T.);
#1805=ORIENTED_EDGE('',*,*,#3798,.T.);
#1806=ORIENTED_EDGE('',*,*,#3799,.F.);
#1807=ORIENTED_EDGE('',*,*,#3795,.F.);
#1808=ORIENTED_EDGE('',*,*,#3800,.T.);
#1809=ORIENTED_EDGE('',*,*,#3801,.T.);
#1810=ORIENTED_EDGE('',*,*,#3802,.F.);
#1811=ORIENTED_EDGE('',*,*,#3798,.F.);
#1812=ORIENTED_EDGE('',*,*,#3803,.T.);
#1813=ORIENTED_EDGE('',*,*,#3804,.T.);
#1814=ORIENTED_EDGE('',*,*,#3805,.F.);
#1815=ORIENTED_EDGE('',*,*,#3801,.F.);
#1816=ORIENTED_EDGE('',*,*,#3806,.T.);
#1817=ORIENTED_EDGE('',*,*,#3807,.T.);
#1818=ORIENTED_EDGE('',*,*,#3808,.F.);
#1819=ORIENTED_EDGE('',*,*,#3804,.F.);
#1820=ORIENTED_EDGE('',*,*,#3809,.T.);
#1821=ORIENTED_EDGE('',*,*,#3810,.T.);
#1822=ORIENTED_EDGE('',*,*,#3811,.F.);
#1823=ORIENTED_EDGE('',*,*,#3807,.F.);
#1824=ORIENTED_EDGE('',*,*,#3812,.T.);
#1825=ORIENTED_EDGE('',*,*,#3793,.T.);
#1826=ORIENTED_EDGE('',*,*,#3813,.F.);
#1827=ORIENTED_EDGE('',*,*,#3810,.F.);
#1828=ORIENTED_EDGE('',*,*,#3814,.T.);
#1829=ORIENTED_EDGE('',*,*,#3815,.T.);
#1830=ORIENTED_EDGE('',*,*,#3816,.F.);
#1831=ORIENTED_EDGE('',*,*,#3817,.F.);
#1832=ORIENTED_EDGE('',*,*,#3818,.T.);
#1833=ORIENTED_EDGE('',*,*,#3819,.T.);
#1834=ORIENTED_EDGE('',*,*,#3820,.F.);
#1835=ORIENTED_EDGE('',*,*,#3815,.F.);
#1836=ORIENTED_EDGE('',*,*,#3821,.T.);
#1837=ORIENTED_EDGE('',*,*,#3822,.T.);
#1838=ORIENTED_EDGE('',*,*,#3823,.F.);
#1839=ORIENTED_EDGE('',*,*,#3819,.F.);
#1840=ORIENTED_EDGE('',*,*,#3824,.F.);
#1841=ORIENTED_EDGE('',*,*,#3825,.F.);
#1842=ORIENTED_EDGE('',*,*,#3822,.F.);
#1843=ORIENTED_EDGE('',*,*,#3826,.T.);
#1844=ORIENTED_EDGE('',*,*,#3827,.T.);
#1845=ORIENTED_EDGE('',*,*,#3828,.T.);
#1846=ORIENTED_EDGE('',*,*,#3829,.F.);
#1847=ORIENTED_EDGE('',*,*,#3830,.F.);
#1848=ORIENTED_EDGE('',*,*,#3831,.T.);
#1849=ORIENTED_EDGE('',*,*,#3832,.T.);
#1850=ORIENTED_EDGE('',*,*,#3833,.F.);
#1851=ORIENTED_EDGE('',*,*,#3828,.F.);
#1852=ORIENTED_EDGE('',*,*,#3834,.T.);
#1853=ORIENTED_EDGE('',*,*,#3835,.T.);
#1854=ORIENTED_EDGE('',*,*,#3836,.F.);
#1855=ORIENTED_EDGE('',*,*,#3832,.F.);
#1856=ORIENTED_EDGE('',*,*,#3837,.T.);
#1857=ORIENTED_EDGE('',*,*,#3838,.T.);
#1858=ORIENTED_EDGE('',*,*,#3839,.F.);
#1859=ORIENTED_EDGE('',*,*,#3835,.F.);
#1860=ORIENTED_EDGE('',*,*,#3840,.T.);
#1861=ORIENTED_EDGE('',*,*,#3841,.T.);
#1862=ORIENTED_EDGE('',*,*,#3842,.F.);
#1863=ORIENTED_EDGE('',*,*,#3838,.F.);
#1864=ORIENTED_EDGE('',*,*,#3843,.T.);
#1865=ORIENTED_EDGE('',*,*,#3844,.T.);
#1866=ORIENTED_EDGE('',*,*,#3845,.F.);
#1867=ORIENTED_EDGE('',*,*,#3841,.F.);
#1868=ORIENTED_EDGE('',*,*,#3846,.T.);
#1869=ORIENTED_EDGE('',*,*,#3847,.T.);
#1870=ORIENTED_EDGE('',*,*,#3848,.F.);
#1871=ORIENTED_EDGE('',*,*,#3844,.F.);
#1872=ORIENTED_EDGE('',*,*,#3849,.T.);
#1873=ORIENTED_EDGE('',*,*,#3830,.T.);
#1874=ORIENTED_EDGE('',*,*,#3850,.F.);
#1875=ORIENTED_EDGE('',*,*,#3847,.F.);
#1876=ORIENTED_EDGE('',*,*,#3851,.T.);
#1877=ORIENTED_EDGE('',*,*,#3852,.T.);
#1878=ORIENTED_EDGE('',*,*,#3853,.F.);
#1879=ORIENTED_EDGE('',*,*,#3854,.F.);
#1880=ORIENTED_EDGE('',*,*,#3855,.T.);
#1881=ORIENTED_EDGE('',*,*,#3856,.T.);
#1882=ORIENTED_EDGE('',*,*,#3857,.F.);
#1883=ORIENTED_EDGE('',*,*,#3852,.F.);
#1884=ORIENTED_EDGE('',*,*,#3858,.T.);
#1885=ORIENTED_EDGE('',*,*,#3859,.T.);
#1886=ORIENTED_EDGE('',*,*,#3860,.F.);
#1887=ORIENTED_EDGE('',*,*,#3856,.F.);
#1888=ORIENTED_EDGE('',*,*,#3861,.T.);
#1889=ORIENTED_EDGE('',*,*,#3862,.T.);
#1890=ORIENTED_EDGE('',*,*,#3863,.F.);
#1891=ORIENTED_EDGE('',*,*,#3859,.F.);
#1892=ORIENTED_EDGE('',*,*,#3864,.T.);
#1893=ORIENTED_EDGE('',*,*,#3865,.T.);
#1894=ORIENTED_EDGE('',*,*,#3866,.F.);
#1895=ORIENTED_EDGE('',*,*,#3862,.F.);
#1896=ORIENTED_EDGE('',*,*,#3867,.T.);
#1897=ORIENTED_EDGE('',*,*,#3868,.T.);
#1898=ORIENTED_EDGE('',*,*,#3869,.F.);
#1899=ORIENTED_EDGE('',*,*,#3865,.F.);
#1900=ORIENTED_EDGE('',*,*,#3870,.T.);
#1901=ORIENTED_EDGE('',*,*,#3871,.T.);
#1902=ORIENTED_EDGE('',*,*,#3872,.F.);
#1903=ORIENTED_EDGE('',*,*,#3868,.F.);
#1904=ORIENTED_EDGE('',*,*,#3873,.T.);
#1905=ORIENTED_EDGE('',*,*,#3854,.T.);
#1906=ORIENTED_EDGE('',*,*,#3874,.F.);
#1907=ORIENTED_EDGE('',*,*,#3871,.F.);
#1908=ORIENTED_EDGE('',*,*,#3875,.T.);
#1909=ORIENTED_EDGE('',*,*,#3876,.T.);
#1910=ORIENTED_EDGE('',*,*,#3877,.F.);
#1911=ORIENTED_EDGE('',*,*,#3878,.F.);
#1912=ORIENTED_EDGE('',*,*,#3879,.T.);
#1913=ORIENTED_EDGE('',*,*,#3880,.T.);
#1914=ORIENTED_EDGE('',*,*,#3881,.F.);
#1915=ORIENTED_EDGE('',*,*,#3876,.F.);
#1916=ORIENTED_EDGE('',*,*,#3882,.T.);
#1917=ORIENTED_EDGE('',*,*,#3883,.T.);
#1918=ORIENTED_EDGE('',*,*,#3884,.F.);
#1919=ORIENTED_EDGE('',*,*,#3880,.F.);
#1920=ORIENTED_EDGE('',*,*,#3885,.T.);
#1921=ORIENTED_EDGE('',*,*,#3886,.T.);
#1922=ORIENTED_EDGE('',*,*,#3887,.F.);
#1923=ORIENTED_EDGE('',*,*,#3883,.F.);
#1924=ORIENTED_EDGE('',*,*,#3888,.T.);
#1925=ORIENTED_EDGE('',*,*,#3889,.T.);
#1926=ORIENTED_EDGE('',*,*,#3890,.F.);
#1927=ORIENTED_EDGE('',*,*,#3886,.F.);
#1928=ORIENTED_EDGE('',*,*,#3891,.T.);
#1929=ORIENTED_EDGE('',*,*,#3892,.T.);
#1930=ORIENTED_EDGE('',*,*,#3893,.F.);
#1931=ORIENTED_EDGE('',*,*,#3889,.F.);
#1932=ORIENTED_EDGE('',*,*,#3894,.T.);
#1933=ORIENTED_EDGE('',*,*,#3895,.T.);
#1934=ORIENTED_EDGE('',*,*,#3896,.F.);
#1935=ORIENTED_EDGE('',*,*,#3892,.F.);
#1936=ORIENTED_EDGE('',*,*,#3897,.T.);
#1937=ORIENTED_EDGE('',*,*,#3878,.T.);
#1938=ORIENTED_EDGE('',*,*,#3898,.F.);
#1939=ORIENTED_EDGE('',*,*,#3895,.F.);
#1940=ORIENTED_EDGE('',*,*,#3899,.T.);
#1941=ORIENTED_EDGE('',*,*,#3900,.T.);
#1942=ORIENTED_EDGE('',*,*,#3901,.F.);
#1943=ORIENTED_EDGE('',*,*,#3902,.F.);
#1944=ORIENTED_EDGE('',*,*,#3903,.T.);
#1945=ORIENTED_EDGE('',*,*,#3904,.T.);
#1946=ORIENTED_EDGE('',*,*,#3905,.F.);
#1947=ORIENTED_EDGE('',*,*,#3900,.F.);
#1948=ORIENTED_EDGE('',*,*,#3906,.T.);
#1949=ORIENTED_EDGE('',*,*,#3907,.T.);
#1950=ORIENTED_EDGE('',*,*,#3908,.F.);
#1951=ORIENTED_EDGE('',*,*,#3904,.F.);
#1952=ORIENTED_EDGE('',*,*,#3909,.T.);
#1953=ORIENTED_EDGE('',*,*,#3910,.T.);
#1954=ORIENTED_EDGE('',*,*,#3911,.F.);
#1955=ORIENTED_EDGE('',*,*,#3907,.F.);
#1956=ORIENTED_EDGE('',*,*,#3912,.T.);
#1957=ORIENTED_EDGE('',*,*,#3913,.T.);
#1958=ORIENTED_EDGE('',*,*,#3914,.F.);
#1959=ORIENTED_EDGE('',*,*,#3910,.F.);
#1960=ORIENTED_EDGE('',*,*,#3915,.T.);
#1961=ORIENTED_EDGE('',*,*,#3916,.T.);
#1962=ORIENTED_EDGE('',*,*,#3917,.F.);
#1963=ORIENTED_EDGE('',*,*,#3913,.F.);
#1964=ORIENTED_EDGE('',*,*,#3918,.T.);
#1965=ORIENTED_EDGE('',*,*,#3919,.T.);
#1966=ORIENTED_EDGE('',*,*,#3920,.F.);
#1967=ORIENTED_EDGE('',*,*,#3916,.F.);
#1968=ORIENTED_EDGE('',*,*,#3921,.T.);
#1969=ORIENTED_EDGE('',*,*,#3902,.T.);
#1970=ORIENTED_EDGE('',*,*,#3922,.F.);
#1971=ORIENTED_EDGE('',*,*,#3919,.F.);
#1972=ORIENTED_EDGE('',*,*,#3923,.T.);
#1973=ORIENTED_EDGE('',*,*,#3924,.T.);
#1974=ORIENTED_EDGE('',*,*,#3925,.F.);
#1975=ORIENTED_EDGE('',*,*,#3926,.F.);
#1976=ORIENTED_EDGE('',*,*,#3927,.T.);
#1977=ORIENTED_EDGE('',*,*,#3928,.T.);
#1978=ORIENTED_EDGE('',*,*,#3929,.F.);
#1979=ORIENTED_EDGE('',*,*,#3924,.F.);
#1980=ORIENTED_EDGE('',*,*,#3930,.T.);
#1981=ORIENTED_EDGE('',*,*,#3931,.T.);
#1982=ORIENTED_EDGE('',*,*,#3932,.F.);
#1983=ORIENTED_EDGE('',*,*,#3928,.F.);
#1984=ORIENTED_EDGE('',*,*,#3933,.F.);
#1985=ORIENTED_EDGE('',*,*,#3934,.F.);
#1986=ORIENTED_EDGE('',*,*,#3931,.F.);
#1987=ORIENTED_EDGE('',*,*,#3935,.T.);
#1988=ORIENTED_EDGE('',*,*,#3936,.T.);
#1989=ORIENTED_EDGE('',*,*,#3937,.T.);
#1990=ORIENTED_EDGE('',*,*,#3938,.F.);
#1991=ORIENTED_EDGE('',*,*,#3939,.F.);
#1992=ORIENTED_EDGE('',*,*,#3940,.T.);
#1993=ORIENTED_EDGE('',*,*,#3941,.T.);
#1994=ORIENTED_EDGE('',*,*,#3942,.F.);
#1995=ORIENTED_EDGE('',*,*,#3937,.F.);
#1996=ORIENTED_EDGE('',*,*,#3943,.T.);
#1997=ORIENTED_EDGE('',*,*,#3944,.T.);
#1998=ORIENTED_EDGE('',*,*,#3945,.F.);
#1999=ORIENTED_EDGE('',*,*,#3941,.F.);
#2000=ORIENTED_EDGE('',*,*,#3946,.T.);
#2001=ORIENTED_EDGE('',*,*,#3947,.T.);
#2002=ORIENTED_EDGE('',*,*,#3948,.F.);
#2003=ORIENTED_EDGE('',*,*,#3944,.F.);
#2004=ORIENTED_EDGE('',*,*,#3949,.T.);
#2005=ORIENTED_EDGE('',*,*,#3950,.T.);
#2006=ORIENTED_EDGE('',*,*,#3951,.F.);
#2007=ORIENTED_EDGE('',*,*,#3947,.F.);
#2008=ORIENTED_EDGE('',*,*,#3952,.T.);
#2009=ORIENTED_EDGE('',*,*,#3953,.T.);
#2010=ORIENTED_EDGE('',*,*,#3954,.F.);
#2011=ORIENTED_EDGE('',*,*,#3950,.F.);
#2012=ORIENTED_EDGE('',*,*,#3955,.T.);
#2013=ORIENTED_EDGE('',*,*,#3956,.T.);
#2014=ORIENTED_EDGE('',*,*,#3957,.F.);
#2015=ORIENTED_EDGE('',*,*,#3953,.F.);
#2016=ORIENTED_EDGE('',*,*,#3958,.T.);
#2017=ORIENTED_EDGE('',*,*,#3939,.T.);
#2018=ORIENTED_EDGE('',*,*,#3959,.F.);
#2019=ORIENTED_EDGE('',*,*,#3956,.F.);
#2020=ORIENTED_EDGE('',*,*,#3960,.T.);
#2021=ORIENTED_EDGE('',*,*,#3961,.T.);
#2022=ORIENTED_EDGE('',*,*,#3962,.F.);
#2023=ORIENTED_EDGE('',*,*,#3963,.F.);
#2024=ORIENTED_EDGE('',*,*,#3964,.T.);
#2025=ORIENTED_EDGE('',*,*,#3965,.T.);
#2026=ORIENTED_EDGE('',*,*,#3966,.F.);
#2027=ORIENTED_EDGE('',*,*,#3961,.F.);
#2028=ORIENTED_EDGE('',*,*,#3967,.T.);
#2029=ORIENTED_EDGE('',*,*,#3968,.T.);
#2030=ORIENTED_EDGE('',*,*,#3969,.F.);
#2031=ORIENTED_EDGE('',*,*,#3965,.F.);
#2032=ORIENTED_EDGE('',*,*,#3970,.T.);
#2033=ORIENTED_EDGE('',*,*,#3971,.T.);
#2034=ORIENTED_EDGE('',*,*,#3972,.F.);
#2035=ORIENTED_EDGE('',*,*,#3968,.F.);
#2036=ORIENTED_EDGE('',*,*,#3973,.T.);
#2037=ORIENTED_EDGE('',*,*,#3974,.T.);
#2038=ORIENTED_EDGE('',*,*,#3975,.F.);
#2039=ORIENTED_EDGE('',*,*,#3971,.F.);
#2040=ORIENTED_EDGE('',*,*,#3976,.T.);
#2041=ORIENTED_EDGE('',*,*,#3977,.T.);
#2042=ORIENTED_EDGE('',*,*,#3978,.F.);
#2043=ORIENTED_EDGE('',*,*,#3974,.F.);
#2044=ORIENTED_EDGE('',*,*,#3979,.T.);
#2045=ORIENTED_EDGE('',*,*,#3980,.T.);
#2046=ORIENTED_EDGE('',*,*,#3981,.F.);
#2047=ORIENTED_EDGE('',*,*,#3977,.F.);
#2048=ORIENTED_EDGE('',*,*,#3982,.T.);
#2049=ORIENTED_EDGE('',*,*,#3963,.T.);
#2050=ORIENTED_EDGE('',*,*,#3983,.F.);
#2051=ORIENTED_EDGE('',*,*,#3980,.F.);
#2052=ORIENTED_EDGE('',*,*,#3984,.T.);
#2053=ORIENTED_EDGE('',*,*,#3985,.T.);
#2054=ORIENTED_EDGE('',*,*,#3986,.F.);
#2055=ORIENTED_EDGE('',*,*,#3987,.F.);
#2056=ORIENTED_EDGE('',*,*,#3988,.T.);
#2057=ORIENTED_EDGE('',*,*,#3989,.T.);
#2058=ORIENTED_EDGE('',*,*,#3990,.F.);
#2059=ORIENTED_EDGE('',*,*,#3985,.F.);
#2060=ORIENTED_EDGE('',*,*,#3991,.T.);
#2061=ORIENTED_EDGE('',*,*,#3992,.T.);
#2062=ORIENTED_EDGE('',*,*,#3993,.F.);
#2063=ORIENTED_EDGE('',*,*,#3989,.F.);
#2064=ORIENTED_EDGE('',*,*,#3994,.T.);
#2065=ORIENTED_EDGE('',*,*,#3995,.T.);
#2066=ORIENTED_EDGE('',*,*,#3996,.F.);
#2067=ORIENTED_EDGE('',*,*,#3992,.F.);
#2068=ORIENTED_EDGE('',*,*,#3997,.T.);
#2069=ORIENTED_EDGE('',*,*,#3998,.T.);
#2070=ORIENTED_EDGE('',*,*,#3999,.F.);
#2071=ORIENTED_EDGE('',*,*,#3995,.F.);
#2072=ORIENTED_EDGE('',*,*,#4000,.T.);
#2073=ORIENTED_EDGE('',*,*,#4001,.T.);
#2074=ORIENTED_EDGE('',*,*,#4002,.F.);
#2075=ORIENTED_EDGE('',*,*,#3998,.F.);
#2076=ORIENTED_EDGE('',*,*,#4003,.T.);
#2077=ORIENTED_EDGE('',*,*,#4004,.T.);
#2078=ORIENTED_EDGE('',*,*,#4005,.F.);
#2079=ORIENTED_EDGE('',*,*,#4001,.F.);
#2080=ORIENTED_EDGE('',*,*,#4006,.T.);
#2081=ORIENTED_EDGE('',*,*,#3987,.T.);
#2082=ORIENTED_EDGE('',*,*,#4007,.F.);
#2083=ORIENTED_EDGE('',*,*,#4004,.F.);
#2084=ORIENTED_EDGE('',*,*,#4008,.T.);
#2085=ORIENTED_EDGE('',*,*,#4009,.T.);
#2086=ORIENTED_EDGE('',*,*,#4010,.F.);
#2087=ORIENTED_EDGE('',*,*,#4011,.F.);
#2088=ORIENTED_EDGE('',*,*,#4012,.T.);
#2089=ORIENTED_EDGE('',*,*,#4013,.T.);
#2090=ORIENTED_EDGE('',*,*,#4014,.F.);
#2091=ORIENTED_EDGE('',*,*,#4009,.F.);
#2092=ORIENTED_EDGE('',*,*,#4015,.T.);
#2093=ORIENTED_EDGE('',*,*,#4016,.T.);
#2094=ORIENTED_EDGE('',*,*,#4017,.F.);
#2095=ORIENTED_EDGE('',*,*,#4013,.F.);
#2096=ORIENTED_EDGE('',*,*,#4018,.T.);
#2097=ORIENTED_EDGE('',*,*,#4019,.T.);
#2098=ORIENTED_EDGE('',*,*,#4020,.F.);
#2099=ORIENTED_EDGE('',*,*,#4016,.F.);
#2100=ORIENTED_EDGE('',*,*,#4021,.T.);
#2101=ORIENTED_EDGE('',*,*,#4022,.T.);
#2102=ORIENTED_EDGE('',*,*,#4023,.F.);
#2103=ORIENTED_EDGE('',*,*,#4019,.F.);
#2104=ORIENTED_EDGE('',*,*,#4024,.T.);
#2105=ORIENTED_EDGE('',*,*,#4025,.T.);
#2106=ORIENTED_EDGE('',*,*,#4026,.F.);
#2107=ORIENTED_EDGE('',*,*,#4022,.F.);
#2108=ORIENTED_EDGE('',*,*,#4027,.T.);
#2109=ORIENTED_EDGE('',*,*,#4028,.T.);
#2110=ORIENTED_EDGE('',*,*,#4029,.F.);
#2111=ORIENTED_EDGE('',*,*,#4025,.F.);
#2112=ORIENTED_EDGE('',*,*,#4030,.T.);
#2113=ORIENTED_EDGE('',*,*,#4011,.T.);
#2114=ORIENTED_EDGE('',*,*,#4031,.F.);
#2115=ORIENTED_EDGE('',*,*,#4028,.F.);
#2116=ORIENTED_EDGE('',*,*,#4032,.T.);
#2117=ORIENTED_EDGE('',*,*,#4033,.T.);
#2118=ORIENTED_EDGE('',*,*,#4034,.F.);
#2119=ORIENTED_EDGE('',*,*,#4035,.F.);
#2120=ORIENTED_EDGE('',*,*,#4036,.T.);
#2121=ORIENTED_EDGE('',*,*,#4037,.T.);
#2122=ORIENTED_EDGE('',*,*,#4038,.F.);
#2123=ORIENTED_EDGE('',*,*,#4033,.F.);
#2124=ORIENTED_EDGE('',*,*,#4039,.T.);
#2125=ORIENTED_EDGE('',*,*,#4040,.T.);
#2126=ORIENTED_EDGE('',*,*,#4041,.F.);
#2127=ORIENTED_EDGE('',*,*,#4037,.F.);
#2128=ORIENTED_EDGE('',*,*,#4042,.T.);
#2129=ORIENTED_EDGE('',*,*,#4043,.T.);
#2130=ORIENTED_EDGE('',*,*,#4044,.F.);
#2131=ORIENTED_EDGE('',*,*,#4040,.F.);
#2132=ORIENTED_EDGE('',*,*,#4045,.T.);
#2133=ORIENTED_EDGE('',*,*,#4046,.T.);
#2134=ORIENTED_EDGE('',*,*,#4047,.F.);
#2135=ORIENTED_EDGE('',*,*,#4043,.F.);
#2136=ORIENTED_EDGE('',*,*,#4048,.T.);
#2137=ORIENTED_EDGE('',*,*,#4049,.T.);
#2138=ORIENTED_EDGE('',*,*,#4050,.F.);
#2139=ORIENTED_EDGE('',*,*,#4046,.F.);
#2140=ORIENTED_EDGE('',*,*,#4051,.T.);
#2141=ORIENTED_EDGE('',*,*,#4052,.T.);
#2142=ORIENTED_EDGE('',*,*,#4053,.F.);
#2143=ORIENTED_EDGE('',*,*,#4049,.F.);
#2144=ORIENTED_EDGE('',*,*,#4054,.T.);
#2145=ORIENTED_EDGE('',*,*,#4035,.T.);
#2146=ORIENTED_EDGE('',*,*,#4055,.F.);
#2147=ORIENTED_EDGE('',*,*,#4052,.F.);
#2148=ORIENTED_EDGE('',*,*,#4056,.T.);
#2149=ORIENTED_EDGE('',*,*,#4057,.T.);
#2150=ORIENTED_EDGE('',*,*,#4058,.F.);
#2151=ORIENTED_EDGE('',*,*,#4059,.F.);
#2152=ORIENTED_EDGE('',*,*,#4060,.T.);
#2153=ORIENTED_EDGE('',*,*,#4061,.T.);
#2154=ORIENTED_EDGE('',*,*,#4062,.F.);
#2155=ORIENTED_EDGE('',*,*,#4057,.F.);
#2156=ORIENTED_EDGE('',*,*,#4063,.T.);
#2157=ORIENTED_EDGE('',*,*,#4064,.T.);
#2158=ORIENTED_EDGE('',*,*,#4065,.F.);
#2159=ORIENTED_EDGE('',*,*,#4061,.F.);
#2160=ORIENTED_EDGE('',*,*,#4066,.F.);
#2161=ORIENTED_EDGE('',*,*,#4067,.F.);
#2162=ORIENTED_EDGE('',*,*,#4064,.F.);
#2163=ORIENTED_EDGE('',*,*,#4068,.T.);
#2164=ORIENTED_EDGE('',*,*,#4069,.T.);
#2165=ORIENTED_EDGE('',*,*,#4070,.T.);
#2166=ORIENTED_EDGE('',*,*,#4071,.F.);
#2167=ORIENTED_EDGE('',*,*,#4072,.F.);
#2168=ORIENTED_EDGE('',*,*,#4073,.T.);
#2169=ORIENTED_EDGE('',*,*,#4074,.T.);
#2170=ORIENTED_EDGE('',*,*,#4075,.F.);
#2171=ORIENTED_EDGE('',*,*,#4070,.F.);
#2172=ORIENTED_EDGE('',*,*,#4076,.T.);
#2173=ORIENTED_EDGE('',*,*,#4077,.T.);
#2174=ORIENTED_EDGE('',*,*,#4078,.F.);
#2175=ORIENTED_EDGE('',*,*,#4074,.F.);
#2176=ORIENTED_EDGE('',*,*,#4079,.T.);
#2177=ORIENTED_EDGE('',*,*,#4080,.T.);
#2178=ORIENTED_EDGE('',*,*,#4081,.F.);
#2179=ORIENTED_EDGE('',*,*,#4077,.F.);
#2180=ORIENTED_EDGE('',*,*,#4082,.T.);
#2181=ORIENTED_EDGE('',*,*,#4083,.T.);
#2182=ORIENTED_EDGE('',*,*,#4084,.F.);
#2183=ORIENTED_EDGE('',*,*,#4080,.F.);
#2184=ORIENTED_EDGE('',*,*,#4085,.T.);
#2185=ORIENTED_EDGE('',*,*,#4086,.T.);
#2186=ORIENTED_EDGE('',*,*,#4087,.F.);
#2187=ORIENTED_EDGE('',*,*,#4083,.F.);
#2188=ORIENTED_EDGE('',*,*,#4088,.T.);
#2189=ORIENTED_EDGE('',*,*,#4089,.T.);
#2190=ORIENTED_EDGE('',*,*,#4090,.F.);
#2191=ORIENTED_EDGE('',*,*,#4086,.F.);
#2192=ORIENTED_EDGE('',*,*,#4091,.T.);
#2193=ORIENTED_EDGE('',*,*,#4072,.T.);
#2194=ORIENTED_EDGE('',*,*,#4092,.F.);
#2195=ORIENTED_EDGE('',*,*,#4089,.F.);
#2196=ORIENTED_EDGE('',*,*,#4093,.T.);
#2197=ORIENTED_EDGE('',*,*,#4094,.T.);
#2198=ORIENTED_EDGE('',*,*,#4095,.F.);
#2199=ORIENTED_EDGE('',*,*,#4096,.F.);
#2200=ORIENTED_EDGE('',*,*,#4097,.T.);
#2201=ORIENTED_EDGE('',*,*,#4098,.T.);
#2202=ORIENTED_EDGE('',*,*,#4099,.F.);
#2203=ORIENTED_EDGE('',*,*,#4094,.F.);
#2204=ORIENTED_EDGE('',*,*,#4100,.T.);
#2205=ORIENTED_EDGE('',*,*,#4101,.T.);
#2206=ORIENTED_EDGE('',*,*,#4102,.F.);
#2207=ORIENTED_EDGE('',*,*,#4098,.F.);
#2208=ORIENTED_EDGE('',*,*,#4103,.T.);
#2209=ORIENTED_EDGE('',*,*,#4104,.T.);
#2210=ORIENTED_EDGE('',*,*,#4105,.F.);
#2211=ORIENTED_EDGE('',*,*,#4101,.F.);
#2212=ORIENTED_EDGE('',*,*,#4106,.T.);
#2213=ORIENTED_EDGE('',*,*,#4107,.T.);
#2214=ORIENTED_EDGE('',*,*,#4108,.F.);
#2215=ORIENTED_EDGE('',*,*,#4104,.F.);
#2216=ORIENTED_EDGE('',*,*,#4109,.T.);
#2217=ORIENTED_EDGE('',*,*,#4110,.T.);
#2218=ORIENTED_EDGE('',*,*,#4111,.F.);
#2219=ORIENTED_EDGE('',*,*,#4107,.F.);
#2220=ORIENTED_EDGE('',*,*,#4112,.T.);
#2221=ORIENTED_EDGE('',*,*,#4113,.T.);
#2222=ORIENTED_EDGE('',*,*,#4114,.F.);
#2223=ORIENTED_EDGE('',*,*,#4110,.F.);
#2224=ORIENTED_EDGE('',*,*,#4115,.T.);
#2225=ORIENTED_EDGE('',*,*,#4096,.T.);
#2226=ORIENTED_EDGE('',*,*,#4116,.F.);
#2227=ORIENTED_EDGE('',*,*,#4113,.F.);
#2228=ORIENTED_EDGE('',*,*,#4117,.T.);
#2229=ORIENTED_EDGE('',*,*,#4118,.T.);
#2230=ORIENTED_EDGE('',*,*,#4119,.F.);
#2231=ORIENTED_EDGE('',*,*,#4120,.F.);
#2232=ORIENTED_EDGE('',*,*,#4121,.T.);
#2233=ORIENTED_EDGE('',*,*,#4122,.T.);
#2234=ORIENTED_EDGE('',*,*,#4123,.F.);
#2235=ORIENTED_EDGE('',*,*,#4118,.F.);
#2236=ORIENTED_EDGE('',*,*,#4124,.T.);
#2237=ORIENTED_EDGE('',*,*,#4125,.T.);
#2238=ORIENTED_EDGE('',*,*,#4126,.F.);
#2239=ORIENTED_EDGE('',*,*,#4122,.F.);
#2240=ORIENTED_EDGE('',*,*,#4127,.T.);
#2241=ORIENTED_EDGE('',*,*,#4128,.T.);
#2242=ORIENTED_EDGE('',*,*,#4129,.F.);
#2243=ORIENTED_EDGE('',*,*,#4125,.F.);
#2244=ORIENTED_EDGE('',*,*,#4130,.T.);
#2245=ORIENTED_EDGE('',*,*,#4131,.T.);
#2246=ORIENTED_EDGE('',*,*,#4132,.F.);
#2247=ORIENTED_EDGE('',*,*,#4128,.F.);
#2248=ORIENTED_EDGE('',*,*,#4133,.T.);
#2249=ORIENTED_EDGE('',*,*,#4134,.T.);
#2250=ORIENTED_EDGE('',*,*,#4135,.F.);
#2251=ORIENTED_EDGE('',*,*,#4131,.F.);
#2252=ORIENTED_EDGE('',*,*,#4136,.T.);
#2253=ORIENTED_EDGE('',*,*,#4137,.T.);
#2254=ORIENTED_EDGE('',*,*,#4138,.F.);
#2255=ORIENTED_EDGE('',*,*,#4134,.F.);
#2256=ORIENTED_EDGE('',*,*,#4139,.T.);
#2257=ORIENTED_EDGE('',*,*,#4120,.T.);
#2258=ORIENTED_EDGE('',*,*,#4140,.F.);
#2259=ORIENTED_EDGE('',*,*,#4137,.F.);
#2260=ORIENTED_EDGE('',*,*,#4141,.T.);
#2261=ORIENTED_EDGE('',*,*,#4142,.T.);
#2262=ORIENTED_EDGE('',*,*,#4143,.F.);
#2263=ORIENTED_EDGE('',*,*,#4144,.F.);
#2264=ORIENTED_EDGE('',*,*,#4145,.T.);
#2265=ORIENTED_EDGE('',*,*,#4146,.T.);
#2266=ORIENTED_EDGE('',*,*,#4147,.F.);
#2267=ORIENTED_EDGE('',*,*,#4142,.F.);
#2268=ORIENTED_EDGE('',*,*,#4148,.T.);
#2269=ORIENTED_EDGE('',*,*,#4149,.T.);
#2270=ORIENTED_EDGE('',*,*,#4150,.F.);
#2271=ORIENTED_EDGE('',*,*,#4146,.F.);
#2272=ORIENTED_EDGE('',*,*,#4151,.T.);
#2273=ORIENTED_EDGE('',*,*,#4152,.T.);
#2274=ORIENTED_EDGE('',*,*,#4153,.F.);
#2275=ORIENTED_EDGE('',*,*,#4149,.F.);
#2276=ORIENTED_EDGE('',*,*,#4154,.T.);
#2277=ORIENTED_EDGE('',*,*,#4155,.T.);
#2278=ORIENTED_EDGE('',*,*,#4156,.F.);
#2279=ORIENTED_EDGE('',*,*,#4152,.F.);
#2280=ORIENTED_EDGE('',*,*,#4157,.T.);
#2281=ORIENTED_EDGE('',*,*,#4158,.T.);
#2282=ORIENTED_EDGE('',*,*,#4159,.F.);
#2283=ORIENTED_EDGE('',*,*,#4155,.F.);
#2284=ORIENTED_EDGE('',*,*,#4160,.T.);
#2285=ORIENTED_EDGE('',*,*,#4161,.T.);
#2286=ORIENTED_EDGE('',*,*,#4162,.F.);
#2287=ORIENTED_EDGE('',*,*,#4158,.F.);
#2288=ORIENTED_EDGE('',*,*,#4163,.T.);
#2289=ORIENTED_EDGE('',*,*,#4144,.T.);
#2290=ORIENTED_EDGE('',*,*,#4164,.F.);
#2291=ORIENTED_EDGE('',*,*,#4161,.F.);
#2292=ORIENTED_EDGE('',*,*,#4165,.T.);
#2293=ORIENTED_EDGE('',*,*,#4166,.T.);
#2294=ORIENTED_EDGE('',*,*,#4167,.F.);
#2295=ORIENTED_EDGE('',*,*,#4168,.F.);
#2296=ORIENTED_EDGE('',*,*,#4169,.T.);
#2297=ORIENTED_EDGE('',*,*,#4170,.T.);
#2298=ORIENTED_EDGE('',*,*,#4171,.F.);
#2299=ORIENTED_EDGE('',*,*,#4166,.F.);
#2300=ORIENTED_EDGE('',*,*,#4172,.T.);
#2301=ORIENTED_EDGE('',*,*,#4173,.T.);
#2302=ORIENTED_EDGE('',*,*,#4174,.F.);
#2303=ORIENTED_EDGE('',*,*,#4170,.F.);
#2304=ORIENTED_EDGE('',*,*,#4175,.T.);
#2305=ORIENTED_EDGE('',*,*,#4176,.T.);
#2306=ORIENTED_EDGE('',*,*,#4177,.F.);
#2307=ORIENTED_EDGE('',*,*,#4173,.F.);
#2308=ORIENTED_EDGE('',*,*,#4178,.T.);
#2309=ORIENTED_EDGE('',*,*,#4179,.T.);
#2310=ORIENTED_EDGE('',*,*,#4180,.F.);
#2311=ORIENTED_EDGE('',*,*,#4176,.F.);
#2312=ORIENTED_EDGE('',*,*,#4181,.T.);
#2313=ORIENTED_EDGE('',*,*,#4182,.T.);
#2314=ORIENTED_EDGE('',*,*,#4183,.F.);
#2315=ORIENTED_EDGE('',*,*,#4179,.F.);
#2316=ORIENTED_EDGE('',*,*,#4184,.T.);
#2317=ORIENTED_EDGE('',*,*,#4185,.T.);
#2318=ORIENTED_EDGE('',*,*,#4186,.F.);
#2319=ORIENTED_EDGE('',*,*,#4182,.F.);
#2320=ORIENTED_EDGE('',*,*,#4187,.T.);
#2321=ORIENTED_EDGE('',*,*,#4168,.T.);
#2322=ORIENTED_EDGE('',*,*,#4188,.F.);
#2323=ORIENTED_EDGE('',*,*,#4185,.F.);
#2324=ORIENTED_EDGE('',*,*,#4189,.T.);
#2325=ORIENTED_EDGE('',*,*,#4190,.T.);
#2326=ORIENTED_EDGE('',*,*,#4191,.F.);
#2327=ORIENTED_EDGE('',*,*,#4192,.F.);
#2328=ORIENTED_EDGE('',*,*,#4193,.T.);
#2329=ORIENTED_EDGE('',*,*,#4194,.T.);
#2330=ORIENTED_EDGE('',*,*,#4195,.F.);
#2331=ORIENTED_EDGE('',*,*,#4190,.F.);
#2332=ORIENTED_EDGE('',*,*,#4196,.T.);
#2333=ORIENTED_EDGE('',*,*,#4197,.T.);
#2334=ORIENTED_EDGE('',*,*,#4198,.F.);
#2335=ORIENTED_EDGE('',*,*,#4194,.F.);
#2336=ORIENTED_EDGE('',*,*,#4199,.T.);
#2337=ORIENTED_EDGE('',*,*,#4200,.T.);
#2338=ORIENTED_EDGE('',*,*,#4201,.F.);
#2339=ORIENTED_EDGE('',*,*,#4197,.F.);
#2340=ORIENTED_EDGE('',*,*,#4202,.T.);
#2341=ORIENTED_EDGE('',*,*,#4203,.T.);
#2342=ORIENTED_EDGE('',*,*,#4204,.F.);
#2343=ORIENTED_EDGE('',*,*,#4200,.F.);
#2344=ORIENTED_EDGE('',*,*,#4205,.T.);
#2345=ORIENTED_EDGE('',*,*,#4206,.T.);
#2346=ORIENTED_EDGE('',*,*,#4207,.F.);
#2347=ORIENTED_EDGE('',*,*,#4203,.F.);
#2348=ORIENTED_EDGE('',*,*,#4208,.T.);
#2349=ORIENTED_EDGE('',*,*,#4209,.T.);
#2350=ORIENTED_EDGE('',*,*,#4210,.F.);
#2351=ORIENTED_EDGE('',*,*,#4206,.F.);
#2352=ORIENTED_EDGE('',*,*,#4211,.T.);
#2353=ORIENTED_EDGE('',*,*,#4192,.T.);
#2354=ORIENTED_EDGE('',*,*,#4212,.F.);
#2355=ORIENTED_EDGE('',*,*,#4209,.F.);
#2356=ORIENTED_EDGE('',*,*,#4213,.T.);
#2357=ORIENTED_EDGE('',*,*,#4214,.T.);
#2358=ORIENTED_EDGE('',*,*,#4215,.F.);
#2359=ORIENTED_EDGE('',*,*,#4216,.F.);
#2360=ORIENTED_EDGE('',*,*,#4217,.F.);
#2361=ORIENTED_EDGE('',*,*,#4218,.F.);
#2362=ORIENTED_EDGE('',*,*,#4214,.F.);
#2363=ORIENTED_EDGE('',*,*,#4219,.T.);
#2364=ORIENTED_EDGE('',*,*,#4220,.F.);
#2365=ORIENTED_EDGE('',*,*,#4221,.T.);
#2366=ORIENTED_EDGE('',*,*,#4222,.T.);
#2367=ORIENTED_EDGE('',*,*,#4223,.F.);
#2368=ORIENTED_EDGE('',*,*,#4224,.T.);
#2369=ORIENTED_EDGE('',*,*,#4225,.T.);
#2370=ORIENTED_EDGE('',*,*,#4226,.F.);
#2371=ORIENTED_EDGE('',*,*,#4222,.F.);
#2372=ORIENTED_EDGE('',*,*,#4227,.T.);
#2373=ORIENTED_EDGE('',*,*,#4228,.T.);
#2374=ORIENTED_EDGE('',*,*,#4229,.F.);
#2375=ORIENTED_EDGE('',*,*,#4225,.F.);
#2376=ORIENTED_EDGE('',*,*,#4230,.T.);
#2377=ORIENTED_EDGE('',*,*,#4231,.T.);
#2378=ORIENTED_EDGE('',*,*,#4232,.F.);
#2379=ORIENTED_EDGE('',*,*,#4228,.F.);
#2380=ORIENTED_EDGE('',*,*,#4233,.T.);
#2381=ORIENTED_EDGE('',*,*,#4234,.T.);
#2382=ORIENTED_EDGE('',*,*,#4235,.F.);
#2383=ORIENTED_EDGE('',*,*,#4231,.F.);
#2384=ORIENTED_EDGE('',*,*,#4236,.T.);
#2385=ORIENTED_EDGE('',*,*,#4237,.T.);
#2386=ORIENTED_EDGE('',*,*,#4238,.F.);
#2387=ORIENTED_EDGE('',*,*,#4234,.F.);
#2388=ORIENTED_EDGE('',*,*,#4239,.T.);
#2389=ORIENTED_EDGE('',*,*,#4240,.T.);
#2390=ORIENTED_EDGE('',*,*,#4241,.F.);
#2391=ORIENTED_EDGE('',*,*,#4237,.F.);
#2392=ORIENTED_EDGE('',*,*,#4242,.T.);
#2393=ORIENTED_EDGE('',*,*,#4243,.T.);
#2394=ORIENTED_EDGE('',*,*,#4244,.F.);
#2395=ORIENTED_EDGE('',*,*,#4240,.F.);
#2396=ORIENTED_EDGE('',*,*,#4245,.T.);
#2397=ORIENTED_EDGE('',*,*,#4216,.T.);
#2398=ORIENTED_EDGE('',*,*,#4246,.F.);
#2399=ORIENTED_EDGE('',*,*,#4243,.F.);
#2400=ORIENTED_EDGE('',*,*,#4247,.T.);
#2401=ORIENTED_EDGE('',*,*,#4248,.T.);
#2402=ORIENTED_EDGE('',*,*,#4249,.F.);
#2403=ORIENTED_EDGE('',*,*,#4250,.F.);
#2404=ORIENTED_EDGE('',*,*,#4251,.T.);
#2405=ORIENTED_EDGE('',*,*,#4252,.T.);
#2406=ORIENTED_EDGE('',*,*,#4253,.F.);
#2407=ORIENTED_EDGE('',*,*,#4248,.F.);
#2408=ORIENTED_EDGE('',*,*,#4254,.T.);
#2409=ORIENTED_EDGE('',*,*,#4255,.T.);
#2410=ORIENTED_EDGE('',*,*,#4256,.F.);
#2411=ORIENTED_EDGE('',*,*,#4252,.F.);
#2412=ORIENTED_EDGE('',*,*,#4257,.T.);
#2413=ORIENTED_EDGE('',*,*,#4258,.T.);
#2414=ORIENTED_EDGE('',*,*,#4259,.F.);
#2415=ORIENTED_EDGE('',*,*,#4255,.F.);
#2416=ORIENTED_EDGE('',*,*,#4260,.T.);
#2417=ORIENTED_EDGE('',*,*,#4261,.T.);
#2418=ORIENTED_EDGE('',*,*,#4262,.F.);
#2419=ORIENTED_EDGE('',*,*,#4258,.F.);
#2420=ORIENTED_EDGE('',*,*,#4263,.T.);
#2421=ORIENTED_EDGE('',*,*,#4264,.T.);
#2422=ORIENTED_EDGE('',*,*,#4265,.F.);
#2423=ORIENTED_EDGE('',*,*,#4261,.F.);
#2424=ORIENTED_EDGE('',*,*,#4266,.T.);
#2425=ORIENTED_EDGE('',*,*,#4267,.T.);
#2426=ORIENTED_EDGE('',*,*,#4268,.F.);
#2427=ORIENTED_EDGE('',*,*,#4264,.F.);
#2428=ORIENTED_EDGE('',*,*,#4269,.T.);
#2429=ORIENTED_EDGE('',*,*,#4250,.T.);
#2430=ORIENTED_EDGE('',*,*,#4270,.F.);
#2431=ORIENTED_EDGE('',*,*,#4267,.F.);
#2432=ORIENTED_EDGE('',*,*,#4271,.T.);
#2433=ORIENTED_EDGE('',*,*,#4272,.T.);
#2434=ORIENTED_EDGE('',*,*,#4273,.F.);
#2435=ORIENTED_EDGE('',*,*,#4274,.F.);
#2436=ORIENTED_EDGE('',*,*,#4275,.T.);
#2437=ORIENTED_EDGE('',*,*,#4276,.T.);
#2438=ORIENTED_EDGE('',*,*,#4277,.F.);
#2439=ORIENTED_EDGE('',*,*,#4272,.F.);
#2440=ORIENTED_EDGE('',*,*,#4278,.T.);
#2441=ORIENTED_EDGE('',*,*,#4279,.T.);
#2442=ORIENTED_EDGE('',*,*,#4280,.F.);
#2443=ORIENTED_EDGE('',*,*,#4276,.F.);
#2444=ORIENTED_EDGE('',*,*,#4281,.T.);
#2445=ORIENTED_EDGE('',*,*,#4282,.T.);
#2446=ORIENTED_EDGE('',*,*,#4283,.F.);
#2447=ORIENTED_EDGE('',*,*,#4279,.F.);
#2448=ORIENTED_EDGE('',*,*,#4284,.T.);
#2449=ORIENTED_EDGE('',*,*,#4285,.T.);
#2450=ORIENTED_EDGE('',*,*,#4286,.F.);
#2451=ORIENTED_EDGE('',*,*,#4282,.F.);
#2452=ORIENTED_EDGE('',*,*,#4287,.T.);
#2453=ORIENTED_EDGE('',*,*,#4288,.T.);
#2454=ORIENTED_EDGE('',*,*,#4289,.F.);
#2455=ORIENTED_EDGE('',*,*,#4285,.F.);
#2456=ORIENTED_EDGE('',*,*,#4290,.T.);
#2457=ORIENTED_EDGE('',*,*,#4291,.T.);
#2458=ORIENTED_EDGE('',*,*,#4292,.F.);
#2459=ORIENTED_EDGE('',*,*,#4288,.F.);
#2460=ORIENTED_EDGE('',*,*,#4293,.T.);
#2461=ORIENTED_EDGE('',*,*,#4274,.T.);
#2462=ORIENTED_EDGE('',*,*,#4294,.F.);
#2463=ORIENTED_EDGE('',*,*,#4291,.F.);
#2464=ORIENTED_EDGE('',*,*,#4295,.T.);
#2465=ORIENTED_EDGE('',*,*,#4296,.T.);
#2466=ORIENTED_EDGE('',*,*,#4297,.F.);
#2467=ORIENTED_EDGE('',*,*,#4298,.F.);
#2468=ORIENTED_EDGE('',*,*,#4299,.T.);
#2469=ORIENTED_EDGE('',*,*,#4300,.T.);
#2470=ORIENTED_EDGE('',*,*,#4301,.F.);
#2471=ORIENTED_EDGE('',*,*,#4296,.F.);
#2472=ORIENTED_EDGE('',*,*,#4302,.T.);
#2473=ORIENTED_EDGE('',*,*,#4303,.T.);
#2474=ORIENTED_EDGE('',*,*,#4304,.F.);
#2475=ORIENTED_EDGE('',*,*,#4300,.F.);
#2476=ORIENTED_EDGE('',*,*,#4305,.T.);
#2477=ORIENTED_EDGE('',*,*,#4306,.T.);
#2478=ORIENTED_EDGE('',*,*,#4307,.F.);
#2479=ORIENTED_EDGE('',*,*,#4303,.F.);
#2480=ORIENTED_EDGE('',*,*,#4308,.T.);
#2481=ORIENTED_EDGE('',*,*,#4309,.T.);
#2482=ORIENTED_EDGE('',*,*,#4310,.F.);
#2483=ORIENTED_EDGE('',*,*,#4306,.F.);
#2484=ORIENTED_EDGE('',*,*,#4311,.T.);
#2485=ORIENTED_EDGE('',*,*,#4312,.T.);
#2486=ORIENTED_EDGE('',*,*,#4313,.F.);
#2487=ORIENTED_EDGE('',*,*,#4309,.F.);
#2488=ORIENTED_EDGE('',*,*,#4314,.T.);
#2489=ORIENTED_EDGE('',*,*,#4315,.T.);
#2490=ORIENTED_EDGE('',*,*,#4316,.F.);
#2491=ORIENTED_EDGE('',*,*,#4312,.F.);
#2492=ORIENTED_EDGE('',*,*,#4317,.T.);
#2493=ORIENTED_EDGE('',*,*,#4298,.T.);
#2494=ORIENTED_EDGE('',*,*,#4318,.F.);
#2495=ORIENTED_EDGE('',*,*,#4315,.F.);
#2496=ORIENTED_EDGE('',*,*,#4319,.T.);
#2497=ORIENTED_EDGE('',*,*,#4320,.T.);
#2498=ORIENTED_EDGE('',*,*,#4321,.F.);
#2499=ORIENTED_EDGE('',*,*,#4322,.F.);
#2500=ORIENTED_EDGE('',*,*,#4323,.T.);
#2501=ORIENTED_EDGE('',*,*,#4324,.T.);
#2502=ORIENTED_EDGE('',*,*,#4325,.F.);
#2503=ORIENTED_EDGE('',*,*,#4320,.F.);
#2504=ORIENTED_EDGE('',*,*,#4326,.T.);
#2505=ORIENTED_EDGE('',*,*,#4327,.T.);
#2506=ORIENTED_EDGE('',*,*,#4328,.F.);
#2507=ORIENTED_EDGE('',*,*,#4324,.F.);
#2508=ORIENTED_EDGE('',*,*,#4329,.T.);
#2509=ORIENTED_EDGE('',*,*,#4330,.T.);
#2510=ORIENTED_EDGE('',*,*,#4331,.F.);
#2511=ORIENTED_EDGE('',*,*,#4327,.F.);
#2512=ORIENTED_EDGE('',*,*,#4332,.T.);
#2513=ORIENTED_EDGE('',*,*,#4333,.T.);
#2514=ORIENTED_EDGE('',*,*,#4334,.F.);
#2515=ORIENTED_EDGE('',*,*,#4330,.F.);
#2516=ORIENTED_EDGE('',*,*,#4335,.T.);
#2517=ORIENTED_EDGE('',*,*,#4336,.T.);
#2518=ORIENTED_EDGE('',*,*,#4337,.F.);
#2519=ORIENTED_EDGE('',*,*,#4333,.F.);
#2520=ORIENTED_EDGE('',*,*,#4338,.T.);
#2521=ORIENTED_EDGE('',*,*,#4339,.T.);
#2522=ORIENTED_EDGE('',*,*,#4340,.F.);
#2523=ORIENTED_EDGE('',*,*,#4336,.F.);
#2524=ORIENTED_EDGE('',*,*,#4341,.T.);
#2525=ORIENTED_EDGE('',*,*,#4322,.T.);
#2526=ORIENTED_EDGE('',*,*,#4342,.F.);
#2527=ORIENTED_EDGE('',*,*,#4339,.F.);
#2528=ORIENTED_EDGE('',*,*,#4343,.T.);
#2529=ORIENTED_EDGE('',*,*,#4344,.T.);
#2530=ORIENTED_EDGE('',*,*,#4345,.F.);
#2531=ORIENTED_EDGE('',*,*,#4346,.F.);
#2532=ORIENTED_EDGE('',*,*,#4347,.T.);
#2533=ORIENTED_EDGE('',*,*,#4348,.T.);
#2534=ORIENTED_EDGE('',*,*,#4349,.F.);
#2535=ORIENTED_EDGE('',*,*,#4344,.F.);
#2536=ORIENTED_EDGE('',*,*,#4350,.T.);
#2537=ORIENTED_EDGE('',*,*,#4351,.T.);
#2538=ORIENTED_EDGE('',*,*,#4352,.F.);
#2539=ORIENTED_EDGE('',*,*,#4348,.F.);
#2540=ORIENTED_EDGE('',*,*,#4353,.T.);
#2541=ORIENTED_EDGE('',*,*,#4354,.T.);
#2542=ORIENTED_EDGE('',*,*,#4355,.F.);
#2543=ORIENTED_EDGE('',*,*,#4356,.F.);
#2544=ORIENTED_EDGE('',*,*,#4357,.T.);
#2545=ORIENTED_EDGE('',*,*,#4358,.T.);
#2546=ORIENTED_EDGE('',*,*,#4359,.F.);
#2547=ORIENTED_EDGE('',*,*,#4354,.F.);
#2548=ORIENTED_EDGE('',*,*,#4360,.T.);
#2549=ORIENTED_EDGE('',*,*,#4361,.T.);
#2550=ORIENTED_EDGE('',*,*,#4362,.F.);
#2551=ORIENTED_EDGE('',*,*,#4358,.F.);
#2552=ORIENTED_EDGE('',*,*,#4363,.T.);
#2553=ORIENTED_EDGE('',*,*,#4364,.T.);
#2554=ORIENTED_EDGE('',*,*,#4365,.F.);
#2555=ORIENTED_EDGE('',*,*,#4361,.F.);
#2556=ORIENTED_EDGE('',*,*,#4366,.T.);
#2557=ORIENTED_EDGE('',*,*,#4367,.T.);
#2558=ORIENTED_EDGE('',*,*,#4368,.F.);
#2559=ORIENTED_EDGE('',*,*,#4364,.F.);
#2560=ORIENTED_EDGE('',*,*,#4369,.T.);
#2561=ORIENTED_EDGE('',*,*,#4370,.T.);
#2562=ORIENTED_EDGE('',*,*,#4371,.F.);
#2563=ORIENTED_EDGE('',*,*,#4367,.F.);
#2564=ORIENTED_EDGE('',*,*,#4372,.T.);
#2565=ORIENTED_EDGE('',*,*,#4373,.T.);
#2566=ORIENTED_EDGE('',*,*,#4374,.F.);
#2567=ORIENTED_EDGE('',*,*,#4370,.F.);
#2568=ORIENTED_EDGE('',*,*,#4375,.T.);
#2569=ORIENTED_EDGE('',*,*,#4356,.T.);
#2570=ORIENTED_EDGE('',*,*,#4376,.F.);
#2571=ORIENTED_EDGE('',*,*,#4373,.F.);
#2572=ORIENTED_EDGE('',*,*,#4377,.T.);
#2573=ORIENTED_EDGE('',*,*,#4378,.T.);
#2574=ORIENTED_EDGE('',*,*,#4379,.F.);
#2575=ORIENTED_EDGE('',*,*,#4380,.F.);
#2576=ORIENTED_EDGE('',*,*,#4381,.T.);
#2577=ORIENTED_EDGE('',*,*,#4382,.T.);
#2578=ORIENTED_EDGE('',*,*,#4383,.F.);
#2579=ORIENTED_EDGE('',*,*,#4378,.F.);
#2580=ORIENTED_EDGE('',*,*,#4384,.T.);
#2581=ORIENTED_EDGE('',*,*,#4385,.T.);
#2582=ORIENTED_EDGE('',*,*,#4386,.F.);
#2583=ORIENTED_EDGE('',*,*,#4382,.F.);
#2584=ORIENTED_EDGE('',*,*,#4387,.T.);
#2585=ORIENTED_EDGE('',*,*,#4388,.T.);
#2586=ORIENTED_EDGE('',*,*,#4389,.F.);
#2587=ORIENTED_EDGE('',*,*,#4385,.F.);
#2588=ORIENTED_EDGE('',*,*,#4390,.T.);
#2589=ORIENTED_EDGE('',*,*,#4391,.T.);
#2590=ORIENTED_EDGE('',*,*,#4392,.F.);
#2591=ORIENTED_EDGE('',*,*,#4388,.F.);
#2592=ORIENTED_EDGE('',*,*,#4393,.T.);
#2593=ORIENTED_EDGE('',*,*,#4394,.T.);
#2594=ORIENTED_EDGE('',*,*,#4395,.F.);
#2595=ORIENTED_EDGE('',*,*,#4391,.F.);
#2596=ORIENTED_EDGE('',*,*,#4396,.T.);
#2597=ORIENTED_EDGE('',*,*,#4397,.T.);
#2598=ORIENTED_EDGE('',*,*,#4398,.F.);
#2599=ORIENTED_EDGE('',*,*,#4394,.F.);
#2600=ORIENTED_EDGE('',*,*,#4399,.T.);
#2601=ORIENTED_EDGE('',*,*,#4380,.T.);
#2602=ORIENTED_EDGE('',*,*,#4400,.F.);
#2603=ORIENTED_EDGE('',*,*,#4397,.F.);
#2604=ORIENTED_EDGE('',*,*,#4401,.T.);
#2605=ORIENTED_EDGE('',*,*,#4402,.T.);
#2606=ORIENTED_EDGE('',*,*,#4403,.F.);
#2607=ORIENTED_EDGE('',*,*,#4404,.F.);
#2608=ORIENTED_EDGE('',*,*,#4405,.T.);
#2609=ORIENTED_EDGE('',*,*,#4406,.T.);
#2610=ORIENTED_EDGE('',*,*,#4407,.F.);
#2611=ORIENTED_EDGE('',*,*,#4402,.F.);
#2612=ORIENTED_EDGE('',*,*,#4408,.T.);
#2613=ORIENTED_EDGE('',*,*,#4409,.T.);
#2614=ORIENTED_EDGE('',*,*,#4410,.F.);
#2615=ORIENTED_EDGE('',*,*,#4406,.F.);
#2616=ORIENTED_EDGE('',*,*,#4411,.T.);
#2617=ORIENTED_EDGE('',*,*,#4412,.T.);
#2618=ORIENTED_EDGE('',*,*,#4413,.F.);
#2619=ORIENTED_EDGE('',*,*,#4409,.F.);
#2620=ORIENTED_EDGE('',*,*,#4414,.T.);
#2621=ORIENTED_EDGE('',*,*,#4415,.T.);
#2622=ORIENTED_EDGE('',*,*,#4416,.F.);
#2623=ORIENTED_EDGE('',*,*,#4412,.F.);
#2624=ORIENTED_EDGE('',*,*,#4417,.T.);
#2625=ORIENTED_EDGE('',*,*,#4418,.T.);
#2626=ORIENTED_EDGE('',*,*,#4419,.F.);
#2627=ORIENTED_EDGE('',*,*,#4415,.F.);
#2628=ORIENTED_EDGE('',*,*,#4420,.T.);
#2629=ORIENTED_EDGE('',*,*,#4421,.T.);
#2630=ORIENTED_EDGE('',*,*,#4422,.F.);
#2631=ORIENTED_EDGE('',*,*,#4418,.F.);
#2632=ORIENTED_EDGE('',*,*,#4423,.T.);
#2633=ORIENTED_EDGE('',*,*,#4404,.T.);
#2634=ORIENTED_EDGE('',*,*,#4424,.F.);
#2635=ORIENTED_EDGE('',*,*,#4421,.F.);
#2636=ORIENTED_EDGE('',*,*,#4425,.T.);
#2637=ORIENTED_EDGE('',*,*,#4426,.T.);
#2638=ORIENTED_EDGE('',*,*,#4427,.F.);
#2639=ORIENTED_EDGE('',*,*,#4428,.F.);
#2640=ORIENTED_EDGE('',*,*,#4429,.T.);
#2641=ORIENTED_EDGE('',*,*,#4430,.T.);
#2642=ORIENTED_EDGE('',*,*,#4431,.F.);
#2643=ORIENTED_EDGE('',*,*,#4426,.F.);
#2644=ORIENTED_EDGE('',*,*,#4432,.T.);
#2645=ORIENTED_EDGE('',*,*,#4433,.T.);
#2646=ORIENTED_EDGE('',*,*,#4434,.F.);
#2647=ORIENTED_EDGE('',*,*,#4430,.F.);
#2648=ORIENTED_EDGE('',*,*,#4435,.T.);
#2649=ORIENTED_EDGE('',*,*,#4436,.T.);
#2650=ORIENTED_EDGE('',*,*,#4437,.F.);
#2651=ORIENTED_EDGE('',*,*,#4433,.F.);
#2652=ORIENTED_EDGE('',*,*,#4438,.T.);
#2653=ORIENTED_EDGE('',*,*,#4439,.T.);
#2654=ORIENTED_EDGE('',*,*,#4440,.F.);
#2655=ORIENTED_EDGE('',*,*,#4436,.F.);
#2656=ORIENTED_EDGE('',*,*,#4441,.T.);
#2657=ORIENTED_EDGE('',*,*,#4442,.T.);
#2658=ORIENTED_EDGE('',*,*,#4443,.F.);
#2659=ORIENTED_EDGE('',*,*,#4439,.F.);
#2660=ORIENTED_EDGE('',*,*,#4444,.T.);
#2661=ORIENTED_EDGE('',*,*,#4445,.T.);
#2662=ORIENTED_EDGE('',*,*,#4446,.F.);
#2663=ORIENTED_EDGE('',*,*,#4442,.F.);
#2664=ORIENTED_EDGE('',*,*,#4447,.T.);
#2665=ORIENTED_EDGE('',*,*,#4428,.T.);
#2666=ORIENTED_EDGE('',*,*,#4448,.F.);
#2667=ORIENTED_EDGE('',*,*,#4445,.F.);
#2668=ORIENTED_EDGE('',*,*,#4449,.T.);
#2669=ORIENTED_EDGE('',*,*,#4450,.T.);
#2670=ORIENTED_EDGE('',*,*,#4451,.F.);
#2671=ORIENTED_EDGE('',*,*,#4452,.F.);
#2672=ORIENTED_EDGE('',*,*,#4453,.T.);
#2673=ORIENTED_EDGE('',*,*,#4454,.T.);
#2674=ORIENTED_EDGE('',*,*,#4455,.F.);
#2675=ORIENTED_EDGE('',*,*,#4450,.F.);
#2676=ORIENTED_EDGE('',*,*,#4456,.T.);
#2677=ORIENTED_EDGE('',*,*,#4457,.T.);
#2678=ORIENTED_EDGE('',*,*,#4458,.F.);
#2679=ORIENTED_EDGE('',*,*,#4454,.F.);
#2680=ORIENTED_EDGE('',*,*,#4459,.T.);
#2681=ORIENTED_EDGE('',*,*,#4460,.T.);
#2682=ORIENTED_EDGE('',*,*,#4461,.F.);
#2683=ORIENTED_EDGE('',*,*,#4457,.F.);
#2684=ORIENTED_EDGE('',*,*,#4462,.T.);
#2685=ORIENTED_EDGE('',*,*,#4463,.T.);
#2686=ORIENTED_EDGE('',*,*,#4464,.F.);
#2687=ORIENTED_EDGE('',*,*,#4460,.F.);
#2688=ORIENTED_EDGE('',*,*,#4465,.T.);
#2689=ORIENTED_EDGE('',*,*,#4466,.T.);
#2690=ORIENTED_EDGE('',*,*,#4467,.F.);
#2691=ORIENTED_EDGE('',*,*,#4463,.F.);
#2692=ORIENTED_EDGE('',*,*,#4468,.T.);
#2693=ORIENTED_EDGE('',*,*,#4469,.T.);
#2694=ORIENTED_EDGE('',*,*,#4470,.F.);
#2695=ORIENTED_EDGE('',*,*,#4466,.F.);
#2696=ORIENTED_EDGE('',*,*,#4471,.T.);
#2697=ORIENTED_EDGE('',*,*,#4452,.T.);
#2698=ORIENTED_EDGE('',*,*,#4472,.F.);
#2699=ORIENTED_EDGE('',*,*,#4469,.F.);
#2700=ORIENTED_EDGE('',*,*,#4473,.T.);
#2701=ORIENTED_EDGE('',*,*,#4474,.T.);
#2702=ORIENTED_EDGE('',*,*,#4475,.F.);
#2703=ORIENTED_EDGE('',*,*,#4476,.F.);
#2704=ORIENTED_EDGE('',*,*,#4477,.T.);
#2705=ORIENTED_EDGE('',*,*,#4478,.T.);
#2706=ORIENTED_EDGE('',*,*,#4479,.F.);
#2707=ORIENTED_EDGE('',*,*,#4474,.F.);
#2708=ORIENTED_EDGE('',*,*,#4480,.T.);
#2709=ORIENTED_EDGE('',*,*,#4481,.T.);
#2710=ORIENTED_EDGE('',*,*,#4482,.F.);
#2711=ORIENTED_EDGE('',*,*,#4478,.F.);
#2712=ORIENTED_EDGE('',*,*,#4483,.T.);
#2713=ORIENTED_EDGE('',*,*,#4484,.T.);
#2714=ORIENTED_EDGE('',*,*,#4485,.F.);
#2715=ORIENTED_EDGE('',*,*,#4481,.F.);
#2716=ORIENTED_EDGE('',*,*,#4486,.T.);
#2717=ORIENTED_EDGE('',*,*,#4487,.T.);
#2718=ORIENTED_EDGE('',*,*,#4488,.F.);
#2719=ORIENTED_EDGE('',*,*,#4484,.F.);
#2720=ORIENTED_EDGE('',*,*,#4489,.T.);
#2721=ORIENTED_EDGE('',*,*,#4490,.T.);
#2722=ORIENTED_EDGE('',*,*,#4491,.F.);
#2723=ORIENTED_EDGE('',*,*,#4487,.F.);
#2724=ORIENTED_EDGE('',*,*,#4492,.T.);
#2725=ORIENTED_EDGE('',*,*,#4493,.T.);
#2726=ORIENTED_EDGE('',*,*,#4494,.F.);
#2727=ORIENTED_EDGE('',*,*,#4490,.F.);
#2728=ORIENTED_EDGE('',*,*,#4495,.T.);
#2729=ORIENTED_EDGE('',*,*,#4476,.T.);
#2730=ORIENTED_EDGE('',*,*,#4496,.F.);
#2731=ORIENTED_EDGE('',*,*,#4493,.F.);
#2732=ORIENTED_EDGE('',*,*,#4497,.T.);
#2733=ORIENTED_EDGE('',*,*,#4498,.T.);
#2734=ORIENTED_EDGE('',*,*,#4499,.F.);
#2735=ORIENTED_EDGE('',*,*,#4500,.F.);
#2736=ORIENTED_EDGE('',*,*,#4501,.T.);
#2737=ORIENTED_EDGE('',*,*,#4502,.T.);
#2738=ORIENTED_EDGE('',*,*,#4503,.F.);
#2739=ORIENTED_EDGE('',*,*,#4498,.F.);
#2740=ORIENTED_EDGE('',*,*,#4504,.T.);
#2741=ORIENTED_EDGE('',*,*,#4505,.T.);
#2742=ORIENTED_EDGE('',*,*,#4506,.F.);
#2743=ORIENTED_EDGE('',*,*,#4502,.F.);
#2744=ORIENTED_EDGE('',*,*,#4507,.T.);
#2745=ORIENTED_EDGE('',*,*,#4508,.T.);
#2746=ORIENTED_EDGE('',*,*,#4509,.F.);
#2747=ORIENTED_EDGE('',*,*,#4505,.F.);
#2748=ORIENTED_EDGE('',*,*,#4510,.T.);
#2749=ORIENTED_EDGE('',*,*,#4511,.T.);
#2750=ORIENTED_EDGE('',*,*,#4512,.F.);
#2751=ORIENTED_EDGE('',*,*,#4508,.F.);
#2752=ORIENTED_EDGE('',*,*,#4513,.T.);
#2753=ORIENTED_EDGE('',*,*,#4514,.T.);
#2754=ORIENTED_EDGE('',*,*,#4515,.F.);
#2755=ORIENTED_EDGE('',*,*,#4511,.F.);
#2756=ORIENTED_EDGE('',*,*,#4516,.T.);
#2757=ORIENTED_EDGE('',*,*,#4517,.T.);
#2758=ORIENTED_EDGE('',*,*,#4518,.F.);
#2759=ORIENTED_EDGE('',*,*,#4514,.F.);
#2760=ORIENTED_EDGE('',*,*,#4519,.T.);
#2761=ORIENTED_EDGE('',*,*,#4500,.T.);
#2762=ORIENTED_EDGE('',*,*,#4520,.F.);
#2763=ORIENTED_EDGE('',*,*,#4517,.F.);
#2764=ORIENTED_EDGE('',*,*,#4521,.F.);
#2765=ORIENTED_EDGE('',*,*,#4522,.F.);
#2766=ORIENTED_EDGE('',*,*,#3647,.T.);
#2767=ORIENTED_EDGE('',*,*,#4523,.F.);
#2768=ORIENTED_EDGE('',*,*,#4524,.F.);
#2769=ORIENTED_EDGE('',*,*,#4525,.F.);
#2770=ORIENTED_EDGE('',*,*,#4526,.F.);
#2771=ORIENTED_EDGE('',*,*,#4527,.F.);
#2772=ORIENTED_EDGE('',*,*,#4528,.F.);
#2773=ORIENTED_EDGE('',*,*,#4529,.T.);
#2774=ORIENTED_EDGE('',*,*,#4530,.F.);
#2775=ORIENTED_EDGE('',*,*,#4531,.F.);
#2776=ORIENTED_EDGE('',*,*,#4532,.F.);
#2777=ORIENTED_EDGE('',*,*,#4533,.F.);
#2778=ORIENTED_EDGE('',*,*,#4534,.F.);
#2779=ORIENTED_EDGE('',*,*,#4532,.T.);
#2780=ORIENTED_EDGE('',*,*,#4535,.F.);
#2781=ORIENTED_EDGE('',*,*,#4536,.F.);
#2782=ORIENTED_EDGE('',*,*,#4537,.F.);
#2783=ORIENTED_EDGE('',*,*,#4536,.T.);
#2784=ORIENTED_EDGE('',*,*,#4538,.F.);
#2785=ORIENTED_EDGE('',*,*,#4529,.F.);
#2786=ORIENTED_EDGE('',*,*,#4539,.T.);
#2787=ORIENTED_EDGE('',*,*,#4540,.F.);
#2788=ORIENTED_EDGE('',*,*,#4534,.T.);
#2789=ORIENTED_EDGE('',*,*,#4541,.F.);
#2790=ORIENTED_EDGE('',*,*,#4542,.F.);
#2791=ORIENTED_EDGE('',*,*,#4533,.T.);
#2792=ORIENTED_EDGE('',*,*,#4540,.T.);
#2793=ORIENTED_EDGE('',*,*,#4543,.T.);
#2794=ORIENTED_EDGE('',*,*,#4537,.T.);
#2795=ORIENTED_EDGE('',*,*,#4528,.T.);
#2796=ORIENTED_EDGE('',*,*,#4544,.T.);
#2797=ORIENTED_EDGE('',*,*,#4541,.T.);
#2798=ORIENTED_EDGE('',*,*,#4545,.F.);
#2799=ORIENTED_EDGE('',*,*,#4223,.T.);
#2800=ORIENTED_EDGE('',*,*,#4226,.T.);
#2801=ORIENTED_EDGE('',*,*,#4229,.T.);
#2802=ORIENTED_EDGE('',*,*,#4232,.T.);
#2803=ORIENTED_EDGE('',*,*,#4235,.T.);
#2804=ORIENTED_EDGE('',*,*,#4238,.T.);
#2805=ORIENTED_EDGE('',*,*,#4241,.T.);
#2806=ORIENTED_EDGE('',*,*,#4244,.T.);
#2807=ORIENTED_EDGE('',*,*,#4246,.T.);
#2808=ORIENTED_EDGE('',*,*,#4215,.T.);
#2809=ORIENTED_EDGE('',*,*,#4218,.T.);
#2810=ORIENTED_EDGE('',*,*,#4546,.F.);
#2811=ORIENTED_EDGE('',*,*,#4547,.T.);
#2812=ORIENTED_EDGE('',*,*,#3816,.T.);
#2813=ORIENTED_EDGE('',*,*,#3820,.T.);
#2814=ORIENTED_EDGE('',*,*,#3823,.T.);
#2815=ORIENTED_EDGE('',*,*,#3825,.T.);
#2816=ORIENTED_EDGE('',*,*,#4548,.F.);
#2817=ORIENTED_EDGE('',*,*,#4549,.T.);
#2818=ORIENTED_EDGE('',*,*,#3925,.T.);
#2819=ORIENTED_EDGE('',*,*,#3929,.T.);
#2820=ORIENTED_EDGE('',*,*,#3932,.T.);
#2821=ORIENTED_EDGE('',*,*,#3934,.T.);
#2822=ORIENTED_EDGE('',*,*,#4550,.F.);
#2823=ORIENTED_EDGE('',*,*,#4551,.T.);
#2824=ORIENTED_EDGE('',*,*,#4058,.T.);
#2825=ORIENTED_EDGE('',*,*,#4062,.T.);
#2826=ORIENTED_EDGE('',*,*,#4065,.T.);
#2827=ORIENTED_EDGE('',*,*,#4067,.T.);
#2828=ORIENTED_EDGE('',*,*,#4552,.F.);
#2829=ORIENTED_EDGE('',*,*,#4553,.T.);
#2830=ORIENTED_EDGE('',*,*,#4345,.T.);
#2831=ORIENTED_EDGE('',*,*,#4349,.T.);
#2832=ORIENTED_EDGE('',*,*,#4352,.T.);
#2833=ORIENTED_EDGE('',*,*,#4554,.T.);
#2834=ORIENTED_EDGE('',*,*,#4555,.F.);
#2835=ORIENTED_EDGE('',*,*,#4543,.F.);
#2836=ORIENTED_EDGE('',*,*,#4539,.F.);
#2837=ORIENTED_EDGE('',*,*,#4544,.F.);
#2838=ORIENTED_EDGE('',*,*,#4527,.T.);
#2839=ORIENTED_EDGE('',*,*,#4556,.F.);
#2840=ORIENTED_EDGE('',*,*,#4557,.F.);
#2841=ORIENTED_EDGE('',*,*,#4523,.T.);
#2842=ORIENTED_EDGE('',*,*,#3646,.T.);
#2843=ORIENTED_EDGE('',*,*,#4558,.T.);
#2844=ORIENTED_EDGE('',*,*,#4559,.F.);
#2845=ORIENTED_EDGE('',*,*,#4560,.T.);
#2846=ORIENTED_EDGE('',*,*,#4561,.T.);
#2847=ORIENTED_EDGE('',*,*,#4562,.T.);
#2848=ORIENTED_EDGE('',*,*,#4563,.F.);
#2849=ORIENTED_EDGE('',*,*,#4564,.T.);
#2850=ORIENTED_EDGE('',*,*,#4565,.T.);
#2851=ORIENTED_EDGE('',*,*,#4566,.T.);
#2852=ORIENTED_EDGE('',*,*,#3650,.T.);
#2853=ORIENTED_EDGE('',*,*,#4567,.T.);
#2854=ORIENTED_EDGE('',*,*,#4568,.F.);
#2855=ORIENTED_EDGE('',*,*,#4569,.T.);
#2856=ORIENTED_EDGE('',*,*,#4570,.T.);
#2857=ORIENTED_EDGE('',*,*,#4571,.T.);
#2858=ORIENTED_EDGE('',*,*,#4572,.T.);
#2859=ORIENTED_EDGE('',*,*,#4573,.T.);
#2860=ORIENTED_EDGE('',*,*,#4574,.T.);
#2861=ORIENTED_EDGE('',*,*,#4575,.T.);
#2862=ORIENTED_EDGE('',*,*,#4576,.T.);
#2863=ORIENTED_EDGE('',*,*,#4577,.T.);
#2864=ORIENTED_EDGE('',*,*,#4578,.T.);
#2865=ORIENTED_EDGE('',*,*,#4579,.T.);
#2866=ORIENTED_EDGE('',*,*,#4580,.T.);
#2867=ORIENTED_EDGE('',*,*,#4581,.T.);
#2868=ORIENTED_EDGE('',*,*,#4582,.T.);
#2869=ORIENTED_EDGE('',*,*,#4583,.T.);
#2870=ORIENTED_EDGE('',*,*,#4584,.T.);
#2871=ORIENTED_EDGE('',*,*,#4585,.T.);
#2872=ORIENTED_EDGE('',*,*,#4586,.T.);
#2873=ORIENTED_EDGE('',*,*,#4587,.T.);
#2874=ORIENTED_EDGE('',*,*,#4499,.T.);
#2875=ORIENTED_EDGE('',*,*,#4503,.T.);
#2876=ORIENTED_EDGE('',*,*,#4506,.T.);
#2877=ORIENTED_EDGE('',*,*,#4509,.T.);
#2878=ORIENTED_EDGE('',*,*,#4512,.T.);
#2879=ORIENTED_EDGE('',*,*,#4515,.T.);
#2880=ORIENTED_EDGE('',*,*,#4518,.T.);
#2881=ORIENTED_EDGE('',*,*,#4520,.T.);
#2882=ORIENTED_EDGE('',*,*,#4475,.T.);
#2883=ORIENTED_EDGE('',*,*,#4479,.T.);
#2884=ORIENTED_EDGE('',*,*,#4482,.T.);
#2885=ORIENTED_EDGE('',*,*,#4485,.T.);
#2886=ORIENTED_EDGE('',*,*,#4488,.T.);
#2887=ORIENTED_EDGE('',*,*,#4491,.T.);
#2888=ORIENTED_EDGE('',*,*,#4494,.T.);
#2889=ORIENTED_EDGE('',*,*,#4496,.T.);
#2890=ORIENTED_EDGE('',*,*,#4451,.T.);
#2891=ORIENTED_EDGE('',*,*,#4455,.T.);
#2892=ORIENTED_EDGE('',*,*,#4458,.T.);
#2893=ORIENTED_EDGE('',*,*,#4461,.T.);
#2894=ORIENTED_EDGE('',*,*,#4464,.T.);
#2895=ORIENTED_EDGE('',*,*,#4467,.T.);
#2896=ORIENTED_EDGE('',*,*,#4470,.T.);
#2897=ORIENTED_EDGE('',*,*,#4472,.T.);
#2898=ORIENTED_EDGE('',*,*,#4427,.T.);
#2899=ORIENTED_EDGE('',*,*,#4431,.T.);
#2900=ORIENTED_EDGE('',*,*,#4434,.T.);
#2901=ORIENTED_EDGE('',*,*,#4437,.T.);
#2902=ORIENTED_EDGE('',*,*,#4440,.T.);
#2903=ORIENTED_EDGE('',*,*,#4443,.T.);
#2904=ORIENTED_EDGE('',*,*,#4446,.T.);
#2905=ORIENTED_EDGE('',*,*,#4448,.T.);
#2906=ORIENTED_EDGE('',*,*,#4403,.T.);
#2907=ORIENTED_EDGE('',*,*,#4407,.T.);
#2908=ORIENTED_EDGE('',*,*,#4410,.T.);
#2909=ORIENTED_EDGE('',*,*,#4413,.T.);
#2910=ORIENTED_EDGE('',*,*,#4416,.T.);
#2911=ORIENTED_EDGE('',*,*,#4419,.T.);
#2912=ORIENTED_EDGE('',*,*,#4422,.T.);
#2913=ORIENTED_EDGE('',*,*,#4424,.T.);
#2914=ORIENTED_EDGE('',*,*,#4379,.T.);
#2915=ORIENTED_EDGE('',*,*,#4383,.T.);
#2916=ORIENTED_EDGE('',*,*,#4386,.T.);
#2917=ORIENTED_EDGE('',*,*,#4389,.T.);
#2918=ORIENTED_EDGE('',*,*,#4392,.T.);
#2919=ORIENTED_EDGE('',*,*,#4395,.T.);
#2920=ORIENTED_EDGE('',*,*,#4398,.T.);
#2921=ORIENTED_EDGE('',*,*,#4400,.T.);
#2922=ORIENTED_EDGE('',*,*,#4355,.T.);
#2923=ORIENTED_EDGE('',*,*,#4359,.T.);
#2924=ORIENTED_EDGE('',*,*,#4362,.T.);
#2925=ORIENTED_EDGE('',*,*,#4365,.T.);
#2926=ORIENTED_EDGE('',*,*,#4368,.T.);
#2927=ORIENTED_EDGE('',*,*,#4371,.T.);
#2928=ORIENTED_EDGE('',*,*,#4374,.T.);
#2929=ORIENTED_EDGE('',*,*,#4376,.T.);
#2930=ORIENTED_EDGE('',*,*,#4321,.T.);
#2931=ORIENTED_EDGE('',*,*,#4325,.T.);
#2932=ORIENTED_EDGE('',*,*,#4328,.T.);
#2933=ORIENTED_EDGE('',*,*,#4331,.T.);
#2934=ORIENTED_EDGE('',*,*,#4334,.T.);
#2935=ORIENTED_EDGE('',*,*,#4337,.T.);
#2936=ORIENTED_EDGE('',*,*,#4340,.T.);
#2937=ORIENTED_EDGE('',*,*,#4342,.T.);
#2938=ORIENTED_EDGE('',*,*,#4297,.T.);
#2939=ORIENTED_EDGE('',*,*,#4301,.T.);
#2940=ORIENTED_EDGE('',*,*,#4304,.T.);
#2941=ORIENTED_EDGE('',*,*,#4307,.T.);
#2942=ORIENTED_EDGE('',*,*,#4310,.T.);
#2943=ORIENTED_EDGE('',*,*,#4313,.T.);
#2944=ORIENTED_EDGE('',*,*,#4316,.T.);
#2945=ORIENTED_EDGE('',*,*,#4318,.T.);
#2946=ORIENTED_EDGE('',*,*,#4273,.T.);
#2947=ORIENTED_EDGE('',*,*,#4277,.T.);
#2948=ORIENTED_EDGE('',*,*,#4280,.T.);
#2949=ORIENTED_EDGE('',*,*,#4283,.T.);
#2950=ORIENTED_EDGE('',*,*,#4286,.T.);
#2951=ORIENTED_EDGE('',*,*,#4289,.T.);
#2952=ORIENTED_EDGE('',*,*,#4292,.T.);
#2953=ORIENTED_EDGE('',*,*,#4294,.T.);
#2954=ORIENTED_EDGE('',*,*,#4249,.T.);
#2955=ORIENTED_EDGE('',*,*,#4253,.T.);
#2956=ORIENTED_EDGE('',*,*,#4256,.T.);
#2957=ORIENTED_EDGE('',*,*,#4259,.T.);
#2958=ORIENTED_EDGE('',*,*,#4262,.T.);
#2959=ORIENTED_EDGE('',*,*,#4265,.T.);
#2960=ORIENTED_EDGE('',*,*,#4268,.T.);
#2961=ORIENTED_EDGE('',*,*,#4270,.T.);
#2962=ORIENTED_EDGE('',*,*,#4191,.T.);
#2963=ORIENTED_EDGE('',*,*,#4195,.T.);
#2964=ORIENTED_EDGE('',*,*,#4198,.T.);
#2965=ORIENTED_EDGE('',*,*,#4201,.T.);
#2966=ORIENTED_EDGE('',*,*,#4204,.T.);
#2967=ORIENTED_EDGE('',*,*,#4207,.T.);
#2968=ORIENTED_EDGE('',*,*,#4210,.T.);
#2969=ORIENTED_EDGE('',*,*,#4212,.T.);
#2970=ORIENTED_EDGE('',*,*,#4167,.T.);
#2971=ORIENTED_EDGE('',*,*,#4171,.T.);
#2972=ORIENTED_EDGE('',*,*,#4174,.T.);
#2973=ORIENTED_EDGE('',*,*,#4177,.T.);
#2974=ORIENTED_EDGE('',*,*,#4180,.T.);
#2975=ORIENTED_EDGE('',*,*,#4183,.T.);
#2976=ORIENTED_EDGE('',*,*,#4186,.T.);
#2977=ORIENTED_EDGE('',*,*,#4188,.T.);
#2978=ORIENTED_EDGE('',*,*,#4143,.T.);
#2979=ORIENTED_EDGE('',*,*,#4147,.T.);
#2980=ORIENTED_EDGE('',*,*,#4150,.T.);
#2981=ORIENTED_EDGE('',*,*,#4153,.T.);
#2982=ORIENTED_EDGE('',*,*,#4156,.T.);
#2983=ORIENTED_EDGE('',*,*,#4159,.T.);
#2984=ORIENTED_EDGE('',*,*,#4162,.T.);
#2985=ORIENTED_EDGE('',*,*,#4164,.T.);
#2986=ORIENTED_EDGE('',*,*,#4119,.T.);
#2987=ORIENTED_EDGE('',*,*,#4123,.T.);
#2988=ORIENTED_EDGE('',*,*,#4126,.T.);
#2989=ORIENTED_EDGE('',*,*,#4129,.T.);
#2990=ORIENTED_EDGE('',*,*,#4132,.T.);
#2991=ORIENTED_EDGE('',*,*,#4135,.T.);
#2992=ORIENTED_EDGE('',*,*,#4138,.T.);
#2993=ORIENTED_EDGE('',*,*,#4140,.T.);
#2994=ORIENTED_EDGE('',*,*,#4095,.T.);
#2995=ORIENTED_EDGE('',*,*,#4099,.T.);
#2996=ORIENTED_EDGE('',*,*,#4102,.T.);
#2997=ORIENTED_EDGE('',*,*,#4105,.T.);
#2998=ORIENTED_EDGE('',*,*,#4108,.T.);
#2999=ORIENTED_EDGE('',*,*,#4111,.T.);
#3000=ORIENTED_EDGE('',*,*,#4114,.T.);
#3001=ORIENTED_EDGE('',*,*,#4116,.T.);
#3002=ORIENTED_EDGE('',*,*,#4071,.T.);
#3003=ORIENTED_EDGE('',*,*,#4075,.T.);
#3004=ORIENTED_EDGE('',*,*,#4078,.T.);
#3005=ORIENTED_EDGE('',*,*,#4081,.T.);
#3006=ORIENTED_EDGE('',*,*,#4084,.T.);
#3007=ORIENTED_EDGE('',*,*,#4087,.T.);
#3008=ORIENTED_EDGE('',*,*,#4090,.T.);
#3009=ORIENTED_EDGE('',*,*,#4092,.T.);
#3010=ORIENTED_EDGE('',*,*,#4034,.T.);
#3011=ORIENTED_EDGE('',*,*,#4038,.T.);
#3012=ORIENTED_EDGE('',*,*,#4041,.T.);
#3013=ORIENTED_EDGE('',*,*,#4044,.T.);
#3014=ORIENTED_EDGE('',*,*,#4047,.T.);
#3015=ORIENTED_EDGE('',*,*,#4050,.T.);
#3016=ORIENTED_EDGE('',*,*,#4053,.T.);
#3017=ORIENTED_EDGE('',*,*,#4055,.T.);
#3018=ORIENTED_EDGE('',*,*,#4010,.T.);
#3019=ORIENTED_EDGE('',*,*,#4014,.T.);
#3020=ORIENTED_EDGE('',*,*,#4017,.T.);
#3021=ORIENTED_EDGE('',*,*,#4020,.T.);
#3022=ORIENTED_EDGE('',*,*,#4023,.T.);
#3023=ORIENTED_EDGE('',*,*,#4026,.T.);
#3024=ORIENTED_EDGE('',*,*,#4029,.T.);
#3025=ORIENTED_EDGE('',*,*,#4031,.T.);
#3026=ORIENTED_EDGE('',*,*,#3986,.T.);
#3027=ORIENTED_EDGE('',*,*,#3990,.T.);
#3028=ORIENTED_EDGE('',*,*,#3993,.T.);
#3029=ORIENTED_EDGE('',*,*,#3996,.T.);
#3030=ORIENTED_EDGE('',*,*,#3999,.T.);
#3031=ORIENTED_EDGE('',*,*,#4002,.T.);
#3032=ORIENTED_EDGE('',*,*,#4005,.T.);
#3033=ORIENTED_EDGE('',*,*,#4007,.T.);
#3034=ORIENTED_EDGE('',*,*,#3962,.T.);
#3035=ORIENTED_EDGE('',*,*,#3966,.T.);
#3036=ORIENTED_EDGE('',*,*,#3969,.T.);
#3037=ORIENTED_EDGE('',*,*,#3972,.T.);
#3038=ORIENTED_EDGE('',*,*,#3975,.T.);
#3039=ORIENTED_EDGE('',*,*,#3978,.T.);
#3040=ORIENTED_EDGE('',*,*,#3981,.T.);
#3041=ORIENTED_EDGE('',*,*,#3983,.T.);
#3042=ORIENTED_EDGE('',*,*,#3938,.T.);
#3043=ORIENTED_EDGE('',*,*,#3942,.T.);
#3044=ORIENTED_EDGE('',*,*,#3945,.T.);
#3045=ORIENTED_EDGE('',*,*,#3948,.T.);
#3046=ORIENTED_EDGE('',*,*,#3951,.T.);
#3047=ORIENTED_EDGE('',*,*,#3954,.T.);
#3048=ORIENTED_EDGE('',*,*,#3957,.T.);
#3049=ORIENTED_EDGE('',*,*,#3959,.T.);
#3050=ORIENTED_EDGE('',*,*,#3901,.T.);
#3051=ORIENTED_EDGE('',*,*,#3905,.T.);
#3052=ORIENTED_EDGE('',*,*,#3908,.T.);
#3053=ORIENTED_EDGE('',*,*,#3911,.T.);
#3054=ORIENTED_EDGE('',*,*,#3914,.T.);
#3055=ORIENTED_EDGE('',*,*,#3917,.T.);
#3056=ORIENTED_EDGE('',*,*,#3920,.T.);
#3057=ORIENTED_EDGE('',*,*,#3922,.T.);
#3058=ORIENTED_EDGE('',*,*,#3877,.T.);
#3059=ORIENTED_EDGE('',*,*,#3881,.T.);
#3060=ORIENTED_EDGE('',*,*,#3884,.T.);
#3061=ORIENTED_EDGE('',*,*,#3887,.T.);
#3062=ORIENTED_EDGE('',*,*,#3890,.T.);
#3063=ORIENTED_EDGE('',*,*,#3893,.T.);
#3064=ORIENTED_EDGE('',*,*,#3896,.T.);
#3065=ORIENTED_EDGE('',*,*,#3898,.T.);
#3066=ORIENTED_EDGE('',*,*,#3853,.T.);
#3067=ORIENTED_EDGE('',*,*,#3857,.T.);
#3068=ORIENTED_EDGE('',*,*,#3860,.T.);
#3069=ORIENTED_EDGE('',*,*,#3863,.T.);
#3070=ORIENTED_EDGE('',*,*,#3866,.T.);
#3071=ORIENTED_EDGE('',*,*,#3869,.T.);
#3072=ORIENTED_EDGE('',*,*,#3872,.T.);
#3073=ORIENTED_EDGE('',*,*,#3874,.T.);
#3074=ORIENTED_EDGE('',*,*,#3829,.T.);
#3075=ORIENTED_EDGE('',*,*,#3833,.T.);
#3076=ORIENTED_EDGE('',*,*,#3836,.T.);
#3077=ORIENTED_EDGE('',*,*,#3839,.T.);
#3078=ORIENTED_EDGE('',*,*,#3842,.T.);
#3079=ORIENTED_EDGE('',*,*,#3845,.T.);
#3080=ORIENTED_EDGE('',*,*,#3848,.T.);
#3081=ORIENTED_EDGE('',*,*,#3850,.T.);
#3082=ORIENTED_EDGE('',*,*,#3792,.T.);
#3083=ORIENTED_EDGE('',*,*,#3796,.T.);
#3084=ORIENTED_EDGE('',*,*,#3799,.T.);
#3085=ORIENTED_EDGE('',*,*,#3802,.T.);
#3086=ORIENTED_EDGE('',*,*,#3805,.T.);
#3087=ORIENTED_EDGE('',*,*,#3808,.T.);
#3088=ORIENTED_EDGE('',*,*,#3811,.T.);
#3089=ORIENTED_EDGE('',*,*,#3813,.T.);
#3090=ORIENTED_EDGE('',*,*,#3768,.T.);
#3091=ORIENTED_EDGE('',*,*,#3772,.T.);
#3092=ORIENTED_EDGE('',*,*,#3775,.T.);
#3093=ORIENTED_EDGE('',*,*,#3778,.T.);
#3094=ORIENTED_EDGE('',*,*,#3781,.T.);
#3095=ORIENTED_EDGE('',*,*,#3784,.T.);
#3096=ORIENTED_EDGE('',*,*,#3787,.T.);
#3097=ORIENTED_EDGE('',*,*,#3789,.T.);
#3098=ORIENTED_EDGE('',*,*,#3744,.T.);
#3099=ORIENTED_EDGE('',*,*,#3748,.T.);
#3100=ORIENTED_EDGE('',*,*,#3751,.T.);
#3101=ORIENTED_EDGE('',*,*,#3754,.T.);
#3102=ORIENTED_EDGE('',*,*,#3757,.T.);
#3103=ORIENTED_EDGE('',*,*,#3760,.T.);
#3104=ORIENTED_EDGE('',*,*,#3763,.T.);
#3105=ORIENTED_EDGE('',*,*,#3765,.T.);
#3106=ORIENTED_EDGE('',*,*,#3702,.T.);
#3107=ORIENTED_EDGE('',*,*,#3706,.T.);
#3108=ORIENTED_EDGE('',*,*,#3709,.T.);
#3109=ORIENTED_EDGE('',*,*,#3712,.T.);
#3110=ORIENTED_EDGE('',*,*,#3715,.T.);
#3111=ORIENTED_EDGE('',*,*,#3718,.T.);
#3112=ORIENTED_EDGE('',*,*,#3721,.T.);
#3113=ORIENTED_EDGE('',*,*,#3724,.T.);
#3114=ORIENTED_EDGE('',*,*,#3727,.T.);
#3115=ORIENTED_EDGE('',*,*,#3730,.T.);
#3116=ORIENTED_EDGE('',*,*,#3733,.T.);
#3117=ORIENTED_EDGE('',*,*,#3736,.T.);
#3118=ORIENTED_EDGE('',*,*,#3739,.T.);
#3119=ORIENTED_EDGE('',*,*,#3741,.T.);
#3120=ORIENTED_EDGE('',*,*,#3678,.T.);
#3121=ORIENTED_EDGE('',*,*,#3682,.T.);
#3122=ORIENTED_EDGE('',*,*,#3685,.T.);
#3123=ORIENTED_EDGE('',*,*,#3688,.T.);
#3124=ORIENTED_EDGE('',*,*,#3691,.T.);
#3125=ORIENTED_EDGE('',*,*,#3694,.T.);
#3126=ORIENTED_EDGE('',*,*,#3697,.T.);
#3127=ORIENTED_EDGE('',*,*,#3699,.T.);
#3128=ORIENTED_EDGE('',*,*,#3654,.T.);
#3129=ORIENTED_EDGE('',*,*,#3658,.T.);
#3130=ORIENTED_EDGE('',*,*,#3661,.T.);
#3131=ORIENTED_EDGE('',*,*,#3664,.T.);
#3132=ORIENTED_EDGE('',*,*,#3667,.T.);
#3133=ORIENTED_EDGE('',*,*,#3670,.T.);
#3134=ORIENTED_EDGE('',*,*,#3673,.T.);
#3135=ORIENTED_EDGE('',*,*,#3675,.T.);
#3136=ORIENTED_EDGE('',*,*,#4588,.F.);
#3137=ORIENTED_EDGE('',*,*,#4587,.F.);
#3138=ORIENTED_EDGE('',*,*,#4589,.T.);
#3139=ORIENTED_EDGE('',*,*,#4558,.F.);
#3140=ORIENTED_EDGE('',*,*,#3645,.F.);
#3141=ORIENTED_EDGE('',*,*,#4590,.F.);
#3142=ORIENTED_EDGE('',*,*,#4591,.T.);
#3143=ORIENTED_EDGE('',*,*,#4592,.F.);
#3144=ORIENTED_EDGE('',*,*,#4561,.F.);
#3145=ORIENTED_EDGE('',*,*,#4593,.T.);
#3146=ORIENTED_EDGE('',*,*,#4594,.T.);
#3147=ORIENTED_EDGE('',*,*,#4593,.F.);
#3148=ORIENTED_EDGE('',*,*,#4560,.F.);
#3149=ORIENTED_EDGE('',*,*,#4595,.T.);
#3150=ORIENTED_EDGE('',*,*,#4586,.F.);
#3151=ORIENTED_EDGE('',*,*,#4596,.T.);
#3152=ORIENTED_EDGE('',*,*,#4597,.T.);
#3153=ORIENTED_EDGE('',*,*,#4595,.F.);
#3154=ORIENTED_EDGE('',*,*,#4559,.T.);
#3155=ORIENTED_EDGE('',*,*,#4589,.F.);
#3156=ORIENTED_EDGE('',*,*,#4598,.T.);
#3157=ORIENTED_EDGE('',*,*,#4562,.F.);
#3158=ORIENTED_EDGE('',*,*,#4592,.T.);
#3159=ORIENTED_EDGE('',*,*,#4599,.F.);
#3160=ORIENTED_EDGE('',*,*,#4600,.T.);
#3161=ORIENTED_EDGE('',*,*,#4601,.F.);
#3162=ORIENTED_EDGE('',*,*,#3651,.T.);
#3163=ORIENTED_EDGE('',*,*,#4566,.F.);
#3164=ORIENTED_EDGE('',*,*,#4602,.T.);
#3165=ORIENTED_EDGE('',*,*,#4600,.F.);
#3166=ORIENTED_EDGE('',*,*,#4565,.F.);
#3167=ORIENTED_EDGE('',*,*,#4603,.T.);
#3168=ORIENTED_EDGE('',*,*,#4585,.F.);
#3169=ORIENTED_EDGE('',*,*,#4604,.T.);
#3170=ORIENTED_EDGE('',*,*,#4605,.T.);
#3171=ORIENTED_EDGE('',*,*,#4603,.F.);
#3172=ORIENTED_EDGE('',*,*,#4564,.F.);
#3173=ORIENTED_EDGE('',*,*,#4606,.T.);
#3174=ORIENTED_EDGE('',*,*,#4607,.T.);
#3175=ORIENTED_EDGE('',*,*,#4606,.F.);
#3176=ORIENTED_EDGE('',*,*,#4563,.T.);
#3177=ORIENTED_EDGE('',*,*,#4598,.F.);
#3178=ORIENTED_EDGE('',*,*,#4608,.T.);
#3179=ORIENTED_EDGE('',*,*,#4567,.F.);
#3180=ORIENTED_EDGE('',*,*,#3649,.F.);
#3181=ORIENTED_EDGE('',*,*,#4609,.F.);
#3182=ORIENTED_EDGE('',*,*,#4610,.T.);
#3183=ORIENTED_EDGE('',*,*,#4611,.F.);
#3184=ORIENTED_EDGE('',*,*,#4570,.F.);
#3185=ORIENTED_EDGE('',*,*,#4612,.T.);
#3186=ORIENTED_EDGE('',*,*,#4613,.T.);
#3187=ORIENTED_EDGE('',*,*,#4612,.F.);
#3188=ORIENTED_EDGE('',*,*,#4569,.F.);
#3189=ORIENTED_EDGE('',*,*,#4614,.T.);
#3190=ORIENTED_EDGE('',*,*,#4584,.F.);
#3191=ORIENTED_EDGE('',*,*,#4615,.T.);
#3192=ORIENTED_EDGE('',*,*,#4616,.T.);
#3193=ORIENTED_EDGE('',*,*,#4614,.F.);
#3194=ORIENTED_EDGE('',*,*,#4568,.T.);
#3195=ORIENTED_EDGE('',*,*,#4608,.F.);
#3196=ORIENTED_EDGE('',*,*,#4617,.F.);
#3197=ORIENTED_EDGE('',*,*,#4618,.F.);
#3198=ORIENTED_EDGE('',*,*,#4583,.F.);
#3199=ORIENTED_EDGE('',*,*,#4619,.T.);
#3200=ORIENTED_EDGE('',*,*,#4620,.F.);
#3201=ORIENTED_EDGE('',*,*,#4621,.F.);
#3202=ORIENTED_EDGE('',*,*,#4580,.F.);
#3203=ORIENTED_EDGE('',*,*,#4618,.T.);
#3204=ORIENTED_EDGE('',*,*,#4622,.F.);
#3205=ORIENTED_EDGE('',*,*,#4623,.F.);
#3206=ORIENTED_EDGE('',*,*,#4581,.F.);
#3207=ORIENTED_EDGE('',*,*,#4621,.T.);
#3208=ORIENTED_EDGE('',*,*,#4624,.F.);
#3209=ORIENTED_EDGE('',*,*,#4619,.F.);
#3210=ORIENTED_EDGE('',*,*,#4582,.F.);
#3211=ORIENTED_EDGE('',*,*,#4623,.T.);
#3212=ORIENTED_EDGE('',*,*,#4625,.F.);
#3213=ORIENTED_EDGE('',*,*,#4626,.F.);
#3214=ORIENTED_EDGE('',*,*,#4579,.F.);
#3215=ORIENTED_EDGE('',*,*,#4627,.T.);
#3216=ORIENTED_EDGE('',*,*,#4628,.F.);
#3217=ORIENTED_EDGE('',*,*,#4629,.F.);
#3218=ORIENTED_EDGE('',*,*,#4576,.F.);
#3219=ORIENTED_EDGE('',*,*,#4626,.T.);
#3220=ORIENTED_EDGE('',*,*,#4630,.F.);
#3221=ORIENTED_EDGE('',*,*,#4631,.F.);
#3222=ORIENTED_EDGE('',*,*,#4577,.F.);
#3223=ORIENTED_EDGE('',*,*,#4629,.T.);
#3224=ORIENTED_EDGE('',*,*,#4632,.F.);
#3225=ORIENTED_EDGE('',*,*,#4627,.F.);
#3226=ORIENTED_EDGE('',*,*,#4578,.F.);
#3227=ORIENTED_EDGE('',*,*,#4631,.T.);
#3228=ORIENTED_EDGE('',*,*,#4633,.F.);
#3229=ORIENTED_EDGE('',*,*,#4634,.F.);
#3230=ORIENTED_EDGE('',*,*,#4575,.F.);
#3231=ORIENTED_EDGE('',*,*,#4635,.T.);
#3232=ORIENTED_EDGE('',*,*,#4636,.F.);
#3233=ORIENTED_EDGE('',*,*,#4637,.F.);
#3234=ORIENTED_EDGE('',*,*,#4572,.F.);
#3235=ORIENTED_EDGE('',*,*,#4634,.T.);
#3236=ORIENTED_EDGE('',*,*,#4638,.F.);
#3237=ORIENTED_EDGE('',*,*,#4639,.F.);
#3238=ORIENTED_EDGE('',*,*,#4573,.F.);
#3239=ORIENTED_EDGE('',*,*,#4637,.T.);
#3240=ORIENTED_EDGE('',*,*,#4640,.F.);
#3241=ORIENTED_EDGE('',*,*,#4635,.F.);
#3242=ORIENTED_EDGE('',*,*,#4574,.F.);
#3243=ORIENTED_EDGE('',*,*,#4639,.T.);
#3244=ORIENTED_EDGE('',*,*,#4641,.F.);
#3245=ORIENTED_EDGE('',*,*,#4642,.T.);
#3246=ORIENTED_EDGE('',*,*,#4610,.F.);
#3247=ORIENTED_EDGE('',*,*,#4613,.F.);
#3248=ORIENTED_EDGE('',*,*,#4616,.F.);
#3249=ORIENTED_EDGE('',*,*,#4609,.T.);
#3250=ORIENTED_EDGE('',*,*,#3648,.F.);
#3251=ORIENTED_EDGE('',*,*,#4601,.T.);
#3252=ORIENTED_EDGE('',*,*,#4602,.F.);
#3253=ORIENTED_EDGE('',*,*,#4605,.F.);
#3254=ORIENTED_EDGE('',*,*,#4607,.F.);
#3255=ORIENTED_EDGE('',*,*,#4599,.T.);
#3256=ORIENTED_EDGE('',*,*,#4591,.F.);
#3257=ORIENTED_EDGE('',*,*,#4594,.F.);
#3258=ORIENTED_EDGE('',*,*,#4597,.F.);
#3259=ORIENTED_EDGE('',*,*,#4590,.T.);
#3260=ORIENTED_EDGE('',*,*,#3644,.F.);
#3261=ORIENTED_EDGE('',*,*,#4522,.T.);
#3262=ORIENTED_EDGE('',*,*,#4643,.F.);
#3263=ORIENTED_EDGE('',*,*,#4644,.T.);
#3264=ORIENTED_EDGE('',*,*,#4524,.T.);
#3265=ORIENTED_EDGE('',*,*,#4538,.T.);
#3266=ORIENTED_EDGE('',*,*,#4535,.T.);
#3267=ORIENTED_EDGE('',*,*,#4531,.T.);
#3268=ORIENTED_EDGE('',*,*,#4645,.F.);
#3269=ORIENTED_EDGE('',*,*,#4646,.F.);
#3270=ORIENTED_EDGE('',*,*,#4350,.F.);
#3271=ORIENTED_EDGE('',*,*,#4347,.F.);
#3272=ORIENTED_EDGE('',*,*,#4343,.F.);
#3273=ORIENTED_EDGE('',*,*,#4647,.F.);
#3274=ORIENTED_EDGE('',*,*,#4648,.F.);
#3275=ORIENTED_EDGE('',*,*,#4068,.F.);
#3276=ORIENTED_EDGE('',*,*,#4063,.F.);
#3277=ORIENTED_EDGE('',*,*,#4060,.F.);
#3278=ORIENTED_EDGE('',*,*,#4056,.F.);
#3279=ORIENTED_EDGE('',*,*,#4649,.F.);
#3280=ORIENTED_EDGE('',*,*,#4650,.F.);
#3281=ORIENTED_EDGE('',*,*,#3935,.F.);
#3282=ORIENTED_EDGE('',*,*,#3930,.F.);
#3283=ORIENTED_EDGE('',*,*,#3927,.F.);
#3284=ORIENTED_EDGE('',*,*,#3923,.F.);
#3285=ORIENTED_EDGE('',*,*,#4651,.F.);
#3286=ORIENTED_EDGE('',*,*,#4652,.F.);
#3287=ORIENTED_EDGE('',*,*,#3826,.F.);
#3288=ORIENTED_EDGE('',*,*,#3821,.F.);
#3289=ORIENTED_EDGE('',*,*,#3818,.F.);
#3290=ORIENTED_EDGE('',*,*,#3814,.F.);
#3291=ORIENTED_EDGE('',*,*,#4653,.F.);
#3292=ORIENTED_EDGE('',*,*,#4654,.F.);
#3293=ORIENTED_EDGE('',*,*,#4219,.F.);
#3294=ORIENTED_EDGE('',*,*,#4213,.F.);
#3295=ORIENTED_EDGE('',*,*,#4245,.F.);
#3296=ORIENTED_EDGE('',*,*,#4242,.F.);
#3297=ORIENTED_EDGE('',*,*,#4239,.F.);
#3298=ORIENTED_EDGE('',*,*,#4236,.F.);
#3299=ORIENTED_EDGE('',*,*,#4233,.F.);
#3300=ORIENTED_EDGE('',*,*,#4230,.F.);
#3301=ORIENTED_EDGE('',*,*,#4227,.F.);
#3302=ORIENTED_EDGE('',*,*,#4224,.F.);
#3303=ORIENTED_EDGE('',*,*,#4221,.F.);
#3304=ORIENTED_EDGE('',*,*,#3652,.F.);
#3305=ORIENTED_EDGE('',*,*,#3674,.F.);
#3306=ORIENTED_EDGE('',*,*,#3671,.F.);
#3307=ORIENTED_EDGE('',*,*,#3668,.F.);
#3308=ORIENTED_EDGE('',*,*,#3665,.F.);
#3309=ORIENTED_EDGE('',*,*,#3662,.F.);
#3310=ORIENTED_EDGE('',*,*,#3659,.F.);
#3311=ORIENTED_EDGE('',*,*,#3656,.F.);
#3312=ORIENTED_EDGE('',*,*,#3676,.F.);
#3313=ORIENTED_EDGE('',*,*,#3698,.F.);
#3314=ORIENTED_EDGE('',*,*,#3695,.F.);
#3315=ORIENTED_EDGE('',*,*,#3692,.F.);
#3316=ORIENTED_EDGE('',*,*,#3689,.F.);
#3317=ORIENTED_EDGE('',*,*,#3686,.F.);
#3318=ORIENTED_EDGE('',*,*,#3683,.F.);
#3319=ORIENTED_EDGE('',*,*,#3680,.F.);
#3320=ORIENTED_EDGE('',*,*,#3700,.F.);
#3321=ORIENTED_EDGE('',*,*,#3740,.F.);
#3322=ORIENTED_EDGE('',*,*,#3737,.F.);
#3323=ORIENTED_EDGE('',*,*,#3734,.F.);
#3324=ORIENTED_EDGE('',*,*,#3731,.F.);
#3325=ORIENTED_EDGE('',*,*,#3728,.F.);
#3326=ORIENTED_EDGE('',*,*,#3725,.F.);
#3327=ORIENTED_EDGE('',*,*,#3722,.F.);
#3328=ORIENTED_EDGE('',*,*,#3719,.F.);
#3329=ORIENTED_EDGE('',*,*,#3716,.F.);
#3330=ORIENTED_EDGE('',*,*,#3713,.F.);
#3331=ORIENTED_EDGE('',*,*,#3710,.F.);
#3332=ORIENTED_EDGE('',*,*,#3707,.F.);
#3333=ORIENTED_EDGE('',*,*,#3704,.F.);
#3334=ORIENTED_EDGE('',*,*,#3742,.F.);
#3335=ORIENTED_EDGE('',*,*,#3764,.F.);
#3336=ORIENTED_EDGE('',*,*,#3761,.F.);
#3337=ORIENTED_EDGE('',*,*,#3758,.F.);
#3338=ORIENTED_EDGE('',*,*,#3755,.F.);
#3339=ORIENTED_EDGE('',*,*,#3752,.F.);
#3340=ORIENTED_EDGE('',*,*,#3749,.F.);
#3341=ORIENTED_EDGE('',*,*,#3746,.F.);
#3342=ORIENTED_EDGE('',*,*,#3766,.F.);
#3343=ORIENTED_EDGE('',*,*,#3788,.F.);
#3344=ORIENTED_EDGE('',*,*,#3785,.F.);
#3345=ORIENTED_EDGE('',*,*,#3782,.F.);
#3346=ORIENTED_EDGE('',*,*,#3779,.F.);
#3347=ORIENTED_EDGE('',*,*,#3776,.F.);
#3348=ORIENTED_EDGE('',*,*,#3773,.F.);
#3349=ORIENTED_EDGE('',*,*,#3770,.F.);
#3350=ORIENTED_EDGE('',*,*,#3790,.F.);
#3351=ORIENTED_EDGE('',*,*,#3812,.F.);
#3352=ORIENTED_EDGE('',*,*,#3809,.F.);
#3353=ORIENTED_EDGE('',*,*,#3806,.F.);
#3354=ORIENTED_EDGE('',*,*,#3803,.F.);
#3355=ORIENTED_EDGE('',*,*,#3800,.F.);
#3356=ORIENTED_EDGE('',*,*,#3797,.F.);
#3357=ORIENTED_EDGE('',*,*,#3794,.F.);
#3358=ORIENTED_EDGE('',*,*,#3827,.F.);
#3359=ORIENTED_EDGE('',*,*,#3849,.F.);
#3360=ORIENTED_EDGE('',*,*,#3846,.F.);
#3361=ORIENTED_EDGE('',*,*,#3843,.F.);
#3362=ORIENTED_EDGE('',*,*,#3840,.F.);
#3363=ORIENTED_EDGE('',*,*,#3837,.F.);
#3364=ORIENTED_EDGE('',*,*,#3834,.F.);
#3365=ORIENTED_EDGE('',*,*,#3831,.F.);
#3366=ORIENTED_EDGE('',*,*,#3851,.F.);
#3367=ORIENTED_EDGE('',*,*,#3873,.F.);
#3368=ORIENTED_EDGE('',*,*,#3870,.F.);
#3369=ORIENTED_EDGE('',*,*,#3867,.F.);
#3370=ORIENTED_EDGE('',*,*,#3864,.F.);
#3371=ORIENTED_EDGE('',*,*,#3861,.F.);
#3372=ORIENTED_EDGE('',*,*,#3858,.F.);
#3373=ORIENTED_EDGE('',*,*,#3855,.F.);
#3374=ORIENTED_EDGE('',*,*,#3875,.F.);
#3375=ORIENTED_EDGE('',*,*,#3897,.F.);
#3376=ORIENTED_EDGE('',*,*,#3894,.F.);
#3377=ORIENTED_EDGE('',*,*,#3891,.F.);
#3378=ORIENTED_EDGE('',*,*,#3888,.F.);
#3379=ORIENTED_EDGE('',*,*,#3885,.F.);
#3380=ORIENTED_EDGE('',*,*,#3882,.F.);
#3381=ORIENTED_EDGE('',*,*,#3879,.F.);
#3382=ORIENTED_EDGE('',*,*,#3899,.F.);
#3383=ORIENTED_EDGE('',*,*,#3921,.F.);
#3384=ORIENTED_EDGE('',*,*,#3918,.F.);
#3385=ORIENTED_EDGE('',*,*,#3915,.F.);
#3386=ORIENTED_EDGE('',*,*,#3912,.F.);
#3387=ORIENTED_EDGE('',*,*,#3909,.F.);
#3388=ORIENTED_EDGE('',*,*,#3906,.F.);
#3389=ORIENTED_EDGE('',*,*,#3903,.F.);
#3390=ORIENTED_EDGE('',*,*,#3936,.F.);
#3391=ORIENTED_EDGE('',*,*,#3958,.F.);
#3392=ORIENTED_EDGE('',*,*,#3955,.F.);
#3393=ORIENTED_EDGE('',*,*,#3952,.F.);
#3394=ORIENTED_EDGE('',*,*,#3949,.F.);
#3395=ORIENTED_EDGE('',*,*,#3946,.F.);
#3396=ORIENTED_EDGE('',*,*,#3943,.F.);
#3397=ORIENTED_EDGE('',*,*,#3940,.F.);
#3398=ORIENTED_EDGE('',*,*,#3960,.F.);
#3399=ORIENTED_EDGE('',*,*,#3982,.F.);
#3400=ORIENTED_EDGE('',*,*,#3979,.F.);
#3401=ORIENTED_EDGE('',*,*,#3976,.F.);
#3402=ORIENTED_EDGE('',*,*,#3973,.F.);
#3403=ORIENTED_EDGE('',*,*,#3970,.F.);
#3404=ORIENTED_EDGE('',*,*,#3967,.F.);
#3405=ORIENTED_EDGE('',*,*,#3964,.F.);
#3406=ORIENTED_EDGE('',*,*,#3984,.F.);
#3407=ORIENTED_EDGE('',*,*,#4006,.F.);
#3408=ORIENTED_EDGE('',*,*,#4003,.F.);
#3409=ORIENTED_EDGE('',*,*,#4000,.F.);
#3410=ORIENTED_EDGE('',*,*,#3997,.F.);
#3411=ORIENTED_EDGE('',*,*,#3994,.F.);
#3412=ORIENTED_EDGE('',*,*,#3991,.F.);
#3413=ORIENTED_EDGE('',*,*,#3988,.F.);
#3414=ORIENTED_EDGE('',*,*,#4008,.F.);
#3415=ORIENTED_EDGE('',*,*,#4030,.F.);
#3416=ORIENTED_EDGE('',*,*,#4027,.F.);
#3417=ORIENTED_EDGE('',*,*,#4024,.F.);
#3418=ORIENTED_EDGE('',*,*,#4021,.F.);
#3419=ORIENTED_EDGE('',*,*,#4018,.F.);
#3420=ORIENTED_EDGE('',*,*,#4015,.F.);
#3421=ORIENTED_EDGE('',*,*,#4012,.F.);
#3422=ORIENTED_EDGE('',*,*,#4032,.F.);
#3423=ORIENTED_EDGE('',*,*,#4054,.F.);
#3424=ORIENTED_EDGE('',*,*,#4051,.F.);
#3425=ORIENTED_EDGE('',*,*,#4048,.F.);
#3426=ORIENTED_EDGE('',*,*,#4045,.F.);
#3427=ORIENTED_EDGE('',*,*,#4042,.F.);
#3428=ORIENTED_EDGE('',*,*,#4039,.F.);
#3429=ORIENTED_EDGE('',*,*,#4036,.F.);
#3430=ORIENTED_EDGE('',*,*,#4069,.F.);
#3431=ORIENTED_EDGE('',*,*,#4091,.F.);
#3432=ORIENTED_EDGE('',*,*,#4088,.F.);
#3433=ORIENTED_EDGE('',*,*,#4085,.F.);
#3434=ORIENTED_EDGE('',*,*,#4082,.F.);
#3435=ORIENTED_EDGE('',*,*,#4079,.F.);
#3436=ORIENTED_EDGE('',*,*,#4076,.F.);
#3437=ORIENTED_EDGE('',*,*,#4073,.F.);
#3438=ORIENTED_EDGE('',*,*,#4093,.F.);
#3439=ORIENTED_EDGE('',*,*,#4115,.F.);
#3440=ORIENTED_EDGE('',*,*,#4112,.F.);
#3441=ORIENTED_EDGE('',*,*,#4109,.F.);
#3442=ORIENTED_EDGE('',*,*,#4106,.F.);
#3443=ORIENTED_EDGE('',*,*,#4103,.F.);
#3444=ORIENTED_EDGE('',*,*,#4100,.F.);
#3445=ORIENTED_EDGE('',*,*,#4097,.F.);
#3446=ORIENTED_EDGE('',*,*,#4117,.F.);
#3447=ORIENTED_EDGE('',*,*,#4139,.F.);
#3448=ORIENTED_EDGE('',*,*,#4136,.F.);
#3449=ORIENTED_EDGE('',*,*,#4133,.F.);
#3450=ORIENTED_EDGE('',*,*,#4130,.F.);
#3451=ORIENTED_EDGE('',*,*,#4127,.F.);
#3452=ORIENTED_EDGE('',*,*,#4124,.F.);
#3453=ORIENTED_EDGE('',*,*,#4121,.F.);
#3454=ORIENTED_EDGE('',*,*,#4141,.F.);
#3455=ORIENTED_EDGE('',*,*,#4163,.F.);
#3456=ORIENTED_EDGE('',*,*,#4160,.F.);
#3457=ORIENTED_EDGE('',*,*,#4157,.F.);
#3458=ORIENTED_EDGE('',*,*,#4154,.F.);
#3459=ORIENTED_EDGE('',*,*,#4151,.F.);
#3460=ORIENTED_EDGE('',*,*,#4148,.F.);
#3461=ORIENTED_EDGE('',*,*,#4145,.F.);
#3462=ORIENTED_EDGE('',*,*,#4165,.F.);
#3463=ORIENTED_EDGE('',*,*,#4187,.F.);
#3464=ORIENTED_EDGE('',*,*,#4184,.F.);
#3465=ORIENTED_EDGE('',*,*,#4181,.F.);
#3466=ORIENTED_EDGE('',*,*,#4178,.F.);
#3467=ORIENTED_EDGE('',*,*,#4175,.F.);
#3468=ORIENTED_EDGE('',*,*,#4172,.F.);
#3469=ORIENTED_EDGE('',*,*,#4169,.F.);
#3470=ORIENTED_EDGE('',*,*,#4189,.F.);
#3471=ORIENTED_EDGE('',*,*,#4211,.F.);
#3472=ORIENTED_EDGE('',*,*,#4208,.F.);
#3473=ORIENTED_EDGE('',*,*,#4205,.F.);
#3474=ORIENTED_EDGE('',*,*,#4202,.F.);
#3475=ORIENTED_EDGE('',*,*,#4199,.F.);
#3476=ORIENTED_EDGE('',*,*,#4196,.F.);
#3477=ORIENTED_EDGE('',*,*,#4193,.F.);
#3478=ORIENTED_EDGE('',*,*,#4247,.F.);
#3479=ORIENTED_EDGE('',*,*,#4269,.F.);
#3480=ORIENTED_EDGE('',*,*,#4266,.F.);
#3481=ORIENTED_EDGE('',*,*,#4263,.F.);
#3482=ORIENTED_EDGE('',*,*,#4260,.F.);
#3483=ORIENTED_EDGE('',*,*,#4257,.F.);
#3484=ORIENTED_EDGE('',*,*,#4254,.F.);
#3485=ORIENTED_EDGE('',*,*,#4251,.F.);
#3486=ORIENTED_EDGE('',*,*,#4271,.F.);
#3487=ORIENTED_EDGE('',*,*,#4293,.F.);
#3488=ORIENTED_EDGE('',*,*,#4290,.F.);
#3489=ORIENTED_EDGE('',*,*,#4287,.F.);
#3490=ORIENTED_EDGE('',*,*,#4284,.F.);
#3491=ORIENTED_EDGE('',*,*,#4281,.F.);
#3492=ORIENTED_EDGE('',*,*,#4278,.F.);
#3493=ORIENTED_EDGE('',*,*,#4275,.F.);
#3494=ORIENTED_EDGE('',*,*,#4295,.F.);
#3495=ORIENTED_EDGE('',*,*,#4317,.F.);
#3496=ORIENTED_EDGE('',*,*,#4314,.F.);
#3497=ORIENTED_EDGE('',*,*,#4311,.F.);
#3498=ORIENTED_EDGE('',*,*,#4308,.F.);
#3499=ORIENTED_EDGE('',*,*,#4305,.F.);
#3500=ORIENTED_EDGE('',*,*,#4302,.F.);
#3501=ORIENTED_EDGE('',*,*,#4299,.F.);
#3502=ORIENTED_EDGE('',*,*,#4319,.F.);
#3503=ORIENTED_EDGE('',*,*,#4341,.F.);
#3504=ORIENTED_EDGE('',*,*,#4338,.F.);
#3505=ORIENTED_EDGE('',*,*,#4335,.F.);
#3506=ORIENTED_EDGE('',*,*,#4332,.F.);
#3507=ORIENTED_EDGE('',*,*,#4329,.F.);
#3508=ORIENTED_EDGE('',*,*,#4326,.F.);
#3509=ORIENTED_EDGE('',*,*,#4323,.F.);
#3510=ORIENTED_EDGE('',*,*,#4353,.F.);
#3511=ORIENTED_EDGE('',*,*,#4375,.F.);
#3512=ORIENTED_EDGE('',*,*,#4372,.F.);
#3513=ORIENTED_EDGE('',*,*,#4369,.F.);
#3514=ORIENTED_EDGE('',*,*,#4366,.F.);
#3515=ORIENTED_EDGE('',*,*,#4363,.F.);
#3516=ORIENTED_EDGE('',*,*,#4360,.F.);
#3517=ORIENTED_EDGE('',*,*,#4357,.F.);
#3518=ORIENTED_EDGE('',*,*,#4377,.F.);
#3519=ORIENTED_EDGE('',*,*,#4399,.F.);
#3520=ORIENTED_EDGE('',*,*,#4396,.F.);
#3521=ORIENTED_EDGE('',*,*,#4393,.F.);
#3522=ORIENTED_EDGE('',*,*,#4390,.F.);
#3523=ORIENTED_EDGE('',*,*,#4387,.F.);
#3524=ORIENTED_EDGE('',*,*,#4384,.F.);
#3525=ORIENTED_EDGE('',*,*,#4381,.F.);
#3526=ORIENTED_EDGE('',*,*,#4401,.F.);
#3527=ORIENTED_EDGE('',*,*,#4423,.F.);
#3528=ORIENTED_EDGE('',*,*,#4420,.F.);
#3529=ORIENTED_EDGE('',*,*,#4417,.F.);
#3530=ORIENTED_EDGE('',*,*,#4414,.F.);
#3531=ORIENTED_EDGE('',*,*,#4411,.F.);
#3532=ORIENTED_EDGE('',*,*,#4408,.F.);
#3533=ORIENTED_EDGE('',*,*,#4405,.F.);
#3534=ORIENTED_EDGE('',*,*,#4425,.F.);
#3535=ORIENTED_EDGE('',*,*,#4447,.F.);
#3536=ORIENTED_EDGE('',*,*,#4444,.F.);
#3537=ORIENTED_EDGE('',*,*,#4441,.F.);
#3538=ORIENTED_EDGE('',*,*,#4438,.F.);
#3539=ORIENTED_EDGE('',*,*,#4435,.F.);
#3540=ORIENTED_EDGE('',*,*,#4432,.F.);
#3541=ORIENTED_EDGE('',*,*,#4429,.F.);
#3542=ORIENTED_EDGE('',*,*,#4449,.F.);
#3543=ORIENTED_EDGE('',*,*,#4471,.F.);
#3544=ORIENTED_EDGE('',*,*,#4468,.F.);
#3545=ORIENTED_EDGE('',*,*,#4465,.F.);
#3546=ORIENTED_EDGE('',*,*,#4462,.F.);
#3547=ORIENTED_EDGE('',*,*,#4459,.F.);
#3548=ORIENTED_EDGE('',*,*,#4456,.F.);
#3549=ORIENTED_EDGE('',*,*,#4453,.F.);
#3550=ORIENTED_EDGE('',*,*,#4473,.F.);
#3551=ORIENTED_EDGE('',*,*,#4495,.F.);
#3552=ORIENTED_EDGE('',*,*,#4492,.F.);
#3553=ORIENTED_EDGE('',*,*,#4489,.F.);
#3554=ORIENTED_EDGE('',*,*,#4486,.F.);
#3555=ORIENTED_EDGE('',*,*,#4483,.F.);
#3556=ORIENTED_EDGE('',*,*,#4480,.F.);
#3557=ORIENTED_EDGE('',*,*,#4477,.F.);
#3558=ORIENTED_EDGE('',*,*,#4497,.F.);
#3559=ORIENTED_EDGE('',*,*,#4519,.F.);
#3560=ORIENTED_EDGE('',*,*,#4516,.F.);
#3561=ORIENTED_EDGE('',*,*,#4513,.F.);
#3562=ORIENTED_EDGE('',*,*,#4510,.F.);
#3563=ORIENTED_EDGE('',*,*,#4507,.F.);
#3564=ORIENTED_EDGE('',*,*,#4504,.F.);
#3565=ORIENTED_EDGE('',*,*,#4501,.F.);
#3566=ORIENTED_EDGE('',*,*,#4588,.T.);
#3567=ORIENTED_EDGE('',*,*,#4596,.F.);
#3568=ORIENTED_EDGE('',*,*,#4604,.F.);
#3569=ORIENTED_EDGE('',*,*,#4615,.F.);
#3570=ORIENTED_EDGE('',*,*,#4620,.T.);
#3571=ORIENTED_EDGE('',*,*,#4617,.T.);
#3572=ORIENTED_EDGE('',*,*,#4624,.T.);
#3573=ORIENTED_EDGE('',*,*,#4622,.T.);
#3574=ORIENTED_EDGE('',*,*,#4628,.T.);
#3575=ORIENTED_EDGE('',*,*,#4625,.T.);
#3576=ORIENTED_EDGE('',*,*,#4632,.T.);
#3577=ORIENTED_EDGE('',*,*,#4630,.T.);
#3578=ORIENTED_EDGE('',*,*,#4636,.T.);
#3579=ORIENTED_EDGE('',*,*,#4633,.T.);
#3580=ORIENTED_EDGE('',*,*,#4640,.T.);
#3581=ORIENTED_EDGE('',*,*,#4638,.T.);
#3582=ORIENTED_EDGE('',*,*,#4655,.F.);
#3583=ORIENTED_EDGE('',*,*,#4647,.T.);
#3584=ORIENTED_EDGE('',*,*,#4346,.T.);
#3585=ORIENTED_EDGE('',*,*,#4553,.F.);
#3586=ORIENTED_EDGE('',*,*,#4656,.F.);
#3587=ORIENTED_EDGE('',*,*,#4649,.T.);
#3588=ORIENTED_EDGE('',*,*,#4059,.T.);
#3589=ORIENTED_EDGE('',*,*,#4551,.F.);
#3590=ORIENTED_EDGE('',*,*,#4657,.F.);
#3591=ORIENTED_EDGE('',*,*,#4651,.T.);
#3592=ORIENTED_EDGE('',*,*,#3926,.T.);
#3593=ORIENTED_EDGE('',*,*,#4549,.F.);
#3594=ORIENTED_EDGE('',*,*,#4658,.F.);
#3595=ORIENTED_EDGE('',*,*,#4653,.T.);
#3596=ORIENTED_EDGE('',*,*,#3817,.T.);
#3597=ORIENTED_EDGE('',*,*,#4547,.F.);
#3598=ORIENTED_EDGE('',*,*,#4659,.F.);
#3599=ORIENTED_EDGE('',*,*,#4554,.F.);
#3600=ORIENTED_EDGE('',*,*,#4351,.F.);
#3601=ORIENTED_EDGE('',*,*,#4646,.T.);
#3602=ORIENTED_EDGE('',*,*,#4660,.F.);
#3603=ORIENTED_EDGE('',*,*,#4556,.T.);
#3604=ORIENTED_EDGE('',*,*,#4526,.T.);
#3605=ORIENTED_EDGE('',*,*,#4661,.T.);
#3606=ORIENTED_EDGE('',*,*,#4662,.F.);
#3607=ORIENTED_EDGE('',*,*,#4661,.F.);
#3608=ORIENTED_EDGE('',*,*,#4525,.T.);
#3609=ORIENTED_EDGE('',*,*,#4644,.F.);
#3610=ORIENTED_EDGE('',*,*,#4663,.F.);
#3611=ORIENTED_EDGE('',*,*,#4571,.F.);
#3612=ORIENTED_EDGE('',*,*,#4611,.T.);
#3613=ORIENTED_EDGE('',*,*,#4642,.F.);
#3614=ORIENTED_EDGE('',*,*,#4663,.T.);
#3615=ORIENTED_EDGE('',*,*,#4641,.T.);
#3616=ORIENTED_EDGE('',*,*,#4220,.T.);
#3617=ORIENTED_EDGE('',*,*,#4545,.T.);
#3618=ORIENTED_EDGE('',*,*,#4557,.T.);
#3619=ORIENTED_EDGE('',*,*,#4660,.T.);
#3620=ORIENTED_EDGE('',*,*,#4662,.T.);
#3621=ORIENTED_EDGE('',*,*,#4643,.T.);
#3622=ORIENTED_EDGE('',*,*,#4521,.T.);
#3623=ORIENTED_EDGE('',*,*,#4555,.T.);
#3624=ORIENTED_EDGE('',*,*,#4659,.T.);
#3625=ORIENTED_EDGE('',*,*,#4645,.T.);
#3626=ORIENTED_EDGE('',*,*,#4530,.T.);
#3627=ORIENTED_EDGE('',*,*,#4542,.T.);
#3628=ORIENTED_EDGE('',*,*,#4654,.T.);
#3629=ORIENTED_EDGE('',*,*,#4658,.T.);
#3630=ORIENTED_EDGE('',*,*,#4546,.T.);
#3631=ORIENTED_EDGE('',*,*,#4217,.T.);
#3632=ORIENTED_EDGE('',*,*,#4652,.T.);
#3633=ORIENTED_EDGE('',*,*,#4657,.T.);
#3634=ORIENTED_EDGE('',*,*,#4548,.T.);
#3635=ORIENTED_EDGE('',*,*,#3824,.T.);
#3636=ORIENTED_EDGE('',*,*,#4650,.T.);
#3637=ORIENTED_EDGE('',*,*,#4656,.T.);
#3638=ORIENTED_EDGE('',*,*,#4550,.T.);
#3639=ORIENTED_EDGE('',*,*,#3933,.T.);
#3640=ORIENTED_EDGE('',*,*,#4648,.T.);
#3641=ORIENTED_EDGE('',*,*,#4655,.T.);
#3642=ORIENTED_EDGE('',*,*,#4552,.T.);
#3643=ORIENTED_EDGE('',*,*,#4066,.T.);
#3644=EDGE_CURVE('',#4664,#4665,#5346,.T.);
#3645=EDGE_CURVE('',#4665,#4666,#200,.T.);
#3646=EDGE_CURVE('',#4667,#4666,#5347,.T.);
#3647=EDGE_CURVE('',#4664,#4667,#201,.T.);
#3648=EDGE_CURVE('',#4668,#4669,#5348,.T.);
#3649=EDGE_CURVE('',#4669,#4670,#202,.T.);
#3650=EDGE_CURVE('',#4671,#4670,#5349,.T.);
#3651=EDGE_CURVE('',#4668,#4671,#203,.T.);
#3652=EDGE_CURVE('',#4672,#4673,#5350,.F.);
#3653=EDGE_CURVE('',#4673,#4674,#204,.T.);
#3654=EDGE_CURVE('',#4675,#4674,#5351,.F.);
#3655=EDGE_CURVE('',#4672,#4675,#205,.T.);
#3656=EDGE_CURVE('',#4673,#4676,#206,.T.);
#3657=EDGE_CURVE('',#4676,#4677,#207,.T.);
#3658=EDGE_CURVE('',#4674,#4677,#208,.F.);
#3659=EDGE_CURVE('',#4676,#4678,#5352,.F.);
#3660=EDGE_CURVE('',#4678,#4679,#209,.T.);
#3661=EDGE_CURVE('',#4677,#4679,#5353,.F.);
#3662=EDGE_CURVE('',#4678,#4680,#210,.T.);
#3663=EDGE_CURVE('',#4680,#4681,#211,.T.);
#3664=EDGE_CURVE('',#4679,#4681,#212,.T.);
#3665=EDGE_CURVE('',#4680,#4682,#5354,.F.);
#3666=EDGE_CURVE('',#4682,#4683,#213,.T.);
#3667=EDGE_CURVE('',#4681,#4683,#5355,.F.);
#3668=EDGE_CURVE('',#4682,#4684,#214,.T.);
#3669=EDGE_CURVE('',#4684,#4685,#215,.T.);
#3670=EDGE_CURVE('',#4683,#4685,#216,.T.);
#3671=EDGE_CURVE('',#4684,#4686,#5356,.F.);
#3672=EDGE_CURVE('',#4686,#4687,#217,.T.);
#3673=EDGE_CURVE('',#4685,#4687,#5357,.F.);
#3674=EDGE_CURVE('',#4686,#4672,#218,.T.);
#3675=EDGE_CURVE('',#4687,#4675,#219,.F.);
#3676=EDGE_CURVE('',#4688,#4689,#5358,.F.);
#3677=EDGE_CURVE('',#4689,#4690,#220,.T.);
#3678=EDGE_CURVE('',#4691,#4690,#5359,.F.);
#3679=EDGE_CURVE('',#4688,#4691,#221,.T.);
#3680=EDGE_CURVE('',#4689,#4692,#222,.T.);
#3681=EDGE_CURVE('',#4692,#4693,#223,.T.);
#3682=EDGE_CURVE('',#4690,#4693,#224,.T.);
#3683=EDGE_CURVE('',#4692,#4694,#5360,.F.);
#3684=EDGE_CURVE('',#4694,#4695,#225,.T.);
#3685=EDGE_CURVE('',#4693,#4695,#5361,.F.);
#3686=EDGE_CURVE('',#4694,#4696,#226,.T.);
#3687=EDGE_CURVE('',#4696,#4697,#227,.T.);
#3688=EDGE_CURVE('',#4695,#4697,#228,.F.);
#3689=EDGE_CURVE('',#4696,#4698,#5362,.F.);
#3690=EDGE_CURVE('',#4698,#4699,#229,.T.);
#3691=EDGE_CURVE('',#4697,#4699,#5363,.F.);
#3692=EDGE_CURVE('',#4698,#4700,#230,.T.);
#3693=EDGE_CURVE('',#4700,#4701,#231,.T.);
#3694=EDGE_CURVE('',#4699,#4701,#232,.F.);
#3695=EDGE_CURVE('',#4700,#4702,#5364,.F.);
#3696=EDGE_CURVE('',#4702,#4703,#233,.T.);
#3697=EDGE_CURVE('',#4701,#4703,#5365,.F.);
#3698=EDGE_CURVE('',#4702,#4688,#234,.T.);
#3699=EDGE_CURVE('',#4703,#4691,#235,.T.);
#3700=EDGE_CURVE('',#4704,#4705,#5366,.F.);
#3701=EDGE_CURVE('',#4705,#4706,#236,.T.);
#3702=EDGE_CURVE('',#4707,#4706,#5367,.F.);
#3703=EDGE_CURVE('',#4704,#4707,#237,.T.);
#3704=EDGE_CURVE('',#4705,#4708,#238,.T.);
#3705=EDGE_CURVE('',#4708,#4709,#239,.T.);
#3706=EDGE_CURVE('',#4706,#4709,#240,.T.);
#3707=EDGE_CURVE('',#4708,#4710,#5368,.F.);
#3708=EDGE_CURVE('',#4710,#4711,#241,.T.);
#3709=EDGE_CURVE('',#4709,#4711,#5369,.F.);
#3710=EDGE_CURVE('',#4710,#4712,#242,.T.);
#3711=EDGE_CURVE('',#4712,#4713,#243,.T.);
#3712=EDGE_CURVE('',#4711,#4713,#244,.T.);
#3713=EDGE_CURVE('',#4712,#4714,#245,.T.);
#3714=EDGE_CURVE('',#4714,#4715,#246,.T.);
#3715=EDGE_CURVE('',#4713,#4715,#247,.T.);
#3716=EDGE_CURVE('',#4714,#4716,#5370,.F.);
#3717=EDGE_CURVE('',#4716,#4717,#248,.T.);
#3718=EDGE_CURVE('',#4715,#4717,#5371,.F.);
#3719=EDGE_CURVE('',#4716,#4718,#249,.T.);
#3720=EDGE_CURVE('',#4718,#4719,#250,.T.);
#3721=EDGE_CURVE('',#4717,#4719,#251,.T.);
#3722=EDGE_CURVE('',#4718,#4720,#5372,.F.);
#3723=EDGE_CURVE('',#4720,#4721,#252,.T.);
#3724=EDGE_CURVE('',#4719,#4721,#5373,.F.);
#3725=EDGE_CURVE('',#4720,#4722,#253,.T.);
#3726=EDGE_CURVE('',#4722,#4723,#254,.T.);
#3727=EDGE_CURVE('',#4721,#4723,#255,.T.);
#3728=EDGE_CURVE('',#4722,#4724,#256,.T.);
#3729=EDGE_CURVE('',#4724,#4725,#257,.T.);
#3730=EDGE_CURVE('',#4723,#4725,#258,.T.);
#3731=EDGE_CURVE('',#4724,#4726,#5374,.F.);
#3732=EDGE_CURVE('',#4726,#4727,#259,.T.);
#3733=EDGE_CURVE('',#4725,#4727,#5375,.F.);
#3734=EDGE_CURVE('',#4726,#4728,#260,.T.);
#3735=EDGE_CURVE('',#4728,#4729,#261,.T.);
#3736=EDGE_CURVE('',#4727,#4729,#262,.F.);
#3737=EDGE_CURVE('',#4728,#4730,#5376,.F.);
#3738=EDGE_CURVE('',#4730,#4731,#263,.T.);
#3739=EDGE_CURVE('',#4729,#4731,#5377,.F.);
#3740=EDGE_CURVE('',#4730,#4704,#264,.T.);
#3741=EDGE_CURVE('',#4731,#4707,#265,.F.);
#3742=EDGE_CURVE('',#4732,#4733,#5378,.F.);
#3743=EDGE_CURVE('',#4733,#4734,#266,.T.);
#3744=EDGE_CURVE('',#4735,#4734,#5379,.F.);
#3745=EDGE_CURVE('',#4732,#4735,#267,.T.);
#3746=EDGE_CURVE('',#4733,#4736,#268,.T.);
#3747=EDGE_CURVE('',#4736,#4737,#269,.T.);
#3748=EDGE_CURVE('',#4734,#4737,#270,.F.);
#3749=EDGE_CURVE('',#4736,#4738,#5380,.F.);
#3750=EDGE_CURVE('',#4738,#4739,#271,.T.);
#3751=EDGE_CURVE('',#4737,#4739,#5381,.F.);
#3752=EDGE_CURVE('',#4738,#4740,#272,.T.);
#3753=EDGE_CURVE('',#4740,#4741,#273,.T.);
#3754=EDGE_CURVE('',#4739,#4741,#274,.T.);
#3755=EDGE_CURVE('',#4740,#4742,#5382,.F.);
#3756=EDGE_CURVE('',#4742,#4743,#275,.T.);
#3757=EDGE_CURVE('',#4741,#4743,#5383,.F.);
#3758=EDGE_CURVE('',#4742,#4744,#276,.T.);
#3759=EDGE_CURVE('',#4744,#4745,#277,.T.);
#3760=EDGE_CURVE('',#4743,#4745,#278,.T.);
#3761=EDGE_CURVE('',#4744,#4746,#5384,.F.);
#3762=EDGE_CURVE('',#4746,#4747,#279,.T.);
#3763=EDGE_CURVE('',#4745,#4747,#5385,.F.);
#3764=EDGE_CURVE('',#4746,#4732,#280,.T.);
#3765=EDGE_CURVE('',#4747,#4735,#281,.F.);
#3766=EDGE_CURVE('',#4748,#4749,#5386,.F.);
#3767=EDGE_CURVE('',#4749,#4750,#282,.T.);
#3768=EDGE_CURVE('',#4751,#4750,#5387,.F.);
#3769=EDGE_CURVE('',#4748,#4751,#283,.T.);
#3770=EDGE_CURVE('',#4749,#4752,#284,.T.);
#3771=EDGE_CURVE('',#4752,#4753,#285,.T.);
#3772=EDGE_CURVE('',#4750,#4753,#286,.F.);
#3773=EDGE_CURVE('',#4752,#4754,#5388,.F.);
#3774=EDGE_CURVE('',#4754,#4755,#287,.T.);
#3775=EDGE_CURVE('',#4753,#4755,#5389,.F.);
#3776=EDGE_CURVE('',#4754,#4756,#288,.T.);
#3777=EDGE_CURVE('',#4756,#4757,#289,.T.);
#3778=EDGE_CURVE('',#4755,#4757,#290,.T.);
#3779=EDGE_CURVE('',#4756,#4758,#5390,.F.);
#3780=EDGE_CURVE('',#4758,#4759,#291,.T.);
#3781=EDGE_CURVE('',#4757,#4759,#5391,.F.);
#3782=EDGE_CURVE('',#4758,#4760,#292,.T.);
#3783=EDGE_CURVE('',#4760,#4761,#293,.T.);
#3784=EDGE_CURVE('',#4759,#4761,#294,.T.);
#3785=EDGE_CURVE('',#4760,#4762,#5392,.F.);
#3786=EDGE_CURVE('',#4762,#4763,#295,.T.);
#3787=EDGE_CURVE('',#4761,#4763,#5393,.F.);
#3788=EDGE_CURVE('',#4762,#4748,#296,.T.);
#3789=EDGE_CURVE('',#4763,#4751,#297,.F.);
#3790=EDGE_CURVE('',#4764,#4765,#5394,.F.);
#3791=EDGE_CURVE('',#4765,#4766,#298,.T.);
#3792=EDGE_CURVE('',#4767,#4766,#5395,.F.);
#3793=EDGE_CURVE('',#4764,#4767,#299,.T.);
#3794=EDGE_CURVE('',#4765,#4768,#300,.T.);
#3795=EDGE_CURVE('',#4768,#4769,#301,.T.);
#3796=EDGE_CURVE('',#4766,#4769,#302,.F.);
#3797=EDGE_CURVE('',#4768,#4770,#5396,.F.);
#3798=EDGE_CURVE('',#4770,#4771,#303,.T.);
#3799=EDGE_CURVE('',#4769,#4771,#5397,.F.);
#3800=EDGE_CURVE('',#4770,#4772,#304,.T.);
#3801=EDGE_CURVE('',#4772,#4773,#305,.T.);
#3802=EDGE_CURVE('',#4771,#4773,#306,.T.);
#3803=EDGE_CURVE('',#4772,#4774,#5398,.F.);
#3804=EDGE_CURVE('',#4774,#4775,#307,.T.);
#3805=EDGE_CURVE('',#4773,#4775,#5399,.F.);
#3806=EDGE_CURVE('',#4774,#4776,#308,.T.);
#3807=EDGE_CURVE('',#4776,#4777,#309,.T.);
#3808=EDGE_CURVE('',#4775,#4777,#310,.T.);
#3809=EDGE_CURVE('',#4776,#4778,#5400,.F.);
#3810=EDGE_CURVE('',#4778,#4779,#311,.T.);
#3811=EDGE_CURVE('',#4777,#4779,#5401,.F.);
#3812=EDGE_CURVE('',#4778,#4764,#312,.T.);
#3813=EDGE_CURVE('',#4779,#4767,#313,.F.);
#3814=EDGE_CURVE('',#4780,#4781,#5402,.F.);
#3815=EDGE_CURVE('',#4781,#4782,#314,.T.);
#3816=EDGE_CURVE('',#4783,#4782,#5403,.F.);
#3817=EDGE_CURVE('',#4780,#4783,#315,.T.);
#3818=EDGE_CURVE('',#4781,#4784,#316,.T.);
#3819=EDGE_CURVE('',#4784,#4785,#317,.T.);
#3820=EDGE_CURVE('',#4782,#4785,#318,.T.);
#3821=EDGE_CURVE('',#4784,#4786,#5404,.F.);
#3822=EDGE_CURVE('',#4786,#4787,#319,.T.);
#3823=EDGE_CURVE('',#4785,#4787,#5405,.F.);
#3824=EDGE_CURVE('',#4788,#4789,#320,.T.);
#3825=EDGE_CURVE('',#4787,#4788,#321,.T.);
#3826=EDGE_CURVE('',#4786,#4789,#322,.T.);
#3827=EDGE_CURVE('',#4790,#4791,#5406,.F.);
#3828=EDGE_CURVE('',#4791,#4792,#323,.T.);
#3829=EDGE_CURVE('',#4793,#4792,#5407,.F.);
#3830=EDGE_CURVE('',#4790,#4793,#324,.T.);
#3831=EDGE_CURVE('',#4791,#4794,#325,.T.);
#3832=EDGE_CURVE('',#4794,#4795,#326,.T.);
#3833=EDGE_CURVE('',#4792,#4795,#327,.T.);
#3834=EDGE_CURVE('',#4794,#4796,#5408,.F.);
#3835=EDGE_CURVE('',#4796,#4797,#328,.T.);
#3836=EDGE_CURVE('',#4795,#4797,#5409,.F.);
#3837=EDGE_CURVE('',#4796,#4798,#329,.T.);
#3838=EDGE_CURVE('',#4798,#4799,#330,.T.);
#3839=EDGE_CURVE('',#4797,#4799,#331,.F.);
#3840=EDGE_CURVE('',#4798,#4800,#5410,.F.);
#3841=EDGE_CURVE('',#4800,#4801,#332,.T.);
#3842=EDGE_CURVE('',#4799,#4801,#5411,.F.);
#3843=EDGE_CURVE('',#4800,#4802,#333,.T.);
#3844=EDGE_CURVE('',#4802,#4803,#334,.T.);
#3845=EDGE_CURVE('',#4801,#4803,#335,.F.);
#3846=EDGE_CURVE('',#4802,#4804,#5412,.F.);
#3847=EDGE_CURVE('',#4804,#4805,#336,.T.);
#3848=EDGE_CURVE('',#4803,#4805,#5413,.F.);
#3849=EDGE_CURVE('',#4804,#4790,#337,.T.);
#3850=EDGE_CURVE('',#4805,#4793,#338,.T.);
#3851=EDGE_CURVE('',#4806,#4807,#5414,.F.);
#3852=EDGE_CURVE('',#4807,#4808,#339,.T.);
#3853=EDGE_CURVE('',#4809,#4808,#5415,.F.);
#3854=EDGE_CURVE('',#4806,#4809,#340,.T.);
#3855=EDGE_CURVE('',#4807,#4810,#341,.T.);
#3856=EDGE_CURVE('',#4810,#4811,#342,.T.);
#3857=EDGE_CURVE('',#4808,#4811,#343,.F.);
#3858=EDGE_CURVE('',#4810,#4812,#5416,.F.);
#3859=EDGE_CURVE('',#4812,#4813,#344,.T.);
#3860=EDGE_CURVE('',#4811,#4813,#5417,.F.);
#3861=EDGE_CURVE('',#4812,#4814,#345,.T.);
#3862=EDGE_CURVE('',#4814,#4815,#346,.T.);
#3863=EDGE_CURVE('',#4813,#4815,#347,.T.);
#3864=EDGE_CURVE('',#4814,#4816,#5418,.F.);
#3865=EDGE_CURVE('',#4816,#4817,#348,.T.);
#3866=EDGE_CURVE('',#4815,#4817,#5419,.F.);
#3867=EDGE_CURVE('',#4816,#4818,#349,.T.);
#3868=EDGE_CURVE('',#4818,#4819,#350,.T.);
#3869=EDGE_CURVE('',#4817,#4819,#351,.T.);
#3870=EDGE_CURVE('',#4818,#4820,#5420,.F.);
#3871=EDGE_CURVE('',#4820,#4821,#352,.T.);
#3872=EDGE_CURVE('',#4819,#4821,#5421,.F.);
#3873=EDGE_CURVE('',#4820,#4806,#353,.T.);
#3874=EDGE_CURVE('',#4821,#4809,#354,.F.);
#3875=EDGE_CURVE('',#4822,#4823,#5422,.F.);
#3876=EDGE_CURVE('',#4823,#4824,#355,.T.);
#3877=EDGE_CURVE('',#4825,#4824,#5423,.F.);
#3878=EDGE_CURVE('',#4822,#4825,#356,.T.);
#3879=EDGE_CURVE('',#4823,#4826,#357,.T.);
#3880=EDGE_CURVE('',#4826,#4827,#358,.T.);
#3881=EDGE_CURVE('',#4824,#4827,#359,.F.);
#3882=EDGE_CURVE('',#4826,#4828,#5424,.F.);
#3883=EDGE_CURVE('',#4828,#4829,#360,.T.);
#3884=EDGE_CURVE('',#4827,#4829,#5425,.F.);
#3885=EDGE_CURVE('',#4828,#4830,#361,.T.);
#3886=EDGE_CURVE('',#4830,#4831,#362,.T.);
#3887=EDGE_CURVE('',#4829,#4831,#363,.T.);
#3888=EDGE_CURVE('',#4830,#4832,#5426,.F.);
#3889=EDGE_CURVE('',#4832,#4833,#364,.T.);
#3890=EDGE_CURVE('',#4831,#4833,#5427,.F.);
#3891=EDGE_CURVE('',#4832,#4834,#365,.T.);
#3892=EDGE_CURVE('',#4834,#4835,#366,.T.);
#3893=EDGE_CURVE('',#4833,#4835,#367,.T.);
#3894=EDGE_CURVE('',#4834,#4836,#5428,.F.);
#3895=EDGE_CURVE('',#4836,#4837,#368,.T.);
#3896=EDGE_CURVE('',#4835,#4837,#5429,.F.);
#3897=EDGE_CURVE('',#4836,#4822,#369,.T.);
#3898=EDGE_CURVE('',#4837,#4825,#370,.F.);
#3899=EDGE_CURVE('',#4838,#4839,#5430,.F.);
#3900=EDGE_CURVE('',#4839,#4840,#371,.T.);
#3901=EDGE_CURVE('',#4841,#4840,#5431,.F.);
#3902=EDGE_CURVE('',#4838,#4841,#372,.T.);
#3903=EDGE_CURVE('',#4839,#4842,#373,.T.);
#3904=EDGE_CURVE('',#4842,#4843,#374,.T.);
#3905=EDGE_CURVE('',#4840,#4843,#375,.T.);
#3906=EDGE_CURVE('',#4842,#4844,#5432,.F.);
#3907=EDGE_CURVE('',#4844,#4845,#376,.T.);
#3908=EDGE_CURVE('',#4843,#4845,#5433,.F.);
#3909=EDGE_CURVE('',#4844,#4846,#377,.T.);
#3910=EDGE_CURVE('',#4846,#4847,#378,.T.);
#3911=EDGE_CURVE('',#4845,#4847,#379,.F.);
#3912=EDGE_CURVE('',#4846,#4848,#5434,.F.);
#3913=EDGE_CURVE('',#4848,#4849,#380,.T.);
#3914=EDGE_CURVE('',#4847,#4849,#5435,.F.);
#3915=EDGE_CURVE('',#4848,#4850,#381,.T.);
#3916=EDGE_CURVE('',#4850,#4851,#382,.T.);
#3917=EDGE_CURVE('',#4849,#4851,#383,.F.);
#3918=EDGE_CURVE('',#4850,#4852,#5436,.F.);
#3919=EDGE_CURVE('',#4852,#4853,#384,.T.);
#3920=EDGE_CURVE('',#4851,#4853,#5437,.F.);
#3921=EDGE_CURVE('',#4852,#4838,#385,.T.);
#3922=EDGE_CURVE('',#4853,#4841,#386,.T.);
#3923=EDGE_CURVE('',#4854,#4855,#5438,.F.);
#3924=EDGE_CURVE('',#4855,#4856,#387,.T.);
#3925=EDGE_CURVE('',#4857,#4856,#5439,.F.);
#3926=EDGE_CURVE('',#4854,#4857,#388,.T.);
#3927=EDGE_CURVE('',#4855,#4858,#389,.T.);
#3928=EDGE_CURVE('',#4858,#4859,#390,.T.);
#3929=EDGE_CURVE('',#4856,#4859,#391,.T.);
#3930=EDGE_CURVE('',#4858,#4860,#5440,.F.);
#3931=EDGE_CURVE('',#4860,#4861,#392,.T.);
#3932=EDGE_CURVE('',#4859,#4861,#5441,.F.);
#3933=EDGE_CURVE('',#4862,#4863,#393,.T.);
#3934=EDGE_CURVE('',#4861,#4862,#394,.T.);
#3935=EDGE_CURVE('',#4860,#4863,#395,.T.);
#3936=EDGE_CURVE('',#4864,#4865,#5442,.F.);
#3937=EDGE_CURVE('',#4865,#4866,#396,.T.);
#3938=EDGE_CURVE('',#4867,#4866,#5443,.F.);
#3939=EDGE_CURVE('',#4864,#4867,#397,.T.);
#3940=EDGE_CURVE('',#4865,#4868,#398,.T.);
#3941=EDGE_CURVE('',#4868,#4869,#399,.T.);
#3942=EDGE_CURVE('',#4866,#4869,#400,.F.);
#3943=EDGE_CURVE('',#4868,#4870,#5444,.F.);
#3944=EDGE_CURVE('',#4870,#4871,#401,.T.);
#3945=EDGE_CURVE('',#4869,#4871,#5445,.F.);
#3946=EDGE_CURVE('',#4870,#4872,#402,.T.);
#3947=EDGE_CURVE('',#4872,#4873,#403,.T.);
#3948=EDGE_CURVE('',#4871,#4873,#404,.T.);
#3949=EDGE_CURVE('',#4872,#4874,#5446,.F.);
#3950=EDGE_CURVE('',#4874,#4875,#405,.T.);
#3951=EDGE_CURVE('',#4873,#4875,#5447,.F.);
#3952=EDGE_CURVE('',#4874,#4876,#406,.T.);
#3953=EDGE_CURVE('',#4876,#4877,#407,.T.);
#3954=EDGE_CURVE('',#4875,#4877,#408,.T.);
#3955=EDGE_CURVE('',#4876,#4878,#5448,.F.);
#3956=EDGE_CURVE('',#4878,#4879,#409,.T.);
#3957=EDGE_CURVE('',#4877,#4879,#5449,.F.);
#3958=EDGE_CURVE('',#4878,#4864,#410,.T.);
#3959=EDGE_CURVE('',#4879,#4867,#411,.F.);
#3960=EDGE_CURVE('',#4880,#4881,#5450,.F.);
#3961=EDGE_CURVE('',#4881,#4882,#412,.T.);
#3962=EDGE_CURVE('',#4883,#4882,#5451,.F.);
#3963=EDGE_CURVE('',#4880,#4883,#413,.T.);
#3964=EDGE_CURVE('',#4881,#4884,#414,.T.);
#3965=EDGE_CURVE('',#4884,#4885,#415,.T.);
#3966=EDGE_CURVE('',#4882,#4885,#416,.F.);
#3967=EDGE_CURVE('',#4884,#4886,#5452,.F.);
#3968=EDGE_CURVE('',#4886,#4887,#417,.T.);
#3969=EDGE_CURVE('',#4885,#4887,#5453,.F.);
#3970=EDGE_CURVE('',#4886,#4888,#418,.T.);
#3971=EDGE_CURVE('',#4888,#4889,#419,.T.);
#3972=EDGE_CURVE('',#4887,#4889,#420,.T.);
#3973=EDGE_CURVE('',#4888,#4890,#5454,.F.);
#3974=EDGE_CURVE('',#4890,#4891,#421,.T.);
#3975=EDGE_CURVE('',#4889,#4891,#5455,.F.);
#3976=EDGE_CURVE('',#4890,#4892,#422,.T.);
#3977=EDGE_CURVE('',#4892,#4893,#423,.T.);
#3978=EDGE_CURVE('',#4891,#4893,#424,.T.);
#3979=EDGE_CURVE('',#4892,#4894,#5456,.F.);
#3980=EDGE_CURVE('',#4894,#4895,#425,.T.);
#3981=EDGE_CURVE('',#4893,#4895,#5457,.F.);
#3982=EDGE_CURVE('',#4894,#4880,#426,.T.);
#3983=EDGE_CURVE('',#4895,#4883,#427,.F.);
#3984=EDGE_CURVE('',#4896,#4897,#5458,.F.);
#3985=EDGE_CURVE('',#4897,#4898,#428,.T.);
#3986=EDGE_CURVE('',#4899,#4898,#5459,.F.);
#3987=EDGE_CURVE('',#4896,#4899,#429,.T.);
#3988=EDGE_CURVE('',#4897,#4900,#430,.T.);
#3989=EDGE_CURVE('',#4900,#4901,#431,.T.);
#3990=EDGE_CURVE('',#4898,#4901,#432,.F.);
#3991=EDGE_CURVE('',#4900,#4902,#5460,.F.);
#3992=EDGE_CURVE('',#4902,#4903,#433,.T.);
#3993=EDGE_CURVE('',#4901,#4903,#5461,.F.);
#3994=EDGE_CURVE('',#4902,#4904,#434,.T.);
#3995=EDGE_CURVE('',#4904,#4905,#435,.T.);
#3996=EDGE_CURVE('',#4903,#4905,#436,.T.);
#3997=EDGE_CURVE('',#4904,#4906,#5462,.F.);
#3998=EDGE_CURVE('',#4906,#4907,#437,.T.);
#3999=EDGE_CURVE('',#4905,#4907,#5463,.F.);
#4000=EDGE_CURVE('',#4906,#4908,#438,.T.);
#4001=EDGE_CURVE('',#4908,#4909,#439,.T.);
#4002=EDGE_CURVE('',#4907,#4909,#440,.T.);
#4003=EDGE_CURVE('',#4908,#4910,#5464,.F.);
#4004=EDGE_CURVE('',#4910,#4911,#441,.T.);
#4005=EDGE_CURVE('',#4909,#4911,#5465,.F.);
#4006=EDGE_CURVE('',#4910,#4896,#442,.T.);
#4007=EDGE_CURVE('',#4911,#4899,#443,.F.);
#4008=EDGE_CURVE('',#4912,#4913,#5466,.F.);
#4009=EDGE_CURVE('',#4913,#4914,#444,.T.);
#4010=EDGE_CURVE('',#4915,#4914,#5467,.F.);
#4011=EDGE_CURVE('',#4912,#4915,#445,.T.);
#4012=EDGE_CURVE('',#4913,#4916,#446,.T.);
#4013=EDGE_CURVE('',#4916,#4917,#447,.T.);
#4014=EDGE_CURVE('',#4914,#4917,#448,.F.);
#4015=EDGE_CURVE('',#4916,#4918,#5468,.F.);
#4016=EDGE_CURVE('',#4918,#4919,#449,.T.);
#4017=EDGE_CURVE('',#4917,#4919,#5469,.F.);
#4018=EDGE_CURVE('',#4918,#4920,#450,.T.);
#4019=EDGE_CURVE('',#4920,#4921,#451,.T.);
#4020=EDGE_CURVE('',#4919,#4921,#452,.T.);
#4021=EDGE_CURVE('',#4920,#4922,#5470,.F.);
#4022=EDGE_CURVE('',#4922,#4923,#453,.T.);
#4023=EDGE_CURVE('',#4921,#4923,#5471,.F.);
#4024=EDGE_CURVE('',#4922,#4924,#454,.T.);
#4025=EDGE_CURVE('',#4924,#4925,#455,.T.);
#4026=EDGE_CURVE('',#4923,#4925,#456,.T.);
#4027=EDGE_CURVE('',#4924,#4926,#5472,.F.);
#4028=EDGE_CURVE('',#4926,#4927,#457,.T.);
#4029=EDGE_CURVE('',#4925,#4927,#5473,.F.);
#4030=EDGE_CURVE('',#4926,#4912,#458,.T.);
#4031=EDGE_CURVE('',#4927,#4915,#459,.F.);
#4032=EDGE_CURVE('',#4928,#4929,#5474,.F.);
#4033=EDGE_CURVE('',#4929,#4930,#460,.T.);
#4034=EDGE_CURVE('',#4931,#4930,#5475,.F.);
#4035=EDGE_CURVE('',#4928,#4931,#461,.T.);
#4036=EDGE_CURVE('',#4929,#4932,#462,.T.);
#4037=EDGE_CURVE('',#4932,#4933,#463,.T.);
#4038=EDGE_CURVE('',#4930,#4933,#464,.F.);
#4039=EDGE_CURVE('',#4932,#4934,#5476,.F.);
#4040=EDGE_CURVE('',#4934,#4935,#465,.T.);
#4041=EDGE_CURVE('',#4933,#4935,#5477,.F.);
#4042=EDGE_CURVE('',#4934,#4936,#466,.T.);
#4043=EDGE_CURVE('',#4936,#4937,#467,.T.);
#4044=EDGE_CURVE('',#4935,#4937,#468,.F.);
#4045=EDGE_CURVE('',#4936,#4938,#5478,.F.);
#4046=EDGE_CURVE('',#4938,#4939,#469,.T.);
#4047=EDGE_CURVE('',#4937,#4939,#5479,.F.);
#4048=EDGE_CURVE('',#4938,#4940,#470,.T.);
#4049=EDGE_CURVE('',#4940,#4941,#471,.T.);
#4050=EDGE_CURVE('',#4939,#4941,#472,.T.);
#4051=EDGE_CURVE('',#4940,#4942,#5480,.F.);
#4052=EDGE_CURVE('',#4942,#4943,#473,.T.);
#4053=EDGE_CURVE('',#4941,#4943,#5481,.F.);
#4054=EDGE_CURVE('',#4942,#4928,#474,.T.);
#4055=EDGE_CURVE('',#4943,#4931,#475,.T.);
#4056=EDGE_CURVE('',#4944,#4945,#5482,.F.);
#4057=EDGE_CURVE('',#4945,#4946,#476,.T.);
#4058=EDGE_CURVE('',#4947,#4946,#5483,.F.);
#4059=EDGE_CURVE('',#4944,#4947,#477,.T.);
#4060=EDGE_CURVE('',#4945,#4948,#478,.T.);
#4061=EDGE_CURVE('',#4948,#4949,#479,.T.);
#4062=EDGE_CURVE('',#4946,#4949,#480,.T.);
#4063=EDGE_CURVE('',#4948,#4950,#5484,.F.);
#4064=EDGE_CURVE('',#4950,#4951,#481,.T.);
#4065=EDGE_CURVE('',#4949,#4951,#5485,.F.);
#4066=EDGE_CURVE('',#4952,#4953,#482,.T.);
#4067=EDGE_CURVE('',#4951,#4952,#483,.T.);
#4068=EDGE_CURVE('',#4950,#4953,#484,.T.);
#4069=EDGE_CURVE('',#4954,#4955,#5486,.F.);
#4070=EDGE_CURVE('',#4955,#4956,#485,.T.);
#4071=EDGE_CURVE('',#4957,#4956,#5487,.F.);
#4072=EDGE_CURVE('',#4954,#4957,#486,.T.);
#4073=EDGE_CURVE('',#4955,#4958,#487,.T.);
#4074=EDGE_CURVE('',#4958,#4959,#488,.T.);
#4075=EDGE_CURVE('',#4956,#4959,#489,.F.);
#4076=EDGE_CURVE('',#4958,#4960,#5488,.F.);
#4077=EDGE_CURVE('',#4960,#4961,#490,.T.);
#4078=EDGE_CURVE('',#4959,#4961,#5489,.F.);
#4079=EDGE_CURVE('',#4960,#4962,#491,.T.);
#4080=EDGE_CURVE('',#4962,#4963,#492,.T.);
#4081=EDGE_CURVE('',#4961,#4963,#493,.T.);
#4082=EDGE_CURVE('',#4962,#4964,#5490,.F.);
#4083=EDGE_CURVE('',#4964,#4965,#494,.T.);
#4084=EDGE_CURVE('',#4963,#4965,#5491,.F.);
#4085=EDGE_CURVE('',#4964,#4966,#495,.T.);
#4086=EDGE_CURVE('',#4966,#4967,#496,.T.);
#4087=EDGE_CURVE('',#4965,#4967,#497,.T.);
#4088=EDGE_CURVE('',#4966,#4968,#5492,.F.);
#4089=EDGE_CURVE('',#4968,#4969,#498,.T.);
#4090=EDGE_CURVE('',#4967,#4969,#5493,.F.);
#4091=EDGE_CURVE('',#4968,#4954,#499,.T.);
#4092=EDGE_CURVE('',#4969,#4957,#500,.F.);
#4093=EDGE_CURVE('',#4970,#4971,#5494,.F.);
#4094=EDGE_CURVE('',#4971,#4972,#501,.T.);
#4095=EDGE_CURVE('',#4973,#4972,#5495,.F.);
#4096=EDGE_CURVE('',#4970,#4973,#502,.T.);
#4097=EDGE_CURVE('',#4971,#4974,#503,.T.);
#4098=EDGE_CURVE('',#4974,#4975,#504,.T.);
#4099=EDGE_CURVE('',#4972,#4975,#505,.T.);
#4100=EDGE_CURVE('',#4974,#4976,#5496,.F.);
#4101=EDGE_CURVE('',#4976,#4977,#506,.T.);
#4102=EDGE_CURVE('',#4975,#4977,#5497,.F.);
#4103=EDGE_CURVE('',#4976,#4978,#507,.T.);
#4104=EDGE_CURVE('',#4978,#4979,#508,.T.);
#4105=EDGE_CURVE('',#4977,#4979,#509,.T.);
#4106=EDGE_CURVE('',#4978,#4980,#5498,.F.);
#4107=EDGE_CURVE('',#4980,#4981,#510,.T.);
#4108=EDGE_CURVE('',#4979,#4981,#5499,.F.);
#4109=EDGE_CURVE('',#4980,#4982,#511,.T.);
#4110=EDGE_CURVE('',#4982,#4983,#512,.T.);
#4111=EDGE_CURVE('',#4981,#4983,#513,.F.);
#4112=EDGE_CURVE('',#4982,#4984,#5500,.F.);
#4113=EDGE_CURVE('',#4984,#4985,#514,.T.);
#4114=EDGE_CURVE('',#4983,#4985,#5501,.F.);
#4115=EDGE_CURVE('',#4984,#4970,#515,.T.);
#4116=EDGE_CURVE('',#4985,#4973,#516,.F.);
#4117=EDGE_CURVE('',#4986,#4987,#5502,.F.);
#4118=EDGE_CURVE('',#4987,#4988,#517,.T.);
#4119=EDGE_CURVE('',#4989,#4988,#5503,.F.);
#4120=EDGE_CURVE('',#4986,#4989,#518,.T.);
#4121=EDGE_CURVE('',#4987,#4990,#519,.T.);
#4122=EDGE_CURVE('',#4990,#4991,#520,.T.);
#4123=EDGE_CURVE('',#4988,#4991,#521,.F.);
#4124=EDGE_CURVE('',#4990,#4992,#5504,.F.);
#4125=EDGE_CURVE('',#4992,#4993,#522,.T.);
#4126=EDGE_CURVE('',#4991,#4993,#5505,.F.);
#4127=EDGE_CURVE('',#4992,#4994,#523,.T.);
#4128=EDGE_CURVE('',#4994,#4995,#524,.T.);
#4129=EDGE_CURVE('',#4993,#4995,#525,.T.);
#4130=EDGE_CURVE('',#4994,#4996,#5506,.F.);
#4131=EDGE_CURVE('',#4996,#4997,#526,.T.);
#4132=EDGE_CURVE('',#4995,#4997,#5507,.F.);
#4133=EDGE_CURVE('',#4996,#4998,#527,.T.);
#4134=EDGE_CURVE('',#4998,#4999,#528,.T.);
#4135=EDGE_CURVE('',#4997,#4999,#529,.T.);
#4136=EDGE_CURVE('',#4998,#5000,#5508,.F.);
#4137=EDGE_CURVE('',#5000,#5001,#530,.T.);
#4138=EDGE_CURVE('',#4999,#5001,#5509,.F.);
#4139=EDGE_CURVE('',#5000,#4986,#531,.T.);
#4140=EDGE_CURVE('',#5001,#4989,#532,.F.);
#4141=EDGE_CURVE('',#5002,#5003,#5510,.F.);
#4142=EDGE_CURVE('',#5003,#5004,#533,.T.);
#4143=EDGE_CURVE('',#5005,#5004,#5511,.F.);
#4144=EDGE_CURVE('',#5002,#5005,#534,.T.);
#4145=EDGE_CURVE('',#5003,#5006,#535,.T.);
#4146=EDGE_CURVE('',#5006,#5007,#536,.T.);
#4147=EDGE_CURVE('',#5004,#5007,#537,.F.);
#4148=EDGE_CURVE('',#5006,#5008,#5512,.F.);
#4149=EDGE_CURVE('',#5008,#5009,#538,.T.);
#4150=EDGE_CURVE('',#5007,#5009,#5513,.F.);
#4151=EDGE_CURVE('',#5008,#5010,#539,.T.);
#4152=EDGE_CURVE('',#5010,#5011,#540,.T.);
#4153=EDGE_CURVE('',#5009,#5011,#541,.T.);
#4154=EDGE_CURVE('',#5010,#5012,#5514,.F.);
#4155=EDGE_CURVE('',#5012,#5013,#542,.T.);
#4156=EDGE_CURVE('',#5011,#5013,#5515,.F.);
#4157=EDGE_CURVE('',#5012,#5014,#543,.T.);
#4158=EDGE_CURVE('',#5014,#5015,#544,.T.);
#4159=EDGE_CURVE('',#5013,#5015,#545,.T.);
#4160=EDGE_CURVE('',#5014,#5016,#5516,.F.);
#4161=EDGE_CURVE('',#5016,#5017,#546,.T.);
#4162=EDGE_CURVE('',#5015,#5017,#5517,.F.);
#4163=EDGE_CURVE('',#5016,#5002,#547,.T.);
#4164=EDGE_CURVE('',#5017,#5005,#548,.F.);
#4165=EDGE_CURVE('',#5018,#5019,#5518,.F.);
#4166=EDGE_CURVE('',#5019,#5020,#549,.T.);
#4167=EDGE_CURVE('',#5021,#5020,#5519,.F.);
#4168=EDGE_CURVE('',#5018,#5021,#550,.T.);
#4169=EDGE_CURVE('',#5019,#5022,#551,.T.);
#4170=EDGE_CURVE('',#5022,#5023,#552,.T.);
#4171=EDGE_CURVE('',#5020,#5023,#553,.F.);
#4172=EDGE_CURVE('',#5022,#5024,#5520,.F.);
#4173=EDGE_CURVE('',#5024,#5025,#554,.T.);
#4174=EDGE_CURVE('',#5023,#5025,#5521,.F.);
#4175=EDGE_CURVE('',#5024,#5026,#555,.T.);
#4176=EDGE_CURVE('',#5026,#5027,#556,.T.);
#4177=EDGE_CURVE('',#5025,#5027,#557,.T.);
#4178=EDGE_CURVE('',#5026,#5028,#5522,.F.);
#4179=EDGE_CURVE('',#5028,#5029,#558,.T.);
#4180=EDGE_CURVE('',#5027,#5029,#5523,.F.);
#4181=EDGE_CURVE('',#5028,#5030,#559,.T.);
#4182=EDGE_CURVE('',#5030,#5031,#560,.T.);
#4183=EDGE_CURVE('',#5029,#5031,#561,.T.);
#4184=EDGE_CURVE('',#5030,#5032,#5524,.F.);
#4185=EDGE_CURVE('',#5032,#5033,#562,.T.);
#4186=EDGE_CURVE('',#5031,#5033,#5525,.F.);
#4187=EDGE_CURVE('',#5032,#5018,#563,.T.);
#4188=EDGE_CURVE('',#5033,#5021,#564,.F.);
#4189=EDGE_CURVE('',#5034,#5035,#5526,.F.);
#4190=EDGE_CURVE('',#5035,#5036,#565,.T.);
#4191=EDGE_CURVE('',#5037,#5036,#5527,.F.);
#4192=EDGE_CURVE('',#5034,#5037,#566,.T.);
#4193=EDGE_CURVE('',#5035,#5038,#567,.T.);
#4194=EDGE_CURVE('',#5038,#5039,#568,.T.);
#4195=EDGE_CURVE('',#5036,#5039,#569,.T.);
#4196=EDGE_CURVE('',#5038,#5040,#5528,.F.);
#4197=EDGE_CURVE('',#5040,#5041,#570,.T.);
#4198=EDGE_CURVE('',#5039,#5041,#5529,.F.);
#4199=EDGE_CURVE('',#5040,#5042,#571,.T.);
#4200=EDGE_CURVE('',#5042,#5043,#572,.T.);
#4201=EDGE_CURVE('',#5041,#5043,#573,.F.);
#4202=EDGE_CURVE('',#5042,#5044,#5530,.F.);
#4203=EDGE_CURVE('',#5044,#5045,#574,.T.);
#4204=EDGE_CURVE('',#5043,#5045,#5531,.F.);
#4205=EDGE_CURVE('',#5044,#5046,#575,.T.);
#4206=EDGE_CURVE('',#5046,#5047,#576,.T.);
#4207=EDGE_CURVE('',#5045,#5047,#577,.F.);
#4208=EDGE_CURVE('',#5046,#5048,#5532,.F.);
#4209=EDGE_CURVE('',#5048,#5049,#578,.T.);
#4210=EDGE_CURVE('',#5047,#5049,#5533,.F.);
#4211=EDGE_CURVE('',#5048,#5034,#579,.T.);
#4212=EDGE_CURVE('',#5049,#5037,#580,.T.);
#4213=EDGE_CURVE('',#5050,#5051,#5534,.F.);
#4214=EDGE_CURVE('',#5051,#5052,#581,.T.);
#4215=EDGE_CURVE('',#5053,#5052,#5535,.F.);
#4216=EDGE_CURVE('',#5050,#5053,#582,.T.);
#4217=EDGE_CURVE('',#5054,#5055,#583,.T.);
#4218=EDGE_CURVE('',#5052,#5054,#584,.T.);
#4219=EDGE_CURVE('',#5051,#5055,#585,.T.);
#4220=EDGE_CURVE('',#5056,#5057,#586,.F.);
#4221=EDGE_CURVE('',#5056,#5058,#587,.T.);
#4222=EDGE_CURVE('',#5058,#5059,#588,.T.);
#4223=EDGE_CURVE('',#5057,#5059,#589,.F.);
#4224=EDGE_CURVE('',#5058,#5060,#5536,.F.);
#4225=EDGE_CURVE('',#5060,#5061,#590,.T.);
#4226=EDGE_CURVE('',#5059,#5061,#5537,.F.);
#4227=EDGE_CURVE('',#5060,#5062,#591,.T.);
#4228=EDGE_CURVE('',#5062,#5063,#592,.T.);
#4229=EDGE_CURVE('',#5061,#5063,#593,.T.);
#4230=EDGE_CURVE('',#5062,#5064,#5538,.F.);
#4231=EDGE_CURVE('',#5064,#5065,#594,.T.);
#4232=EDGE_CURVE('',#5063,#5065,#5539,.F.);
#4233=EDGE_CURVE('',#5064,#5066,#595,.T.);
#4234=EDGE_CURVE('',#5066,#5067,#596,.T.);
#4235=EDGE_CURVE('',#5065,#5067,#597,.T.);
#4236=EDGE_CURVE('',#5066,#5068,#5540,.F.);
#4237=EDGE_CURVE('',#5068,#5069,#598,.T.);
#4238=EDGE_CURVE('',#5067,#5069,#5541,.F.);
#4239=EDGE_CURVE('',#5068,#5070,#599,.T.);
#4240=EDGE_CURVE('',#5070,#5071,#600,.T.);
#4241=EDGE_CURVE('',#5069,#5071,#601,.F.);
#4242=EDGE_CURVE('',#5070,#5072,#602,.T.);
#4243=EDGE_CURVE('',#5072,#5073,#603,.T.);
#4244=EDGE_CURVE('',#5071,#5073,#604,.T.);
#4245=EDGE_CURVE('',#5072,#5050,#605,.T.);
#4246=EDGE_CURVE('',#5073,#5053,#606,.T.);
#4247=EDGE_CURVE('',#5074,#5075,#5542,.F.);
#4248=EDGE_CURVE('',#5075,#5076,#607,.T.);
#4249=EDGE_CURVE('',#5077,#5076,#5543,.F.);
#4250=EDGE_CURVE('',#5074,#5077,#608,.T.);
#4251=EDGE_CURVE('',#5075,#5078,#609,.T.);
#4252=EDGE_CURVE('',#5078,#5079,#610,.T.);
#4253=EDGE_CURVE('',#5076,#5079,#611,.F.);
#4254=EDGE_CURVE('',#5078,#5080,#5544,.F.);
#4255=EDGE_CURVE('',#5080,#5081,#612,.T.);
#4256=EDGE_CURVE('',#5079,#5081,#5545,.F.);
#4257=EDGE_CURVE('',#5080,#5082,#613,.T.);
#4258=EDGE_CURVE('',#5082,#5083,#614,.T.);
#4259=EDGE_CURVE('',#5081,#5083,#615,.T.);
#4260=EDGE_CURVE('',#5082,#5084,#5546,.F.);
#4261=EDGE_CURVE('',#5084,#5085,#616,.T.);
#4262=EDGE_CURVE('',#5083,#5085,#5547,.F.);
#4263=EDGE_CURVE('',#5084,#5086,#617,.T.);
#4264=EDGE_CURVE('',#5086,#5087,#618,.T.);
#4265=EDGE_CURVE('',#5085,#5087,#619,.T.);
#4266=EDGE_CURVE('',#5086,#5088,#5548,.F.);
#4267=EDGE_CURVE('',#5088,#5089,#620,.T.);
#4268=EDGE_CURVE('',#5087,#5089,#5549,.F.);
#4269=EDGE_CURVE('',#5088,#5074,#621,.T.);
#4270=EDGE_CURVE('',#5089,#5077,#622,.F.);
#4271=EDGE_CURVE('',#5090,#5091,#5550,.F.);
#4272=EDGE_CURVE('',#5091,#5092,#623,.T.);
#4273=EDGE_CURVE('',#5093,#5092,#5551,.F.);
#4274=EDGE_CURVE('',#5090,#5093,#624,.T.);
#4275=EDGE_CURVE('',#5091,#5094,#625,.T.);
#4276=EDGE_CURVE('',#5094,#5095,#626,.T.);
#4277=EDGE_CURVE('',#5092,#5095,#627,.F.);
#4278=EDGE_CURVE('',#5094,#5096,#5552,.F.);
#4279=EDGE_CURVE('',#5096,#5097,#628,.T.);
#4280=EDGE_CURVE('',#5095,#5097,#5553,.F.);
#4281=EDGE_CURVE('',#5096,#5098,#629,.T.);
#4282=EDGE_CURVE('',#5098,#5099,#630,.T.);
#4283=EDGE_CURVE('',#5097,#5099,#631,.T.);
#4284=EDGE_CURVE('',#5098,#5100,#5554,.F.);
#4285=EDGE_CURVE('',#5100,#5101,#632,.T.);
#4286=EDGE_CURVE('',#5099,#5101,#5555,.F.);
#4287=EDGE_CURVE('',#5100,#5102,#633,.T.);
#4288=EDGE_CURVE('',#5102,#5103,#634,.T.);
#4289=EDGE_CURVE('',#5101,#5103,#635,.T.);
#4290=EDGE_CURVE('',#5102,#5104,#5556,.F.);
#4291=EDGE_CURVE('',#5104,#5105,#636,.T.);
#4292=EDGE_CURVE('',#5103,#5105,#5557,.F.);
#4293=EDGE_CURVE('',#5104,#5090,#637,.T.);
#4294=EDGE_CURVE('',#5105,#5093,#638,.F.);
#4295=EDGE_CURVE('',#5106,#5107,#5558,.F.);
#4296=EDGE_CURVE('',#5107,#5108,#639,.T.);
#4297=EDGE_CURVE('',#5109,#5108,#5559,.F.);
#4298=EDGE_CURVE('',#5106,#5109,#640,.T.);
#4299=EDGE_CURVE('',#5107,#5110,#641,.T.);
#4300=EDGE_CURVE('',#5110,#5111,#642,.T.);
#4301=EDGE_CURVE('',#5108,#5111,#643,.F.);
#4302=EDGE_CURVE('',#5110,#5112,#5560,.F.);
#4303=EDGE_CURVE('',#5112,#5113,#644,.T.);
#4304=EDGE_CURVE('',#5111,#5113,#5561,.F.);
#4305=EDGE_CURVE('',#5112,#5114,#645,.T.);
#4306=EDGE_CURVE('',#5114,#5115,#646,.T.);
#4307=EDGE_CURVE('',#5113,#5115,#647,.F.);
#4308=EDGE_CURVE('',#5114,#5116,#5562,.F.);
#4309=EDGE_CURVE('',#5116,#5117,#648,.T.);
#4310=EDGE_CURVE('',#5115,#5117,#5563,.F.);
#4311=EDGE_CURVE('',#5116,#5118,#649,.T.);
#4312=EDGE_CURVE('',#5118,#5119,#650,.T.);
#4313=EDGE_CURVE('',#5117,#5119,#651,.T.);
#4314=EDGE_CURVE('',#5118,#5120,#5564,.F.);
#4315=EDGE_CURVE('',#5120,#5121,#652,.T.);
#4316=EDGE_CURVE('',#5119,#5121,#5565,.F.);
#4317=EDGE_CURVE('',#5120,#5106,#653,.T.);
#4318=EDGE_CURVE('',#5121,#5109,#654,.T.);
#4319=EDGE_CURVE('',#5122,#5123,#5566,.F.);
#4320=EDGE_CURVE('',#5123,#5124,#655,.T.);
#4321=EDGE_CURVE('',#5125,#5124,#5567,.F.);
#4322=EDGE_CURVE('',#5122,#5125,#656,.T.);
#4323=EDGE_CURVE('',#5123,#5126,#657,.T.);
#4324=EDGE_CURVE('',#5126,#5127,#658,.T.);
#4325=EDGE_CURVE('',#5124,#5127,#659,.F.);
#4326=EDGE_CURVE('',#5126,#5128,#5568,.F.);
#4327=EDGE_CURVE('',#5128,#5129,#660,.T.);
#4328=EDGE_CURVE('',#5127,#5129,#5569,.F.);
#4329=EDGE_CURVE('',#5128,#5130,#661,.T.);
#4330=EDGE_CURVE('',#5130,#5131,#662,.T.);
#4331=EDGE_CURVE('',#5129,#5131,#663,.T.);
#4332=EDGE_CURVE('',#5130,#5132,#5570,.F.);
#4333=EDGE_CURVE('',#5132,#5133,#664,.T.);
#4334=EDGE_CURVE('',#5131,#5133,#5571,.F.);
#4335=EDGE_CURVE('',#5132,#5134,#665,.T.);
#4336=EDGE_CURVE('',#5134,#5135,#666,.T.);
#4337=EDGE_CURVE('',#5133,#5135,#667,.T.);
#4338=EDGE_CURVE('',#5134,#5136,#5572,.F.);
#4339=EDGE_CURVE('',#5136,#5137,#668,.T.);
#4340=EDGE_CURVE('',#5135,#5137,#5573,.F.);
#4341=EDGE_CURVE('',#5136,#5122,#669,.T.);
#4342=EDGE_CURVE('',#5137,#5125,#670,.F.);
#4343=EDGE_CURVE('',#5138,#5139,#5574,.F.);
#4344=EDGE_CURVE('',#5139,#5140,#671,.T.);
#4345=EDGE_CURVE('',#5141,#5140,#5575,.F.);
#4346=EDGE_CURVE('',#5138,#5141,#672,.T.);
#4347=EDGE_CURVE('',#5139,#5142,#673,.T.);
#4348=EDGE_CURVE('',#5142,#5143,#674,.T.);
#4349=EDGE_CURVE('',#5140,#5143,#675,.T.);
#4350=EDGE_CURVE('',#5142,#5144,#5576,.F.);
#4351=EDGE_CURVE('',#5144,#5145,#676,.T.);
#4352=EDGE_CURVE('',#5143,#5145,#5577,.F.);
#4353=EDGE_CURVE('',#5146,#5147,#5578,.F.);
#4354=EDGE_CURVE('',#5147,#5148,#677,.T.);
#4355=EDGE_CURVE('',#5149,#5148,#5579,.F.);
#4356=EDGE_CURVE('',#5146,#5149,#678,.T.);
#4357=EDGE_CURVE('',#5147,#5150,#679,.T.);
#4358=EDGE_CURVE('',#5150,#5151,#680,.T.);
#4359=EDGE_CURVE('',#5148,#5151,#681,.F.);
#4360=EDGE_CURVE('',#5150,#5152,#5580,.F.);
#4361=EDGE_CURVE('',#5152,#5153,#682,.T.);
#4362=EDGE_CURVE('',#5151,#5153,#5581,.F.);
#4363=EDGE_CURVE('',#5152,#5154,#683,.T.);
#4364=EDGE_CURVE('',#5154,#5155,#684,.T.);
#4365=EDGE_CURVE('',#5153,#5155,#685,.T.);
#4366=EDGE_CURVE('',#5154,#5156,#5582,.F.);
#4367=EDGE_CURVE('',#5156,#5157,#686,.T.);
#4368=EDGE_CURVE('',#5155,#5157,#5583,.F.);
#4369=EDGE_CURVE('',#5156,#5158,#687,.T.);
#4370=EDGE_CURVE('',#5158,#5159,#688,.T.);
#4371=EDGE_CURVE('',#5157,#5159,#689,.T.);
#4372=EDGE_CURVE('',#5158,#5160,#5584,.F.);
#4373=EDGE_CURVE('',#5160,#5161,#690,.T.);
#4374=EDGE_CURVE('',#5159,#5161,#5585,.F.);
#4375=EDGE_CURVE('',#5160,#5146,#691,.T.);
#4376=EDGE_CURVE('',#5161,#5149,#692,.F.);
#4377=EDGE_CURVE('',#5162,#5163,#5586,.F.);
#4378=EDGE_CURVE('',#5163,#5164,#693,.T.);
#4379=EDGE_CURVE('',#5165,#5164,#5587,.F.);
#4380=EDGE_CURVE('',#5162,#5165,#694,.T.);
#4381=EDGE_CURVE('',#5163,#5166,#695,.T.);
#4382=EDGE_CURVE('',#5166,#5167,#696,.T.);
#4383=EDGE_CURVE('',#5164,#5167,#697,.F.);
#4384=EDGE_CURVE('',#5166,#5168,#5588,.F.);
#4385=EDGE_CURVE('',#5168,#5169,#698,.T.);
#4386=EDGE_CURVE('',#5167,#5169,#5589,.F.);
#4387=EDGE_CURVE('',#5168,#5170,#699,.T.);
#4388=EDGE_CURVE('',#5170,#5171,#700,.T.);
#4389=EDGE_CURVE('',#5169,#5171,#701,.F.);
#4390=EDGE_CURVE('',#5170,#5172,#5590,.F.);
#4391=EDGE_CURVE('',#5172,#5173,#702,.T.);
#4392=EDGE_CURVE('',#5171,#5173,#5591,.F.);
#4393=EDGE_CURVE('',#5172,#5174,#703,.T.);
#4394=EDGE_CURVE('',#5174,#5175,#704,.T.);
#4395=EDGE_CURVE('',#5173,#5175,#705,.T.);
#4396=EDGE_CURVE('',#5174,#5176,#5592,.F.);
#4397=EDGE_CURVE('',#5176,#5177,#706,.T.);
#4398=EDGE_CURVE('',#5175,#5177,#5593,.F.);
#4399=EDGE_CURVE('',#5176,#5162,#707,.T.);
#4400=EDGE_CURVE('',#5177,#5165,#708,.T.);
#4401=EDGE_CURVE('',#5178,#5179,#5594,.F.);
#4402=EDGE_CURVE('',#5179,#5180,#709,.T.);
#4403=EDGE_CURVE('',#5181,#5180,#5595,.F.);
#4404=EDGE_CURVE('',#5178,#5181,#710,.T.);
#4405=EDGE_CURVE('',#5179,#5182,#711,.T.);
#4406=EDGE_CURVE('',#5182,#5183,#712,.T.);
#4407=EDGE_CURVE('',#5180,#5183,#713,.F.);
#4408=EDGE_CURVE('',#5182,#5184,#5596,.F.);
#4409=EDGE_CURVE('',#5184,#5185,#714,.T.);
#4410=EDGE_CURVE('',#5183,#5185,#5597,.F.);
#4411=EDGE_CURVE('',#5184,#5186,#715,.T.);
#4412=EDGE_CURVE('',#5186,#5187,#716,.T.);
#4413=EDGE_CURVE('',#5185,#5187,#717,.T.);
#4414=EDGE_CURVE('',#5186,#5188,#5598,.F.);
#4415=EDGE_CURVE('',#5188,#5189,#718,.T.);
#4416=EDGE_CURVE('',#5187,#5189,#5599,.F.);
#4417=EDGE_CURVE('',#5188,#5190,#719,.T.);
#4418=EDGE_CURVE('',#5190,#5191,#720,.T.);
#4419=EDGE_CURVE('',#5189,#5191,#721,.T.);
#4420=EDGE_CURVE('',#5190,#5192,#5600,.F.);
#4421=EDGE_CURVE('',#5192,#5193,#722,.T.);
#4422=EDGE_CURVE('',#5191,#5193,#5601,.F.);
#4423=EDGE_CURVE('',#5192,#5178,#723,.T.);
#4424=EDGE_CURVE('',#5193,#5181,#724,.F.);
#4425=EDGE_CURVE('',#5194,#5195,#5602,.F.);
#4426=EDGE_CURVE('',#5195,#5196,#725,.T.);
#4427=EDGE_CURVE('',#5197,#5196,#5603,.F.);
#4428=EDGE_CURVE('',#5194,#5197,#726,.T.);
#4429=EDGE_CURVE('',#5195,#5198,#727,.T.);
#4430=EDGE_CURVE('',#5198,#5199,#728,.T.);
#4431=EDGE_CURVE('',#5196,#5199,#729,.F.);
#4432=EDGE_CURVE('',#5198,#5200,#5604,.F.);
#4433=EDGE_CURVE('',#5200,#5201,#730,.T.);
#4434=EDGE_CURVE('',#5199,#5201,#5605,.F.);
#4435=EDGE_CURVE('',#5200,#5202,#731,.T.);
#4436=EDGE_CURVE('',#5202,#5203,#732,.T.);
#4437=EDGE_CURVE('',#5201,#5203,#733,.T.);
#4438=EDGE_CURVE('',#5202,#5204,#5606,.F.);
#4439=EDGE_CURVE('',#5204,#5205,#734,.T.);
#4440=EDGE_CURVE('',#5203,#5205,#5607,.F.);
#4441=EDGE_CURVE('',#5204,#5206,#735,.T.);
#4442=EDGE_CURVE('',#5206,#5207,#736,.T.);
#4443=EDGE_CURVE('',#5205,#5207,#737,.T.);
#4444=EDGE_CURVE('',#5206,#5208,#5608,.F.);
#4445=EDGE_CURVE('',#5208,#5209,#738,.T.);
#4446=EDGE_CURVE('',#5207,#5209,#5609,.F.);
#4447=EDGE_CURVE('',#5208,#5194,#739,.T.);
#4448=EDGE_CURVE('',#5209,#5197,#740,.F.);
#4449=EDGE_CURVE('',#5210,#5211,#5610,.F.);
#4450=EDGE_CURVE('',#5211,#5212,#741,.T.);
#4451=EDGE_CURVE('',#5213,#5212,#5611,.F.);
#4452=EDGE_CURVE('',#5210,#5213,#742,.T.);
#4453=EDGE_CURVE('',#5211,#5214,#743,.T.);
#4454=EDGE_CURVE('',#5214,#5215,#744,.T.);
#4455=EDGE_CURVE('',#5212,#5215,#745,.F.);
#4456=EDGE_CURVE('',#5214,#5216,#5612,.F.);
#4457=EDGE_CURVE('',#5216,#5217,#746,.T.);
#4458=EDGE_CURVE('',#5215,#5217,#5613,.F.);
#4459=EDGE_CURVE('',#5216,#5218,#747,.T.);
#4460=EDGE_CURVE('',#5218,#5219,#748,.T.);
#4461=EDGE_CURVE('',#5217,#5219,#749,.T.);
#4462=EDGE_CURVE('',#5218,#5220,#5614,.F.);
#4463=EDGE_CURVE('',#5220,#5221,#750,.T.);
#4464=EDGE_CURVE('',#5219,#5221,#5615,.F.);
#4465=EDGE_CURVE('',#5220,#5222,#751,.T.);
#4466=EDGE_CURVE('',#5222,#5223,#752,.T.);
#4467=EDGE_CURVE('',#5221,#5223,#753,.T.);
#4468=EDGE_CURVE('',#5222,#5224,#5616,.F.);
#4469=EDGE_CURVE('',#5224,#5225,#754,.T.);
#4470=EDGE_CURVE('',#5223,#5225,#5617,.F.);
#4471=EDGE_CURVE('',#5224,#5210,#755,.T.);
#4472=EDGE_CURVE('',#5225,#5213,#756,.F.);
#4473=EDGE_CURVE('',#5226,#5227,#5618,.F.);
#4474=EDGE_CURVE('',#5227,#5228,#757,.T.);
#4475=EDGE_CURVE('',#5229,#5228,#5619,.F.);
#4476=EDGE_CURVE('',#5226,#5229,#758,.T.);
#4477=EDGE_CURVE('',#5227,#5230,#759,.T.);
#4478=EDGE_CURVE('',#5230,#5231,#760,.T.);
#4479=EDGE_CURVE('',#5228,#5231,#761,.T.);
#4480=EDGE_CURVE('',#5230,#5232,#5620,.F.);
#4481=EDGE_CURVE('',#5232,#5233,#762,.T.);
#4482=EDGE_CURVE('',#5231,#5233,#5621,.F.);
#4483=EDGE_CURVE('',#5232,#5234,#763,.T.);
#4484=EDGE_CURVE('',#5234,#5235,#764,.T.);
#4485=EDGE_CURVE('',#5233,#5235,#765,.T.);
#4486=EDGE_CURVE('',#5234,#5236,#5622,.F.);
#4487=EDGE_CURVE('',#5236,#5237,#766,.T.);
#4488=EDGE_CURVE('',#5235,#5237,#5623,.F.);
#4489=EDGE_CURVE('',#5236,#5238,#767,.T.);
#4490=EDGE_CURVE('',#5238,#5239,#768,.T.);
#4491=EDGE_CURVE('',#5237,#5239,#769,.F.);
#4492=EDGE_CURVE('',#5238,#5240,#5624,.F.);
#4493=EDGE_CURVE('',#5240,#5241,#770,.T.);
#4494=EDGE_CURVE('',#5239,#5241,#5625,.F.);
#4495=EDGE_CURVE('',#5240,#5226,#771,.T.);
#4496=EDGE_CURVE('',#5241,#5229,#772,.F.);
#4497=EDGE_CURVE('',#5242,#5243,#5626,.F.);
#4498=EDGE_CURVE('',#5243,#5244,#773,.T.);
#4499=EDGE_CURVE('',#5245,#5244,#5627,.F.);
#4500=EDGE_CURVE('',#5242,#5245,#774,.T.);
#4501=EDGE_CURVE('',#5243,#5246,#775,.T.);
#4502=EDGE_CURVE('',#5246,#5247,#776,.T.);
#4503=EDGE_CURVE('',#5244,#5247,#777,.T.);
#4504=EDGE_CURVE('',#5246,#5248,#5628,.F.);
#4505=EDGE_CURVE('',#5248,#5249,#778,.T.);
#4506=EDGE_CURVE('',#5247,#5249,#5629,.F.);
#4507=EDGE_CURVE('',#5248,#5250,#779,.T.);
#4508=EDGE_CURVE('',#5250,#5251,#780,.T.);
#4509=EDGE_CURVE('',#5249,#5251,#781,.T.);
#4510=EDGE_CURVE('',#5250,#5252,#5630,.F.);
#4511=EDGE_CURVE('',#5252,#5253,#782,.T.);
#4512=EDGE_CURVE('',#5251,#5253,#5631,.F.);
#4513=EDGE_CURVE('',#5252,#5254,#783,.T.);
#4514=EDGE_CURVE('',#5254,#5255,#784,.T.);
#4515=EDGE_CURVE('',#5253,#5255,#785,.F.);
#4516=EDGE_CURVE('',#5254,#5256,#5632,.F.);
#4517=EDGE_CURVE('',#5256,#5257,#786,.T.);
#4518=EDGE_CURVE('',#5255,#5257,#5633,.F.);
#4519=EDGE_CURVE('',#5256,#5242,#787,.T.);
#4520=EDGE_CURVE('',#5257,#5245,#788,.F.);
#4521=EDGE_CURVE('',#5258,#5259,#789,.F.);
#4522=EDGE_CURVE('',#4664,#5258,#790,.T.);
#4523=EDGE_CURVE('',#5259,#4667,#791,.F.);
#4524=EDGE_CURVE('',#5260,#5261,#5634,.T.);
#4525=EDGE_CURVE('',#5262,#5260,#792,.T.);
#4526=EDGE_CURVE('',#5263,#5262,#12,.T.);
#4527=EDGE_CURVE('',#5264,#5263,#5635,.F.);
#4528=EDGE_CURVE('',#5265,#5264,#13,.T.);
#4529=EDGE_CURVE('',#5265,#5261,#793,.T.);
#4530=EDGE_CURVE('',#5266,#5267,#794,.F.);
#4531=EDGE_CURVE('',#5268,#5266,#795,.T.);
#4532=EDGE_CURVE('',#5269,#5268,#796,.T.);
#4533=EDGE_CURVE('',#5267,#5269,#797,.F.);
#4534=EDGE_CURVE('',#5269,#5270,#798,.T.);
#4535=EDGE_CURVE('',#5271,#5268,#799,.F.);
#4536=EDGE_CURVE('',#5270,#5271,#800,.T.);
#4537=EDGE_CURVE('',#5270,#5265,#801,.T.);
#4538=EDGE_CURVE('',#5261,#5271,#802,.F.);
#4539=EDGE_CURVE('',#5272,#5273,#803,.F.);
#4540=EDGE_CURVE('',#5269,#5273,#804,.T.);
#4541=EDGE_CURVE('',#5272,#5270,#805,.T.);
#4542=EDGE_CURVE('',#5267,#5274,#806,.T.);
#4543=EDGE_CURVE('',#5273,#5274,#807,.T.);
#4544=EDGE_CURVE('',#5264,#5272,#808,.F.);
#4545=EDGE_CURVE('',#5057,#5275,#809,.F.);
#4546=EDGE_CURVE('',#5276,#5054,#810,.F.);
#4547=EDGE_CURVE('',#5276,#4783,#811,.F.);
#4548=EDGE_CURVE('',#5277,#4788,#812,.F.);
#4549=EDGE_CURVE('',#5277,#4857,#813,.F.);
#4550=EDGE_CURVE('',#5278,#4862,#814,.F.);
#4551=EDGE_CURVE('',#5278,#4947,#815,.F.);
#4552=EDGE_CURVE('',#5279,#4952,#816,.F.);
#4553=EDGE_CURVE('',#5279,#5141,#817,.F.);
#4554=EDGE_CURVE('',#5145,#5280,#818,.T.);
#4555=EDGE_CURVE('',#5274,#5280,#819,.F.);
#4556=EDGE_CURVE('',#5281,#5263,#820,.F.);
#4557=EDGE_CURVE('',#5259,#5281,#821,.F.);
#4558=EDGE_CURVE('',#4666,#5282,#822,.F.);
#4559=EDGE_CURVE('',#5283,#5282,#823,.T.);
#4560=EDGE_CURVE('',#5283,#5284,#5636,.F.);
#4561=EDGE_CURVE('',#5284,#5285,#824,.T.);
#4562=EDGE_CURVE('',#5285,#5286,#825,.F.);
#4563=EDGE_CURVE('',#5287,#5286,#826,.T.);
#4564=EDGE_CURVE('',#5287,#5288,#5637,.F.);
#4565=EDGE_CURVE('',#5288,#5289,#827,.T.);
#4566=EDGE_CURVE('',#5289,#4671,#828,.F.);
#4567=EDGE_CURVE('',#4670,#5290,#829,.T.);
#4568=EDGE_CURVE('',#5291,#5290,#830,.T.);
#4569=EDGE_CURVE('',#5291,#5292,#5638,.F.);
#4570=EDGE_CURVE('',#5292,#5293,#831,.T.);
#4571=EDGE_CURVE('',#5293,#5275,#832,.T.);
#4572=EDGE_CURVE('',#5294,#5295,#833,.F.);
#4573=EDGE_CURVE('',#5295,#5296,#5639,.T.);
#4574=EDGE_CURVE('',#5296,#5297,#834,.T.);
#4575=EDGE_CURVE('',#5297,#5294,#5640,.T.);
#4576=EDGE_CURVE('',#5298,#5299,#835,.F.);
#4577=EDGE_CURVE('',#5299,#5300,#5641,.T.);
#4578=EDGE_CURVE('',#5300,#5301,#836,.T.);
#4579=EDGE_CURVE('',#5301,#5298,#5642,.T.);
#4580=EDGE_CURVE('',#5302,#5303,#5643,.T.);
#4581=EDGE_CURVE('',#5303,#5304,#837,.T.);
#4582=EDGE_CURVE('',#5304,#5305,#5644,.T.);
#4583=EDGE_CURVE('',#5305,#5302,#838,.F.);
#4584=EDGE_CURVE('',#5306,#5306,#5645,.T.);
#4585=EDGE_CURVE('',#5307,#5307,#5646,.T.);
#4586=EDGE_CURVE('',#5308,#5308,#5647,.T.);
#4587=EDGE_CURVE('',#5309,#5309,#5648,.T.);
#4588=EDGE_CURVE('',#5310,#5310,#5649,.F.);
#4589=EDGE_CURVE('',#5311,#5282,#839,.T.);
#4590=EDGE_CURVE('',#5311,#4665,#840,.T.);
#4591=EDGE_CURVE('',#5312,#5313,#841,.F.);
#4592=EDGE_CURVE('',#5285,#5313,#842,.F.);
#4593=EDGE_CURVE('',#5284,#5312,#843,.T.);
#4594=EDGE_CURVE('',#5314,#5312,#5650,.F.);
#4595=EDGE_CURVE('',#5283,#5314,#844,.T.);
#4596=EDGE_CURVE('',#5315,#5315,#5651,.T.);
#4597=EDGE_CURVE('',#5311,#5314,#845,.F.);
#4598=EDGE_CURVE('',#5316,#5286,#846,.T.);
#4599=EDGE_CURVE('',#5316,#5313,#847,.T.);
#4600=EDGE_CURVE('',#5289,#5317,#848,.F.);
#4601=EDGE_CURVE('',#4668,#5317,#849,.T.);
#4602=EDGE_CURVE('',#5318,#5317,#850,.F.);
#4603=EDGE_CURVE('',#5288,#5318,#851,.T.);
#4604=EDGE_CURVE('',#5319,#5319,#5652,.T.);
#4605=EDGE_CURVE('',#5320,#5318,#5653,.F.);
#4606=EDGE_CURVE('',#5287,#5320,#852,.T.);
#4607=EDGE_CURVE('',#5316,#5320,#853,.F.);
#4608=EDGE_CURVE('',#5321,#5290,#854,.T.);
#4609=EDGE_CURVE('',#5321,#4669,#855,.F.);
#4610=EDGE_CURVE('',#5322,#5323,#856,.F.);
#4611=EDGE_CURVE('',#5293,#5323,#857,.F.);
#4612=EDGE_CURVE('',#5292,#5322,#858,.T.);
#4613=EDGE_CURVE('',#5324,#5322,#5654,.F.);
#4614=EDGE_CURVE('',#5291,#5324,#859,.T.);
#4615=EDGE_CURVE('',#5325,#5325,#5655,.T.);
#4616=EDGE_CURVE('',#5321,#5324,#860,.F.);
#4617=EDGE_CURVE('',#5326,#5327,#861,.T.);
#4618=EDGE_CURVE('',#5302,#5326,#862,.T.);
#4619=EDGE_CURVE('',#5305,#5327,#863,.T.);
#4620=EDGE_CURVE('',#5328,#5326,#5656,.F.);
#4621=EDGE_CURVE('',#5303,#5328,#864,.T.);
#4622=EDGE_CURVE('',#5329,#5328,#865,.F.);
#4623=EDGE_CURVE('',#5304,#5329,#866,.T.);
#4624=EDGE_CURVE('',#5327,#5329,#5657,.F.);
#4625=EDGE_CURVE('',#5330,#5331,#5658,.F.);
#4626=EDGE_CURVE('',#5298,#5330,#867,.T.);
#4627=EDGE_CURVE('',#5301,#5331,#868,.T.);
#4628=EDGE_CURVE('',#5332,#5330,#869,.T.);
#4629=EDGE_CURVE('',#5299,#5332,#870,.T.);
#4630=EDGE_CURVE('',#5333,#5332,#5659,.F.);
#4631=EDGE_CURVE('',#5300,#5333,#871,.T.);
#4632=EDGE_CURVE('',#5331,#5333,#872,.F.);
#4633=EDGE_CURVE('',#5334,#5335,#5660,.F.);
#4634=EDGE_CURVE('',#5294,#5334,#873,.T.);
#4635=EDGE_CURVE('',#5297,#5335,#874,.T.);
#4636=EDGE_CURVE('',#5336,#5334,#875,.T.);
#4637=EDGE_CURVE('',#5295,#5336,#876,.T.);
#4638=EDGE_CURVE('',#5337,#5336,#5661,.F.);
#4639=EDGE_CURVE('',#5296,#5337,#877,.T.);
#4640=EDGE_CURVE('',#5335,#5337,#878,.F.);
#4641=EDGE_CURVE('',#5338,#5056,#879,.T.);
#4642=EDGE_CURVE('',#5338,#5323,#880,.F.);
#4643=EDGE_CURVE('',#5339,#5258,#881,.T.);
#4644=EDGE_CURVE('',#5339,#5260,#882,.F.);
#4645=EDGE_CURVE('',#5340,#5266,#883,.T.);
#4646=EDGE_CURVE('',#5144,#5340,#884,.T.);
#4647=EDGE_CURVE('',#5341,#5138,#885,.T.);
#4648=EDGE_CURVE('',#4953,#5341,#886,.T.);
#4649=EDGE_CURVE('',#5342,#4944,#887,.T.);
#4650=EDGE_CURVE('',#4863,#5342,#888,.T.);
#4651=EDGE_CURVE('',#5343,#4854,#889,.T.);
#4652=EDGE_CURVE('',#4789,#5343,#890,.T.);
#4653=EDGE_CURVE('',#5344,#4780,#891,.T.);
#4654=EDGE_CURVE('',#5055,#5344,#892,.T.);
#4655=EDGE_CURVE('',#5341,#5279,#893,.F.);
#4656=EDGE_CURVE('',#5342,#5278,#894,.F.);
#4657=EDGE_CURVE('',#5343,#5277,#895,.F.);
#4658=EDGE_CURVE('',#5344,#5276,#896,.F.);
#4659=EDGE_CURVE('',#5280,#5340,#897,.T.);
#4660=EDGE_CURVE('',#5281,#5345,#898,.T.);
#4661=EDGE_CURVE('',#5262,#5345,#899,.T.);
#4662=EDGE_CURVE('',#5345,#5339,#900,.T.);
#4663=EDGE_CURVE('',#5275,#5338,#901,.T.);
#4664=VERTEX_POINT('',#9716);
#4665=VERTEX_POINT('',#9717);
#4666=VERTEX_POINT('',#9719);
#4667=VERTEX_POINT('',#9721);
#4668=VERTEX_POINT('',#9725);
#4669=VERTEX_POINT('',#9726);
#4670=VERTEX_POINT('',#9728);
#4671=VERTEX_POINT('',#9730);
#4672=VERTEX_POINT('',#9734);
#4673=VERTEX_POINT('',#9735);
#4674=VERTEX_POINT('',#9737);
#4675=VERTEX_POINT('',#9739);
#4676=VERTEX_POINT('',#9743);
#4677=VERTEX_POINT('',#9745);
#4678=VERTEX_POINT('',#9749);
#4679=VERTEX_POINT('',#9751);
#4680=VERTEX_POINT('',#9755);
#4681=VERTEX_POINT('',#9757);
#4682=VERTEX_POINT('',#9761);
#4683=VERTEX_POINT('',#9763);
#4684=VERTEX_POINT('',#9767);
#4685=VERTEX_POINT('',#9769);
#4686=VERTEX_POINT('',#9773);
#4687=VERTEX_POINT('',#9775);
#4688=VERTEX_POINT('',#9782);
#4689=VERTEX_POINT('',#9783);
#4690=VERTEX_POINT('',#9785);
#4691=VERTEX_POINT('',#9787);
#4692=VERTEX_POINT('',#9791);
#4693=VERTEX_POINT('',#9793);
#4694=VERTEX_POINT('',#9797);
#4695=VERTEX_POINT('',#9799);
#4696=VERTEX_POINT('',#9803);
#4697=VERTEX_POINT('',#9805);
#4698=VERTEX_POINT('',#9809);
#4699=VERTEX_POINT('',#9811);
#4700=VERTEX_POINT('',#9815);
#4701=VERTEX_POINT('',#9817);
#4702=VERTEX_POINT('',#9821);
#4703=VERTEX_POINT('',#9823);
#4704=VERTEX_POINT('',#9830);
#4705=VERTEX_POINT('',#9831);
#4706=VERTEX_POINT('',#9833);
#4707=VERTEX_POINT('',#9835);
#4708=VERTEX_POINT('',#9839);
#4709=VERTEX_POINT('',#9841);
#4710=VERTEX_POINT('',#9845);
#4711=VERTEX_POINT('',#9847);
#4712=VERTEX_POINT('',#9851);
#4713=VERTEX_POINT('',#9853);
#4714=VERTEX_POINT('',#9857);
#4715=VERTEX_POINT('',#9859);
#4716=VERTEX_POINT('',#9863);
#4717=VERTEX_POINT('',#9865);
#4718=VERTEX_POINT('',#9869);
#4719=VERTEX_POINT('',#9871);
#4720=VERTEX_POINT('',#9875);
#4721=VERTEX_POINT('',#9877);
#4722=VERTEX_POINT('',#9881);
#4723=VERTEX_POINT('',#9883);
#4724=VERTEX_POINT('',#9887);
#4725=VERTEX_POINT('',#9889);
#4726=VERTEX_POINT('',#9893);
#4727=VERTEX_POINT('',#9895);
#4728=VERTEX_POINT('',#9899);
#4729=VERTEX_POINT('',#9901);
#4730=VERTEX_POINT('',#9905);
#4731=VERTEX_POINT('',#9907);
#4732=VERTEX_POINT('',#9914);
#4733=VERTEX_POINT('',#9915);
#4734=VERTEX_POINT('',#9917);
#4735=VERTEX_POINT('',#9919);
#4736=VERTEX_POINT('',#9923);
#4737=VERTEX_POINT('',#9925);
#4738=VERTEX_POINT('',#9929);
#4739=VERTEX_POINT('',#9931);
#4740=VERTEX_POINT('',#9935);
#4741=VERTEX_POINT('',#9937);
#4742=VERTEX_POINT('',#9941);
#4743=VERTEX_POINT('',#9943);
#4744=VERTEX_POINT('',#9947);
#4745=VERTEX_POINT('',#9949);
#4746=VERTEX_POINT('',#9953);
#4747=VERTEX_POINT('',#9955);
#4748=VERTEX_POINT('',#9962);
#4749=VERTEX_POINT('',#9963);
#4750=VERTEX_POINT('',#9965);
#4751=VERTEX_POINT('',#9967);
#4752=VERTEX_POINT('',#9971);
#4753=VERTEX_POINT('',#9973);
#4754=VERTEX_POINT('',#9977);
#4755=VERTEX_POINT('',#9979);
#4756=VERTEX_POINT('',#9983);
#4757=VERTEX_POINT('',#9985);
#4758=VERTEX_POINT('',#9989);
#4759=VERTEX_POINT('',#9991);
#4760=VERTEX_POINT('',#9995);
#4761=VERTEX_POINT('',#9997);
#4762=VERTEX_POINT('',#10001);
#4763=VERTEX_POINT('',#10003);
#4764=VERTEX_POINT('',#10010);
#4765=VERTEX_POINT('',#10011);
#4766=VERTEX_POINT('',#10013);
#4767=VERTEX_POINT('',#10015);
#4768=VERTEX_POINT('',#10019);
#4769=VERTEX_POINT('',#10021);
#4770=VERTEX_POINT('',#10025);
#4771=VERTEX_POINT('',#10027);
#4772=VERTEX_POINT('',#10031);
#4773=VERTEX_POINT('',#10033);
#4774=VERTEX_POINT('',#10037);
#4775=VERTEX_POINT('',#10039);
#4776=VERTEX_POINT('',#10043);
#4777=VERTEX_POINT('',#10045);
#4778=VERTEX_POINT('',#10049);
#4779=VERTEX_POINT('',#10051);
#4780=VERTEX_POINT('',#10058);
#4781=VERTEX_POINT('',#10059);
#4782=VERTEX_POINT('',#10061);
#4783=VERTEX_POINT('',#10063);
#4784=VERTEX_POINT('',#10067);
#4785=VERTEX_POINT('',#10069);
#4786=VERTEX_POINT('',#10073);
#4787=VERTEX_POINT('',#10075);
#4788=VERTEX_POINT('',#10079);
#4789=VERTEX_POINT('',#10080);
#4790=VERTEX_POINT('',#10085);
#4791=VERTEX_POINT('',#10086);
#4792=VERTEX_POINT('',#10088);
#4793=VERTEX_POINT('',#10090);
#4794=VERTEX_POINT('',#10094);
#4795=VERTEX_POINT('',#10096);
#4796=VERTEX_POINT('',#10100);
#4797=VERTEX_POINT('',#10102);
#4798=VERTEX_POINT('',#10106);
#4799=VERTEX_POINT('',#10108);
#4800=VERTEX_POINT('',#10112);
#4801=VERTEX_POINT('',#10114);
#4802=VERTEX_POINT('',#10118);
#4803=VERTEX_POINT('',#10120);
#4804=VERTEX_POINT('',#10124);
#4805=VERTEX_POINT('',#10126);
#4806=VERTEX_POINT('',#10133);
#4807=VERTEX_POINT('',#10134);
#4808=VERTEX_POINT('',#10136);
#4809=VERTEX_POINT('',#10138);
#4810=VERTEX_POINT('',#10142);
#4811=VERTEX_POINT('',#10144);
#4812=VERTEX_POINT('',#10148);
#4813=VERTEX_POINT('',#10150);
#4814=VERTEX_POINT('',#10154);
#4815=VERTEX_POINT('',#10156);
#4816=VERTEX_POINT('',#10160);
#4817=VERTEX_POINT('',#10162);
#4818=VERTEX_POINT('',#10166);
#4819=VERTEX_POINT('',#10168);
#4820=VERTEX_POINT('',#10172);
#4821=VERTEX_POINT('',#10174);
#4822=VERTEX_POINT('',#10181);
#4823=VERTEX_POINT('',#10182);
#4824=VERTEX_POINT('',#10184);
#4825=VERTEX_POINT('',#10186);
#4826=VERTEX_POINT('',#10190);
#4827=VERTEX_POINT('',#10192);
#4828=VERTEX_POINT('',#10196);
#4829=VERTEX_POINT('',#10198);
#4830=VERTEX_POINT('',#10202);
#4831=VERTEX_POINT('',#10204);
#4832=VERTEX_POINT('',#10208);
#4833=VERTEX_POINT('',#10210);
#4834=VERTEX_POINT('',#10214);
#4835=VERTEX_POINT('',#10216);
#4836=VERTEX_POINT('',#10220);
#4837=VERTEX_POINT('',#10222);
#4838=VERTEX_POINT('',#10229);
#4839=VERTEX_POINT('',#10230);
#4840=VERTEX_POINT('',#10232);
#4841=VERTEX_POINT('',#10234);
#4842=VERTEX_POINT('',#10238);
#4843=VERTEX_POINT('',#10240);
#4844=VERTEX_POINT('',#10244);
#4845=VERTEX_POINT('',#10246);
#4846=VERTEX_POINT('',#10250);
#4847=VERTEX_POINT('',#10252);
#4848=VERTEX_POINT('',#10256);
#4849=VERTEX_POINT('',#10258);
#4850=VERTEX_POINT('',#10262);
#4851=VERTEX_POINT('',#10264);
#4852=VERTEX_POINT('',#10268);
#4853=VERTEX_POINT('',#10270);
#4854=VERTEX_POINT('',#10277);
#4855=VERTEX_POINT('',#10278);
#4856=VERTEX_POINT('',#10280);
#4857=VERTEX_POINT('',#10282);
#4858=VERTEX_POINT('',#10286);
#4859=VERTEX_POINT('',#10288);
#4860=VERTEX_POINT('',#10292);
#4861=VERTEX_POINT('',#10294);
#4862=VERTEX_POINT('',#10298);
#4863=VERTEX_POINT('',#10299);
#4864=VERTEX_POINT('',#10304);
#4865=VERTEX_POINT('',#10305);
#4866=VERTEX_POINT('',#10307);
#4867=VERTEX_POINT('',#10309);
#4868=VERTEX_POINT('',#10313);
#4869=VERTEX_POINT('',#10315);
#4870=VERTEX_POINT('',#10319);
#4871=VERTEX_POINT('',#10321);
#4872=VERTEX_POINT('',#10325);
#4873=VERTEX_POINT('',#10327);
#4874=VERTEX_POINT('',#10331);
#4875=VERTEX_POINT('',#10333);
#4876=VERTEX_POINT('',#10337);
#4877=VERTEX_POINT('',#10339);
#4878=VERTEX_POINT('',#10343);
#4879=VERTEX_POINT('',#10345);
#4880=VERTEX_POINT('',#10352);
#4881=VERTEX_POINT('',#10353);
#4882=VERTEX_POINT('',#10355);
#4883=VERTEX_POINT('',#10357);
#4884=VERTEX_POINT('',#10361);
#4885=VERTEX_POINT('',#10363);
#4886=VERTEX_POINT('',#10367);
#4887=VERTEX_POINT('',#10369);
#4888=VERTEX_POINT('',#10373);
#4889=VERTEX_POINT('',#10375);
#4890=VERTEX_POINT('',#10379);
#4891=VERTEX_POINT('',#10381);
#4892=VERTEX_POINT('',#10385);
#4893=VERTEX_POINT('',#10387);
#4894=VERTEX_POINT('',#10391);
#4895=VERTEX_POINT('',#10393);
#4896=VERTEX_POINT('',#10400);
#4897=VERTEX_POINT('',#10401);
#4898=VERTEX_POINT('',#10403);
#4899=VERTEX_POINT('',#10405);
#4900=VERTEX_POINT('',#10409);
#4901=VERTEX_POINT('',#10411);
#4902=VERTEX_POINT('',#10415);
#4903=VERTEX_POINT('',#10417);
#4904=VERTEX_POINT('',#10421);
#4905=VERTEX_POINT('',#10423);
#4906=VERTEX_POINT('',#10427);
#4907=VERTEX_POINT('',#10429);
#4908=VERTEX_POINT('',#10433);
#4909=VERTEX_POINT('',#10435);
#4910=VERTEX_POINT('',#10439);
#4911=VERTEX_POINT('',#10441);
#4912=VERTEX_POINT('',#10448);
#4913=VERTEX_POINT('',#10449);
#4914=VERTEX_POINT('',#10451);
#4915=VERTEX_POINT('',#10453);
#4916=VERTEX_POINT('',#10457);
#4917=VERTEX_POINT('',#10459);
#4918=VERTEX_POINT('',#10463);
#4919=VERTEX_POINT('',#10465);
#4920=VERTEX_POINT('',#10469);
#4921=VERTEX_POINT('',#10471);
#4922=VERTEX_POINT('',#10475);
#4923=VERTEX_POINT('',#10477);
#4924=VERTEX_POINT('',#10481);
#4925=VERTEX_POINT('',#10483);
#4926=VERTEX_POINT('',#10487);
#4927=VERTEX_POINT('',#10489);
#4928=VERTEX_POINT('',#10496);
#4929=VERTEX_POINT('',#10497);
#4930=VERTEX_POINT('',#10499);
#4931=VERTEX_POINT('',#10501);
#4932=VERTEX_POINT('',#10505);
#4933=VERTEX_POINT('',#10507);
#4934=VERTEX_POINT('',#10511);
#4935=VERTEX_POINT('',#10513);
#4936=VERTEX_POINT('',#10517);
#4937=VERTEX_POINT('',#10519);
#4938=VERTEX_POINT('',#10523);
#4939=VERTEX_POINT('',#10525);
#4940=VERTEX_POINT('',#10529);
#4941=VERTEX_POINT('',#10531);
#4942=VERTEX_POINT('',#10535);
#4943=VERTEX_POINT('',#10537);
#4944=VERTEX_POINT('',#10544);
#4945=VERTEX_POINT('',#10545);
#4946=VERTEX_POINT('',#10547);
#4947=VERTEX_POINT('',#10549);
#4948=VERTEX_POINT('',#10553);
#4949=VERTEX_POINT('',#10555);
#4950=VERTEX_POINT('',#10559);
#4951=VERTEX_POINT('',#10561);
#4952=VERTEX_POINT('',#10565);
#4953=VERTEX_POINT('',#10566);
#4954=VERTEX_POINT('',#10571);
#4955=VERTEX_POINT('',#10572);
#4956=VERTEX_POINT('',#10574);
#4957=VERTEX_POINT('',#10576);
#4958=VERTEX_POINT('',#10580);
#4959=VERTEX_POINT('',#10582);
#4960=VERTEX_POINT('',#10586);
#4961=VERTEX_POINT('',#10588);
#4962=VERTEX_POINT('',#10592);
#4963=VERTEX_POINT('',#10594);
#4964=VERTEX_POINT('',#10598);
#4965=VERTEX_POINT('',#10600);
#4966=VERTEX_POINT('',#10604);
#4967=VERTEX_POINT('',#10606);
#4968=VERTEX_POINT('',#10610);
#4969=VERTEX_POINT('',#10612);
#4970=VERTEX_POINT('',#10619);
#4971=VERTEX_POINT('',#10620);
#4972=VERTEX_POINT('',#10622);
#4973=VERTEX_POINT('',#10624);
#4974=VERTEX_POINT('',#10628);
#4975=VERTEX_POINT('',#10630);
#4976=VERTEX_POINT('',#10634);
#4977=VERTEX_POINT('',#10636);
#4978=VERTEX_POINT('',#10640);
#4979=VERTEX_POINT('',#10642);
#4980=VERTEX_POINT('',#10646);
#4981=VERTEX_POINT('',#10648);
#4982=VERTEX_POINT('',#10652);
#4983=VERTEX_POINT('',#10654);
#4984=VERTEX_POINT('',#10658);
#4985=VERTEX_POINT('',#10660);
#4986=VERTEX_POINT('',#10667);
#4987=VERTEX_POINT('',#10668);
#4988=VERTEX_POINT('',#10670);
#4989=VERTEX_POINT('',#10672);
#4990=VERTEX_POINT('',#10676);
#4991=VERTEX_POINT('',#10678);
#4992=VERTEX_POINT('',#10682);
#4993=VERTEX_POINT('',#10684);
#4994=VERTEX_POINT('',#10688);
#4995=VERTEX_POINT('',#10690);
#4996=VERTEX_POINT('',#10694);
#4997=VERTEX_POINT('',#10696);
#4998=VERTEX_POINT('',#10700);
#4999=VERTEX_POINT('',#10702);
#5000=VERTEX_POINT('',#10706);
#5001=VERTEX_POINT('',#10708);
#5002=VERTEX_POINT('',#10715);
#5003=VERTEX_POINT('',#10716);
#5004=VERTEX_POINT('',#10718);
#5005=VERTEX_POINT('',#10720);
#5006=VERTEX_POINT('',#10724);
#5007=VERTEX_POINT('',#10726);
#5008=VERTEX_POINT('',#10730);
#5009=VERTEX_POINT('',#10732);
#5010=VERTEX_POINT('',#10736);
#5011=VERTEX_POINT('',#10738);
#5012=VERTEX_POINT('',#10742);
#5013=VERTEX_POINT('',#10744);
#5014=VERTEX_POINT('',#10748);
#5015=VERTEX_POINT('',#10750);
#5016=VERTEX_POINT('',#10754);
#5017=VERTEX_POINT('',#10756);
#5018=VERTEX_POINT('',#10763);
#5019=VERTEX_POINT('',#10764);
#5020=VERTEX_POINT('',#10766);
#5021=VERTEX_POINT('',#10768);
#5022=VERTEX_POINT('',#10772);
#5023=VERTEX_POINT('',#10774);
#5024=VERTEX_POINT('',#10778);
#5025=VERTEX_POINT('',#10780);
#5026=VERTEX_POINT('',#10784);
#5027=VERTEX_POINT('',#10786);
#5028=VERTEX_POINT('',#10790);
#5029=VERTEX_POINT('',#10792);
#5030=VERTEX_POINT('',#10796);
#5031=VERTEX_POINT('',#10798);
#5032=VERTEX_POINT('',#10802);
#5033=VERTEX_POINT('',#10804);
#5034=VERTEX_POINT('',#10811);
#5035=VERTEX_POINT('',#10812);
#5036=VERTEX_POINT('',#10814);
#5037=VERTEX_POINT('',#10816);
#5038=VERTEX_POINT('',#10820);
#5039=VERTEX_POINT('',#10822);
#5040=VERTEX_POINT('',#10826);
#5041=VERTEX_POINT('',#10828);
#5042=VERTEX_POINT('',#10832);
#5043=VERTEX_POINT('',#10834);
#5044=VERTEX_POINT('',#10838);
#5045=VERTEX_POINT('',#10840);
#5046=VERTEX_POINT('',#10844);
#5047=VERTEX_POINT('',#10846);
#5048=VERTEX_POINT('',#10850);
#5049=VERTEX_POINT('',#10852);
#5050=VERTEX_POINT('',#10859);
#5051=VERTEX_POINT('',#10860);
#5052=VERTEX_POINT('',#10862);
#5053=VERTEX_POINT('',#10864);
#5054=VERTEX_POINT('',#10868);
#5055=VERTEX_POINT('',#10869);
#5056=VERTEX_POINT('',#10874);
#5057=VERTEX_POINT('',#10875);
#5058=VERTEX_POINT('',#10877);
#5059=VERTEX_POINT('',#10879);
#5060=VERTEX_POINT('',#10883);
#5061=VERTEX_POINT('',#10885);
#5062=VERTEX_POINT('',#10889);
#5063=VERTEX_POINT('',#10891);
#5064=VERTEX_POINT('',#10895);
#5065=VERTEX_POINT('',#10897);
#5066=VERTEX_POINT('',#10901);
#5067=VERTEX_POINT('',#10903);
#5068=VERTEX_POINT('',#10907);
#5069=VERTEX_POINT('',#10909);
#5070=VERTEX_POINT('',#10913);
#5071=VERTEX_POINT('',#10915);
#5072=VERTEX_POINT('',#10919);
#5073=VERTEX_POINT('',#10921);
#5074=VERTEX_POINT('',#10928);
#5075=VERTEX_POINT('',#10929);
#5076=VERTEX_POINT('',#10931);
#5077=VERTEX_POINT('',#10933);
#5078=VERTEX_POINT('',#10937);
#5079=VERTEX_POINT('',#10939);
#5080=VERTEX_POINT('',#10943);
#5081=VERTEX_POINT('',#10945);
#5082=VERTEX_POINT('',#10949);
#5083=VERTEX_POINT('',#10951);
#5084=VERTEX_POINT('',#10955);
#5085=VERTEX_POINT('',#10957);
#5086=VERTEX_POINT('',#10961);
#5087=VERTEX_POINT('',#10963);
#5088=VERTEX_POINT('',#10967);
#5089=VERTEX_POINT('',#10969);
#5090=VERTEX_POINT('',#10976);
#5091=VERTEX_POINT('',#10977);
#5092=VERTEX_POINT('',#10979);
#5093=VERTEX_POINT('',#10981);
#5094=VERTEX_POINT('',#10985);
#5095=VERTEX_POINT('',#10987);
#5096=VERTEX_POINT('',#10991);
#5097=VERTEX_POINT('',#10993);
#5098=VERTEX_POINT('',#10997);
#5099=VERTEX_POINT('',#10999);
#5100=VERTEX_POINT('',#11003);
#5101=VERTEX_POINT('',#11005);
#5102=VERTEX_POINT('',#11009);
#5103=VERTEX_POINT('',#11011);
#5104=VERTEX_POINT('',#11015);
#5105=VERTEX_POINT('',#11017);
#5106=VERTEX_POINT('',#11024);
#5107=VERTEX_POINT('',#11025);
#5108=VERTEX_POINT('',#11027);
#5109=VERTEX_POINT('',#11029);
#5110=VERTEX_POINT('',#11033);
#5111=VERTEX_POINT('',#11035);
#5112=VERTEX_POINT('',#11039);
#5113=VERTEX_POINT('',#11041);
#5114=VERTEX_POINT('',#11045);
#5115=VERTEX_POINT('',#11047);
#5116=VERTEX_POINT('',#11051);
#5117=VERTEX_POINT('',#11053);
#5118=VERTEX_POINT('',#11057);
#5119=VERTEX_POINT('',#11059);
#5120=VERTEX_POINT('',#11063);
#5121=VERTEX_POINT('',#11065);
#5122=VERTEX_POINT('',#11072);
#5123=VERTEX_POINT('',#11073);
#5124=VERTEX_POINT('',#11075);
#5125=VERTEX_POINT('',#11077);
#5126=VERTEX_POINT('',#11081);
#5127=VERTEX_POINT('',#11083);
#5128=VERTEX_POINT('',#11087);
#5129=VERTEX_POINT('',#11089);
#5130=VERTEX_POINT('',#11093);
#5131=VERTEX_POINT('',#11095);
#5132=VERTEX_POINT('',#11099);
#5133=VERTEX_POINT('',#11101);
#5134=VERTEX_POINT('',#11105);
#5135=VERTEX_POINT('',#11107);
#5136=VERTEX_POINT('',#11111);
#5137=VERTEX_POINT('',#11113);
#5138=VERTEX_POINT('',#11120);
#5139=VERTEX_POINT('',#11121);
#5140=VERTEX_POINT('',#11123);
#5141=VERTEX_POINT('',#11125);
#5142=VERTEX_POINT('',#11129);
#5143=VERTEX_POINT('',#11131);
#5144=VERTEX_POINT('',#11135);
#5145=VERTEX_POINT('',#11137);
#5146=VERTEX_POINT('',#11141);
#5147=VERTEX_POINT('',#11142);
#5148=VERTEX_POINT('',#11144);
#5149=VERTEX_POINT('',#11146);
#5150=VERTEX_POINT('',#11150);
#5151=VERTEX_POINT('',#11152);
#5152=VERTEX_POINT('',#11156);
#5153=VERTEX_POINT('',#11158);
#5154=VERTEX_POINT('',#11162);
#5155=VERTEX_POINT('',#11164);
#5156=VERTEX_POINT('',#11168);
#5157=VERTEX_POINT('',#11170);
#5158=VERTEX_POINT('',#11174);
#5159=VERTEX_POINT('',#11176);
#5160=VERTEX_POINT('',#11180);
#5161=VERTEX_POINT('',#11182);
#5162=VERTEX_POINT('',#11189);
#5163=VERTEX_POINT('',#11190);
#5164=VERTEX_POINT('',#11192);
#5165=VERTEX_POINT('',#11194);
#5166=VERTEX_POINT('',#11198);
#5167=VERTEX_POINT('',#11200);
#5168=VERTEX_POINT('',#11204);
#5169=VERTEX_POINT('',#11206);
#5170=VERTEX_POINT('',#11210);
#5171=VERTEX_POINT('',#11212);
#5172=VERTEX_POINT('',#11216);
#5173=VERTEX_POINT('',#11218);
#5174=VERTEX_POINT('',#11222);
#5175=VERTEX_POINT('',#11224);
#5176=VERTEX_POINT('',#11228);
#5177=VERTEX_POINT('',#11230);
#5178=VERTEX_POINT('',#11237);
#5179=VERTEX_POINT('',#11238);
#5180=VERTEX_POINT('',#11240);
#5181=VERTEX_POINT('',#11242);
#5182=VERTEX_POINT('',#11246);
#5183=VERTEX_POINT('',#11248);
#5184=VERTEX_POINT('',#11252);
#5185=VERTEX_POINT('',#11254);
#5186=VERTEX_POINT('',#11258);
#5187=VERTEX_POINT('',#11260);
#5188=VERTEX_POINT('',#11264);
#5189=VERTEX_POINT('',#11266);
#5190=VERTEX_POINT('',#11270);
#5191=VERTEX_POINT('',#11272);
#5192=VERTEX_POINT('',#11276);
#5193=VERTEX_POINT('',#11278);
#5194=VERTEX_POINT('',#11285);
#5195=VERTEX_POINT('',#11286);
#5196=VERTEX_POINT('',#11288);
#5197=VERTEX_POINT('',#11290);
#5198=VERTEX_POINT('',#11294);
#5199=VERTEX_POINT('',#11296);
#5200=VERTEX_POINT('',#11300);
#5201=VERTEX_POINT('',#11302);
#5202=VERTEX_POINT('',#11306);
#5203=VERTEX_POINT('',#11308);
#5204=VERTEX_POINT('',#11312);
#5205=VERTEX_POINT('',#11314);
#5206=VERTEX_POINT('',#11318);
#5207=VERTEX_POINT('',#11320);
#5208=VERTEX_POINT('',#11324);
#5209=VERTEX_POINT('',#11326);
#5210=VERTEX_POINT('',#11333);
#5211=VERTEX_POINT('',#11334);
#5212=VERTEX_POINT('',#11336);
#5213=VERTEX_POINT('',#11338);
#5214=VERTEX_POINT('',#11342);
#5215=VERTEX_POINT('',#11344);
#5216=VERTEX_POINT('',#11348);
#5217=VERTEX_POINT('',#11350);
#5218=VERTEX_POINT('',#11354);
#5219=VERTEX_POINT('',#11356);
#5220=VERTEX_POINT('',#11360);
#5221=VERTEX_POINT('',#11362);
#5222=VERTEX_POINT('',#11366);
#5223=VERTEX_POINT('',#11368);
#5224=VERTEX_POINT('',#11372);
#5225=VERTEX_POINT('',#11374);
#5226=VERTEX_POINT('',#11381);
#5227=VERTEX_POINT('',#11382);
#5228=VERTEX_POINT('',#11384);
#5229=VERTEX_POINT('',#11386);
#5230=VERTEX_POINT('',#11390);
#5231=VERTEX_POINT('',#11392);
#5232=VERTEX_POINT('',#11396);
#5233=VERTEX_POINT('',#11398);
#5234=VERTEX_POINT('',#11402);
#5235=VERTEX_POINT('',#11404);
#5236=VERTEX_POINT('',#11408);
#5237=VERTEX_POINT('',#11410);
#5238=VERTEX_POINT('',#11414);
#5239=VERTEX_POINT('',#11416);
#5240=VERTEX_POINT('',#11420);
#5241=VERTEX_POINT('',#11422);
#5242=VERTEX_POINT('',#11429);
#5243=VERTEX_POINT('',#11430);
#5244=VERTEX_POINT('',#11432);
#5245=VERTEX_POINT('',#11434);
#5246=VERTEX_POINT('',#11438);
#5247=VERTEX_POINT('',#11440);
#5248=VERTEX_POINT('',#11444);
#5249=VERTEX_POINT('',#11446);
#5250=VERTEX_POINT('',#11450);
#5251=VERTEX_POINT('',#11452);
#5252=VERTEX_POINT('',#11456);
#5253=VERTEX_POINT('',#11458);
#5254=VERTEX_POINT('',#11462);
#5255=VERTEX_POINT('',#11464);
#5256=VERTEX_POINT('',#11468);
#5257=VERTEX_POINT('',#11470);
#5258=VERTEX_POINT('',#11477);
#5259=VERTEX_POINT('',#11478);
#5260=VERTEX_POINT('',#11483);
#5261=VERTEX_POINT('',#11484);
#5262=VERTEX_POINT('',#11486);
#5263=VERTEX_POINT('',#11491);
#5264=VERTEX_POINT('',#11493);
#5265=VERTEX_POINT('',#11498);
#5266=VERTEX_POINT('',#11502);
#5267=VERTEX_POINT('',#11503);
#5268=VERTEX_POINT('',#11505);
#5269=VERTEX_POINT('',#11507);
#5270=VERTEX_POINT('',#11511);
#5271=VERTEX_POINT('',#11513);
#5272=VERTEX_POINT('',#11520);
#5273=VERTEX_POINT('',#11521);
#5274=VERTEX_POINT('',#11526);
#5275=VERTEX_POINT('',#11532);
#5276=VERTEX_POINT('',#11534);
#5277=VERTEX_POINT('',#11537);
#5278=VERTEX_POINT('',#11540);
#5279=VERTEX_POINT('',#11543);
#5280=VERTEX_POINT('',#11546);
#5281=VERTEX_POINT('',#11549);
#5282=VERTEX_POINT('',#11552);
#5283=VERTEX_POINT('',#11554);
#5284=VERTEX_POINT('',#11556);
#5285=VERTEX_POINT('',#11558);
#5286=VERTEX_POINT('',#11560);
#5287=VERTEX_POINT('',#11562);
#5288=VERTEX_POINT('',#11564);
#5289=VERTEX_POINT('',#11566);
#5290=VERTEX_POINT('',#11569);
#5291=VERTEX_POINT('',#11571);
#5292=VERTEX_POINT('',#11573);
#5293=VERTEX_POINT('',#11575);
#5294=VERTEX_POINT('',#11578);
#5295=VERTEX_POINT('',#11579);
#5296=VERTEX_POINT('',#11581);
#5297=VERTEX_POINT('',#11583);
#5298=VERTEX_POINT('',#11586);
#5299=VERTEX_POINT('',#11587);
#5300=VERTEX_POINT('',#11589);
#5301=VERTEX_POINT('',#11591);
#5302=VERTEX_POINT('',#11594);
#5303=VERTEX_POINT('',#11595);
#5304=VERTEX_POINT('',#11597);
#5305=VERTEX_POINT('',#11599);
#5306=VERTEX_POINT('',#11602);
#5307=VERTEX_POINT('',#11604);
#5308=VERTEX_POINT('',#11606);
#5309=VERTEX_POINT('',#11608);
#5310=VERTEX_POINT('',#11611);
#5311=VERTEX_POINT('',#11614);
#5312=VERTEX_POINT('',#11618);
#5313=VERTEX_POINT('',#11619);
#5314=VERTEX_POINT('',#11624);
#5315=VERTEX_POINT('',#11628);
#5316=VERTEX_POINT('',#11633);
#5317=VERTEX_POINT('',#11637);
#5318=VERTEX_POINT('',#11641);
#5319=VERTEX_POINT('',#11645);
#5320=VERTEX_POINT('',#11648);
#5321=VERTEX_POINT('',#11654);
#5322=VERTEX_POINT('',#11658);
#5323=VERTEX_POINT('',#11659);
#5324=VERTEX_POINT('',#11664);
#5325=VERTEX_POINT('',#11668);
#5326=VERTEX_POINT('',#11673);
#5327=VERTEX_POINT('',#11674);
#5328=VERTEX_POINT('',#11679);
#5329=VERTEX_POINT('',#11683);
#5330=VERTEX_POINT('',#11689);
#5331=VERTEX_POINT('',#11690);
#5332=VERTEX_POINT('',#11695);
#5333=VERTEX_POINT('',#11699);
#5334=VERTEX_POINT('',#11705);
#5335=VERTEX_POINT('',#11706);
#5336=VERTEX_POINT('',#11711);
#5337=VERTEX_POINT('',#11715);
#5338=VERTEX_POINT('',#11721);
#5339=VERTEX_POINT('',#11724);
#5340=VERTEX_POINT('',#11727);
#5341=VERTEX_POINT('',#11730);
#5342=VERTEX_POINT('',#11733);
#5343=VERTEX_POINT('',#11736);
#5344=VERTEX_POINT('',#11739);
#5345=VERTEX_POINT('',#11753);
#5346=CIRCLE('',#7030,0.00754);
#5347=CIRCLE('',#7031,0.00754);
#5348=CIRCLE('',#7033,0.00754);
#5349=CIRCLE('',#7034,0.00754);
#5350=CIRCLE('',#7036,0.00100063064026715);
#5351=CIRCLE('',#7037,0.00100063064026715);
#5352=CIRCLE('',#7040,0.00100063064026716);
#5353=CIRCLE('',#7041,0.00100063064026716);
#5354=CIRCLE('',#7044,0.00100063064026715);
#5355=CIRCLE('',#7045,0.00100063064026715);
#5356=CIRCLE('',#7048,0.00100063064026714);
#5357=CIRCLE('',#7049,0.00100063064026714);
#5358=CIRCLE('',#7052,0.00100063064026714);
#5359=CIRCLE('',#7053,0.00100063064026714);
#5360=CIRCLE('',#7056,0.00100063064026715);
#5361=CIRCLE('',#7057,0.00100063064026715);
#5362=CIRCLE('',#7060,0.00100063064026716);
#5363=CIRCLE('',#7061,0.00100063064026716);
#5364=CIRCLE('',#7064,0.00100063064026715);
#5365=CIRCLE('',#7065,0.00100063064026715);
#5366=CIRCLE('',#7068,0.00100063064026714);
#5367=CIRCLE('',#7069,0.00100063064026714);
#5368=CIRCLE('',#7072,0.00100063064026715);
#5369=CIRCLE('',#7073,0.00100063064026715);
#5370=CIRCLE('',#7077,0.00100063064026715);
#5371=CIRCLE('',#7078,0.00100063064026715);
#5372=CIRCLE('',#7081,0.00100063064026714);
#5373=CIRCLE('',#7082,0.00100063064026714);
#5374=CIRCLE('',#7086,0.00100063064026716);
#5375=CIRCLE('',#7087,0.00100063064026716);
#5376=CIRCLE('',#7090,0.00100063064026715);
#5377=CIRCLE('',#7091,0.00100063064026715);
#5378=CIRCLE('',#7094,0.00100063064026715);
#5379=CIRCLE('',#7095,0.00100063064026715);
#5380=CIRCLE('',#7098,0.00100063064026715);
#5381=CIRCLE('',#7099,0.00100063064026715);
#5382=CIRCLE('',#7102,0.00100063064026715);
#5383=CIRCLE('',#7103,0.00100063064026715);
#5384=CIRCLE('',#7106,0.00100063064026715);
#5385=CIRCLE('',#7107,0.00100063064026715);
#5386=CIRCLE('',#7110,0.00100063064026715);
#5387=CIRCLE('',#7111,0.00100063064026715);
#5388=CIRCLE('',#7114,0.00100063064026716);
#5389=CIRCLE('',#7115,0.00100063064026716);
#5390=CIRCLE('',#7118,0.00100063064026715);
#5391=CIRCLE('',#7119,0.00100063064026715);
#5392=CIRCLE('',#7122,0.00100063064026714);
#5393=CIRCLE('',#7123,0.00100063064026714);
#5394=CIRCLE('',#7126,0.00100063064026717);
#5395=CIRCLE('',#7127,0.00100063064026717);
#5396=CIRCLE('',#7130,0.00100063064026715);
#5397=CIRCLE('',#7131,0.00100063064026715);
#5398=CIRCLE('',#7134,0.00100063064026715);
#5399=CIRCLE('',#7135,0.00100063064026715);
#5400=CIRCLE('',#7138,0.00100063064026715);
#5401=CIRCLE('',#7139,0.00100063064026715);
#5402=CIRCLE('',#7142,0.00100063064026715);
#5403=CIRCLE('',#7143,0.00100063064026715);
#5404=CIRCLE('',#7146,0.00100063064026715);
#5405=CIRCLE('',#7147,0.00100063064026715);
#5406=CIRCLE('',#7150,0.00100063064026715);
#5407=CIRCLE('',#7151,0.00100063064026715);
#5408=CIRCLE('',#7154,0.00100063064026715);
#5409=CIRCLE('',#7155,0.00100063064026715);
#5410=CIRCLE('',#7158,0.00100063064026714);
#5411=CIRCLE('',#7159,0.00100063064026714);
#5412=CIRCLE('',#7162,0.00100063064026715);
#5413=CIRCLE('',#7163,0.00100063064026715);
#5414=CIRCLE('',#7166,0.00100063064026715);
#5415=CIRCLE('',#7167,0.00100063064026715);
#5416=CIRCLE('',#7170,0.00100063064026714);
#5417=CIRCLE('',#7171,0.00100063064026714);
#5418=CIRCLE('',#7174,0.00100063064026715);
#5419=CIRCLE('',#7175,0.00100063064026715);
#5420=CIRCLE('',#7178,0.00100063064026716);
#5421=CIRCLE('',#7179,0.00100063064026716);
#5422=CIRCLE('',#7182,0.00100063064026717);
#5423=CIRCLE('',#7183,0.00100063064026717);
#5424=CIRCLE('',#7186,0.00100063064026715);
#5425=CIRCLE('',#7187,0.00100063064026715);
#5426=CIRCLE('',#7190,0.00100063064026715);
#5427=CIRCLE('',#7191,0.00100063064026715);
#5428=CIRCLE('',#7194,0.00100063064026717);
#5429=CIRCLE('',#7195,0.00100063064026717);
#5430=CIRCLE('',#7198,0.00100063064026715);
#5431=CIRCLE('',#7199,0.00100063064026715);
#5432=CIRCLE('',#7202,0.00100063064026714);
#5433=CIRCLE('',#7203,0.00100063064026714);
#5434=CIRCLE('',#7206,0.00100063064026715);
#5435=CIRCLE('',#7207,0.00100063064026715);
#5436=CIRCLE('',#7210,0.00100063064026714);
#5437=CIRCLE('',#7211,0.00100063064026714);
#5438=CIRCLE('',#7214,0.00100063064026715);
#5439=CIRCLE('',#7215,0.00100063064026715);
#5440=CIRCLE('',#7218,0.00100063064026714);
#5441=CIRCLE('',#7219,0.00100063064026714);
#5442=CIRCLE('',#7222,0.00100063064026715);
#5443=CIRCLE('',#7223,0.00100063064026715);
#5444=CIRCLE('',#7226,0.00100063064026716);
#5445=CIRCLE('',#7227,0.00100063064026716);
#5446=CIRCLE('',#7230,0.00100063064026715);
#5447=CIRCLE('',#7231,0.00100063064026715);
#5448=CIRCLE('',#7234,0.00100063064026714);
#5449=CIRCLE('',#7235,0.00100063064026714);
#5450=CIRCLE('',#7238,0.00100063064026715);
#5451=CIRCLE('',#7239,0.00100063064026715);
#5452=CIRCLE('',#7242,0.00100063064026714);
#5453=CIRCLE('',#7243,0.00100063064026714);
#5454=CIRCLE('',#7246,0.00100063064026715);
#5455=CIRCLE('',#7247,0.00100063064026715);
#5456=CIRCLE('',#7250,0.00100063064026714);
#5457=CIRCLE('',#7251,0.00100063064026714);
#5458=CIRCLE('',#7254,0.00100063064026715);
#5459=CIRCLE('',#7255,0.00100063064026715);
#5460=CIRCLE('',#7258,0.00100063064026715);
#5461=CIRCLE('',#7259,0.00100063064026715);
#5462=CIRCLE('',#7262,0.00100063064026717);
#5463=CIRCLE('',#7263,0.00100063064026717);
#5464=CIRCLE('',#7266,0.00100063064026717);
#5465=CIRCLE('',#7267,0.00100063064026717);
#5466=CIRCLE('',#7270,0.00100063064026714);
#5467=CIRCLE('',#7271,0.00100063064026714);
#5468=CIRCLE('',#7274,0.00100063064026715);
#5469=CIRCLE('',#7275,0.00100063064026715);
#5470=CIRCLE('',#7278,0.00100063064026714);
#5471=CIRCLE('',#7279,0.00100063064026714);
#5472=CIRCLE('',#7282,0.00100063064026715);
#5473=CIRCLE('',#7283,0.00100063064026715);
#5474=CIRCLE('',#7286,0.00100063064026715);
#5475=CIRCLE('',#7287,0.00100063064026715);
#5476=CIRCLE('',#7290,0.00100063064026715);
#5477=CIRCLE('',#7291,0.00100063064026715);
#5478=CIRCLE('',#7294,0.00100063064026715);
#5479=CIRCLE('',#7295,0.00100063064026715);
#5480=CIRCLE('',#7298,0.00100063064026714);
#5481=CIRCLE('',#7299,0.00100063064026714);
#5482=CIRCLE('',#7302,0.00100063064026715);
#5483=CIRCLE('',#7303,0.00100063064026715);
#5484=CIRCLE('',#7306,0.00100063064026714);
#5485=CIRCLE('',#7307,0.00100063064026714);
#5486=CIRCLE('',#7310,0.00100063064026715);
#5487=CIRCLE('',#7311,0.00100063064026715);
#5488=CIRCLE('',#7314,0.00100063064026715);
#5489=CIRCLE('',#7315,0.00100063064026715);
#5490=CIRCLE('',#7318,0.00100063064026714);
#5491=CIRCLE('',#7319,0.00100063064026714);
#5492=CIRCLE('',#7322,0.00100063064026715);
#5493=CIRCLE('',#7323,0.00100063064026715);
#5494=CIRCLE('',#7326,0.00100063064026715);
#5495=CIRCLE('',#7327,0.00100063064026715);
#5496=CIRCLE('',#7330,0.00100063064026715);
#5497=CIRCLE('',#7331,0.00100063064026715);
#5498=CIRCLE('',#7334,0.00100063064026715);
#5499=CIRCLE('',#7335,0.00100063064026715);
#5500=CIRCLE('',#7338,0.00100063064026715);
#5501=CIRCLE('',#7339,0.00100063064026715);
#5502=CIRCLE('',#7342,0.00100063064026716);
#5503=CIRCLE('',#7343,0.00100063064026716);
#5504=CIRCLE('',#7346,0.00100063064026715);
#5505=CIRCLE('',#7347,0.00100063064026715);
#5506=CIRCLE('',#7350,0.00100063064026714);
#5507=CIRCLE('',#7351,0.00100063064026714);
#5508=CIRCLE('',#7354,0.00100063064026715);
#5509=CIRCLE('',#7355,0.00100063064026715);
#5510=CIRCLE('',#7358,0.00100063064026715);
#5511=CIRCLE('',#7359,0.00100063064026715);
#5512=CIRCLE('',#7362,0.00100063064026714);
#5513=CIRCLE('',#7363,0.00100063064026714);
#5514=CIRCLE('',#7366,0.00100063064026715);
#5515=CIRCLE('',#7367,0.00100063064026715);
#5516=CIRCLE('',#7370,0.00100063064026717);
#5517=CIRCLE('',#7371,0.00100063064026717);
#5518=CIRCLE('',#7374,0.00100063064026715);
#5519=CIRCLE('',#7375,0.00100063064026715);
#5520=CIRCLE('',#7378,0.00100063064026714);
#5521=CIRCLE('',#7379,0.00100063064026714);
#5522=CIRCLE('',#7382,0.00100063064026715);
#5523=CIRCLE('',#7383,0.00100063064026715);
#5524=CIRCLE('',#7386,0.00100063064026716);
#5525=CIRCLE('',#7387,0.00100063064026716);
#5526=CIRCLE('',#7390,0.00100063064026714);
#5527=CIRCLE('',#7391,0.00100063064026714);
#5528=CIRCLE('',#7394,0.00100063064026715);
#5529=CIRCLE('',#7395,0.00100063064026715);
#5530=CIRCLE('',#7398,0.00100063064026714);
#5531=CIRCLE('',#7399,0.00100063064026714);
#5532=CIRCLE('',#7402,0.00100063064026715);
#5533=CIRCLE('',#7403,0.00100063064026715);
#5534=CIRCLE('',#7406,0.00100063064026715);
#5535=CIRCLE('',#7407,0.00100063064026715);
#5536=CIRCLE('',#7411,0.00100063064026716);
#5537=CIRCLE('',#7412,0.00100063064026716);
#5538=CIRCLE('',#7415,0.00100063064026715);
#5539=CIRCLE('',#7416,0.00100063064026715);
#5540=CIRCLE('',#7419,0.00100063064026715);
#5541=CIRCLE('',#7420,0.00100063064026715);
#5542=CIRCLE('',#7425,0.00100063064026716);
#5543=CIRCLE('',#7426,0.00100063064026716);
#5544=CIRCLE('',#7429,0.00100063064026715);
#5545=CIRCLE('',#7430,0.00100063064026715);
#5546=CIRCLE('',#7433,0.00100063064026715);
#5547=CIRCLE('',#7434,0.00100063064026715);
#5548=CIRCLE('',#7437,0.00100063064026714);
#5549=CIRCLE('',#7438,0.00100063064026714);
#5550=CIRCLE('',#7441,0.00100063064026714);
#5551=CIRCLE('',#7442,0.00100063064026714);
#5552=CIRCLE('',#7445,0.00100063064026715);
#5553=CIRCLE('',#7446,0.00100063064026715);
#5554=CIRCLE('',#7449,0.00100063064026715);
#5555=CIRCLE('',#7450,0.00100063064026715);
#5556=CIRCLE('',#7453,0.00100063064026714);
#5557=CIRCLE('',#7454,0.00100063064026714);
#5558=CIRCLE('',#7457,0.00100063064026715);
#5559=CIRCLE('',#7458,0.00100063064026715);
#5560=CIRCLE('',#7461,0.00100063064026715);
#5561=CIRCLE('',#7462,0.00100063064026715);
#5562=CIRCLE('',#7465,0.00100063064026715);
#5563=CIRCLE('',#7466,0.00100063064026715);
#5564=CIRCLE('',#7469,0.00100063064026715);
#5565=CIRCLE('',#7470,0.00100063064026715);
#5566=CIRCLE('',#7473,0.00100063064026715);
#5567=CIRCLE('',#7474,0.00100063064026715);
#5568=CIRCLE('',#7477,0.00100063064026714);
#5569=CIRCLE('',#7478,0.00100063064026714);
#5570=CIRCLE('',#7481,0.00100063064026715);
#5571=CIRCLE('',#7482,0.00100063064026715);
#5572=CIRCLE('',#7485,0.00100063064026716);
#5573=CIRCLE('',#7486,0.00100063064026716);
#5574=CIRCLE('',#7489,0.00100063064026715);
#5575=CIRCLE('',#7490,0.00100063064026715);
#5576=CIRCLE('',#7493,0.00100063064026714);
#5577=CIRCLE('',#7494,0.00100063064026714);
#5578=CIRCLE('',#7496,0.00100063064026716);
#5579=CIRCLE('',#7497,0.00100063064026716);
#5580=CIRCLE('',#7500,0.00100063064026715);
#5581=CIRCLE('',#7501,0.00100063064026715);
#5582=CIRCLE('',#7504,0.00100063064026714);
#5583=CIRCLE('',#7505,0.00100063064026714);
#5584=CIRCLE('',#7508,0.00100063064026715);
#5585=CIRCLE('',#7509,0.00100063064026715);
#5586=CIRCLE('',#7512,0.00100063064026715);
#5587=CIRCLE('',#7513,0.00100063064026715);
#5588=CIRCLE('',#7516,0.00100063064026715);
#5589=CIRCLE('',#7517,0.00100063064026715);
#5590=CIRCLE('',#7520,0.00100063064026714);
#5591=CIRCLE('',#7521,0.00100063064026714);
#5592=CIRCLE('',#7524,0.00100063064026714);
#5593=CIRCLE('',#7525,0.00100063064026714);
#5594=CIRCLE('',#7528,0.00100063064026714);
#5595=CIRCLE('',#7529,0.00100063064026714);
#5596=CIRCLE('',#7532,0.00100063064026715);
#5597=CIRCLE('',#7533,0.00100063064026715);
#5598=CIRCLE('',#7536,0.00100063064026714);
#5599=CIRCLE('',#7537,0.00100063064026714);
#5600=CIRCLE('',#7540,0.00100063064026715);
#5601=CIRCLE('',#7541,0.00100063064026715);
#5602=CIRCLE('',#7544,0.00100063064026715);
#5603=CIRCLE('',#7545,0.00100063064026715);
#5604=CIRCLE('',#7548,0.00100063064026715);
#5605=CIRCLE('',#7549,0.00100063064026715);
#5606=CIRCLE('',#7552,0.00100063064026715);
#5607=CIRCLE('',#7553,0.00100063064026715);
#5608=CIRCLE('',#7556,0.00100063064026715);
#5609=CIRCLE('',#7557,0.00100063064026715);
#5610=CIRCLE('',#7560,0.00100063064026716);
#5611=CIRCLE('',#7561,0.00100063064026716);
#5612=CIRCLE('',#7564,0.00100063064026715);
#5613=CIRCLE('',#7565,0.00100063064026715);
#5614=CIRCLE('',#7568,0.00100063064026714);
#5615=CIRCLE('',#7569,0.00100063064026714);
#5616=CIRCLE('',#7572,0.00100063064026714);
#5617=CIRCLE('',#7573,0.00100063064026714);
#5618=CIRCLE('',#7576,0.00100063064026715);
#5619=CIRCLE('',#7577,0.00100063064026715);
#5620=CIRCLE('',#7580,0.00100063064026715);
#5621=CIRCLE('',#7581,0.00100063064026715);
#5622=CIRCLE('',#7584,0.00100063064026715);
#5623=CIRCLE('',#7585,0.00100063064026715);
#5624=CIRCLE('',#7588,0.00100063064026714);
#5625=CIRCLE('',#7589,0.00100063064026714);
#5626=CIRCLE('',#7592,0.00100063064026715);
#5627=CIRCLE('',#7593,0.00100063064026715);
#5628=CIRCLE('',#7596,0.00100063064026714);
#5629=CIRCLE('',#7597,0.00100063064026714);
#5630=CIRCLE('',#7600,0.00100063064026715);
#5631=CIRCLE('',#7601,0.00100063064026715);
#5632=CIRCLE('',#7604,0.00100063064026714);
#5633=CIRCLE('',#7605,0.00100063064026714);
#5634=CIRCLE('',#7609,0.004286);
#5635=CIRCLE('',#7610,0.004286);
#5636=CIRCLE('',#7618,0.00381);
#5637=CIRCLE('',#7619,0.00381);
#5638=CIRCLE('',#7620,0.00381);
#5639=CIRCLE('',#7621,0.00038099999999999);
#5640=CIRCLE('',#7622,0.000381);
#5641=CIRCLE('',#7623,0.000381);
#5642=CIRCLE('',#7624,0.000381);
#5643=CIRCLE('',#7625,0.000635);
#5644=CIRCLE('',#7626,0.000635);
#5645=CIRCLE('',#7627,0.002286);
#5646=CIRCLE('',#7628,0.002286);
#5647=CIRCLE('',#7629,0.002286);
#5648=CIRCLE('',#7630,0.002286);
#5649=CIRCLE('',#7632,0.002286);
#5650=CIRCLE('',#7636,0.00381);
#5651=CIRCLE('',#7638,0.002286);
#5652=CIRCLE('',#7644,0.002286);
#5653=CIRCLE('',#7646,0.00381);
#5654=CIRCLE('',#7651,0.00381);
#5655=CIRCLE('',#7653,0.002286);
#5656=CIRCLE('',#7657,0.000635);
#5657=CIRCLE('',#7660,0.000635);
#5658=CIRCLE('',#7662,0.000381);
#5659=CIRCLE('',#7665,0.000381);
#5660=CIRCLE('',#7668,0.000381);
#5661=CIRCLE('',#7671,0.00038099999999999);
#5662=EDGE_LOOP('',(#1604,#1605,#1606,#1607));
#5663=EDGE_LOOP('',(#1608,#1609,#1610,#1611));
#5664=EDGE_LOOP('',(#1612,#1613,#1614,#1615));
#5665=EDGE_LOOP('',(#1616,#1617,#1618,#1619));
#5666=EDGE_LOOP('',(#1620,#1621,#1622,#1623));
#5667=EDGE_LOOP('',(#1624,#1625,#1626,#1627));
#5668=EDGE_LOOP('',(#1628,#1629,#1630,#1631));
#5669=EDGE_LOOP('',(#1632,#1633,#1634,#1635));
#5670=EDGE_LOOP('',(#1636,#1637,#1638,#1639));
#5671=EDGE_LOOP('',(#1640,#1641,#1642,#1643));
#5672=EDGE_LOOP('',(#1644,#1645,#1646,#1647));
#5673=EDGE_LOOP('',(#1648,#1649,#1650,#1651));
#5674=EDGE_LOOP('',(#1652,#1653,#1654,#1655));
#5675=EDGE_LOOP('',(#1656,#1657,#1658,#1659));
#5676=EDGE_LOOP('',(#1660,#1661,#1662,#1663));
#5677=EDGE_LOOP('',(#1664,#1665,#1666,#1667));
#5678=EDGE_LOOP('',(#1668,#1669,#1670,#1671));
#5679=EDGE_LOOP('',(#1672,#1673,#1674,#1675));
#5680=EDGE_LOOP('',(#1676,#1677,#1678,#1679));
#5681=EDGE_LOOP('',(#1680,#1681,#1682,#1683));
#5682=EDGE_LOOP('',(#1684,#1685,#1686,#1687));
#5683=EDGE_LOOP('',(#1688,#1689,#1690,#1691));
#5684=EDGE_LOOP('',(#1692,#1693,#1694,#1695));
#5685=EDGE_LOOP('',(#1696,#1697,#1698,#1699));
#5686=EDGE_LOOP('',(#1700,#1701,#1702,#1703));
#5687=EDGE_LOOP('',(#1704,#1705,#1706,#1707));
#5688=EDGE_LOOP('',(#1708,#1709,#1710,#1711));
#5689=EDGE_LOOP('',(#1712,#1713,#1714,#1715));
#5690=EDGE_LOOP('',(#1716,#1717,#1718,#1719));
#5691=EDGE_LOOP('',(#1720,#1721,#1722,#1723));
#5692=EDGE_LOOP('',(#1724,#1725,#1726,#1727));
#5693=EDGE_LOOP('',(#1728,#1729,#1730,#1731));
#5694=EDGE_LOOP('',(#1732,#1733,#1734,#1735));
#5695=EDGE_LOOP('',(#1736,#1737,#1738,#1739));
#5696=EDGE_LOOP('',(#1740,#1741,#1742,#1743));
#5697=EDGE_LOOP('',(#1744,#1745,#1746,#1747));
#5698=EDGE_LOOP('',(#1748,#1749,#1750,#1751));
#5699=EDGE_LOOP('',(#1752,#1753,#1754,#1755));
#5700=EDGE_LOOP('',(#1756,#1757,#1758,#1759));
#5701=EDGE_LOOP('',(#1760,#1761,#1762,#1763));
#5702=EDGE_LOOP('',(#1764,#1765,#1766,#1767));
#5703=EDGE_LOOP('',(#1768,#1769,#1770,#1771));
#5704=EDGE_LOOP('',(#1772,#1773,#1774,#1775));
#5705=EDGE_LOOP('',(#1776,#1777,#1778,#1779));
#5706=EDGE_LOOP('',(#1780,#1781,#1782,#1783));
#5707=EDGE_LOOP('',(#1784,#1785,#1786,#1787));
#5708=EDGE_LOOP('',(#1788,#1789,#1790,#1791));
#5709=EDGE_LOOP('',(#1792,#1793,#1794,#1795));
#5710=EDGE_LOOP('',(#1796,#1797,#1798,#1799));
#5711=EDGE_LOOP('',(#1800,#1801,#1802,#1803));
#5712=EDGE_LOOP('',(#1804,#1805,#1806,#1807));
#5713=EDGE_LOOP('',(#1808,#1809,#1810,#1811));
#5714=EDGE_LOOP('',(#1812,#1813,#1814,#1815));
#5715=EDGE_LOOP('',(#1816,#1817,#1818,#1819));
#5716=EDGE_LOOP('',(#1820,#1821,#1822,#1823));
#5717=EDGE_LOOP('',(#1824,#1825,#1826,#1827));
#5718=EDGE_LOOP('',(#1828,#1829,#1830,#1831));
#5719=EDGE_LOOP('',(#1832,#1833,#1834,#1835));
#5720=EDGE_LOOP('',(#1836,#1837,#1838,#1839));
#5721=EDGE_LOOP('',(#1840,#1841,#1842,#1843));
#5722=EDGE_LOOP('',(#1844,#1845,#1846,#1847));
#5723=EDGE_LOOP('',(#1848,#1849,#1850,#1851));
#5724=EDGE_LOOP('',(#1852,#1853,#1854,#1855));
#5725=EDGE_LOOP('',(#1856,#1857,#1858,#1859));
#5726=EDGE_LOOP('',(#1860,#1861,#1862,#1863));
#5727=EDGE_LOOP('',(#1864,#1865,#1866,#1867));
#5728=EDGE_LOOP('',(#1868,#1869,#1870,#1871));
#5729=EDGE_LOOP('',(#1872,#1873,#1874,#1875));
#5730=EDGE_LOOP('',(#1876,#1877,#1878,#1879));
#5731=EDGE_LOOP('',(#1880,#1881,#1882,#1883));
#5732=EDGE_LOOP('',(#1884,#1885,#1886,#1887));
#5733=EDGE_LOOP('',(#1888,#1889,#1890,#1891));
#5734=EDGE_LOOP('',(#1892,#1893,#1894,#1895));
#5735=EDGE_LOOP('',(#1896,#1897,#1898,#1899));
#5736=EDGE_LOOP('',(#1900,#1901,#1902,#1903));
#5737=EDGE_LOOP('',(#1904,#1905,#1906,#1907));
#5738=EDGE_LOOP('',(#1908,#1909,#1910,#1911));
#5739=EDGE_LOOP('',(#1912,#1913,#1914,#1915));
#5740=EDGE_LOOP('',(#1916,#1917,#1918,#1919));
#5741=EDGE_LOOP('',(#1920,#1921,#1922,#1923));
#5742=EDGE_LOOP('',(#1924,#1925,#1926,#1927));
#5743=EDGE_LOOP('',(#1928,#1929,#1930,#1931));
#5744=EDGE_LOOP('',(#1932,#1933,#1934,#1935));
#5745=EDGE_LOOP('',(#1936,#1937,#1938,#1939));
#5746=EDGE_LOOP('',(#1940,#1941,#1942,#1943));
#5747=EDGE_LOOP('',(#1944,#1945,#1946,#1947));
#5748=EDGE_LOOP('',(#1948,#1949,#1950,#1951));
#5749=EDGE_LOOP('',(#1952,#1953,#1954,#1955));
#5750=EDGE_LOOP('',(#1956,#1957,#1958,#1959));
#5751=EDGE_LOOP('',(#1960,#1961,#1962,#1963));
#5752=EDGE_LOOP('',(#1964,#1965,#1966,#1967));
#5753=EDGE_LOOP('',(#1968,#1969,#1970,#1971));
#5754=EDGE_LOOP('',(#1972,#1973,#1974,#1975));
#5755=EDGE_LOOP('',(#1976,#1977,#1978,#1979));
#5756=EDGE_LOOP('',(#1980,#1981,#1982,#1983));
#5757=EDGE_LOOP('',(#1984,#1985,#1986,#1987));
#5758=EDGE_LOOP('',(#1988,#1989,#1990,#1991));
#5759=EDGE_LOOP('',(#1992,#1993,#1994,#1995));
#5760=EDGE_LOOP('',(#1996,#1997,#1998,#1999));
#5761=EDGE_LOOP('',(#2000,#2001,#2002,#2003));
#5762=EDGE_LOOP('',(#2004,#2005,#2006,#2007));
#5763=EDGE_LOOP('',(#2008,#2009,#2010,#2011));
#5764=EDGE_LOOP('',(#2012,#2013,#2014,#2015));
#5765=EDGE_LOOP('',(#2016,#2017,#2018,#2019));
#5766=EDGE_LOOP('',(#2020,#2021,#2022,#2023));
#5767=EDGE_LOOP('',(#2024,#2025,#2026,#2027));
#5768=EDGE_LOOP('',(#2028,#2029,#2030,#2031));
#5769=EDGE_LOOP('',(#2032,#2033,#2034,#2035));
#5770=EDGE_LOOP('',(#2036,#2037,#2038,#2039));
#5771=EDGE_LOOP('',(#2040,#2041,#2042,#2043));
#5772=EDGE_LOOP('',(#2044,#2045,#2046,#2047));
#5773=EDGE_LOOP('',(#2048,#2049,#2050,#2051));
#5774=EDGE_LOOP('',(#2052,#2053,#2054,#2055));
#5775=EDGE_LOOP('',(#2056,#2057,#2058,#2059));
#5776=EDGE_LOOP('',(#2060,#2061,#2062,#2063));
#5777=EDGE_LOOP('',(#2064,#2065,#2066,#2067));
#5778=EDGE_LOOP('',(#2068,#2069,#2070,#2071));
#5779=EDGE_LOOP('',(#2072,#2073,#2074,#2075));
#5780=EDGE_LOOP('',(#2076,#2077,#2078,#2079));
#5781=EDGE_LOOP('',(#2080,#2081,#2082,#2083));
#5782=EDGE_LOOP('',(#2084,#2085,#2086,#2087));
#5783=EDGE_LOOP('',(#2088,#2089,#2090,#2091));
#5784=EDGE_LOOP('',(#2092,#2093,#2094,#2095));
#5785=EDGE_LOOP('',(#2096,#2097,#2098,#2099));
#5786=EDGE_LOOP('',(#2100,#2101,#2102,#2103));
#5787=EDGE_LOOP('',(#2104,#2105,#2106,#2107));
#5788=EDGE_LOOP('',(#2108,#2109,#2110,#2111));
#5789=EDGE_LOOP('',(#2112,#2113,#2114,#2115));
#5790=EDGE_LOOP('',(#2116,#2117,#2118,#2119));
#5791=EDGE_LOOP('',(#2120,#2121,#2122,#2123));
#5792=EDGE_LOOP('',(#2124,#2125,#2126,#2127));
#5793=EDGE_LOOP('',(#2128,#2129,#2130,#2131));
#5794=EDGE_LOOP('',(#2132,#2133,#2134,#2135));
#5795=EDGE_LOOP('',(#2136,#2137,#2138,#2139));
#5796=EDGE_LOOP('',(#2140,#2141,#2142,#2143));
#5797=EDGE_LOOP('',(#2144,#2145,#2146,#2147));
#5798=EDGE_LOOP('',(#2148,#2149,#2150,#2151));
#5799=EDGE_LOOP('',(#2152,#2153,#2154,#2155));
#5800=EDGE_LOOP('',(#2156,#2157,#2158,#2159));
#5801=EDGE_LOOP('',(#2160,#2161,#2162,#2163));
#5802=EDGE_LOOP('',(#2164,#2165,#2166,#2167));
#5803=EDGE_LOOP('',(#2168,#2169,#2170,#2171));
#5804=EDGE_LOOP('',(#2172,#2173,#2174,#2175));
#5805=EDGE_LOOP('',(#2176,#2177,#2178,#2179));
#5806=EDGE_LOOP('',(#2180,#2181,#2182,#2183));
#5807=EDGE_LOOP('',(#2184,#2185,#2186,#2187));
#5808=EDGE_LOOP('',(#2188,#2189,#2190,#2191));
#5809=EDGE_LOOP('',(#2192,#2193,#2194,#2195));
#5810=EDGE_LOOP('',(#2196,#2197,#2198,#2199));
#5811=EDGE_LOOP('',(#2200,#2201,#2202,#2203));
#5812=EDGE_LOOP('',(#2204,#2205,#2206,#2207));
#5813=EDGE_LOOP('',(#2208,#2209,#2210,#2211));
#5814=EDGE_LOOP('',(#2212,#2213,#2214,#2215));
#5815=EDGE_LOOP('',(#2216,#2217,#2218,#2219));
#5816=EDGE_LOOP('',(#2220,#2221,#2222,#2223));
#5817=EDGE_LOOP('',(#2224,#2225,#2226,#2227));
#5818=EDGE_LOOP('',(#2228,#2229,#2230,#2231));
#5819=EDGE_LOOP('',(#2232,#2233,#2234,#2235));
#5820=EDGE_LOOP('',(#2236,#2237,#2238,#2239));
#5821=EDGE_LOOP('',(#2240,#2241,#2242,#2243));
#5822=EDGE_LOOP('',(#2244,#2245,#2246,#2247));
#5823=EDGE_LOOP('',(#2248,#2249,#2250,#2251));
#5824=EDGE_LOOP('',(#2252,#2253,#2254,#2255));
#5825=EDGE_LOOP('',(#2256,#2257,#2258,#2259));
#5826=EDGE_LOOP('',(#2260,#2261,#2262,#2263));
#5827=EDGE_LOOP('',(#2264,#2265,#2266,#2267));
#5828=EDGE_LOOP('',(#2268,#2269,#2270,#2271));
#5829=EDGE_LOOP('',(#2272,#2273,#2274,#2275));
#5830=EDGE_LOOP('',(#2276,#2277,#2278,#2279));
#5831=EDGE_LOOP('',(#2280,#2281,#2282,#2283));
#5832=EDGE_LOOP('',(#2284,#2285,#2286,#2287));
#5833=EDGE_LOOP('',(#2288,#2289,#2290,#2291));
#5834=EDGE_LOOP('',(#2292,#2293,#2294,#2295));
#5835=EDGE_LOOP('',(#2296,#2297,#2298,#2299));
#5836=EDGE_LOOP('',(#2300,#2301,#2302,#2303));
#5837=EDGE_LOOP('',(#2304,#2305,#2306,#2307));
#5838=EDGE_LOOP('',(#2308,#2309,#2310,#2311));
#5839=EDGE_LOOP('',(#2312,#2313,#2314,#2315));
#5840=EDGE_LOOP('',(#2316,#2317,#2318,#2319));
#5841=EDGE_LOOP('',(#2320,#2321,#2322,#2323));
#5842=EDGE_LOOP('',(#2324,#2325,#2326,#2327));
#5843=EDGE_LOOP('',(#2328,#2329,#2330,#2331));
#5844=EDGE_LOOP('',(#2332,#2333,#2334,#2335));
#5845=EDGE_LOOP('',(#2336,#2337,#2338,#2339));
#5846=EDGE_LOOP('',(#2340,#2341,#2342,#2343));
#5847=EDGE_LOOP('',(#2344,#2345,#2346,#2347));
#5848=EDGE_LOOP('',(#2348,#2349,#2350,#2351));
#5849=EDGE_LOOP('',(#2352,#2353,#2354,#2355));
#5850=EDGE_LOOP('',(#2356,#2357,#2358,#2359));
#5851=EDGE_LOOP('',(#2360,#2361,#2362,#2363));
#5852=EDGE_LOOP('',(#2364,#2365,#2366,#2367));
#5853=EDGE_LOOP('',(#2368,#2369,#2370,#2371));
#5854=EDGE_LOOP('',(#2372,#2373,#2374,#2375));
#5855=EDGE_LOOP('',(#2376,#2377,#2378,#2379));
#5856=EDGE_LOOP('',(#2380,#2381,#2382,#2383));
#5857=EDGE_LOOP('',(#2384,#2385,#2386,#2387));
#5858=EDGE_LOOP('',(#2388,#2389,#2390,#2391));
#5859=EDGE_LOOP('',(#2392,#2393,#2394,#2395));
#5860=EDGE_LOOP('',(#2396,#2397,#2398,#2399));
#5861=EDGE_LOOP('',(#2400,#2401,#2402,#2403));
#5862=EDGE_LOOP('',(#2404,#2405,#2406,#2407));
#5863=EDGE_LOOP('',(#2408,#2409,#2410,#2411));
#5864=EDGE_LOOP('',(#2412,#2413,#2414,#2415));
#5865=EDGE_LOOP('',(#2416,#2417,#2418,#2419));
#5866=EDGE_LOOP('',(#2420,#2421,#2422,#2423));
#5867=EDGE_LOOP('',(#2424,#2425,#2426,#2427));
#5868=EDGE_LOOP('',(#2428,#2429,#2430,#2431));
#5869=EDGE_LOOP('',(#2432,#2433,#2434,#2435));
#5870=EDGE_LOOP('',(#2436,#2437,#2438,#2439));
#5871=EDGE_LOOP('',(#2440,#2441,#2442,#2443));
#5872=EDGE_LOOP('',(#2444,#2445,#2446,#2447));
#5873=EDGE_LOOP('',(#2448,#2449,#2450,#2451));
#5874=EDGE_LOOP('',(#2452,#2453,#2454,#2455));
#5875=EDGE_LOOP('',(#2456,#2457,#2458,#2459));
#5876=EDGE_LOOP('',(#2460,#2461,#2462,#2463));
#5877=EDGE_LOOP('',(#2464,#2465,#2466,#2467));
#5878=EDGE_LOOP('',(#2468,#2469,#2470,#2471));
#5879=EDGE_LOOP('',(#2472,#2473,#2474,#2475));
#5880=EDGE_LOOP('',(#2476,#2477,#2478,#2479));
#5881=EDGE_LOOP('',(#2480,#2481,#2482,#2483));
#5882=EDGE_LOOP('',(#2484,#2485,#2486,#2487));
#5883=EDGE_LOOP('',(#2488,#2489,#2490,#2491));
#5884=EDGE_LOOP('',(#2492,#2493,#2494,#2495));
#5885=EDGE_LOOP('',(#2496,#2497,#2498,#2499));
#5886=EDGE_LOOP('',(#2500,#2501,#2502,#2503));
#5887=EDGE_LOOP('',(#2504,#2505,#2506,#2507));
#5888=EDGE_LOOP('',(#2508,#2509,#2510,#2511));
#5889=EDGE_LOOP('',(#2512,#2513,#2514,#2515));
#5890=EDGE_LOOP('',(#2516,#2517,#2518,#2519));
#5891=EDGE_LOOP('',(#2520,#2521,#2522,#2523));
#5892=EDGE_LOOP('',(#2524,#2525,#2526,#2527));
#5893=EDGE_LOOP('',(#2528,#2529,#2530,#2531));
#5894=EDGE_LOOP('',(#2532,#2533,#2534,#2535));
#5895=EDGE_LOOP('',(#2536,#2537,#2538,#2539));
#5896=EDGE_LOOP('',(#2540,#2541,#2542,#2543));
#5897=EDGE_LOOP('',(#2544,#2545,#2546,#2547));
#5898=EDGE_LOOP('',(#2548,#2549,#2550,#2551));
#5899=EDGE_LOOP('',(#2552,#2553,#2554,#2555));
#5900=EDGE_LOOP('',(#2556,#2557,#2558,#2559));
#5901=EDGE_LOOP('',(#2560,#2561,#2562,#2563));
#5902=EDGE_LOOP('',(#2564,#2565,#2566,#2567));
#5903=EDGE_LOOP('',(#2568,#2569,#2570,#2571));
#5904=EDGE_LOOP('',(#2572,#2573,#2574,#2575));
#5905=EDGE_LOOP('',(#2576,#2577,#2578,#2579));
#5906=EDGE_LOOP('',(#2580,#2581,#2582,#2583));
#5907=EDGE_LOOP('',(#2584,#2585,#2586,#2587));
#5908=EDGE_LOOP('',(#2588,#2589,#2590,#2591));
#5909=EDGE_LOOP('',(#2592,#2593,#2594,#2595));
#5910=EDGE_LOOP('',(#2596,#2597,#2598,#2599));
#5911=EDGE_LOOP('',(#2600,#2601,#2602,#2603));
#5912=EDGE_LOOP('',(#2604,#2605,#2606,#2607));
#5913=EDGE_LOOP('',(#2608,#2609,#2610,#2611));
#5914=EDGE_LOOP('',(#2612,#2613,#2614,#2615));
#5915=EDGE_LOOP('',(#2616,#2617,#2618,#2619));
#5916=EDGE_LOOP('',(#2620,#2621,#2622,#2623));
#5917=EDGE_LOOP('',(#2624,#2625,#2626,#2627));
#5918=EDGE_LOOP('',(#2628,#2629,#2630,#2631));
#5919=EDGE_LOOP('',(#2632,#2633,#2634,#2635));
#5920=EDGE_LOOP('',(#2636,#2637,#2638,#2639));
#5921=EDGE_LOOP('',(#2640,#2641,#2642,#2643));
#5922=EDGE_LOOP('',(#2644,#2645,#2646,#2647));
#5923=EDGE_LOOP('',(#2648,#2649,#2650,#2651));
#5924=EDGE_LOOP('',(#2652,#2653,#2654,#2655));
#5925=EDGE_LOOP('',(#2656,#2657,#2658,#2659));
#5926=EDGE_LOOP('',(#2660,#2661,#2662,#2663));
#5927=EDGE_LOOP('',(#2664,#2665,#2666,#2667));
#5928=EDGE_LOOP('',(#2668,#2669,#2670,#2671));
#5929=EDGE_LOOP('',(#2672,#2673,#2674,#2675));
#5930=EDGE_LOOP('',(#2676,#2677,#2678,#2679));
#5931=EDGE_LOOP('',(#2680,#2681,#2682,#2683));
#5932=EDGE_LOOP('',(#2684,#2685,#2686,#2687));
#5933=EDGE_LOOP('',(#2688,#2689,#2690,#2691));
#5934=EDGE_LOOP('',(#2692,#2693,#2694,#2695));
#5935=EDGE_LOOP('',(#2696,#2697,#2698,#2699));
#5936=EDGE_LOOP('',(#2700,#2701,#2702,#2703));
#5937=EDGE_LOOP('',(#2704,#2705,#2706,#2707));
#5938=EDGE_LOOP('',(#2708,#2709,#2710,#2711));
#5939=EDGE_LOOP('',(#2712,#2713,#2714,#2715));
#5940=EDGE_LOOP('',(#2716,#2717,#2718,#2719));
#5941=EDGE_LOOP('',(#2720,#2721,#2722,#2723));
#5942=EDGE_LOOP('',(#2724,#2725,#2726,#2727));
#5943=EDGE_LOOP('',(#2728,#2729,#2730,#2731));
#5944=EDGE_LOOP('',(#2732,#2733,#2734,#2735));
#5945=EDGE_LOOP('',(#2736,#2737,#2738,#2739));
#5946=EDGE_LOOP('',(#2740,#2741,#2742,#2743));
#5947=EDGE_LOOP('',(#2744,#2745,#2746,#2747));
#5948=EDGE_LOOP('',(#2748,#2749,#2750,#2751));
#5949=EDGE_LOOP('',(#2752,#2753,#2754,#2755));
#5950=EDGE_LOOP('',(#2756,#2757,#2758,#2759));
#5951=EDGE_LOOP('',(#2760,#2761,#2762,#2763));
#5952=EDGE_LOOP('',(#2764,#2765,#2766,#2767));
#5953=EDGE_LOOP('',(#2768,#2769,#2770,#2771,#2772,#2773));
#5954=EDGE_LOOP('',(#2774,#2775,#2776,#2777));
#5955=EDGE_LOOP('',(#2778,#2779,#2780,#2781));
#5956=EDGE_LOOP('',(#2782,#2783,#2784,#2785));
#5957=EDGE_LOOP('',(#2786,#2787,#2788,#2789));
#5958=EDGE_LOOP('',(#2790,#2791,#2792,#2793));
#5959=EDGE_LOOP('',(#2794,#2795,#2796,#2797));
#5960=EDGE_LOOP('',(#2798,#2799,#2800,#2801,#2802,#2803,#2804,#2805,#2806,
#2807,#2808,#2809,#2810,#2811,#2812,#2813,#2814,#2815,#2816,#2817,#2818,
#2819,#2820,#2821,#2822,#2823,#2824,#2825,#2826,#2827,#2828,#2829,#2830,
#2831,#2832,#2833,#2834,#2835,#2836,#2837,#2838,#2839,#2840,#2841,#2842,
#2843,#2844,#2845,#2846,#2847,#2848,#2849,#2850,#2851,#2852,#2853,#2854,
#2855,#2856,#2857));
#5961=EDGE_LOOP('',(#2858,#2859,#2860,#2861));
#5962=EDGE_LOOP('',(#2862,#2863,#2864,#2865));
#5963=EDGE_LOOP('',(#2866,#2867,#2868,#2869));
#5964=EDGE_LOOP('',(#2870));
#5965=EDGE_LOOP('',(#2871));
#5966=EDGE_LOOP('',(#2872));
#5967=EDGE_LOOP('',(#2873));
#5968=EDGE_LOOP('',(#2874,#2875,#2876,#2877,#2878,#2879,#2880,#2881));
#5969=EDGE_LOOP('',(#2882,#2883,#2884,#2885,#2886,#2887,#2888,#2889));
#5970=EDGE_LOOP('',(#2890,#2891,#2892,#2893,#2894,#2895,#2896,#2897));
#5971=EDGE_LOOP('',(#2898,#2899,#2900,#2901,#2902,#2903,#2904,#2905));
#5972=EDGE_LOOP('',(#2906,#2907,#2908,#2909,#2910,#2911,#2912,#2913));
#5973=EDGE_LOOP('',(#2914,#2915,#2916,#2917,#2918,#2919,#2920,#2921));
#5974=EDGE_LOOP('',(#2922,#2923,#2924,#2925,#2926,#2927,#2928,#2929));
#5975=EDGE_LOOP('',(#2930,#2931,#2932,#2933,#2934,#2935,#2936,#2937));
#5976=EDGE_LOOP('',(#2938,#2939,#2940,#2941,#2942,#2943,#2944,#2945));
#5977=EDGE_LOOP('',(#2946,#2947,#2948,#2949,#2950,#2951,#2952,#2953));
#5978=EDGE_LOOP('',(#2954,#2955,#2956,#2957,#2958,#2959,#2960,#2961));
#5979=EDGE_LOOP('',(#2962,#2963,#2964,#2965,#2966,#2967,#2968,#2969));
#5980=EDGE_LOOP('',(#2970,#2971,#2972,#2973,#2974,#2975,#2976,#2977));
#5981=EDGE_LOOP('',(#2978,#2979,#2980,#2981,#2982,#2983,#2984,#2985));
#5982=EDGE_LOOP('',(#2986,#2987,#2988,#2989,#2990,#2991,#2992,#2993));
#5983=EDGE_LOOP('',(#2994,#2995,#2996,#2997,#2998,#2999,#3000,#3001));
#5984=EDGE_LOOP('',(#3002,#3003,#3004,#3005,#3006,#3007,#3008,#3009));
#5985=EDGE_LOOP('',(#3010,#3011,#3012,#3013,#3014,#3015,#3016,#3017));
#5986=EDGE_LOOP('',(#3018,#3019,#3020,#3021,#3022,#3023,#3024,#3025));
#5987=EDGE_LOOP('',(#3026,#3027,#3028,#3029,#3030,#3031,#3032,#3033));
#5988=EDGE_LOOP('',(#3034,#3035,#3036,#3037,#3038,#3039,#3040,#3041));
#5989=EDGE_LOOP('',(#3042,#3043,#3044,#3045,#3046,#3047,#3048,#3049));
#5990=EDGE_LOOP('',(#3050,#3051,#3052,#3053,#3054,#3055,#3056,#3057));
#5991=EDGE_LOOP('',(#3058,#3059,#3060,#3061,#3062,#3063,#3064,#3065));
#5992=EDGE_LOOP('',(#3066,#3067,#3068,#3069,#3070,#3071,#3072,#3073));
#5993=EDGE_LOOP('',(#3074,#3075,#3076,#3077,#3078,#3079,#3080,#3081));
#5994=EDGE_LOOP('',(#3082,#3083,#3084,#3085,#3086,#3087,#3088,#3089));
#5995=EDGE_LOOP('',(#3090,#3091,#3092,#3093,#3094,#3095,#3096,#3097));
#5996=EDGE_LOOP('',(#3098,#3099,#3100,#3101,#3102,#3103,#3104,#3105));
#5997=EDGE_LOOP('',(#3106,#3107,#3108,#3109,#3110,#3111,#3112,#3113,#3114,
#3115,#3116,#3117,#3118,#3119));
#5998=EDGE_LOOP('',(#3120,#3121,#3122,#3123,#3124,#3125,#3126,#3127));
#5999=EDGE_LOOP('',(#3128,#3129,#3130,#3131,#3132,#3133,#3134,#3135));
#6000=EDGE_LOOP('',(#3136));
#6001=EDGE_LOOP('',(#3137));
#6002=EDGE_LOOP('',(#3138,#3139,#3140,#3141));
#6003=EDGE_LOOP('',(#3142,#3143,#3144,#3145));
#6004=EDGE_LOOP('',(#3146,#3147,#3148,#3149));
#6005=EDGE_LOOP('',(#3150));
#6006=EDGE_LOOP('',(#3151));
#6007=EDGE_LOOP('',(#3152,#3153,#3154,#3155));
#6008=EDGE_LOOP('',(#3156,#3157,#3158,#3159));
#6009=EDGE_LOOP('',(#3160,#3161,#3162,#3163));
#6010=EDGE_LOOP('',(#3164,#3165,#3166,#3167));
#6011=EDGE_LOOP('',(#3168));
#6012=EDGE_LOOP('',(#3169));
#6013=EDGE_LOOP('',(#3170,#3171,#3172,#3173));
#6014=EDGE_LOOP('',(#3174,#3175,#3176,#3177));
#6015=EDGE_LOOP('',(#3178,#3179,#3180,#3181));
#6016=EDGE_LOOP('',(#3182,#3183,#3184,#3185));
#6017=EDGE_LOOP('',(#3186,#3187,#3188,#3189));
#6018=EDGE_LOOP('',(#3190));
#6019=EDGE_LOOP('',(#3191));
#6020=EDGE_LOOP('',(#3192,#3193,#3194,#3195));
#6021=EDGE_LOOP('',(#3196,#3197,#3198,#3199));
#6022=EDGE_LOOP('',(#3200,#3201,#3202,#3203));
#6023=EDGE_LOOP('',(#3204,#3205,#3206,#3207));
#6024=EDGE_LOOP('',(#3208,#3209,#3210,#3211));
#6025=EDGE_LOOP('',(#3212,#3213,#3214,#3215));
#6026=EDGE_LOOP('',(#3216,#3217,#3218,#3219));
#6027=EDGE_LOOP('',(#3220,#3221,#3222,#3223));
#6028=EDGE_LOOP('',(#3224,#3225,#3226,#3227));
#6029=EDGE_LOOP('',(#3228,#3229,#3230,#3231));
#6030=EDGE_LOOP('',(#3232,#3233,#3234,#3235));
#6031=EDGE_LOOP('',(#3236,#3237,#3238,#3239));
#6032=EDGE_LOOP('',(#3240,#3241,#3242,#3243));
#6033=EDGE_LOOP('',(#3244,#3245,#3246,#3247,#3248,#3249,#3250,#3251,#3252,
#3253,#3254,#3255,#3256,#3257,#3258,#3259,#3260,#3261,#3262,#3263,#3264,
#3265,#3266,#3267,#3268,#3269,#3270,#3271,#3272,#3273,#3274,#3275,#3276,
#3277,#3278,#3279,#3280,#3281,#3282,#3283,#3284,#3285,#3286,#3287,#3288,
#3289,#3290,#3291,#3292,#3293,#3294,#3295,#3296,#3297,#3298,#3299,#3300,
#3301,#3302,#3303));
#6034=EDGE_LOOP('',(#3304,#3305,#3306,#3307,#3308,#3309,#3310,#3311));
#6035=EDGE_LOOP('',(#3312,#3313,#3314,#3315,#3316,#3317,#3318,#3319));
#6036=EDGE_LOOP('',(#3320,#3321,#3322,#3323,#3324,#3325,#3326,#3327,#3328,
#3329,#3330,#3331,#3332,#3333));
#6037=EDGE_LOOP('',(#3334,#3335,#3336,#3337,#3338,#3339,#3340,#3341));
#6038=EDGE_LOOP('',(#3342,#3343,#3344,#3345,#3346,#3347,#3348,#3349));
#6039=EDGE_LOOP('',(#3350,#3351,#3352,#3353,#3354,#3355,#3356,#3357));
#6040=EDGE_LOOP('',(#3358,#3359,#3360,#3361,#3362,#3363,#3364,#3365));
#6041=EDGE_LOOP('',(#3366,#3367,#3368,#3369,#3370,#3371,#3372,#3373));
#6042=EDGE_LOOP('',(#3374,#3375,#3376,#3377,#3378,#3379,#3380,#3381));
#6043=EDGE_LOOP('',(#3382,#3383,#3384,#3385,#3386,#3387,#3388,#3389));
#6044=EDGE_LOOP('',(#3390,#3391,#3392,#3393,#3394,#3395,#3396,#3397));
#6045=EDGE_LOOP('',(#3398,#3399,#3400,#3401,#3402,#3403,#3404,#3405));
#6046=EDGE_LOOP('',(#3406,#3407,#3408,#3409,#3410,#3411,#3412,#3413));
#6047=EDGE_LOOP('',(#3414,#3415,#3416,#3417,#3418,#3419,#3420,#3421));
#6048=EDGE_LOOP('',(#3422,#3423,#3424,#3425,#3426,#3427,#3428,#3429));
#6049=EDGE_LOOP('',(#3430,#3431,#3432,#3433,#3434,#3435,#3436,#3437));
#6050=EDGE_LOOP('',(#3438,#3439,#3440,#3441,#3442,#3443,#3444,#3445));
#6051=EDGE_LOOP('',(#3446,#3447,#3448,#3449,#3450,#3451,#3452,#3453));
#6052=EDGE_LOOP('',(#3454,#3455,#3456,#3457,#3458,#3459,#3460,#3461));
#6053=EDGE_LOOP('',(#3462,#3463,#3464,#3465,#3466,#3467,#3468,#3469));
#6054=EDGE_LOOP('',(#3470,#3471,#3472,#3473,#3474,#3475,#3476,#3477));
#6055=EDGE_LOOP('',(#3478,#3479,#3480,#3481,#3482,#3483,#3484,#3485));
#6056=EDGE_LOOP('',(#3486,#3487,#3488,#3489,#3490,#3491,#3492,#3493));
#6057=EDGE_LOOP('',(#3494,#3495,#3496,#3497,#3498,#3499,#3500,#3501));
#6058=EDGE_LOOP('',(#3502,#3503,#3504,#3505,#3506,#3507,#3508,#3509));
#6059=EDGE_LOOP('',(#3510,#3511,#3512,#3513,#3514,#3515,#3516,#3517));
#6060=EDGE_LOOP('',(#3518,#3519,#3520,#3521,#3522,#3523,#3524,#3525));
#6061=EDGE_LOOP('',(#3526,#3527,#3528,#3529,#3530,#3531,#3532,#3533));
#6062=EDGE_LOOP('',(#3534,#3535,#3536,#3537,#3538,#3539,#3540,#3541));
#6063=EDGE_LOOP('',(#3542,#3543,#3544,#3545,#3546,#3547,#3548,#3549));
#6064=EDGE_LOOP('',(#3550,#3551,#3552,#3553,#3554,#3555,#3556,#3557));
#6065=EDGE_LOOP('',(#3558,#3559,#3560,#3561,#3562,#3563,#3564,#3565));
#6066=EDGE_LOOP('',(#3566));
#6067=EDGE_LOOP('',(#3567));
#6068=EDGE_LOOP('',(#3568));
#6069=EDGE_LOOP('',(#3569));
#6070=EDGE_LOOP('',(#3570,#3571,#3572,#3573));
#6071=EDGE_LOOP('',(#3574,#3575,#3576,#3577));
#6072=EDGE_LOOP('',(#3578,#3579,#3580,#3581));
#6073=EDGE_LOOP('',(#3582,#3583,#3584,#3585));
#6074=EDGE_LOOP('',(#3586,#3587,#3588,#3589));
#6075=EDGE_LOOP('',(#3590,#3591,#3592,#3593));
#6076=EDGE_LOOP('',(#3594,#3595,#3596,#3597));
#6077=EDGE_LOOP('',(#3598,#3599,#3600,#3601));
#6078=EDGE_LOOP('',(#3602,#3603,#3604,#3605));
#6079=EDGE_LOOP('',(#3606,#3607,#3608,#3609));
#6080=EDGE_LOOP('',(#3610,#3611,#3612,#3613));
#6081=EDGE_LOOP('',(#3614,#3615,#3616,#3617));
#6082=EDGE_LOOP('',(#3618,#3619,#3620,#3621,#3622));
#6083=EDGE_LOOP('',(#3623,#3624,#3625,#3626,#3627));
#6084=EDGE_LOOP('',(#3628,#3629,#3630,#3631));
#6085=EDGE_LOOP('',(#3632,#3633,#3634,#3635));
#6086=EDGE_LOOP('',(#3636,#3637,#3638,#3639));
#6087=EDGE_LOOP('',(#3640,#3641,#3642,#3643));
#6088=FACE_BOUND('',#5662,.T.);
#6089=FACE_BOUND('',#5663,.T.);
#6090=FACE_BOUND('',#5664,.T.);
#6091=FACE_BOUND('',#5665,.T.);
#6092=FACE_BOUND('',#5666,.T.);
#6093=FACE_BOUND('',#5667,.T.);
#6094=FACE_BOUND('',#5668,.T.);
#6095=FACE_BOUND('',#5669,.T.);
#6096=FACE_BOUND('',#5670,.T.);
#6097=FACE_BOUND('',#5671,.T.);
#6098=FACE_BOUND('',#5672,.T.);
#6099=FACE_BOUND('',#5673,.T.);
#6100=FACE_BOUND('',#5674,.T.);
#6101=FACE_BOUND('',#5675,.T.);
#6102=FACE_BOUND('',#5676,.T.);
#6103=FACE_BOUND('',#5677,.T.);
#6104=FACE_BOUND('',#5678,.T.);
#6105=FACE_BOUND('',#5679,.T.);
#6106=FACE_BOUND('',#5680,.T.);
#6107=FACE_BOUND('',#5681,.T.);
#6108=FACE_BOUND('',#5682,.T.);
#6109=FACE_BOUND('',#5683,.T.);
#6110=FACE_BOUND('',#5684,.T.);
#6111=FACE_BOUND('',#5685,.T.);
#6112=FACE_BOUND('',#5686,.T.);
#6113=FACE_BOUND('',#5687,.T.);
#6114=FACE_BOUND('',#5688,.T.);
#6115=FACE_BOUND('',#5689,.T.);
#6116=FACE_BOUND('',#5690,.T.);
#6117=FACE_BOUND('',#5691,.T.);
#6118=FACE_BOUND('',#5692,.T.);
#6119=FACE_BOUND('',#5693,.T.);
#6120=FACE_BOUND('',#5694,.T.);
#6121=FACE_BOUND('',#5695,.T.);
#6122=FACE_BOUND('',#5696,.T.);
#6123=FACE_BOUND('',#5697,.T.);
#6124=FACE_BOUND('',#5698,.T.);
#6125=FACE_BOUND('',#5699,.T.);
#6126=FACE_BOUND('',#5700,.T.);
#6127=FACE_BOUND('',#5701,.T.);
#6128=FACE_BOUND('',#5702,.T.);
#6129=FACE_BOUND('',#5703,.T.);
#6130=FACE_BOUND('',#5704,.T.);
#6131=FACE_BOUND('',#5705,.T.);
#6132=FACE_BOUND('',#5706,.T.);
#6133=FACE_BOUND('',#5707,.T.);
#6134=FACE_BOUND('',#5708,.T.);
#6135=FACE_BOUND('',#5709,.T.);
#6136=FACE_BOUND('',#5710,.T.);
#6137=FACE_BOUND('',#5711,.T.);
#6138=FACE_BOUND('',#5712,.T.);
#6139=FACE_BOUND('',#5713,.T.);
#6140=FACE_BOUND('',#5714,.T.);
#6141=FACE_BOUND('',#5715,.T.);
#6142=FACE_BOUND('',#5716,.T.);
#6143=FACE_BOUND('',#5717,.T.);
#6144=FACE_BOUND('',#5718,.T.);
#6145=FACE_BOUND('',#5719,.T.);
#6146=FACE_BOUND('',#5720,.T.);
#6147=FACE_BOUND('',#5721,.T.);
#6148=FACE_BOUND('',#5722,.T.);
#6149=FACE_BOUND('',#5723,.T.);
#6150=FACE_BOUND('',#5724,.T.);
#6151=FACE_BOUND('',#5725,.T.);
#6152=FACE_BOUND('',#5726,.T.);
#6153=FACE_BOUND('',#5727,.T.);
#6154=FACE_BOUND('',#5728,.T.);
#6155=FACE_BOUND('',#5729,.T.);
#6156=FACE_BOUND('',#5730,.T.);
#6157=FACE_BOUND('',#5731,.T.);
#6158=FACE_BOUND('',#5732,.T.);
#6159=FACE_BOUND('',#5733,.T.);
#6160=FACE_BOUND('',#5734,.T.);
#6161=FACE_BOUND('',#5735,.T.);
#6162=FACE_BOUND('',#5736,.T.);
#6163=FACE_BOUND('',#5737,.T.);
#6164=FACE_BOUND('',#5738,.T.);
#6165=FACE_BOUND('',#5739,.T.);
#6166=FACE_BOUND('',#5740,.T.);
#6167=FACE_BOUND('',#5741,.T.);
#6168=FACE_BOUND('',#5742,.T.);
#6169=FACE_BOUND('',#5743,.T.);
#6170=FACE_BOUND('',#5744,.T.);
#6171=FACE_BOUND('',#5745,.T.);
#6172=FACE_BOUND('',#5746,.T.);
#6173=FACE_BOUND('',#5747,.T.);
#6174=FACE_BOUND('',#5748,.T.);
#6175=FACE_BOUND('',#5749,.T.);
#6176=FACE_BOUND('',#5750,.T.);
#6177=FACE_BOUND('',#5751,.T.);
#6178=FACE_BOUND('',#5752,.T.);
#6179=FACE_BOUND('',#5753,.T.);
#6180=FACE_BOUND('',#5754,.T.);
#6181=FACE_BOUND('',#5755,.T.);
#6182=FACE_BOUND('',#5756,.T.);
#6183=FACE_BOUND('',#5757,.T.);
#6184=FACE_BOUND('',#5758,.T.);
#6185=FACE_BOUND('',#5759,.T.);
#6186=FACE_BOUND('',#5760,.T.);
#6187=FACE_BOUND('',#5761,.T.);
#6188=FACE_BOUND('',#5762,.T.);
#6189=FACE_BOUND('',#5763,.T.);
#6190=FACE_BOUND('',#5764,.T.);
#6191=FACE_BOUND('',#5765,.T.);
#6192=FACE_BOUND('',#5766,.T.);
#6193=FACE_BOUND('',#5767,.T.);
#6194=FACE_BOUND('',#5768,.T.);
#6195=FACE_BOUND('',#5769,.T.);
#6196=FACE_BOUND('',#5770,.T.);
#6197=FACE_BOUND('',#5771,.T.);
#6198=FACE_BOUND('',#5772,.T.);
#6199=FACE_BOUND('',#5773,.T.);
#6200=FACE_BOUND('',#5774,.T.);
#6201=FACE_BOUND('',#5775,.T.);
#6202=FACE_BOUND('',#5776,.T.);
#6203=FACE_BOUND('',#5777,.T.);
#6204=FACE_BOUND('',#5778,.T.);
#6205=FACE_BOUND('',#5779,.T.);
#6206=FACE_BOUND('',#5780,.T.);
#6207=FACE_BOUND('',#5781,.T.);
#6208=FACE_BOUND('',#5782,.T.);
#6209=FACE_BOUND('',#5783,.T.);
#6210=FACE_BOUND('',#5784,.T.);
#6211=FACE_BOUND('',#5785,.T.);
#6212=FACE_BOUND('',#5786,.T.);
#6213=FACE_BOUND('',#5787,.T.);
#6214=FACE_BOUND('',#5788,.T.);
#6215=FACE_BOUND('',#5789,.T.);
#6216=FACE_BOUND('',#5790,.T.);
#6217=FACE_BOUND('',#5791,.T.);
#6218=FACE_BOUND('',#5792,.T.);
#6219=FACE_BOUND('',#5793,.T.);
#6220=FACE_BOUND('',#5794,.T.);
#6221=FACE_BOUND('',#5795,.T.);
#6222=FACE_BOUND('',#5796,.T.);
#6223=FACE_BOUND('',#5797,.T.);
#6224=FACE_BOUND('',#5798,.T.);
#6225=FACE_BOUND('',#5799,.T.);
#6226=FACE_BOUND('',#5800,.T.);
#6227=FACE_BOUND('',#5801,.T.);
#6228=FACE_BOUND('',#5802,.T.);
#6229=FACE_BOUND('',#5803,.T.);
#6230=FACE_BOUND('',#5804,.T.);
#6231=FACE_BOUND('',#5805,.T.);
#6232=FACE_BOUND('',#5806,.T.);
#6233=FACE_BOUND('',#5807,.T.);
#6234=FACE_BOUND('',#5808,.T.);
#6235=FACE_BOUND('',#5809,.T.);
#6236=FACE_BOUND('',#5810,.T.);
#6237=FACE_BOUND('',#5811,.T.);
#6238=FACE_BOUND('',#5812,.T.);
#6239=FACE_BOUND('',#5813,.T.);
#6240=FACE_BOUND('',#5814,.T.);
#6241=FACE_BOUND('',#5815,.T.);
#6242=FACE_BOUND('',#5816,.T.);
#6243=FACE_BOUND('',#5817,.T.);
#6244=FACE_BOUND('',#5818,.T.);
#6245=FACE_BOUND('',#5819,.T.);
#6246=FACE_BOUND('',#5820,.T.);
#6247=FACE_BOUND('',#5821,.T.);
#6248=FACE_BOUND('',#5822,.T.);
#6249=FACE_BOUND('',#5823,.T.);
#6250=FACE_BOUND('',#5824,.T.);
#6251=FACE_BOUND('',#5825,.T.);
#6252=FACE_BOUND('',#5826,.T.);
#6253=FACE_BOUND('',#5827,.T.);
#6254=FACE_BOUND('',#5828,.T.);
#6255=FACE_BOUND('',#5829,.T.);
#6256=FACE_BOUND('',#5830,.T.);
#6257=FACE_BOUND('',#5831,.T.);
#6258=FACE_BOUND('',#5832,.T.);
#6259=FACE_BOUND('',#5833,.T.);
#6260=FACE_BOUND('',#5834,.T.);
#6261=FACE_BOUND('',#5835,.T.);
#6262=FACE_BOUND('',#5836,.T.);
#6263=FACE_BOUND('',#5837,.T.);
#6264=FACE_BOUND('',#5838,.T.);
#6265=FACE_BOUND('',#5839,.T.);
#6266=FACE_BOUND('',#5840,.T.);
#6267=FACE_BOUND('',#5841,.T.);
#6268=FACE_BOUND('',#5842,.T.);
#6269=FACE_BOUND('',#5843,.T.);
#6270=FACE_BOUND('',#5844,.T.);
#6271=FACE_BOUND('',#5845,.T.);
#6272=FACE_BOUND('',#5846,.T.);
#6273=FACE_BOUND('',#5847,.T.);
#6274=FACE_BOUND('',#5848,.T.);
#6275=FACE_BOUND('',#5849,.T.);
#6276=FACE_BOUND('',#5850,.T.);
#6277=FACE_BOUND('',#5851,.T.);
#6278=FACE_BOUND('',#5852,.T.);
#6279=FACE_BOUND('',#5853,.T.);
#6280=FACE_BOUND('',#5854,.T.);
#6281=FACE_BOUND('',#5855,.T.);
#6282=FACE_BOUND('',#5856,.T.);
#6283=FACE_BOUND('',#5857,.T.);
#6284=FACE_BOUND('',#5858,.T.);
#6285=FACE_BOUND('',#5859,.T.);
#6286=FACE_BOUND('',#5860,.T.);
#6287=FACE_BOUND('',#5861,.T.);
#6288=FACE_BOUND('',#5862,.T.);
#6289=FACE_BOUND('',#5863,.T.);
#6290=FACE_BOUND('',#5864,.T.);
#6291=FACE_BOUND('',#5865,.T.);
#6292=FACE_BOUND('',#5866,.T.);
#6293=FACE_BOUND('',#5867,.T.);
#6294=FACE_BOUND('',#5868,.T.);
#6295=FACE_BOUND('',#5869,.T.);
#6296=FACE_BOUND('',#5870,.T.);
#6297=FACE_BOUND('',#5871,.T.);
#6298=FACE_BOUND('',#5872,.T.);
#6299=FACE_BOUND('',#5873,.T.);
#6300=FACE_BOUND('',#5874,.T.);
#6301=FACE_BOUND('',#5875,.T.);
#6302=FACE_BOUND('',#5876,.T.);
#6303=FACE_BOUND('',#5877,.T.);
#6304=FACE_BOUND('',#5878,.T.);
#6305=FACE_BOUND('',#5879,.T.);
#6306=FACE_BOUND('',#5880,.T.);
#6307=FACE_BOUND('',#5881,.T.);
#6308=FACE_BOUND('',#5882,.T.);
#6309=FACE_BOUND('',#5883,.T.);
#6310=FACE_BOUND('',#5884,.T.);
#6311=FACE_BOUND('',#5885,.T.);
#6312=FACE_BOUND('',#5886,.T.);
#6313=FACE_BOUND('',#5887,.T.);
#6314=FACE_BOUND('',#5888,.T.);
#6315=FACE_BOUND('',#5889,.T.);
#6316=FACE_BOUND('',#5890,.T.);
#6317=FACE_BOUND('',#5891,.T.);
#6318=FACE_BOUND('',#5892,.T.);
#6319=FACE_BOUND('',#5893,.T.);
#6320=FACE_BOUND('',#5894,.T.);
#6321=FACE_BOUND('',#5895,.T.);
#6322=FACE_BOUND('',#5896,.T.);
#6323=FACE_BOUND('',#5897,.T.);
#6324=FACE_BOUND('',#5898,.T.);
#6325=FACE_BOUND('',#5899,.T.);
#6326=FACE_BOUND('',#5900,.T.);
#6327=FACE_BOUND('',#5901,.T.);
#6328=FACE_BOUND('',#5902,.T.);
#6329=FACE_BOUND('',#5903,.T.);
#6330=FACE_BOUND('',#5904,.T.);
#6331=FACE_BOUND('',#5905,.T.);
#6332=FACE_BOUND('',#5906,.T.);
#6333=FACE_BOUND('',#5907,.T.);
#6334=FACE_BOUND('',#5908,.T.);
#6335=FACE_BOUND('',#5909,.T.);
#6336=FACE_BOUND('',#5910,.T.);
#6337=FACE_BOUND('',#5911,.T.);
#6338=FACE_BOUND('',#5912,.T.);
#6339=FACE_BOUND('',#5913,.T.);
#6340=FACE_BOUND('',#5914,.T.);
#6341=FACE_BOUND('',#5915,.T.);
#6342=FACE_BOUND('',#5916,.T.);
#6343=FACE_BOUND('',#5917,.T.);
#6344=FACE_BOUND('',#5918,.T.);
#6345=FACE_BOUND('',#5919,.T.);
#6346=FACE_BOUND('',#5920,.T.);
#6347=FACE_BOUND('',#5921,.T.);
#6348=FACE_BOUND('',#5922,.T.);
#6349=FACE_BOUND('',#5923,.T.);
#6350=FACE_BOUND('',#5924,.T.);
#6351=FACE_BOUND('',#5925,.T.);
#6352=FACE_BOUND('',#5926,.T.);
#6353=FACE_BOUND('',#5927,.T.);
#6354=FACE_BOUND('',#5928,.T.);
#6355=FACE_BOUND('',#5929,.T.);
#6356=FACE_BOUND('',#5930,.T.);
#6357=FACE_BOUND('',#5931,.T.);
#6358=FACE_BOUND('',#5932,.T.);
#6359=FACE_BOUND('',#5933,.T.);
#6360=FACE_BOUND('',#5934,.T.);
#6361=FACE_BOUND('',#5935,.T.);
#6362=FACE_BOUND('',#5936,.T.);
#6363=FACE_BOUND('',#5937,.T.);
#6364=FACE_BOUND('',#5938,.T.);
#6365=FACE_BOUND('',#5939,.T.);
#6366=FACE_BOUND('',#5940,.T.);
#6367=FACE_BOUND('',#5941,.T.);
#6368=FACE_BOUND('',#5942,.T.);
#6369=FACE_BOUND('',#5943,.T.);
#6370=FACE_BOUND('',#5944,.T.);
#6371=FACE_BOUND('',#5945,.T.);
#6372=FACE_BOUND('',#5946,.T.);
#6373=FACE_BOUND('',#5947,.T.);
#6374=FACE_BOUND('',#5948,.T.);
#6375=FACE_BOUND('',#5949,.T.);
#6376=FACE_BOUND('',#5950,.T.);
#6377=FACE_BOUND('',#5951,.T.);
#6378=FACE_BOUND('',#5952,.T.);
#6379=FACE_BOUND('',#5953,.T.);
#6380=FACE_BOUND('',#5954,.T.);
#6381=FACE_BOUND('',#5955,.T.);
#6382=FACE_BOUND('',#5956,.T.);
#6383=FACE_BOUND('',#5957,.T.);
#6384=FACE_BOUND('',#5958,.T.);
#6385=FACE_BOUND('',#5959,.T.);
#6386=FACE_BOUND('',#5960,.T.);
#6387=FACE_BOUND('',#5961,.T.);
#6388=FACE_BOUND('',#5962,.T.);
#6389=FACE_BOUND('',#5963,.T.);
#6390=FACE_BOUND('',#5964,.T.);
#6391=FACE_BOUND('',#5965,.T.);
#6392=FACE_BOUND('',#5966,.T.);
#6393=FACE_BOUND('',#5967,.T.);
#6394=FACE_BOUND('',#5968,.T.);
#6395=FACE_BOUND('',#5969,.T.);
#6396=FACE_BOUND('',#5970,.T.);
#6397=FACE_BOUND('',#5971,.T.);
#6398=FACE_BOUND('',#5972,.T.);
#6399=FACE_BOUND('',#5973,.T.);
#6400=FACE_BOUND('',#5974,.T.);
#6401=FACE_BOUND('',#5975,.T.);
#6402=FACE_BOUND('',#5976,.T.);
#6403=FACE_BOUND('',#5977,.T.);
#6404=FACE_BOUND('',#5978,.T.);
#6405=FACE_BOUND('',#5979,.T.);
#6406=FACE_BOUND('',#5980,.T.);
#6407=FACE_BOUND('',#5981,.T.);
#6408=FACE_BOUND('',#5982,.T.);
#6409=FACE_BOUND('',#5983,.T.);
#6410=FACE_BOUND('',#5984,.T.);
#6411=FACE_BOUND('',#5985,.T.);
#6412=FACE_BOUND('',#5986,.T.);
#6413=FACE_BOUND('',#5987,.T.);
#6414=FACE_BOUND('',#5988,.T.);
#6415=FACE_BOUND('',#5989,.T.);
#6416=FACE_BOUND('',#5990,.T.);
#6417=FACE_BOUND('',#5991,.T.);
#6418=FACE_BOUND('',#5992,.T.);
#6419=FACE_BOUND('',#5993,.T.);
#6420=FACE_BOUND('',#5994,.T.);
#6421=FACE_BOUND('',#5995,.T.);
#6422=FACE_BOUND('',#5996,.T.);
#6423=FACE_BOUND('',#5997,.T.);
#6424=FACE_BOUND('',#5998,.T.);
#6425=FACE_BOUND('',#5999,.T.);
#6426=FACE_BOUND('',#6000,.T.);
#6427=FACE_BOUND('',#6001,.T.);
#6428=FACE_BOUND('',#6002,.T.);
#6429=FACE_BOUND('',#6003,.T.);
#6430=FACE_BOUND('',#6004,.T.);
#6431=FACE_BOUND('',#6005,.T.);
#6432=FACE_BOUND('',#6006,.T.);
#6433=FACE_BOUND('',#6007,.T.);
#6434=FACE_BOUND('',#6008,.T.);
#6435=FACE_BOUND('',#6009,.T.);
#6436=FACE_BOUND('',#6010,.T.);
#6437=FACE_BOUND('',#6011,.T.);
#6438=FACE_BOUND('',#6012,.T.);
#6439=FACE_BOUND('',#6013,.T.);
#6440=FACE_BOUND('',#6014,.T.);
#6441=FACE_BOUND('',#6015,.T.);
#6442=FACE_BOUND('',#6016,.T.);
#6443=FACE_BOUND('',#6017,.T.);
#6444=FACE_BOUND('',#6018,.T.);
#6445=FACE_BOUND('',#6019,.T.);
#6446=FACE_BOUND('',#6020,.T.);
#6447=FACE_BOUND('',#6021,.T.);
#6448=FACE_BOUND('',#6022,.T.);
#6449=FACE_BOUND('',#6023,.T.);
#6450=FACE_BOUND('',#6024,.T.);
#6451=FACE_BOUND('',#6025,.T.);
#6452=FACE_BOUND('',#6026,.T.);
#6453=FACE_BOUND('',#6027,.T.);
#6454=FACE_BOUND('',#6028,.T.);
#6455=FACE_BOUND('',#6029,.T.);
#6456=FACE_BOUND('',#6030,.T.);
#6457=FACE_BOUND('',#6031,.T.);
#6458=FACE_BOUND('',#6032,.T.);
#6459=FACE_BOUND('',#6033,.T.);
#6460=FACE_BOUND('',#6034,.T.);
#6461=FACE_BOUND('',#6035,.T.);
#6462=FACE_BOUND('',#6036,.T.);
#6463=FACE_BOUND('',#6037,.T.);
#6464=FACE_BOUND('',#6038,.T.);
#6465=FACE_BOUND('',#6039,.T.);
#6466=FACE_BOUND('',#6040,.T.);
#6467=FACE_BOUND('',#6041,.T.);
#6468=FACE_BOUND('',#6042,.T.);
#6469=FACE_BOUND('',#6043,.T.);
#6470=FACE_BOUND('',#6044,.T.);
#6471=FACE_BOUND('',#6045,.T.);
#6472=FACE_BOUND('',#6046,.T.);
#6473=FACE_BOUND('',#6047,.T.);
#6474=FACE_BOUND('',#6048,.T.);
#6475=FACE_BOUND('',#6049,.T.);
#6476=FACE_BOUND('',#6050,.T.);
#6477=FACE_BOUND('',#6051,.T.);
#6478=FACE_BOUND('',#6052,.T.);
#6479=FACE_BOUND('',#6053,.T.);
#6480=FACE_BOUND('',#6054,.T.);
#6481=FACE_BOUND('',#6055,.T.);
#6482=FACE_BOUND('',#6056,.T.);
#6483=FACE_BOUND('',#6057,.T.);
#6484=FACE_BOUND('',#6058,.T.);
#6485=FACE_BOUND('',#6059,.T.);
#6486=FACE_BOUND('',#6060,.T.);
#6487=FACE_BOUND('',#6061,.T.);
#6488=FACE_BOUND('',#6062,.T.);
#6489=FACE_BOUND('',#6063,.T.);
#6490=FACE_BOUND('',#6064,.T.);
#6491=FACE_BOUND('',#6065,.T.);
#6492=FACE_BOUND('',#6066,.T.);
#6493=FACE_BOUND('',#6067,.T.);
#6494=FACE_BOUND('',#6068,.T.);
#6495=FACE_BOUND('',#6069,.T.);
#6496=FACE_BOUND('',#6070,.T.);
#6497=FACE_BOUND('',#6071,.T.);
#6498=FACE_BOUND('',#6072,.T.);
#6499=FACE_BOUND('',#6073,.T.);
#6500=FACE_BOUND('',#6074,.T.);
#6501=FACE_BOUND('',#6075,.T.);
#6502=FACE_BOUND('',#6076,.T.);
#6503=FACE_BOUND('',#6077,.T.);
#6504=FACE_BOUND('',#6078,.T.);
#6505=FACE_BOUND('',#6079,.T.);
#6506=FACE_BOUND('',#6080,.T.);
#6507=FACE_BOUND('',#6081,.T.);
#6508=FACE_BOUND('',#6082,.T.);
#6509=FACE_BOUND('',#6083,.T.);
#6510=FACE_BOUND('',#6084,.T.);
#6511=FACE_BOUND('',#6085,.T.);
#6512=FACE_BOUND('',#6086,.T.);
#6513=FACE_BOUND('',#6087,.T.);
#6514=CYLINDRICAL_SURFACE('',#7029,0.00754);
#6515=CYLINDRICAL_SURFACE('',#7032,0.00754);
#6516=CYLINDRICAL_SURFACE('',#7035,0.00100063064026715);
#6517=CYLINDRICAL_SURFACE('',#7039,0.00100063064026716);
#6518=CYLINDRICAL_SURFACE('',#7043,0.00100063064026715);
#6519=CYLINDRICAL_SURFACE('',#7047,0.00100063064026714);
#6520=CYLINDRICAL_SURFACE('',#7051,0.00100063064026714);
#6521=CYLINDRICAL_SURFACE('',#7055,0.00100063064026715);
#6522=CYLINDRICAL_SURFACE('',#7059,0.00100063064026716);
#6523=CYLINDRICAL_SURFACE('',#7063,0.00100063064026715);
#6524=CYLINDRICAL_SURFACE('',#7067,0.00100063064026714);
#6525=CYLINDRICAL_SURFACE('',#7071,0.00100063064026715);
#6526=CYLINDRICAL_SURFACE('',#7076,0.00100063064026715);
#6527=CYLINDRICAL_SURFACE('',#7080,0.00100063064026714);
#6528=CYLINDRICAL_SURFACE('',#7085,0.00100063064026716);
#6529=CYLINDRICAL_SURFACE('',#7089,0.00100063064026715);
#6530=CYLINDRICAL_SURFACE('',#7093,0.00100063064026715);
#6531=CYLINDRICAL_SURFACE('',#7097,0.00100063064026715);
#6532=CYLINDRICAL_SURFACE('',#7101,0.00100063064026715);
#6533=CYLINDRICAL_SURFACE('',#7105,0.00100063064026715);
#6534=CYLINDRICAL_SURFACE('',#7109,0.00100063064026715);
#6535=CYLINDRICAL_SURFACE('',#7113,0.00100063064026716);
#6536=CYLINDRICAL_SURFACE('',#7117,0.00100063064026715);
#6537=CYLINDRICAL_SURFACE('',#7121,0.00100063064026714);
#6538=CYLINDRICAL_SURFACE('',#7125,0.00100063064026717);
#6539=CYLINDRICAL_SURFACE('',#7129,0.00100063064026715);
#6540=CYLINDRICAL_SURFACE('',#7133,0.00100063064026715);
#6541=CYLINDRICAL_SURFACE('',#7137,0.00100063064026715);
#6542=CYLINDRICAL_SURFACE('',#7141,0.00100063064026715);
#6543=CYLINDRICAL_SURFACE('',#7145,0.00100063064026715);
#6544=CYLINDRICAL_SURFACE('',#7149,0.00100063064026715);
#6545=CYLINDRICAL_SURFACE('',#7153,0.00100063064026715);
#6546=CYLINDRICAL_SURFACE('',#7157,0.00100063064026714);
#6547=CYLINDRICAL_SURFACE('',#7161,0.00100063064026715);
#6548=CYLINDRICAL_SURFACE('',#7165,0.00100063064026715);
#6549=CYLINDRICAL_SURFACE('',#7169,0.00100063064026714);
#6550=CYLINDRICAL_SURFACE('',#7173,0.00100063064026715);
#6551=CYLINDRICAL_SURFACE('',#7177,0.00100063064026716);
#6552=CYLINDRICAL_SURFACE('',#7181,0.00100063064026717);
#6553=CYLINDRICAL_SURFACE('',#7185,0.00100063064026715);
#6554=CYLINDRICAL_SURFACE('',#7189,0.00100063064026715);
#6555=CYLINDRICAL_SURFACE('',#7193,0.00100063064026717);
#6556=CYLINDRICAL_SURFACE('',#7197,0.00100063064026715);
#6557=CYLINDRICAL_SURFACE('',#7201,0.00100063064026714);
#6558=CYLINDRICAL_SURFACE('',#7205,0.00100063064026715);
#6559=CYLINDRICAL_SURFACE('',#7209,0.00100063064026714);
#6560=CYLINDRICAL_SURFACE('',#7213,0.00100063064026715);
#6561=CYLINDRICAL_SURFACE('',#7217,0.00100063064026714);
#6562=CYLINDRICAL_SURFACE('',#7221,0.00100063064026715);
#6563=CYLINDRICAL_SURFACE('',#7225,0.00100063064026716);
#6564=CYLINDRICAL_SURFACE('',#7229,0.00100063064026715);
#6565=CYLINDRICAL_SURFACE('',#7233,0.00100063064026714);
#6566=CYLINDRICAL_SURFACE('',#7237,0.00100063064026715);
#6567=CYLINDRICAL_SURFACE('',#7241,0.00100063064026714);
#6568=CYLINDRICAL_SURFACE('',#7245,0.00100063064026715);
#6569=CYLINDRICAL_SURFACE('',#7249,0.00100063064026714);
#6570=CYLINDRICAL_SURFACE('',#7253,0.00100063064026715);
#6571=CYLINDRICAL_SURFACE('',#7257,0.00100063064026715);
#6572=CYLINDRICAL_SURFACE('',#7261,0.00100063064026717);
#6573=CYLINDRICAL_SURFACE('',#7265,0.00100063064026717);
#6574=CYLINDRICAL_SURFACE('',#7269,0.00100063064026714);
#6575=CYLINDRICAL_SURFACE('',#7273,0.00100063064026715);
#6576=CYLINDRICAL_SURFACE('',#7277,0.00100063064026714);
#6577=CYLINDRICAL_SURFACE('',#7281,0.00100063064026715);
#6578=CYLINDRICAL_SURFACE('',#7285,0.00100063064026715);
#6579=CYLINDRICAL_SURFACE('',#7289,0.00100063064026715);
#6580=CYLINDRICAL_SURFACE('',#7293,0.00100063064026715);
#6581=CYLINDRICAL_SURFACE('',#7297,0.00100063064026714);
#6582=CYLINDRICAL_SURFACE('',#7301,0.00100063064026715);
#6583=CYLINDRICAL_SURFACE('',#7305,0.00100063064026714);
#6584=CYLINDRICAL_SURFACE('',#7309,0.00100063064026715);
#6585=CYLINDRICAL_SURFACE('',#7313,0.00100063064026715);
#6586=CYLINDRICAL_SURFACE('',#7317,0.00100063064026714);
#6587=CYLINDRICAL_SURFACE('',#7321,0.00100063064026715);
#6588=CYLINDRICAL_SURFACE('',#7325,0.00100063064026715);
#6589=CYLINDRICAL_SURFACE('',#7329,0.00100063064026715);
#6590=CYLINDRICAL_SURFACE('',#7333,0.00100063064026715);
#6591=CYLINDRICAL_SURFACE('',#7337,0.00100063064026715);
#6592=CYLINDRICAL_SURFACE('',#7341,0.00100063064026716);
#6593=CYLINDRICAL_SURFACE('',#7345,0.00100063064026715);
#6594=CYLINDRICAL_SURFACE('',#7349,0.00100063064026714);
#6595=CYLINDRICAL_SURFACE('',#7353,0.00100063064026715);
#6596=CYLINDRICAL_SURFACE('',#7357,0.00100063064026715);
#6597=CYLINDRICAL_SURFACE('',#7361,0.00100063064026714);
#6598=CYLINDRICAL_SURFACE('',#7365,0.00100063064026715);
#6599=CYLINDRICAL_SURFACE('',#7369,0.00100063064026717);
#6600=CYLINDRICAL_SURFACE('',#7373,0.00100063064026715);
#6601=CYLINDRICAL_SURFACE('',#7377,0.00100063064026714);
#6602=CYLINDRICAL_SURFACE('',#7381,0.00100063064026715);
#6603=CYLINDRICAL_SURFACE('',#7385,0.00100063064026716);
#6604=CYLINDRICAL_SURFACE('',#7389,0.00100063064026714);
#6605=CYLINDRICAL_SURFACE('',#7393,0.00100063064026715);
#6606=CYLINDRICAL_SURFACE('',#7397,0.00100063064026714);
#6607=CYLINDRICAL_SURFACE('',#7401,0.00100063064026715);
#6608=CYLINDRICAL_SURFACE('',#7405,0.00100063064026715);
#6609=CYLINDRICAL_SURFACE('',#7410,0.00100063064026716);
#6610=CYLINDRICAL_SURFACE('',#7414,0.00100063064026715);
#6611=CYLINDRICAL_SURFACE('',#7418,0.00100063064026715);
#6612=CYLINDRICAL_SURFACE('',#7424,0.00100063064026716);
#6613=CYLINDRICAL_SURFACE('',#7428,0.00100063064026715);
#6614=CYLINDRICAL_SURFACE('',#7432,0.00100063064026715);
#6615=CYLINDRICAL_SURFACE('',#7436,0.00100063064026714);
#6616=CYLINDRICAL_SURFACE('',#7440,0.00100063064026714);
#6617=CYLINDRICAL_SURFACE('',#7444,0.00100063064026715);
#6618=CYLINDRICAL_SURFACE('',#7448,0.00100063064026715);
#6619=CYLINDRICAL_SURFACE('',#7452,0.00100063064026714);
#6620=CYLINDRICAL_SURFACE('',#7456,0.00100063064026715);
#6621=CYLINDRICAL_SURFACE('',#7460,0.00100063064026715);
#6622=CYLINDRICAL_SURFACE('',#7464,0.00100063064026715);
#6623=CYLINDRICAL_SURFACE('',#7468,0.00100063064026715);
#6624=CYLINDRICAL_SURFACE('',#7472,0.00100063064026715);
#6625=CYLINDRICAL_SURFACE('',#7476,0.00100063064026714);
#6626=CYLINDRICAL_SURFACE('',#7480,0.00100063064026715);
#6627=CYLINDRICAL_SURFACE('',#7484,0.00100063064026716);
#6628=CYLINDRICAL_SURFACE('',#7488,0.00100063064026715);
#6629=CYLINDRICAL_SURFACE('',#7492,0.00100063064026714);
#6630=CYLINDRICAL_SURFACE('',#7495,0.00100063064026716);
#6631=CYLINDRICAL_SURFACE('',#7499,0.00100063064026715);
#6632=CYLINDRICAL_SURFACE('',#7503,0.00100063064026714);
#6633=CYLINDRICAL_SURFACE('',#7507,0.00100063064026715);
#6634=CYLINDRICAL_SURFACE('',#7511,0.00100063064026715);
#6635=CYLINDRICAL_SURFACE('',#7515,0.00100063064026715);
#6636=CYLINDRICAL_SURFACE('',#7519,0.00100063064026714);
#6637=CYLINDRICAL_SURFACE('',#7523,0.00100063064026714);
#6638=CYLINDRICAL_SURFACE('',#7527,0.00100063064026714);
#6639=CYLINDRICAL_SURFACE('',#7531,0.00100063064026715);
#6640=CYLINDRICAL_SURFACE('',#7535,0.00100063064026714);
#6641=CYLINDRICAL_SURFACE('',#7539,0.00100063064026715);
#6642=CYLINDRICAL_SURFACE('',#7543,0.00100063064026715);
#6643=CYLINDRICAL_SURFACE('',#7547,0.00100063064026715);
#6644=CYLINDRICAL_SURFACE('',#7551,0.00100063064026715);
#6645=CYLINDRICAL_SURFACE('',#7555,0.00100063064026715);
#6646=CYLINDRICAL_SURFACE('',#7559,0.00100063064026716);
#6647=CYLINDRICAL_SURFACE('',#7563,0.00100063064026715);
#6648=CYLINDRICAL_SURFACE('',#7567,0.00100063064026714);
#6649=CYLINDRICAL_SURFACE('',#7571,0.00100063064026714);
#6650=CYLINDRICAL_SURFACE('',#7575,0.00100063064026715);
#6651=CYLINDRICAL_SURFACE('',#7579,0.00100063064026715);
#6652=CYLINDRICAL_SURFACE('',#7583,0.00100063064026715);
#6653=CYLINDRICAL_SURFACE('',#7587,0.00100063064026714);
#6654=CYLINDRICAL_SURFACE('',#7591,0.00100063064026715);
#6655=CYLINDRICAL_SURFACE('',#7595,0.00100063064026714);
#6656=CYLINDRICAL_SURFACE('',#7599,0.00100063064026715);
#6657=CYLINDRICAL_SURFACE('',#7603,0.00100063064026714);
#6658=CYLINDRICAL_SURFACE('',#7608,0.004286);
#6659=CYLINDRICAL_SURFACE('',#7631,0.002286);
#6660=CYLINDRICAL_SURFACE('',#7635,0.00381);
#6661=CYLINDRICAL_SURFACE('',#7637,0.002286);
#6662=CYLINDRICAL_SURFACE('',#7643,0.002286);
#6663=CYLINDRICAL_SURFACE('',#7645,0.00381);
#6664=CYLINDRICAL_SURFACE('',#7650,0.00381);
#6665=CYLINDRICAL_SURFACE('',#7652,0.002286);
#6666=CYLINDRICAL_SURFACE('',#7656,0.000635);
#6667=CYLINDRICAL_SURFACE('',#7659,0.000635);
#6668=CYLINDRICAL_SURFACE('',#7661,0.000381);
#6669=CYLINDRICAL_SURFACE('',#7664,0.000381);
#6670=CYLINDRICAL_SURFACE('',#7667,0.000381);
#6671=CYLINDRICAL_SURFACE('',#7670,0.00038099999999999);
#6672=ADVANCED_FACE('',(#6088),#6514,.T.);
#6673=ADVANCED_FACE('',(#6089),#6515,.T.);
#6674=ADVANCED_FACE('',(#6090),#6516,.F.);
#6675=ADVANCED_FACE('',(#6091),#14,.T.);
#6676=ADVANCED_FACE('',(#6092),#6517,.F.);
#6677=ADVANCED_FACE('',(#6093),#15,.T.);
#6678=ADVANCED_FACE('',(#6094),#6518,.F.);
#6679=ADVANCED_FACE('',(#6095),#16,.T.);
#6680=ADVANCED_FACE('',(#6096),#6519,.F.);
#6681=ADVANCED_FACE('',(#6097),#17,.T.);
#6682=ADVANCED_FACE('',(#6098),#6520,.F.);
#6683=ADVANCED_FACE('',(#6099),#18,.T.);
#6684=ADVANCED_FACE('',(#6100),#6521,.F.);
#6685=ADVANCED_FACE('',(#6101),#19,.T.);
#6686=ADVANCED_FACE('',(#6102),#6522,.F.);
#6687=ADVANCED_FACE('',(#6103),#20,.T.);
#6688=ADVANCED_FACE('',(#6104),#6523,.F.);
#6689=ADVANCED_FACE('',(#6105),#21,.T.);
#6690=ADVANCED_FACE('',(#6106),#6524,.F.);
#6691=ADVANCED_FACE('',(#6107),#22,.T.);
#6692=ADVANCED_FACE('',(#6108),#6525,.F.);
#6693=ADVANCED_FACE('',(#6109),#23,.T.);
#6694=ADVANCED_FACE('',(#6110),#24,.T.);
#6695=ADVANCED_FACE('',(#6111),#6526,.F.);
#6696=ADVANCED_FACE('',(#6112),#25,.T.);
#6697=ADVANCED_FACE('',(#6113),#6527,.F.);
#6698=ADVANCED_FACE('',(#6114),#26,.T.);
#6699=ADVANCED_FACE('',(#6115),#27,.T.);
#6700=ADVANCED_FACE('',(#6116),#6528,.F.);
#6701=ADVANCED_FACE('',(#6117),#28,.T.);
#6702=ADVANCED_FACE('',(#6118),#6529,.F.);
#6703=ADVANCED_FACE('',(#6119),#29,.T.);
#6704=ADVANCED_FACE('',(#6120),#6530,.F.);
#6705=ADVANCED_FACE('',(#6121),#30,.T.);
#6706=ADVANCED_FACE('',(#6122),#6531,.F.);
#6707=ADVANCED_FACE('',(#6123),#31,.T.);
#6708=ADVANCED_FACE('',(#6124),#6532,.F.);
#6709=ADVANCED_FACE('',(#6125),#32,.T.);
#6710=ADVANCED_FACE('',(#6126),#6533,.F.);
#6711=ADVANCED_FACE('',(#6127),#33,.T.);
#6712=ADVANCED_FACE('',(#6128),#6534,.F.);
#6713=ADVANCED_FACE('',(#6129),#34,.T.);
#6714=ADVANCED_FACE('',(#6130),#6535,.F.);
#6715=ADVANCED_FACE('',(#6131),#35,.T.);
#6716=ADVANCED_FACE('',(#6132),#6536,.F.);
#6717=ADVANCED_FACE('',(#6133),#36,.T.);
#6718=ADVANCED_FACE('',(#6134),#6537,.F.);
#6719=ADVANCED_FACE('',(#6135),#37,.T.);
#6720=ADVANCED_FACE('',(#6136),#6538,.F.);
#6721=ADVANCED_FACE('',(#6137),#38,.T.);
#6722=ADVANCED_FACE('',(#6138),#6539,.F.);
#6723=ADVANCED_FACE('',(#6139),#39,.T.);
#6724=ADVANCED_FACE('',(#6140),#6540,.F.);
#6725=ADVANCED_FACE('',(#6141),#40,.T.);
#6726=ADVANCED_FACE('',(#6142),#6541,.F.);
#6727=ADVANCED_FACE('',(#6143),#41,.T.);
#6728=ADVANCED_FACE('',(#6144),#6542,.F.);
#6729=ADVANCED_FACE('',(#6145),#42,.T.);
#6730=ADVANCED_FACE('',(#6146),#6543,.F.);
#6731=ADVANCED_FACE('',(#6147),#43,.T.);
#6732=ADVANCED_FACE('',(#6148),#6544,.F.);
#6733=ADVANCED_FACE('',(#6149),#44,.T.);
#6734=ADVANCED_FACE('',(#6150),#6545,.F.);
#6735=ADVANCED_FACE('',(#6151),#45,.T.);
#6736=ADVANCED_FACE('',(#6152),#6546,.F.);
#6737=ADVANCED_FACE('',(#6153),#46,.T.);
#6738=ADVANCED_FACE('',(#6154),#6547,.F.);
#6739=ADVANCED_FACE('',(#6155),#47,.T.);
#6740=ADVANCED_FACE('',(#6156),#6548,.F.);
#6741=ADVANCED_FACE('',(#6157),#48,.T.);
#6742=ADVANCED_FACE('',(#6158),#6549,.F.);
#6743=ADVANCED_FACE('',(#6159),#49,.T.);
#6744=ADVANCED_FACE('',(#6160),#6550,.F.);
#6745=ADVANCED_FACE('',(#6161),#50,.T.);
#6746=ADVANCED_FACE('',(#6162),#6551,.F.);
#6747=ADVANCED_FACE('',(#6163),#51,.T.);
#6748=ADVANCED_FACE('',(#6164),#6552,.F.);
#6749=ADVANCED_FACE('',(#6165),#52,.T.);
#6750=ADVANCED_FACE('',(#6166),#6553,.F.);
#6751=ADVANCED_FACE('',(#6167),#53,.T.);
#6752=ADVANCED_FACE('',(#6168),#6554,.F.);
#6753=ADVANCED_FACE('',(#6169),#54,.T.);
#6754=ADVANCED_FACE('',(#6170),#6555,.F.);
#6755=ADVANCED_FACE('',(#6171),#55,.T.);
#6756=ADVANCED_FACE('',(#6172),#6556,.F.);
#6757=ADVANCED_FACE('',(#6173),#56,.T.);
#6758=ADVANCED_FACE('',(#6174),#6557,.F.);
#6759=ADVANCED_FACE('',(#6175),#57,.T.);
#6760=ADVANCED_FACE('',(#6176),#6558,.F.);
#6761=ADVANCED_FACE('',(#6177),#58,.T.);
#6762=ADVANCED_FACE('',(#6178),#6559,.F.);
#6763=ADVANCED_FACE('',(#6179),#59,.T.);
#6764=ADVANCED_FACE('',(#6180),#6560,.F.);
#6765=ADVANCED_FACE('',(#6181),#60,.T.);
#6766=ADVANCED_FACE('',(#6182),#6561,.F.);
#6767=ADVANCED_FACE('',(#6183),#61,.T.);
#6768=ADVANCED_FACE('',(#6184),#6562,.F.);
#6769=ADVANCED_FACE('',(#6185),#62,.T.);
#6770=ADVANCED_FACE('',(#6186),#6563,.F.);
#6771=ADVANCED_FACE('',(#6187),#63,.T.);
#6772=ADVANCED_FACE('',(#6188),#6564,.F.);
#6773=ADVANCED_FACE('',(#6189),#64,.T.);
#6774=ADVANCED_FACE('',(#6190),#6565,.F.);
#6775=ADVANCED_FACE('',(#6191),#65,.T.);
#6776=ADVANCED_FACE('',(#6192),#6566,.F.);
#6777=ADVANCED_FACE('',(#6193),#66,.T.);
#6778=ADVANCED_FACE('',(#6194),#6567,.F.);
#6779=ADVANCED_FACE('',(#6195),#67,.T.);
#6780=ADVANCED_FACE('',(#6196),#6568,.F.);
#6781=ADVANCED_FACE('',(#6197),#68,.T.);
#6782=ADVANCED_FACE('',(#6198),#6569,.F.);
#6783=ADVANCED_FACE('',(#6199),#69,.T.);
#6784=ADVANCED_FACE('',(#6200),#6570,.F.);
#6785=ADVANCED_FACE('',(#6201),#70,.T.);
#6786=ADVANCED_FACE('',(#6202),#6571,.F.);
#6787=ADVANCED_FACE('',(#6203),#71,.T.);
#6788=ADVANCED_FACE('',(#6204),#6572,.F.);
#6789=ADVANCED_FACE('',(#6205),#72,.T.);
#6790=ADVANCED_FACE('',(#6206),#6573,.F.);
#6791=ADVANCED_FACE('',(#6207),#73,.T.);
#6792=ADVANCED_FACE('',(#6208),#6574,.F.);
#6793=ADVANCED_FACE('',(#6209),#74,.T.);
#6794=ADVANCED_FACE('',(#6210),#6575,.F.);
#6795=ADVANCED_FACE('',(#6211),#75,.T.);
#6796=ADVANCED_FACE('',(#6212),#6576,.F.);
#6797=ADVANCED_FACE('',(#6213),#76,.T.);
#6798=ADVANCED_FACE('',(#6214),#6577,.F.);
#6799=ADVANCED_FACE('',(#6215),#77,.T.);
#6800=ADVANCED_FACE('',(#6216),#6578,.F.);
#6801=ADVANCED_FACE('',(#6217),#78,.T.);
#6802=ADVANCED_FACE('',(#6218),#6579,.F.);
#6803=ADVANCED_FACE('',(#6219),#79,.T.);
#6804=ADVANCED_FACE('',(#6220),#6580,.F.);
#6805=ADVANCED_FACE('',(#6221),#80,.T.);
#6806=ADVANCED_FACE('',(#6222),#6581,.F.);
#6807=ADVANCED_FACE('',(#6223),#81,.T.);
#6808=ADVANCED_FACE('',(#6224),#6582,.F.);
#6809=ADVANCED_FACE('',(#6225),#82,.T.);
#6810=ADVANCED_FACE('',(#6226),#6583,.F.);
#6811=ADVANCED_FACE('',(#6227),#83,.T.);
#6812=ADVANCED_FACE('',(#6228),#6584,.F.);
#6813=ADVANCED_FACE('',(#6229),#84,.T.);
#6814=ADVANCED_FACE('',(#6230),#6585,.F.);
#6815=ADVANCED_FACE('',(#6231),#85,.T.);
#6816=ADVANCED_FACE('',(#6232),#6586,.F.);
#6817=ADVANCED_FACE('',(#6233),#86,.T.);
#6818=ADVANCED_FACE('',(#6234),#6587,.F.);
#6819=ADVANCED_FACE('',(#6235),#87,.T.);
#6820=ADVANCED_FACE('',(#6236),#6588,.F.);
#6821=ADVANCED_FACE('',(#6237),#88,.T.);
#6822=ADVANCED_FACE('',(#6238),#6589,.F.);
#6823=ADVANCED_FACE('',(#6239),#89,.T.);
#6824=ADVANCED_FACE('',(#6240),#6590,.F.);
#6825=ADVANCED_FACE('',(#6241),#90,.T.);
#6826=ADVANCED_FACE('',(#6242),#6591,.F.);
#6827=ADVANCED_FACE('',(#6243),#91,.T.);
#6828=ADVANCED_FACE('',(#6244),#6592,.F.);
#6829=ADVANCED_FACE('',(#6245),#92,.T.);
#6830=ADVANCED_FACE('',(#6246),#6593,.F.);
#6831=ADVANCED_FACE('',(#6247),#93,.T.);
#6832=ADVANCED_FACE('',(#6248),#6594,.F.);
#6833=ADVANCED_FACE('',(#6249),#94,.T.);
#6834=ADVANCED_FACE('',(#6250),#6595,.F.);
#6835=ADVANCED_FACE('',(#6251),#95,.T.);
#6836=ADVANCED_FACE('',(#6252),#6596,.F.);
#6837=ADVANCED_FACE('',(#6253),#96,.T.);
#6838=ADVANCED_FACE('',(#6254),#6597,.F.);
#6839=ADVANCED_FACE('',(#6255),#97,.T.);
#6840=ADVANCED_FACE('',(#6256),#6598,.F.);
#6841=ADVANCED_FACE('',(#6257),#98,.T.);
#6842=ADVANCED_FACE('',(#6258),#6599,.F.);
#6843=ADVANCED_FACE('',(#6259),#99,.T.);
#6844=ADVANCED_FACE('',(#6260),#6600,.F.);
#6845=ADVANCED_FACE('',(#6261),#100,.T.);
#6846=ADVANCED_FACE('',(#6262),#6601,.F.);
#6847=ADVANCED_FACE('',(#6263),#101,.T.);
#6848=ADVANCED_FACE('',(#6264),#6602,.F.);
#6849=ADVANCED_FACE('',(#6265),#102,.T.);
#6850=ADVANCED_FACE('',(#6266),#6603,.F.);
#6851=ADVANCED_FACE('',(#6267),#103,.T.);
#6852=ADVANCED_FACE('',(#6268),#6604,.F.);
#6853=ADVANCED_FACE('',(#6269),#104,.T.);
#6854=ADVANCED_FACE('',(#6270),#6605,.F.);
#6855=ADVANCED_FACE('',(#6271),#105,.T.);
#6856=ADVANCED_FACE('',(#6272),#6606,.F.);
#6857=ADVANCED_FACE('',(#6273),#106,.T.);
#6858=ADVANCED_FACE('',(#6274),#6607,.F.);
#6859=ADVANCED_FACE('',(#6275),#107,.T.);
#6860=ADVANCED_FACE('',(#6276),#6608,.F.);
#6861=ADVANCED_FACE('',(#6277),#108,.T.);
#6862=ADVANCED_FACE('',(#6278),#109,.T.);
#6863=ADVANCED_FACE('',(#6279),#6609,.F.);
#6864=ADVANCED_FACE('',(#6280),#110,.T.);
#6865=ADVANCED_FACE('',(#6281),#6610,.F.);
#6866=ADVANCED_FACE('',(#6282),#111,.T.);
#6867=ADVANCED_FACE('',(#6283),#6611,.F.);
#6868=ADVANCED_FACE('',(#6284),#112,.T.);
#6869=ADVANCED_FACE('',(#6285),#113,.T.);
#6870=ADVANCED_FACE('',(#6286),#114,.T.);
#6871=ADVANCED_FACE('',(#6287),#6612,.F.);
#6872=ADVANCED_FACE('',(#6288),#115,.T.);
#6873=ADVANCED_FACE('',(#6289),#6613,.F.);
#6874=ADVANCED_FACE('',(#6290),#116,.T.);
#6875=ADVANCED_FACE('',(#6291),#6614,.F.);
#6876=ADVANCED_FACE('',(#6292),#117,.T.);
#6877=ADVANCED_FACE('',(#6293),#6615,.F.);
#6878=ADVANCED_FACE('',(#6294),#118,.T.);
#6879=ADVANCED_FACE('',(#6295),#6616,.F.);
#6880=ADVANCED_FACE('',(#6296),#119,.T.);
#6881=ADVANCED_FACE('',(#6297),#6617,.F.);
#6882=ADVANCED_FACE('',(#6298),#120,.T.);
#6883=ADVANCED_FACE('',(#6299),#6618,.F.);
#6884=ADVANCED_FACE('',(#6300),#121,.T.);
#6885=ADVANCED_FACE('',(#6301),#6619,.F.);
#6886=ADVANCED_FACE('',(#6302),#122,.T.);
#6887=ADVANCED_FACE('',(#6303),#6620,.F.);
#6888=ADVANCED_FACE('',(#6304),#123,.T.);
#6889=ADVANCED_FACE('',(#6305),#6621,.F.);
#6890=ADVANCED_FACE('',(#6306),#124,.T.);
#6891=ADVANCED_FACE('',(#6307),#6622,.F.);
#6892=ADVANCED_FACE('',(#6308),#125,.T.);
#6893=ADVANCED_FACE('',(#6309),#6623,.F.);
#6894=ADVANCED_FACE('',(#6310),#126,.T.);
#6895=ADVANCED_FACE('',(#6311),#6624,.F.);
#6896=ADVANCED_FACE('',(#6312),#127,.T.);
#6897=ADVANCED_FACE('',(#6313),#6625,.F.);
#6898=ADVANCED_FACE('',(#6314),#128,.T.);
#6899=ADVANCED_FACE('',(#6315),#6626,.F.);
#6900=ADVANCED_FACE('',(#6316),#129,.T.);
#6901=ADVANCED_FACE('',(#6317),#6627,.F.);
#6902=ADVANCED_FACE('',(#6318),#130,.T.);
#6903=ADVANCED_FACE('',(#6319),#6628,.F.);
#6904=ADVANCED_FACE('',(#6320),#131,.T.);
#6905=ADVANCED_FACE('',(#6321),#6629,.F.);
#6906=ADVANCED_FACE('',(#6322),#6630,.F.);
#6907=ADVANCED_FACE('',(#6323),#132,.T.);
#6908=ADVANCED_FACE('',(#6324),#6631,.F.);
#6909=ADVANCED_FACE('',(#6325),#133,.T.);
#6910=ADVANCED_FACE('',(#6326),#6632,.F.);
#6911=ADVANCED_FACE('',(#6327),#134,.T.);
#6912=ADVANCED_FACE('',(#6328),#6633,.F.);
#6913=ADVANCED_FACE('',(#6329),#135,.T.);
#6914=ADVANCED_FACE('',(#6330),#6634,.F.);
#6915=ADVANCED_FACE('',(#6331),#136,.T.);
#6916=ADVANCED_FACE('',(#6332),#6635,.F.);
#6917=ADVANCED_FACE('',(#6333),#137,.T.);
#6918=ADVANCED_FACE('',(#6334),#6636,.F.);
#6919=ADVANCED_FACE('',(#6335),#138,.T.);
#6920=ADVANCED_FACE('',(#6336),#6637,.F.);
#6921=ADVANCED_FACE('',(#6337),#139,.T.);
#6922=ADVANCED_FACE('',(#6338),#6638,.F.);
#6923=ADVANCED_FACE('',(#6339),#140,.T.);
#6924=ADVANCED_FACE('',(#6340),#6639,.F.);
#6925=ADVANCED_FACE('',(#6341),#141,.T.);
#6926=ADVANCED_FACE('',(#6342),#6640,.F.);
#6927=ADVANCED_FACE('',(#6343),#142,.T.);
#6928=ADVANCED_FACE('',(#6344),#6641,.F.);
#6929=ADVANCED_FACE('',(#6345),#143,.T.);
#6930=ADVANCED_FACE('',(#6346),#6642,.F.);
#6931=ADVANCED_FACE('',(#6347),#144,.T.);
#6932=ADVANCED_FACE('',(#6348),#6643,.F.);
#6933=ADVANCED_FACE('',(#6349),#145,.T.);
#6934=ADVANCED_FACE('',(#6350),#6644,.F.);
#6935=ADVANCED_FACE('',(#6351),#146,.T.);
#6936=ADVANCED_FACE('',(#6352),#6645,.F.);
#6937=ADVANCED_FACE('',(#6353),#147,.T.);
#6938=ADVANCED_FACE('',(#6354),#6646,.F.);
#6939=ADVANCED_FACE('',(#6355),#148,.T.);
#6940=ADVANCED_FACE('',(#6356),#6647,.F.);
#6941=ADVANCED_FACE('',(#6357),#149,.T.);
#6942=ADVANCED_FACE('',(#6358),#6648,.F.);
#6943=ADVANCED_FACE('',(#6359),#150,.T.);
#6944=ADVANCED_FACE('',(#6360),#6649,.F.);
#6945=ADVANCED_FACE('',(#6361),#151,.T.);
#6946=ADVANCED_FACE('',(#6362),#6650,.F.);
#6947=ADVANCED_FACE('',(#6363),#152,.T.);
#6948=ADVANCED_FACE('',(#6364),#6651,.F.);
#6949=ADVANCED_FACE('',(#6365),#153,.T.);
#6950=ADVANCED_FACE('',(#6366),#6652,.F.);
#6951=ADVANCED_FACE('',(#6367),#154,.T.);
#6952=ADVANCED_FACE('',(#6368),#6653,.F.);
#6953=ADVANCED_FACE('',(#6369),#155,.T.);
#6954=ADVANCED_FACE('',(#6370),#6654,.F.);
#6955=ADVANCED_FACE('',(#6371),#156,.T.);
#6956=ADVANCED_FACE('',(#6372),#6655,.F.);
#6957=ADVANCED_FACE('',(#6373),#157,.T.);
#6958=ADVANCED_FACE('',(#6374),#6656,.F.);
#6959=ADVANCED_FACE('',(#6375),#158,.T.);
#6960=ADVANCED_FACE('',(#6376),#6657,.F.);
#6961=ADVANCED_FACE('',(#6377),#159,.T.);
#6962=ADVANCED_FACE('',(#6378),#160,.T.);
#6963=ADVANCED_FACE('',(#6379),#6658,.T.);
#6964=ADVANCED_FACE('',(#6380),#161,.F.);
#6965=ADVANCED_FACE('',(#6381),#162,.F.);
#6966=ADVANCED_FACE('',(#6382),#163,.F.);
#6967=ADVANCED_FACE('',(#6383),#164,.T.);
#6968=ADVANCED_FACE('',(#6384),#165,.T.);
#6969=ADVANCED_FACE('',(#6385),#166,.T.);
#6970=ADVANCED_FACE('',(#6386,#6387,#6388,#6389,#6390,#6391,#6392,#6393,
#6394,#6395,#6396,#6397,#6398,#6399,#6400,#6401,#6402,#6403,#6404,#6405,
#6406,#6407,#6408,#6409,#6410,#6411,#6412,#6413,#6414,#6415,#6416,#6417,
#6418,#6419,#6420,#6421,#6422,#6423,#6424,#6425),#167,.T.);
#6971=ADVANCED_FACE('',(#6426,#6427),#6659,.F.);
#6972=ADVANCED_FACE('',(#6428),#168,.T.);
#6973=ADVANCED_FACE('',(#6429),#169,.T.);
#6974=ADVANCED_FACE('',(#6430),#6660,.T.);
#6975=ADVANCED_FACE('',(#6431,#6432),#6661,.F.);
#6976=ADVANCED_FACE('',(#6433),#170,.T.);
#6977=ADVANCED_FACE('',(#6434),#171,.T.);
#6978=ADVANCED_FACE('',(#6435),#172,.T.);
#6979=ADVANCED_FACE('',(#6436),#173,.T.);
#6980=ADVANCED_FACE('',(#6437,#6438),#6662,.F.);
#6981=ADVANCED_FACE('',(#6439),#6663,.T.);
#6982=ADVANCED_FACE('',(#6440),#174,.T.);
#6983=ADVANCED_FACE('',(#6441),#175,.T.);
#6984=ADVANCED_FACE('',(#6442),#176,.T.);
#6985=ADVANCED_FACE('',(#6443),#6664,.T.);
#6986=ADVANCED_FACE('',(#6444,#6445),#6665,.F.);
#6987=ADVANCED_FACE('',(#6446),#177,.T.);
#6988=ADVANCED_FACE('',(#6447),#178,.F.);
#6989=ADVANCED_FACE('',(#6448),#6666,.F.);
#6990=ADVANCED_FACE('',(#6449),#179,.F.);
#6991=ADVANCED_FACE('',(#6450),#6667,.F.);
#6992=ADVANCED_FACE('',(#6451),#6668,.F.);
#6993=ADVANCED_FACE('',(#6452),#180,.F.);
#6994=ADVANCED_FACE('',(#6453),#6669,.F.);
#6995=ADVANCED_FACE('',(#6454),#181,.F.);
#6996=ADVANCED_FACE('',(#6455),#6670,.F.);
#6997=ADVANCED_FACE('',(#6456),#182,.F.);
#6998=ADVANCED_FACE('',(#6457),#6671,.F.);
#6999=ADVANCED_FACE('',(#6458),#183,.F.);
#7000=ADVANCED_FACE('',(#6459,#6460,#6461,#6462,#6463,#6464,#6465,#6466,
#6467,#6468,#6469,#6470,#6471,#6472,#6473,#6474,#6475,#6476,#6477,#6478,
#6479,#6480,#6481,#6482,#6483,#6484,#6485,#6486,#6487,#6488,#6489,#6490,
#6491,#6492,#6493,#6494,#6495,#6496,#6497,#6498),#184,.F.);
#7001=ADVANCED_FACE('',(#6499),#185,.T.);
#7002=ADVANCED_FACE('',(#6500),#186,.T.);
#7003=ADVANCED_FACE('',(#6501),#187,.T.);
#7004=ADVANCED_FACE('',(#6502),#188,.T.);
#7005=ADVANCED_FACE('',(#6503),#189,.T.);
#7006=ADVANCED_FACE('',(#6504),#190,.T.);
#7007=ADVANCED_FACE('',(#6505),#191,.F.);
#7008=ADVANCED_FACE('',(#6506),#192,.T.);
#7009=ADVANCED_FACE('',(#6507),#193,.T.);
#7010=ADVANCED_FACE('',(#6508),#194,.T.);
#7011=ADVANCED_FACE('',(#6509),#195,.T.);
#7012=ADVANCED_FACE('',(#6510),#196,.T.);
#7013=ADVANCED_FACE('',(#6511),#197,.T.);
#7014=ADVANCED_FACE('',(#6512),#198,.T.);
#7015=ADVANCED_FACE('',(#6513),#199,.T.);
#7016=CLOSED_SHELL('',(#6672,#6673,#6674,#6675,#6676,#6677,#6678,#6679,
#6680,#6681,#6682,#6683,#6684,#6685,#6686,#6687,#6688,#6689,#6690,#6691,
#6692,#6693,#6694,#6695,#6696,#6697,#6698,#6699,#6700,#6701,#6702,#6703,
#6704,#6705,#6706,#6707,#6708,#6709,#6710,#6711,#6712,#6713,#6714,#6715,
#6716,#6717,#6718,#6719,#6720,#6721,#6722,#6723,#6724,#6725,#6726,#6727,
#6728,#6729,#6730,#6731,#6732,#6733,#6734,#6735,#6736,#6737,#6738,#6739,
#6740,#6741,#6742,#6743,#6744,#6745,#6746,#6747,#6748,#6749,#6750,#6751,
#6752,#6753,#6754,#6755,#6756,#6757,#6758,#6759,#6760,#6761,#6762,#6763,
#6764,#6765,#6766,#6767,#6768,#6769,#6770,#6771,#6772,#6773,#6774,#6775,
#6776,#6777,#6778,#6779,#6780,#6781,#6782,#6783,#6784,#6785,#6786,#6787,
#6788,#6789,#6790,#6791,#6792,#6793,#6794,#6795,#6796,#6797,#6798,#6799,
#6800,#6801,#6802,#6803,#6804,#6805,#6806,#6807,#6808,#6809,#6810,#6811,
#6812,#6813,#6814,#6815,#6816,#6817,#6818,#6819,#6820,#6821,#6822,#6823,
#6824,#6825,#6826,#6827,#6828,#6829,#6830,#6831,#6832,#6833,#6834,#6835,
#6836,#6837,#6838,#6839,#6840,#6841,#6842,#6843,#6844,#6845,#6846,#6847,
#6848,#6849,#6850,#6851,#6852,#6853,#6854,#6855,#6856,#6857,#6858,#6859,
#6860,#6861,#6862,#6863,#6864,#6865,#6866,#6867,#6868,#6869,#6870,#6871,
#6872,#6873,#6874,#6875,#6876,#6877,#6878,#6879,#6880,#6881,#6882,#6883,
#6884,#6885,#6886,#6887,#6888,#6889,#6890,#6891,#6892,#6893,#6894,#6895,
#6896,#6897,#6898,#6899,#6900,#6901,#6902,#6903,#6904,#6905,#6906,#6907,
#6908,#6909,#6910,#6911,#6912,#6913,#6914,#6915,#6916,#6917,#6918,#6919,
#6920,#6921,#6922,#6923,#6924,#6925,#6926,#6927,#6928,#6929,#6930,#6931,
#6932,#6933,#6934,#6935,#6936,#6937,#6938,#6939,#6940,#6941,#6942,#6943,
#6944,#6945,#6946,#6947,#6948,#6949,#6950,#6951,#6952,#6953,#6954,#6955,
#6956,#6957,#6958,#6959,#6960,#6961,#6962,#6963,#6964,#6965,#6966,#6967,
#6968,#6969,#6970,#6971,#6972,#6973,#6974,#6975,#6976,#6977,#6978,#6979,
#6980,#6981,#6982,#6983,#6984,#6985,#6986,#6987,#6988,#6989,#6990,#6991,
#6992,#6993,#6994,#6995,#6996,#6997,#6998,#6999,#7000,#7001,#7002,#7003,
#7004,#7005,#7006,#7007,#7008,#7009,#7010,#7011,#7012,#7013,#7014,#7015));
#7017=STYLED_ITEM('',(#7018),#7025);
#7018=PRESENTATION_STYLE_ASSIGNMENT((#7019));
#7019=SURFACE_STYLE_USAGE(.BOTH.,#7020);
#7020=SURFACE_SIDE_STYLE('',(#7021));
#7021=SURFACE_STYLE_FILL_AREA(#7022);
#7022=FILL_AREA_STYLE('',(#7023));
#7023=FILL_AREA_STYLE_COLOUR('',#7024);
#7024=COLOUR_RGB('',0.282352941176471,0.137254901960784,0.0941176470588235);
#7025=MANIFOLD_SOLID_BREP('plate left half:1__Body1',#7016);
#7026=SHAPE_DEFINITION_REPRESENTATION(#11772,#7027);
#7027=SHAPE_REPRESENTATION('plate left half:1__Body1',(#7028),#11767);
#7028=AXIS2_PLACEMENT_3D('',#9713,#7689,#7690);
#7029=AXIS2_PLACEMENT_3D('',#9714,#7691,#7692);
#7030=AXIS2_PLACEMENT_3D('',#9715,#7693,#7694);
#7031=AXIS2_PLACEMENT_3D('',#9720,#7696,#7697);
#7032=AXIS2_PLACEMENT_3D('',#9723,#7699,#7700);
#7033=AXIS2_PLACEMENT_3D('',#9724,#7701,#7702);
#7034=AXIS2_PLACEMENT_3D('',#9729,#7704,#7705);
#7035=AXIS2_PLACEMENT_3D('',#9732,#7707,#7708);
#7036=AXIS2_PLACEMENT_3D('',#9733,#7709,#7710);
#7037=AXIS2_PLACEMENT_3D('',#9738,#7712,#7713);
#7038=AXIS2_PLACEMENT_3D('',#9741,#7715,#7716);
#7039=AXIS2_PLACEMENT_3D('',#9747,#7720,#7721);
#7040=AXIS2_PLACEMENT_3D('',#9748,#7722,#7723);
#7041=AXIS2_PLACEMENT_3D('',#9752,#7725,#7726);
#7042=AXIS2_PLACEMENT_3D('',#9753,#7727,#7728);
#7043=AXIS2_PLACEMENT_3D('',#9759,#7732,#7733);
#7044=AXIS2_PLACEMENT_3D('',#9760,#7734,#7735);
#7045=AXIS2_PLACEMENT_3D('',#9764,#7737,#7738);
#7046=AXIS2_PLACEMENT_3D('',#9765,#7739,#7740);
#7047=AXIS2_PLACEMENT_3D('',#9771,#7744,#7745);
#7048=AXIS2_PLACEMENT_3D('',#9772,#7746,#7747);
#7049=AXIS2_PLACEMENT_3D('',#9776,#7749,#7750);
#7050=AXIS2_PLACEMENT_3D('',#9777,#7751,#7752);
#7051=AXIS2_PLACEMENT_3D('',#9780,#7755,#7756);
#7052=AXIS2_PLACEMENT_3D('',#9781,#7757,#7758);
#7053=AXIS2_PLACEMENT_3D('',#9786,#7760,#7761);
#7054=AXIS2_PLACEMENT_3D('',#9789,#7763,#7764);
#7055=AXIS2_PLACEMENT_3D('',#9795,#7768,#7769);
#7056=AXIS2_PLACEMENT_3D('',#9796,#7770,#7771);
#7057=AXIS2_PLACEMENT_3D('',#9800,#7773,#7774);
#7058=AXIS2_PLACEMENT_3D('',#9801,#7775,#7776);
#7059=AXIS2_PLACEMENT_3D('',#9807,#7780,#7781);
#7060=AXIS2_PLACEMENT_3D('',#9808,#7782,#7783);
#7061=AXIS2_PLACEMENT_3D('',#9812,#7785,#7786);
#7062=AXIS2_PLACEMENT_3D('',#9813,#7787,#7788);
#7063=AXIS2_PLACEMENT_3D('',#9819,#7792,#7793);
#7064=AXIS2_PLACEMENT_3D('',#9820,#7794,#7795);
#7065=AXIS2_PLACEMENT_3D('',#9824,#7797,#7798);
#7066=AXIS2_PLACEMENT_3D('',#9825,#7799,#7800);
#7067=AXIS2_PLACEMENT_3D('',#9828,#7803,#7804);
#7068=AXIS2_PLACEMENT_3D('',#9829,#7805,#7806);
#7069=AXIS2_PLACEMENT_3D('',#9834,#7808,#7809);
#7070=AXIS2_PLACEMENT_3D('',#9837,#7811,#7812);
#7071=AXIS2_PLACEMENT_3D('',#9843,#7816,#7817);
#7072=AXIS2_PLACEMENT_3D('',#9844,#7818,#7819);
#7073=AXIS2_PLACEMENT_3D('',#9848,#7821,#7822);
#7074=AXIS2_PLACEMENT_3D('',#9849,#7823,#7824);
#7075=AXIS2_PLACEMENT_3D('',#9855,#7828,#7829);
#7076=AXIS2_PLACEMENT_3D('',#9861,#7833,#7834);
#7077=AXIS2_PLACEMENT_3D('',#9862,#7835,#7836);
#7078=AXIS2_PLACEMENT_3D('',#9866,#7838,#7839);
#7079=AXIS2_PLACEMENT_3D('',#9867,#7840,#7841);
#7080=AXIS2_PLACEMENT_3D('',#9873,#7845,#7846);
#7081=AXIS2_PLACEMENT_3D('',#9874,#7847,#7848);
#7082=AXIS2_PLACEMENT_3D('',#9878,#7850,#7851);
#7083=AXIS2_PLACEMENT_3D('',#9879,#7852,#7853);
#7084=AXIS2_PLACEMENT_3D('',#9885,#7857,#7858);
#7085=AXIS2_PLACEMENT_3D('',#9891,#7862,#7863);
#7086=AXIS2_PLACEMENT_3D('',#9892,#7864,#7865);
#7087=AXIS2_PLACEMENT_3D('',#9896,#7867,#7868);
#7088=AXIS2_PLACEMENT_3D('',#9897,#7869,#7870);
#7089=AXIS2_PLACEMENT_3D('',#9903,#7874,#7875);
#7090=AXIS2_PLACEMENT_3D('',#9904,#7876,#7877);
#7091=AXIS2_PLACEMENT_3D('',#9908,#7879,#7880);
#7092=AXIS2_PLACEMENT_3D('',#9909,#7881,#7882);
#7093=AXIS2_PLACEMENT_3D('',#9912,#7885,#7886);
#7094=AXIS2_PLACEMENT_3D('',#9913,#7887,#7888);
#7095=AXIS2_PLACEMENT_3D('',#9918,#7890,#7891);
#7096=AXIS2_PLACEMENT_3D('',#9921,#7893,#7894);
#7097=AXIS2_PLACEMENT_3D('',#9927,#7898,#7899);
#7098=AXIS2_PLACEMENT_3D('',#9928,#7900,#7901);
#7099=AXIS2_PLACEMENT_3D('',#9932,#7903,#7904);
#7100=AXIS2_PLACEMENT_3D('',#9933,#7905,#7906);
#7101=AXIS2_PLACEMENT_3D('',#9939,#7910,#7911);
#7102=AXIS2_PLACEMENT_3D('',#9940,#7912,#7913);
#7103=AXIS2_PLACEMENT_3D('',#9944,#7915,#7916);
#7104=AXIS2_PLACEMENT_3D('',#9945,#7917,#7918);
#7105=AXIS2_PLACEMENT_3D('',#9951,#7922,#7923);
#7106=AXIS2_PLACEMENT_3D('',#9952,#7924,#7925);
#7107=AXIS2_PLACEMENT_3D('',#9956,#7927,#7928);
#7108=AXIS2_PLACEMENT_3D('',#9957,#7929,#7930);
#7109=AXIS2_PLACEMENT_3D('',#9960,#7933,#7934);
#7110=AXIS2_PLACEMENT_3D('',#9961,#7935,#7936);
#7111=AXIS2_PLACEMENT_3D('',#9966,#7938,#7939);
#7112=AXIS2_PLACEMENT_3D('',#9969,#7941,#7942);
#7113=AXIS2_PLACEMENT_3D('',#9975,#7946,#7947);
#7114=AXIS2_PLACEMENT_3D('',#9976,#7948,#7949);
#7115=AXIS2_PLACEMENT_3D('',#9980,#7951,#7952);
#7116=AXIS2_PLACEMENT_3D('',#9981,#7953,#7954);
#7117=AXIS2_PLACEMENT_3D('',#9987,#7958,#7959);
#7118=AXIS2_PLACEMENT_3D('',#9988,#7960,#7961);
#7119=AXIS2_PLACEMENT_3D('',#9992,#7963,#7964);
#7120=AXIS2_PLACEMENT_3D('',#9993,#7965,#7966);
#7121=AXIS2_PLACEMENT_3D('',#9999,#7970,#7971);
#7122=AXIS2_PLACEMENT_3D('',#10000,#7972,#7973);
#7123=AXIS2_PLACEMENT_3D('',#10004,#7975,#7976);
#7124=AXIS2_PLACEMENT_3D('',#10005,#7977,#7978);
#7125=AXIS2_PLACEMENT_3D('',#10008,#7981,#7982);
#7126=AXIS2_PLACEMENT_3D('',#10009,#7983,#7984);
#7127=AXIS2_PLACEMENT_3D('',#10014,#7986,#7987);
#7128=AXIS2_PLACEMENT_3D('',#10017,#7989,#7990);
#7129=AXIS2_PLACEMENT_3D('',#10023,#7994,#7995);
#7130=AXIS2_PLACEMENT_3D('',#10024,#7996,#7997);
#7131=AXIS2_PLACEMENT_3D('',#10028,#7999,#8000);
#7132=AXIS2_PLACEMENT_3D('',#10029,#8001,#8002);
#7133=AXIS2_PLACEMENT_3D('',#10035,#8006,#8007);
#7134=AXIS2_PLACEMENT_3D('',#10036,#8008,#8009);
#7135=AXIS2_PLACEMENT_3D('',#10040,#8011,#8012);
#7136=AXIS2_PLACEMENT_3D('',#10041,#8013,#8014);
#7137=AXIS2_PLACEMENT_3D('',#10047,#8018,#8019);
#7138=AXIS2_PLACEMENT_3D('',#10048,#8020,#8021);
#7139=AXIS2_PLACEMENT_3D('',#10052,#8023,#8024);
#7140=AXIS2_PLACEMENT_3D('',#10053,#8025,#8026);
#7141=AXIS2_PLACEMENT_3D('',#10056,#8029,#8030);
#7142=AXIS2_PLACEMENT_3D('',#10057,#8031,#8032);
#7143=AXIS2_PLACEMENT_3D('',#10062,#8034,#8035);
#7144=AXIS2_PLACEMENT_3D('',#10065,#8037,#8038);
#7145=AXIS2_PLACEMENT_3D('',#10071,#8042,#8043);
#7146=AXIS2_PLACEMENT_3D('',#10072,#8044,#8045);
#7147=AXIS2_PLACEMENT_3D('',#10076,#8047,#8048);
#7148=AXIS2_PLACEMENT_3D('',#10077,#8049,#8050);
#7149=AXIS2_PLACEMENT_3D('',#10083,#8054,#8055);
#7150=AXIS2_PLACEMENT_3D('',#10084,#8056,#8057);
#7151=AXIS2_PLACEMENT_3D('',#10089,#8059,#8060);
#7152=AXIS2_PLACEMENT_3D('',#10092,#8062,#8063);
#7153=AXIS2_PLACEMENT_3D('',#10098,#8067,#8068);
#7154=AXIS2_PLACEMENT_3D('',#10099,#8069,#8070);
#7155=AXIS2_PLACEMENT_3D('',#10103,#8072,#8073);
#7156=AXIS2_PLACEMENT_3D('',#10104,#8074,#8075);
#7157=AXIS2_PLACEMENT_3D('',#10110,#8079,#8080);
#7158=AXIS2_PLACEMENT_3D('',#10111,#8081,#8082);
#7159=AXIS2_PLACEMENT_3D('',#10115,#8084,#8085);
#7160=AXIS2_PLACEMENT_3D('',#10116,#8086,#8087);
#7161=AXIS2_PLACEMENT_3D('',#10122,#8091,#8092);
#7162=AXIS2_PLACEMENT_3D('',#10123,#8093,#8094);
#7163=AXIS2_PLACEMENT_3D('',#10127,#8096,#8097);
#7164=AXIS2_PLACEMENT_3D('',#10128,#8098,#8099);
#7165=AXIS2_PLACEMENT_3D('',#10131,#8102,#8103);
#7166=AXIS2_PLACEMENT_3D('',#10132,#8104,#8105);
#7167=AXIS2_PLACEMENT_3D('',#10137,#8107,#8108);
#7168=AXIS2_PLACEMENT_3D('',#10140,#8110,#8111);
#7169=AXIS2_PLACEMENT_3D('',#10146,#8115,#8116);
#7170=AXIS2_PLACEMENT_3D('',#10147,#8117,#8118);
#7171=AXIS2_PLACEMENT_3D('',#10151,#8120,#8121);
#7172=AXIS2_PLACEMENT_3D('',#10152,#8122,#8123);
#7173=AXIS2_PLACEMENT_3D('',#10158,#8127,#8128);
#7174=AXIS2_PLACEMENT_3D('',#10159,#8129,#8130);
#7175=AXIS2_PLACEMENT_3D('',#10163,#8132,#8133);
#7176=AXIS2_PLACEMENT_3D('',#10164,#8134,#8135);
#7177=AXIS2_PLACEMENT_3D('',#10170,#8139,#8140);
#7178=AXIS2_PLACEMENT_3D('',#10171,#8141,#8142);
#7179=AXIS2_PLACEMENT_3D('',#10175,#8144,#8145);
#7180=AXIS2_PLACEMENT_3D('',#10176,#8146,#8147);
#7181=AXIS2_PLACEMENT_3D('',#10179,#8150,#8151);
#7182=AXIS2_PLACEMENT_3D('',#10180,#8152,#8153);
#7183=AXIS2_PLACEMENT_3D('',#10185,#8155,#8156);
#7184=AXIS2_PLACEMENT_3D('',#10188,#8158,#8159);
#7185=AXIS2_PLACEMENT_3D('',#10194,#8163,#8164);
#7186=AXIS2_PLACEMENT_3D('',#10195,#8165,#8166);
#7187=AXIS2_PLACEMENT_3D('',#10199,#8168,#8169);
#7188=AXIS2_PLACEMENT_3D('',#10200,#8170,#8171);
#7189=AXIS2_PLACEMENT_3D('',#10206,#8175,#8176);
#7190=AXIS2_PLACEMENT_3D('',#10207,#8177,#8178);
#7191=AXIS2_PLACEMENT_3D('',#10211,#8180,#8181);
#7192=AXIS2_PLACEMENT_3D('',#10212,#8182,#8183);
#7193=AXIS2_PLACEMENT_3D('',#10218,#8187,#8188);
#7194=AXIS2_PLACEMENT_3D('',#10219,#8189,#8190);
#7195=AXIS2_PLACEMENT_3D('',#10223,#8192,#8193);
#7196=AXIS2_PLACEMENT_3D('',#10224,#8194,#8195);
#7197=AXIS2_PLACEMENT_3D('',#10227,#8198,#8199);
#7198=AXIS2_PLACEMENT_3D('',#10228,#8200,#8201);
#7199=AXIS2_PLACEMENT_3D('',#10233,#8203,#8204);
#7200=AXIS2_PLACEMENT_3D('',#10236,#8206,#8207);
#7201=AXIS2_PLACEMENT_3D('',#10242,#8211,#8212);
#7202=AXIS2_PLACEMENT_3D('',#10243,#8213,#8214);
#7203=AXIS2_PLACEMENT_3D('',#10247,#8216,#8217);
#7204=AXIS2_PLACEMENT_3D('',#10248,#8218,#8219);
#7205=AXIS2_PLACEMENT_3D('',#10254,#8223,#8224);
#7206=AXIS2_PLACEMENT_3D('',#10255,#8225,#8226);
#7207=AXIS2_PLACEMENT_3D('',#10259,#8228,#8229);
#7208=AXIS2_PLACEMENT_3D('',#10260,#8230,#8231);
#7209=AXIS2_PLACEMENT_3D('',#10266,#8235,#8236);
#7210=AXIS2_PLACEMENT_3D('',#10267,#8237,#8238);
#7211=AXIS2_PLACEMENT_3D('',#10271,#8240,#8241);
#7212=AXIS2_PLACEMENT_3D('',#10272,#8242,#8243);
#7213=AXIS2_PLACEMENT_3D('',#10275,#8246,#8247);
#7214=AXIS2_PLACEMENT_3D('',#10276,#8248,#8249);
#7215=AXIS2_PLACEMENT_3D('',#10281,#8251,#8252);
#7216=AXIS2_PLACEMENT_3D('',#10284,#8254,#8255);
#7217=AXIS2_PLACEMENT_3D('',#10290,#8259,#8260);
#7218=AXIS2_PLACEMENT_3D('',#10291,#8261,#8262);
#7219=AXIS2_PLACEMENT_3D('',#10295,#8264,#8265);
#7220=AXIS2_PLACEMENT_3D('',#10296,#8266,#8267);
#7221=AXIS2_PLACEMENT_3D('',#10302,#8271,#8272);
#7222=AXIS2_PLACEMENT_3D('',#10303,#8273,#8274);
#7223=AXIS2_PLACEMENT_3D('',#10308,#8276,#8277);
#7224=AXIS2_PLACEMENT_3D('',#10311,#8279,#8280);
#7225=AXIS2_PLACEMENT_3D('',#10317,#8284,#8285);
#7226=AXIS2_PLACEMENT_3D('',#10318,#8286,#8287);
#7227=AXIS2_PLACEMENT_3D('',#10322,#8289,#8290);
#7228=AXIS2_PLACEMENT_3D('',#10323,#8291,#8292);
#7229=AXIS2_PLACEMENT_3D('',#10329,#8296,#8297);
#7230=AXIS2_PLACEMENT_3D('',#10330,#8298,#8299);
#7231=AXIS2_PLACEMENT_3D('',#10334,#8301,#8302);
#7232=AXIS2_PLACEMENT_3D('',#10335,#8303,#8304);
#7233=AXIS2_PLACEMENT_3D('',#10341,#8308,#8309);
#7234=AXIS2_PLACEMENT_3D('',#10342,#8310,#8311);
#7235=AXIS2_PLACEMENT_3D('',#10346,#8313,#8314);
#7236=AXIS2_PLACEMENT_3D('',#10347,#8315,#8316);
#7237=AXIS2_PLACEMENT_3D('',#10350,#8319,#8320);
#7238=AXIS2_PLACEMENT_3D('',#10351,#8321,#8322);
#7239=AXIS2_PLACEMENT_3D('',#10356,#8324,#8325);
#7240=AXIS2_PLACEMENT_3D('',#10359,#8327,#8328);
#7241=AXIS2_PLACEMENT_3D('',#10365,#8332,#8333);
#7242=AXIS2_PLACEMENT_3D('',#10366,#8334,#8335);
#7243=AXIS2_PLACEMENT_3D('',#10370,#8337,#8338);
#7244=AXIS2_PLACEMENT_3D('',#10371,#8339,#8340);
#7245=AXIS2_PLACEMENT_3D('',#10377,#8344,#8345);
#7246=AXIS2_PLACEMENT_3D('',#10378,#8346,#8347);
#7247=AXIS2_PLACEMENT_3D('',#10382,#8349,#8350);
#7248=AXIS2_PLACEMENT_3D('',#10383,#8351,#8352);
#7249=AXIS2_PLACEMENT_3D('',#10389,#8356,#8357);
#7250=AXIS2_PLACEMENT_3D('',#10390,#8358,#8359);
#7251=AXIS2_PLACEMENT_3D('',#10394,#8361,#8362);
#7252=AXIS2_PLACEMENT_3D('',#10395,#8363,#8364);
#7253=AXIS2_PLACEMENT_3D('',#10398,#8367,#8368);
#7254=AXIS2_PLACEMENT_3D('',#10399,#8369,#8370);
#7255=AXIS2_PLACEMENT_3D('',#10404,#8372,#8373);
#7256=AXIS2_PLACEMENT_3D('',#10407,#8375,#8376);
#7257=AXIS2_PLACEMENT_3D('',#10413,#8380,#8381);
#7258=AXIS2_PLACEMENT_3D('',#10414,#8382,#8383);
#7259=AXIS2_PLACEMENT_3D('',#10418,#8385,#8386);
#7260=AXIS2_PLACEMENT_3D('',#10419,#8387,#8388);
#7261=AXIS2_PLACEMENT_3D('',#10425,#8392,#8393);
#7262=AXIS2_PLACEMENT_3D('',#10426,#8394,#8395);
#7263=AXIS2_PLACEMENT_3D('',#10430,#8397,#8398);
#7264=AXIS2_PLACEMENT_3D('',#10431,#8399,#8400);
#7265=AXIS2_PLACEMENT_3D('',#10437,#8404,#8405);
#7266=AXIS2_PLACEMENT_3D('',#10438,#8406,#8407);
#7267=AXIS2_PLACEMENT_3D('',#10442,#8409,#8410);
#7268=AXIS2_PLACEMENT_3D('',#10443,#8411,#8412);
#7269=AXIS2_PLACEMENT_3D('',#10446,#8415,#8416);
#7270=AXIS2_PLACEMENT_3D('',#10447,#8417,#8418);
#7271=AXIS2_PLACEMENT_3D('',#10452,#8420,#8421);
#7272=AXIS2_PLACEMENT_3D('',#10455,#8423,#8424);
#7273=AXIS2_PLACEMENT_3D('',#10461,#8428,#8429);
#7274=AXIS2_PLACEMENT_3D('',#10462,#8430,#8431);
#7275=AXIS2_PLACEMENT_3D('',#10466,#8433,#8434);
#7276=AXIS2_PLACEMENT_3D('',#10467,#8435,#8436);
#7277=AXIS2_PLACEMENT_3D('',#10473,#8440,#8441);
#7278=AXIS2_PLACEMENT_3D('',#10474,#8442,#8443);
#7279=AXIS2_PLACEMENT_3D('',#10478,#8445,#8446);
#7280=AXIS2_PLACEMENT_3D('',#10479,#8447,#8448);
#7281=AXIS2_PLACEMENT_3D('',#10485,#8452,#8453);
#7282=AXIS2_PLACEMENT_3D('',#10486,#8454,#8455);
#7283=AXIS2_PLACEMENT_3D('',#10490,#8457,#8458);
#7284=AXIS2_PLACEMENT_3D('',#10491,#8459,#8460);
#7285=AXIS2_PLACEMENT_3D('',#10494,#8463,#8464);
#7286=AXIS2_PLACEMENT_3D('',#10495,#8465,#8466);
#7287=AXIS2_PLACEMENT_3D('',#10500,#8468,#8469);
#7288=AXIS2_PLACEMENT_3D('',#10503,#8471,#8472);
#7289=AXIS2_PLACEMENT_3D('',#10509,#8476,#8477);
#7290=AXIS2_PLACEMENT_3D('',#10510,#8478,#8479);
#7291=AXIS2_PLACEMENT_3D('',#10514,#8481,#8482);
#7292=AXIS2_PLACEMENT_3D('',#10515,#8483,#8484);
#7293=AXIS2_PLACEMENT_3D('',#10521,#8488,#8489);
#7294=AXIS2_PLACEMENT_3D('',#10522,#8490,#8491);
#7295=AXIS2_PLACEMENT_3D('',#10526,#8493,#8494);
#7296=AXIS2_PLACEMENT_3D('',#10527,#8495,#8496);
#7297=AXIS2_PLACEMENT_3D('',#10533,#8500,#8501);
#7298=AXIS2_PLACEMENT_3D('',#10534,#8502,#8503);
#7299=AXIS2_PLACEMENT_3D('',#10538,#8505,#8506);
#7300=AXIS2_PLACEMENT_3D('',#10539,#8507,#8508);
#7301=AXIS2_PLACEMENT_3D('',#10542,#8511,#8512);
#7302=AXIS2_PLACEMENT_3D('',#10543,#8513,#8514);
#7303=AXIS2_PLACEMENT_3D('',#10548,#8516,#8517);
#7304=AXIS2_PLACEMENT_3D('',#10551,#8519,#8520);
#7305=AXIS2_PLACEMENT_3D('',#10557,#8524,#8525);
#7306=AXIS2_PLACEMENT_3D('',#10558,#8526,#8527);
#7307=AXIS2_PLACEMENT_3D('',#10562,#8529,#8530);
#7308=AXIS2_PLACEMENT_3D('',#10563,#8531,#8532);
#7309=AXIS2_PLACEMENT_3D('',#10569,#8536,#8537);
#7310=AXIS2_PLACEMENT_3D('',#10570,#8538,#8539);
#7311=AXIS2_PLACEMENT_3D('',#10575,#8541,#8542);
#7312=AXIS2_PLACEMENT_3D('',#10578,#8544,#8545);
#7313=AXIS2_PLACEMENT_3D('',#10584,#8549,#8550);
#7314=AXIS2_PLACEMENT_3D('',#10585,#8551,#8552);
#7315=AXIS2_PLACEMENT_3D('',#10589,#8554,#8555);
#7316=AXIS2_PLACEMENT_3D('',#10590,#8556,#8557);
#7317=AXIS2_PLACEMENT_3D('',#10596,#8561,#8562);
#7318=AXIS2_PLACEMENT_3D('',#10597,#8563,#8564);
#7319=AXIS2_PLACEMENT_3D('',#10601,#8566,#8567);
#7320=AXIS2_PLACEMENT_3D('',#10602,#8568,#8569);
#7321=AXIS2_PLACEMENT_3D('',#10608,#8573,#8574);
#7322=AXIS2_PLACEMENT_3D('',#10609,#8575,#8576);
#7323=AXIS2_PLACEMENT_3D('',#10613,#8578,#8579);
#7324=AXIS2_PLACEMENT_3D('',#10614,#8580,#8581);
#7325=AXIS2_PLACEMENT_3D('',#10617,#8584,#8585);
#7326=AXIS2_PLACEMENT_3D('',#10618,#8586,#8587);
#7327=AXIS2_PLACEMENT_3D('',#10623,#8589,#8590);
#7328=AXIS2_PLACEMENT_3D('',#10626,#8592,#8593);
#7329=AXIS2_PLACEMENT_3D('',#10632,#8597,#8598);
#7330=AXIS2_PLACEMENT_3D('',#10633,#8599,#8600);
#7331=AXIS2_PLACEMENT_3D('',#10637,#8602,#8603);
#7332=AXIS2_PLACEMENT_3D('',#10638,#8604,#8605);
#7333=AXIS2_PLACEMENT_3D('',#10644,#8609,#8610);
#7334=AXIS2_PLACEMENT_3D('',#10645,#8611,#8612);
#7335=AXIS2_PLACEMENT_3D('',#10649,#8614,#8615);
#7336=AXIS2_PLACEMENT_3D('',#10650,#8616,#8617);
#7337=AXIS2_PLACEMENT_3D('',#10656,#8621,#8622);
#7338=AXIS2_PLACEMENT_3D('',#10657,#8623,#8624);
#7339=AXIS2_PLACEMENT_3D('',#10661,#8626,#8627);
#7340=AXIS2_PLACEMENT_3D('',#10662,#8628,#8629);
#7341=AXIS2_PLACEMENT_3D('',#10665,#8632,#8633);
#7342=AXIS2_PLACEMENT_3D('',#10666,#8634,#8635);
#7343=AXIS2_PLACEMENT_3D('',#10671,#8637,#8638);
#7344=AXIS2_PLACEMENT_3D('',#10674,#8640,#8641);
#7345=AXIS2_PLACEMENT_3D('',#10680,#8645,#8646);
#7346=AXIS2_PLACEMENT_3D('',#10681,#8647,#8648);
#7347=AXIS2_PLACEMENT_3D('',#10685,#8650,#8651);
#7348=AXIS2_PLACEMENT_3D('',#10686,#8652,#8653);
#7349=AXIS2_PLACEMENT_3D('',#10692,#8657,#8658);
#7350=AXIS2_PLACEMENT_3D('',#10693,#8659,#8660);
#7351=AXIS2_PLACEMENT_3D('',#10697,#8662,#8663);
#7352=AXIS2_PLACEMENT_3D('',#10698,#8664,#8665);
#7353=AXIS2_PLACEMENT_3D('',#10704,#8669,#8670);
#7354=AXIS2_PLACEMENT_3D('',#10705,#8671,#8672);
#7355=AXIS2_PLACEMENT_3D('',#10709,#8674,#8675);
#7356=AXIS2_PLACEMENT_3D('',#10710,#8676,#8677);
#7357=AXIS2_PLACEMENT_3D('',#10713,#8680,#8681);
#7358=AXIS2_PLACEMENT_3D('',#10714,#8682,#8683);
#7359=AXIS2_PLACEMENT_3D('',#10719,#8685,#8686);
#7360=AXIS2_PLACEMENT_3D('',#10722,#8688,#8689);
#7361=AXIS2_PLACEMENT_3D('',#10728,#8693,#8694);
#7362=AXIS2_PLACEMENT_3D('',#10729,#8695,#8696);
#7363=AXIS2_PLACEMENT_3D('',#10733,#8698,#8699);
#7364=AXIS2_PLACEMENT_3D('',#10734,#8700,#8701);
#7365=AXIS2_PLACEMENT_3D('',#10740,#8705,#8706);
#7366=AXIS2_PLACEMENT_3D('',#10741,#8707,#8708);
#7367=AXIS2_PLACEMENT_3D('',#10745,#8710,#8711);
#7368=AXIS2_PLACEMENT_3D('',#10746,#8712,#8713);
#7369=AXIS2_PLACEMENT_3D('',#10752,#8717,#8718);
#7370=AXIS2_PLACEMENT_3D('',#10753,#8719,#8720);
#7371=AXIS2_PLACEMENT_3D('',#10757,#8722,#8723);
#7372=AXIS2_PLACEMENT_3D('',#10758,#8724,#8725);
#7373=AXIS2_PLACEMENT_3D('',#10761,#8728,#8729);
#7374=AXIS2_PLACEMENT_3D('',#10762,#8730,#8731);
#7375=AXIS2_PLACEMENT_3D('',#10767,#8733,#8734);
#7376=AXIS2_PLACEMENT_3D('',#10770,#8736,#8737);
#7377=AXIS2_PLACEMENT_3D('',#10776,#8741,#8742);
#7378=AXIS2_PLACEMENT_3D('',#10777,#8743,#8744);
#7379=AXIS2_PLACEMENT_3D('',#10781,#8746,#8747);
#7380=AXIS2_PLACEMENT_3D('',#10782,#8748,#8749);
#7381=AXIS2_PLACEMENT_3D('',#10788,#8753,#8754);
#7382=AXIS2_PLACEMENT_3D('',#10789,#8755,#8756);
#7383=AXIS2_PLACEMENT_3D('',#10793,#8758,#8759);
#7384=AXIS2_PLACEMENT_3D('',#10794,#8760,#8761);
#7385=AXIS2_PLACEMENT_3D('',#10800,#8765,#8766);
#7386=AXIS2_PLACEMENT_3D('',#10801,#8767,#8768);
#7387=AXIS2_PLACEMENT_3D('',#10805,#8770,#8771);
#7388=AXIS2_PLACEMENT_3D('',#10806,#8772,#8773);
#7389=AXIS2_PLACEMENT_3D('',#10809,#8776,#8777);
#7390=AXIS2_PLACEMENT_3D('',#10810,#8778,#8779);
#7391=AXIS2_PLACEMENT_3D('',#10815,#8781,#8782);
#7392=AXIS2_PLACEMENT_3D('',#10818,#8784,#8785);
#7393=AXIS2_PLACEMENT_3D('',#10824,#8789,#8790);
#7394=AXIS2_PLACEMENT_3D('',#10825,#8791,#8792);
#7395=AXIS2_PLACEMENT_3D('',#10829,#8794,#8795);
#7396=AXIS2_PLACEMENT_3D('',#10830,#8796,#8797);
#7397=AXIS2_PLACEMENT_3D('',#10836,#8801,#8802);
#7398=AXIS2_PLACEMENT_3D('',#10837,#8803,#8804);
#7399=AXIS2_PLACEMENT_3D('',#10841,#8806,#8807);
#7400=AXIS2_PLACEMENT_3D('',#10842,#8808,#8809);
#7401=AXIS2_PLACEMENT_3D('',#10848,#8813,#8814);
#7402=AXIS2_PLACEMENT_3D('',#10849,#8815,#8816);
#7403=AXIS2_PLACEMENT_3D('',#10853,#8818,#8819);
#7404=AXIS2_PLACEMENT_3D('',#10854,#8820,#8821);
#7405=AXIS2_PLACEMENT_3D('',#10857,#8824,#8825);
#7406=AXIS2_PLACEMENT_3D('',#10858,#8826,#8827);
#7407=AXIS2_PLACEMENT_3D('',#10863,#8829,#8830);
#7408=AXIS2_PLACEMENT_3D('',#10866,#8832,#8833);
#7409=AXIS2_PLACEMENT_3D('',#10872,#8837,#8838);
#7410=AXIS2_PLACEMENT_3D('',#10881,#8843,#8844);
#7411=AXIS2_PLACEMENT_3D('',#10882,#8845,#8846);
#7412=AXIS2_PLACEMENT_3D('',#10886,#8848,#8849);
#7413=AXIS2_PLACEMENT_3D('',#10887,#8850,#8851);
#7414=AXIS2_PLACEMENT_3D('',#10893,#8855,#8856);
#7415=AXIS2_PLACEMENT_3D('',#10894,#8857,#8858);
#7416=AXIS2_PLACEMENT_3D('',#10898,#8860,#8861);
#7417=AXIS2_PLACEMENT_3D('',#10899,#8862,#8863);
#7418=AXIS2_PLACEMENT_3D('',#10905,#8867,#8868);
#7419=AXIS2_PLACEMENT_3D('',#10906,#8869,#8870);
#7420=AXIS2_PLACEMENT_3D('',#10910,#8872,#8873);
#7421=AXIS2_PLACEMENT_3D('',#10911,#8874,#8875);
#7422=AXIS2_PLACEMENT_3D('',#10917,#8879,#8880);
#7423=AXIS2_PLACEMENT_3D('',#10923,#8884,#8885);
#7424=AXIS2_PLACEMENT_3D('',#10926,#8888,#8889);
#7425=AXIS2_PLACEMENT_3D('',#10927,#8890,#8891);
#7426=AXIS2_PLACEMENT_3D('',#10932,#8893,#8894);
#7427=AXIS2_PLACEMENT_3D('',#10935,#8896,#8897);
#7428=AXIS2_PLACEMENT_3D('',#10941,#8901,#8902);
#7429=AXIS2_PLACEMENT_3D('',#10942,#8903,#8904);
#7430=AXIS2_PLACEMENT_3D('',#10946,#8906,#8907);
#7431=AXIS2_PLACEMENT_3D('',#10947,#8908,#8909);
#7432=AXIS2_PLACEMENT_3D('',#10953,#8913,#8914);
#7433=AXIS2_PLACEMENT_3D('',#10954,#8915,#8916);
#7434=AXIS2_PLACEMENT_3D('',#10958,#8918,#8919);
#7435=AXIS2_PLACEMENT_3D('',#10959,#8920,#8921);
#7436=AXIS2_PLACEMENT_3D('',#10965,#8925,#8926);
#7437=AXIS2_PLACEMENT_3D('',#10966,#8927,#8928);
#7438=AXIS2_PLACEMENT_3D('',#10970,#8930,#8931);
#7439=AXIS2_PLACEMENT_3D('',#10971,#8932,#8933);
#7440=AXIS2_PLACEMENT_3D('',#10974,#8936,#8937);
#7441=AXIS2_PLACEMENT_3D('',#10975,#8938,#8939);
#7442=AXIS2_PLACEMENT_3D('',#10980,#8941,#8942);
#7443=AXIS2_PLACEMENT_3D('',#10983,#8944,#8945);
#7444=AXIS2_PLACEMENT_3D('',#10989,#8949,#8950);
#7445=AXIS2_PLACEMENT_3D('',#10990,#8951,#8952);
#7446=AXIS2_PLACEMENT_3D('',#10994,#8954,#8955);
#7447=AXIS2_PLACEMENT_3D('',#10995,#8956,#8957);
#7448=AXIS2_PLACEMENT_3D('',#11001,#8961,#8962);
#7449=AXIS2_PLACEMENT_3D('',#11002,#8963,#8964);
#7450=AXIS2_PLACEMENT_3D('',#11006,#8966,#8967);
#7451=AXIS2_PLACEMENT_3D('',#11007,#8968,#8969);
#7452=AXIS2_PLACEMENT_3D('',#11013,#8973,#8974);
#7453=AXIS2_PLACEMENT_3D('',#11014,#8975,#8976);
#7454=AXIS2_PLACEMENT_3D('',#11018,#8978,#8979);
#7455=AXIS2_PLACEMENT_3D('',#11019,#8980,#8981);
#7456=AXIS2_PLACEMENT_3D('',#11022,#8984,#8985);
#7457=AXIS2_PLACEMENT_3D('',#11023,#8986,#8987);
#7458=AXIS2_PLACEMENT_3D('',#11028,#8989,#8990);
#7459=AXIS2_PLACEMENT_3D('',#11031,#8992,#8993);
#7460=AXIS2_PLACEMENT_3D('',#11037,#8997,#8998);
#7461=AXIS2_PLACEMENT_3D('',#11038,#8999,#9000);
#7462=AXIS2_PLACEMENT_3D('',#11042,#9002,#9003);
#7463=AXIS2_PLACEMENT_3D('',#11043,#9004,#9005);
#7464=AXIS2_PLACEMENT_3D('',#11049,#9009,#9010);
#7465=AXIS2_PLACEMENT_3D('',#11050,#9011,#9012);
#7466=AXIS2_PLACEMENT_3D('',#11054,#9014,#9015);
#7467=AXIS2_PLACEMENT_3D('',#11055,#9016,#9017);
#7468=AXIS2_PLACEMENT_3D('',#11061,#9021,#9022);
#7469=AXIS2_PLACEMENT_3D('',#11062,#9023,#9024);
#7470=AXIS2_PLACEMENT_3D('',#11066,#9026,#9027);
#7471=AXIS2_PLACEMENT_3D('',#11067,#9028,#9029);
#7472=AXIS2_PLACEMENT_3D('',#11070,#9032,#9033);
#7473=AXIS2_PLACEMENT_3D('',#11071,#9034,#9035);
#7474=AXIS2_PLACEMENT_3D('',#11076,#9037,#9038);
#7475=AXIS2_PLACEMENT_3D('',#11079,#9040,#9041);
#7476=AXIS2_PLACEMENT_3D('',#11085,#9045,#9046);
#7477=AXIS2_PLACEMENT_3D('',#11086,#9047,#9048);
#7478=AXIS2_PLACEMENT_3D('',#11090,#9050,#9051);
#7479=AXIS2_PLACEMENT_3D('',#11091,#9052,#9053);
#7480=AXIS2_PLACEMENT_3D('',#11097,#9057,#9058);
#7481=AXIS2_PLACEMENT_3D('',#11098,#9059,#9060);
#7482=AXIS2_PLACEMENT_3D('',#11102,#9062,#9063);
#7483=AXIS2_PLACEMENT_3D('',#11103,#9064,#9065);
#7484=AXIS2_PLACEMENT_3D('',#11109,#9069,#9070);
#7485=AXIS2_PLACEMENT_3D('',#11110,#9071,#9072);
#7486=AXIS2_PLACEMENT_3D('',#11114,#9074,#9075);
#7487=AXIS2_PLACEMENT_3D('',#11115,#9076,#9077);
#7488=AXIS2_PLACEMENT_3D('',#11118,#9080,#9081);
#7489=AXIS2_PLACEMENT_3D('',#11119,#9082,#9083);
#7490=AXIS2_PLACEMENT_3D('',#11124,#9085,#9086);
#7491=AXIS2_PLACEMENT_3D('',#11127,#9088,#9089);
#7492=AXIS2_PLACEMENT_3D('',#11133,#9093,#9094);
#7493=AXIS2_PLACEMENT_3D('',#11134,#9095,#9096);
#7494=AXIS2_PLACEMENT_3D('',#11138,#9098,#9099);
#7495=AXIS2_PLACEMENT_3D('',#11139,#9100,#9101);
#7496=AXIS2_PLACEMENT_3D('',#11140,#9102,#9103);
#7497=AXIS2_PLACEMENT_3D('',#11145,#9105,#9106);
#7498=AXIS2_PLACEMENT_3D('',#11148,#9108,#9109);
#7499=AXIS2_PLACEMENT_3D('',#11154,#9113,#9114);
#7500=AXIS2_PLACEMENT_3D('',#11155,#9115,#9116);
#7501=AXIS2_PLACEMENT_3D('',#11159,#9118,#9119);
#7502=AXIS2_PLACEMENT_3D('',#11160,#9120,#9121);
#7503=AXIS2_PLACEMENT_3D('',#11166,#9125,#9126);
#7504=AXIS2_PLACEMENT_3D('',#11167,#9127,#9128);
#7505=AXIS2_PLACEMENT_3D('',#11171,#9130,#9131);
#7506=AXIS2_PLACEMENT_3D('',#11172,#9132,#9133);
#7507=AXIS2_PLACEMENT_3D('',#11178,#9137,#9138);
#7508=AXIS2_PLACEMENT_3D('',#11179,#9139,#9140);
#7509=AXIS2_PLACEMENT_3D('',#11183,#9142,#9143);
#7510=AXIS2_PLACEMENT_3D('',#11184,#9144,#9145);
#7511=AXIS2_PLACEMENT_3D('',#11187,#9148,#9149);
#7512=AXIS2_PLACEMENT_3D('',#11188,#9150,#9151);
#7513=AXIS2_PLACEMENT_3D('',#11193,#9153,#9154);
#7514=AXIS2_PLACEMENT_3D('',#11196,#9156,#9157);
#7515=AXIS2_PLACEMENT_3D('',#11202,#9161,#9162);
#7516=AXIS2_PLACEMENT_3D('',#11203,#9163,#9164);
#7517=AXIS2_PLACEMENT_3D('',#11207,#9166,#9167);
#7518=AXIS2_PLACEMENT_3D('',#11208,#9168,#9169);
#7519=AXIS2_PLACEMENT_3D('',#11214,#9173,#9174);
#7520=AXIS2_PLACEMENT_3D('',#11215,#9175,#9176);
#7521=AXIS2_PLACEMENT_3D('',#11219,#9178,#9179);
#7522=AXIS2_PLACEMENT_3D('',#11220,#9180,#9181);
#7523=AXIS2_PLACEMENT_3D('',#11226,#9185,#9186);
#7524=AXIS2_PLACEMENT_3D('',#11227,#9187,#9188);
#7525=AXIS2_PLACEMENT_3D('',#11231,#9190,#9191);
#7526=AXIS2_PLACEMENT_3D('',#11232,#9192,#9193);
#7527=AXIS2_PLACEMENT_3D('',#11235,#9196,#9197);
#7528=AXIS2_PLACEMENT_3D('',#11236,#9198,#9199);
#7529=AXIS2_PLACEMENT_3D('',#11241,#9201,#9202);
#7530=AXIS2_PLACEMENT_3D('',#11244,#9204,#9205);
#7531=AXIS2_PLACEMENT_3D('',#11250,#9209,#9210);
#7532=AXIS2_PLACEMENT_3D('',#11251,#9211,#9212);
#7533=AXIS2_PLACEMENT_3D('',#11255,#9214,#9215);
#7534=AXIS2_PLACEMENT_3D('',#11256,#9216,#9217);
#7535=AXIS2_PLACEMENT_3D('',#11262,#9221,#9222);
#7536=AXIS2_PLACEMENT_3D('',#11263,#9223,#9224);
#7537=AXIS2_PLACEMENT_3D('',#11267,#9226,#9227);
#7538=AXIS2_PLACEMENT_3D('',#11268,#9228,#9229);
#7539=AXIS2_PLACEMENT_3D('',#11274,#9233,#9234);
#7540=AXIS2_PLACEMENT_3D('',#11275,#9235,#9236);
#7541=AXIS2_PLACEMENT_3D('',#11279,#9238,#9239);
#7542=AXIS2_PLACEMENT_3D('',#11280,#9240,#9241);
#7543=AXIS2_PLACEMENT_3D('',#11283,#9244,#9245);
#7544=AXIS2_PLACEMENT_3D('',#11284,#9246,#9247);
#7545=AXIS2_PLACEMENT_3D('',#11289,#9249,#9250);
#7546=AXIS2_PLACEMENT_3D('',#11292,#9252,#9253);
#7547=AXIS2_PLACEMENT_3D('',#11298,#9257,#9258);
#7548=AXIS2_PLACEMENT_3D('',#11299,#9259,#9260);
#7549=AXIS2_PLACEMENT_3D('',#11303,#9262,#9263);
#7550=AXIS2_PLACEMENT_3D('',#11304,#9264,#9265);
#7551=AXIS2_PLACEMENT_3D('',#11310,#9269,#9270);
#7552=AXIS2_PLACEMENT_3D('',#11311,#9271,#9272);
#7553=AXIS2_PLACEMENT_3D('',#11315,#9274,#9275);
#7554=AXIS2_PLACEMENT_3D('',#11316,#9276,#9277);
#7555=AXIS2_PLACEMENT_3D('',#11322,#9281,#9282);
#7556=AXIS2_PLACEMENT_3D('',#11323,#9283,#9284);
#7557=AXIS2_PLACEMENT_3D('',#11327,#9286,#9287);
#7558=AXIS2_PLACEMENT_3D('',#11328,#9288,#9289);
#7559=AXIS2_PLACEMENT_3D('',#11331,#9292,#9293);
#7560=AXIS2_PLACEMENT_3D('',#11332,#9294,#9295);
#7561=AXIS2_PLACEMENT_3D('',#11337,#9297,#9298);
#7562=AXIS2_PLACEMENT_3D('',#11340,#9300,#9301);
#7563=AXIS2_PLACEMENT_3D('',#11346,#9305,#9306);
#7564=AXIS2_PLACEMENT_3D('',#11347,#9307,#9308);
#7565=AXIS2_PLACEMENT_3D('',#11351,#9310,#9311);
#7566=AXIS2_PLACEMENT_3D('',#11352,#9312,#9313);
#7567=AXIS2_PLACEMENT_3D('',#11358,#9317,#9318);
#7568=AXIS2_PLACEMENT_3D('',#11359,#9319,#9320);
#7569=AXIS2_PLACEMENT_3D('',#11363,#9322,#9323);
#7570=AXIS2_PLACEMENT_3D('',#11364,#9324,#9325);
#7571=AXIS2_PLACEMENT_3D('',#11370,#9329,#9330);
#7572=AXIS2_PLACEMENT_3D('',#11371,#9331,#9332);
#7573=AXIS2_PLACEMENT_3D('',#11375,#9334,#9335);
#7574=AXIS2_PLACEMENT_3D('',#11376,#9336,#9337);
#7575=AXIS2_PLACEMENT_3D('',#11379,#9340,#9341);
#7576=AXIS2_PLACEMENT_3D('',#11380,#9342,#9343);
#7577=AXIS2_PLACEMENT_3D('',#11385,#9345,#9346);
#7578=AXIS2_PLACEMENT_3D('',#11388,#9348,#9349);
#7579=AXIS2_PLACEMENT_3D('',#11394,#9353,#9354);
#7580=AXIS2_PLACEMENT_3D('',#11395,#9355,#9356);
#7581=AXIS2_PLACEMENT_3D('',#11399,#9358,#9359);
#7582=AXIS2_PLACEMENT_3D('',#11400,#9360,#9361);
#7583=AXIS2_PLACEMENT_3D('',#11406,#9365,#9366);
#7584=AXIS2_PLACEMENT_3D('',#11407,#9367,#9368);
#7585=AXIS2_PLACEMENT_3D('',#11411,#9370,#9371);
#7586=AXIS2_PLACEMENT_3D('',#11412,#9372,#9373);
#7587=AXIS2_PLACEMENT_3D('',#11418,#9377,#9378);
#7588=AXIS2_PLACEMENT_3D('',#11419,#9379,#9380);
#7589=AXIS2_PLACEMENT_3D('',#11423,#9382,#9383);
#7590=AXIS2_PLACEMENT_3D('',#11424,#9384,#9385);
#7591=AXIS2_PLACEMENT_3D('',#11427,#9388,#9389);
#7592=AXIS2_PLACEMENT_3D('',#11428,#9390,#9391);
#7593=AXIS2_PLACEMENT_3D('',#11433,#9393,#9394);
#7594=AXIS2_PLACEMENT_3D('',#11436,#9396,#9397);
#7595=AXIS2_PLACEMENT_3D('',#11442,#9401,#9402);
#7596=AXIS2_PLACEMENT_3D('',#11443,#9403,#9404);
#7597=AXIS2_PLACEMENT_3D('',#11447,#9406,#9407);
#7598=AXIS2_PLACEMENT_3D('',#11448,#9408,#9409);
#7599=AXIS2_PLACEMENT_3D('',#11454,#9413,#9414);
#7600=AXIS2_PLACEMENT_3D('',#11455,#9415,#9416);
#7601=AXIS2_PLACEMENT_3D('',#11459,#9418,#9419);
#7602=AXIS2_PLACEMENT_3D('',#11460,#9420,#9421);
#7603=AXIS2_PLACEMENT_3D('',#11466,#9425,#9426);
#7604=AXIS2_PLACEMENT_3D('',#11467,#9427,#9428);
#7605=AXIS2_PLACEMENT_3D('',#11471,#9430,#9431);
#7606=AXIS2_PLACEMENT_3D('',#11472,#9432,#9433);
#7607=AXIS2_PLACEMENT_3D('',#11475,#9436,#9437);
#7608=AXIS2_PLACEMENT_3D('',#11481,#9441,#9442);
#7609=AXIS2_PLACEMENT_3D('',#11482,#9443,#9444);
#7610=AXIS2_PLACEMENT_3D('',#11492,#9446,#9447);
#7611=AXIS2_PLACEMENT_3D('',#11500,#9449,#9450);
#7612=AXIS2_PLACEMENT_3D('',#11509,#9455,#9456);
#7613=AXIS2_PLACEMENT_3D('',#11515,#9460,#9461);
#7614=AXIS2_PLACEMENT_3D('',#11518,#9464,#9465);
#7615=AXIS2_PLACEMENT_3D('',#11524,#9469,#9470);
#7616=AXIS2_PLACEMENT_3D('',#11528,#9473,#9474);
#7617=AXIS2_PLACEMENT_3D('',#11530,#9476,#9477);
#7618=AXIS2_PLACEMENT_3D('',#11555,#9493,#9494);
#7619=AXIS2_PLACEMENT_3D('',#11563,#9498,#9499);
#7620=AXIS2_PLACEMENT_3D('',#11572,#9504,#9505);
#7621=AXIS2_PLACEMENT_3D('',#11580,#9509,#9510);
#7622=AXIS2_PLACEMENT_3D('',#11584,#9512,#9513);
#7623=AXIS2_PLACEMENT_3D('',#11588,#9515,#9516);
#7624=AXIS2_PLACEMENT_3D('',#11592,#9518,#9519);
#7625=AXIS2_PLACEMENT_3D('',#11593,#9520,#9521);
#7626=AXIS2_PLACEMENT_3D('',#11598,#9523,#9524);
#7627=AXIS2_PLACEMENT_3D('',#11601,#9526,#9527);
#7628=AXIS2_PLACEMENT_3D('',#11603,#9528,#9529);
#7629=AXIS2_PLACEMENT_3D('',#11605,#9530,#9531);
#7630=AXIS2_PLACEMENT_3D('',#11607,#9532,#9533);
#7631=AXIS2_PLACEMENT_3D('',#11609,#9534,#9535);
#7632=AXIS2_PLACEMENT_3D('',#11610,#9536,#9537);
#7633=AXIS2_PLACEMENT_3D('',#11612,#9538,#9539);
#7634=AXIS2_PLACEMENT_3D('',#11616,#9542,#9543);
#7635=AXIS2_PLACEMENT_3D('',#11622,#9547,#9548);
#7636=AXIS2_PLACEMENT_3D('',#11623,#9549,#9550);
#7637=AXIS2_PLACEMENT_3D('',#11626,#9552,#9553);
#7638=AXIS2_PLACEMENT_3D('',#11627,#9554,#9555);
#7639=AXIS2_PLACEMENT_3D('',#11629,#9556,#9557);
#7640=AXIS2_PLACEMENT_3D('',#11631,#9559,#9560);
#7641=AXIS2_PLACEMENT_3D('',#11635,#9563,#9564);
#7642=AXIS2_PLACEMENT_3D('',#11639,#9567,#9568);
#7643=AXIS2_PLACEMENT_3D('',#11643,#9571,#9572);
#7644=AXIS2_PLACEMENT_3D('',#11644,#9573,#9574);
#7645=AXIS2_PLACEMENT_3D('',#11646,#9575,#9576);
#7646=AXIS2_PLACEMENT_3D('',#11647,#9577,#9578);
#7647=AXIS2_PLACEMENT_3D('',#11650,#9580,#9581);
#7648=AXIS2_PLACEMENT_3D('',#11652,#9583,#9584);
#7649=AXIS2_PLACEMENT_3D('',#11656,#9587,#9588);
#7650=AXIS2_PLACEMENT_3D('',#11662,#9592,#9593);
#7651=AXIS2_PLACEMENT_3D('',#11663,#9594,#9595);
#7652=AXIS2_PLACEMENT_3D('',#11666,#9597,#9598);
#7653=AXIS2_PLACEMENT_3D('',#11667,#9599,#9600);
#7654=AXIS2_PLACEMENT_3D('',#11669,#9601,#9602);
#7655=AXIS2_PLACEMENT_3D('',#11671,#9604,#9605);
#7656=AXIS2_PLACEMENT_3D('',#11677,#9609,#9610);
#7657=AXIS2_PLACEMENT_3D('',#11678,#9611,#9612);
#7658=AXIS2_PLACEMENT_3D('',#11681,#9614,#9615);
#7659=AXIS2_PLACEMENT_3D('',#11685,#9618,#9619);
#7660=AXIS2_PLACEMENT_3D('',#11686,#9620,#9621);
#7661=AXIS2_PLACEMENT_3D('',#11687,#9622,#9623);
#7662=AXIS2_PLACEMENT_3D('',#11688,#9624,#9625);
#7663=AXIS2_PLACEMENT_3D('',#11693,#9628,#9629);
#7664=AXIS2_PLACEMENT_3D('',#11697,#9632,#9633);
#7665=AXIS2_PLACEMENT_3D('',#11698,#9634,#9635);
#7666=AXIS2_PLACEMENT_3D('',#11701,#9637,#9638);
#7667=AXIS2_PLACEMENT_3D('',#11703,#9640,#9641);
#7668=AXIS2_PLACEMENT_3D('',#11704,#9642,#9643);
#7669=AXIS2_PLACEMENT_3D('',#11709,#9646,#9647);
#7670=AXIS2_PLACEMENT_3D('',#11713,#9650,#9651);
#7671=AXIS2_PLACEMENT_3D('',#11714,#9652,#9653);
#7672=AXIS2_PLACEMENT_3D('',#11717,#9655,#9656);
#7673=AXIS2_PLACEMENT_3D('',#11719,#9658,#9659);
#7674=AXIS2_PLACEMENT_3D('',#11741,#9674,#9675);
#7675=AXIS2_PLACEMENT_3D('',#11743,#9677,#9678);
#7676=AXIS2_PLACEMENT_3D('',#11745,#9680,#9681);
#7677=AXIS2_PLACEMENT_3D('',#11747,#9683,#9684);
#7678=AXIS2_PLACEMENT_3D('',#11749,#9686,#9687);
#7679=AXIS2_PLACEMENT_3D('',#11751,#9689,#9690);
#7680=AXIS2_PLACEMENT_3D('',#11755,#9693,#9694);
#7681=AXIS2_PLACEMENT_3D('',#11757,#9696,#9697);
#7682=AXIS2_PLACEMENT_3D('',#11759,#9699,#9700);
#7683=AXIS2_PLACEMENT_3D('',#11760,#9701,#9702);
#7684=AXIS2_PLACEMENT_3D('',#11761,#9703,#9704);
#7685=AXIS2_PLACEMENT_3D('',#11762,#9705,#9706);
#7686=AXIS2_PLACEMENT_3D('',#11763,#9707,#9708);
#7687=AXIS2_PLACEMENT_3D('',#11764,#9709,#9710);
#7688=AXIS2_PLACEMENT_3D('',#11765,#9711,#9712);
#7689=DIRECTION('',(0.,0.,1.));
#7690=DIRECTION('',(1.,0.,0.));
#7691=DIRECTION('',(0.,0.,1.));
#7692=DIRECTION('',(0.,1.,0.));
#7693=DIRECTION('',(0.,0.,1.));
#7694=DIRECTION('',(1.,0.,0.));
#7695=DIRECTION('',(0.,0.,1.));
#7696=DIRECTION('',(0.,0.,1.));
#7697=DIRECTION('',(1.,0.,0.));
#7698=DIRECTION('',(0.,0.,1.));
#7699=DIRECTION('',(0.,0.,1.));
#7700=DIRECTION('',(-1.,0.,0.));
#7701=DIRECTION('',(0.,0.,1.));
#7702=DIRECTION('',(1.,0.,0.));
#7703=DIRECTION('',(0.,0.,1.));
#7704=DIRECTION('',(0.,0.,1.));
#7705=DIRECTION('',(1.,0.,0.));
#7706=DIRECTION('',(0.,0.,1.));
#7707=DIRECTION('',(0.,0.,1.));
#7708=DIRECTION('',(0.,-1.,0.));
#7709=DIRECTION('',(0.,0.,1.));
#7710=DIRECTION('',(1.,0.,0.));
#7711=DIRECTION('',(0.,0.,1.));
#7712=DIRECTION('',(0.,0.,1.));
#7713=DIRECTION('',(1.,0.,0.));
#7714=DIRECTION('',(0.,0.,1.));
#7715=DIRECTION('',(-1.36470705955096E-15,1.,0.));
#7716=DIRECTION('',(-1.,-1.36470705955096E-15,0.));
#7717=DIRECTION('',(-1.,-1.36470705955096E-15,0.));
#7718=DIRECTION('',(0.,0.,1.));
#7719=DIRECTION('',(1.,0.,0.));
#7720=DIRECTION('',(0.,0.,1.));
#7721=DIRECTION('',(-1.,0.,0.));
#7722=DIRECTION('',(0.,0.,1.));
#7723=DIRECTION('',(1.,0.,0.));
#7724=DIRECTION('',(0.,0.,1.));
#7725=DIRECTION('',(0.,0.,1.));
#7726=DIRECTION('',(1.,0.,0.));
#7727=DIRECTION('',(1.,-9.80883199052255E-16,0.));
#7728=DIRECTION('',(9.80883199052255E-16,1.,0.));
#7729=DIRECTION('',(9.80883199052255E-16,1.,0.));
#7730=DIRECTION('',(0.,0.,1.));
#7731=DIRECTION('',(0.,1.,0.));
#7732=DIRECTION('',(0.,0.,1.));
#7733=DIRECTION('',(0.,1.,0.));
#7734=DIRECTION('',(0.,0.,1.));
#7735=DIRECTION('',(1.,0.,0.));
#7736=DIRECTION('',(0.,0.,1.));
#7737=DIRECTION('',(0.,0.,1.));
#7738=DIRECTION('',(1.,0.,0.));
#7739=DIRECTION('',(0.,-1.,0.));
#7740=DIRECTION('',(1.,0.,0.));
#7741=DIRECTION('',(1.,0.,0.));
#7742=DIRECTION('',(0.,0.,1.));
#7743=DIRECTION('',(1.,0.,0.));
#7744=DIRECTION('',(0.,0.,1.));
#7745=DIRECTION('',(1.,0.,0.));
#7746=DIRECTION('',(0.,0.,1.));
#7747=DIRECTION('',(1.,0.,0.));
#7748=DIRECTION('',(0.,0.,1.));
#7749=DIRECTION('',(0.,0.,1.));
#7750=DIRECTION('',(1.,0.,0.));
#7751=DIRECTION('',(-1.,-3.41176764887741E-16,0.));
#7752=DIRECTION('',(3.41176764887741E-16,-1.,0.));
#7753=DIRECTION('',(3.41176764887741E-16,-1.,0.));
#7754=DIRECTION('',(0.,1.,0.));
#7755=DIRECTION('',(0.,0.,1.));
#7756=DIRECTION('',(0.,1.,0.));
#7757=DIRECTION('',(0.,0.,1.));
#7758=DIRECTION('',(1.,0.,0.));
#7759=DIRECTION('',(0.,0.,1.));
#7760=DIRECTION('',(0.,0.,1.));
#7761=DIRECTION('',(1.,0.,0.));
#7762=DIRECTION('',(0.,0.,1.));
#7763=DIRECTION('',(0.,-1.,0.));
#7764=DIRECTION('',(1.,0.,0.));
#7765=DIRECTION('',(1.,0.,0.));
#7766=DIRECTION('',(0.,0.,1.));
#7767=DIRECTION('',(1.,0.,0.));
#7768=DIRECTION('',(0.,0.,1.));
#7769=DIRECTION('',(1.,0.,0.));
#7770=DIRECTION('',(0.,0.,1.));
#7771=DIRECTION('',(1.,0.,0.));
#7772=DIRECTION('',(0.,0.,1.));
#7773=DIRECTION('',(0.,0.,1.));
#7774=DIRECTION('',(1.,0.,0.));
#7775=DIRECTION('',(-1.,-1.36470705955096E-15,0.));
#7776=DIRECTION('',(1.36470705955096E-15,-1.,0.));
#7777=DIRECTION('',(1.36470705955096E-15,-1.,0.));
#7778=DIRECTION('',(0.,0.,1.));
#7779=DIRECTION('',(0.,1.,0.));
#7780=DIRECTION('',(0.,0.,1.));
#7781=DIRECTION('',(0.,-1.,0.));
#7782=DIRECTION('',(0.,0.,1.));
#7783=DIRECTION('',(1.,0.,0.));
#7784=DIRECTION('',(0.,0.,1.));
#7785=DIRECTION('',(0.,0.,1.));
#7786=DIRECTION('',(1.,0.,0.));
#7787=DIRECTION('',(0.,1.,0.));
#7788=DIRECTION('',(-1.,0.,0.));
#7789=DIRECTION('',(-1.,0.,0.));
#7790=DIRECTION('',(0.,0.,1.));
#7791=DIRECTION('',(1.,0.,0.));
#7792=DIRECTION('',(0.,0.,1.));
#7793=DIRECTION('',(-1.,0.,0.));
#7794=DIRECTION('',(0.,0.,1.));
#7795=DIRECTION('',(1.,0.,0.));
#7796=DIRECTION('',(0.,0.,1.));
#7797=DIRECTION('',(0.,0.,1.));
#7798=DIRECTION('',(1.,0.,0.));
#7799=DIRECTION('',(1.,0.,0.));
#7800=DIRECTION('',(0.,1.,0.));
#7801=DIRECTION('',(0.,1.,0.));
#7802=DIRECTION('',(0.,1.,0.));
#7803=DIRECTION('',(0.,0.,1.));
#7804=DIRECTION('',(-1.,0.,0.));
#7805=DIRECTION('',(0.,0.,1.));
#7806=DIRECTION('',(1.,0.,0.));
#7807=DIRECTION('',(0.,0.,1.));
#7808=DIRECTION('',(0.,0.,1.));
#7809=DIRECTION('',(1.,0.,0.));
#7810=DIRECTION('',(0.,0.,1.));
#7811=DIRECTION('',(1.,3.16806995967188E-16,0.));
#7812=DIRECTION('',(-3.16806995967188E-16,1.,0.));
#7813=DIRECTION('',(-3.16806995967188E-16,1.,0.));
#7814=DIRECTION('',(0.,0.,1.));
#7815=DIRECTION('',(0.,1.,0.));
#7816=DIRECTION('',(0.,0.,1.));
#7817=DIRECTION('',(0.,1.,0.));
#7818=DIRECTION('',(0.,0.,1.));
#7819=DIRECTION('',(1.,0.,0.));
#7820=DIRECTION('',(0.,0.,1.));
#7821=DIRECTION('',(0.,0.,1.));
#7822=DIRECTION('',(1.,0.,0.));
#7823=DIRECTION('',(2.95686529569375E-15,-1.,0.));
#7824=DIRECTION('',(1.,2.95686529569375E-15,0.));
#7825=DIRECTION('',(1.,2.95686529569375E-15,0.));
#7826=DIRECTION('',(0.,0.,1.));
#7827=DIRECTION('',(1.,0.,0.));
#7828=DIRECTION('',(0.000437809570336335,-0.999999904161386,0.));
#7829=DIRECTION('',(0.999999904161386,0.000437809570336335,0.));
#7830=DIRECTION('',(0.999999904161386,0.000437809570336335,0.));
#7831=DIRECTION('',(0.,0.,1.));
#7832=DIRECTION('',(0.999999904161386,0.000437809570288143,0.));
#7833=DIRECTION('',(0.,0.,1.));
#7834=DIRECTION('',(0.,1.,0.));
#7835=DIRECTION('',(0.,0.,1.));
#7836=DIRECTION('',(1.,0.,0.));
#7837=DIRECTION('',(0.,0.,1.));
#7838=DIRECTION('',(0.,0.,1.));
#7839=DIRECTION('',(1.,0.,0.));
#7840=DIRECTION('',(0.,-1.,0.));
#7841=DIRECTION('',(1.,0.,0.));
#7842=DIRECTION('',(1.,0.,0.));
#7843=DIRECTION('',(0.,0.,1.));
#7844=DIRECTION('',(1.,0.,0.));
#7845=DIRECTION('',(0.,0.,1.));
#7846=DIRECTION('',(1.,0.,0.));
#7847=DIRECTION('',(0.,0.,1.));
#7848=DIRECTION('',(1.,0.,0.));
#7849=DIRECTION('',(0.,0.,1.));
#7850=DIRECTION('',(0.,0.,1.));
#7851=DIRECTION('',(1.,0.,0.));
#7852=DIRECTION('',(-0.000437809570360996,-0.999999904161386,0.));
#7853=DIRECTION('',(0.999999904161386,-0.000437809570360996,0.));
#7854=DIRECTION('',(0.999999904161386,-0.000437809570360996,0.));
#7855=DIRECTION('',(0.,0.,1.));
#7856=DIRECTION('',(0.999999904161385,-0.000437809570461562,0.));
#7857=DIRECTION('',(2.95686529569375E-15,-1.,0.));
#7858=DIRECTION('',(1.,2.95686529569375E-15,0.));
#7859=DIRECTION('',(1.,2.95686529569375E-15,0.));
#7860=DIRECTION('',(0.,0.,1.));
#7861=DIRECTION('',(1.,0.,0.));
#7862=DIRECTION('',(0.,0.,1.));
#7863=DIRECTION('',(1.,1.77523730327304E-14,0.));
#7864=DIRECTION('',(0.,0.,1.));
#7865=DIRECTION('',(1.,0.,0.));
#7866=DIRECTION('',(0.,0.,1.));
#7867=DIRECTION('',(0.,0.,1.));
#7868=DIRECTION('',(1.,0.,0.));
#7869=DIRECTION('',(-1.,6.33613991934375E-16,0.));
#7870=DIRECTION('',(-6.33613991934375E-16,-1.,0.));
#7871=DIRECTION('',(-6.33613991934375E-16,-1.,0.));
#7872=DIRECTION('',(0.,0.,1.));
#7873=DIRECTION('',(0.,1.,0.));
#7874=DIRECTION('',(0.,0.,1.));
#7875=DIRECTION('',(0.,-1.,0.));
#7876=DIRECTION('',(0.,0.,1.));
#7877=DIRECTION('',(1.,0.,0.));
#7878=DIRECTION('',(0.,0.,1.));
#7879=DIRECTION('',(0.,0.,1.));
#7880=DIRECTION('',(1.,0.,0.));
#7881=DIRECTION('',(0.,1.,0.));
#7882=DIRECTION('',(-1.,0.,0.));
#7883=DIRECTION('',(-1.,0.,0.));
#7884=DIRECTION('',(1.,0.,0.));
#7885=DIRECTION('',(0.,0.,1.));
#7886=DIRECTION('',(0.,-1.,0.));
#7887=DIRECTION('',(0.,0.,1.));
#7888=DIRECTION('',(1.,0.,0.));
#7889=DIRECTION('',(0.,0.,1.));
#7890=DIRECTION('',(0.,0.,1.));
#7891=DIRECTION('',(1.,0.,0.));
#7892=DIRECTION('',(0.,0.,1.));
#7893=DIRECTION('',(0.,1.,0.));
#7894=DIRECTION('',(-1.,0.,0.));
#7895=DIRECTION('',(-1.,0.,0.));
#7896=DIRECTION('',(0.,0.,1.));
#7897=DIRECTION('',(1.,0.,0.));
#7898=DIRECTION('',(0.,0.,1.));
#7899=DIRECTION('',(-1.,0.,0.));
#7900=DIRECTION('',(0.,0.,1.));
#7901=DIRECTION('',(1.,0.,0.));
#7902=DIRECTION('',(0.,0.,1.));
#7903=DIRECTION('',(0.,0.,1.));
#7904=DIRECTION('',(1.,0.,0.));
#7905=DIRECTION('',(1.,0.,0.));
#7906=DIRECTION('',(0.,1.,0.));
#7907=DIRECTION('',(0.,1.,0.));
#7908=DIRECTION('',(0.,0.,1.));
#7909=DIRECTION('',(0.,1.,0.));
#7910=DIRECTION('',(0.,0.,1.));
#7911=DIRECTION('',(0.,1.,0.));
#7912=DIRECTION('',(0.,0.,1.));
#7913=DIRECTION('',(1.,0.,0.));
#7914=DIRECTION('',(0.,0.,1.));
#7915=DIRECTION('',(0.,0.,1.));
#7916=DIRECTION('',(1.,0.,0.));
#7917=DIRECTION('',(0.,-1.,0.));
#7918=DIRECTION('',(1.,0.,0.));
#7919=DIRECTION('',(1.,0.,0.));
#7920=DIRECTION('',(0.,0.,1.));
#7921=DIRECTION('',(1.,0.,0.));
#7922=DIRECTION('',(0.,0.,1.));
#7923=DIRECTION('',(1.,0.,0.));
#7924=DIRECTION('',(0.,0.,1.));
#7925=DIRECTION('',(1.,0.,0.));
#7926=DIRECTION('',(0.,0.,1.));
#7927=DIRECTION('',(0.,0.,1.));
#7928=DIRECTION('',(1.,0.,0.));
#7929=DIRECTION('',(-1.,0.,0.));
#7930=DIRECTION('',(0.,-1.,0.));
#7931=DIRECTION('',(0.,-1.,0.));
#7932=DIRECTION('',(0.,1.,0.));
#7933=DIRECTION('',(0.,0.,1.));
#7934=DIRECTION('',(0.,-1.,0.));
#7935=DIRECTION('',(0.,0.,1.));
#7936=DIRECTION('',(1.,0.,0.));
#7937=DIRECTION('',(0.,0.,1.));
#7938=DIRECTION('',(0.,0.,1.));
#7939=DIRECTION('',(1.,0.,0.));
#7940=DIRECTION('',(0.,0.,1.));
#7941=DIRECTION('',(-1.36470685932237E-15,1.,0.));
#7942=DIRECTION('',(-1.,-1.36470685932237E-15,0.));
#7943=DIRECTION('',(-1.,-1.36470685932237E-15,0.));
#7944=DIRECTION('',(0.,0.,1.));
#7945=DIRECTION('',(1.,0.,0.));
#7946=DIRECTION('',(0.,0.,1.));
#7947=DIRECTION('',(-1.,0.,0.));
#7948=DIRECTION('',(0.,0.,1.));
#7949=DIRECTION('',(1.,0.,0.));
#7950=DIRECTION('',(0.,0.,1.));
#7951=DIRECTION('',(0.,0.,1.));
#7952=DIRECTION('',(1.,0.,0.));
#7953=DIRECTION('',(1.,-1.02353029466322E-15,0.));
#7954=DIRECTION('',(1.02353029466322E-15,1.,0.));
#7955=DIRECTION('',(1.02353029466322E-15,1.,0.));
#7956=DIRECTION('',(0.,0.,1.));
#7957=DIRECTION('',(0.,1.,0.));
#7958=DIRECTION('',(0.,0.,1.));
#7959=DIRECTION('',(0.,1.,0.));
#7960=DIRECTION('',(0.,0.,1.));
#7961=DIRECTION('',(1.,0.,0.));
#7962=DIRECTION('',(0.,0.,1.));
#7963=DIRECTION('',(0.,0.,1.));
#7964=DIRECTION('',(1.,0.,0.));
#7965=DIRECTION('',(0.,-1.,0.));
#7966=DIRECTION('',(1.,0.,0.));
#7967=DIRECTION('',(1.,0.,0.));
#7968=DIRECTION('',(0.,0.,1.));
#7969=DIRECTION('',(1.,0.,0.));
#7970=DIRECTION('',(0.,0.,1.));
#7971=DIRECTION('',(1.,0.,0.));
#7972=DIRECTION('',(0.,0.,1.));
#7973=DIRECTION('',(1.,0.,0.));
#7974=DIRECTION('',(0.,0.,1.));
#7975=DIRECTION('',(0.,0.,1.));
#7976=DIRECTION('',(1.,0.,0.));
#7977=DIRECTION('',(-1.,-6.82353529775482E-16,0.));
#7978=DIRECTION('',(6.82353529775482E-16,-1.,0.));
#7979=DIRECTION('',(6.82353529775482E-16,-1.,0.));
#7980=DIRECTION('',(0.,1.,0.));
#7981=DIRECTION('',(0.,0.,1.));
#7982=DIRECTION('',(0.,-1.,0.));
#7983=DIRECTION('',(0.,0.,1.));
#7984=DIRECTION('',(1.,0.,0.));
#7985=DIRECTION('',(0.,0.,1.));
#7986=DIRECTION('',(0.,0.,1.));
#7987=DIRECTION('',(1.,0.,0.));
#7988=DIRECTION('',(0.,0.,1.));
#7989=DIRECTION('',(1.36470705955096E-15,1.,0.));
#7990=DIRECTION('',(-1.,1.36470705955096E-15,0.));
#7991=DIRECTION('',(-1.,1.36470705955096E-15,0.));
#7992=DIRECTION('',(0.,0.,1.));
#7993=DIRECTION('',(1.,0.,0.));
#7994=DIRECTION('',(0.,0.,1.));
#7995=DIRECTION('',(-1.,0.,0.));
#7996=DIRECTION('',(0.,0.,1.));
#7997=DIRECTION('',(1.,0.,0.));
#7998=DIRECTION('',(0.,0.,1.));
#7999=DIRECTION('',(0.,0.,1.));
#8000=DIRECTION('',(1.,0.,0.));
#8001=DIRECTION('',(1.,0.,0.));
#8002=DIRECTION('',(0.,1.,0.));
#8003=DIRECTION('',(0.,1.,0.));
#8004=DIRECTION('',(0.,0.,1.));
#8005=DIRECTION('',(0.,1.,0.));
#8006=DIRECTION('',(0.,0.,1.));
#8007=DIRECTION('',(0.,1.,0.));
#8008=DIRECTION('',(0.,0.,1.));
#8009=DIRECTION('',(1.,0.,0.));
#8010=DIRECTION('',(0.,0.,1.));
#8011=DIRECTION('',(0.,0.,1.));
#8012=DIRECTION('',(1.,0.,0.));
#8013=DIRECTION('',(0.,-1.,0.));
#8014=DIRECTION('',(1.,0.,0.));
#8015=DIRECTION('',(1.,0.,0.));
#8016=DIRECTION('',(0.,0.,1.));
#8017=DIRECTION('',(1.,0.,0.));
#8018=DIRECTION('',(0.,0.,1.));
#8019=DIRECTION('',(1.,0.,0.));
#8020=DIRECTION('',(0.,0.,1.));
#8021=DIRECTION('',(1.,0.,0.));
#8022=DIRECTION('',(0.,0.,1.));
#8023=DIRECTION('',(0.,0.,1.));
#8024=DIRECTION('',(1.,0.,0.));
#8025=DIRECTION('',(-1.,-1.36470705955096E-15,0.));
#8026=DIRECTION('',(1.36470705955096E-15,-1.,0.));
#8027=DIRECTION('',(1.36470705955096E-15,-1.,0.));
#8028=DIRECTION('',(0.,1.,0.));
#8029=DIRECTION('',(0.,0.,1.));
#8030=DIRECTION('',(-1.,0.,0.));
#8031=DIRECTION('',(0.,0.,1.));
#8032=DIRECTION('',(1.,0.,0.));
#8033=DIRECTION('',(0.,0.,1.));
#8034=DIRECTION('',(0.,0.,1.));
#8035=DIRECTION('',(1.,0.,0.));
#8036=DIRECTION('',(0.,0.,1.));
#8037=DIRECTION('',(1.,0.,0.));
#8038=DIRECTION('',(0.,1.,0.));
#8039=DIRECTION('',(0.,1.,0.));
#8040=DIRECTION('',(0.,0.,1.));
#8041=DIRECTION('',(0.,1.,0.));
#8042=DIRECTION('',(0.,0.,1.));
#8043=DIRECTION('',(0.,1.,0.));
#8044=DIRECTION('',(0.,0.,1.));
#8045=DIRECTION('',(1.,0.,0.));
#8046=DIRECTION('',(0.,0.,1.));
#8047=DIRECTION('',(0.,0.,1.));
#8048=DIRECTION('',(1.,0.,0.));
#8049=DIRECTION('',(0.,-1.,0.));
#8050=DIRECTION('',(1.,0.,0.));
#8051=DIRECTION('',(6.12323399573677E-17,0.,-1.));
#8052=DIRECTION('',(1.,0.,0.));
#8053=DIRECTION('',(1.,0.,0.));
#8054=DIRECTION('',(0.,0.,1.));
#8055=DIRECTION('',(0.,1.,0.));
#8056=DIRECTION('',(0.,0.,1.));
#8057=DIRECTION('',(1.,0.,0.));
#8058=DIRECTION('',(0.,0.,1.));
#8059=DIRECTION('',(0.,0.,1.));
#8060=DIRECTION('',(1.,0.,0.));
#8061=DIRECTION('',(0.,0.,1.));
#8062=DIRECTION('',(-6.82353529775482E-16,-1.,0.));
#8063=DIRECTION('',(1.,-6.82353529775482E-16,0.));
#8064=DIRECTION('',(1.,-6.82353529775482E-16,0.));
#8065=DIRECTION('',(0.,0.,1.));
#8066=DIRECTION('',(1.,0.,0.));
#8067=DIRECTION('',(0.,0.,1.));
#8068=DIRECTION('',(1.,0.,0.));
#8069=DIRECTION('',(0.,0.,1.));
#8070=DIRECTION('',(1.,0.,0.));
#8071=DIRECTION('',(0.,0.,1.));
#8072=DIRECTION('',(0.,0.,1.));
#8073=DIRECTION('',(1.,0.,0.));
#8074=DIRECTION('',(-1.,0.,0.));
#8075=DIRECTION('',(0.,-1.,0.));
#8076=DIRECTION('',(0.,-1.,0.));
#8077=DIRECTION('',(0.,0.,1.));
#8078=DIRECTION('',(0.,1.,0.));
#8079=DIRECTION('',(0.,0.,1.));
#8080=DIRECTION('',(0.,-1.,0.));
#8081=DIRECTION('',(0.,0.,1.));
#8082=DIRECTION('',(1.,0.,0.));
#8083=DIRECTION('',(0.,0.,1.));
#8084=DIRECTION('',(0.,0.,1.));
#8085=DIRECTION('',(1.,0.,0.));
#8086=DIRECTION('',(-1.36470705955096E-15,1.,0.));
#8087=DIRECTION('',(-1.,-1.36470705955096E-15,0.));
#8088=DIRECTION('',(-1.,-1.36470705955096E-15,0.));
#8089=DIRECTION('',(0.,0.,1.));
#8090=DIRECTION('',(1.,0.,0.));
#8091=DIRECTION('',(0.,0.,1.));
#8092=DIRECTION('',(-1.,0.,0.));
#8093=DIRECTION('',(0.,0.,1.));
#8094=DIRECTION('',(1.,0.,0.));
#8095=DIRECTION('',(0.,0.,1.));
#8096=DIRECTION('',(0.,0.,1.));
#8097=DIRECTION('',(1.,0.,0.));
#8098=DIRECTION('',(1.,0.,0.));
#8099=DIRECTION('',(0.,1.,0.));
#8100=DIRECTION('',(0.,1.,0.));
#8101=DIRECTION('',(0.,1.,0.));
#8102=DIRECTION('',(0.,0.,1.));
#8103=DIRECTION('',(0.,-1.,0.));
#8104=DIRECTION('',(0.,0.,1.));
#8105=DIRECTION('',(1.,0.,0.));
#8106=DIRECTION('',(0.,0.,1.));
#8107=DIRECTION('',(0.,0.,1.));
#8108=DIRECTION('',(1.,0.,0.));
#8109=DIRECTION('',(0.,0.,1.));
#8110=DIRECTION('',(0.,1.,0.));
#8111=DIRECTION('',(-1.,0.,0.));
#8112=DIRECTION('',(-1.,0.,0.));
#8113=DIRECTION('',(0.,0.,1.));
#8114=DIRECTION('',(1.,0.,0.));
#8115=DIRECTION('',(0.,0.,1.));
#8116=DIRECTION('',(-1.,-3.55047460654615E-14,0.));
#8117=DIRECTION('',(0.,0.,1.));
#8118=DIRECTION('',(1.,0.,0.));
#8119=DIRECTION('',(0.,0.,1.));
#8120=DIRECTION('',(0.,0.,1.));
#8121=DIRECTION('',(1.,0.,0.));
#8122=DIRECTION('',(1.,0.,0.));
#8123=DIRECTION('',(0.,1.,0.));
#8124=DIRECTION('',(0.,1.,0.));
#8125=DIRECTION('',(0.,0.,1.));
#8126=DIRECTION('',(0.,1.,0.));
#8127=DIRECTION('',(0.,0.,1.));
#8128=DIRECTION('',(0.,1.,0.));
#8129=DIRECTION('',(0.,0.,1.));
#8130=DIRECTION('',(1.,0.,0.));
#8131=DIRECTION('',(0.,0.,1.));
#8132=DIRECTION('',(0.,0.,1.));
#8133=DIRECTION('',(1.,0.,0.));
#8134=DIRECTION('',(1.36470665909383E-15,-1.,0.));
#8135=DIRECTION('',(1.,1.36470665909383E-15,0.));
#8136=DIRECTION('',(1.,1.36470665909383E-15,0.));
#8137=DIRECTION('',(0.,0.,1.));
#8138=DIRECTION('',(1.,0.,0.));
#8139=DIRECTION('',(0.,0.,1.));
#8140=DIRECTION('',(1.,0.,0.));
#8141=DIRECTION('',(0.,0.,1.));
#8142=DIRECTION('',(1.,0.,0.));
#8143=DIRECTION('',(0.,0.,1.));
#8144=DIRECTION('',(0.,0.,1.));
#8145=DIRECTION('',(1.,0.,0.));
#8146=DIRECTION('',(-1.,1.36470705955096E-15,0.));
#8147=DIRECTION('',(-1.36470705955096E-15,-1.,0.));
#8148=DIRECTION('',(-1.36470705955096E-15,-1.,0.));
#8149=DIRECTION('',(0.,1.,0.));
#8150=DIRECTION('',(0.,0.,1.));
#8151=DIRECTION('',(0.,-1.,0.));
#8152=DIRECTION('',(0.,0.,1.));
#8153=DIRECTION('',(1.,0.,0.));
#8154=DIRECTION('',(0.,0.,1.));
#8155=DIRECTION('',(0.,0.,1.));
#8156=DIRECTION('',(1.,0.,0.));
#8157=DIRECTION('',(0.,0.,1.));
#8158=DIRECTION('',(1.36470705955096E-15,1.,0.));
#8159=DIRECTION('',(-1.,1.36470705955096E-15,0.));
#8160=DIRECTION('',(-1.,1.36470705955096E-15,0.));
#8161=DIRECTION('',(0.,0.,1.));
#8162=DIRECTION('',(1.,0.,0.));
#8163=DIRECTION('',(0.,0.,1.));
#8164=DIRECTION('',(-1.,0.,0.));
#8165=DIRECTION('',(0.,0.,1.));
#8166=DIRECTION('',(1.,0.,0.));
#8167=DIRECTION('',(0.,0.,1.));
#8168=DIRECTION('',(0.,0.,1.));
#8169=DIRECTION('',(1.,0.,0.));
#8170=DIRECTION('',(1.,0.,0.));
#8171=DIRECTION('',(0.,1.,0.));
#8172=DIRECTION('',(0.,1.,0.));
#8173=DIRECTION('',(0.,0.,1.));
#8174=DIRECTION('',(0.,1.,0.));
#8175=DIRECTION('',(0.,0.,1.));
#8176=DIRECTION('',(0.,1.,0.));
#8177=DIRECTION('',(0.,0.,1.));
#8178=DIRECTION('',(1.,0.,0.));
#8179=DIRECTION('',(0.,0.,1.));
#8180=DIRECTION('',(0.,0.,1.));
#8181=DIRECTION('',(1.,0.,0.));
#8182=DIRECTION('',(1.36470705955096E-15,-1.,0.));
#8183=DIRECTION('',(1.,1.36470705955096E-15,0.));
#8184=DIRECTION('',(1.,1.36470705955096E-15,0.));
#8185=DIRECTION('',(0.,0.,1.));
#8186=DIRECTION('',(1.,0.,0.));
#8187=DIRECTION('',(0.,0.,1.));
#8188=DIRECTION('',(1.,0.,0.));
#8189=DIRECTION('',(0.,0.,1.));
#8190=DIRECTION('',(1.,0.,0.));
#8191=DIRECTION('',(0.,0.,1.));
#8192=DIRECTION('',(0.,0.,1.));
#8193=DIRECTION('',(1.,0.,0.));
#8194=DIRECTION('',(-1.,0.,0.));
#8195=DIRECTION('',(0.,-1.,0.));
#8196=DIRECTION('',(0.,-1.,0.));
#8197=DIRECTION('',(0.,1.,0.));
#8198=DIRECTION('',(0.,0.,1.));
#8199=DIRECTION('',(0.,1.,0.));
#8200=DIRECTION('',(0.,0.,1.));
#8201=DIRECTION('',(1.,0.,0.));
#8202=DIRECTION('',(0.,0.,1.));
#8203=DIRECTION('',(0.,0.,1.));
#8204=DIRECTION('',(1.,0.,0.));
#8205=DIRECTION('',(0.,0.,1.));
#8206=DIRECTION('',(0.,-1.,0.));
#8207=DIRECTION('',(1.,0.,0.));
#8208=DIRECTION('',(1.,0.,0.));
#8209=DIRECTION('',(0.,0.,1.));
#8210=DIRECTION('',(1.,0.,0.));
#8211=DIRECTION('',(0.,0.,1.));
#8212=DIRECTION('',(1.,0.,0.));
#8213=DIRECTION('',(0.,0.,1.));
#8214=DIRECTION('',(1.,0.,0.));
#8215=DIRECTION('',(0.,0.,1.));
#8216=DIRECTION('',(0.,0.,1.));
#8217=DIRECTION('',(1.,0.,0.));
#8218=DIRECTION('',(-1.,-6.82353529775482E-16,0.));
#8219=DIRECTION('',(6.82353529775482E-16,-1.,0.));
#8220=DIRECTION('',(6.82353529775482E-16,-1.,0.));
#8221=DIRECTION('',(0.,0.,1.));
#8222=DIRECTION('',(0.,1.,0.));
#8223=DIRECTION('',(0.,0.,1.));
#8224=DIRECTION('',(0.,-1.,0.));
#8225=DIRECTION('',(0.,0.,1.));
#8226=DIRECTION('',(1.,0.,0.));
#8227=DIRECTION('',(0.,0.,1.));
#8228=DIRECTION('',(0.,0.,1.));
#8229=DIRECTION('',(1.,0.,0.));
#8230=DIRECTION('',(0.,1.,0.));
#8231=DIRECTION('',(-1.,0.,0.));
#8232=DIRECTION('',(-1.,0.,0.));
#8233=DIRECTION('',(0.,0.,1.));
#8234=DIRECTION('',(1.,0.,0.));
#8235=DIRECTION('',(0.,0.,1.));
#8236=DIRECTION('',(-1.,0.,0.));
#8237=DIRECTION('',(0.,0.,1.));
#8238=DIRECTION('',(1.,0.,0.));
#8239=DIRECTION('',(0.,0.,1.));
#8240=DIRECTION('',(0.,0.,1.));
#8241=DIRECTION('',(1.,0.,0.));
#8242=DIRECTION('',(1.,0.,0.));
#8243=DIRECTION('',(0.,1.,0.));
#8244=DIRECTION('',(0.,1.,0.));
#8245=DIRECTION('',(0.,1.,0.));
#8246=DIRECTION('',(0.,0.,1.));
#8247=DIRECTION('',(-1.,0.,0.));
#8248=DIRECTION('',(0.,0.,1.));
#8249=DIRECTION('',(1.,0.,0.));
#8250=DIRECTION('',(0.,0.,1.));
#8251=DIRECTION('',(0.,0.,1.));
#8252=DIRECTION('',(1.,0.,0.));
#8253=DIRECTION('',(0.,0.,1.));
#8254=DIRECTION('',(1.,0.,0.));
#8255=DIRECTION('',(0.,1.,0.));
#8256=DIRECTION('',(0.,1.,0.));
#8257=DIRECTION('',(0.,0.,1.));
#8258=DIRECTION('',(0.,1.,0.));
#8259=DIRECTION('',(0.,0.,1.));
#8260=DIRECTION('',(0.,1.,0.));
#8261=DIRECTION('',(0.,0.,1.));
#8262=DIRECTION('',(1.,0.,0.));
#8263=DIRECTION('',(0.,0.,1.));
#8264=DIRECTION('',(0.,0.,1.));
#8265=DIRECTION('',(1.,0.,0.));
#8266=DIRECTION('',(0.,-1.,0.));
#8267=DIRECTION('',(1.,0.,0.));
#8268=DIRECTION('',(6.12323399573677E-17,0.,-1.));
#8269=DIRECTION('',(1.,0.,0.));
#8270=DIRECTION('',(1.,0.,0.));
#8271=DIRECTION('',(0.,0.,1.));
#8272=DIRECTION('',(0.,-1.,0.));
#8273=DIRECTION('',(0.,0.,1.));
#8274=DIRECTION('',(1.,0.,0.));
#8275=DIRECTION('',(0.,0.,1.));
#8276=DIRECTION('',(0.,0.,1.));
#8277=DIRECTION('',(1.,0.,0.));
#8278=DIRECTION('',(0.,0.,1.));
#8279=DIRECTION('',(-1.36470705955096E-15,1.,0.));
#8280=DIRECTION('',(-1.,-1.36470705955096E-15,0.));
#8281=DIRECTION('',(-1.,-1.36470705955096E-15,0.));
#8282=DIRECTION('',(0.,0.,1.));
#8283=DIRECTION('',(1.,0.,0.));
#8284=DIRECTION('',(0.,0.,1.));
#8285=DIRECTION('',(-1.,0.,0.));
#8286=DIRECTION('',(0.,0.,1.));
#8287=DIRECTION('',(1.,0.,0.));
#8288=DIRECTION('',(0.,0.,1.));
#8289=DIRECTION('',(0.,0.,1.));
#8290=DIRECTION('',(1.,0.,0.));
#8291=DIRECTION('',(1.,-6.82353529775482E-16,0.));
#8292=DIRECTION('',(6.82353529775482E-16,1.,0.));
#8293=DIRECTION('',(6.82353529775482E-16,1.,0.));
#8294=DIRECTION('',(0.,0.,1.));
#8295=DIRECTION('',(0.,1.,0.));
#8296=DIRECTION('',(0.,0.,1.));
#8297=DIRECTION('',(0.,1.,0.));
#8298=DIRECTION('',(0.,0.,1.));
#8299=DIRECTION('',(1.,0.,0.));
#8300=DIRECTION('',(0.,0.,1.));
#8301=DIRECTION('',(0.,0.,1.));
#8302=DIRECTION('',(1.,0.,0.));
#8303=DIRECTION('',(0.,-1.,0.));
#8304=DIRECTION('',(1.,0.,0.));
#8305=DIRECTION('',(1.,0.,0.));
#8306=DIRECTION('',(0.,0.,1.));
#8307=DIRECTION('',(1.,0.,0.));
#8308=DIRECTION('',(0.,0.,1.));
#8309=DIRECTION('',(1.,0.,0.));
#8310=DIRECTION('',(0.,0.,1.));
#8311=DIRECTION('',(1.,0.,0.));
#8312=DIRECTION('',(0.,0.,1.));
#8313=DIRECTION('',(0.,0.,1.));
#8314=DIRECTION('',(1.,0.,0.));
#8315=DIRECTION('',(-1.,0.,0.));
#8316=DIRECTION('',(0.,-1.,0.));
#8317=DIRECTION('',(0.,-1.,0.));
#8318=DIRECTION('',(0.,1.,0.));
#8319=DIRECTION('',(0.,0.,1.));
#8320=DIRECTION('',(0.,-1.,0.));
#8321=DIRECTION('',(0.,0.,1.));
#8322=DIRECTION('',(1.,0.,0.));
#8323=DIRECTION('',(0.,0.,1.));
#8324=DIRECTION('',(0.,0.,1.));
#8325=DIRECTION('',(1.,0.,0.));
#8326=DIRECTION('',(0.,0.,1.));
#8327=DIRECTION('',(0.,1.,0.));
#8328=DIRECTION('',(-1.,0.,0.));
#8329=DIRECTION('',(-1.,0.,0.));
#8330=DIRECTION('',(0.,0.,1.));
#8331=DIRECTION('',(1.,0.,0.));
#8332=DIRECTION('',(0.,0.,1.));
#8333=DIRECTION('',(-1.,-1.77523730327307E-14,0.));
#8334=DIRECTION('',(0.,0.,1.));
#8335=DIRECTION('',(1.,0.,0.));
#8336=DIRECTION('',(0.,0.,1.));
#8337=DIRECTION('',(0.,0.,1.));
#8338=DIRECTION('',(1.,0.,0.));
#8339=DIRECTION('',(1.,6.82353529775481E-16,0.));
#8340=DIRECTION('',(-6.82353529775481E-16,1.,0.));
#8341=DIRECTION('',(-6.82353529775481E-16,1.,0.));
#8342=DIRECTION('',(0.,0.,1.));
#8343=DIRECTION('',(0.,1.,0.));
#8344=DIRECTION('',(0.,0.,1.));
#8345=DIRECTION('',(0.,1.,0.));
#8346=DIRECTION('',(0.,0.,1.));
#8347=DIRECTION('',(1.,0.,0.));
#8348=DIRECTION('',(0.,0.,1.));
#8349=DIRECTION('',(0.,0.,1.));
#8350=DIRECTION('',(1.,0.,0.));
#8351=DIRECTION('',(0.,-1.,0.));
#8352=DIRECTION('',(1.,0.,0.));
#8353=DIRECTION('',(1.,0.,0.));
#8354=DIRECTION('',(0.,0.,1.));
#8355=DIRECTION('',(1.,0.,0.));
#8356=DIRECTION('',(0.,0.,1.));
#8357=DIRECTION('',(1.,0.,0.));
#8358=DIRECTION('',(0.,0.,1.));
#8359=DIRECTION('',(1.,0.,0.));
#8360=DIRECTION('',(0.,0.,1.));
#8361=DIRECTION('',(0.,0.,1.));
#8362=DIRECTION('',(1.,0.,0.));
#8363=DIRECTION('',(-1.,-6.82353529775482E-16,0.));
#8364=DIRECTION('',(6.82353529775482E-16,-1.,0.));
#8365=DIRECTION('',(6.82353529775482E-16,-1.,0.));
#8366=DIRECTION('',(0.,1.,0.));
#8367=DIRECTION('',(0.,0.,1.));
#8368=DIRECTION('',(0.,-1.,0.));
#8369=DIRECTION('',(0.,0.,1.));
#8370=DIRECTION('',(1.,0.,0.));
#8371=DIRECTION('',(0.,0.,1.));
#8372=DIRECTION('',(0.,0.,1.));
#8373=DIRECTION('',(1.,0.,0.));
#8374=DIRECTION('',(0.,0.,1.));
#8375=DIRECTION('',(0.,1.,0.));
#8376=DIRECTION('',(-1.,0.,0.));
#8377=DIRECTION('',(-1.,0.,0.));
#8378=DIRECTION('',(0.,0.,1.));
#8379=DIRECTION('',(1.,0.,0.));
#8380=DIRECTION('',(0.,0.,1.));
#8381=DIRECTION('',(-1.,0.,0.));
#8382=DIRECTION('',(0.,0.,1.));
#8383=DIRECTION('',(1.,0.,0.));
#8384=DIRECTION('',(0.,0.,1.));
#8385=DIRECTION('',(0.,0.,1.));
#8386=DIRECTION('',(1.,0.,0.));
#8387=DIRECTION('',(1.,1.36470705955096E-15,0.));
#8388=DIRECTION('',(-1.36470705955096E-15,1.,0.));
#8389=DIRECTION('',(-1.36470705955096E-15,1.,0.));
#8390=DIRECTION('',(0.,0.,1.));
#8391=DIRECTION('',(0.,1.,0.));
#8392=DIRECTION('',(0.,0.,1.));
#8393=DIRECTION('',(0.,1.,0.));
#8394=DIRECTION('',(0.,0.,1.));
#8395=DIRECTION('',(1.,0.,0.));
#8396=DIRECTION('',(0.,0.,1.));
#8397=DIRECTION('',(0.,0.,1.));
#8398=DIRECTION('',(1.,0.,0.));
#8399=DIRECTION('',(0.,-1.,0.));
#8400=DIRECTION('',(1.,0.,0.));
#8401=DIRECTION('',(1.,0.,0.));
#8402=DIRECTION('',(0.,0.,1.));
#8403=DIRECTION('',(1.,0.,0.));
#8404=DIRECTION('',(0.,0.,1.));
#8405=DIRECTION('',(1.,0.,0.));
#8406=DIRECTION('',(0.,0.,1.));
#8407=DIRECTION('',(1.,0.,0.));
#8408=DIRECTION('',(0.,0.,1.));
#8409=DIRECTION('',(0.,0.,1.));
#8410=DIRECTION('',(1.,0.,0.));
#8411=DIRECTION('',(-1.,1.36470705955096E-15,0.));
#8412=DIRECTION('',(-1.36470705955096E-15,-1.,0.));
#8413=DIRECTION('',(-1.36470705955096E-15,-1.,0.));
#8414=DIRECTION('',(0.,1.,0.));
#8415=DIRECTION('',(0.,0.,1.));
#8416=DIRECTION('',(5.32571190981922E-14,-1.,0.));
#8417=DIRECTION('',(0.,0.,1.));
#8418=DIRECTION('',(1.,0.,0.));
#8419=DIRECTION('',(0.,0.,1.));
#8420=DIRECTION('',(0.,0.,1.));
#8421=DIRECTION('',(1.,0.,0.));
#8422=DIRECTION('',(0.,0.,1.));
#8423=DIRECTION('',(-6.82353529775479E-16,1.,0.));
#8424=DIRECTION('',(-1.,-6.82353529775479E-16,0.));
#8425=DIRECTION('',(-1.,-6.82353529775479E-16,0.));
#8426=DIRECTION('',(0.,0.,1.));
#8427=DIRECTION('',(1.,0.,0.));
#8428=DIRECTION('',(0.,0.,1.));
#8429=DIRECTION('',(-1.,0.,0.));
#8430=DIRECTION('',(0.,0.,1.));
#8431=DIRECTION('',(1.,0.,0.));
#8432=DIRECTION('',(0.,0.,1.));
#8433=DIRECTION('',(0.,0.,1.));
#8434=DIRECTION('',(1.,0.,0.));
#8435=DIRECTION('',(1.,-6.82353429661183E-16,0.));
#8436=DIRECTION('',(6.82353429661183E-16,1.,0.));
#8437=DIRECTION('',(6.82353429661183E-16,1.,0.));
#8438=DIRECTION('',(0.,0.,1.));
#8439=DIRECTION('',(0.,1.,0.));
#8440=DIRECTION('',(0.,0.,1.));
#8441=DIRECTION('',(0.,1.,0.));
#8442=DIRECTION('',(0.,0.,1.));
#8443=DIRECTION('',(1.,0.,0.));
#8444=DIRECTION('',(0.,0.,1.));
#8445=DIRECTION('',(0.,0.,1.));
#8446=DIRECTION('',(1.,0.,0.));
#8447=DIRECTION('',(6.82353529775482E-16,-1.,0.));
#8448=DIRECTION('',(1.,6.82353529775482E-16,0.));
#8449=DIRECTION('',(1.,6.82353529775482E-16,0.));
#8450=DIRECTION('',(0.,0.,1.));
#8451=DIRECTION('',(1.,0.,0.));
#8452=DIRECTION('',(0.,0.,1.));
#8453=DIRECTION('',(1.,0.,0.));
#8454=DIRECTION('',(0.,0.,1.));
#8455=DIRECTION('',(1.,0.,0.));
#8456=DIRECTION('',(0.,0.,1.));
#8457=DIRECTION('',(0.,0.,1.));
#8458=DIRECTION('',(1.,0.,0.));
#8459=DIRECTION('',(-1.,0.,0.));
#8460=DIRECTION('',(0.,-1.,0.));
#8461=DIRECTION('',(0.,-1.,0.));
#8462=DIRECTION('',(0.,1.,0.));
#8463=DIRECTION('',(0.,0.,1.));
#8464=DIRECTION('',(1.,0.,0.));
#8465=DIRECTION('',(0.,0.,1.));
#8466=DIRECTION('',(1.,0.,0.));
#8467=DIRECTION('',(0.,0.,1.));
#8468=DIRECTION('',(0.,0.,1.));
#8469=DIRECTION('',(1.,0.,0.));
#8470=DIRECTION('',(0.,0.,1.));
#8471=DIRECTION('',(-1.,0.,0.));
#8472=DIRECTION('',(0.,-1.,0.));
#8473=DIRECTION('',(0.,-1.,0.));
#8474=DIRECTION('',(0.,0.,1.));
#8475=DIRECTION('',(0.,1.,0.));
#8476=DIRECTION('',(0.,0.,1.));
#8477=DIRECTION('',(0.,-1.,0.));
#8478=DIRECTION('',(0.,0.,1.));
#8479=DIRECTION('',(1.,0.,0.));
#8480=DIRECTION('',(0.,0.,1.));
#8481=DIRECTION('',(0.,0.,1.));
#8482=DIRECTION('',(1.,0.,0.));
#8483=DIRECTION('',(3.41176764887741E-16,1.,0.));
#8484=DIRECTION('',(-1.,3.41176764887741E-16,0.));
#8485=DIRECTION('',(-1.,3.41176764887741E-16,0.));
#8486=DIRECTION('',(0.,0.,1.));
#8487=DIRECTION('',(1.,0.,0.));
#8488=DIRECTION('',(0.,0.,1.));
#8489=DIRECTION('',(-1.,0.,0.));
#8490=DIRECTION('',(0.,0.,1.));
#8491=DIRECTION('',(1.,0.,0.));
#8492=DIRECTION('',(0.,0.,1.));
#8493=DIRECTION('',(0.,0.,1.));
#8494=DIRECTION('',(1.,0.,0.));
#8495=DIRECTION('',(1.,-6.82353554804061E-16,0.));
#8496=DIRECTION('',(6.82353554804061E-16,1.,0.));
#8497=DIRECTION('',(6.82353554804061E-16,1.,0.));
#8498=DIRECTION('',(0.,0.,1.));
#8499=DIRECTION('',(0.,1.,0.));
#8500=DIRECTION('',(0.,0.,1.));
#8501=DIRECTION('',(0.,1.,0.));
#8502=DIRECTION('',(0.,0.,1.));
#8503=DIRECTION('',(1.,0.,0.));
#8504=DIRECTION('',(0.,0.,1.));
#8505=DIRECTION('',(0.,0.,1.));
#8506=DIRECTION('',(1.,0.,0.));
#8507=DIRECTION('',(6.82353529775482E-16,-1.,0.));
#8508=DIRECTION('',(1.,6.82353529775482E-16,0.));
#8509=DIRECTION('',(1.,6.82353529775482E-16,0.));
#8510=DIRECTION('',(1.,0.,0.));
#8511=DIRECTION('',(0.,0.,1.));
#8512=DIRECTION('',(-1.,0.,0.));
#8513=DIRECTION('',(0.,0.,1.));
#8514=DIRECTION('',(1.,0.,0.));
#8515=DIRECTION('',(0.,0.,1.));
#8516=DIRECTION('',(0.,0.,1.));
#8517=DIRECTION('',(1.,0.,0.));
#8518=DIRECTION('',(0.,0.,1.));
#8519=DIRECTION('',(1.,0.,0.));
#8520=DIRECTION('',(0.,1.,0.));
#8521=DIRECTION('',(0.,1.,0.));
#8522=DIRECTION('',(0.,0.,1.));
#8523=DIRECTION('',(0.,1.,0.));
#8524=DIRECTION('',(0.,0.,1.));
#8525=DIRECTION('',(0.,1.,0.));
#8526=DIRECTION('',(0.,0.,1.));
#8527=DIRECTION('',(1.,0.,0.));
#8528=DIRECTION('',(0.,0.,1.));
#8529=DIRECTION('',(0.,0.,1.));
#8530=DIRECTION('',(1.,0.,0.));
#8531=DIRECTION('',(6.82353529775482E-16,-1.,0.));
#8532=DIRECTION('',(1.,6.82353529775482E-16,0.));
#8533=DIRECTION('',(6.12323399573677E-17,0.,-1.));
#8534=DIRECTION('',(1.,0.,0.));
#8535=DIRECTION('',(1.,6.82353529775482E-16,0.));
#8536=DIRECTION('',(0.,0.,1.));
#8537=DIRECTION('',(0.,-1.,0.));
#8538=DIRECTION('',(0.,0.,1.));
#8539=DIRECTION('',(1.,0.,0.));
#8540=DIRECTION('',(0.,0.,1.));
#8541=DIRECTION('',(0.,0.,1.));
#8542=DIRECTION('',(1.,0.,0.));
#8543=DIRECTION('',(0.,0.,1.));
#8544=DIRECTION('',(0.,1.,0.));
#8545=DIRECTION('',(-1.,0.,0.));
#8546=DIRECTION('',(-1.,0.,0.));
#8547=DIRECTION('',(0.,0.,1.));
#8548=DIRECTION('',(1.,0.,0.));
#8549=DIRECTION('',(0.,0.,1.));
#8550=DIRECTION('',(-1.,0.,0.));
#8551=DIRECTION('',(0.,0.,1.));
#8552=DIRECTION('',(1.,0.,0.));
#8553=DIRECTION('',(0.,0.,1.));
#8554=DIRECTION('',(0.,0.,1.));
#8555=DIRECTION('',(1.,0.,0.));
#8556=DIRECTION('',(1.,-6.82353429661183E-16,0.));
#8557=DIRECTION('',(6.82353429661183E-16,1.,0.));
#8558=DIRECTION('',(6.82353429661183E-16,1.,0.));
#8559=DIRECTION('',(0.,0.,1.));
#8560=DIRECTION('',(0.,1.,0.));
#8561=DIRECTION('',(0.,0.,1.));
#8562=DIRECTION('',(0.,1.,0.));
#8563=DIRECTION('',(0.,0.,1.));
#8564=DIRECTION('',(1.,0.,0.));
#8565=DIRECTION('',(0.,0.,1.));
#8566=DIRECTION('',(0.,0.,1.));
#8567=DIRECTION('',(1.,0.,0.));
#8568=DIRECTION('',(6.82353529775482E-16,-1.,0.));
#8569=DIRECTION('',(1.,6.82353529775482E-16,0.));
#8570=DIRECTION('',(1.,6.82353529775482E-16,0.));
#8571=DIRECTION('',(0.,0.,1.));
#8572=DIRECTION('',(1.,0.,0.));
#8573=DIRECTION('',(0.,0.,1.));
#8574=DIRECTION('',(1.,0.,0.));
#8575=DIRECTION('',(0.,0.,1.));
#8576=DIRECTION('',(1.,0.,0.));
#8577=DIRECTION('',(0.,0.,1.));
#8578=DIRECTION('',(0.,0.,1.));
#8579=DIRECTION('',(1.,0.,0.));
#8580=DIRECTION('',(-1.,0.,0.));
#8581=DIRECTION('',(0.,-1.,0.));
#8582=DIRECTION('',(0.,-1.,0.));
#8583=DIRECTION('',(0.,1.,0.));
#8584=DIRECTION('',(0.,0.,1.));
#8585=DIRECTION('',(-1.,0.,0.));
#8586=DIRECTION('',(0.,0.,1.));
#8587=DIRECTION('',(1.,0.,0.));
#8588=DIRECTION('',(0.,0.,1.));
#8589=DIRECTION('',(0.,0.,1.));
#8590=DIRECTION('',(1.,0.,0.));
#8591=DIRECTION('',(0.,0.,1.));
#8592=DIRECTION('',(1.,-3.41176714830592E-16,0.));
#8593=DIRECTION('',(3.41176714830592E-16,1.,0.));
#8594=DIRECTION('',(3.41176714830592E-16,1.,0.));
#8595=DIRECTION('',(0.,0.,1.));
#8596=DIRECTION('',(0.,1.,0.));
#8597=DIRECTION('',(0.,0.,1.));
#8598=DIRECTION('',(0.,1.,0.));
#8599=DIRECTION('',(0.,0.,1.));
#8600=DIRECTION('',(1.,0.,0.));
#8601=DIRECTION('',(0.,0.,1.));
#8602=DIRECTION('',(0.,0.,1.));
#8603=DIRECTION('',(1.,0.,0.));
#8604=DIRECTION('',(0.,-1.,0.));
#8605=DIRECTION('',(1.,0.,0.));
#8606=DIRECTION('',(1.,0.,0.));
#8607=DIRECTION('',(0.,0.,1.));
#8608=DIRECTION('',(1.,0.,0.));
#8609=DIRECTION('',(0.,0.,1.));
#8610=DIRECTION('',(1.,0.,0.));
#8611=DIRECTION('',(0.,0.,1.));
#8612=DIRECTION('',(1.,0.,0.));
#8613=DIRECTION('',(0.,0.,1.));
#8614=DIRECTION('',(0.,0.,1.));
#8615=DIRECTION('',(1.,0.,0.));
#8616=DIRECTION('',(-1.,0.,0.));
#8617=DIRECTION('',(0.,-1.,0.));
#8618=DIRECTION('',(0.,-1.,0.));
#8619=DIRECTION('',(0.,0.,1.));
#8620=DIRECTION('',(0.,1.,0.));
#8621=DIRECTION('',(0.,0.,1.));
#8622=DIRECTION('',(0.,-1.,0.));
#8623=DIRECTION('',(0.,0.,1.));
#8624=DIRECTION('',(1.,0.,0.));
#8625=DIRECTION('',(0.,0.,1.));
#8626=DIRECTION('',(0.,0.,1.));
#8627=DIRECTION('',(1.,0.,0.));
#8628=DIRECTION('',(0.,1.,0.));
#8629=DIRECTION('',(-1.,0.,0.));
#8630=DIRECTION('',(-1.,0.,0.));
#8631=DIRECTION('',(1.,0.,0.));
#8632=DIRECTION('',(0.,0.,1.));
#8633=DIRECTION('',(1.77523730327304E-14,-1.,0.));
#8634=DIRECTION('',(0.,0.,1.));
#8635=DIRECTION('',(1.,0.,0.));
#8636=DIRECTION('',(0.,0.,1.));
#8637=DIRECTION('',(0.,0.,1.));
#8638=DIRECTION('',(1.,0.,0.));
#8639=DIRECTION('',(0.,0.,1.));
#8640=DIRECTION('',(6.82353529775481E-16,1.,0.));
#8641=DIRECTION('',(-1.,6.82353529775481E-16,0.));
#8642=DIRECTION('',(-1.,6.82353529775481E-16,0.));
#8643=DIRECTION('',(0.,0.,1.));
#8644=DIRECTION('',(1.,0.,0.));
#8645=DIRECTION('',(0.,0.,1.));
#8646=DIRECTION('',(-1.,0.,0.));
#8647=DIRECTION('',(0.,0.,1.));
#8648=DIRECTION('',(1.,0.,0.));
#8649=DIRECTION('',(0.,0.,1.));
#8650=DIRECTION('',(0.,0.,1.));
#8651=DIRECTION('',(1.,0.,0.));
#8652=DIRECTION('',(1.,0.,0.));
#8653=DIRECTION('',(0.,1.,0.));
#8654=DIRECTION('',(0.,1.,0.));
#8655=DIRECTION('',(0.,0.,1.));
#8656=DIRECTION('',(0.,1.,0.));
#8657=DIRECTION('',(0.,0.,1.));
#8658=DIRECTION('',(0.,1.,0.));
#8659=DIRECTION('',(0.,0.,1.));
#8660=DIRECTION('',(1.,0.,0.));
#8661=DIRECTION('',(0.,0.,1.));
#8662=DIRECTION('',(0.,0.,1.));
#8663=DIRECTION('',(1.,0.,0.));
#8664=DIRECTION('',(6.82353529775482E-16,-1.,0.));
#8665=DIRECTION('',(1.,6.82353529775482E-16,0.));
#8666=DIRECTION('',(1.,6.82353529775482E-16,0.));
#8667=DIRECTION('',(0.,0.,1.));
#8668=DIRECTION('',(1.,0.,0.));
#8669=DIRECTION('',(0.,0.,1.));
#8670=DIRECTION('',(1.,0.,0.));
#8671=DIRECTION('',(0.,0.,1.));
#8672=DIRECTION('',(1.,0.,0.));
#8673=DIRECTION('',(0.,0.,1.));
#8674=DIRECTION('',(0.,0.,1.));
#8675=DIRECTION('',(1.,0.,0.));
#8676=DIRECTION('',(-1.,-1.36470685932237E-15,0.));
#8677=DIRECTION('',(1.36470685932237E-15,-1.,0.));
#8678=DIRECTION('',(1.36470685932237E-15,-1.,0.));
#8679=DIRECTION('',(0.,1.,0.));
#8680=DIRECTION('',(0.,0.,1.));
#8681=DIRECTION('',(0.,-1.,0.));
#8682=DIRECTION('',(0.,0.,1.));
#8683=DIRECTION('',(1.,0.,0.));
#8684=DIRECTION('',(0.,0.,1.));
#8685=DIRECTION('',(0.,0.,1.));
#8686=DIRECTION('',(1.,0.,0.));
#8687=DIRECTION('',(0.,0.,1.));
#8688=DIRECTION('',(0.,1.,0.));
#8689=DIRECTION('',(-1.,0.,0.));
#8690=DIRECTION('',(-1.,0.,0.));
#8691=DIRECTION('',(0.,0.,1.));
#8692=DIRECTION('',(1.,0.,0.));
#8693=DIRECTION('',(0.,0.,1.));
#8694=DIRECTION('',(-1.,-3.55047460654615E-14,0.));
#8695=DIRECTION('',(0.,0.,1.));
#8696=DIRECTION('',(1.,0.,0.));
#8697=DIRECTION('',(0.,0.,1.));
#8698=DIRECTION('',(0.,0.,1.));
#8699=DIRECTION('',(1.,0.,0.));
#8700=DIRECTION('',(1.,0.,0.));
#8701=DIRECTION('',(0.,1.,0.));
#8702=DIRECTION('',(0.,1.,0.));
#8703=DIRECTION('',(0.,0.,1.));
#8704=DIRECTION('',(0.,1.,0.));
#8705=DIRECTION('',(0.,0.,1.));
#8706=DIRECTION('',(0.,1.,0.));
#8707=DIRECTION('',(0.,0.,1.));
#8708=DIRECTION('',(1.,0.,0.));
#8709=DIRECTION('',(0.,0.,1.));
#8710=DIRECTION('',(0.,0.,1.));
#8711=DIRECTION('',(1.,0.,0.));
#8712=DIRECTION('',(1.36470705955096E-15,-1.,0.));
#8713=DIRECTION('',(1.,1.36470705955096E-15,0.));
#8714=DIRECTION('',(1.,1.36470705955096E-15,0.));
#8715=DIRECTION('',(0.,0.,1.));
#8716=DIRECTION('',(1.,0.,0.));
#8717=DIRECTION('',(0.,0.,1.));
#8718=DIRECTION('',(1.,0.,0.));
#8719=DIRECTION('',(0.,0.,1.));
#8720=DIRECTION('',(1.,0.,0.));
#8721=DIRECTION('',(0.,0.,1.));
#8722=DIRECTION('',(0.,0.,1.));
#8723=DIRECTION('',(1.,0.,0.));
#8724=DIRECTION('',(-1.,1.36470705955096E-15,0.));
#8725=DIRECTION('',(-1.36470705955096E-15,-1.,0.));
#8726=DIRECTION('',(-1.36470705955096E-15,-1.,0.));
#8727=DIRECTION('',(0.,1.,0.));
#8728=DIRECTION('',(0.,0.,1.));
#8729=DIRECTION('',(0.,-1.,0.));
#8730=DIRECTION('',(0.,0.,1.));
#8731=DIRECTION('',(1.,0.,0.));
#8732=DIRECTION('',(0.,0.,1.));
#8733=DIRECTION('',(0.,0.,1.));
#8734=DIRECTION('',(1.,0.,0.));
#8735=DIRECTION('',(0.,0.,1.));
#8736=DIRECTION('',(0.,1.,0.));
#8737=DIRECTION('',(-1.,0.,0.));
#8738=DIRECTION('',(-1.,0.,0.));
#8739=DIRECTION('',(0.,0.,1.));
#8740=DIRECTION('',(1.,0.,0.));
#8741=DIRECTION('',(0.,0.,1.));
#8742=DIRECTION('',(-1.,0.,0.));
#8743=DIRECTION('',(0.,0.,1.));
#8744=DIRECTION('',(1.,0.,0.));
#8745=DIRECTION('',(0.,0.,1.));
#8746=DIRECTION('',(0.,0.,1.));
#8747=DIRECTION('',(1.,0.,0.));
#8748=DIRECTION('',(1.,4.26470956109676E-16,0.));
#8749=DIRECTION('',(-4.26470956109676E-16,1.,0.));
#8750=DIRECTION('',(-4.26470956109676E-16,1.,0.));
#8751=DIRECTION('',(0.,0.,1.));
#8752=DIRECTION('',(0.,1.,0.));
#8753=DIRECTION('',(0.,0.,1.));
#8754=DIRECTION('',(0.,1.,0.));
#8755=DIRECTION('',(0.,0.,1.));
#8756=DIRECTION('',(1.,0.,0.));
#8757=DIRECTION('',(0.,0.,1.));
#8758=DIRECTION('',(0.,0.,1.));
#8759=DIRECTION('',(1.,0.,0.));
#8760=DIRECTION('',(1.36470695943666E-15,-1.,0.));
#8761=DIRECTION('',(1.,1.36470695943666E-15,0.));
#8762=DIRECTION('',(1.,1.36470695943666E-15,0.));
#8763=DIRECTION('',(0.,0.,1.));
#8764=DIRECTION('',(1.,0.,0.));
#8765=DIRECTION('',(0.,0.,1.));
#8766=DIRECTION('',(1.,0.,0.));
#8767=DIRECTION('',(0.,0.,1.));
#8768=DIRECTION('',(1.,0.,0.));
#8769=DIRECTION('',(0.,0.,1.));
#8770=DIRECTION('',(0.,0.,1.));
#8771=DIRECTION('',(1.,0.,0.));
#8772=DIRECTION('',(-1.,1.02353029466322E-15,0.));
#8773=DIRECTION('',(-1.02353029466322E-15,-1.,0.));
#8774=DIRECTION('',(-1.02353029466322E-15,-1.,0.));
#8775=DIRECTION('',(0.,1.,0.));
#8776=DIRECTION('',(0.,0.,1.));
#8777=DIRECTION('',(0.,1.,0.));
#8778=DIRECTION('',(0.,0.,1.));
#8779=DIRECTION('',(1.,0.,0.));
#8780=DIRECTION('',(0.,0.,1.));
#8781=DIRECTION('',(0.,0.,1.));
#8782=DIRECTION('',(1.,0.,0.));
#8783=DIRECTION('',(0.,0.,1.));
#8784=DIRECTION('',(0.,-1.,0.));
#8785=DIRECTION('',(1.,0.,0.));
#8786=DIRECTION('',(1.,0.,0.));
#8787=DIRECTION('',(0.,0.,1.));
#8788=DIRECTION('',(1.,0.,0.));
#8789=DIRECTION('',(0.,0.,1.));
#8790=DIRECTION('',(1.,0.,0.));
#8791=DIRECTION('',(0.,0.,1.));
#8792=DIRECTION('',(1.,0.,0.));
#8793=DIRECTION('',(0.,0.,1.));
#8794=DIRECTION('',(0.,0.,1.));
#8795=DIRECTION('',(1.,0.,0.));
#8796=DIRECTION('',(-1.,0.,0.));
#8797=DIRECTION('',(0.,-1.,0.));
#8798=DIRECTION('',(0.,-1.,0.));
#8799=DIRECTION('',(0.,0.,1.));
#8800=DIRECTION('',(0.,1.,0.));
#8801=DIRECTION('',(0.,0.,1.));
#8802=DIRECTION('',(0.,-1.,0.));
#8803=DIRECTION('',(0.,0.,1.));
#8804=DIRECTION('',(1.,0.,0.));
#8805=DIRECTION('',(0.,0.,1.));
#8806=DIRECTION('',(0.,0.,1.));
#8807=DIRECTION('',(1.,0.,0.));
#8808=DIRECTION('',(-1.36470705955096E-15,1.,0.));
#8809=DIRECTION('',(-1.,-1.36470705955096E-15,0.));
#8810=DIRECTION('',(-1.,-1.36470705955096E-15,0.));
#8811=DIRECTION('',(0.,0.,1.));
#8812=DIRECTION('',(1.,0.,0.));
#8813=DIRECTION('',(0.,0.,1.));
#8814=DIRECTION('',(-1.,0.,0.));
#8815=DIRECTION('',(0.,0.,1.));
#8816=DIRECTION('',(1.,0.,0.));
#8817=DIRECTION('',(0.,0.,1.));
#8818=DIRECTION('',(0.,0.,1.));
#8819=DIRECTION('',(1.,0.,0.));
#8820=DIRECTION('',(1.,0.,0.));
#8821=DIRECTION('',(0.,1.,0.));
#8822=DIRECTION('',(0.,1.,0.));
#8823=DIRECTION('',(0.,1.,0.));
#8824=DIRECTION('',(0.,0.,1.));
#8825=DIRECTION('',(0.,1.,0.));
#8826=DIRECTION('',(0.,0.,1.));
#8827=DIRECTION('',(1.,0.,0.));
#8828=DIRECTION('',(0.,0.,1.));
#8829=DIRECTION('',(0.,0.,1.));
#8830=DIRECTION('',(1.,0.,0.));
#8831=DIRECTION('',(0.,0.,1.));
#8832=DIRECTION('',(0.,-1.,0.));
#8833=DIRECTION('',(1.,0.,0.));
#8834=DIRECTION('',(6.12323399573677E-17,0.,-1.));
#8835=DIRECTION('',(1.,0.,0.));
#8836=DIRECTION('',(1.,0.,0.));
#8837=DIRECTION('',(0.,1.,0.));
#8838=DIRECTION('',(-1.,0.,0.));
#8839=DIRECTION('',(6.12323399573677E-17,0.,-1.));
#8840=DIRECTION('',(-1.,0.,0.));
#8841=DIRECTION('',(0.,0.,1.));
#8842=DIRECTION('',(1.,0.,0.));
#8843=DIRECTION('',(0.,0.,1.));
#8844=DIRECTION('',(-1.,-1.77523730327304E-14,0.));
#8845=DIRECTION('',(0.,0.,1.));
#8846=DIRECTION('',(1.,0.,0.));
#8847=DIRECTION('',(0.,0.,1.));
#8848=DIRECTION('',(0.,0.,1.));
#8849=DIRECTION('',(1.,0.,0.));
#8850=DIRECTION('',(1.,-6.33613991934375E-16,0.));
#8851=DIRECTION('',(6.33613991934375E-16,1.,0.));
#8852=DIRECTION('',(6.33613991934375E-16,1.,0.));
#8853=DIRECTION('',(0.,0.,1.));
#8854=DIRECTION('',(0.,1.,0.));
#8855=DIRECTION('',(0.,0.,1.));
#8856=DIRECTION('',(0.,1.,0.));
#8857=DIRECTION('',(0.,0.,1.));
#8858=DIRECTION('',(1.,0.,0.));
#8859=DIRECTION('',(0.,0.,1.));
#8860=DIRECTION('',(0.,0.,1.));
#8861=DIRECTION('',(1.,0.,0.));
#8862=DIRECTION('',(0.,-1.,0.));
#8863=DIRECTION('',(1.,0.,0.));
#8864=DIRECTION('',(1.,0.,0.));
#8865=DIRECTION('',(0.,0.,1.));
#8866=DIRECTION('',(1.,0.,0.));
#8867=DIRECTION('',(0.,0.,1.));
#8868=DIRECTION('',(1.,0.,0.));
#8869=DIRECTION('',(0.,0.,1.));
#8870=DIRECTION('',(1.,0.,0.));
#8871=DIRECTION('',(0.,0.,1.));
#8872=DIRECTION('',(0.,0.,1.));
#8873=DIRECTION('',(1.,0.,0.));
#8874=DIRECTION('',(-1.,-1.26722798386875E-15,0.));
#8875=DIRECTION('',(1.26722798386875E-15,-1.,0.));
#8876=DIRECTION('',(1.26722798386875E-15,-1.,0.));
#8877=DIRECTION('',(0.,0.,1.));
#8878=DIRECTION('',(0.,1.,0.));
#8879=DIRECTION('',(1.38238529722569E-15,-1.,0.));
#8880=DIRECTION('',(1.,1.38238529722569E-15,0.));
#8881=DIRECTION('',(1.,1.38238529722569E-15,0.));
#8882=DIRECTION('',(0.,0.,1.));
#8883=DIRECTION('',(1.,0.,0.));
#8884=DIRECTION('',(1.,-1.36470705955096E-15,0.));
#8885=DIRECTION('',(1.36470705955096E-15,1.,0.));
#8886=DIRECTION('',(1.36470705955096E-15,1.,0.));
#8887=DIRECTION('',(0.,1.,0.));
#8888=DIRECTION('',(0.,0.,1.));
#8889=DIRECTION('',(0.,-1.,0.));
#8890=DIRECTION('',(0.,0.,1.));
#8891=DIRECTION('',(1.,0.,0.));
#8892=DIRECTION('',(0.,0.,1.));
#8893=DIRECTION('',(0.,0.,1.));
#8894=DIRECTION('',(1.,0.,0.));
#8895=DIRECTION('',(0.,0.,1.));
#8896=DIRECTION('',(0.,1.,0.));
#8897=DIRECTION('',(-1.,0.,0.));
#8898=DIRECTION('',(-1.,0.,0.));
#8899=DIRECTION('',(0.,0.,1.));
#8900=DIRECTION('',(1.,0.,0.));
#8901=DIRECTION('',(0.,0.,1.));
#8902=DIRECTION('',(-1.,-8.87618651636529E-15,0.));
#8903=DIRECTION('',(0.,0.,1.));
#8904=DIRECTION('',(1.,0.,0.));
#8905=DIRECTION('',(0.,0.,1.));
#8906=DIRECTION('',(0.,0.,1.));
#8907=DIRECTION('',(1.,0.,0.));
#8908=DIRECTION('',(1.,-3.41176764887741E-16,0.));
#8909=DIRECTION('',(3.41176764887741E-16,1.,0.));
#8910=DIRECTION('',(3.41176764887741E-16,1.,0.));
#8911=DIRECTION('',(0.,0.,1.));
#8912=DIRECTION('',(0.,1.,0.));
#8913=DIRECTION('',(0.,0.,1.));
#8914=DIRECTION('',(0.,1.,0.));
#8915=DIRECTION('',(0.,0.,1.));
#8916=DIRECTION('',(1.,0.,0.));
#8917=DIRECTION('',(0.,0.,1.));
#8918=DIRECTION('',(0.,0.,1.));
#8919=DIRECTION('',(1.,0.,0.));
#8920=DIRECTION('',(-6.82353629889809E-16,-1.,0.));
#8921=DIRECTION('',(1.,-6.82353629889809E-16,0.));
#8922=DIRECTION('',(1.,-6.82353629889809E-16,0.));
#8923=DIRECTION('',(0.,0.,1.));
#8924=DIRECTION('',(1.,0.,0.));
#8925=DIRECTION('',(0.,0.,1.));
#8926=DIRECTION('',(1.,0.,0.));
#8927=DIRECTION('',(0.,0.,1.));
#8928=DIRECTION('',(1.,0.,0.));
#8929=DIRECTION('',(0.,0.,1.));
#8930=DIRECTION('',(0.,0.,1.));
#8931=DIRECTION('',(1.,0.,0.));
#8932=DIRECTION('',(-1.,-6.82353529775482E-16,0.));
#8933=DIRECTION('',(6.82353529775482E-16,-1.,0.));
#8934=DIRECTION('',(6.82353529775482E-16,-1.,0.));
#8935=DIRECTION('',(0.,1.,0.));
#8936=DIRECTION('',(0.,0.,1.));
#8937=DIRECTION('',(0.,-1.,0.));
#8938=DIRECTION('',(0.,0.,1.));
#8939=DIRECTION('',(1.,0.,0.));
#8940=DIRECTION('',(0.,0.,1.));
#8941=DIRECTION('',(0.,0.,1.));
#8942=DIRECTION('',(1.,0.,0.));
#8943=DIRECTION('',(0.,0.,1.));
#8944=DIRECTION('',(-1.36470705955096E-15,1.,0.));
#8945=DIRECTION('',(-1.,-1.36470705955096E-15,0.));
#8946=DIRECTION('',(-1.,-1.36470705955096E-15,0.));
#8947=DIRECTION('',(0.,0.,1.));
#8948=DIRECTION('',(1.,0.,0.));
#8949=DIRECTION('',(0.,0.,1.));
#8950=DIRECTION('',(-1.,0.,0.));
#8951=DIRECTION('',(0.,0.,1.));
#8952=DIRECTION('',(1.,0.,0.));
#8953=DIRECTION('',(0.,0.,1.));
#8954=DIRECTION('',(0.,0.,1.));
#8955=DIRECTION('',(1.,0.,0.));
#8956=DIRECTION('',(1.,-2.55882573665806E-16,0.));
#8957=DIRECTION('',(2.55882573665806E-16,1.,0.));
#8958=DIRECTION('',(2.55882573665806E-16,1.,0.));
#8959=DIRECTION('',(0.,0.,1.));
#8960=DIRECTION('',(0.,1.,0.));
#8961=DIRECTION('',(0.,0.,1.));
#8962=DIRECTION('',(0.,1.,0.));
#8963=DIRECTION('',(0.,0.,1.));
#8964=DIRECTION('',(1.,0.,0.));
#8965=DIRECTION('',(0.,0.,1.));
#8966=DIRECTION('',(0.,0.,1.));
#8967=DIRECTION('',(1.,0.,0.));
#8968=DIRECTION('',(-6.82353529775482E-16,-1.,0.));
#8969=DIRECTION('',(1.,-6.82353529775482E-16,0.));
#8970=DIRECTION('',(1.,-6.82353529775482E-16,0.));
#8971=DIRECTION('',(0.,0.,1.));
#8972=DIRECTION('',(1.,0.,0.));
#8973=DIRECTION('',(0.,0.,1.));
#8974=DIRECTION('',(1.,0.,0.));
#8975=DIRECTION('',(0.,0.,1.));
#8976=DIRECTION('',(1.,0.,0.));
#8977=DIRECTION('',(0.,0.,1.));
#8978=DIRECTION('',(0.,0.,1.));
#8979=DIRECTION('',(1.,0.,0.));
#8980=DIRECTION('',(-1.,-3.41176764887741E-16,0.));
#8981=DIRECTION('',(3.41176764887741E-16,-1.,0.));
#8982=DIRECTION('',(3.41176764887741E-16,-1.,0.));
#8983=DIRECTION('',(0.,1.,0.));
#8984=DIRECTION('',(0.,0.,1.));
#8985=DIRECTION('',(1.,0.,0.));
#8986=DIRECTION('',(0.,0.,1.));
#8987=DIRECTION('',(1.,0.,0.));
#8988=DIRECTION('',(0.,0.,1.));
#8989=DIRECTION('',(0.,0.,1.));
#8990=DIRECTION('',(1.,0.,0.));
#8991=DIRECTION('',(0.,0.,1.));
#8992=DIRECTION('',(-1.,0.,0.));
#8993=DIRECTION('',(0.,-1.,0.));
#8994=DIRECTION('',(0.,-1.,0.));
#8995=DIRECTION('',(0.,0.,1.));
#8996=DIRECTION('',(0.,1.,0.));
#8997=DIRECTION('',(0.,0.,1.));
#8998=DIRECTION('',(0.,-1.,0.));
#8999=DIRECTION('',(0.,0.,1.));
#9000=DIRECTION('',(1.,0.,0.));
#9001=DIRECTION('',(0.,0.,1.));
#9002=DIRECTION('',(0.,0.,1.));
#9003=DIRECTION('',(1.,0.,0.));
#9004=DIRECTION('',(3.41176764887741E-16,1.,0.));
#9005=DIRECTION('',(-1.,3.41176764887741E-16,0.));
#9006=DIRECTION('',(-1.,3.41176764887741E-16,0.));
#9007=DIRECTION('',(0.,0.,1.));
#9008=DIRECTION('',(1.,0.,0.));
#9009=DIRECTION('',(0.,0.,1.));
#9010=DIRECTION('',(-1.,0.,0.));
#9011=DIRECTION('',(0.,0.,1.));
#9012=DIRECTION('',(1.,0.,0.));
#9013=DIRECTION('',(0.,0.,1.));
#9014=DIRECTION('',(0.,0.,1.));
#9015=DIRECTION('',(1.,0.,0.));
#9016=DIRECTION('',(1.,0.,0.));
#9017=DIRECTION('',(0.,1.,0.));
#9018=DIRECTION('',(0.,1.,0.));
#9019=DIRECTION('',(0.,0.,1.));
#9020=DIRECTION('',(0.,1.,0.));
#9021=DIRECTION('',(0.,0.,1.));
#9022=DIRECTION('',(0.,1.,0.));
#9023=DIRECTION('',(0.,0.,1.));
#9024=DIRECTION('',(1.,0.,0.));
#9025=DIRECTION('',(0.,0.,1.));
#9026=DIRECTION('',(0.,0.,1.));
#9027=DIRECTION('',(1.,0.,0.));
#9028=DIRECTION('',(0.,-1.,0.));
#9029=DIRECTION('',(1.,0.,0.));
#9030=DIRECTION('',(1.,0.,0.));
#9031=DIRECTION('',(1.,0.,0.));
#9032=DIRECTION('',(0.,0.,1.));
#9033=DIRECTION('',(0.,-1.,0.));
#9034=DIRECTION('',(0.,0.,1.));
#9035=DIRECTION('',(1.,0.,0.));
#9036=DIRECTION('',(0.,0.,1.));
#9037=DIRECTION('',(0.,0.,1.));
#9038=DIRECTION('',(1.,0.,0.));
#9039=DIRECTION('',(0.,0.,1.));
#9040=DIRECTION('',(0.,1.,0.));
#9041=DIRECTION('',(-1.,0.,0.));
#9042=DIRECTION('',(-1.,0.,0.));
#9043=DIRECTION('',(0.,0.,1.));
#9044=DIRECTION('',(1.,0.,0.));
#9045=DIRECTION('',(0.,0.,1.));
#9046=DIRECTION('',(-1.,-1.77523730327307E-14,0.));
#9047=DIRECTION('',(0.,0.,1.));
#9048=DIRECTION('',(1.,0.,0.));
#9049=DIRECTION('',(0.,0.,1.));
#9050=DIRECTION('',(0.,0.,1.));
#9051=DIRECTION('',(1.,0.,0.));
#9052=DIRECTION('',(1.,3.41176764887741E-16,0.));
#9053=DIRECTION('',(-3.41176764887741E-16,1.,0.));
#9054=DIRECTION('',(-3.41176764887741E-16,1.,0.));
#9055=DIRECTION('',(0.,0.,1.));
#9056=DIRECTION('',(0.,1.,0.));
#9057=DIRECTION('',(0.,0.,1.));
#9058=DIRECTION('',(0.,1.,0.));
#9059=DIRECTION('',(0.,0.,1.));
#9060=DIRECTION('',(1.,0.,0.));
#9061=DIRECTION('',(0.,0.,1.));
#9062=DIRECTION('',(0.,0.,1.));
#9063=DIRECTION('',(1.,0.,0.));
#9064=DIRECTION('',(1.36470705955096E-15,-1.,0.));
#9065=DIRECTION('',(1.,1.36470705955096E-15,0.));
#9066=DIRECTION('',(1.,1.36470705955096E-15,0.));
#9067=DIRECTION('',(0.,0.,1.));
#9068=DIRECTION('',(1.,0.,0.));
#9069=DIRECTION('',(0.,0.,1.));
#9070=DIRECTION('',(1.,0.,0.));
#9071=DIRECTION('',(0.,0.,1.));
#9072=DIRECTION('',(1.,0.,0.));
#9073=DIRECTION('',(0.,0.,1.));
#9074=DIRECTION('',(0.,0.,1.));
#9075=DIRECTION('',(1.,0.,0.));
#9076=DIRECTION('',(-1.,6.82353529775482E-16,0.));
#9077=DIRECTION('',(-6.82353529775482E-16,-1.,0.));
#9078=DIRECTION('',(-6.82353529775482E-16,-1.,0.));
#9079=DIRECTION('',(0.,1.,0.));
#9080=DIRECTION('',(0.,0.,1.));
#9081=DIRECTION('',(-1.,0.,0.));
#9082=DIRECTION('',(0.,0.,1.));
#9083=DIRECTION('',(1.,0.,0.));
#9084=DIRECTION('',(0.,0.,1.));
#9085=DIRECTION('',(0.,0.,1.));
#9086=DIRECTION('',(1.,0.,0.));
#9087=DIRECTION('',(0.,0.,1.));
#9088=DIRECTION('',(1.,0.,0.));
#9089=DIRECTION('',(0.,1.,0.));
#9090=DIRECTION('',(0.,1.,0.));
#9091=DIRECTION('',(0.,0.,1.));
#9092=DIRECTION('',(0.,1.,0.));
#9093=DIRECTION('',(0.,0.,1.));
#9094=DIRECTION('',(-1.77523730327307E-14,1.,0.));
#9095=DIRECTION('',(0.,0.,1.));
#9096=DIRECTION('',(1.,0.,0.));
#9097=DIRECTION('',(0.,0.,1.));
#9098=DIRECTION('',(0.,0.,1.));
#9099=DIRECTION('',(1.,0.,0.));
#9100=DIRECTION('',(0.,0.,1.));
#9101=DIRECTION('',(1.77523730327304E-14,-1.,0.));
#9102=DIRECTION('',(0.,0.,1.));
#9103=DIRECTION('',(1.,0.,0.));
#9104=DIRECTION('',(0.,0.,1.));
#9105=DIRECTION('',(0.,0.,1.));
#9106=DIRECTION('',(1.,0.,0.));
#9107=DIRECTION('',(0.,0.,1.));
#9108=DIRECTION('',(1.02353029466322E-15,1.,0.));
#9109=DIRECTION('',(-1.,1.02353029466322E-15,0.));
#9110=DIRECTION('',(-1.,1.02353029466322E-15,0.));
#9111=DIRECTION('',(0.,0.,1.));
#9112=DIRECTION('',(1.,0.,0.));
#9113=DIRECTION('',(0.,0.,1.));
#9114=DIRECTION('',(-1.,0.,0.));
#9115=DIRECTION('',(0.,0.,1.));
#9116=DIRECTION('',(1.,0.,0.));
#9117=DIRECTION('',(0.,0.,1.));
#9118=DIRECTION('',(0.,0.,1.));
#9119=DIRECTION('',(1.,0.,0.));
#9120=DIRECTION('',(1.,0.,0.));
#9121=DIRECTION('',(0.,1.,0.));
#9122=DIRECTION('',(0.,1.,0.));
#9123=DIRECTION('',(0.,0.,1.));
#9124=DIRECTION('',(0.,1.,0.));
#9125=DIRECTION('',(0.,0.,1.));
#9126=DIRECTION('',(-1.77523730327307E-14,1.,0.));
#9127=DIRECTION('',(0.,0.,1.));
#9128=DIRECTION('',(1.,0.,0.));
#9129=DIRECTION('',(0.,0.,1.));
#9130=DIRECTION('',(0.,0.,1.));
#9131=DIRECTION('',(1.,0.,0.));
#9132=DIRECTION('',(6.82353529775481E-16,-1.,0.));
#9133=DIRECTION('',(1.,6.82353529775481E-16,0.));
#9134=DIRECTION('',(1.,6.82353529775481E-16,0.));
#9135=DIRECTION('',(0.,0.,1.));
#9136=DIRECTION('',(1.,0.,0.));
#9137=DIRECTION('',(0.,0.,1.));
#9138=DIRECTION('',(1.,0.,0.));
#9139=DIRECTION('',(0.,0.,1.));
#9140=DIRECTION('',(1.,0.,0.));
#9141=DIRECTION('',(0.,0.,1.));
#9142=DIRECTION('',(0.,0.,1.));
#9143=DIRECTION('',(1.,0.,0.));
#9144=DIRECTION('',(-1.,-1.36470710960812E-15,0.));
#9145=DIRECTION('',(1.36470710960812E-15,-1.,0.));
#9146=DIRECTION('',(1.36470710960812E-15,-1.,0.));
#9147=DIRECTION('',(0.,1.,0.));
#9148=DIRECTION('',(0.,0.,1.));
#9149=DIRECTION('',(1.,0.,0.));
#9150=DIRECTION('',(0.,0.,1.));
#9151=DIRECTION('',(1.,0.,0.));
#9152=DIRECTION('',(0.,0.,1.));
#9153=DIRECTION('',(0.,0.,1.));
#9154=DIRECTION('',(1.,0.,0.));
#9155=DIRECTION('',(0.,0.,1.));
#9156=DIRECTION('',(-1.,0.,0.));
#9157=DIRECTION('',(0.,-1.,0.));
#9158=DIRECTION('',(0.,-1.,0.));
#9159=DIRECTION('',(0.,0.,1.));
#9160=DIRECTION('',(0.,1.,0.));
#9161=DIRECTION('',(0.,0.,1.));
#9162=DIRECTION('',(0.,-1.,0.));
#9163=DIRECTION('',(0.,0.,1.));
#9164=DIRECTION('',(1.,0.,0.));
#9165=DIRECTION('',(0.,0.,1.));
#9166=DIRECTION('',(0.,0.,1.));
#9167=DIRECTION('',(1.,0.,0.));
#9168=DIRECTION('',(3.41176714830592E-16,1.,0.));
#9169=DIRECTION('',(-1.,3.41176714830592E-16,0.));
#9170=DIRECTION('',(-1.,3.41176714830592E-16,0.));
#9171=DIRECTION('',(0.,0.,1.));
#9172=DIRECTION('',(1.,0.,0.));
#9173=DIRECTION('',(0.,0.,1.));
#9174=DIRECTION('',(-1.,0.,0.));
#9175=DIRECTION('',(0.,0.,1.));
#9176=DIRECTION('',(1.,0.,0.));
#9177=DIRECTION('',(0.,0.,1.));
#9178=DIRECTION('',(0.,0.,1.));
#9179=DIRECTION('',(1.,0.,0.));
#9180=DIRECTION('',(1.,0.,0.));
#9181=DIRECTION('',(0.,1.,0.));
#9182=DIRECTION('',(0.,1.,0.));
#9183=DIRECTION('',(0.,0.,1.));
#9184=DIRECTION('',(0.,1.,0.));
#9185=DIRECTION('',(0.,0.,1.));
#9186=DIRECTION('',(0.,1.,0.));
#9187=DIRECTION('',(0.,0.,1.));
#9188=DIRECTION('',(1.,0.,0.));
#9189=DIRECTION('',(0.,0.,1.));
#9190=DIRECTION('',(0.,0.,1.));
#9191=DIRECTION('',(1.,0.,0.));
#9192=DIRECTION('',(3.41176714830592E-16,-1.,0.));
#9193=DIRECTION('',(1.,3.41176714830592E-16,0.));
#9194=DIRECTION('',(1.,3.41176714830592E-16,0.));
#9195=DIRECTION('',(1.,0.,0.));
#9196=DIRECTION('',(0.,0.,1.));
#9197=DIRECTION('',(1.77523730327307E-14,-1.,0.));
#9198=DIRECTION('',(0.,0.,1.));
#9199=DIRECTION('',(1.,0.,0.));
#9200=DIRECTION('',(0.,0.,1.));
#9201=DIRECTION('',(0.,0.,1.));
#9202=DIRECTION('',(1.,0.,0.));
#9203=DIRECTION('',(0.,0.,1.));
#9204=DIRECTION('',(-3.41176764887741E-16,1.,0.));
#9205=DIRECTION('',(-1.,-3.41176764887741E-16,0.));
#9206=DIRECTION('',(-1.,-3.41176764887741E-16,0.));
#9207=DIRECTION('',(0.,0.,1.));
#9208=DIRECTION('',(1.,0.,0.));
#9209=DIRECTION('',(0.,0.,1.));
#9210=DIRECTION('',(-1.,0.,0.));
#9211=DIRECTION('',(0.,0.,1.));
#9212=DIRECTION('',(1.,0.,0.));
#9213=DIRECTION('',(0.,0.,1.));
#9214=DIRECTION('',(0.,0.,1.));
#9215=DIRECTION('',(1.,0.,0.));
#9216=DIRECTION('',(1.,0.,0.));
#9217=DIRECTION('',(0.,1.,0.));
#9218=DIRECTION('',(0.,1.,0.));
#9219=DIRECTION('',(0.,0.,1.));
#9220=DIRECTION('',(0.,1.,0.));
#9221=DIRECTION('',(0.,0.,1.));
#9222=DIRECTION('',(-1.77523730327307E-14,1.,0.));
#9223=DIRECTION('',(0.,0.,1.));
#9224=DIRECTION('',(1.,0.,0.));
#9225=DIRECTION('',(0.,0.,1.));
#9226=DIRECTION('',(0.,0.,1.));
#9227=DIRECTION('',(1.,0.,0.));
#9228=DIRECTION('',(6.82353529775481E-16,-1.,0.));
#9229=DIRECTION('',(1.,6.82353529775481E-16,0.));
#9230=DIRECTION('',(1.,6.82353529775481E-16,0.));
#9231=DIRECTION('',(0.,0.,1.));
#9232=DIRECTION('',(1.,0.,0.));
#9233=DIRECTION('',(0.,0.,1.));
#9234=DIRECTION('',(1.,0.,0.));
#9235=DIRECTION('',(0.,0.,1.));
#9236=DIRECTION('',(1.,0.,0.));
#9237=DIRECTION('',(0.,0.,1.));
#9238=DIRECTION('',(0.,0.,1.));
#9239=DIRECTION('',(1.,0.,0.));
#9240=DIRECTION('',(-1.,0.,0.));
#9241=DIRECTION('',(0.,-1.,0.));
#9242=DIRECTION('',(0.,-1.,0.));
#9243=DIRECTION('',(0.,1.,0.));
#9244=DIRECTION('',(0.,0.,1.));
#9245=DIRECTION('',(0.,-1.,0.));
#9246=DIRECTION('',(0.,0.,1.));
#9247=DIRECTION('',(1.,0.,0.));
#9248=DIRECTION('',(0.,0.,1.));
#9249=DIRECTION('',(0.,0.,1.));
#9250=DIRECTION('',(1.,0.,0.));
#9251=DIRECTION('',(0.,0.,1.));
#9252=DIRECTION('',(0.,1.,0.));
#9253=DIRECTION('',(-1.,0.,0.));
#9254=DIRECTION('',(-1.,0.,0.));
#9255=DIRECTION('',(0.,0.,1.));
#9256=DIRECTION('',(1.,0.,0.));
#9257=DIRECTION('',(0.,0.,1.));
#9258=DIRECTION('',(-1.,0.,0.));
#9259=DIRECTION('',(0.,0.,1.));
#9260=DIRECTION('',(1.,0.,0.));
#9261=DIRECTION('',(0.,0.,1.));
#9262=DIRECTION('',(0.,0.,1.));
#9263=DIRECTION('',(1.,0.,0.));
#9264=DIRECTION('',(1.,-2.55882536122944E-16,0.));
#9265=DIRECTION('',(2.55882536122944E-16,1.,0.));
#9266=DIRECTION('',(2.55882536122944E-16,1.,0.));
#9267=DIRECTION('',(0.,0.,1.));
#9268=DIRECTION('',(0.,1.,0.));
#9269=DIRECTION('',(0.,0.,1.));
#9270=DIRECTION('',(0.,1.,0.));
#9271=DIRECTION('',(0.,0.,1.));
#9272=DIRECTION('',(1.,0.,0.));
#9273=DIRECTION('',(0.,0.,1.));
#9274=DIRECTION('',(0.,0.,1.));
#9275=DIRECTION('',(1.,0.,0.));
#9276=DIRECTION('',(0.,-1.,0.));
#9277=DIRECTION('',(1.,0.,0.));
#9278=DIRECTION('',(1.,0.,0.));
#9279=DIRECTION('',(0.,0.,1.));
#9280=DIRECTION('',(1.,0.,0.));
#9281=DIRECTION('',(0.,0.,1.));
#9282=DIRECTION('',(1.,0.,0.));
#9283=DIRECTION('',(0.,0.,1.));
#9284=DIRECTION('',(1.,0.,0.));
#9285=DIRECTION('',(0.,0.,1.));
#9286=DIRECTION('',(0.,0.,1.));
#9287=DIRECTION('',(1.,0.,0.));
#9288=DIRECTION('',(-1.,3.41176714830591E-16,0.));
#9289=DIRECTION('',(-3.41176714830591E-16,-1.,0.));
#9290=DIRECTION('',(-3.41176714830591E-16,-1.,0.));
#9291=DIRECTION('',(0.,1.,0.));
#9292=DIRECTION('',(0.,0.,1.));
#9293=DIRECTION('',(0.,-1.,0.));
#9294=DIRECTION('',(0.,0.,1.));
#9295=DIRECTION('',(1.,0.,0.));
#9296=DIRECTION('',(0.,0.,1.));
#9297=DIRECTION('',(0.,0.,1.));
#9298=DIRECTION('',(1.,0.,0.));
#9299=DIRECTION('',(0.,0.,1.));
#9300=DIRECTION('',(0.,1.,0.));
#9301=DIRECTION('',(-1.,0.,0.));
#9302=DIRECTION('',(-1.,0.,0.));
#9303=DIRECTION('',(0.,0.,1.));
#9304=DIRECTION('',(1.,0.,0.));
#9305=DIRECTION('',(0.,0.,1.));
#9306=DIRECTION('',(-1.,0.,0.));
#9307=DIRECTION('',(0.,0.,1.));
#9308=DIRECTION('',(1.,0.,0.));
#9309=DIRECTION('',(0.,0.,1.));
#9310=DIRECTION('',(0.,0.,1.));
#9311=DIRECTION('',(1.,0.,0.));
#9312=DIRECTION('',(1.,-6.82353529775482E-16,0.));
#9313=DIRECTION('',(6.82353529775482E-16,1.,0.));
#9314=DIRECTION('',(6.82353529775482E-16,1.,0.));
#9315=DIRECTION('',(0.,0.,1.));
#9316=DIRECTION('',(0.,1.,0.));
#9317=DIRECTION('',(0.,0.,1.));
#9318=DIRECTION('',(0.,1.,0.));
#9319=DIRECTION('',(0.,0.,1.));
#9320=DIRECTION('',(1.,0.,0.));
#9321=DIRECTION('',(0.,0.,1.));
#9322=DIRECTION('',(0.,0.,1.));
#9323=DIRECTION('',(1.,0.,0.));
#9324=DIRECTION('',(0.,-1.,0.));
#9325=DIRECTION('',(1.,0.,0.));
#9326=DIRECTION('',(1.,0.,0.));
#9327=DIRECTION('',(0.,0.,1.));
#9328=DIRECTION('',(1.,0.,0.));
#9329=DIRECTION('',(0.,0.,1.));
#9330=DIRECTION('',(1.,0.,0.));
#9331=DIRECTION('',(0.,0.,1.));
#9332=DIRECTION('',(1.,0.,0.));
#9333=DIRECTION('',(0.,0.,1.));
#9334=DIRECTION('',(0.,0.,1.));
#9335=DIRECTION('',(1.,0.,0.));
#9336=DIRECTION('',(-1.,-6.82353529775482E-16,0.));
#9337=DIRECTION('',(6.82353529775482E-16,-1.,0.));
#9338=DIRECTION('',(6.82353529775482E-16,-1.,0.));
#9339=DIRECTION('',(0.,1.,0.));
#9340=DIRECTION('',(0.,0.,1.));
#9341=DIRECTION('',(-1.,0.,0.));
#9342=DIRECTION('',(0.,0.,1.));
#9343=DIRECTION('',(1.,0.,0.));
#9344=DIRECTION('',(0.,0.,1.));
#9345=DIRECTION('',(0.,0.,1.));
#9346=DIRECTION('',(1.,0.,0.));
#9347=DIRECTION('',(0.,0.,1.));
#9348=DIRECTION('',(1.,8.52941943505076E-17,0.));
#9349=DIRECTION('',(-8.52941943505076E-17,1.,0.));
#9350=DIRECTION('',(-8.52941943505076E-17,1.,0.));
#9351=DIRECTION('',(0.,0.,1.));
#9352=DIRECTION('',(0.,1.,0.));
#9353=DIRECTION('',(0.,0.,1.));
#9354=DIRECTION('',(0.,1.,0.));
#9355=DIRECTION('',(0.,0.,1.));
#9356=DIRECTION('',(1.,0.,0.));
#9357=DIRECTION('',(0.,0.,1.));
#9358=DIRECTION('',(0.,0.,1.));
#9359=DIRECTION('',(1.,0.,0.));
#9360=DIRECTION('',(0.,-1.,0.));
#9361=DIRECTION('',(1.,0.,0.));
#9362=DIRECTION('',(1.,0.,0.));
#9363=DIRECTION('',(0.,0.,1.));
#9364=DIRECTION('',(1.,0.,0.));
#9365=DIRECTION('',(0.,0.,1.));
#9366=DIRECTION('',(1.,0.,0.));
#9367=DIRECTION('',(0.,0.,1.));
#9368=DIRECTION('',(1.,0.,0.));
#9369=DIRECTION('',(0.,0.,1.));
#9370=DIRECTION('',(0.,0.,1.));
#9371=DIRECTION('',(1.,0.,0.));
#9372=DIRECTION('',(-1.,3.4117677740203E-16,0.));
#9373=DIRECTION('',(-3.4117677740203E-16,-1.,0.));
#9374=DIRECTION('',(-3.4117677740203E-16,-1.,0.));
#9375=DIRECTION('',(0.,0.,1.));
#9376=DIRECTION('',(0.,1.,0.));
#9377=DIRECTION('',(0.,0.,1.));
#9378=DIRECTION('',(0.,-1.,0.));
#9379=DIRECTION('',(0.,0.,1.));
#9380=DIRECTION('',(1.,0.,0.));
#9381=DIRECTION('',(0.,0.,1.));
#9382=DIRECTION('',(0.,0.,1.));
#9383=DIRECTION('',(1.,0.,0.));
#9384=DIRECTION('',(0.,1.,0.));
#9385=DIRECTION('',(-1.,0.,0.));
#9386=DIRECTION('',(-1.,0.,0.));
#9387=DIRECTION('',(1.,0.,0.));
#9388=DIRECTION('',(0.,0.,1.));
#9389=DIRECTION('',(-1.,0.,0.));
#9390=DIRECTION('',(0.,0.,1.));
#9391=DIRECTION('',(1.,0.,0.));
#9392=DIRECTION('',(0.,0.,1.));
#9393=DIRECTION('',(0.,0.,1.));
#9394=DIRECTION('',(1.,0.,0.));
#9395=DIRECTION('',(0.,0.,1.));
#9396=DIRECTION('',(1.,-6.82353429661183E-16,0.));
#9397=DIRECTION('',(6.82353429661183E-16,1.,0.));
#9398=DIRECTION('',(6.82353429661183E-16,1.,0.));
#9399=DIRECTION('',(0.,0.,1.));
#9400=DIRECTION('',(0.,1.,0.));
#9401=DIRECTION('',(0.,0.,1.));
#9402=DIRECTION('',(0.,1.,0.));
#9403=DIRECTION('',(0.,0.,1.));
#9404=DIRECTION('',(1.,0.,0.));
#9405=DIRECTION('',(0.,0.,1.));
#9406=DIRECTION('',(0.,0.,1.));
#9407=DIRECTION('',(1.,0.,0.));
#9408=DIRECTION('',(6.82353329546914E-16,-1.,0.));
#9409=DIRECTION('',(1.,6.82353329546914E-16,0.));
#9410=DIRECTION('',(1.,6.82353329546914E-16,0.));
#9411=DIRECTION('',(0.,0.,1.));
#9412=DIRECTION('',(1.,0.,0.));
#9413=DIRECTION('',(0.,0.,1.));
#9414=DIRECTION('',(1.,0.,0.));
#9415=DIRECTION('',(0.,0.,1.));
#9416=DIRECTION('',(1.,0.,0.));
#9417=DIRECTION('',(0.,0.,1.));
#9418=DIRECTION('',(0.,0.,1.));
#9419=DIRECTION('',(1.,0.,0.));
#9420=DIRECTION('',(-1.,6.82353429661183E-16,0.));
#9421=DIRECTION('',(-6.82353429661183E-16,-1.,0.));
#9422=DIRECTION('',(-6.82353429661183E-16,-1.,0.));
#9423=DIRECTION('',(0.,0.,1.));
#9424=DIRECTION('',(0.,1.,0.));
#9425=DIRECTION('',(0.,0.,1.));
#9426=DIRECTION('',(0.,-1.,0.));
#9427=DIRECTION('',(0.,0.,1.));
#9428=DIRECTION('',(1.,0.,0.));
#9429=DIRECTION('',(0.,0.,1.));
#9430=DIRECTION('',(0.,0.,1.));
#9431=DIRECTION('',(1.,0.,0.));
#9432=DIRECTION('',(-6.82353329546914E-16,1.,0.));
#9433=DIRECTION('',(-1.,-6.82353329546914E-16,0.));
#9434=DIRECTION('',(-1.,-6.82353329546914E-16,0.));
#9435=DIRECTION('',(1.,0.,0.));
#9436=DIRECTION('',(0.,1.,0.));
#9437=DIRECTION('',(-1.,0.,0.));
#9438=DIRECTION('',(6.12323399573677E-17,0.,-1.));
#9439=DIRECTION('',(1.,0.,0.));
#9440=DIRECTION('',(1.,0.,0.));
#9441=DIRECTION('',(0.,0.,-1.));
#9442=DIRECTION('',(-1.,0.,0.));
#9443=DIRECTION('',(0.,0.,-1.));
#9444=DIRECTION('',(-1.,0.,0.));
#9445=DIRECTION('',(0.,0.,-1.));
#9446=DIRECTION('',(0.,0.,-1.));
#9447=DIRECTION('',(-1.,0.,0.));
#9448=DIRECTION('',(0.,0.,-1.));
#9449=DIRECTION('',(0.,-1.,0.));
#9450=DIRECTION('',(-1.,0.,0.));
#9451=DIRECTION('',(6.12323399573677E-17,0.,-1.));
#9452=DIRECTION('',(1.,0.,0.));
#9453=DIRECTION('',(0.,0.,-1.));
#9454=DIRECTION('',(1.,0.,0.));
#9455=DIRECTION('',(-1.,0.,0.));
#9456=DIRECTION('',(0.,1.,0.));
#9457=DIRECTION('',(0.,1.,0.));
#9458=DIRECTION('',(0.,1.,0.));
#9459=DIRECTION('',(0.,0.,-1.));
#9460=DIRECTION('',(1.19703177056739E-16,1.,0.));
#9461=DIRECTION('',(1.,-1.19703177056739E-16,0.));
#9462=DIRECTION('',(1.,-1.01995606486215E-16,4.24981693692562E-17));
#9463=DIRECTION('',(1.,0.,0.));
#9464=DIRECTION('',(0.923076923076923,0.,0.384615384615384));
#9465=DIRECTION('',(0.384615384615384,0.,-0.923076923076923));
#9466=DIRECTION('',(0.,1.,0.));
#9467=DIRECTION('',(-0.358979079308867,-0.35897907930887,0.861549790341286));
#9468=DIRECTION('',(0.358979079308867,-0.35897907930887,-0.861549790341286));
#9469=DIRECTION('',(0.,0.923076923076923,0.384615384615386));
#9470=DIRECTION('',(0.,-0.384615384615386,0.923076923076923));
#9471=DIRECTION('',(0.,-0.384615384615385,0.923076923076923));
#9472=DIRECTION('',(1.,0.,0.));
#9473=DIRECTION('',(-1.10495240360066E-16,-0.923076923076923,0.384615384615385));
#9474=DIRECTION('',(0.,-0.384615384615385,-0.923076923076923));
#9475=DIRECTION('',(1.,-1.01995606486215E-16,4.24981693692562E-17));
#9476=DIRECTION('',(0.,0.,1.));
#9477=DIRECTION('',(1.,0.,0.));
#9478=DIRECTION('',(-1.0478046094109E-16,1.,-6.41595280523451E-33));
#9479=DIRECTION('',(-1.0478046094109E-16,1.,-6.41595280523451E-33));
#9480=DIRECTION('',(1.,0.,0.));
#9481=DIRECTION('',(-1.0478046094109E-16,1.,-6.41595280523451E-33));
#9482=DIRECTION('',(1.,0.,0.));
#9483=DIRECTION('',(-1.0478046094109E-16,1.,-6.41595280523451E-33));
#9484=DIRECTION('',(1.,0.,0.));
#9485=DIRECTION('',(-1.0478046094109E-16,1.,-6.41595280523451E-33));
#9486=DIRECTION('',(1.,0.,0.));
#9487=DIRECTION('',(1.,0.,0.));
#9488=DIRECTION('',(-1.0478046094109E-16,1.,-6.41595280523451E-33));
#9489=DIRECTION('',(1.,-1.01995606486216E-16,4.24981693692565E-17));
#9490=DIRECTION('',(-1.0478046094109E-16,1.,-6.41595280523451E-33));
#9491=DIRECTION('',(0.,1.,0.));
#9492=DIRECTION('',(0.866025403784473,0.49999999999994,0.));
#9493=DIRECTION('',(0.,0.,-1.));
#9494=DIRECTION('',(-1.,0.,0.));
#9495=DIRECTION('',(0.866025403784486,-0.499999999999918,0.));
#9496=DIRECTION('',(0.,1.,0.));
#9497=DIRECTION('',(0.866025403784472,0.499999999999942,0.));
#9498=DIRECTION('',(0.,0.,-1.));
#9499=DIRECTION('',(-1.,0.,0.));
#9500=DIRECTION('',(0.86602540378447,-0.499999999999946,0.));
#9501=DIRECTION('',(0.,1.,0.));
#9502=DIRECTION('',(1.,0.,0.));
#9503=DIRECTION('',(-0.5,0.866025403784436,0.));
#9504=DIRECTION('',(0.,0.,-1.));
#9505=DIRECTION('',(-1.,0.,0.));
#9506=DIRECTION('',(0.499999999999993,0.866025403784443,0.));
#9507=DIRECTION('',(1.,0.,0.));
#9508=DIRECTION('',(0.,1.,0.));
#9509=DIRECTION('',(0.,0.,-1.));
#9510=DIRECTION('',(-1.,0.,0.));
#9511=DIRECTION('',(0.,1.,0.));
#9512=DIRECTION('',(0.,0.,-1.));
#9513=DIRECTION('',(-1.,0.,0.));
#9514=DIRECTION('',(0.,1.,0.));
#9515=DIRECTION('',(0.,0.,-1.));
#9516=DIRECTION('',(-1.,0.,0.));
#9517=DIRECTION('',(0.,1.,0.));
#9518=DIRECTION('',(0.,0.,-1.));
#9519=DIRECTION('',(-1.,0.,0.));
#9520=DIRECTION('',(0.,0.,-1.));
#9521=DIRECTION('',(-1.,0.,0.));
#9522=DIRECTION('',(1.,0.,0.));
#9523=DIRECTION('',(0.,0.,-1.));
#9524=DIRECTION('',(-1.,0.,0.));
#9525=DIRECTION('',(1.,0.,0.));
#9526=DIRECTION('',(0.,0.,-1.));
#9527=DIRECTION('',(-1.,0.,0.));
#9528=DIRECTION('',(0.,0.,-1.));
#9529=DIRECTION('',(-1.,0.,0.));
#9530=DIRECTION('',(0.,0.,-1.));
#9531=DIRECTION('',(-1.,0.,0.));
#9532=DIRECTION('',(0.,0.,-1.));
#9533=DIRECTION('',(-1.,0.,0.));
#9534=DIRECTION('',(0.,0.,-1.));
#9535=DIRECTION('',(-1.,0.,0.));
#9536=DIRECTION('',(0.,0.,-1.));
#9537=DIRECTION('',(-1.,0.,0.));
#9538=DIRECTION('',(-1.,0.,0.));
#9539=DIRECTION('',(0.,-1.,0.));
#9540=DIRECTION('',(0.,0.,1.));
#9541=DIRECTION('',(0.,1.,0.));
#9542=DIRECTION('',(-0.499999999999938,-0.866025403784475,0.));
#9543=DIRECTION('',(-0.866025403784475,0.499999999999938,0.));
#9544=DIRECTION('',(-0.866025403784475,0.499999999999938,0.));
#9545=DIRECTION('',(0.,0.,1.));
#9546=DIRECTION('',(0.,0.,-1.));
#9547=DIRECTION('',(0.,0.,-1.));
#9548=DIRECTION('',(-1.,0.,0.));
#9549=DIRECTION('',(0.,0.,-1.));
#9550=DIRECTION('',(-1.,0.,0.));
#9551=DIRECTION('',(0.,0.,-1.));
#9552=DIRECTION('',(0.,0.,-1.));
#9553=DIRECTION('',(-1.,0.,0.));
#9554=DIRECTION('',(0.,0.,-1.));
#9555=DIRECTION('',(-1.,0.,0.));
#9556=DIRECTION('',(-0.49999999999994,0.866025403784473,0.));
#9557=DIRECTION('',(0.866025403784473,0.49999999999994,0.));
#9558=DIRECTION('',(0.866025403784473,0.49999999999994,0.));
#9559=DIRECTION('',(-1.,0.,0.));
#9560=DIRECTION('',(0.,-1.,0.));
#9561=DIRECTION('',(0.,0.,1.));
#9562=DIRECTION('',(0.,1.,0.));
#9563=DIRECTION('',(-1.,0.,0.));
#9564=DIRECTION('',(0.,-1.,0.));
#9565=DIRECTION('',(0.,0.,1.));
#9566=DIRECTION('',(0.,1.,0.));
#9567=DIRECTION('',(-0.499999999999938,-0.866025403784475,0.));
#9568=DIRECTION('',(-0.866025403784475,0.499999999999938,0.));
#9569=DIRECTION('',(-0.866025403784475,0.499999999999938,0.));
#9570=DIRECTION('',(0.,0.,-1.));
#9571=DIRECTION('',(0.,0.,-1.));
#9572=DIRECTION('',(-1.,0.,0.));
#9573=DIRECTION('',(0.,0.,-1.));
#9574=DIRECTION('',(-1.,0.,0.));
#9575=DIRECTION('',(0.,0.,-1.));
#9576=DIRECTION('',(-1.,0.,0.));
#9577=DIRECTION('',(0.,0.,-1.));
#9578=DIRECTION('',(-1.,0.,0.));
#9579=DIRECTION('',(0.,0.,-1.));
#9580=DIRECTION('',(-0.499999999999942,0.866025403784472,0.));
#9581=DIRECTION('',(0.866025403784472,0.499999999999942,0.));
#9582=DIRECTION('',(0.866025403784472,0.499999999999942,0.));
#9583=DIRECTION('',(0.,-1.,0.));
#9584=DIRECTION('',(1.,0.,0.));
#9585=DIRECTION('',(0.,0.,1.));
#9586=DIRECTION('',(1.,0.,0.));
#9587=DIRECTION('',(0.86602540378444,-0.5,0.));
#9588=DIRECTION('',(-0.5,-0.86602540378444,0.));
#9589=DIRECTION('',(-0.5,-0.86602540378444,0.));
#9590=DIRECTION('',(0.,0.,1.));
#9591=DIRECTION('',(0.,0.,-1.));
#9592=DIRECTION('',(0.,0.,-1.));
#9593=DIRECTION('',(-0.866025403784438,-0.5,0.));
#9594=DIRECTION('',(0.,0.,-1.));
#9595=DIRECTION('',(-1.,0.,0.));
#9596=DIRECTION('',(0.,0.,-1.));
#9597=DIRECTION('',(0.,0.,-1.));
#9598=DIRECTION('',(-1.,0.,0.));
#9599=DIRECTION('',(0.,0.,-1.));
#9600=DIRECTION('',(-1.,0.,0.));
#9601=DIRECTION('',(-0.866025403784436,-0.5,0.));
#9602=DIRECTION('',(-0.5,0.866025403784436,0.));
#9603=DIRECTION('',(-0.5,0.866025403784436,0.));
#9604=DIRECTION('',(0.,-1.,0.));
#9605=DIRECTION('',(-1.,0.,0.));
#9606=DIRECTION('',(1.,0.,0.));
#9607=DIRECTION('',(0.,0.,-1.));
#9608=DIRECTION('',(0.,0.,-1.));
#9609=DIRECTION('',(0.,0.,-1.));
#9610=DIRECTION('',(0.,1.,0.));
#9611=DIRECTION('',(0.,0.,-1.));
#9612=DIRECTION('',(-1.,0.,0.));
#9613=DIRECTION('',(0.,0.,-1.));
#9614=DIRECTION('',(0.,1.,0.));
#9615=DIRECTION('',(1.,0.,0.));
#9616=DIRECTION('',(1.,0.,0.));
#9617=DIRECTION('',(0.,0.,-1.));
#9618=DIRECTION('',(0.,0.,-1.));
#9619=DIRECTION('',(0.,-1.,0.));
#9620=DIRECTION('',(0.,0.,-1.));
#9621=DIRECTION('',(-1.,0.,0.));
#9622=DIRECTION('',(0.,0.,-1.));
#9623=DIRECTION('',(1.,0.,0.));
#9624=DIRECTION('',(0.,0.,-1.));
#9625=DIRECTION('',(-1.,0.,0.));
#9626=DIRECTION('',(0.,0.,-1.));
#9627=DIRECTION('',(0.,0.,-1.));
#9628=DIRECTION('',(1.,-1.09273919746571E-17,0.));
#9629=DIRECTION('',(-1.09273919746571E-17,-1.,0.));
#9630=DIRECTION('',(0.,1.,0.));
#9631=DIRECTION('',(0.,0.,-1.));
#9632=DIRECTION('',(0.,0.,-1.));
#9633=DIRECTION('',(-1.,0.,0.));
#9634=DIRECTION('',(0.,0.,-1.));
#9635=DIRECTION('',(-1.,0.,0.));
#9636=DIRECTION('',(0.,0.,-1.));
#9637=DIRECTION('',(-1.,-1.09273919746571E-17,0.));
#9638=DIRECTION('',(-1.09273919746571E-17,1.,0.));
#9639=DIRECTION('',(0.,1.,0.));
#9640=DIRECTION('',(0.,0.,-1.));
#9641=DIRECTION('',(1.,0.,0.));
#9642=DIRECTION('',(0.,0.,-1.));
#9643=DIRECTION('',(-1.,0.,0.));
#9644=DIRECTION('',(0.,0.,-1.));
#9645=DIRECTION('',(0.,0.,-1.));
#9646=DIRECTION('',(1.,-2.78648495353755E-16,0.));
#9647=DIRECTION('',(-2.78648495353755E-16,-1.,0.));
#9648=DIRECTION('',(0.,1.,0.));
#9649=DIRECTION('',(0.,0.,-1.));
#9650=DIRECTION('',(0.,0.,-1.));
#9651=DIRECTION('',(-1.,0.,0.));
#9652=DIRECTION('',(0.,0.,-1.));
#9653=DIRECTION('',(-1.,0.,0.));
#9654=DIRECTION('',(0.,0.,-1.));
#9655=DIRECTION('',(-1.,-2.78648495353755E-16,0.));
#9656=DIRECTION('',(-2.78648495353755E-16,1.,0.));
#9657=DIRECTION('',(0.,1.,0.));
#9658=DIRECTION('',(0.,0.,1.));
#9659=DIRECTION('',(1.,0.,0.));
#9660=DIRECTION('',(-1.0478046094109E-16,1.,-6.41595280523451E-33));
#9661=DIRECTION('',(1.,0.,0.));
#9662=DIRECTION('',(-1.0478046094109E-16,1.,-6.41595280523451E-33));
#9663=DIRECTION('',(1.,0.,0.));
#9664=DIRECTION('',(-1.0478046094109E-16,1.,-6.41595280523451E-33));
#9665=DIRECTION('',(1.,6.82353129318463E-16,0.));
#9666=DIRECTION('',(-1.,-3.41176564659231E-16,0.));
#9667=DIRECTION('',(-1.0478046094109E-16,1.,-6.41595280523451E-33));
#9668=DIRECTION('',(-1.,-6.82353529775479E-16,0.));
#9669=DIRECTION('',(-1.0478046094109E-16,1.,-6.41595280523451E-33));
#9670=DIRECTION('',(-1.,-1.36470625863693E-15,0.));
#9671=DIRECTION('',(-1.0478046094109E-16,1.,-6.41595280523451E-33));
#9672=DIRECTION('',(-1.,0.,0.));
#9673=DIRECTION('',(-1.0478046094109E-16,1.,-6.41595280523451E-33));
#9674=DIRECTION('',(-3.41176564659231E-16,1.,0.));
#9675=DIRECTION('',(-1.,-3.41176564659231E-16,0.));
#9676=DIRECTION('',(6.12323399573677E-17,0.,-1.));
#9677=DIRECTION('',(-6.82353529775479E-16,1.,0.));
#9678=DIRECTION('',(-1.,-6.82353529775479E-16,0.));
#9679=DIRECTION('',(6.12323399573677E-17,0.,-1.));
#9680=DIRECTION('',(-1.36470625863693E-15,1.,0.));
#9681=DIRECTION('',(-1.,-1.36470625863693E-15,0.));
#9682=DIRECTION('',(6.12323399573677E-17,0.,-1.));
#9683=DIRECTION('',(0.,1.,0.));
#9684=DIRECTION('',(-1.,0.,0.));
#9685=DIRECTION('',(6.12323399573677E-17,0.,-1.));
#9686=DIRECTION('',(6.82353129318463E-16,-1.,0.));
#9687=DIRECTION('',(1.,6.82353129318463E-16,0.));
#9688=DIRECTION('',(6.12323399573677E-17,0.,-1.));
#9689=DIRECTION('',(-1.10495240360067E-16,-0.923076923076923,0.384615384615384));
#9690=DIRECTION('',(0.,-0.384615384615384,-0.923076923076923));
#9691=DIRECTION('',(0.,-0.384615384615387,-0.923076923076922));
#9692=DIRECTION('',(1.,-1.01995606486216E-16,4.24981693692565E-17));
#9693=DIRECTION('',(1.19703177056739E-16,1.,0.));
#9694=DIRECTION('',(1.,-1.19703177056739E-16,0.));
#9695=DIRECTION('',(6.12323399573677E-17,0.,-1.));
#9696=DIRECTION('',(0.,-1.,0.));
#9697=DIRECTION('',(1.,0.,0.));
#9698=DIRECTION('',(6.12323399573677E-17,0.,-1.));
#9699=DIRECTION('',(1.,1.0478046094109E-16,6.12323399573677E-17));
#9700=DIRECTION('',(6.12323399573677E-17,0.,-1.));
#9701=DIRECTION('',(1.,1.0478046094109E-16,6.12323399573677E-17));
#9702=DIRECTION('',(6.12323399573677E-17,0.,-1.));
#9703=DIRECTION('',(1.,1.0478046094109E-16,6.12323399573677E-17));
#9704=DIRECTION('',(6.12323399573677E-17,0.,-1.));
#9705=DIRECTION('',(1.,1.0478046094109E-16,6.12323399573677E-17));
#9706=DIRECTION('',(6.12323399573677E-17,0.,-1.));
#9707=DIRECTION('',(1.,1.0478046094109E-16,6.12323399573677E-17));
#9708=DIRECTION('',(6.12323399573677E-17,0.,-1.));
#9709=DIRECTION('',(1.,1.0478046094109E-16,6.12323399573677E-17));
#9710=DIRECTION('',(6.12323399573677E-17,0.,-1.));
#9711=DIRECTION('',(1.,1.0478046094109E-16,6.12323399573677E-17));
#9712=DIRECTION('',(6.12323399573677E-17,0.,-1.));
#9713=CARTESIAN_POINT('',(0.,0.,0.));
#9714=CARTESIAN_POINT('',(0.004992,-0.00496999999999993,0.003048));
#9715=CARTESIAN_POINT('',(0.004992,-0.00496999999999993,0.003048));
#9716=CARTESIAN_POINT('',(0.004992,0.00257000000000008,0.003048));
#9717=CARTESIAN_POINT('',(-0.002548,-0.00496999999999993,0.003048));
#9718=CARTESIAN_POINT('',(-0.002548,-0.00496999999999994,0.003048));
#9719=CARTESIAN_POINT('',(-0.002548,-0.00496999999999993,0.006223));
#9720=CARTESIAN_POINT('',(0.004992,-0.00496999999999993,0.006223));
#9721=CARTESIAN_POINT('',(0.004992,0.00257000000000008,0.006223));
#9722=CARTESIAN_POINT('',(0.004992,0.00257000000000008,0.003048));
#9723=CARTESIAN_POINT('',(0.004992,-0.13897,0.003048));
#9724=CARTESIAN_POINT('',(0.004992,-0.13897,0.003048));
#9725=CARTESIAN_POINT('',(-0.002548,-0.13897,0.003048));
#9726=CARTESIAN_POINT('',(0.004992,-0.14651,0.003048));
#9727=CARTESIAN_POINT('',(0.004992,-0.14651,0.003048));
#9728=CARTESIAN_POINT('',(0.004992,-0.14651,0.006223));
#9729=CARTESIAN_POINT('',(0.004992,-0.13897,0.006223));
#9730=CARTESIAN_POINT('',(-0.002548,-0.13897,0.006223));
#9731=CARTESIAN_POINT('',(-0.002548,-0.13897,0.003048));
#9732=CARTESIAN_POINT('',(0.0184292152670166,-0.136504358487339,0.003048));
#9733=CARTESIAN_POINT('',(0.0184292152670166,-0.136504358487339,0.003048));
#9734=CARTESIAN_POINT('',(0.0194298459072837,-0.136504358487339,0.003048));
#9735=CARTESIAN_POINT('',(0.0184292152670166,-0.137504989127606,0.003048));
#9736=CARTESIAN_POINT('',(0.0184292152670166,-0.137504989127606,0.003048));
#9737=CARTESIAN_POINT('',(0.0184292152670166,-0.137504989127606,0.006223));
#9738=CARTESIAN_POINT('',(0.0184292152670166,-0.136504358487339,0.006223));
#9739=CARTESIAN_POINT('',(0.0194298459072837,-0.136504358487339,0.006223));
#9740=CARTESIAN_POINT('',(0.0194298459072837,-0.136504358487339,0.003048));
#9741=CARTESIAN_POINT('',(0.0184292152670166,-0.137504989127606,0.003048));
#9742=CARTESIAN_POINT('',(0.0184292152670166,-0.137504989127606,0.003048));
#9743=CARTESIAN_POINT('',(0.00541281862007073,-0.137504989127606,0.003048));
#9744=CARTESIAN_POINT('',(0.00541281862007073,-0.137504989127606,0.003048));
#9745=CARTESIAN_POINT('',(0.00541281862007073,-0.137504989127606,0.006223));
#9746=CARTESIAN_POINT('',(0.170242,-0.137504989127606,0.006223));
#9747=CARTESIAN_POINT('',(0.00541281862007073,-0.136504358487339,0.003048));
#9748=CARTESIAN_POINT('',(0.00541281862007073,-0.136504358487339,0.003048));
#9749=CARTESIAN_POINT('',(0.00441218797980357,-0.136504358487339,0.003048));
#9750=CARTESIAN_POINT('',(0.00441218797980357,-0.136504358487339,0.003048));
#9751=CARTESIAN_POINT('',(0.00441218797980359,-0.136504358487339,0.006223));
#9752=CARTESIAN_POINT('',(0.00541281862007073,-0.136504358487339,0.006223));
#9753=CARTESIAN_POINT('',(0.00441218797980357,-0.136504358487339,0.003048));
#9754=CARTESIAN_POINT('',(0.00441218797980357,-0.136504358487339,0.003048));
#9755=CARTESIAN_POINT('',(0.00441218797980359,-0.123487961840393,0.003048));
#9756=CARTESIAN_POINT('',(0.00441218797980359,-0.123487961840393,0.003048));
#9757=CARTESIAN_POINT('',(0.0044121879798036,-0.123487961840393,0.006223));
#9758=CARTESIAN_POINT('',(0.00441218797980361,-0.07197,0.006223));
#9759=CARTESIAN_POINT('',(0.00541281862007073,-0.123487961840393,0.003048));
#9760=CARTESIAN_POINT('',(0.00541281862007073,-0.123487961840393,0.003048));
#9761=CARTESIAN_POINT('',(0.00541281862007073,-0.122487331200126,0.003048));
#9762=CARTESIAN_POINT('',(0.00541281862007073,-0.122487331200126,0.003048));
#9763=CARTESIAN_POINT('',(0.00541281862007073,-0.122487331200126,0.006223));
#9764=CARTESIAN_POINT('',(0.00541281862007073,-0.123487961840393,0.006223));
#9765=CARTESIAN_POINT('',(0.00541281862007073,-0.122487331200126,0.003048));
#9766=CARTESIAN_POINT('',(0.00541281862007073,-0.122487331200126,0.003048));
#9767=CARTESIAN_POINT('',(0.0184292152670166,-0.122487331200126,0.003048));
#9768=CARTESIAN_POINT('',(0.0184292152670166,-0.122487331200126,0.003048));
#9769=CARTESIAN_POINT('',(0.0184292152670166,-0.122487331200126,0.006223));
#9770=CARTESIAN_POINT('',(0.170242,-0.122487331200126,0.006223));
#9771=CARTESIAN_POINT('',(0.0184292152670166,-0.123487961840393,0.003048));
#9772=CARTESIAN_POINT('',(0.0184292152670166,-0.123487961840393,0.003048));
#9773=CARTESIAN_POINT('',(0.0194298459072837,-0.123487961840393,0.003048));
#9774=CARTESIAN_POINT('',(0.0194298459072837,-0.123487961840393,0.003048));
#9775=CARTESIAN_POINT('',(0.0194298459072837,-0.123487961840393,0.006223));
#9776=CARTESIAN_POINT('',(0.0184292152670166,-0.123487961840393,0.006223));
#9777=CARTESIAN_POINT('',(0.0194298459072837,-0.123487961840393,0.003048));
#9778=CARTESIAN_POINT('',(0.0194298459072837,-0.123487961840393,0.003048));
#9779=CARTESIAN_POINT('',(0.0194298459072837,-0.07197,0.006223));
#9780=CARTESIAN_POINT('',(0.107935969097204,-0.0662658781300549,0.003048));
#9781=CARTESIAN_POINT('',(0.107935969097204,-0.0662658781300549,0.003048));
#9782=CARTESIAN_POINT('',(0.106935338456937,-0.0662658781300549,0.003048));
#9783=CARTESIAN_POINT('',(0.107935969097204,-0.0652652474897877,0.003048));
#9784=CARTESIAN_POINT('',(0.107935969097204,-0.0652652474897877,0.003048));
#9785=CARTESIAN_POINT('',(0.107935969097204,-0.0652652474897877,0.006223));
#9786=CARTESIAN_POINT('',(0.107935969097204,-0.0662658781300549,0.006223));
#9787=CARTESIAN_POINT('',(0.106935338456937,-0.0662658781300549,0.006223));
#9788=CARTESIAN_POINT('',(0.106935338456937,-0.0662658781300549,0.003048));
#9789=CARTESIAN_POINT('',(0.107935969097204,-0.0652652474897878,0.003048));
#9790=CARTESIAN_POINT('',(0.107935969097204,-0.0652652474897878,0.003048));
#9791=CARTESIAN_POINT('',(0.12095236574415,-0.0652652474897878,0.003048));
#9792=CARTESIAN_POINT('',(0.12095236574415,-0.0652652474897878,0.003048));
#9793=CARTESIAN_POINT('',(0.12095236574415,-0.0652652474897878,0.006223));
#9794=CARTESIAN_POINT('',(0.170242,-0.0652652474897877,0.006223));
#9795=CARTESIAN_POINT('',(0.12095236574415,-0.0662658781300549,0.003048));
#9796=CARTESIAN_POINT('',(0.12095236574415,-0.0662658781300549,0.003048));
#9797=CARTESIAN_POINT('',(0.121952996384417,-0.0662658781300549,0.003048));
#9798=CARTESIAN_POINT('',(0.121952996384417,-0.0662658781300549,0.003048));
#9799=CARTESIAN_POINT('',(0.121952996384417,-0.0662658781300549,0.006223));
#9800=CARTESIAN_POINT('',(0.12095236574415,-0.0662658781300549,0.006223));
#9801=CARTESIAN_POINT('',(0.121952996384417,-0.0662658781300549,0.003048));
#9802=CARTESIAN_POINT('',(0.121952996384417,-0.0662658781300549,0.003048));
#9803=CARTESIAN_POINT('',(0.121952996384417,-0.0792822747770007,0.003048));
#9804=CARTESIAN_POINT('',(0.121952996384417,-0.0792822747770007,0.003048));
#9805=CARTESIAN_POINT('',(0.121952996384417,-0.0792822747770007,0.006223));
#9806=CARTESIAN_POINT('',(0.121952996384417,-0.07197,0.006223));
#9807=CARTESIAN_POINT('',(0.12095236574415,-0.0792822747770007,0.003048));
#9808=CARTESIAN_POINT('',(0.12095236574415,-0.0792822747770007,0.003048));
#9809=CARTESIAN_POINT('',(0.12095236574415,-0.0802829054172679,0.003048));
#9810=CARTESIAN_POINT('',(0.12095236574415,-0.0802829054172679,0.003048));
#9811=CARTESIAN_POINT('',(0.12095236574415,-0.0802829054172679,0.006223));
#9812=CARTESIAN_POINT('',(0.12095236574415,-0.0792822747770007,0.006223));
#9813=CARTESIAN_POINT('',(0.12095236574415,-0.0802829054172678,0.003048));
#9814=CARTESIAN_POINT('',(0.12095236574415,-0.0802829054172678,0.003048));
#9815=CARTESIAN_POINT('',(0.107935969097204,-0.0802829054172678,0.003048));
#9816=CARTESIAN_POINT('',(0.107935969097204,-0.0802829054172678,0.003048));
#9817=CARTESIAN_POINT('',(0.107935969097204,-0.0802829054172678,0.006223));
#9818=CARTESIAN_POINT('',(0.170242,-0.0802829054172679,0.006223));
#9819=CARTESIAN_POINT('',(0.107935969097204,-0.0792822747770007,0.003048));
#9820=CARTESIAN_POINT('',(0.107935969097204,-0.0792822747770007,0.003048));
#9821=CARTESIAN_POINT('',(0.106935338456937,-0.0792822747770007,0.003048));
#9822=CARTESIAN_POINT('',(0.106935338456937,-0.0792822747770007,0.003048));
#9823=CARTESIAN_POINT('',(0.106935338456937,-0.0792822747770007,0.006223));
#9824=CARTESIAN_POINT('',(0.107935969097204,-0.0792822747770007,0.006223));
#9825=CARTESIAN_POINT('',(0.106935338456937,-0.0792822747770007,0.003048));
#9826=CARTESIAN_POINT('',(0.106935338456937,-0.0792822747770007,0.003048));
#9827=CARTESIAN_POINT('',(0.106935338456937,-0.07197,0.006223));
#9828=CARTESIAN_POINT('',(0.00650118952506525,-0.119432850598623,0.003048));
#9829=CARTESIAN_POINT('',(0.00650118952506525,-0.119432850598623,0.003048));
#9830=CARTESIAN_POINT('',(0.00650118952506525,-0.12043348123889,0.003048));
#9831=CARTESIAN_POINT('',(0.00550055888479812,-0.119432850598623,0.003048));
#9832=CARTESIAN_POINT('',(0.00550055888479811,-0.119432850598623,0.003048));
#9833=CARTESIAN_POINT('',(0.00550055888479811,-0.119432850598623,0.006223));
#9834=CARTESIAN_POINT('',(0.00650118952506525,-0.119432850598623,0.006223));
#9835=CARTESIAN_POINT('',(0.00650118952506525,-0.12043348123889,0.006223));
#9836=CARTESIAN_POINT('',(0.00650118952506525,-0.12043348123889,0.003048));
#9837=CARTESIAN_POINT('',(0.00550055888479813,-0.119432850598623,0.003048));
#9838=CARTESIAN_POINT('',(0.00550055888479813,-0.119432850598623,0.003048));
#9839=CARTESIAN_POINT('',(0.00550055888479812,-0.105415192671142,0.003048));
#9840=CARTESIAN_POINT('',(0.00550055888479812,-0.105415192671142,0.003048));
#9841=CARTESIAN_POINT('',(0.00550055888479812,-0.105415192671142,0.006223));
#9842=CARTESIAN_POINT('',(0.00550055888479811,-0.07197,0.006223));
#9843=CARTESIAN_POINT('',(0.00650118952506525,-0.105415192671142,0.003048));
#9844=CARTESIAN_POINT('',(0.00650118952506525,-0.105415192671142,0.003048));
#9845=CARTESIAN_POINT('',(0.00650118952506525,-0.104414562030875,0.003048));
#9846=CARTESIAN_POINT('',(0.00650118952506525,-0.104414562030875,0.003048));
#9847=CARTESIAN_POINT('',(0.00650118952506525,-0.104414562030875,0.006223));
#9848=CARTESIAN_POINT('',(0.00650118952506525,-0.105415192671142,0.006223));
#9849=CARTESIAN_POINT('',(0.00650118952506525,-0.104414562030875,0.003048));
#9850=CARTESIAN_POINT('',(0.00650118952506525,-0.104414562030875,0.003048));
#9851=CARTESIAN_POINT('',(0.012508757208271,-0.104414562030875,0.003048));
#9852=CARTESIAN_POINT('',(0.012508757208271,-0.104414562030875,0.003048));
#9853=CARTESIAN_POINT('',(0.012508757183413,-0.104414562030881,0.006223));
#9854=CARTESIAN_POINT('',(0.170242,-0.104414562030875,0.006223));
#9855=CARTESIAN_POINT('',(0.012508757208271,-0.104414562030875,0.003048));
#9856=CARTESIAN_POINT('',(0.012508757208271,-0.104414562030875,0.003048));
#9857=CARTESIAN_POINT('',(0.0139492012949419,-0.104413931390608,0.003048));
#9858=CARTESIAN_POINT('',(0.0139492012949419,-0.104413931390608,0.003048));
#9859=CARTESIAN_POINT('',(0.0139492012949419,-0.104413931390608,0.006223));
#9860=CARTESIAN_POINT('',(0.012508757208271,-0.104414562030875,0.006223));
#9861=CARTESIAN_POINT('',(0.014949831935209,-0.104413931390608,0.003048));
#9862=CARTESIAN_POINT('',(0.014949831935209,-0.104413931390608,0.003048));
#9863=CARTESIAN_POINT('',(0.014949831935209,-0.103413300750341,0.003048));
#9864=CARTESIAN_POINT('',(0.014949831935209,-0.103413300750341,0.003048));
#9865=CARTESIAN_POINT('',(0.014949831935209,-0.103413300750341,0.006223));
#9866=CARTESIAN_POINT('',(0.014949831935209,-0.104413931390608,0.006223));
#9867=CARTESIAN_POINT('',(0.014949831935209,-0.103413300750341,0.003048));
#9868=CARTESIAN_POINT('',(0.014949831935209,-0.103413300750341,0.003048));
#9869=CARTESIAN_POINT('',(0.0279662285821548,-0.103413300750341,0.003048));
#9870=CARTESIAN_POINT('',(0.0279662285821548,-0.103413300750341,0.003048));
#9871=CARTESIAN_POINT('',(0.0279662285821548,-0.103413300750341,0.006223));
#9872=CARTESIAN_POINT('',(0.170242,-0.103413300750341,0.006223));
#9873=CARTESIAN_POINT('',(0.0279662285821548,-0.104413931390608,0.003048));
#9874=CARTESIAN_POINT('',(0.0279662285821548,-0.104413931390608,0.003048));
#9875=CARTESIAN_POINT('',(0.028966859222422,-0.104413931390608,0.003048));
#9876=CARTESIAN_POINT('',(0.028966859222422,-0.104413931390608,0.003048));
#9877=CARTESIAN_POINT('',(0.028966859222422,-0.104413931390608,0.006223));
#9878=CARTESIAN_POINT('',(0.0279662285821548,-0.104413931390608,0.006223));
#9879=CARTESIAN_POINT('',(0.0289668592224219,-0.104413931390608,0.003048));
#9880=CARTESIAN_POINT('',(0.0289668592224219,-0.104413931390608,0.003048));
#9881=CARTESIAN_POINT('',(0.0304073033096586,-0.104414562030875,0.003048));
#9882=CARTESIAN_POINT('',(0.0304073033090929,-0.104414562030875,0.003048));
#9883=CARTESIAN_POINT('',(0.0304073032895179,-0.104414562030871,0.006223));
#9884=CARTESIAN_POINT('',(0.028966859222422,-0.104413931390608,0.006223));
#9885=CARTESIAN_POINT('',(0.0304073033090929,-0.104414562030875,0.003048));
#9886=CARTESIAN_POINT('',(0.0304073033090929,-0.104414562030875,0.003048));
#9887=CARTESIAN_POINT('',(0.0364148709922986,-0.104414562030875,0.003048));
#9888=CARTESIAN_POINT('',(0.0364148709922988,-0.104414562030875,0.003048));
#9889=CARTESIAN_POINT('',(0.0364148709922986,-0.104414562030875,0.006223));
#9890=CARTESIAN_POINT('',(0.170242,-0.104414562030875,0.006223));
#9891=CARTESIAN_POINT('',(0.0364148709922986,-0.105415192671142,0.003048));
#9892=CARTESIAN_POINT('',(0.0364148709922986,-0.105415192671142,0.003048));
#9893=CARTESIAN_POINT('',(0.0374155016325658,-0.105415192671142,0.003048));
#9894=CARTESIAN_POINT('',(0.0374155016325657,-0.105415192671142,0.003048));
#9895=CARTESIAN_POINT('',(0.0374155016325657,-0.105415192671142,0.006223));
#9896=CARTESIAN_POINT('',(0.0364148709922986,-0.105415192671142,0.006223));
#9897=CARTESIAN_POINT('',(0.0374155016325659,-0.105415192671142,0.003048));
#9898=CARTESIAN_POINT('',(0.0374155016325659,-0.105415192671142,0.003048));
#9899=CARTESIAN_POINT('',(0.0374155016325659,-0.119432850598623,0.003048));
#9900=CARTESIAN_POINT('',(0.0374155016325659,-0.119432850598623,0.003048));
#9901=CARTESIAN_POINT('',(0.0374155016325659,-0.119432850598623,0.006223));
#9902=CARTESIAN_POINT('',(0.0374155016325658,-0.07197,0.006223));
#9903=CARTESIAN_POINT('',(0.0364148709922986,-0.119432850598623,0.003048));
#9904=CARTESIAN_POINT('',(0.0364148709922986,-0.119432850598623,0.003048));
#9905=CARTESIAN_POINT('',(0.0364148709922986,-0.12043348123889,0.003048));
#9906=CARTESIAN_POINT('',(0.0364148709922986,-0.12043348123889,0.003048));
#9907=CARTESIAN_POINT('',(0.0364148709922986,-0.12043348123889,0.006223));
#9908=CARTESIAN_POINT('',(0.0364148709922986,-0.119432850598623,0.006223));
#9909=CARTESIAN_POINT('',(0.0364148709922986,-0.12043348123889,0.003048));
#9910=CARTESIAN_POINT('',(0.0364148709922986,-0.12043348123889,0.003048));
#9911=CARTESIAN_POINT('',(0.170242,-0.12043348123889,0.006223));
#9912=CARTESIAN_POINT('',(0.0971103280375541,-0.117430328037554,0.003048));
#9913=CARTESIAN_POINT('',(0.0971103280375541,-0.117430328037554,0.003048));
#9914=CARTESIAN_POINT('',(0.0981109586778213,-0.117430328037554,0.003048));
#9915=CARTESIAN_POINT('',(0.0971103280375541,-0.118430958677821,0.003048));
#9916=CARTESIAN_POINT('',(0.0971103280375541,-0.118430958677821,0.003048));
#9917=CARTESIAN_POINT('',(0.0971103280375541,-0.118430958677821,0.006223));
#9918=CARTESIAN_POINT('',(0.0971103280375541,-0.117430328037554,0.006223));
#9919=CARTESIAN_POINT('',(0.0981109586778213,-0.117430328037554,0.006223));
#9920=CARTESIAN_POINT('',(0.0981109586778213,-0.117430328037554,0.003048));
#9921=CARTESIAN_POINT('',(0.0971103280375541,-0.118430958677821,0.003048));
#9922=CARTESIAN_POINT('',(0.0971103280375541,-0.118430958677821,0.003048));
#9923=CARTESIAN_POINT('',(0.0840939313906082,-0.118430958677821,0.003048));
#9924=CARTESIAN_POINT('',(0.0840939313906083,-0.118430958677821,0.003048));
#9925=CARTESIAN_POINT('',(0.0840939313906082,-0.118430958677821,0.006223));
#9926=CARTESIAN_POINT('',(0.170242,-0.118430958677821,0.006223));
#9927=CARTESIAN_POINT('',(0.084093931390608,-0.117430328037554,0.003048));
#9928=CARTESIAN_POINT('',(0.084093931390608,-0.117430328037554,0.003048));
#9929=CARTESIAN_POINT('',(0.0830933007503409,-0.117430328037554,0.003048));
#9930=CARTESIAN_POINT('',(0.0830933007503409,-0.117430328037554,0.003048));
#9931=CARTESIAN_POINT('',(0.0830933007503409,-0.117430328037554,0.006223));
#9932=CARTESIAN_POINT('',(0.084093931390608,-0.117430328037554,0.006223));
#9933=CARTESIAN_POINT('',(0.083093300750341,-0.117430328037554,0.003048));
#9934=CARTESIAN_POINT('',(0.083093300750341,-0.117430328037554,0.003048));
#9935=CARTESIAN_POINT('',(0.083093300750341,-0.104413931390608,0.003048));
#9936=CARTESIAN_POINT('',(0.083093300750341,-0.104413931390608,0.003048));
#9937=CARTESIAN_POINT('',(0.0830933007503409,-0.104413931390608,0.006223));
#9938=CARTESIAN_POINT('',(0.0830933007503409,-0.07197,0.006223));
#9939=CARTESIAN_POINT('',(0.084093931390608,-0.104413931390608,0.003048));
#9940=CARTESIAN_POINT('',(0.084093931390608,-0.104413931390608,0.003048));
#9941=CARTESIAN_POINT('',(0.084093931390608,-0.103413300750341,0.003048));
#9942=CARTESIAN_POINT('',(0.084093931390608,-0.103413300750341,0.003048));
#9943=CARTESIAN_POINT('',(0.084093931390608,-0.103413300750341,0.006223));
#9944=CARTESIAN_POINT('',(0.084093931390608,-0.104413931390608,0.006223));
#9945=CARTESIAN_POINT('',(0.084093931390608,-0.103413300750341,0.003048));
#9946=CARTESIAN_POINT('',(0.084093931390608,-0.103413300750341,0.003048));
#9947=CARTESIAN_POINT('',(0.097110328037554,-0.103413300750341,0.003048));
#9948=CARTESIAN_POINT('',(0.0971103280375539,-0.103413300750341,0.003048));
#9949=CARTESIAN_POINT('',(0.097110328037554,-0.103413300750341,0.006223));
#9950=CARTESIAN_POINT('',(0.170242,-0.103413300750341,0.006223));
#9951=CARTESIAN_POINT('',(0.0971103280375541,-0.104413931390608,0.003048));
#9952=CARTESIAN_POINT('',(0.0971103280375541,-0.104413931390608,0.003048));
#9953=CARTESIAN_POINT('',(0.0981109586778213,-0.104413931390608,0.003048));
#9954=CARTESIAN_POINT('',(0.0981109586778213,-0.104413931390608,0.003048));
#9955=CARTESIAN_POINT('',(0.0981109586778213,-0.104413931390608,0.006223));
#9956=CARTESIAN_POINT('',(0.0971103280375541,-0.104413931390608,0.006223));
#9957=CARTESIAN_POINT('',(0.0981109586778213,-0.104413931390608,0.003048));
#9958=CARTESIAN_POINT('',(0.0981109586778213,-0.104413931390608,0.003048));
#9959=CARTESIAN_POINT('',(0.0981109586778213,-0.07197,0.006223));
#9960=CARTESIAN_POINT('',(0.0422722517751295,-0.136504358487339,0.003048));
#9961=CARTESIAN_POINT('',(0.0422722517751295,-0.136504358487339,0.003048));
#9962=CARTESIAN_POINT('',(0.0432728824153966,-0.136504358487339,0.003048));
#9963=CARTESIAN_POINT('',(0.0422722517751295,-0.137504989127606,0.003048));
#9964=CARTESIAN_POINT('',(0.0422722517751295,-0.137504989127606,0.003048));
#9965=CARTESIAN_POINT('',(0.0422722517751295,-0.137504989127606,0.006223));
#9966=CARTESIAN_POINT('',(0.0422722517751295,-0.136504358487339,0.006223));
#9967=CARTESIAN_POINT('',(0.0432728824153966,-0.136504358487339,0.006223));
#9968=CARTESIAN_POINT('',(0.0432728824153966,-0.136504358487339,0.003048));
#9969=CARTESIAN_POINT('',(0.0422722517751295,-0.137504989127606,0.003048));
#9970=CARTESIAN_POINT('',(0.0422722517751295,-0.137504989127606,0.003048));
#9971=CARTESIAN_POINT('',(0.0292558532184293,-0.137504989127606,0.003048));
#9972=CARTESIAN_POINT('',(0.0292558532184293,-0.137504989127606,0.003048));
#9973=CARTESIAN_POINT('',(0.0292558532184293,-0.137504989127606,0.006223));
#9974=CARTESIAN_POINT('',(0.170242,-0.137504989127606,0.006223));
#9975=CARTESIAN_POINT('',(0.0292558532184293,-0.136504358487339,0.003048));
#9976=CARTESIAN_POINT('',(0.0292558532184293,-0.136504358487339,0.003048));
#9977=CARTESIAN_POINT('',(0.0282552225781622,-0.136504358487339,0.003048));
#9978=CARTESIAN_POINT('',(0.0282552225781621,-0.136504358487339,0.003048));
#9979=CARTESIAN_POINT('',(0.0282552225781621,-0.136504358487339,0.006223));
#9980=CARTESIAN_POINT('',(0.0292558532184293,-0.136504358487339,0.006223));
#9981=CARTESIAN_POINT('',(0.0282552225781622,-0.136504358487339,0.003048));
#9982=CARTESIAN_POINT('',(0.0282552225781622,-0.136504358487339,0.003048));
#9983=CARTESIAN_POINT('',(0.0282552225781622,-0.123487961840393,0.003048));
#9984=CARTESIAN_POINT('',(0.0282552225781622,-0.123487961840393,0.003048));
#9985=CARTESIAN_POINT('',(0.0282552225781622,-0.123487961840393,0.006223));
#9986=CARTESIAN_POINT('',(0.0282552225781621,-0.07197,0.006223));
#9987=CARTESIAN_POINT('',(0.0292558532184293,-0.123487961840393,0.003048));
#9988=CARTESIAN_POINT('',(0.0292558532184293,-0.123487961840393,0.003048));
#9989=CARTESIAN_POINT('',(0.0292558532184293,-0.122487331200126,0.003048));
#9990=CARTESIAN_POINT('',(0.0292558532184293,-0.122487331200126,0.003048));
#9991=CARTESIAN_POINT('',(0.0292558532184293,-0.122487331200126,0.006223));
#9992=CARTESIAN_POINT('',(0.0292558532184293,-0.123487961840393,0.006223));
#9993=CARTESIAN_POINT('',(0.0292558532184293,-0.122487331200126,0.003048));
#9994=CARTESIAN_POINT('',(0.0292558532184293,-0.122487331200126,0.003048));
#9995=CARTESIAN_POINT('',(0.0422722517751295,-0.122487331200126,0.003048));
#9996=CARTESIAN_POINT('',(0.0422722517751295,-0.122487331200126,0.003048));
#9997=CARTESIAN_POINT('',(0.0422722517751295,-0.122487331200126,0.006223));
#9998=CARTESIAN_POINT('',(0.170242,-0.122487331200126,0.006223));
#9999=CARTESIAN_POINT('',(0.0422722517751295,-0.123487961840393,0.003048));
#10000=CARTESIAN_POINT('',(0.0422722517751295,-0.123487961840393,0.003048));
#10001=CARTESIAN_POINT('',(0.0432728824153966,-0.123487961840393,0.003048));
#10002=CARTESIAN_POINT('',(0.0432728824153966,-0.123487961840393,0.003048));
#10003=CARTESIAN_POINT('',(0.0432728824153966,-0.123487961840393,0.006223));
#10004=CARTESIAN_POINT('',(0.0422722517751295,-0.123487961840393,0.006223));
#10005=CARTESIAN_POINT('',(0.0432728824153966,-0.123487961840393,0.003048));
#10006=CARTESIAN_POINT('',(0.0432728824153966,-0.123487961840393,0.003048));
#10007=CARTESIAN_POINT('',(0.0432728824153966,-0.07197,0.006223));
#10008=CARTESIAN_POINT('',(0.116184358487339,-0.117430328037554,0.003048));
#10009=CARTESIAN_POINT('',(0.116184358487339,-0.117430328037554,0.003048));
#10010=CARTESIAN_POINT('',(0.117184989127607,-0.117430328037554,0.003048));
#10011=CARTESIAN_POINT('',(0.116184358487339,-0.118430958677821,0.003048));
#10012=CARTESIAN_POINT('',(0.116184358487339,-0.118430958677821,0.003048));
#10013=CARTESIAN_POINT('',(0.116184358487339,-0.118430958677821,0.006223));
#10014=CARTESIAN_POINT('',(0.116184358487339,-0.117430328037554,0.006223));
#10015=CARTESIAN_POINT('',(0.117184989127607,-0.117430328037554,0.006223));
#10016=CARTESIAN_POINT('',(0.117184989127607,-0.117430328037554,0.003048));
#10017=CARTESIAN_POINT('',(0.116184358487339,-0.118430958677821,0.003048));
#10018=CARTESIAN_POINT('',(0.116184358487339,-0.118430958677821,0.003048));
#10019=CARTESIAN_POINT('',(0.103167961840393,-0.118430958677821,0.003048));
#10020=CARTESIAN_POINT('',(0.103167961840393,-0.118430958677821,0.003048));
#10021=CARTESIAN_POINT('',(0.103167961840393,-0.118430958677821,0.006223));
#10022=CARTESIAN_POINT('',(0.170242,-0.118430958677821,0.006223));
#10023=CARTESIAN_POINT('',(0.103167961840393,-0.117430328037554,0.003048));
#10024=CARTESIAN_POINT('',(0.103167961840393,-0.117430328037554,0.003048));
#10025=CARTESIAN_POINT('',(0.102167331200126,-0.117430328037554,0.003048));
#10026=CARTESIAN_POINT('',(0.102167331200126,-0.117430328037554,0.003048));
#10027=CARTESIAN_POINT('',(0.102167331200126,-0.117430328037554,0.006223));
#10028=CARTESIAN_POINT('',(0.103167961840393,-0.117430328037554,0.006223));
#10029=CARTESIAN_POINT('',(0.102167331200126,-0.117430328037554,0.003048));
#10030=CARTESIAN_POINT('',(0.102167331200126,-0.117430328037554,0.003048));
#10031=CARTESIAN_POINT('',(0.102167331200126,-0.104413931390608,0.003048));
#10032=CARTESIAN_POINT('',(0.102167331200126,-0.104413931390608,0.003048));
#10033=CARTESIAN_POINT('',(0.102167331200126,-0.104413931390608,0.006223));
#10034=CARTESIAN_POINT('',(0.102167331200126,-0.07197,0.006223));
#10035=CARTESIAN_POINT('',(0.103167961840393,-0.104413931390608,0.003048));
#10036=CARTESIAN_POINT('',(0.103167961840393,-0.104413931390608,0.003048));
#10037=CARTESIAN_POINT('',(0.103167961840393,-0.103413300750341,0.003048));
#10038=CARTESIAN_POINT('',(0.103167961840393,-0.103413300750341,0.003048));
#10039=CARTESIAN_POINT('',(0.103167961840393,-0.103413300750341,0.006223));
#10040=CARTESIAN_POINT('',(0.103167961840393,-0.104413931390608,0.006223));
#10041=CARTESIAN_POINT('',(0.103167961840393,-0.103413300750341,0.003048));
#10042=CARTESIAN_POINT('',(0.103167961840393,-0.103413300750341,0.003048));
#10043=CARTESIAN_POINT('',(0.116184358487339,-0.103413300750341,0.003048));
#10044=CARTESIAN_POINT('',(0.116184358487339,-0.103413300750341,0.003048));
#10045=CARTESIAN_POINT('',(0.116184358487339,-0.103413300750341,0.006223));
#10046=CARTESIAN_POINT('',(0.170242,-0.103413300750341,0.006223));
#10047=CARTESIAN_POINT('',(0.116184358487339,-0.104413931390608,0.003048));
#10048=CARTESIAN_POINT('',(0.116184358487339,-0.104413931390608,0.003048));
#10049=CARTESIAN_POINT('',(0.117184989127606,-0.104413931390608,0.003048));
#10050=CARTESIAN_POINT('',(0.117184989127606,-0.104413931390608,0.003048));
#10051=CARTESIAN_POINT('',(0.117184989127606,-0.104413931390608,0.006223));
#10052=CARTESIAN_POINT('',(0.116184358487339,-0.104413931390608,0.006223));
#10053=CARTESIAN_POINT('',(0.117184989127607,-0.104413931390608,0.003048));
#10054=CARTESIAN_POINT('',(0.117184989127607,-0.104413931390608,0.003048));
#10055=CARTESIAN_POINT('',(0.117184989127606,-0.07197,0.006223));
#10056=CARTESIAN_POINT('',(0.122241984651161,-0.117430328037554,0.003048));
#10057=CARTESIAN_POINT('',(0.122241984651161,-0.117430328037554,0.003048));
#10058=CARTESIAN_POINT('',(0.122241984651161,-0.118430958677821,0.003048));
#10059=CARTESIAN_POINT('',(0.121241354010894,-0.117430328037554,0.003048));
#10060=CARTESIAN_POINT('',(0.121241354010894,-0.117430328037554,0.003048));
#10061=CARTESIAN_POINT('',(0.121241354010894,-0.117430328037554,0.006223));
#10062=CARTESIAN_POINT('',(0.122241984651161,-0.117430328037554,0.006223));
#10063=CARTESIAN_POINT('',(0.122241984651161,-0.118430958677821,0.006223));
#10064=CARTESIAN_POINT('',(0.122241984651161,-0.118430958677821,0.003048));
#10065=CARTESIAN_POINT('',(0.121241354010894,-0.117430328037554,0.003048));
#10066=CARTESIAN_POINT('',(0.121241354010894,-0.117430328037554,0.003048));
#10067=CARTESIAN_POINT('',(0.121241354010894,-0.104413931390608,0.003048));
#10068=CARTESIAN_POINT('',(0.121241354010894,-0.104413931390608,0.003048));
#10069=CARTESIAN_POINT('',(0.121241354010894,-0.104413931390608,0.006223));
#10070=CARTESIAN_POINT('',(0.121241354010894,-0.07197,0.006223));
#10071=CARTESIAN_POINT('',(0.122241984651161,-0.104413931390608,0.003048));
#10072=CARTESIAN_POINT('',(0.122241984651161,-0.104413931390608,0.003048));
#10073=CARTESIAN_POINT('',(0.122241984651161,-0.103413300750341,0.003048));
#10074=CARTESIAN_POINT('',(0.122241984651161,-0.103413300750341,0.003048));
#10075=CARTESIAN_POINT('',(0.122241984651161,-0.103413300750341,0.006223));
#10076=CARTESIAN_POINT('',(0.122241984651161,-0.104413931390608,0.006223));
#10077=CARTESIAN_POINT('',(0.122241984651161,-0.103413300750341,0.003048));
#10078=CARTESIAN_POINT('',(0.128604254573079,-0.103413300750341,0.0046355));
#10079=CARTESIAN_POINT('',(0.128604254573079,-0.103413300750341,0.006223));
#10080=CARTESIAN_POINT('',(0.128604254573079,-0.103413300750341,0.003048));
#10081=CARTESIAN_POINT('',(0.170242,-0.103413300750341,0.006223));
#10082=CARTESIAN_POINT('',(0.122241984651161,-0.103413300750341,0.003048));
#10083=CARTESIAN_POINT('',(0.0697879081976334,-0.0662658781300549,0.003048));
#10084=CARTESIAN_POINT('',(0.0697879081976334,-0.0662658781300549,0.003048));
#10085=CARTESIAN_POINT('',(0.0687872775573663,-0.0662658781300549,0.003048));
#10086=CARTESIAN_POINT('',(0.0697879081976334,-0.0652652474897877,0.003048));
#10087=CARTESIAN_POINT('',(0.0697879081976334,-0.0652652474897877,0.003048));
#10088=CARTESIAN_POINT('',(0.0697879081976334,-0.0652652474897877,0.006223));
#10089=CARTESIAN_POINT('',(0.0697879081976334,-0.0662658781300549,0.006223));
#10090=CARTESIAN_POINT('',(0.0687872775573663,-0.0662658781300549,0.006223));
#10091=CARTESIAN_POINT('',(0.0687872775573663,-0.0662658781300549,0.003048));
#10092=CARTESIAN_POINT('',(0.0697879081976334,-0.0652652474897878,0.003048));
#10093=CARTESIAN_POINT('',(0.0697879081976334,-0.0652652474897878,0.003048));
#10094=CARTESIAN_POINT('',(0.0828043048445795,-0.0652652474897878,0.003048));
#10095=CARTESIAN_POINT('',(0.0828043048445795,-0.0652652474897878,0.003048));
#10096=CARTESIAN_POINT('',(0.0828043048445795,-0.0652652474897878,0.006223));
#10097=CARTESIAN_POINT('',(0.170242,-0.0652652474897877,0.006223));
#10098=CARTESIAN_POINT('',(0.0828043048445795,-0.0662658781300549,0.003048));
#10099=CARTESIAN_POINT('',(0.0828043048445795,-0.0662658781300549,0.003048));
#10100=CARTESIAN_POINT('',(0.0838049354848467,-0.0662658781300549,0.003048));
#10101=CARTESIAN_POINT('',(0.0838049354848467,-0.0662658781300549,0.003048));
#10102=CARTESIAN_POINT('',(0.0838049354848467,-0.0662658781300549,0.006223));
#10103=CARTESIAN_POINT('',(0.0828043048445795,-0.0662658781300549,0.006223));
#10104=CARTESIAN_POINT('',(0.0838049354848467,-0.0662658781300549,0.003048));
#10105=CARTESIAN_POINT('',(0.0838049354848467,-0.0662658781300549,0.003048));
#10106=CARTESIAN_POINT('',(0.0838049354848467,-0.0792822747770007,0.003048));
#10107=CARTESIAN_POINT('',(0.0838049354848467,-0.0792822747770007,0.003048));
#10108=CARTESIAN_POINT('',(0.0838049354848467,-0.0792822747770007,0.006223));
#10109=CARTESIAN_POINT('',(0.0838049354848467,-0.07197,0.006223));
#10110=CARTESIAN_POINT('',(0.0828043048445795,-0.0792822747770007,0.003048));
#10111=CARTESIAN_POINT('',(0.0828043048445795,-0.0792822747770007,0.003048));
#10112=CARTESIAN_POINT('',(0.0828043048445795,-0.0802829054172679,0.003048));
#10113=CARTESIAN_POINT('',(0.0828043048445795,-0.0802829054172679,0.003048));
#10114=CARTESIAN_POINT('',(0.0828043048445795,-0.0802829054172679,0.006223));
#10115=CARTESIAN_POINT('',(0.0828043048445795,-0.0792822747770007,0.006223));
#10116=CARTESIAN_POINT('',(0.0828043048445795,-0.0802829054172678,0.003048));
#10117=CARTESIAN_POINT('',(0.0828043048445795,-0.0802829054172678,0.003048));
#10118=CARTESIAN_POINT('',(0.0697879081976334,-0.0802829054172678,0.003048));
#10119=CARTESIAN_POINT('',(0.0697879081976334,-0.0802829054172678,0.003048));
#10120=CARTESIAN_POINT('',(0.0697879081976334,-0.0802829054172679,0.006223));
#10121=CARTESIAN_POINT('',(0.170242,-0.0802829054172679,0.006223));
#10122=CARTESIAN_POINT('',(0.0697879081976334,-0.0792822747770007,0.003048));
#10123=CARTESIAN_POINT('',(0.0697879081976334,-0.0792822747770007,0.003048));
#10124=CARTESIAN_POINT('',(0.0687872775573663,-0.0792822747770007,0.003048));
#10125=CARTESIAN_POINT('',(0.0687872775573663,-0.0792822747770007,0.003048));
#10126=CARTESIAN_POINT('',(0.0687872775573663,-0.0792822747770007,0.006223));
#10127=CARTESIAN_POINT('',(0.0697879081976334,-0.0792822747770007,0.006223));
#10128=CARTESIAN_POINT('',(0.0687872775573663,-0.0792822747770007,0.003048));
#10129=CARTESIAN_POINT('',(0.0687872775573663,-0.0792822747770007,0.003048));
#10130=CARTESIAN_POINT('',(0.0687872775573663,-0.07197,0.006223));
#10131=CARTESIAN_POINT('',(0.0684992900018935,-0.098356305226786,0.003048));
#10132=CARTESIAN_POINT('',(0.0684992900018935,-0.098356305226786,0.003048));
#10133=CARTESIAN_POINT('',(0.0694999206421606,-0.0983563052267861,0.003048));
#10134=CARTESIAN_POINT('',(0.0684992900018935,-0.0993569358670532,0.003048));
#10135=CARTESIAN_POINT('',(0.0684992900018935,-0.0993569358670532,0.003048));
#10136=CARTESIAN_POINT('',(0.0684992900018935,-0.0993569358670532,0.006223));
#10137=CARTESIAN_POINT('',(0.0684992900018935,-0.098356305226786,0.006223));
#10138=CARTESIAN_POINT('',(0.0694999206421606,-0.0983563052267861,0.006223));
#10139=CARTESIAN_POINT('',(0.0694999206421606,-0.0983563052267861,0.003048));
#10140=CARTESIAN_POINT('',(0.0684992900018935,-0.0993569358670532,0.003048));
#10141=CARTESIAN_POINT('',(0.0684992900018935,-0.0993569358670532,0.003048));
#10142=CARTESIAN_POINT('',(0.0554828895354389,-0.0993569358670532,0.003048));
#10143=CARTESIAN_POINT('',(0.0554828895354389,-0.0993569358670532,0.003048));
#10144=CARTESIAN_POINT('',(0.0554828895354389,-0.0993569358670532,0.006223));
#10145=CARTESIAN_POINT('',(0.170242,-0.0993569358670532,0.006223));
#10146=CARTESIAN_POINT('',(0.0554828895354389,-0.098356305226786,0.003048));
#10147=CARTESIAN_POINT('',(0.0554828895354389,-0.098356305226786,0.003048));
#10148=CARTESIAN_POINT('',(0.0544822588951718,-0.0983563052267861,0.003048));
#10149=CARTESIAN_POINT('',(0.0544822588951718,-0.0983563052267861,0.003048));
#10150=CARTESIAN_POINT('',(0.0544822588951718,-0.0983563052267861,0.006223));
#10151=CARTESIAN_POINT('',(0.0554828895354389,-0.098356305226786,0.006223));
#10152=CARTESIAN_POINT('',(0.0544822588951718,-0.098356305226786,0.003048));
#10153=CARTESIAN_POINT('',(0.0544822588951718,-0.098356305226786,0.003048));
#10154=CARTESIAN_POINT('',(0.0544822588951718,-0.0853399085798402,0.003048));
#10155=CARTESIAN_POINT('',(0.0544822588951718,-0.0853399085798402,0.003048));
#10156=CARTESIAN_POINT('',(0.0544822588951718,-0.0853399085798402,0.006223));
#10157=CARTESIAN_POINT('',(0.0544822588951718,-0.07197,0.006223));
#10158=CARTESIAN_POINT('',(0.0554828895354389,-0.0853399085798402,0.003048));
#10159=CARTESIAN_POINT('',(0.0554828895354389,-0.0853399085798402,0.003048));
#10160=CARTESIAN_POINT('',(0.0554828895354389,-0.0843392779395731,0.003048));
#10161=CARTESIAN_POINT('',(0.0554828895354389,-0.0843392779395731,0.003048));
#10162=CARTESIAN_POINT('',(0.0554828895354389,-0.0843392779395731,0.006223));
#10163=CARTESIAN_POINT('',(0.0554828895354389,-0.0853399085798402,0.006223));
#10164=CARTESIAN_POINT('',(0.0554828895354389,-0.0843392779395731,0.003048));
#10165=CARTESIAN_POINT('',(0.0554828895354389,-0.0843392779395731,0.003048));
#10166=CARTESIAN_POINT('',(0.0684992900018935,-0.0843392779395731,0.003048));
#10167=CARTESIAN_POINT('',(0.0684992900018935,-0.0843392779395731,0.003048));
#10168=CARTESIAN_POINT('',(0.0684992900018935,-0.0843392779395731,0.006223));
#10169=CARTESIAN_POINT('',(0.170242,-0.0843392779395731,0.006223));
#10170=CARTESIAN_POINT('',(0.0684992900018935,-0.0853399085798402,0.003048));
#10171=CARTESIAN_POINT('',(0.0684992900018935,-0.0853399085798402,0.003048));
#10172=CARTESIAN_POINT('',(0.0694999206421607,-0.0853399085798402,0.003048));
#10173=CARTESIAN_POINT('',(0.0694999206421607,-0.0853399085798402,0.003048));
#10174=CARTESIAN_POINT('',(0.0694999206421607,-0.0853399085798402,0.006223));
#10175=CARTESIAN_POINT('',(0.0684992900018935,-0.0853399085798402,0.006223));
#10176=CARTESIAN_POINT('',(0.0694999206421606,-0.0853399085798402,0.003048));
#10177=CARTESIAN_POINT('',(0.0694999206421606,-0.0853399085798402,0.003048));
#10178=CARTESIAN_POINT('',(0.0694999206421606,-0.07197,0.006223));
#10179=CARTESIAN_POINT('',(0.106647343262447,-0.098356305226786,0.003048));
#10180=CARTESIAN_POINT('',(0.106647343262447,-0.098356305226786,0.003048));
#10181=CARTESIAN_POINT('',(0.107647973902714,-0.0983563052267861,0.003048));
#10182=CARTESIAN_POINT('',(0.106647343262447,-0.0993569358670532,0.003048));
#10183=CARTESIAN_POINT('',(0.106647343262447,-0.0993569358670532,0.003048));
#10184=CARTESIAN_POINT('',(0.106647343262447,-0.0993569358670532,0.006223));
#10185=CARTESIAN_POINT('',(0.106647343262447,-0.098356305226786,0.006223));
#10186=CARTESIAN_POINT('',(0.107647973902714,-0.0983563052267861,0.006223));
#10187=CARTESIAN_POINT('',(0.107647973902714,-0.0983563052267861,0.003048));
#10188=CARTESIAN_POINT('',(0.106647343262447,-0.0993569358670532,0.003048));
#10189=CARTESIAN_POINT('',(0.106647343262447,-0.0993569358670532,0.003048));
#10190=CARTESIAN_POINT('',(0.0936309466155009,-0.0993569358670531,0.003048));
#10191=CARTESIAN_POINT('',(0.0936309466155009,-0.0993569358670531,0.003048));
#10192=CARTESIAN_POINT('',(0.0936309466155009,-0.0993569358670532,0.006223));
#10193=CARTESIAN_POINT('',(0.170242,-0.0993569358670532,0.006223));
#10194=CARTESIAN_POINT('',(0.0936309466155009,-0.098356305226786,0.003048));
#10195=CARTESIAN_POINT('',(0.0936309466155009,-0.098356305226786,0.003048));
#10196=CARTESIAN_POINT('',(0.0926303159752337,-0.098356305226786,0.003048));
#10197=CARTESIAN_POINT('',(0.0926303159752337,-0.098356305226786,0.003048));
#10198=CARTESIAN_POINT('',(0.0926303159752337,-0.098356305226786,0.006223));
#10199=CARTESIAN_POINT('',(0.0936309466155009,-0.098356305226786,0.006223));
#10200=CARTESIAN_POINT('',(0.0926303159752337,-0.098356305226786,0.003048));
#10201=CARTESIAN_POINT('',(0.0926303159752337,-0.098356305226786,0.003048));
#10202=CARTESIAN_POINT('',(0.0926303159752337,-0.0853399085798402,0.003048));
#10203=CARTESIAN_POINT('',(0.0926303159752337,-0.0853399085798402,0.003048));
#10204=CARTESIAN_POINT('',(0.0926303159752337,-0.0853399085798402,0.006223));
#10205=CARTESIAN_POINT('',(0.0926303159752337,-0.07197,0.006223));
#10206=CARTESIAN_POINT('',(0.0936309466155009,-0.0853399085798402,0.003048));
#10207=CARTESIAN_POINT('',(0.0936309466155009,-0.0853399085798402,0.003048));
#10208=CARTESIAN_POINT('',(0.0936309466155009,-0.0843392779395731,0.003048));
#10209=CARTESIAN_POINT('',(0.0936309466155009,-0.0843392779395731,0.003048));
#10210=CARTESIAN_POINT('',(0.0936309466155009,-0.0843392779395731,0.006223));
#10211=CARTESIAN_POINT('',(0.0936309466155009,-0.0853399085798402,0.006223));
#10212=CARTESIAN_POINT('',(0.0936309466155009,-0.0843392779395731,0.003048));
#10213=CARTESIAN_POINT('',(0.0936309466155009,-0.0843392779395731,0.003048));
#10214=CARTESIAN_POINT('',(0.106647343262447,-0.0843392779395731,0.003048));
#10215=CARTESIAN_POINT('',(0.106647343262447,-0.0843392779395731,0.003048));
#10216=CARTESIAN_POINT('',(0.106647343262447,-0.0843392779395731,0.006223));
#10217=CARTESIAN_POINT('',(0.170242,-0.0843392779395731,0.006223));
#10218=CARTESIAN_POINT('',(0.106647343262447,-0.0853399085798402,0.003048));
#10219=CARTESIAN_POINT('',(0.106647343262447,-0.0853399085798402,0.003048));
#10220=CARTESIAN_POINT('',(0.107647973902714,-0.0853399085798402,0.003048));
#10221=CARTESIAN_POINT('',(0.107647973902714,-0.0853399085798402,0.003048));
#10222=CARTESIAN_POINT('',(0.107647973902714,-0.0853399085798402,0.006223));
#10223=CARTESIAN_POINT('',(0.106647343262447,-0.0853399085798402,0.006223));
#10224=CARTESIAN_POINT('',(0.107647973902714,-0.0853399085798402,0.003048));
#10225=CARTESIAN_POINT('',(0.107647973902714,-0.0853399085798402,0.003048));
#10226=CARTESIAN_POINT('',(0.107647973902714,-0.07197,0.006223));
#10227=CARTESIAN_POINT('',(0.0459458781300549,-0.104413931390608,0.003048));
#10228=CARTESIAN_POINT('',(0.0459458781300549,-0.104413931390608,0.003048));
#10229=CARTESIAN_POINT('',(0.0449452474897877,-0.104413931390608,0.003048));
#10230=CARTESIAN_POINT('',(0.0459458781300549,-0.103413300750341,0.003048));
#10231=CARTESIAN_POINT('',(0.0459458781300549,-0.103413300750341,0.003048));
#10232=CARTESIAN_POINT('',(0.0459458781300549,-0.103413300750341,0.006223));
#10233=CARTESIAN_POINT('',(0.0459458781300549,-0.104413931390608,0.006223));
#10234=CARTESIAN_POINT('',(0.0449452474897877,-0.104413931390608,0.006223));
#10235=CARTESIAN_POINT('',(0.0449452474897877,-0.104413931390608,0.003048));
#10236=CARTESIAN_POINT('',(0.0459458781300549,-0.103413300750341,0.003048));
#10237=CARTESIAN_POINT('',(0.0459458781300549,-0.103413300750341,0.003048));
#10238=CARTESIAN_POINT('',(0.0589622747770007,-0.103413300750341,0.003048));
#10239=CARTESIAN_POINT('',(0.0589622747770007,-0.103413300750341,0.003048));
#10240=CARTESIAN_POINT('',(0.0589622747770007,-0.103413300750341,0.006223));
#10241=CARTESIAN_POINT('',(0.170242,-0.103413300750341,0.006223));
#10242=CARTESIAN_POINT('',(0.0589622747770007,-0.104413931390608,0.003048));
#10243=CARTESIAN_POINT('',(0.0589622747770007,-0.104413931390608,0.003048));
#10244=CARTESIAN_POINT('',(0.0599629054172679,-0.104413931390608,0.003048));
#10245=CARTESIAN_POINT('',(0.0599629054172679,-0.104413931390608,0.003048));
#10246=CARTESIAN_POINT('',(0.0599629054172678,-0.104413931390608,0.006223));
#10247=CARTESIAN_POINT('',(0.0589622747770007,-0.104413931390608,0.006223));
#10248=CARTESIAN_POINT('',(0.0599629054172678,-0.104413931390608,0.003048));
#10249=CARTESIAN_POINT('',(0.0599629054172678,-0.104413931390608,0.003048));
#10250=CARTESIAN_POINT('',(0.0599629054172678,-0.117430328037554,0.003048));
#10251=CARTESIAN_POINT('',(0.0599629054172678,-0.117430328037554,0.003048));
#10252=CARTESIAN_POINT('',(0.0599629054172678,-0.117430328037554,0.006223));
#10253=CARTESIAN_POINT('',(0.0599629054172678,-0.07197,0.006223));
#10254=CARTESIAN_POINT('',(0.0589622747770007,-0.117430328037554,0.003048));
#10255=CARTESIAN_POINT('',(0.0589622747770007,-0.117430328037554,0.003048));
#10256=CARTESIAN_POINT('',(0.0589622747770007,-0.118430958677821,0.003048));
#10257=CARTESIAN_POINT('',(0.0589622747770007,-0.118430958677821,0.003048));
#10258=CARTESIAN_POINT('',(0.0589622747770007,-0.118430958677821,0.006223));
#10259=CARTESIAN_POINT('',(0.0589622747770007,-0.117430328037554,0.006223));
#10260=CARTESIAN_POINT('',(0.0589622747770007,-0.118430958677821,0.003048));
#10261=CARTESIAN_POINT('',(0.0589622747770007,-0.118430958677821,0.003048));
#10262=CARTESIAN_POINT('',(0.0459458781300549,-0.118430958677821,0.003048));
#10263=CARTESIAN_POINT('',(0.0459458781300549,-0.118430958677821,0.003048));
#10264=CARTESIAN_POINT('',(0.0459458781300549,-0.118430958677821,0.006223));
#10265=CARTESIAN_POINT('',(0.170242,-0.118430958677821,0.006223));
#10266=CARTESIAN_POINT('',(0.0459458781300549,-0.117430328037554,0.003048));
#10267=CARTESIAN_POINT('',(0.0459458781300549,-0.117430328037554,0.003048));
#10268=CARTESIAN_POINT('',(0.0449452474897877,-0.117430328037554,0.003048));
#10269=CARTESIAN_POINT('',(0.0449452474897877,-0.117430328037554,0.003048));
#10270=CARTESIAN_POINT('',(0.0449452474897877,-0.117430328037554,0.006223));
#10271=CARTESIAN_POINT('',(0.0459458781300549,-0.117430328037554,0.006223));
#10272=CARTESIAN_POINT('',(0.0449452474897877,-0.117430328037554,0.003048));
#10273=CARTESIAN_POINT('',(0.0449452474897877,-0.117430328037554,0.003048));
#10274=CARTESIAN_POINT('',(0.0449452474897877,-0.07197,0.006223));
#10275=CARTESIAN_POINT('',(0.127009991907972,-0.0792822747770007,0.003048));
#10276=CARTESIAN_POINT('',(0.127009991907972,-0.0792822747770007,0.003048));
#10277=CARTESIAN_POINT('',(0.127009991907972,-0.0802829054172678,0.003048));
#10278=CARTESIAN_POINT('',(0.126009361267705,-0.0792822747770007,0.003048));
#10279=CARTESIAN_POINT('',(0.126009361267705,-0.0792822747770007,0.003048));
#10280=CARTESIAN_POINT('',(0.126009361267705,-0.0792822747770007,0.006223));
#10281=CARTESIAN_POINT('',(0.127009991907972,-0.0792822747770007,0.006223));
#10282=CARTESIAN_POINT('',(0.127009991907972,-0.0802829054172678,0.006223));
#10283=CARTESIAN_POINT('',(0.127009991907972,-0.0802829054172678,0.003048));
#10284=CARTESIAN_POINT('',(0.126009361267705,-0.0792822747770007,0.003048));
#10285=CARTESIAN_POINT('',(0.126009361267705,-0.0792822747770007,0.003048));
#10286=CARTESIAN_POINT('',(0.126009361267705,-0.0662658781300549,0.003048));
#10287=CARTESIAN_POINT('',(0.126009361267705,-0.0662658781300549,0.003048));
#10288=CARTESIAN_POINT('',(0.126009361267705,-0.0662658781300549,0.006223));
#10289=CARTESIAN_POINT('',(0.126009361267705,-0.07197,0.006223));
#10290=CARTESIAN_POINT('',(0.127009991907972,-0.0662658781300549,0.003048));
#10291=CARTESIAN_POINT('',(0.127009991907972,-0.0662658781300549,0.003048));
#10292=CARTESIAN_POINT('',(0.127009991907972,-0.0652652474897877,0.003048));
#10293=CARTESIAN_POINT('',(0.127009991907972,-0.0652652474897877,0.003048));
#10294=CARTESIAN_POINT('',(0.127009991907972,-0.0652652474897877,0.006223));
#10295=CARTESIAN_POINT('',(0.127009991907972,-0.0662658781300549,0.006223));
#10296=CARTESIAN_POINT('',(0.127009991907972,-0.0652652474897878,0.003048));
#10297=CARTESIAN_POINT('',(0.128604254573079,-0.0652652474897878,0.0046355));
#10298=CARTESIAN_POINT('',(0.128604254573079,-0.0652652474897878,0.006223));
#10299=CARTESIAN_POINT('',(0.128604254573079,-0.0652652474897878,0.003048));
#10300=CARTESIAN_POINT('',(0.170242,-0.0652652474897877,0.006223));
#10301=CARTESIAN_POINT('',(0.127009991907972,-0.0652652474897878,0.003048));
#10302=CARTESIAN_POINT('',(0.066114281842708,-0.136504358487339,0.003048));
#10303=CARTESIAN_POINT('',(0.066114281842708,-0.136504358487339,0.003048));
#10304=CARTESIAN_POINT('',(0.0671149124829754,-0.136504358487339,0.003048));
#10305=CARTESIAN_POINT('',(0.066114281842708,-0.137504989127606,0.003048));
#10306=CARTESIAN_POINT('',(0.066114281842708,-0.137504989127606,0.003048));
#10307=CARTESIAN_POINT('',(0.066114281842708,-0.137504989127606,0.006223));
#10308=CARTESIAN_POINT('',(0.066114281842708,-0.136504358487339,0.006223));
#10309=CARTESIAN_POINT('',(0.0671149124829754,-0.136504358487339,0.006223));
#10310=CARTESIAN_POINT('',(0.0671149124829754,-0.136504358487339,0.003048));
#10311=CARTESIAN_POINT('',(0.066114281842708,-0.137504989127606,0.003048));
#10312=CARTESIAN_POINT('',(0.066114281842708,-0.137504989127606,0.003048));
#10313=CARTESIAN_POINT('',(0.0530978851957622,-0.137504989127606,0.003048));
#10314=CARTESIAN_POINT('',(0.0530978851957622,-0.137504989127606,0.003048));
#10315=CARTESIAN_POINT('',(0.0530978851957622,-0.137504989127606,0.006223));
#10316=CARTESIAN_POINT('',(0.170242,-0.137504989127606,0.006223));
#10317=CARTESIAN_POINT('',(0.0530978851957622,-0.136504358487339,0.003048));
#10318=CARTESIAN_POINT('',(0.0530978851957622,-0.136504358487339,0.003048));
#10319=CARTESIAN_POINT('',(0.0520972545554951,-0.136504358487339,0.003048));
#10320=CARTESIAN_POINT('',(0.052097254555495,-0.136504358487339,0.003048));
#10321=CARTESIAN_POINT('',(0.052097254555495,-0.136504358487339,0.006223));
#10322=CARTESIAN_POINT('',(0.0530978851957622,-0.136504358487339,0.006223));
#10323=CARTESIAN_POINT('',(0.0520972545554951,-0.136504358487339,0.003048));
#10324=CARTESIAN_POINT('',(0.0520972545554951,-0.136504358487339,0.003048));
#10325=CARTESIAN_POINT('',(0.0520972545554951,-0.123487961840393,0.003048));
#10326=CARTESIAN_POINT('',(0.0520972545554951,-0.123487961840393,0.003048));
#10327=CARTESIAN_POINT('',(0.0520972545554951,-0.123487961840393,0.006223));
#10328=CARTESIAN_POINT('',(0.052097254555495,-0.07197,0.006223));
#10329=CARTESIAN_POINT('',(0.0530978851957622,-0.123487961840393,0.003048));
#10330=CARTESIAN_POINT('',(0.0530978851957622,-0.123487961840393,0.003048));
#10331=CARTESIAN_POINT('',(0.0530978851957622,-0.122487331200126,0.003048));
#10332=CARTESIAN_POINT('',(0.0530978851957622,-0.122487331200126,0.003048));
#10333=CARTESIAN_POINT('',(0.0530978851957622,-0.122487331200126,0.006223));
#10334=CARTESIAN_POINT('',(0.0530978851957622,-0.123487961840393,0.006223));
#10335=CARTESIAN_POINT('',(0.0530978851957622,-0.122487331200126,0.003048));
#10336=CARTESIAN_POINT('',(0.0530978851957622,-0.122487331200126,0.003048));
#10337=CARTESIAN_POINT('',(0.066114281842708,-0.122487331200126,0.003048));
#10338=CARTESIAN_POINT('',(0.066114281842708,-0.122487331200126,0.003048));
#10339=CARTESIAN_POINT('',(0.066114281842708,-0.122487331200126,0.006223));
#10340=CARTESIAN_POINT('',(0.170242,-0.122487331200126,0.006223));
#10341=CARTESIAN_POINT('',(0.066114281842708,-0.123487961840393,0.003048));
#10342=CARTESIAN_POINT('',(0.066114281842708,-0.123487961840393,0.003048));
#10343=CARTESIAN_POINT('',(0.0671149124829753,-0.123487961840393,0.003048));
#10344=CARTESIAN_POINT('',(0.0671149124829752,-0.123487961840393,0.003048));
#10345=CARTESIAN_POINT('',(0.0671149124829752,-0.123487961840393,0.006223));
#10346=CARTESIAN_POINT('',(0.066114281842708,-0.123487961840393,0.006223));
#10347=CARTESIAN_POINT('',(0.0671149124829754,-0.123487961840393,0.003048));
#10348=CARTESIAN_POINT('',(0.0671149124829754,-0.123487961840393,0.003048));
#10349=CARTESIAN_POINT('',(0.0671149124829753,-0.07197,0.006223));
#10350=CARTESIAN_POINT('',(0.0780363052267861,-0.117430328037554,0.003048));
#10351=CARTESIAN_POINT('',(0.0780363052267861,-0.117430328037554,0.003048));
#10352=CARTESIAN_POINT('',(0.0790369358670532,-0.117430328037554,0.003048));
#10353=CARTESIAN_POINT('',(0.0780363052267861,-0.118430958677821,0.003048));
#10354=CARTESIAN_POINT('',(0.0780363052267861,-0.118430958677821,0.003048));
#10355=CARTESIAN_POINT('',(0.0780363052267861,-0.118430958677821,0.006223));
#10356=CARTESIAN_POINT('',(0.0780363052267861,-0.117430328037554,0.006223));
#10357=CARTESIAN_POINT('',(0.0790369358670532,-0.117430328037554,0.006223));
#10358=CARTESIAN_POINT('',(0.0790369358670532,-0.117430328037554,0.003048));
#10359=CARTESIAN_POINT('',(0.0780363052267861,-0.118430958677821,0.003048));
#10360=CARTESIAN_POINT('',(0.0780363052267861,-0.118430958677821,0.003048));
#10361=CARTESIAN_POINT('',(0.0650199085798402,-0.118430958677821,0.003048));
#10362=CARTESIAN_POINT('',(0.0650199085798402,-0.118430958677821,0.003048));
#10363=CARTESIAN_POINT('',(0.0650199085798402,-0.118430958677821,0.006223));
#10364=CARTESIAN_POINT('',(0.170242,-0.118430958677821,0.006223));
#10365=CARTESIAN_POINT('',(0.0650199085798402,-0.117430328037554,0.003048));
#10366=CARTESIAN_POINT('',(0.0650199085798402,-0.117430328037554,0.003048));
#10367=CARTESIAN_POINT('',(0.0640192779395731,-0.117430328037554,0.003048));
#10368=CARTESIAN_POINT('',(0.0640192779395731,-0.117430328037554,0.003048));
#10369=CARTESIAN_POINT('',(0.0640192779395731,-0.117430328037554,0.006223));
#10370=CARTESIAN_POINT('',(0.0650199085798402,-0.117430328037554,0.006223));
#10371=CARTESIAN_POINT('',(0.0640192779395731,-0.117430328037554,0.003048));
#10372=CARTESIAN_POINT('',(0.0640192779395731,-0.117430328037554,0.003048));
#10373=CARTESIAN_POINT('',(0.0640192779395731,-0.104413931390608,0.003048));
#10374=CARTESIAN_POINT('',(0.0640192779395731,-0.104413931390608,0.003048));
#10375=CARTESIAN_POINT('',(0.0640192779395731,-0.104413931390608,0.006223));
#10376=CARTESIAN_POINT('',(0.0640192779395731,-0.07197,0.006223));
#10377=CARTESIAN_POINT('',(0.0650199085798402,-0.104413931390608,0.003048));
#10378=CARTESIAN_POINT('',(0.0650199085798402,-0.104413931390608,0.003048));
#10379=CARTESIAN_POINT('',(0.0650199085798402,-0.103413300750341,0.003048));
#10380=CARTESIAN_POINT('',(0.0650199085798402,-0.103413300750341,0.003048));
#10381=CARTESIAN_POINT('',(0.0650199085798402,-0.103413300750341,0.006223));
#10382=CARTESIAN_POINT('',(0.0650199085798402,-0.104413931390608,0.006223));
#10383=CARTESIAN_POINT('',(0.0650199085798402,-0.103413300750341,0.003048));
#10384=CARTESIAN_POINT('',(0.0650199085798402,-0.103413300750341,0.003048));
#10385=CARTESIAN_POINT('',(0.0780363052267861,-0.103413300750341,0.003048));
#10386=CARTESIAN_POINT('',(0.0780363052267861,-0.103413300750341,0.003048));
#10387=CARTESIAN_POINT('',(0.0780363052267861,-0.103413300750341,0.006223));
#10388=CARTESIAN_POINT('',(0.170242,-0.103413300750341,0.006223));
#10389=CARTESIAN_POINT('',(0.0780363052267861,-0.104413931390608,0.003048));
#10390=CARTESIAN_POINT('',(0.0780363052267861,-0.104413931390608,0.003048));
#10391=CARTESIAN_POINT('',(0.0790369358670532,-0.104413931390608,0.003048));
#10392=CARTESIAN_POINT('',(0.0790369358670532,-0.104413931390608,0.003048));
#10393=CARTESIAN_POINT('',(0.0790369358670532,-0.104413931390608,0.006223));
#10394=CARTESIAN_POINT('',(0.0780363052267861,-0.104413931390608,0.006223));
#10395=CARTESIAN_POINT('',(0.0790369358670532,-0.104413931390608,0.003048));
#10396=CARTESIAN_POINT('',(0.0790369358670532,-0.104413931390608,0.003048));
#10397=CARTESIAN_POINT('',(0.0790369358670532,-0.07197,0.006223));
#10398=CARTESIAN_POINT('',(0.125721373712232,-0.098356305226786,0.003048));
#10399=CARTESIAN_POINT('',(0.125721373712232,-0.098356305226786,0.003048));
#10400=CARTESIAN_POINT('',(0.126722004352499,-0.0983563052267861,0.003048));
#10401=CARTESIAN_POINT('',(0.125721373712232,-0.0993569358670532,0.003048));
#10402=CARTESIAN_POINT('',(0.125721373712232,-0.0993569358670532,0.003048));
#10403=CARTESIAN_POINT('',(0.125721373712232,-0.0993569358670532,0.006223));
#10404=CARTESIAN_POINT('',(0.125721373712232,-0.098356305226786,0.006223));
#10405=CARTESIAN_POINT('',(0.126722004352499,-0.0983563052267861,0.006223));
#10406=CARTESIAN_POINT('',(0.126722004352499,-0.0983563052267861,0.003048));
#10407=CARTESIAN_POINT('',(0.125721373712232,-0.0993569358670532,0.003048));
#10408=CARTESIAN_POINT('',(0.125721373712232,-0.0993569358670532,0.003048));
#10409=CARTESIAN_POINT('',(0.112704977065286,-0.0993569358670532,0.003048));
#10410=CARTESIAN_POINT('',(0.112704977065286,-0.0993569358670532,0.003048));
#10411=CARTESIAN_POINT('',(0.112704977065286,-0.0993569358670532,0.006223));
#10412=CARTESIAN_POINT('',(0.170242,-0.0993569358670532,0.006223));
#10413=CARTESIAN_POINT('',(0.112704977065286,-0.098356305226786,0.003048));
#10414=CARTESIAN_POINT('',(0.112704977065286,-0.098356305226786,0.003048));
#10415=CARTESIAN_POINT('',(0.111704346425019,-0.098356305226786,0.003048));
#10416=CARTESIAN_POINT('',(0.111704346425019,-0.098356305226786,0.003048));
#10417=CARTESIAN_POINT('',(0.111704346425019,-0.098356305226786,0.006223));
#10418=CARTESIAN_POINT('',(0.112704977065286,-0.098356305226786,0.006223));
#10419=CARTESIAN_POINT('',(0.111704346425019,-0.098356305226786,0.003048));
#10420=CARTESIAN_POINT('',(0.111704346425019,-0.098356305226786,0.003048));
#10421=CARTESIAN_POINT('',(0.111704346425019,-0.0853399085798402,0.003048));
#10422=CARTESIAN_POINT('',(0.111704346425019,-0.0853399085798402,0.003048));
#10423=CARTESIAN_POINT('',(0.111704346425019,-0.0853399085798402,0.006223));
#10424=CARTESIAN_POINT('',(0.111704346425019,-0.07197,0.006223));
#10425=CARTESIAN_POINT('',(0.112704977065286,-0.0853399085798402,0.003048));
#10426=CARTESIAN_POINT('',(0.112704977065286,-0.0853399085798402,0.003048));
#10427=CARTESIAN_POINT('',(0.112704977065286,-0.0843392779395731,0.003048));
#10428=CARTESIAN_POINT('',(0.112704977065286,-0.0843392779395731,0.003048));
#10429=CARTESIAN_POINT('',(0.112704977065286,-0.0843392779395731,0.006223));
#10430=CARTESIAN_POINT('',(0.112704977065286,-0.0853399085798402,0.006223));
#10431=CARTESIAN_POINT('',(0.112704977065286,-0.0843392779395731,0.003048));
#10432=CARTESIAN_POINT('',(0.112704977065286,-0.0843392779395731,0.003048));
#10433=CARTESIAN_POINT('',(0.125721373712232,-0.0843392779395731,0.003048));
#10434=CARTESIAN_POINT('',(0.125721373712232,-0.0843392779395731,0.003048));
#10435=CARTESIAN_POINT('',(0.125721373712232,-0.0843392779395731,0.006223));
#10436=CARTESIAN_POINT('',(0.170242,-0.0843392779395731,0.006223));
#10437=CARTESIAN_POINT('',(0.125721373712232,-0.0853399085798402,0.003048));
#10438=CARTESIAN_POINT('',(0.125721373712232,-0.0853399085798402,0.003048));
#10439=CARTESIAN_POINT('',(0.126722004352499,-0.0853399085798402,0.003048));
#10440=CARTESIAN_POINT('',(0.126722004352499,-0.0853399085798402,0.003048));
#10441=CARTESIAN_POINT('',(0.126722004352499,-0.0853399085798402,0.006223));
#10442=CARTESIAN_POINT('',(0.125721373712232,-0.0853399085798402,0.006223));
#10443=CARTESIAN_POINT('',(0.126722004352499,-0.0853399085798402,0.003048));
#10444=CARTESIAN_POINT('',(0.126722004352499,-0.0853399085798402,0.003048));
#10445=CARTESIAN_POINT('',(0.126722004352499,-0.07197,0.006223));
#10446=CARTESIAN_POINT('',(0.0923413200694721,-0.0602082481467241,0.003048));
#10447=CARTESIAN_POINT('',(0.0923413200694721,-0.0602082481467241,0.003048));
#10448=CARTESIAN_POINT('',(0.0933419507097392,-0.0602082481467241,0.003048));
#10449=CARTESIAN_POINT('',(0.0923413200694721,-0.0612088787869913,0.003048));
#10450=CARTESIAN_POINT('',(0.0923413200694721,-0.0612088787869913,0.003048));
#10451=CARTESIAN_POINT('',(0.0923413200694721,-0.0612088787869913,0.006223));
#10452=CARTESIAN_POINT('',(0.0923413200694721,-0.0602082481467241,0.006223));
#10453=CARTESIAN_POINT('',(0.0933419507097392,-0.0602082481467241,0.006223));
#10454=CARTESIAN_POINT('',(0.0933419507097392,-0.0602082481467241,0.003048));
#10455=CARTESIAN_POINT('',(0.0923413200694721,-0.0612088787869912,0.003048));
#10456=CARTESIAN_POINT('',(0.0923413200694721,-0.0612088787869912,0.003048));
#10457=CARTESIAN_POINT('',(0.0793249234225262,-0.0612088787869912,0.003048));
#10458=CARTESIAN_POINT('',(0.0793249234225262,-0.0612088787869912,0.003048));
#10459=CARTESIAN_POINT('',(0.0793249234225262,-0.0612088787869913,0.006223));
#10460=CARTESIAN_POINT('',(0.170242,-0.0612088787869913,0.006223));
#10461=CARTESIAN_POINT('',(0.0793249234225262,-0.0602082481467241,0.003048));
#10462=CARTESIAN_POINT('',(0.0793249234225262,-0.0602082481467241,0.003048));
#10463=CARTESIAN_POINT('',(0.0783242927822591,-0.0602082481467241,0.003048));
#10464=CARTESIAN_POINT('',(0.0783242927822591,-0.0602082481467241,0.003048));
#10465=CARTESIAN_POINT('',(0.0783242927822591,-0.0602082481467241,0.006223));
#10466=CARTESIAN_POINT('',(0.0793249234225262,-0.0602082481467241,0.006223));
#10467=CARTESIAN_POINT('',(0.0783242927822591,-0.0602082481467241,0.003048));
#10468=CARTESIAN_POINT('',(0.0783242927822591,-0.0602082481467241,0.003048));
#10469=CARTESIAN_POINT('',(0.0783242927822591,-0.0471918495900239,0.003048));
#10470=CARTESIAN_POINT('',(0.0783242927822591,-0.0471918495900239,0.003048));
#10471=CARTESIAN_POINT('',(0.0783242927822591,-0.0471918495900239,0.006223));
#10472=CARTESIAN_POINT('',(0.0783242927822591,-0.07197,0.006223));
#10473=CARTESIAN_POINT('',(0.0793249234225262,-0.0471918495900239,0.003048));
#10474=CARTESIAN_POINT('',(0.0793249234225262,-0.0471918495900239,0.003048));
#10475=CARTESIAN_POINT('',(0.0793249234225262,-0.0461912189497568,0.003048));
#10476=CARTESIAN_POINT('',(0.0793249234225262,-0.0461912189497568,0.003048));
#10477=CARTESIAN_POINT('',(0.0793249234225262,-0.0461912189497568,0.006223));
#10478=CARTESIAN_POINT('',(0.0793249234225262,-0.0471918495900239,0.006223));
#10479=CARTESIAN_POINT('',(0.0793249234225262,-0.0461912189497568,0.003048));
#10480=CARTESIAN_POINT('',(0.0793249234225262,-0.0461912189497568,0.003048));
#10481=CARTESIAN_POINT('',(0.0923413200694721,-0.0461912189497568,0.003048));
#10482=CARTESIAN_POINT('',(0.0923413200694721,-0.0461912189497568,0.003048));
#10483=CARTESIAN_POINT('',(0.0923413200694721,-0.0461912189497568,0.006223));
#10484=CARTESIAN_POINT('',(0.170242,-0.0461912189497568,0.006223));
#10485=CARTESIAN_POINT('',(0.0923413200694721,-0.0471918495900239,0.003048));
#10486=CARTESIAN_POINT('',(0.0923413200694721,-0.0471918495900239,0.003048));
#10487=CARTESIAN_POINT('',(0.0933419507097392,-0.0471918495900239,0.003048));
#10488=CARTESIAN_POINT('',(0.0933419507097392,-0.0471918495900239,0.003048));
#10489=CARTESIAN_POINT('',(0.0933419507097392,-0.0471918495900239,0.006223));
#10490=CARTESIAN_POINT('',(0.0923413200694721,-0.0471918495900239,0.006223));
#10491=CARTESIAN_POINT('',(0.0933419507097392,-0.0471918495900239,0.003048));
#10492=CARTESIAN_POINT('',(0.0933419507097392,-0.0471918495900239,0.003048));
#10493=CARTESIAN_POINT('',(0.0933419507097392,-0.07197,0.006223));
#10494=CARTESIAN_POINT('',(0.0589622747770007,-0.023348815469104,0.003048));
#10495=CARTESIAN_POINT('',(0.0589622747770007,-0.023348815469104,0.003048));
#10496=CARTESIAN_POINT('',(0.0589622747770007,-0.0223481848288368,0.003048));
#10497=CARTESIAN_POINT('',(0.0599629054172679,-0.023348815469104,0.003048));
#10498=CARTESIAN_POINT('',(0.0599629054172679,-0.023348815469104,0.003048));
#10499=CARTESIAN_POINT('',(0.0599629054172678,-0.023348815469104,0.006223));
#10500=CARTESIAN_POINT('',(0.0589622747770007,-0.023348815469104,0.006223));
#10501=CARTESIAN_POINT('',(0.0589622747770007,-0.0223481848288368,0.006223));
#10502=CARTESIAN_POINT('',(0.0589622747770007,-0.0223481848288368,0.003048));
#10503=CARTESIAN_POINT('',(0.0599629054172678,-0.023348815469104,0.003048));
#10504=CARTESIAN_POINT('',(0.0599629054172678,-0.023348815469104,0.003048));
#10505=CARTESIAN_POINT('',(0.0599629054172678,-0.0363652116386114,0.003048));
#10506=CARTESIAN_POINT('',(0.0599629054172678,-0.0363652116386114,0.003048));
#10507=CARTESIAN_POINT('',(0.0599629054172678,-0.0363652116386114,0.006223));
#10508=CARTESIAN_POINT('',(0.0599629054172678,-0.07197,0.006223));
#10509=CARTESIAN_POINT('',(0.0589622747770007,-0.0363652116386114,0.003048));
#10510=CARTESIAN_POINT('',(0.0589622747770007,-0.0363652116386114,0.003048));
#10511=CARTESIAN_POINT('',(0.0589622747770007,-0.0373658422788785,0.003048));
#10512=CARTESIAN_POINT('',(0.0589622747770007,-0.0373658422788785,0.003048));
#10513=CARTESIAN_POINT('',(0.0589622747770007,-0.0373658422788785,0.006223));
#10514=CARTESIAN_POINT('',(0.0589622747770007,-0.0363652116386114,0.006223));
#10515=CARTESIAN_POINT('',(0.0589622747770007,-0.0373658422788785,0.003048));
#10516=CARTESIAN_POINT('',(0.0589622747770007,-0.0373658422788785,0.003048));
#10517=CARTESIAN_POINT('',(0.0459458781300549,-0.0373658422788785,0.003048));
#10518=CARTESIAN_POINT('',(0.0459458781300549,-0.0373658422788785,0.003048));
#10519=CARTESIAN_POINT('',(0.0459458781300549,-0.0373658422788785,0.006223));
#10520=CARTESIAN_POINT('',(0.170242,-0.0373658422788785,0.006223));
#10521=CARTESIAN_POINT('',(0.0459458781300549,-0.0363652116386114,0.003048));
#10522=CARTESIAN_POINT('',(0.0459458781300549,-0.0363652116386114,0.003048));
#10523=CARTESIAN_POINT('',(0.0449452474897877,-0.0363652116386114,0.003048));
#10524=CARTESIAN_POINT('',(0.0449452474897877,-0.0363652116386114,0.003048));
#10525=CARTESIAN_POINT('',(0.0449452474897877,-0.0363652116386114,0.006223));
#10526=CARTESIAN_POINT('',(0.0459458781300549,-0.0363652116386114,0.006223));
#10527=CARTESIAN_POINT('',(0.0449452474897877,-0.0363652116386114,0.003048));
#10528=CARTESIAN_POINT('',(0.0449452474897877,-0.0363652116386114,0.003048));
#10529=CARTESIAN_POINT('',(0.0449452474897878,-0.023348815469104,0.003048));
#10530=CARTESIAN_POINT('',(0.0449452474897878,-0.023348815469104,0.003048));
#10531=CARTESIAN_POINT('',(0.0449452474897877,-0.023348815469104,0.006223));
#10532=CARTESIAN_POINT('',(0.0449452474897877,-0.07197,0.006223));
#10533=CARTESIAN_POINT('',(0.0459458781300549,-0.023348815469104,0.003048));
#10534=CARTESIAN_POINT('',(0.0459458781300549,-0.023348815469104,0.003048));
#10535=CARTESIAN_POINT('',(0.0459458781300549,-0.0223481848288368,0.003048));
#10536=CARTESIAN_POINT('',(0.0459458781300549,-0.0223481848288368,0.003048));
#10537=CARTESIAN_POINT('',(0.0459458781300549,-0.0223481848288368,0.006223));
#10538=CARTESIAN_POINT('',(0.0459458781300549,-0.023348815469104,0.006223));
#10539=CARTESIAN_POINT('',(0.0459458781300549,-0.0223481848288368,0.003048));
#10540=CARTESIAN_POINT('',(0.0459458781300549,-0.0223481848288368,0.003048));
#10541=CARTESIAN_POINT('',(0.170242,-0.0223481848288368,0.006223));
#10542=CARTESIAN_POINT('',(0.117472976683079,-0.0602082481467241,0.003048));
#10543=CARTESIAN_POINT('',(0.117472976683079,-0.0602082481467241,0.003048));
#10544=CARTESIAN_POINT('',(0.117472976683079,-0.0612088787869912,0.003048));
#10545=CARTESIAN_POINT('',(0.116472346042812,-0.0602082481467241,0.003048));
#10546=CARTESIAN_POINT('',(0.116472346042812,-0.0602082481467241,0.003048));
#10547=CARTESIAN_POINT('',(0.116472346042812,-0.0602082481467241,0.006223));
#10548=CARTESIAN_POINT('',(0.117472976683079,-0.0602082481467241,0.006223));
#10549=CARTESIAN_POINT('',(0.117472976683079,-0.0612088787869912,0.006223));
#10550=CARTESIAN_POINT('',(0.117472976683079,-0.0612088787869912,0.003048));
#10551=CARTESIAN_POINT('',(0.116472346042812,-0.0602082481467241,0.003048));
#10552=CARTESIAN_POINT('',(0.116472346042812,-0.0602082481467241,0.003048));
#10553=CARTESIAN_POINT('',(0.116472346042812,-0.0471918495900239,0.003048));
#10554=CARTESIAN_POINT('',(0.116472346042812,-0.0471918495900239,0.003048));
#10555=CARTESIAN_POINT('',(0.116472346042812,-0.0471918495900239,0.006223));
#10556=CARTESIAN_POINT('',(0.116472346042812,-0.07197,0.006223));
#10557=CARTESIAN_POINT('',(0.117472976683079,-0.0471918495900239,0.003048));
#10558=CARTESIAN_POINT('',(0.117472976683079,-0.0471918495900239,0.003048));
#10559=CARTESIAN_POINT('',(0.117472976683079,-0.0461912189497568,0.003048));
#10560=CARTESIAN_POINT('',(0.117472976683079,-0.0461912189497568,0.003048));
#10561=CARTESIAN_POINT('',(0.117472976683079,-0.0461912189497568,0.006223));
#10562=CARTESIAN_POINT('',(0.117472976683079,-0.0471918495900239,0.006223));
#10563=CARTESIAN_POINT('',(0.117472976683079,-0.0461912189497568,0.003048));
#10564=CARTESIAN_POINT('',(0.128604254573079,-0.0461912189497568,0.0046355));
#10565=CARTESIAN_POINT('',(0.128604254573079,-0.0461912189497568,0.006223));
#10566=CARTESIAN_POINT('',(0.128604254573079,-0.0461912189497568,0.003048));
#10567=CARTESIAN_POINT('',(0.170242,-0.0461912189497568,0.006223));
#10568=CARTESIAN_POINT('',(0.117472976683079,-0.0461912189497568,0.003048));
#10569=CARTESIAN_POINT('',(0.0541932668089189,-0.0602082481467241,0.003048));
#10570=CARTESIAN_POINT('',(0.0541932668089189,-0.0602082481467241,0.003048));
#10571=CARTESIAN_POINT('',(0.055193897449186,-0.0602082481467241,0.003048));
#10572=CARTESIAN_POINT('',(0.0541932668089189,-0.0612088787869913,0.003048));
#10573=CARTESIAN_POINT('',(0.0541932668089189,-0.0612088787869913,0.003048));
#10574=CARTESIAN_POINT('',(0.0541932668089189,-0.0612088787869913,0.006223));
#10575=CARTESIAN_POINT('',(0.0541932668089189,-0.0602082481467241,0.006223));
#10576=CARTESIAN_POINT('',(0.055193897449186,-0.0602082481467241,0.006223));
#10577=CARTESIAN_POINT('',(0.055193897449186,-0.0602082481467241,0.003048));
#10578=CARTESIAN_POINT('',(0.0541932668089189,-0.0612088787869912,0.003048));
#10579=CARTESIAN_POINT('',(0.0541932668089189,-0.0612088787869912,0.003048));
#10580=CARTESIAN_POINT('',(0.0411768701619731,-0.0612088787869912,0.003048));
#10581=CARTESIAN_POINT('',(0.0411768701619731,-0.0612088787869912,0.003048));
#10582=CARTESIAN_POINT('',(0.0411768701619731,-0.0612088787869912,0.006223));
#10583=CARTESIAN_POINT('',(0.170242,-0.0612088787869913,0.006223));
#10584=CARTESIAN_POINT('',(0.0411768701619731,-0.0602082481467241,0.003048));
#10585=CARTESIAN_POINT('',(0.0411768701619731,-0.0602082481467241,0.003048));
#10586=CARTESIAN_POINT('',(0.0401762395217058,-0.0602082481467241,0.003048));
#10587=CARTESIAN_POINT('',(0.0401762395217059,-0.0602082481467241,0.003048));
#10588=CARTESIAN_POINT('',(0.0401762395217059,-0.0602082481467241,0.006223));
#10589=CARTESIAN_POINT('',(0.0411768701619731,-0.0602082481467241,0.006223));
#10590=CARTESIAN_POINT('',(0.0401762395217057,-0.0602082481467241,0.003048));
#10591=CARTESIAN_POINT('',(0.0401762395217057,-0.0602082481467241,0.003048));
#10592=CARTESIAN_POINT('',(0.0401762395217057,-0.0471918495900239,0.003048));
#10593=CARTESIAN_POINT('',(0.0401762395217057,-0.0471918495900239,0.003048));
#10594=CARTESIAN_POINT('',(0.0401762395217058,-0.0471918495900239,0.006223));
#10595=CARTESIAN_POINT('',(0.0401762395217058,-0.07197,0.006223));
#10596=CARTESIAN_POINT('',(0.0411768701619731,-0.0471918495900239,0.003048));
#10597=CARTESIAN_POINT('',(0.0411768701619731,-0.0471918495900239,0.003048));
#10598=CARTESIAN_POINT('',(0.0411768701619731,-0.0461912189497568,0.003048));
#10599=CARTESIAN_POINT('',(0.0411768701619731,-0.0461912189497568,0.003048));
#10600=CARTESIAN_POINT('',(0.0411768701619731,-0.0461912189497568,0.006223));
#10601=CARTESIAN_POINT('',(0.0411768701619731,-0.0471918495900239,0.006223));
#10602=CARTESIAN_POINT('',(0.0411768701619731,-0.0461912189497568,0.003048));
#10603=CARTESIAN_POINT('',(0.0411768701619731,-0.0461912189497568,0.003048));
#10604=CARTESIAN_POINT('',(0.0541932668089189,-0.0461912189497568,0.003048));
#10605=CARTESIAN_POINT('',(0.0541932668089189,-0.0461912189497568,0.003048));
#10606=CARTESIAN_POINT('',(0.0541932668089189,-0.0461912189497568,0.006223));
#10607=CARTESIAN_POINT('',(0.170242,-0.0461912189497568,0.006223));
#10608=CARTESIAN_POINT('',(0.0541932668089189,-0.0471918495900239,0.003048));
#10609=CARTESIAN_POINT('',(0.0541932668089189,-0.0471918495900239,0.003048));
#10610=CARTESIAN_POINT('',(0.055193897449186,-0.0471918495900239,0.003048));
#10611=CARTESIAN_POINT('',(0.0551938974491861,-0.0471918495900239,0.003048));
#10612=CARTESIAN_POINT('',(0.055193897449186,-0.0471918495900239,0.006223));
#10613=CARTESIAN_POINT('',(0.0541932668089189,-0.0471918495900239,0.006223));
#10614=CARTESIAN_POINT('',(0.055193897449186,-0.0471918495900239,0.003048));
#10615=CARTESIAN_POINT('',(0.055193897449186,-0.0471918495900239,0.003048));
#10616=CARTESIAN_POINT('',(0.055193897449186,-0.07197,0.006223));
#10617=CARTESIAN_POINT('',(0.0221028435316964,-0.0602082481467241,0.003048));
#10618=CARTESIAN_POINT('',(0.0221028435316964,-0.0602082481467241,0.003048));
#10619=CARTESIAN_POINT('',(0.0221028435316964,-0.0612088787869912,0.003048));
#10620=CARTESIAN_POINT('',(0.0211022128914292,-0.0602082481467241,0.003048));
#10621=CARTESIAN_POINT('',(0.0211022128914292,-0.0602082481467241,0.003048));
#10622=CARTESIAN_POINT('',(0.0211022128914292,-0.0602082481467241,0.006223));
#10623=CARTESIAN_POINT('',(0.0221028435316964,-0.0602082481467241,0.006223));
#10624=CARTESIAN_POINT('',(0.0221028435316964,-0.0612088787869912,0.006223));
#10625=CARTESIAN_POINT('',(0.0221028435316963,-0.0612088787869912,0.003048));
#10626=CARTESIAN_POINT('',(0.0211022128914292,-0.0602082481467241,0.003048));
#10627=CARTESIAN_POINT('',(0.0211022128914292,-0.0602082481467241,0.003048));
#10628=CARTESIAN_POINT('',(0.0211022128914292,-0.0471918495900239,0.003048));
#10629=CARTESIAN_POINT('',(0.0211022128914292,-0.0471918495900239,0.003048));
#10630=CARTESIAN_POINT('',(0.0211022128914292,-0.0471918495900239,0.006223));
#10631=CARTESIAN_POINT('',(0.0211022128914292,-0.07197,0.006223));
#10632=CARTESIAN_POINT('',(0.0221028435316964,-0.0471918495900239,0.003048));
#10633=CARTESIAN_POINT('',(0.0221028435316964,-0.0471918495900239,0.003048));
#10634=CARTESIAN_POINT('',(0.0221028435316964,-0.0461912189497568,0.003048));
#10635=CARTESIAN_POINT('',(0.0221028435316964,-0.0461912189497568,0.003048));
#10636=CARTESIAN_POINT('',(0.0221028435316964,-0.0461912189497568,0.006223));
#10637=CARTESIAN_POINT('',(0.0221028435316964,-0.0471918495900239,0.006223));
#10638=CARTESIAN_POINT('',(0.0221028435316964,-0.0461912189497568,0.003048));
#10639=CARTESIAN_POINT('',(0.0221028435316964,-0.0461912189497568,0.003048));
#10640=CARTESIAN_POINT('',(0.0351192401786423,-0.0461912189497568,0.003048));
#10641=CARTESIAN_POINT('',(0.0351192401786423,-0.0461912189497568,0.003048));
#10642=CARTESIAN_POINT('',(0.0351192401786423,-0.0461912189497568,0.006223));
#10643=CARTESIAN_POINT('',(0.170242,-0.0461912189497568,0.006223));
#10644=CARTESIAN_POINT('',(0.0351192401786423,-0.0471918495900239,0.003048));
#10645=CARTESIAN_POINT('',(0.0351192401786423,-0.0471918495900239,0.003048));
#10646=CARTESIAN_POINT('',(0.0361198708189095,-0.0471918495900239,0.003048));
#10647=CARTESIAN_POINT('',(0.0361198708189095,-0.0471918495900239,0.003048));
#10648=CARTESIAN_POINT('',(0.0361198708189095,-0.0471918495900239,0.006223));
#10649=CARTESIAN_POINT('',(0.0351192401786423,-0.0471918495900239,0.006223));
#10650=CARTESIAN_POINT('',(0.0361198708189094,-0.0471918495900239,0.003048));
#10651=CARTESIAN_POINT('',(0.0361198708189094,-0.0471918495900239,0.003048));
#10652=CARTESIAN_POINT('',(0.0361198708189094,-0.0602082481467241,0.003048));
#10653=CARTESIAN_POINT('',(0.0361198708189094,-0.0602082481467241,0.003048));
#10654=CARTESIAN_POINT('',(0.0361198708189094,-0.0602082481467241,0.006223));
#10655=CARTESIAN_POINT('',(0.0361198708189094,-0.07197,0.006223));
#10656=CARTESIAN_POINT('',(0.0351192401786423,-0.0602082481467241,0.003048));
#10657=CARTESIAN_POINT('',(0.0351192401786423,-0.0602082481467241,0.003048));
#10658=CARTESIAN_POINT('',(0.0351192401786423,-0.0612088787869913,0.003048));
#10659=CARTESIAN_POINT('',(0.0351192401786423,-0.0612088787869913,0.003048));
#10660=CARTESIAN_POINT('',(0.0351192401786423,-0.0612088787869913,0.006223));
#10661=CARTESIAN_POINT('',(0.0351192401786423,-0.0602082481467241,0.006223));
#10662=CARTESIAN_POINT('',(0.0351192401786423,-0.0612088787869912,0.003048));
#10663=CARTESIAN_POINT('',(0.0351192401786423,-0.0612088787869912,0.003048));
#10664=CARTESIAN_POINT('',(0.170242,-0.0612088787869913,0.006223));
#10665=CARTESIAN_POINT('',(0.111415350519257,-0.0602082481467241,0.003048));
#10666=CARTESIAN_POINT('',(0.111415350519257,-0.0602082481467241,0.003048));
#10667=CARTESIAN_POINT('',(0.112415981159524,-0.0602082481467241,0.003048));
#10668=CARTESIAN_POINT('',(0.111415350519257,-0.0612088787869913,0.003048));
#10669=CARTESIAN_POINT('',(0.111415350519257,-0.0612088787869913,0.003048));
#10670=CARTESIAN_POINT('',(0.111415350519257,-0.0612088787869913,0.006223));
#10671=CARTESIAN_POINT('',(0.111415350519257,-0.0602082481467241,0.006223));
#10672=CARTESIAN_POINT('',(0.112415981159524,-0.0602082481467241,0.006223));
#10673=CARTESIAN_POINT('',(0.112415981159524,-0.0602082481467241,0.003048));
#10674=CARTESIAN_POINT('',(0.111415350519257,-0.0612088787869912,0.003048));
#10675=CARTESIAN_POINT('',(0.111415350519257,-0.0612088787869912,0.003048));
#10676=CARTESIAN_POINT('',(0.0983989538723115,-0.0612088787869912,0.003048));
#10677=CARTESIAN_POINT('',(0.0983989538723115,-0.0612088787869912,0.003048));
#10678=CARTESIAN_POINT('',(0.0983989538723115,-0.0612088787869912,0.006223));
#10679=CARTESIAN_POINT('',(0.170242,-0.0612088787869913,0.006223));
#10680=CARTESIAN_POINT('',(0.0983989538723115,-0.0602082481467241,0.003048));
#10681=CARTESIAN_POINT('',(0.0983989538723115,-0.0602082481467241,0.003048));
#10682=CARTESIAN_POINT('',(0.0973983232320444,-0.0602082481467241,0.003048));
#10683=CARTESIAN_POINT('',(0.0973983232320444,-0.0602082481467241,0.003048));
#10684=CARTESIAN_POINT('',(0.0973983232320444,-0.0602082481467241,0.006223));
#10685=CARTESIAN_POINT('',(0.0983989538723115,-0.0602082481467241,0.006223));
#10686=CARTESIAN_POINT('',(0.0973983232320444,-0.0602082481467241,0.003048));
#10687=CARTESIAN_POINT('',(0.0973983232320444,-0.0602082481467241,0.003048));
#10688=CARTESIAN_POINT('',(0.0973983232320444,-0.0471918495900239,0.003048));
#10689=CARTESIAN_POINT('',(0.0973983232320444,-0.0471918495900239,0.003048));
#10690=CARTESIAN_POINT('',(0.0973983232320444,-0.0471918495900239,0.006223));
#10691=CARTESIAN_POINT('',(0.0973983232320444,-0.07197,0.006223));
#10692=CARTESIAN_POINT('',(0.0983989538723115,-0.0471918495900239,0.003048));
#10693=CARTESIAN_POINT('',(0.0983989538723115,-0.0471918495900239,0.003048));
#10694=CARTESIAN_POINT('',(0.0983989538723115,-0.0461912189497568,0.003048));
#10695=CARTESIAN_POINT('',(0.0983989538723115,-0.0461912189497568,0.003048));
#10696=CARTESIAN_POINT('',(0.0983989538723115,-0.0461912189497568,0.006223));
#10697=CARTESIAN_POINT('',(0.0983989538723115,-0.0471918495900239,0.006223));
#10698=CARTESIAN_POINT('',(0.0983989538723115,-0.0461912189497568,0.003048));
#10699=CARTESIAN_POINT('',(0.0983989538723115,-0.0461912189497568,0.003048));
#10700=CARTESIAN_POINT('',(0.111415350519257,-0.0461912189497568,0.003048));
#10701=CARTESIAN_POINT('',(0.111415350519257,-0.0461912189497568,0.003048));
#10702=CARTESIAN_POINT('',(0.111415350519257,-0.0461912189497568,0.006223));
#10703=CARTESIAN_POINT('',(0.170242,-0.0461912189497568,0.006223));
#10704=CARTESIAN_POINT('',(0.111415350519257,-0.0471918495900239,0.003048));
#10705=CARTESIAN_POINT('',(0.111415350519257,-0.0471918495900239,0.003048));
#10706=CARTESIAN_POINT('',(0.112415981159524,-0.0471918495900239,0.003048));
#10707=CARTESIAN_POINT('',(0.112415981159525,-0.0471918495900239,0.003048));
#10708=CARTESIAN_POINT('',(0.112415981159524,-0.0471918495900239,0.006223));
#10709=CARTESIAN_POINT('',(0.111415350519257,-0.0471918495900239,0.006223));
#10710=CARTESIAN_POINT('',(0.112415981159524,-0.0471918495900239,0.003048));
#10711=CARTESIAN_POINT('',(0.112415981159524,-0.0471918495900239,0.003048));
#10712=CARTESIAN_POINT('',(0.112415981159524,-0.07197,0.006223));
#10713=CARTESIAN_POINT('',(0.0875733128126614,-0.098356305226786,0.003048));
#10714=CARTESIAN_POINT('',(0.0875733128126614,-0.098356305226786,0.003048));
#10715=CARTESIAN_POINT('',(0.0885739434529285,-0.0983563052267861,0.003048));
#10716=CARTESIAN_POINT('',(0.0875733128126614,-0.0993569358670532,0.003048));
#10717=CARTESIAN_POINT('',(0.0875733128126614,-0.0993569358670532,0.003048));
#10718=CARTESIAN_POINT('',(0.0875733128126614,-0.0993569358670532,0.006223));
#10719=CARTESIAN_POINT('',(0.0875733128126614,-0.098356305226786,0.006223));
#10720=CARTESIAN_POINT('',(0.0885739434529285,-0.0983563052267861,0.006223));
#10721=CARTESIAN_POINT('',(0.0885739434529285,-0.0983563052267861,0.003048));
#10722=CARTESIAN_POINT('',(0.0875733128126614,-0.0993569358670532,0.003048));
#10723=CARTESIAN_POINT('',(0.0875733128126614,-0.0993569358670532,0.003048));
#10724=CARTESIAN_POINT('',(0.0745569161657155,-0.0993569358670532,0.003048));
#10725=CARTESIAN_POINT('',(0.0745569161657155,-0.0993569358670532,0.003048));
#10726=CARTESIAN_POINT('',(0.0745569161657155,-0.0993569358670532,0.006223));
#10727=CARTESIAN_POINT('',(0.170242,-0.0993569358670532,0.006223));
#10728=CARTESIAN_POINT('',(0.0745569161657155,-0.098356305226786,0.003048));
#10729=CARTESIAN_POINT('',(0.0745569161657155,-0.098356305226786,0.003048));
#10730=CARTESIAN_POINT('',(0.0735562855254484,-0.0983563052267861,0.003048));
#10731=CARTESIAN_POINT('',(0.0735562855254484,-0.0983563052267861,0.003048));
#10732=CARTESIAN_POINT('',(0.0735562855254484,-0.0983563052267861,0.006223));
#10733=CARTESIAN_POINT('',(0.0745569161657155,-0.098356305226786,0.006223));
#10734=CARTESIAN_POINT('',(0.0735562855254484,-0.098356305226786,0.003048));
#10735=CARTESIAN_POINT('',(0.0735562855254484,-0.098356305226786,0.003048));
#10736=CARTESIAN_POINT('',(0.0735562855254484,-0.0853399085798402,0.003048));
#10737=CARTESIAN_POINT('',(0.0735562855254484,-0.0853399085798402,0.003048));
#10738=CARTESIAN_POINT('',(0.0735562855254484,-0.0853399085798402,0.006223));
#10739=CARTESIAN_POINT('',(0.0735562855254484,-0.07197,0.006223));
#10740=CARTESIAN_POINT('',(0.0745569161657155,-0.0853399085798402,0.003048));
#10741=CARTESIAN_POINT('',(0.0745569161657155,-0.0853399085798402,0.003048));
#10742=CARTESIAN_POINT('',(0.0745569161657155,-0.0843392779395731,0.003048));
#10743=CARTESIAN_POINT('',(0.0745569161657155,-0.0843392779395731,0.003048));
#10744=CARTESIAN_POINT('',(0.0745569161657155,-0.0843392779395731,0.006223));
#10745=CARTESIAN_POINT('',(0.0745569161657155,-0.0853399085798402,0.006223));
#10746=CARTESIAN_POINT('',(0.0745569161657155,-0.0843392779395731,0.003048));
#10747=CARTESIAN_POINT('',(0.0745569161657155,-0.0843392779395731,0.003048));
#10748=CARTESIAN_POINT('',(0.0875733128126614,-0.0843392779395731,0.003048));
#10749=CARTESIAN_POINT('',(0.0875733128126614,-0.0843392779395731,0.003048));
#10750=CARTESIAN_POINT('',(0.0875733128126614,-0.0843392779395731,0.006223));
#10751=CARTESIAN_POINT('',(0.170242,-0.0843392779395731,0.006223));
#10752=CARTESIAN_POINT('',(0.0875733128126614,-0.0853399085798402,0.003048));
#10753=CARTESIAN_POINT('',(0.0875733128126614,-0.0853399085798402,0.003048));
#10754=CARTESIAN_POINT('',(0.0885739434529285,-0.0853399085798402,0.003048));
#10755=CARTESIAN_POINT('',(0.0885739434529285,-0.0853399085798402,0.003048));
#10756=CARTESIAN_POINT('',(0.0885739434529285,-0.0853399085798402,0.006223));
#10757=CARTESIAN_POINT('',(0.0875733128126614,-0.0853399085798402,0.006223));
#10758=CARTESIAN_POINT('',(0.0885739434529285,-0.0853399085798402,0.003048));
#10759=CARTESIAN_POINT('',(0.0885739434529285,-0.0853399085798402,0.003048));
#10760=CARTESIAN_POINT('',(0.0885739434529285,-0.07197,0.006223));
#10761=CARTESIAN_POINT('',(0.0231982232350985,-0.098356305226786,0.003048));
#10762=CARTESIAN_POINT('',(0.0231982232350985,-0.098356305226786,0.003048));
#10763=CARTESIAN_POINT('',(0.0241988538753657,-0.0983563052267861,0.003048));
#10764=CARTESIAN_POINT('',(0.0231982232350985,-0.0993569358670532,0.003048));
#10765=CARTESIAN_POINT('',(0.0231982232350985,-0.0993569358670532,0.003048));
#10766=CARTESIAN_POINT('',(0.0231982232350985,-0.0993569358670532,0.006223));
#10767=CARTESIAN_POINT('',(0.0231982232350985,-0.098356305226786,0.006223));
#10768=CARTESIAN_POINT('',(0.0241988538753657,-0.0983563052267861,0.006223));
#10769=CARTESIAN_POINT('',(0.0241988538753657,-0.0983563052267861,0.003048));
#10770=CARTESIAN_POINT('',(0.0231982232350985,-0.0993569358670532,0.003048));
#10771=CARTESIAN_POINT('',(0.0231982232350985,-0.0993569358670532,0.003048));
#10772=CARTESIAN_POINT('',(0.0101818256332755,-0.0993569358670532,0.003048));
#10773=CARTESIAN_POINT('',(0.0101818256332755,-0.0993569358670532,0.003048));
#10774=CARTESIAN_POINT('',(0.0101818256332755,-0.0993569358670532,0.006223));
#10775=CARTESIAN_POINT('',(0.170242,-0.0993569358670532,0.006223));
#10776=CARTESIAN_POINT('',(0.0101818256332755,-0.098356305226786,0.003048));
#10777=CARTESIAN_POINT('',(0.0101818256332755,-0.098356305226786,0.003048));
#10778=CARTESIAN_POINT('',(0.00918119499300837,-0.098356305226786,0.003048));
#10779=CARTESIAN_POINT('',(0.00918119499300838,-0.098356305226786,0.003048));
#10780=CARTESIAN_POINT('',(0.00918119499300839,-0.098356305226786,0.006223));
#10781=CARTESIAN_POINT('',(0.0101818256332755,-0.098356305226786,0.006223));
#10782=CARTESIAN_POINT('',(0.00918119499300837,-0.098356305226786,0.003048));
#10783=CARTESIAN_POINT('',(0.00918119499300837,-0.098356305226786,0.003048));
#10784=CARTESIAN_POINT('',(0.00918119499300836,-0.0853399085798402,0.003048));
#10785=CARTESIAN_POINT('',(0.00918119499300836,-0.0853399085798402,0.003048));
#10786=CARTESIAN_POINT('',(0.00918119499300838,-0.0853399085798402,0.006223));
#10787=CARTESIAN_POINT('',(0.0091811949930084,-0.07197,0.006223));
#10788=CARTESIAN_POINT('',(0.0101818256332755,-0.0853399085798402,0.003048));
#10789=CARTESIAN_POINT('',(0.0101818256332755,-0.0853399085798402,0.003048));
#10790=CARTESIAN_POINT('',(0.0101818256332755,-0.0843392779395731,0.003048));
#10791=CARTESIAN_POINT('',(0.0101818256332755,-0.0843392779395731,0.003048));
#10792=CARTESIAN_POINT('',(0.0101818256332755,-0.0843392779395731,0.006223));
#10793=CARTESIAN_POINT('',(0.0101818256332755,-0.0853399085798402,0.006223));
#10794=CARTESIAN_POINT('',(0.0101818256332755,-0.0843392779395731,0.003048));
#10795=CARTESIAN_POINT('',(0.0101818256332755,-0.0843392779395731,0.003048));
#10796=CARTESIAN_POINT('',(0.0231982232350985,-0.0843392779395731,0.003048));
#10797=CARTESIAN_POINT('',(0.0231982232350985,-0.0843392779395731,0.003048));
#10798=CARTESIAN_POINT('',(0.0231982232350985,-0.0843392779395731,0.006223));
#10799=CARTESIAN_POINT('',(0.170242,-0.0843392779395731,0.006223));
#10800=CARTESIAN_POINT('',(0.0231982232350985,-0.0853399085798402,0.003048));
#10801=CARTESIAN_POINT('',(0.0231982232350985,-0.0853399085798402,0.003048));
#10802=CARTESIAN_POINT('',(0.0241988538753657,-0.0853399085798402,0.003048));
#10803=CARTESIAN_POINT('',(0.0241988538753657,-0.0853399085798402,0.003048));
#10804=CARTESIAN_POINT('',(0.0241988538753657,-0.0853399085798402,0.006223));
#10805=CARTESIAN_POINT('',(0.0231982232350985,-0.0853399085798402,0.006223));
#10806=CARTESIAN_POINT('',(0.0241988538753657,-0.0853399085798402,0.003048));
#10807=CARTESIAN_POINT('',(0.0241988538753657,-0.0853399085798402,0.003048));
#10808=CARTESIAN_POINT('',(0.0241988538753657,-0.07197,0.006223));
#10809=CARTESIAN_POINT('',(0.0888619386474188,-0.0662658781300549,0.003048));
#10810=CARTESIAN_POINT('',(0.0888619386474188,-0.0662658781300549,0.003048));
#10811=CARTESIAN_POINT('',(0.0878613080071517,-0.0662658781300549,0.003048));
#10812=CARTESIAN_POINT('',(0.0888619386474188,-0.0652652474897877,0.003048));
#10813=CARTESIAN_POINT('',(0.0888619386474188,-0.0652652474897877,0.003048));
#10814=CARTESIAN_POINT('',(0.0888619386474188,-0.0652652474897877,0.006223));
#10815=CARTESIAN_POINT('',(0.0888619386474188,-0.0662658781300549,0.006223));
#10816=CARTESIAN_POINT('',(0.0878613080071517,-0.0662658781300549,0.006223));
#10817=CARTESIAN_POINT('',(0.0878613080071517,-0.0662658781300549,0.003048));
#10818=CARTESIAN_POINT('',(0.0888619386474188,-0.0652652474897878,0.003048));
#10819=CARTESIAN_POINT('',(0.0888619386474188,-0.0652652474897878,0.003048));
#10820=CARTESIAN_POINT('',(0.101878335294365,-0.0652652474897878,0.003048));
#10821=CARTESIAN_POINT('',(0.101878335294365,-0.0652652474897878,0.003048));
#10822=CARTESIAN_POINT('',(0.101878335294365,-0.0652652474897878,0.006223));
#10823=CARTESIAN_POINT('',(0.170242,-0.0652652474897877,0.006223));
#10824=CARTESIAN_POINT('',(0.101878335294365,-0.0662658781300549,0.003048));
#10825=CARTESIAN_POINT('',(0.101878335294365,-0.0662658781300549,0.003048));
#10826=CARTESIAN_POINT('',(0.102878965934632,-0.0662658781300549,0.003048));
#10827=CARTESIAN_POINT('',(0.102878965934632,-0.0662658781300549,0.003048));
#10828=CARTESIAN_POINT('',(0.102878965934632,-0.0662658781300549,0.006223));
#10829=CARTESIAN_POINT('',(0.101878335294365,-0.0662658781300549,0.006223));
#10830=CARTESIAN_POINT('',(0.102878965934632,-0.0662658781300549,0.003048));
#10831=CARTESIAN_POINT('',(0.102878965934632,-0.0662658781300549,0.003048));
#10832=CARTESIAN_POINT('',(0.102878965934632,-0.0792822747770007,0.003048));
#10833=CARTESIAN_POINT('',(0.102878965934632,-0.0792822747770007,0.003048));
#10834=CARTESIAN_POINT('',(0.102878965934632,-0.0792822747770007,0.006223));
#10835=CARTESIAN_POINT('',(0.102878965934632,-0.07197,0.006223));
#10836=CARTESIAN_POINT('',(0.101878335294365,-0.0792822747770007,0.003048));
#10837=CARTESIAN_POINT('',(0.101878335294365,-0.0792822747770007,0.003048));
#10838=CARTESIAN_POINT('',(0.101878335294365,-0.0802829054172679,0.003048));
#10839=CARTESIAN_POINT('',(0.101878335294365,-0.0802829054172679,0.003048));
#10840=CARTESIAN_POINT('',(0.101878335294365,-0.0802829054172679,0.006223));
#10841=CARTESIAN_POINT('',(0.101878335294365,-0.0792822747770007,0.006223));
#10842=CARTESIAN_POINT('',(0.101878335294365,-0.0802829054172678,0.003048));
#10843=CARTESIAN_POINT('',(0.101878335294365,-0.0802829054172678,0.003048));
#10844=CARTESIAN_POINT('',(0.0888619386474188,-0.0802829054172678,0.003048));
#10845=CARTESIAN_POINT('',(0.0888619386474188,-0.0802829054172678,0.003048));
#10846=CARTESIAN_POINT('',(0.0888619386474188,-0.0802829054172679,0.006223));
#10847=CARTESIAN_POINT('',(0.170242,-0.0802829054172679,0.006223));
#10848=CARTESIAN_POINT('',(0.0888619386474188,-0.0792822747770007,0.003048));
#10849=CARTESIAN_POINT('',(0.0888619386474188,-0.0792822747770007,0.003048));
#10850=CARTESIAN_POINT('',(0.0878613080071516,-0.0792822747770007,0.003048));
#10851=CARTESIAN_POINT('',(0.0878613080071516,-0.0792822747770007,0.003048));
#10852=CARTESIAN_POINT('',(0.0878613080071516,-0.0792822747770007,0.006223));
#10853=CARTESIAN_POINT('',(0.0888619386474188,-0.0792822747770007,0.006223));
#10854=CARTESIAN_POINT('',(0.0878613080071517,-0.0792822747770007,0.003048));
#10855=CARTESIAN_POINT('',(0.0878613080071517,-0.0792822747770007,0.003048));
#10856=CARTESIAN_POINT('',(0.0878613080071517,-0.07197,0.006223));
#10857=CARTESIAN_POINT('',(0.124625992099075,-0.123487961840393,0.003048));
#10858=CARTESIAN_POINT('',(0.124625992099075,-0.123487961840393,0.003048));
#10859=CARTESIAN_POINT('',(0.123625361458808,-0.123487961840393,0.003048));
#10860=CARTESIAN_POINT('',(0.124625992099075,-0.122487331200126,0.003048));
#10861=CARTESIAN_POINT('',(0.124625992099075,-0.122487331200126,0.003048));
#10862=CARTESIAN_POINT('',(0.124625992099075,-0.122487331200126,0.006223));
#10863=CARTESIAN_POINT('',(0.124625992099075,-0.123487961840393,0.006223));
#10864=CARTESIAN_POINT('',(0.123625361458808,-0.123487961840393,0.006223));
#10865=CARTESIAN_POINT('',(0.123625361458808,-0.123487961840393,0.003048));
#10866=CARTESIAN_POINT('',(0.124625992099075,-0.122487331200126,0.003048));
#10867=CARTESIAN_POINT('',(0.128604254573079,-0.122487331200126,0.0046355));
#10868=CARTESIAN_POINT('',(0.128604254573079,-0.122487331200126,0.006223));
#10869=CARTESIAN_POINT('',(0.128604254573079,-0.122487331200126,0.003048));
#10870=CARTESIAN_POINT('',(0.170242,-0.122487331200126,0.006223));
#10871=CARTESIAN_POINT('',(0.124625992099075,-0.122487331200126,0.003048));
#10872=CARTESIAN_POINT('',(0.184201030651849,-0.139507511688675,0.003048));
#10873=CARTESIAN_POINT('',(0.128604254573079,-0.139507511688675,0.0046355));
#10874=CARTESIAN_POINT('',(0.128604254573079,-0.139507511688675,0.003048));
#10875=CARTESIAN_POINT('',(0.128604254573079,-0.139507511688675,0.006223));
#10876=CARTESIAN_POINT('',(0.184201030651849,-0.139507511688675,0.003048));
#10877=CARTESIAN_POINT('',(0.0780673425542307,-0.139507511688675,0.003048));
#10878=CARTESIAN_POINT('',(0.0780673425542307,-0.139507511688675,0.003048));
#10879=CARTESIAN_POINT('',(0.0780673425542307,-0.139507511688675,0.006223));
#10880=CARTESIAN_POINT('',(0.170242,-0.139507511688675,0.006223));
#10881=CARTESIAN_POINT('',(0.0780673425542307,-0.138506881048408,0.003048));
#10882=CARTESIAN_POINT('',(0.0780673425542307,-0.138506881048408,0.003048));
#10883=CARTESIAN_POINT('',(0.0770667119139634,-0.138506881048408,0.003048));
#10884=CARTESIAN_POINT('',(0.0770667119139635,-0.138506881048408,0.003048));
#10885=CARTESIAN_POINT('',(0.0770667119139635,-0.138506881048408,0.006223));
#10886=CARTESIAN_POINT('',(0.0780673425542307,-0.138506881048408,0.006223));
#10887=CARTESIAN_POINT('',(0.0770667119139634,-0.138506881048408,0.003048));
#10888=CARTESIAN_POINT('',(0.0770667119139634,-0.138506881048408,0.003048));
#10889=CARTESIAN_POINT('',(0.0770667119139634,-0.124489223120928,0.003048));
#10890=CARTESIAN_POINT('',(0.0770667119139634,-0.124489223120928,0.003048));
#10891=CARTESIAN_POINT('',(0.0770667119139634,-0.124489223120928,0.006223));
#10892=CARTESIAN_POINT('',(0.0770667119139634,-0.07197,0.006223));
#10893=CARTESIAN_POINT('',(0.0780673425542307,-0.124489223120928,0.003048));
#10894=CARTESIAN_POINT('',(0.0780673425542307,-0.124489223120928,0.003048));
#10895=CARTESIAN_POINT('',(0.0780673425542307,-0.123488592480661,0.003048));
#10896=CARTESIAN_POINT('',(0.0780673425542307,-0.123488592480661,0.003048));
#10897=CARTESIAN_POINT('',(0.0780673425542307,-0.123488592480661,0.006223));
#10898=CARTESIAN_POINT('',(0.0780673425542307,-0.124489223120928,0.006223));
#10899=CARTESIAN_POINT('',(0.0780673425542307,-0.123488592480661,0.003048));
#10900=CARTESIAN_POINT('',(0.0780673425542307,-0.123488592480661,0.003048));
#10901=CARTESIAN_POINT('',(0.0840749102374363,-0.123488592480661,0.003048));
#10902=CARTESIAN_POINT('',(0.0840749102374363,-0.123488592480661,0.003048));
#10903=CARTESIAN_POINT('',(0.0840749102374363,-0.123488592480661,0.006223));
#10904=CARTESIAN_POINT('',(0.170242,-0.123488592480661,0.006223));
#10905=CARTESIAN_POINT('',(0.0840749102374363,-0.124489223120928,0.003048));
#10906=CARTESIAN_POINT('',(0.0840749102374363,-0.124489223120928,0.003048));
#10907=CARTESIAN_POINT('',(0.0850755408777036,-0.124489223120928,0.003048));
#10908=CARTESIAN_POINT('',(0.0850755408777035,-0.124489223120928,0.003048));
#10909=CARTESIAN_POINT('',(0.0850755408777035,-0.124489223120928,0.006223));
#10910=CARTESIAN_POINT('',(0.0840749102374363,-0.124489223120928,0.006223));
#10911=CARTESIAN_POINT('',(0.0850755408777037,-0.124489223120928,0.003048));
#10912=CARTESIAN_POINT('',(0.0850755408777037,-0.124489223120928,0.003048));
#10913=CARTESIAN_POINT('',(0.0850755408777037,-0.136504358487339,0.003048));
#10914=CARTESIAN_POINT('',(0.0850755408777037,-0.136504358487339,0.003048));
#10915=CARTESIAN_POINT('',(0.0850755408777036,-0.136504358487339,0.006223));
#10916=CARTESIAN_POINT('',(0.0850755408777036,-0.07197,0.006223));
#10917=CARTESIAN_POINT('',(0.0850755408777037,-0.136504358487339,0.003048));
#10918=CARTESIAN_POINT('',(0.0850755408777037,-0.136504358487339,0.003048));
#10919=CARTESIAN_POINT('',(0.123625361458808,-0.136504358487339,0.003048));
#10920=CARTESIAN_POINT('',(0.123625361458808,-0.136504358487339,0.003048));
#10921=CARTESIAN_POINT('',(0.123625361458808,-0.136504358487339,0.006223));
#10922=CARTESIAN_POINT('',(0.170242,-0.136504358487339,0.006223));
#10923=CARTESIAN_POINT('',(0.123625361458808,-0.136504358487339,0.003048));
#10924=CARTESIAN_POINT('',(0.123625361458808,-0.136504358487339,0.003048));
#10925=CARTESIAN_POINT('',(0.123625361458808,-0.07197,0.006223));
#10926=CARTESIAN_POINT('',(0.0446562515840261,-0.0792822747770007,0.003048));
#10927=CARTESIAN_POINT('',(0.0446562515840261,-0.0792822747770007,0.003048));
#10928=CARTESIAN_POINT('',(0.0456568822242932,-0.0792822747770007,0.003048));
#10929=CARTESIAN_POINT('',(0.0446562515840261,-0.0802829054172679,0.003048));
#10930=CARTESIAN_POINT('',(0.0446562515840261,-0.0802829054172679,0.003048));
#10931=CARTESIAN_POINT('',(0.0446562515840261,-0.0802829054172679,0.006223));
#10932=CARTESIAN_POINT('',(0.0446562515840261,-0.0792822747770007,0.006223));
#10933=CARTESIAN_POINT('',(0.0456568822242932,-0.0792822747770007,0.006223));
#10934=CARTESIAN_POINT('',(0.0456568822242932,-0.0792822747770007,0.003048));
#10935=CARTESIAN_POINT('',(0.0446562515840261,-0.0802829054172678,0.003048));
#10936=CARTESIAN_POINT('',(0.0446562515840261,-0.0802829054172678,0.003048));
#10937=CARTESIAN_POINT('',(0.0316398568468346,-0.0802829054172678,0.003048));
#10938=CARTESIAN_POINT('',(0.0316398568468346,-0.0802829054172678,0.003048));
#10939=CARTESIAN_POINT('',(0.0316398568468346,-0.0802829054172678,0.006223));
#10940=CARTESIAN_POINT('',(0.170242,-0.0802829054172679,0.006223));
#10941=CARTESIAN_POINT('',(0.0316398568468346,-0.0792822747770007,0.003048));
#10942=CARTESIAN_POINT('',(0.0316398568468346,-0.0792822747770007,0.003048));
#10943=CARTESIAN_POINT('',(0.0306392262065675,-0.0792822747770007,0.003048));
#10944=CARTESIAN_POINT('',(0.0306392262065675,-0.0792822747770007,0.003048));
#10945=CARTESIAN_POINT('',(0.0306392262065675,-0.0792822747770007,0.006223));
#10946=CARTESIAN_POINT('',(0.0316398568468346,-0.0792822747770007,0.006223));
#10947=CARTESIAN_POINT('',(0.0306392262065675,-0.0792822747770007,0.003048));
#10948=CARTESIAN_POINT('',(0.0306392262065675,-0.0792822747770007,0.003048));
#10949=CARTESIAN_POINT('',(0.0306392262065675,-0.0662658781300549,0.003048));
#10950=CARTESIAN_POINT('',(0.0306392262065675,-0.0662658781300549,0.003048));
#10951=CARTESIAN_POINT('',(0.0306392262065675,-0.0662658781300549,0.006223));
#10952=CARTESIAN_POINT('',(0.0306392262065675,-0.07197,0.006223));
#10953=CARTESIAN_POINT('',(0.0316398568468346,-0.0662658781300549,0.003048));
#10954=CARTESIAN_POINT('',(0.0316398568468346,-0.0662658781300549,0.003048));
#10955=CARTESIAN_POINT('',(0.0316398568468346,-0.0652652474897877,0.003048));
#10956=CARTESIAN_POINT('',(0.0316398568468346,-0.0652652474897877,0.003048));
#10957=CARTESIAN_POINT('',(0.0316398568468346,-0.0652652474897877,0.006223));
#10958=CARTESIAN_POINT('',(0.0316398568468346,-0.0662658781300549,0.006223));
#10959=CARTESIAN_POINT('',(0.0316398568468346,-0.0652652474897878,0.003048));
#10960=CARTESIAN_POINT('',(0.0316398568468346,-0.0652652474897878,0.003048));
#10961=CARTESIAN_POINT('',(0.0446562515840261,-0.0652652474897878,0.003048));
#10962=CARTESIAN_POINT('',(0.0446562515840261,-0.0652652474897878,0.003048));
#10963=CARTESIAN_POINT('',(0.0446562515840261,-0.0652652474897878,0.006223));
#10964=CARTESIAN_POINT('',(0.170242,-0.0652652474897877,0.006223));
#10965=CARTESIAN_POINT('',(0.0446562515840261,-0.0662658781300549,0.003048));
#10966=CARTESIAN_POINT('',(0.0446562515840261,-0.0662658781300549,0.003048));
#10967=CARTESIAN_POINT('',(0.0456568822242932,-0.0662658781300549,0.003048));
#10968=CARTESIAN_POINT('',(0.0456568822242933,-0.0662658781300549,0.003048));
#10969=CARTESIAN_POINT('',(0.0456568822242932,-0.0662658781300549,0.006223));
#10970=CARTESIAN_POINT('',(0.0446562515840261,-0.0662658781300549,0.006223));
#10971=CARTESIAN_POINT('',(0.0456568822242932,-0.0662658781300549,0.003048));
#10972=CARTESIAN_POINT('',(0.0456568822242932,-0.0662658781300549,0.003048));
#10973=CARTESIAN_POINT('',(0.0456568822242932,-0.07197,0.006223));
#10974=CARTESIAN_POINT('',(0.0208142196066932,-0.0792822747770007,0.003048));
#10975=CARTESIAN_POINT('',(0.0208142196066932,-0.0792822747770007,0.003048));
#10976=CARTESIAN_POINT('',(0.0218148502469603,-0.0792822747770007,0.003048));
#10977=CARTESIAN_POINT('',(0.0208142196066932,-0.0802829054172679,0.003048));
#10978=CARTESIAN_POINT('',(0.0208142196066932,-0.0802829054172679,0.003048));
#10979=CARTESIAN_POINT('',(0.0208142196066932,-0.0802829054172679,0.006223));
#10980=CARTESIAN_POINT('',(0.0208142196066932,-0.0792822747770007,0.006223));
#10981=CARTESIAN_POINT('',(0.0218148502469603,-0.0792822747770007,0.006223));
#10982=CARTESIAN_POINT('',(0.0218148502469603,-0.0792822747770007,0.003048));
#10983=CARTESIAN_POINT('',(0.0208142196066932,-0.0802829054172678,0.003048));
#10984=CARTESIAN_POINT('',(0.0208142196066932,-0.0802829054172678,0.003048));
#10985=CARTESIAN_POINT('',(0.00779782295974735,-0.0802829054172678,0.003048));
#10986=CARTESIAN_POINT('',(0.00779782295974735,-0.0802829054172678,0.003048));
#10987=CARTESIAN_POINT('',(0.00779782295974735,-0.0802829054172679,0.006223));
#10988=CARTESIAN_POINT('',(0.170242,-0.0802829054172679,0.006223));
#10989=CARTESIAN_POINT('',(0.00779782295974735,-0.0792822747770007,0.003048));
#10990=CARTESIAN_POINT('',(0.00779782295974735,-0.0792822747770007,0.003048));
#10991=CARTESIAN_POINT('',(0.0067971923194802,-0.0792822747770007,0.003048));
#10992=CARTESIAN_POINT('',(0.0067971923194802,-0.0792822747770007,0.003048));
#10993=CARTESIAN_POINT('',(0.0067971923194802,-0.0792822747770007,0.006223));
#10994=CARTESIAN_POINT('',(0.00779782295974735,-0.0792822747770007,0.006223));
#10995=CARTESIAN_POINT('',(0.0067971923194802,-0.0792822747770007,0.003048));
#10996=CARTESIAN_POINT('',(0.0067971923194802,-0.0792822747770007,0.003048));
#10997=CARTESIAN_POINT('',(0.0067971923194802,-0.0662658781300549,0.003048));
#10998=CARTESIAN_POINT('',(0.0067971923194802,-0.0662658781300549,0.003048));
#10999=CARTESIAN_POINT('',(0.0067971923194802,-0.0662658781300549,0.006223));
#11000=CARTESIAN_POINT('',(0.0067971923194802,-0.07197,0.006223));
#11001=CARTESIAN_POINT('',(0.00779782295974735,-0.0662658781300549,0.003048));
#11002=CARTESIAN_POINT('',(0.00779782295974735,-0.0662658781300549,0.003048));
#11003=CARTESIAN_POINT('',(0.00779782295974735,-0.0652652474897877,0.003048));
#11004=CARTESIAN_POINT('',(0.00779782295974735,-0.0652652474897877,0.003048));
#11005=CARTESIAN_POINT('',(0.00779782295974735,-0.0652652474897877,0.006223));
#11006=CARTESIAN_POINT('',(0.00779782295974735,-0.0662658781300549,0.006223));
#11007=CARTESIAN_POINT('',(0.00779782295974735,-0.0652652474897878,0.003048));
#11008=CARTESIAN_POINT('',(0.00779782295974735,-0.0652652474897878,0.003048));
#11009=CARTESIAN_POINT('',(0.0208142196066932,-0.0652652474897878,0.003048));
#11010=CARTESIAN_POINT('',(0.0208142196066932,-0.0652652474897878,0.003048));
#11011=CARTESIAN_POINT('',(0.0208142196066932,-0.0652652474897878,0.006223));
#11012=CARTESIAN_POINT('',(0.170242,-0.0652652474897877,0.006223));
#11013=CARTESIAN_POINT('',(0.0208142196066932,-0.0662658781300549,0.003048));
#11014=CARTESIAN_POINT('',(0.0208142196066932,-0.0662658781300549,0.003048));
#11015=CARTESIAN_POINT('',(0.0218148502469603,-0.0662658781300549,0.003048));
#11016=CARTESIAN_POINT('',(0.0218148502469603,-0.0662658781300549,0.003048));
#11017=CARTESIAN_POINT('',(0.0218148502469603,-0.0662658781300549,0.006223));
#11018=CARTESIAN_POINT('',(0.0208142196066932,-0.0662658781300549,0.006223));
#11019=CARTESIAN_POINT('',(0.0218148502469603,-0.0662658781300549,0.003048));
#11020=CARTESIAN_POINT('',(0.0218148502469603,-0.0662658781300549,0.003048));
#11021=CARTESIAN_POINT('',(0.0218148502469603,-0.07197,0.006223));
#11022=CARTESIAN_POINT('',(0.0780363052267861,-0.023348815469104,0.003048));
#11023=CARTESIAN_POINT('',(0.0780363052267861,-0.023348815469104,0.003048));
#11024=CARTESIAN_POINT('',(0.0780363052267861,-0.0223481848288368,0.003048));
#11025=CARTESIAN_POINT('',(0.0790369358670532,-0.023348815469104,0.003048));
#11026=CARTESIAN_POINT('',(0.0790369358670532,-0.023348815469104,0.003048));
#11027=CARTESIAN_POINT('',(0.0790369358670532,-0.023348815469104,0.006223));
#11028=CARTESIAN_POINT('',(0.0780363052267861,-0.023348815469104,0.006223));
#11029=CARTESIAN_POINT('',(0.0780363052267861,-0.0223481848288368,0.006223));
#11030=CARTESIAN_POINT('',(0.0780363052267861,-0.0223481848288368,0.003048));
#11031=CARTESIAN_POINT('',(0.0790369358670532,-0.023348815469104,0.003048));
#11032=CARTESIAN_POINT('',(0.0790369358670532,-0.023348815469104,0.003048));
#11033=CARTESIAN_POINT('',(0.0790369358670532,-0.0363652116386114,0.003048));
#11034=CARTESIAN_POINT('',(0.0790369358670532,-0.0363652116386114,0.003048));
#11035=CARTESIAN_POINT('',(0.0790369358670532,-0.0363652116386114,0.006223));
#11036=CARTESIAN_POINT('',(0.0790369358670532,-0.07197,0.006223));
#11037=CARTESIAN_POINT('',(0.0780363052267861,-0.0363652116386114,0.003048));
#11038=CARTESIAN_POINT('',(0.0780363052267861,-0.0363652116386114,0.003048));
#11039=CARTESIAN_POINT('',(0.0780363052267861,-0.0373658422788785,0.003048));
#11040=CARTESIAN_POINT('',(0.0780363052267861,-0.0373658422788785,0.003048));
#11041=CARTESIAN_POINT('',(0.0780363052267861,-0.0373658422788785,0.006223));
#11042=CARTESIAN_POINT('',(0.0780363052267861,-0.0363652116386114,0.006223));
#11043=CARTESIAN_POINT('',(0.0780363052267861,-0.0373658422788785,0.003048));
#11044=CARTESIAN_POINT('',(0.0780363052267861,-0.0373658422788785,0.003048));
#11045=CARTESIAN_POINT('',(0.0650199085798402,-0.0373658422788785,0.003048));
#11046=CARTESIAN_POINT('',(0.0650199085798402,-0.0373658422788785,0.003048));
#11047=CARTESIAN_POINT('',(0.0650199085798402,-0.0373658422788785,0.006223));
#11048=CARTESIAN_POINT('',(0.170242,-0.0373658422788785,0.006223));
#11049=CARTESIAN_POINT('',(0.0650199085798402,-0.0363652116386114,0.003048));
#11050=CARTESIAN_POINT('',(0.0650199085798402,-0.0363652116386114,0.003048));
#11051=CARTESIAN_POINT('',(0.0640192779395731,-0.0363652116386114,0.003048));
#11052=CARTESIAN_POINT('',(0.0640192779395731,-0.0363652116386114,0.003048));
#11053=CARTESIAN_POINT('',(0.0640192779395731,-0.0363652116386114,0.006223));
#11054=CARTESIAN_POINT('',(0.0650199085798402,-0.0363652116386114,0.006223));
#11055=CARTESIAN_POINT('',(0.0640192779395731,-0.0363652116386114,0.003048));
#11056=CARTESIAN_POINT('',(0.0640192779395731,-0.0363652116386114,0.003048));
#11057=CARTESIAN_POINT('',(0.0640192779395731,-0.023348815469104,0.003048));
#11058=CARTESIAN_POINT('',(0.0640192779395731,-0.023348815469104,0.003048));
#11059=CARTESIAN_POINT('',(0.0640192779395731,-0.023348815469104,0.006223));
#11060=CARTESIAN_POINT('',(0.0640192779395731,-0.07197,0.006223));
#11061=CARTESIAN_POINT('',(0.0650199085798402,-0.023348815469104,0.003048));
#11062=CARTESIAN_POINT('',(0.0650199085798402,-0.023348815469104,0.003048));
#11063=CARTESIAN_POINT('',(0.0650199085798402,-0.0223481848288368,0.003048));
#11064=CARTESIAN_POINT('',(0.0650199085798402,-0.0223481848288368,0.003048));
#11065=CARTESIAN_POINT('',(0.0650199085798402,-0.0223481848288368,0.006223));
#11066=CARTESIAN_POINT('',(0.0650199085798402,-0.023348815469104,0.006223));
#11067=CARTESIAN_POINT('',(0.0650199085798402,-0.0223481848288368,0.003048));
#11068=CARTESIAN_POINT('',(0.0650199085798402,-0.0223481848288368,0.003048));
#11069=CARTESIAN_POINT('',(0.170242,-0.0223481848288368,0.006223));
#11070=CARTESIAN_POINT('',(0.0494252595521082,-0.098356305226786,0.003048));
#11071=CARTESIAN_POINT('',(0.0494252595521082,-0.098356305226786,0.003048));
#11072=CARTESIAN_POINT('',(0.0504258901923753,-0.0983563052267861,0.003048));
#11073=CARTESIAN_POINT('',(0.0494252595521082,-0.0993569358670532,0.003048));
#11074=CARTESIAN_POINT('',(0.0494252595521082,-0.0993569358670532,0.003048));
#11075=CARTESIAN_POINT('',(0.0494252595521082,-0.0993569358670532,0.006223));
#11076=CARTESIAN_POINT('',(0.0494252595521082,-0.098356305226786,0.006223));
#11077=CARTESIAN_POINT('',(0.0504258901923753,-0.0983563052267861,0.006223));
#11078=CARTESIAN_POINT('',(0.0504258901923753,-0.0983563052267861,0.003048));
#11079=CARTESIAN_POINT('',(0.0494252595521082,-0.0993569358670532,0.003048));
#11080=CARTESIAN_POINT('',(0.0494252595521082,-0.0993569358670532,0.003048));
#11081=CARTESIAN_POINT('',(0.0364088629051623,-0.0993569358670532,0.003048));
#11082=CARTESIAN_POINT('',(0.0364088629051623,-0.0993569358670532,0.003048));
#11083=CARTESIAN_POINT('',(0.0364088629051623,-0.0993569358670532,0.006223));
#11084=CARTESIAN_POINT('',(0.170242,-0.0993569358670532,0.006223));
#11085=CARTESIAN_POINT('',(0.0364088629051623,-0.098356305226786,0.003048));
#11086=CARTESIAN_POINT('',(0.0364088629051623,-0.098356305226786,0.003048));
#11087=CARTESIAN_POINT('',(0.0354082322648952,-0.098356305226786,0.003048));
#11088=CARTESIAN_POINT('',(0.0354082322648952,-0.0983563052267861,0.003048));
#11089=CARTESIAN_POINT('',(0.0354082322648952,-0.098356305226786,0.006223));
#11090=CARTESIAN_POINT('',(0.0364088629051623,-0.098356305226786,0.006223));
#11091=CARTESIAN_POINT('',(0.0354082322648952,-0.098356305226786,0.003048));
#11092=CARTESIAN_POINT('',(0.0354082322648952,-0.098356305226786,0.003048));
#11093=CARTESIAN_POINT('',(0.0354082322648952,-0.0853399085798402,0.003048));
#11094=CARTESIAN_POINT('',(0.0354082322648952,-0.0853399085798402,0.003048));
#11095=CARTESIAN_POINT('',(0.0354082322648952,-0.0853399085798402,0.006223));
#11096=CARTESIAN_POINT('',(0.0354082322648952,-0.07197,0.006223));
#11097=CARTESIAN_POINT('',(0.0364088629051623,-0.0853399085798402,0.003048));
#11098=CARTESIAN_POINT('',(0.0364088629051623,-0.0853399085798402,0.003048));
#11099=CARTESIAN_POINT('',(0.0364088629051623,-0.0843392779395731,0.003048));
#11100=CARTESIAN_POINT('',(0.0364088629051623,-0.0843392779395731,0.003048));
#11101=CARTESIAN_POINT('',(0.0364088629051623,-0.0843392779395731,0.006223));
#11102=CARTESIAN_POINT('',(0.0364088629051623,-0.0853399085798402,0.006223));
#11103=CARTESIAN_POINT('',(0.0364088629051623,-0.0843392779395731,0.003048));
#11104=CARTESIAN_POINT('',(0.0364088629051623,-0.0843392779395731,0.003048));
#11105=CARTESIAN_POINT('',(0.0494252595521082,-0.0843392779395731,0.003048));
#11106=CARTESIAN_POINT('',(0.0494252595521082,-0.0843392779395731,0.003048));
#11107=CARTESIAN_POINT('',(0.0494252595521082,-0.0843392779395731,0.006223));
#11108=CARTESIAN_POINT('',(0.170242,-0.0843392779395731,0.006223));
#11109=CARTESIAN_POINT('',(0.0494252595521082,-0.0853399085798402,0.003048));
#11110=CARTESIAN_POINT('',(0.0494252595521082,-0.0853399085798402,0.003048));
#11111=CARTESIAN_POINT('',(0.0504258901923753,-0.0853399085798402,0.003048));
#11112=CARTESIAN_POINT('',(0.0504258901923753,-0.0853399085798402,0.003048));
#11113=CARTESIAN_POINT('',(0.0504258901923753,-0.0853399085798402,0.006223));
#11114=CARTESIAN_POINT('',(0.0494252595521082,-0.0853399085798402,0.006223));
#11115=CARTESIAN_POINT('',(0.0504258901923753,-0.0853399085798402,0.003048));
#11116=CARTESIAN_POINT('',(0.0504258901923753,-0.0853399085798402,0.003048));
#11117=CARTESIAN_POINT('',(0.0504258901923753,-0.07197,0.006223));
#11118=CARTESIAN_POINT('',(0.127009991907972,-0.0363652116386114,0.003048));
#11119=CARTESIAN_POINT('',(0.127009991907972,-0.0363652116386114,0.003048));
#11120=CARTESIAN_POINT('',(0.127009991907972,-0.0373658422788785,0.003048));
#11121=CARTESIAN_POINT('',(0.126009361267705,-0.0363652116386114,0.003048));
#11122=CARTESIAN_POINT('',(0.126009361267705,-0.0363652116386114,0.003048));
#11123=CARTESIAN_POINT('',(0.126009361267705,-0.0363652116386114,0.006223));
#11124=CARTESIAN_POINT('',(0.127009991907972,-0.0363652116386114,0.006223));
#11125=CARTESIAN_POINT('',(0.127009991907972,-0.0373658422788785,0.006223));
#11126=CARTESIAN_POINT('',(0.127009991907972,-0.0373658422788785,0.003048));
#11127=CARTESIAN_POINT('',(0.126009361267705,-0.0363652116386114,0.003048));
#11128=CARTESIAN_POINT('',(0.126009361267705,-0.0363652116386114,0.003048));
#11129=CARTESIAN_POINT('',(0.126009361267705,-0.023348815469104,0.003048));
#11130=CARTESIAN_POINT('',(0.126009361267705,-0.023348815469104,0.003048));
#11131=CARTESIAN_POINT('',(0.126009361267705,-0.023348815469104,0.006223));
#11132=CARTESIAN_POINT('',(0.126009361267705,-0.07197,0.006223));
#11133=CARTESIAN_POINT('',(0.127009991907972,-0.023348815469104,0.003048));
#11134=CARTESIAN_POINT('',(0.127009991907972,-0.023348815469104,0.003048));
#11135=CARTESIAN_POINT('',(0.127009991907972,-0.0223481848288368,0.003048));
#11136=CARTESIAN_POINT('',(0.127009991907972,-0.0223481848288368,0.003048));
#11137=CARTESIAN_POINT('',(0.127009991907972,-0.0223481848288368,0.006223));
#11138=CARTESIAN_POINT('',(0.127009991907972,-0.023348815469104,0.006223));
#11139=CARTESIAN_POINT('',(0.12095236574415,-0.0363652116386114,0.003048));
#11140=CARTESIAN_POINT('',(0.12095236574415,-0.0363652116386114,0.003048));
#11141=CARTESIAN_POINT('',(0.121952996384417,-0.0363652116386114,0.003048));
#11142=CARTESIAN_POINT('',(0.12095236574415,-0.0373658422788785,0.003048));
#11143=CARTESIAN_POINT('',(0.12095236574415,-0.0373658422788785,0.003048));
#11144=CARTESIAN_POINT('',(0.12095236574415,-0.0373658422788785,0.006223));
#11145=CARTESIAN_POINT('',(0.12095236574415,-0.0363652116386114,0.006223));
#11146=CARTESIAN_POINT('',(0.121952996384417,-0.0363652116386114,0.006223));
#11147=CARTESIAN_POINT('',(0.121952996384417,-0.0363652116386114,0.003048));
#11148=CARTESIAN_POINT('',(0.12095236574415,-0.0373658422788785,0.003048));
#11149=CARTESIAN_POINT('',(0.12095236574415,-0.0373658422788785,0.003048));
#11150=CARTESIAN_POINT('',(0.107935969097204,-0.0373658422788785,0.003048));
#11151=CARTESIAN_POINT('',(0.107935969097204,-0.0373658422788785,0.003048));
#11152=CARTESIAN_POINT('',(0.107935969097204,-0.0373658422788785,0.006223));
#11153=CARTESIAN_POINT('',(0.170242,-0.0373658422788785,0.006223));
#11154=CARTESIAN_POINT('',(0.107935969097204,-0.0363652116386114,0.003048));
#11155=CARTESIAN_POINT('',(0.107935969097204,-0.0363652116386114,0.003048));
#11156=CARTESIAN_POINT('',(0.106935338456937,-0.0363652116386114,0.003048));
#11157=CARTESIAN_POINT('',(0.106935338456937,-0.0363652116386114,0.003048));
#11158=CARTESIAN_POINT('',(0.106935338456937,-0.0363652116386114,0.006223));
#11159=CARTESIAN_POINT('',(0.107935969097204,-0.0363652116386114,0.006223));
#11160=CARTESIAN_POINT('',(0.106935338456937,-0.0363652116386114,0.003048));
#11161=CARTESIAN_POINT('',(0.106935338456937,-0.0363652116386114,0.003048));
#11162=CARTESIAN_POINT('',(0.106935338456937,-0.023348815469104,0.003048));
#11163=CARTESIAN_POINT('',(0.106935338456937,-0.023348815469104,0.003048));
#11164=CARTESIAN_POINT('',(0.106935338456937,-0.023348815469104,0.006223));
#11165=CARTESIAN_POINT('',(0.106935338456937,-0.07197,0.006223));
#11166=CARTESIAN_POINT('',(0.107935969097204,-0.023348815469104,0.003048));
#11167=CARTESIAN_POINT('',(0.107935969097204,-0.023348815469104,0.003048));
#11168=CARTESIAN_POINT('',(0.107935969097204,-0.0223481848288368,0.003048));
#11169=CARTESIAN_POINT('',(0.107935969097204,-0.0223481848288368,0.003048));
#11170=CARTESIAN_POINT('',(0.107935969097204,-0.0223481848288368,0.006223));
#11171=CARTESIAN_POINT('',(0.107935969097204,-0.023348815469104,0.006223));
#11172=CARTESIAN_POINT('',(0.107935969097204,-0.0223481848288368,0.003048));
#11173=CARTESIAN_POINT('',(0.107935969097204,-0.0223481848288368,0.003048));
#11174=CARTESIAN_POINT('',(0.12095236574415,-0.0223481848288368,0.003048));
#11175=CARTESIAN_POINT('',(0.12095236574415,-0.0223481848288368,0.003048));
#11176=CARTESIAN_POINT('',(0.12095236574415,-0.0223481848288368,0.006223));
#11177=CARTESIAN_POINT('',(0.170242,-0.0223481848288368,0.006223));
#11178=CARTESIAN_POINT('',(0.12095236574415,-0.023348815469104,0.003048));
#11179=CARTESIAN_POINT('',(0.12095236574415,-0.023348815469104,0.003048));
#11180=CARTESIAN_POINT('',(0.121952996384417,-0.023348815469104,0.003048));
#11181=CARTESIAN_POINT('',(0.121952996384417,-0.023348815469104,0.003048));
#11182=CARTESIAN_POINT('',(0.121952996384417,-0.023348815469104,0.006223));
#11183=CARTESIAN_POINT('',(0.12095236574415,-0.023348815469104,0.006223));
#11184=CARTESIAN_POINT('',(0.121952996384417,-0.023348815469104,0.003048));
#11185=CARTESIAN_POINT('',(0.121952996384417,-0.023348815469104,0.003048));
#11186=CARTESIAN_POINT('',(0.121952996384417,-0.07197,0.006223));
#11187=CARTESIAN_POINT('',(0.0398882481467242,-0.023348815469104,0.003048));
#11188=CARTESIAN_POINT('',(0.0398882481467242,-0.023348815469104,0.003048));
#11189=CARTESIAN_POINT('',(0.0398882481467242,-0.0223481848288368,0.003048));
#11190=CARTESIAN_POINT('',(0.0408888787869912,-0.023348815469104,0.003048));
#11191=CARTESIAN_POINT('',(0.0408888787869913,-0.023348815469104,0.003048));
#11192=CARTESIAN_POINT('',(0.0408888787869913,-0.023348815469104,0.006223));
#11193=CARTESIAN_POINT('',(0.0398882481467242,-0.023348815469104,0.006223));
#11194=CARTESIAN_POINT('',(0.0398882481467242,-0.0223481848288368,0.006223));
#11195=CARTESIAN_POINT('',(0.0398882481467242,-0.0223481848288368,0.003048));
#11196=CARTESIAN_POINT('',(0.0408888787869912,-0.023348815469104,0.003048));
#11197=CARTESIAN_POINT('',(0.0408888787869912,-0.023348815469104,0.003048));
#11198=CARTESIAN_POINT('',(0.0408888787869912,-0.0363652116386114,0.003048));
#11199=CARTESIAN_POINT('',(0.0408888787869912,-0.0363652116386114,0.003048));
#11200=CARTESIAN_POINT('',(0.0408888787869912,-0.0363652116386114,0.006223));
#11201=CARTESIAN_POINT('',(0.0408888787869913,-0.07197,0.006223));
#11202=CARTESIAN_POINT('',(0.0398882481467242,-0.0363652116386114,0.003048));
#11203=CARTESIAN_POINT('',(0.0398882481467242,-0.0363652116386114,0.003048));
#11204=CARTESIAN_POINT('',(0.0398882481467242,-0.0373658422788785,0.003048));
#11205=CARTESIAN_POINT('',(0.0398882481467242,-0.0373658422788785,0.003048));
#11206=CARTESIAN_POINT('',(0.0398882481467242,-0.0373658422788785,0.006223));
#11207=CARTESIAN_POINT('',(0.0398882481467242,-0.0363652116386114,0.006223));
#11208=CARTESIAN_POINT('',(0.0398882481467242,-0.0373658422788785,0.003048));
#11209=CARTESIAN_POINT('',(0.0398882481467242,-0.0373658422788785,0.003048));
#11210=CARTESIAN_POINT('',(0.0268718495900239,-0.0373658422788785,0.003048));
#11211=CARTESIAN_POINT('',(0.0268718495900239,-0.0373658422788785,0.003048));
#11212=CARTESIAN_POINT('',(0.0268718495900239,-0.0373658422788785,0.006223));
#11213=CARTESIAN_POINT('',(0.170242,-0.0373658422788785,0.006223));
#11214=CARTESIAN_POINT('',(0.0268718495900239,-0.0363652116386114,0.003048));
#11215=CARTESIAN_POINT('',(0.0268718495900239,-0.0363652116386114,0.003048));
#11216=CARTESIAN_POINT('',(0.0258712189497568,-0.0363652116386114,0.003048));
#11217=CARTESIAN_POINT('',(0.0258712189497568,-0.0363652116386114,0.003048));
#11218=CARTESIAN_POINT('',(0.0258712189497568,-0.0363652116386114,0.006223));
#11219=CARTESIAN_POINT('',(0.0268718495900239,-0.0363652116386114,0.006223));
#11220=CARTESIAN_POINT('',(0.0258712189497568,-0.0363652116386114,0.003048));
#11221=CARTESIAN_POINT('',(0.0258712189497568,-0.0363652116386114,0.003048));
#11222=CARTESIAN_POINT('',(0.0258712189497568,-0.023348815469104,0.003048));
#11223=CARTESIAN_POINT('',(0.0258712189497568,-0.023348815469104,0.003048));
#11224=CARTESIAN_POINT('',(0.0258712189497568,-0.023348815469104,0.006223));
#11225=CARTESIAN_POINT('',(0.0258712189497568,-0.07197,0.006223));
#11226=CARTESIAN_POINT('',(0.0268718495900239,-0.023348815469104,0.003048));
#11227=CARTESIAN_POINT('',(0.0268718495900239,-0.023348815469104,0.003048));
#11228=CARTESIAN_POINT('',(0.0268718495900239,-0.0223481848288368,0.003048));
#11229=CARTESIAN_POINT('',(0.0268718495900239,-0.0223481848288368,0.003048));
#11230=CARTESIAN_POINT('',(0.0268718495900239,-0.0223481848288368,0.006223));
#11231=CARTESIAN_POINT('',(0.0268718495900239,-0.023348815469104,0.006223));
#11232=CARTESIAN_POINT('',(0.0268718495900239,-0.0223481848288368,0.003048));
#11233=CARTESIAN_POINT('',(0.0268718495900239,-0.0223481848288368,0.003048));
#11234=CARTESIAN_POINT('',(0.170242,-0.0223481848288368,0.006223));
#11235=CARTESIAN_POINT('',(0.0971103280375541,-0.0363652116386114,0.003048));
#11236=CARTESIAN_POINT('',(0.0971103280375541,-0.0363652116386114,0.003048));
#11237=CARTESIAN_POINT('',(0.0981109586778213,-0.0363652116386114,0.003048));
#11238=CARTESIAN_POINT('',(0.0971103280375541,-0.0373658422788785,0.003048));
#11239=CARTESIAN_POINT('',(0.0971103280375542,-0.0373658422788785,0.003048));
#11240=CARTESIAN_POINT('',(0.0971103280375541,-0.0373658422788785,0.006223));
#11241=CARTESIAN_POINT('',(0.0971103280375541,-0.0363652116386114,0.006223));
#11242=CARTESIAN_POINT('',(0.0981109586778213,-0.0363652116386114,0.006223));
#11243=CARTESIAN_POINT('',(0.0981109586778213,-0.0363652116386114,0.003048));
#11244=CARTESIAN_POINT('',(0.0971103280375541,-0.0373658422788785,0.003048));
#11245=CARTESIAN_POINT('',(0.0971103280375541,-0.0373658422788785,0.003048));
#11246=CARTESIAN_POINT('',(0.0840939313906082,-0.0373658422788785,0.003048));
#11247=CARTESIAN_POINT('',(0.0840939313906083,-0.0373658422788785,0.003048));
#11248=CARTESIAN_POINT('',(0.0840939313906082,-0.0373658422788785,0.006223));
#11249=CARTESIAN_POINT('',(0.170242,-0.0373658422788785,0.006223));
#11250=CARTESIAN_POINT('',(0.084093931390608,-0.0363652116386114,0.003048));
#11251=CARTESIAN_POINT('',(0.084093931390608,-0.0363652116386114,0.003048));
#11252=CARTESIAN_POINT('',(0.0830933007503409,-0.0363652116386114,0.003048));
#11253=CARTESIAN_POINT('',(0.0830933007503409,-0.0363652116386114,0.003048));
#11254=CARTESIAN_POINT('',(0.0830933007503409,-0.0363652116386114,0.006223));
#11255=CARTESIAN_POINT('',(0.084093931390608,-0.0363652116386114,0.006223));
#11256=CARTESIAN_POINT('',(0.083093300750341,-0.0363652116386114,0.003048));
#11257=CARTESIAN_POINT('',(0.083093300750341,-0.0363652116386114,0.003048));
#11258=CARTESIAN_POINT('',(0.083093300750341,-0.023348815469104,0.003048));
#11259=CARTESIAN_POINT('',(0.083093300750341,-0.023348815469104,0.003048));
#11260=CARTESIAN_POINT('',(0.0830933007503409,-0.023348815469104,0.006223));
#11261=CARTESIAN_POINT('',(0.0830933007503409,-0.07197,0.006223));
#11262=CARTESIAN_POINT('',(0.084093931390608,-0.023348815469104,0.003048));
#11263=CARTESIAN_POINT('',(0.084093931390608,-0.023348815469104,0.003048));
#11264=CARTESIAN_POINT('',(0.084093931390608,-0.0223481848288368,0.003048));
#11265=CARTESIAN_POINT('',(0.084093931390608,-0.0223481848288368,0.003048));
#11266=CARTESIAN_POINT('',(0.084093931390608,-0.0223481848288368,0.006223));
#11267=CARTESIAN_POINT('',(0.084093931390608,-0.023348815469104,0.006223));
#11268=CARTESIAN_POINT('',(0.084093931390608,-0.0223481848288368,0.003048));
#11269=CARTESIAN_POINT('',(0.084093931390608,-0.0223481848288368,0.003048));
#11270=CARTESIAN_POINT('',(0.097110328037554,-0.0223481848288368,0.003048));
#11271=CARTESIAN_POINT('',(0.0971103280375539,-0.0223481848288368,0.003048));
#11272=CARTESIAN_POINT('',(0.097110328037554,-0.0223481848288368,0.006223));
#11273=CARTESIAN_POINT('',(0.170242,-0.0223481848288368,0.006223));
#11274=CARTESIAN_POINT('',(0.0971103280375541,-0.023348815469104,0.003048));
#11275=CARTESIAN_POINT('',(0.0971103280375541,-0.023348815469104,0.003048));
#11276=CARTESIAN_POINT('',(0.0981109586778213,-0.023348815469104,0.003048));
#11277=CARTESIAN_POINT('',(0.0981109586778213,-0.023348815469104,0.003048));
#11278=CARTESIAN_POINT('',(0.0981109586778213,-0.023348815469104,0.006223));
#11279=CARTESIAN_POINT('',(0.0971103280375541,-0.023348815469104,0.006223));
#11280=CARTESIAN_POINT('',(0.0981109586778213,-0.023348815469104,0.003048));
#11281=CARTESIAN_POINT('',(0.0981109586778213,-0.023348815469104,0.003048));
#11282=CARTESIAN_POINT('',(0.0981109586778213,-0.07197,0.006223));
#11283=CARTESIAN_POINT('',(0.0160452116386113,-0.0602082481467241,0.003048));
#11284=CARTESIAN_POINT('',(0.0160452116386113,-0.0602082481467241,0.003048));
#11285=CARTESIAN_POINT('',(0.0170458422788784,-0.0602082481467241,0.003048));
#11286=CARTESIAN_POINT('',(0.0160452116386113,-0.0612088787869913,0.003048));
#11287=CARTESIAN_POINT('',(0.0160452116386113,-0.0612088787869913,0.003048));
#11288=CARTESIAN_POINT('',(0.0160452116386113,-0.0612088787869913,0.006223));
#11289=CARTESIAN_POINT('',(0.0160452116386113,-0.0602082481467241,0.006223));
#11290=CARTESIAN_POINT('',(0.0170458422788784,-0.0602082481467241,0.006223));
#11291=CARTESIAN_POINT('',(0.0170458422788784,-0.0602082481467241,0.003048));
#11292=CARTESIAN_POINT('',(0.0160452116386113,-0.0612088787869912,0.003048));
#11293=CARTESIAN_POINT('',(0.0160452116386113,-0.0612088787869912,0.003048));
#11294=CARTESIAN_POINT('',(0.00302881546910396,-0.0612088787869912,0.003048));
#11295=CARTESIAN_POINT('',(0.00302881546910396,-0.0612088787869912,0.003048));
#11296=CARTESIAN_POINT('',(0.00302881546910396,-0.0612088787869912,0.006223));
#11297=CARTESIAN_POINT('',(0.170242,-0.0612088787869913,0.006223));
#11298=CARTESIAN_POINT('',(0.00302881546910396,-0.0602082481467241,0.003048));
#11299=CARTESIAN_POINT('',(0.00302881546910396,-0.0602082481467241,0.003048));
#11300=CARTESIAN_POINT('',(0.00202818482883681,-0.0602082481467241,0.003048));
#11301=CARTESIAN_POINT('',(0.00202818482883681,-0.0602082481467241,0.003048));
#11302=CARTESIAN_POINT('',(0.00202818482883681,-0.0602082481467241,0.006223));
#11303=CARTESIAN_POINT('',(0.00302881546910396,-0.0602082481467241,0.006223));
#11304=CARTESIAN_POINT('',(0.00202818482883681,-0.0602082481467241,0.003048));
#11305=CARTESIAN_POINT('',(0.00202818482883681,-0.0602082481467241,0.003048));
#11306=CARTESIAN_POINT('',(0.00202818482883681,-0.0471918495900239,0.003048));
#11307=CARTESIAN_POINT('',(0.00202818482883681,-0.0471918495900239,0.003048));
#11308=CARTESIAN_POINT('',(0.00202818482883682,-0.0471918495900239,0.006223));
#11309=CARTESIAN_POINT('',(0.00202818482883682,-0.07197,0.006223));
#11310=CARTESIAN_POINT('',(0.00302881546910396,-0.0471918495900239,0.003048));
#11311=CARTESIAN_POINT('',(0.00302881546910396,-0.0471918495900239,0.003048));
#11312=CARTESIAN_POINT('',(0.00302881546910396,-0.0461912189497568,0.003048));
#11313=CARTESIAN_POINT('',(0.00302881546910396,-0.0461912189497568,0.003048));
#11314=CARTESIAN_POINT('',(0.00302881546910396,-0.0461912189497568,0.006223));
#11315=CARTESIAN_POINT('',(0.00302881546910396,-0.0471918495900239,0.006223));
#11316=CARTESIAN_POINT('',(0.00302881546910396,-0.0461912189497568,0.003048));
#11317=CARTESIAN_POINT('',(0.00302881546910396,-0.0461912189497568,0.003048));
#11318=CARTESIAN_POINT('',(0.0160452116386113,-0.0461912189497568,0.003048));
#11319=CARTESIAN_POINT('',(0.0160452116386113,-0.0461912189497568,0.003048));
#11320=CARTESIAN_POINT('',(0.0160452116386113,-0.0461912189497568,0.006223));
#11321=CARTESIAN_POINT('',(0.170242,-0.0461912189497568,0.006223));
#11322=CARTESIAN_POINT('',(0.0160452116386113,-0.0471918495900239,0.003048));
#11323=CARTESIAN_POINT('',(0.0160452116386113,-0.0471918495900239,0.003048));
#11324=CARTESIAN_POINT('',(0.0170458422788784,-0.0471918495900239,0.003048));
#11325=CARTESIAN_POINT('',(0.0170458422788784,-0.0471918495900239,0.003048));
#11326=CARTESIAN_POINT('',(0.0170458422788784,-0.0471918495900239,0.006223));
#11327=CARTESIAN_POINT('',(0.0160452116386113,-0.0471918495900239,0.006223));
#11328=CARTESIAN_POINT('',(0.0170458422788784,-0.0471918495900239,0.003048));
#11329=CARTESIAN_POINT('',(0.0170458422788784,-0.0471918495900239,0.003048));
#11330=CARTESIAN_POINT('',(0.0170458422788784,-0.07197,0.006223));
#11331=CARTESIAN_POINT('',(0.0637302820338114,-0.0792822747770007,0.003048));
#11332=CARTESIAN_POINT('',(0.0637302820338114,-0.0792822747770007,0.003048));
#11333=CARTESIAN_POINT('',(0.0647309126740785,-0.0792822747770007,0.003048));
#11334=CARTESIAN_POINT('',(0.0637302820338114,-0.0802829054172679,0.003048));
#11335=CARTESIAN_POINT('',(0.0637302820338114,-0.0802829054172679,0.003048));
#11336=CARTESIAN_POINT('',(0.0637302820338114,-0.0802829054172679,0.006223));
#11337=CARTESIAN_POINT('',(0.0637302820338114,-0.0792822747770007,0.006223));
#11338=CARTESIAN_POINT('',(0.0647309126740786,-0.0792822747770007,0.006223));
#11339=CARTESIAN_POINT('',(0.0647309126740785,-0.0792822747770007,0.003048));
#11340=CARTESIAN_POINT('',(0.0637302820338114,-0.0802829054172678,0.003048));
#11341=CARTESIAN_POINT('',(0.0637302820338114,-0.0802829054172678,0.003048));
#11342=CARTESIAN_POINT('',(0.0507138853868656,-0.0802829054172678,0.003048));
#11343=CARTESIAN_POINT('',(0.0507138853868656,-0.0802829054172678,0.003048));
#11344=CARTESIAN_POINT('',(0.0507138853868656,-0.0802829054172678,0.006223));
#11345=CARTESIAN_POINT('',(0.170242,-0.0802829054172679,0.006223));
#11346=CARTESIAN_POINT('',(0.0507138853868656,-0.0792822747770007,0.003048));
#11347=CARTESIAN_POINT('',(0.0507138853868656,-0.0792822747770007,0.003048));
#11348=CARTESIAN_POINT('',(0.0497132547465985,-0.0792822747770007,0.003048));
#11349=CARTESIAN_POINT('',(0.0497132547465984,-0.0792822747770007,0.003048));
#11350=CARTESIAN_POINT('',(0.0497132547465985,-0.0792822747770007,0.006223));
#11351=CARTESIAN_POINT('',(0.0507138853868656,-0.0792822747770007,0.006223));
#11352=CARTESIAN_POINT('',(0.0497132547465985,-0.0792822747770007,0.003048));
#11353=CARTESIAN_POINT('',(0.0497132547465985,-0.0792822747770007,0.003048));
#11354=CARTESIAN_POINT('',(0.0497132547465985,-0.0662658781300549,0.003048));
#11355=CARTESIAN_POINT('',(0.0497132547465985,-0.0662658781300549,0.003048));
#11356=CARTESIAN_POINT('',(0.0497132547465985,-0.0662658781300549,0.006223));
#11357=CARTESIAN_POINT('',(0.0497132547465985,-0.07197,0.006223));
#11358=CARTESIAN_POINT('',(0.0507138853868656,-0.0662658781300549,0.003048));
#11359=CARTESIAN_POINT('',(0.0507138853868656,-0.0662658781300549,0.003048));
#11360=CARTESIAN_POINT('',(0.0507138853868656,-0.0652652474897877,0.003048));
#11361=CARTESIAN_POINT('',(0.0507138853868656,-0.0652652474897877,0.003048));
#11362=CARTESIAN_POINT('',(0.0507138853868656,-0.0652652474897877,0.006223));
#11363=CARTESIAN_POINT('',(0.0507138853868656,-0.0662658781300549,0.006223));
#11364=CARTESIAN_POINT('',(0.0507138853868656,-0.0652652474897878,0.003048));
#11365=CARTESIAN_POINT('',(0.0507138853868656,-0.0652652474897878,0.003048));
#11366=CARTESIAN_POINT('',(0.0637302820338115,-0.0652652474897878,0.003048));
#11367=CARTESIAN_POINT('',(0.0637302820338115,-0.0652652474897878,0.003048));
#11368=CARTESIAN_POINT('',(0.0637302820338115,-0.0652652474897878,0.006223));
#11369=CARTESIAN_POINT('',(0.170242,-0.0652652474897877,0.006223));
#11370=CARTESIAN_POINT('',(0.0637302820338114,-0.0662658781300549,0.003048));
#11371=CARTESIAN_POINT('',(0.0637302820338114,-0.0662658781300549,0.003048));
#11372=CARTESIAN_POINT('',(0.0647309126740786,-0.0662658781300549,0.003048));
#11373=CARTESIAN_POINT('',(0.0647309126740786,-0.0662658781300549,0.003048));
#11374=CARTESIAN_POINT('',(0.0647309126740786,-0.0662658781300549,0.006223));
#11375=CARTESIAN_POINT('',(0.0637302820338114,-0.0662658781300549,0.006223));
#11376=CARTESIAN_POINT('',(0.0647309126740785,-0.0662658781300549,0.003048));
#11377=CARTESIAN_POINT('',(0.0647309126740785,-0.0662658781300549,0.003048));
#11378=CARTESIAN_POINT('',(0.0647309126740786,-0.07197,0.006223));
#11379=CARTESIAN_POINT('',(0.00302881546910396,-0.0363652116386114,0.003048));
#11380=CARTESIAN_POINT('',(0.00302881546910396,-0.0363652116386114,0.003048));
#11381=CARTESIAN_POINT('',(0.00302881546910396,-0.0373658422788785,0.003048));
#11382=CARTESIAN_POINT('',(0.00202818482883681,-0.0363652116386114,0.003048));
#11383=CARTESIAN_POINT('',(0.00202818482883681,-0.0363652116386114,0.003048));
#11384=CARTESIAN_POINT('',(0.00202818482883682,-0.0363652116386114,0.006223));
#11385=CARTESIAN_POINT('',(0.00302881546910396,-0.0363652116386114,0.006223));
#11386=CARTESIAN_POINT('',(0.00302881546910396,-0.0373658422788785,0.006223));
#11387=CARTESIAN_POINT('',(0.00302881546910396,-0.0373658422788785,0.003048));
#11388=CARTESIAN_POINT('',(0.00202818482883681,-0.0363652116386114,0.003048));
#11389=CARTESIAN_POINT('',(0.00202818482883681,-0.0363652116386114,0.003048));
#11390=CARTESIAN_POINT('',(0.00202818482883681,-0.023348815469104,0.003048));
#11391=CARTESIAN_POINT('',(0.00202818482883681,-0.023348815469104,0.003048));
#11392=CARTESIAN_POINT('',(0.00202818482883682,-0.023348815469104,0.006223));
#11393=CARTESIAN_POINT('',(0.00202818482883682,-0.07197,0.006223));
#11394=CARTESIAN_POINT('',(0.00302881546910396,-0.023348815469104,0.003048));
#11395=CARTESIAN_POINT('',(0.00302881546910396,-0.023348815469104,0.003048));
#11396=CARTESIAN_POINT('',(0.00302881546910396,-0.0223481848288368,0.003048));
#11397=CARTESIAN_POINT('',(0.00302881546910396,-0.0223481848288368,0.003048));
#11398=CARTESIAN_POINT('',(0.00302881546910397,-0.0223481848288368,0.006223));
#11399=CARTESIAN_POINT('',(0.00302881546910396,-0.023348815469104,0.006223));
#11400=CARTESIAN_POINT('',(0.00302881546910396,-0.0223481848288368,0.003048));
#11401=CARTESIAN_POINT('',(0.00302881546910396,-0.0223481848288368,0.003048));
#11402=CARTESIAN_POINT('',(0.0160452116386113,-0.0223481848288368,0.003048));
#11403=CARTESIAN_POINT('',(0.0160452116386113,-0.0223481848288368,0.003048));
#11404=CARTESIAN_POINT('',(0.0160452116386113,-0.0223481848288368,0.006223));
#11405=CARTESIAN_POINT('',(0.170242,-0.0223481848288368,0.006223));
#11406=CARTESIAN_POINT('',(0.0160452116386113,-0.023348815469104,0.003048));
#11407=CARTESIAN_POINT('',(0.0160452116386113,-0.023348815469104,0.003048));
#11408=CARTESIAN_POINT('',(0.0170458422788784,-0.023348815469104,0.003048));
#11409=CARTESIAN_POINT('',(0.0170458422788784,-0.023348815469104,0.003048));
#11410=CARTESIAN_POINT('',(0.0170458422788784,-0.023348815469104,0.006223));
#11411=CARTESIAN_POINT('',(0.0160452116386113,-0.023348815469104,0.006223));
#11412=CARTESIAN_POINT('',(0.0170458422788784,-0.023348815469104,0.003048));
#11413=CARTESIAN_POINT('',(0.0170458422788784,-0.023348815469104,0.003048));
#11414=CARTESIAN_POINT('',(0.0170458422788784,-0.0363652116386114,0.003048));
#11415=CARTESIAN_POINT('',(0.0170458422788784,-0.0363652116386114,0.003048));
#11416=CARTESIAN_POINT('',(0.0170458422788784,-0.0363652116386114,0.006223));
#11417=CARTESIAN_POINT('',(0.0170458422788784,-0.07197,0.006223));
#11418=CARTESIAN_POINT('',(0.0160452116386113,-0.0363652116386114,0.003048));
#11419=CARTESIAN_POINT('',(0.0160452116386113,-0.0363652116386114,0.003048));
#11420=CARTESIAN_POINT('',(0.0160452116386113,-0.0373658422788785,0.003048));
#11421=CARTESIAN_POINT('',(0.0160452116386113,-0.0373658422788785,0.003048));
#11422=CARTESIAN_POINT('',(0.0160452116386113,-0.0373658422788785,0.006223));
#11423=CARTESIAN_POINT('',(0.0160452116386113,-0.0363652116386114,0.006223));
#11424=CARTESIAN_POINT('',(0.0160452116386113,-0.0373658422788785,0.003048));
#11425=CARTESIAN_POINT('',(0.0160452116386113,-0.0373658422788785,0.003048));
#11426=CARTESIAN_POINT('',(0.170242,-0.0373658422788785,0.006223));
#11427=CARTESIAN_POINT('',(0.0602508967922496,-0.0602082481467241,0.003048));
#11428=CARTESIAN_POINT('',(0.0602508967922496,-0.0602082481467241,0.003048));
#11429=CARTESIAN_POINT('',(0.0602508967922496,-0.0612088787869912,0.003048));
#11430=CARTESIAN_POINT('',(0.0592502661519825,-0.0602082481467241,0.003048));
#11431=CARTESIAN_POINT('',(0.0592502661519825,-0.0602082481467241,0.003048));
#11432=CARTESIAN_POINT('',(0.0592502661519825,-0.0602082481467241,0.006223));
#11433=CARTESIAN_POINT('',(0.0602508967922496,-0.0602082481467241,0.006223));
#11434=CARTESIAN_POINT('',(0.0602508967922496,-0.0612088787869913,0.006223));
#11435=CARTESIAN_POINT('',(0.0602508967922496,-0.0612088787869912,0.003048));
#11436=CARTESIAN_POINT('',(0.0592502661519825,-0.0602082481467241,0.003048));
#11437=CARTESIAN_POINT('',(0.0592502661519825,-0.0602082481467241,0.003048));
#11438=CARTESIAN_POINT('',(0.0592502661519825,-0.0471918495900239,0.003048));
#11439=CARTESIAN_POINT('',(0.0592502661519825,-0.0471918495900239,0.003048));
#11440=CARTESIAN_POINT('',(0.0592502661519825,-0.0471918495900239,0.006223));
#11441=CARTESIAN_POINT('',(0.0592502661519825,-0.07197,0.006223));
#11442=CARTESIAN_POINT('',(0.0602508967922496,-0.0471918495900239,0.003048));
#11443=CARTESIAN_POINT('',(0.0602508967922496,-0.0471918495900239,0.003048));
#11444=CARTESIAN_POINT('',(0.0602508967922496,-0.0461912189497568,0.003048));
#11445=CARTESIAN_POINT('',(0.0602508967922496,-0.0461912189497568,0.003048));
#11446=CARTESIAN_POINT('',(0.0602508967922496,-0.0461912189497568,0.006223));
#11447=CARTESIAN_POINT('',(0.0602508967922496,-0.0471918495900239,0.006223));
#11448=CARTESIAN_POINT('',(0.0602508967922496,-0.0461912189497568,0.003048));
#11449=CARTESIAN_POINT('',(0.0602508967922496,-0.0461912189497568,0.003048));
#11450=CARTESIAN_POINT('',(0.0732672972587042,-0.0461912189497568,0.003048));
#11451=CARTESIAN_POINT('',(0.0732672972587042,-0.0461912189497568,0.003048));
#11452=CARTESIAN_POINT('',(0.0732672972587042,-0.0461912189497568,0.006223));
#11453=CARTESIAN_POINT('',(0.170242,-0.0461912189497568,0.006223));
#11454=CARTESIAN_POINT('',(0.0732672972587042,-0.0471918495900239,0.003048));
#11455=CARTESIAN_POINT('',(0.0732672972587042,-0.0471918495900239,0.003048));
#11456=CARTESIAN_POINT('',(0.0742679278989714,-0.0471918495900239,0.003048));
#11457=CARTESIAN_POINT('',(0.0742679278989714,-0.0471918495900239,0.003048));
#11458=CARTESIAN_POINT('',(0.0742679278989714,-0.0471918495900239,0.006223));
#11459=CARTESIAN_POINT('',(0.0732672972587042,-0.0471918495900239,0.006223));
#11460=CARTESIAN_POINT('',(0.0742679278989713,-0.0471918495900239,0.003048));
#11461=CARTESIAN_POINT('',(0.0742679278989713,-0.0471918495900239,0.003048));
#11462=CARTESIAN_POINT('',(0.0742679278989713,-0.0602082481467241,0.003048));
#11463=CARTESIAN_POINT('',(0.0742679278989713,-0.0602082481467241,0.003048));
#11464=CARTESIAN_POINT('',(0.0742679278989713,-0.0602082481467241,0.006223));
#11465=CARTESIAN_POINT('',(0.0742679278989714,-0.07197,0.006223));
#11466=CARTESIAN_POINT('',(0.0732672972587042,-0.0602082481467241,0.003048));
#11467=CARTESIAN_POINT('',(0.0732672972587042,-0.0602082481467241,0.003048));
#11468=CARTESIAN_POINT('',(0.0732672972587042,-0.0612088787869913,0.003048));
#11469=CARTESIAN_POINT('',(0.0732672972587042,-0.0612088787869913,0.003048));
#11470=CARTESIAN_POINT('',(0.0732672972587042,-0.0612088787869913,0.006223));
#11471=CARTESIAN_POINT('',(0.0732672972587042,-0.0602082481467241,0.006223));
#11472=CARTESIAN_POINT('',(0.0732672972587042,-0.0612088787869912,0.003048));
#11473=CARTESIAN_POINT('',(0.0732672972587042,-0.0612088787869912,0.003048));
#11474=CARTESIAN_POINT('',(0.170242,-0.0612088787869913,0.006223));
#11475=CARTESIAN_POINT('',(0.335492,0.00257000000000008,0.003048));
#11476=CARTESIAN_POINT('',(0.128604254573079,0.00257000000000006,0.0046355));
#11477=CARTESIAN_POINT('',(0.128604254573079,0.00257000000000006,0.003048));
#11478=CARTESIAN_POINT('',(0.128604254573079,0.00257000000000006,0.006223));
#11479=CARTESIAN_POINT('',(0.170242,0.00257000000000007,0.003048));
#11480=CARTESIAN_POINT('',(0.170242,0.00257000000000007,0.006223));
#11481=CARTESIAN_POINT('',(0.031492,-0.00421999999999991,0.006223));
#11482=CARTESIAN_POINT('',(0.031492,-0.00421999999999991,0.003048));
#11483=CARTESIAN_POINT('',(0.0351399166657148,-0.00646999999999993,0.003048));
#11484=CARTESIAN_POINT('',(0.0278440833342852,-0.00646999999999987,0.003048));
#11485=CARTESIAN_POINT('',(0.0351399166657147,-0.0064699999999999,0.006223));
#11486=CARTESIAN_POINT('',(0.0351399166657148,-0.00647,0.00317499999999993));
#11487=CARTESIAN_POINT('',(0.0356644568302139,-0.00519999999999993,0.00622299999999997));
#11488=CARTESIAN_POINT('',(0.035559729863725,-0.00564588647615766,0.00515287245722143));
#11489=CARTESIAN_POINT('',(0.0353803612316333,-0.00608016811591332,0.00411059652180785));
#11490=CARTESIAN_POINT('',(0.0351399166657147,-0.00646999999999995,0.00317499999999992));
#11491=CARTESIAN_POINT('',(0.035664456830214,-0.00519999999999993,0.006223));
#11492=CARTESIAN_POINT('',(0.031492,-0.00421999999999991,0.006223));
#11493=CARTESIAN_POINT('',(0.0273195431697859,-0.00519999999999988,0.006223));
#11494=CARTESIAN_POINT('',(0.027844083334285,-0.00646999999999987,0.00317500000000006));
#11495=CARTESIAN_POINT('',(0.0276036387683665,-0.00608016811591321,0.00411059652180804));
#11496=CARTESIAN_POINT('',(0.0274242701362748,-0.00564588647615757,0.00515287245722158));
#11497=CARTESIAN_POINT('',(0.0273195431697858,-0.00519999999999988,0.00622300000000003));
#11498=CARTESIAN_POINT('',(0.0278440833342852,-0.00646999999999987,0.00317500000000004));
#11499=CARTESIAN_POINT('',(0.0278440833342852,-0.00646999999999986,0.006223));
#11500=CARTESIAN_POINT('',(0.146742,-0.01247,0.006223));
#11501=CARTESIAN_POINT('',(0.128604254573079,-0.01247,0.0046355));
#11502=CARTESIAN_POINT('',(0.128604254573079,-0.01247,0.003048));
#11503=CARTESIAN_POINT('',(0.128604254573079,-0.01247,0.003175));
#11504=CARTESIAN_POINT('',(0.170242,-0.01247,0.003048));
#11505=CARTESIAN_POINT('',(0.005742,-0.01247,0.003048));
#11506=CARTESIAN_POINT('',(0.005742,-0.01247,0.006223));
#11507=CARTESIAN_POINT('',(0.005742,-0.01247,0.003175));
#11508=CARTESIAN_POINT('',(0.158492,-0.01247,0.003175));
#11509=CARTESIAN_POINT('',(0.005742,-0.01247,0.006223));
#11510=CARTESIAN_POINT('',(0.005742,-0.04222,0.003175));
#11511=CARTESIAN_POINT('',(0.005742,-0.0064699999999999,0.003175));
#11512=CARTESIAN_POINT('',(0.005742,-0.07197,0.003048));
#11513=CARTESIAN_POINT('',(0.005742,-0.00646999999999989,0.003048));
#11514=CARTESIAN_POINT('',(0.005742,-0.0064699999999999,0.006223));
#11515=CARTESIAN_POINT('',(0.005742,-0.0064699999999999,0.006223));
#11516=CARTESIAN_POINT('',(0.087992,-0.0064699999999999,0.003175));
#11517=CARTESIAN_POINT('',(0.170242,-0.00646999999999988,0.003048));
#11518=CARTESIAN_POINT('',(0.005107,-0.04222,0.004699));
#11519=CARTESIAN_POINT('',(0.004472,-0.04222,0.006223));
#11520=CARTESIAN_POINT('',(0.004472,-0.00519999999999988,0.006223));
#11521=CARTESIAN_POINT('',(0.004472,-0.01374,0.006223));
#11522=CARTESIAN_POINT('',(0.005742,-0.01247,0.003175));
#11523=CARTESIAN_POINT('',(0.004472,-0.00519999999999989,0.006223));
#11524=CARTESIAN_POINT('',(0.158492,-0.013105,0.004699));
#11525=CARTESIAN_POINT('',(0.128604254573079,-0.01247,0.003175));
#11526=CARTESIAN_POINT('',(0.128604254573079,-0.01374,0.006223));
#11527=CARTESIAN_POINT('',(0.158492,-0.01374,0.006223));
#11528=CARTESIAN_POINT('',(0.087992,-0.0058349999999999,0.004699));
#11529=CARTESIAN_POINT('',(0.087992,-0.00519999999999989,0.006223));
#11530=CARTESIAN_POINT('',(0.170242,-0.07197,0.006223));
#11531=CARTESIAN_POINT('',(0.128604254573079,-0.07451,0.006223));
#11532=CARTESIAN_POINT('',(0.128604254573079,-0.14651,0.006223));
#11533=CARTESIAN_POINT('',(0.128604254573079,-0.07451,0.006223));
#11534=CARTESIAN_POINT('',(0.128604254573079,-0.118430958677821,0.006223));
#11535=CARTESIAN_POINT('',(0.170242,-0.118430958677821,0.006223));
#11536=CARTESIAN_POINT('',(0.128604254573079,-0.07451,0.006223));
#11537=CARTESIAN_POINT('',(0.128604254573079,-0.0802829054172678,0.006223));
#11538=CARTESIAN_POINT('',(0.170242,-0.0802829054172678,0.006223));
#11539=CARTESIAN_POINT('',(0.128604254573079,-0.07451,0.006223));
#11540=CARTESIAN_POINT('',(0.128604254573079,-0.0612088787869912,0.006223));
#11541=CARTESIAN_POINT('',(0.170242,-0.0612088787869912,0.006223));
#11542=CARTESIAN_POINT('',(0.128604254573079,-0.07451,0.006223));
#11543=CARTESIAN_POINT('',(0.128604254573079,-0.0373658422788785,0.006223));
#11544=CARTESIAN_POINT('',(0.170242,-0.0373658422788785,0.006223));
#11545=CARTESIAN_POINT('',(0.170242,-0.0223481848288368,0.006223));
#11546=CARTESIAN_POINT('',(0.128604254573079,-0.0223481848288368,0.006223));
#11547=CARTESIAN_POINT('',(0.128604254573079,-0.07451,0.006223));
#11548=CARTESIAN_POINT('',(0.102690958332857,-0.00519999999999993,0.006223));
#11549=CARTESIAN_POINT('',(0.128604254573079,-0.00519999999999993,0.006223));
#11550=CARTESIAN_POINT('',(0.128604254573079,-0.07451,0.006223));
#11551=CARTESIAN_POINT('',(-0.002548,-0.07197,0.006223));
#11552=CARTESIAN_POINT('',(-0.002548,-0.0328573561069044,0.006223));
#11553=CARTESIAN_POINT('',(-0.005723,-0.0346904432115811,0.006223));
#11554=CARTESIAN_POINT('',(-0.00572299999999987,-0.0346904432115811,0.006223));
#11555=CARTESIAN_POINT('',(-0.003818,-0.03799,0.006223));
#11556=CARTESIAN_POINT('',(-0.00572299999999984,-0.0412895567884187,0.006223));
#11557=CARTESIAN_POINT('',(-0.005723,-0.0412895567884186,0.006223));
#11558=CARTESIAN_POINT('',(-0.002548,-0.0431226438930952,0.006223));
#11559=CARTESIAN_POINT('',(-0.002548,-0.07197,0.006223));
#11560=CARTESIAN_POINT('',(-0.002548,-0.100817356106904,0.006223));
#11561=CARTESIAN_POINT('',(-0.005723,-0.102650443211581,0.006223));
#11562=CARTESIAN_POINT('',(-0.00572299999999987,-0.102650443211581,0.006223));
#11563=CARTESIAN_POINT('',(-0.003818,-0.10595,0.006223));
#11564=CARTESIAN_POINT('',(-0.00572299999999988,-0.109249556788418,0.006223));
#11565=CARTESIAN_POINT('',(-0.005723,-0.109249556788418,0.006223));
#11566=CARTESIAN_POINT('',(-0.002548,-0.111082643893095,0.006223));
#11567=CARTESIAN_POINT('',(-0.002548,-0.07197,0.006223));
#11568=CARTESIAN_POINT('',(0.170242,-0.14651,0.006223));
#11569=CARTESIAN_POINT('',(0.0495393561069041,-0.14651,0.006223));
#11570=CARTESIAN_POINT('',(0.0513724432115812,-0.149685,0.006223));
#11571=CARTESIAN_POINT('',(0.0513724432115813,-0.149685,0.006223));
#11572=CARTESIAN_POINT('',(0.054672,-0.14778,0.006223));
#11573=CARTESIAN_POINT('',(0.0579715567884188,-0.149685,0.006223));
#11574=CARTESIAN_POINT('',(0.0579715567884188,-0.149685,0.006223));
#11575=CARTESIAN_POINT('',(0.0598046438930958,-0.14651,0.006223));
#11576=CARTESIAN_POINT('',(0.170242,-0.14651,0.006223));
#11577=CARTESIAN_POINT('',(0.000373000000000012,-0.07197,0.006223));
#11578=CARTESIAN_POINT('',(0.000373000000000014,-0.0869,0.006223));
#11579=CARTESIAN_POINT('',(0.00037300000000001,-0.125,0.006223));
#11580=CARTESIAN_POINT('',(-7.99999999998357E-6,-0.125,0.006223));
#11581=CARTESIAN_POINT('',(-0.000388999999999987,-0.125,0.006223));
#11582=CARTESIAN_POINT('',(-0.000389,-0.07197,0.006223));
#11583=CARTESIAN_POINT('',(-0.000388999999999992,-0.0869,0.006223));
#11584=CARTESIAN_POINT('',(-7.99999999998357E-6,-0.0869,0.006223));
#11585=CARTESIAN_POINT('',(0.000373000000000012,-0.07197,0.006223));
#11586=CARTESIAN_POINT('',(0.000373000000000014,-0.01894,0.006223));
#11587=CARTESIAN_POINT('',(0.000373000000000014,-0.05704,0.006223));
#11588=CARTESIAN_POINT('',(-7.99999999998357E-6,-0.05704,0.006223));
#11589=CARTESIAN_POINT('',(-0.000388999999999992,-0.05704,0.006223));
#11590=CARTESIAN_POINT('',(-0.000389,-0.07197,0.006223));
#11591=CARTESIAN_POINT('',(-0.000388999999999992,-0.01894,0.006223));
#11592=CARTESIAN_POINT('',(-7.99999999998357E-6,-0.01894,0.006223));
#11593=CARTESIAN_POINT('',(0.029272,-0.142954,0.006223));
#11594=CARTESIAN_POINT('',(0.029272,-0.143589,0.006223));
#11595=CARTESIAN_POINT('',(0.029272,-0.142319,0.006223));
#11596=CARTESIAN_POINT('',(0.170242,-0.142319,0.006223));
#11597=CARTESIAN_POINT('',(0.080072,-0.142319,0.006223));
#11598=CARTESIAN_POINT('',(0.080072,-0.142954,0.006223));
#11599=CARTESIAN_POINT('',(0.080072,-0.143589,0.006223));
#11600=CARTESIAN_POINT('',(0.170242,-0.143589,0.006223));
#11601=CARTESIAN_POINT('',(0.054672,-0.14778,0.006223));
#11602=CARTESIAN_POINT('',(0.052386,-0.14778,0.006223));
#11603=CARTESIAN_POINT('',(-0.003818,-0.10595,0.006223));
#11604=CARTESIAN_POINT('',(-0.006104,-0.10595,0.006223));
#11605=CARTESIAN_POINT('',(-0.003818,-0.03799,0.006223));
#11606=CARTESIAN_POINT('',(-0.006104,-0.03799,0.006223));
#11607=CARTESIAN_POINT('',(0.031492,-0.00421999999999991,0.006223));
#11608=CARTESIAN_POINT('',(0.029206,-0.00421999999999991,0.006223));
#11609=CARTESIAN_POINT('',(0.031492,-0.00421999999999991,0.006223));
#11610=CARTESIAN_POINT('',(0.031492,-0.00421999999999991,0.003048));
#11611=CARTESIAN_POINT('',(0.029206,-0.00421999999999991,0.003048));
#11612=CARTESIAN_POINT('',(-0.002548,-0.00496999999999993,0.003048));
#11613=CARTESIAN_POINT('',(-0.002548,-0.0328573561069044,0.003048));
#11614=CARTESIAN_POINT('',(-0.002548,-0.0328573561069044,0.003048));
#11615=CARTESIAN_POINT('',(-0.002548,-0.07197,0.003048));
#11616=CARTESIAN_POINT('',(-7.99999999998136E-6,-0.0445891135768368,0.006223));
#11617=CARTESIAN_POINT('',(-7.99999999998136E-6,-0.0445891135768368,0.003048));
#11618=CARTESIAN_POINT('',(-0.0057229999999999,-0.0412895567884187,0.003048));
#11619=CARTESIAN_POINT('',(-0.002548,-0.0431226438930953,0.003048));
#11620=CARTESIAN_POINT('',(-0.002548,-0.0431226438930952,0.003048));
#11621=CARTESIAN_POINT('',(-0.005723,-0.0412895567884186,0.006223));
#11622=CARTESIAN_POINT('',(-0.003818,-0.03799,0.006223));
#11623=CARTESIAN_POINT('',(-0.003818,-0.03799,0.003048));
#11624=CARTESIAN_POINT('',(-0.00572299999999987,-0.0346904432115811,0.003048));
#11625=CARTESIAN_POINT('',(-0.00572299999999993,-0.0346904432115812,0.006223));
#11626=CARTESIAN_POINT('',(-0.003818,-0.03799,0.006223));
#11627=CARTESIAN_POINT('',(-0.003818,-0.03799,0.003048));
#11628=CARTESIAN_POINT('',(-0.006104,-0.03799,0.003048));
#11629=CARTESIAN_POINT('',(-0.005723,-0.0346904432115811,0.006223));
#11630=CARTESIAN_POINT('',(-0.005723,-0.0346904432115811,0.003048));
#11631=CARTESIAN_POINT('',(-0.002548,-0.00496999999999993,0.003048));
#11632=CARTESIAN_POINT('',(-0.002548,-0.100817356106904,0.003048));
#11633=CARTESIAN_POINT('',(-0.002548,-0.100817356106904,0.003048));
#11634=CARTESIAN_POINT('',(-0.002548,-0.07197,0.003048));
#11635=CARTESIAN_POINT('',(-0.002548,-0.00496999999999993,0.003048));
#11636=CARTESIAN_POINT('',(-0.002548,-0.111082643893095,0.003048));
#11637=CARTESIAN_POINT('',(-0.002548,-0.111082643893095,0.003048));
#11638=CARTESIAN_POINT('',(-0.002548,-0.07197,0.003048));
#11639=CARTESIAN_POINT('',(-7.99999999998136E-6,-0.112549113576836,0.006223));
#11640=CARTESIAN_POINT('',(-7.99999999998136E-6,-0.112549113576836,0.003048));
#11641=CARTESIAN_POINT('',(-0.00572299999999986,-0.109249556788418,0.003048));
#11642=CARTESIAN_POINT('',(-0.005723,-0.109249556788418,0.006223));
#11643=CARTESIAN_POINT('',(-0.003818,-0.10595,0.006223));
#11644=CARTESIAN_POINT('',(-0.003818,-0.10595,0.003048));
#11645=CARTESIAN_POINT('',(-0.006104,-0.10595,0.003048));
#11646=CARTESIAN_POINT('',(-0.003818,-0.10595,0.006223));
#11647=CARTESIAN_POINT('',(-0.003818,-0.10595,0.003048));
#11648=CARTESIAN_POINT('',(-0.00572299999999987,-0.102650443211581,0.003048));
#11649=CARTESIAN_POINT('',(-0.005723,-0.102650443211581,0.006223));
#11650=CARTESIAN_POINT('',(-0.005723,-0.102650443211581,0.006223));
#11651=CARTESIAN_POINT('',(-0.005723,-0.102650443211581,0.003048));
#11652=CARTESIAN_POINT('',(0.004992,-0.14651,0.003048));
#11653=CARTESIAN_POINT('',(0.0495393561069042,-0.14651,0.003048));
#11654=CARTESIAN_POINT('',(0.0495393561069042,-0.14651,0.003048));
#11655=CARTESIAN_POINT('',(0.170242,-0.14651,0.003048));
#11656=CARTESIAN_POINT('',(0.0612711135768374,-0.14397,0.006223));
#11657=CARTESIAN_POINT('',(0.0612711135768374,-0.14397,0.003048));
#11658=CARTESIAN_POINT('',(0.0579715567884187,-0.149685,0.003048));
#11659=CARTESIAN_POINT('',(0.0598046438930958,-0.14651,0.003048));
#11660=CARTESIAN_POINT('',(0.0598046438930958,-0.14651,0.003048));
#11661=CARTESIAN_POINT('',(0.0579715567884187,-0.149685,0.006223));
#11662=CARTESIAN_POINT('',(0.054672,-0.14778,0.006223));
#11663=CARTESIAN_POINT('',(0.054672,-0.14778,0.003048));
#11664=CARTESIAN_POINT('',(0.0513724432115813,-0.149685,0.003048));
#11665=CARTESIAN_POINT('',(0.0513724432115813,-0.149685,0.006223));
#11666=CARTESIAN_POINT('',(0.054672,-0.14778,0.006223));
#11667=CARTESIAN_POINT('',(0.054672,-0.14778,0.003048));
#11668=CARTESIAN_POINT('',(0.052386,-0.14778,0.003048));
#11669=CARTESIAN_POINT('',(0.0513724432115812,-0.149685,0.006223));
#11670=CARTESIAN_POINT('',(0.0513724432115812,-0.149685,0.003048));
#11671=CARTESIAN_POINT('',(0.080072,-0.143589,0.006223));
#11672=CARTESIAN_POINT('',(0.170242,-0.143589,0.003048));
#11673=CARTESIAN_POINT('',(0.029272,-0.143589,0.003048));
#11674=CARTESIAN_POINT('',(0.080072,-0.143589,0.003048));
#11675=CARTESIAN_POINT('',(0.029272,-0.143589,0.006223));
#11676=CARTESIAN_POINT('',(0.080072,-0.143589,0.006223));
#11677=CARTESIAN_POINT('',(0.029272,-0.142954,0.006223));
#11678=CARTESIAN_POINT('',(0.029272,-0.142954,0.003048));
#11679=CARTESIAN_POINT('',(0.029272,-0.142319,0.003048));
#11680=CARTESIAN_POINT('',(0.029272,-0.142319,0.006223));
#11681=CARTESIAN_POINT('',(0.029272,-0.142319,0.006223));
#11682=CARTESIAN_POINT('',(0.170242,-0.142319,0.003048));
#11683=CARTESIAN_POINT('',(0.080072,-0.142319,0.003048));
#11684=CARTESIAN_POINT('',(0.080072,-0.142319,0.006223));
#11685=CARTESIAN_POINT('',(0.080072,-0.142954,0.006223));
#11686=CARTESIAN_POINT('',(0.080072,-0.142954,0.003048));
#11687=CARTESIAN_POINT('',(-7.99999999998357E-6,-0.01894,0.006223));
#11688=CARTESIAN_POINT('',(-7.99999999998357E-6,-0.01894,0.003048));
#11689=CARTESIAN_POINT('',(0.000373000000000014,-0.01894,0.003048));
#11690=CARTESIAN_POINT('',(-0.000388999999999992,-0.01894,0.003048));
#11691=CARTESIAN_POINT('',(0.000373000000000017,-0.01894,0.006223));
#11692=CARTESIAN_POINT('',(-0.000388999999999984,-0.01894,0.006223));
#11693=CARTESIAN_POINT('',(0.000373000000000017,-0.01894,0.006223));
#11694=CARTESIAN_POINT('',(0.000373000000000012,-0.07197,0.003048));
#11695=CARTESIAN_POINT('',(0.000373000000000014,-0.05704,0.003048));
#11696=CARTESIAN_POINT('',(0.000373000000000016,-0.05704,0.006223));
#11697=CARTESIAN_POINT('',(-7.99999999998357E-6,-0.05704,0.006223));
#11698=CARTESIAN_POINT('',(-7.99999999998357E-6,-0.05704,0.003048));
#11699=CARTESIAN_POINT('',(-0.000388999999999992,-0.05704,0.003048));
#11700=CARTESIAN_POINT('',(-0.000388999999999983,-0.05704,0.006223));
#11701=CARTESIAN_POINT('',(-0.000388999999999983,-0.05704,0.006223));
#11702=CARTESIAN_POINT('',(-0.000389,-0.07197,0.003048));
#11703=CARTESIAN_POINT('',(-7.99999999998357E-6,-0.0869,0.006223));
#11704=CARTESIAN_POINT('',(-7.99999999998357E-6,-0.0869,0.003048));
#11705=CARTESIAN_POINT('',(0.000373000000000014,-0.0869,0.003048));
#11706=CARTESIAN_POINT('',(-0.000388999999999992,-0.0869,0.003048));
#11707=CARTESIAN_POINT('',(0.000373000000000017,-0.0869,0.006223));
#11708=CARTESIAN_POINT('',(-0.000388999999999984,-0.0869,0.006223));
#11709=CARTESIAN_POINT('',(0.000373000000000017,-0.0869,0.006223));
#11710=CARTESIAN_POINT('',(0.000373000000000012,-0.07197,0.003048));
#11711=CARTESIAN_POINT('',(0.00037300000000001,-0.125,0.003048));
#11712=CARTESIAN_POINT('',(0.000373000000000007,-0.125,0.006223));
#11713=CARTESIAN_POINT('',(-7.99999999998357E-6,-0.125,0.006223));
#11714=CARTESIAN_POINT('',(-7.99999999998357E-6,-0.125,0.003048));
#11715=CARTESIAN_POINT('',(-0.000388999999999987,-0.125,0.003048));
#11716=CARTESIAN_POINT('',(-0.000388999999999973,-0.125,0.006223));
#11717=CARTESIAN_POINT('',(-0.000388999999999973,-0.125,0.006223));
#11718=CARTESIAN_POINT('',(-0.000389,-0.07197,0.003048));
#11719=CARTESIAN_POINT('',(0.170242,-0.07197,0.003048));
#11720=CARTESIAN_POINT('',(0.128604254573079,-0.07451,0.003048));
#11721=CARTESIAN_POINT('',(0.128604254573079,-0.14651,0.003048));
#11722=CARTESIAN_POINT('',(0.170242,-0.14651,0.003048));
#11723=CARTESIAN_POINT('',(0.128604254573079,-0.07451,0.003048));
#11724=CARTESIAN_POINT('',(0.128604254573079,-0.00646999999999993,0.003048));
#11725=CARTESIAN_POINT('',(0.170242,-0.00646999999999993,0.003048));
#11726=CARTESIAN_POINT('',(0.128604254573079,-0.07451,0.003048));
#11727=CARTESIAN_POINT('',(0.128604254573079,-0.0223481848288368,0.003048));
#11728=CARTESIAN_POINT('',(0.127009991907972,-0.0223481848288368,0.003048));
#11729=CARTESIAN_POINT('',(0.140026396193935,-0.0373658422788785,0.003048));
#11730=CARTESIAN_POINT('',(0.128604254573079,-0.0373658422788785,0.003048));
#11731=CARTESIAN_POINT('',(0.128604254573079,-0.07451,0.003048));
#11732=CARTESIAN_POINT('',(0.130489373330025,-0.0612088787869912,0.003048));
#11733=CARTESIAN_POINT('',(0.128604254573079,-0.0612088787869912,0.003048));
#11734=CARTESIAN_POINT('',(0.128604254573079,-0.07451,0.003048));
#11735=CARTESIAN_POINT('',(0.140026396193935,-0.0802829054172678,0.003048));
#11736=CARTESIAN_POINT('',(0.128604254573079,-0.0802829054172678,0.003048));
#11737=CARTESIAN_POINT('',(0.128604254573079,-0.07451,0.003048));
#11738=CARTESIAN_POINT('',(0.135258381298107,-0.118430958677821,0.003048));
#11739=CARTESIAN_POINT('',(0.128604254573079,-0.118430958677821,0.003048));
#11740=CARTESIAN_POINT('',(0.128604254573079,-0.07451,0.003048));
#11741=CARTESIAN_POINT('',(0.140026396193935,-0.0373658422788785,0.003048));
#11742=CARTESIAN_POINT('',(0.128604254573079,-0.0373658422788785,0.0046355));
#11743=CARTESIAN_POINT('',(0.130489373330025,-0.0612088787869912,0.003048));
#11744=CARTESIAN_POINT('',(0.128604254573079,-0.0612088787869912,0.0046355));
#11745=CARTESIAN_POINT('',(0.140026396193935,-0.0802829054172678,0.003048));
#11746=CARTESIAN_POINT('',(0.128604254573079,-0.0802829054172678,0.0046355));
#11747=CARTESIAN_POINT('',(0.135258381298107,-0.118430958677821,0.003048));
#11748=CARTESIAN_POINT('',(0.128604254573079,-0.118430958677821,0.0046355));
#11749=CARTESIAN_POINT('',(0.127009991907972,-0.0223481848288368,0.003048));
#11750=CARTESIAN_POINT('',(0.128604254573079,-0.0223481848288368,0.0046355));
#11751=CARTESIAN_POINT('',(0.102690958332857,-0.00583499999999993,0.004699));
#11752=CARTESIAN_POINT('',(0.128604254573079,-0.00519999999999993,0.006223));
#11753=CARTESIAN_POINT('',(0.128604254573079,-0.00647,0.003175));
#11754=CARTESIAN_POINT('',(0.102690958332857,-0.00647,0.00317499999999993));
#11755=CARTESIAN_POINT('',(0.0351399166657147,-0.0064699999999999,0.006223));
#11756=CARTESIAN_POINT('',(0.128604254573079,-0.00646999999999993,0.0046355));
#11757=CARTESIAN_POINT('',(0.004992,-0.14651,0.003048));
#11758=CARTESIAN_POINT('',(0.128604254573079,-0.14651,0.0046355));
#11759=CARTESIAN_POINT('',(0.128604254573079,-0.07451,0.0046355));
#11760=CARTESIAN_POINT('',(0.128604254573079,-0.07451,0.0046355));
#11761=CARTESIAN_POINT('',(0.128604254573079,-0.07451,0.0046355));
#11762=CARTESIAN_POINT('',(0.128604254573079,-0.07451,0.0046355));
#11763=CARTESIAN_POINT('',(0.128604254573079,-0.07451,0.0046355));
#11764=CARTESIAN_POINT('',(0.128604254573079,-0.07451,0.0046355));
#11765=CARTESIAN_POINT('',(0.128604254573079,-0.07451,0.0046355));
#11766=MECHANICAL_DESIGN_GEOMETRIC_PRESENTATION_REPRESENTATION('',(#7017),
#11767);
#11767=(
GEOMETRIC_REPRESENTATION_CONTEXT(3)
GLOBAL_UNCERTAINTY_ASSIGNED_CONTEXT((#11768))
GLOBAL_UNIT_ASSIGNED_CONTEXT((#11771,#11770,#11769))
REPRESENTATION_CONTEXT('plate left half:1__Body1',
'TOP_LEVEL_ASSEMBLY_PART')
);
#11768=UNCERTAINTY_MEASURE_WITH_UNIT(LENGTH_MEASURE(2.E-5),#11771,
'DISTANCE_ACCURACY_VALUE','Maximum Tolerance applied to model');
#11769=(
NAMED_UNIT(*)
SI_UNIT($,.STERADIAN.)
SOLID_ANGLE_UNIT()
);
#11770=(
NAMED_UNIT(*)
PLANE_ANGLE_UNIT()
SI_UNIT($,.RADIAN.)
);
#11771=(
LENGTH_UNIT()
NAMED_UNIT(*)
SI_UNIT($,.METRE.)
);
#11772=PRODUCT_DEFINITION_SHAPE('','',#11773);
#11773=PRODUCT_DEFINITION('','',#11775,#11774);
#11774=PRODUCT_DEFINITION_CONTEXT('',#11781,'design');
#11775=PRODUCT_DEFINITION_FORMATION_WITH_SPECIFIED_SOURCE('','',#11777,
 .NOT_KNOWN.);
#11776=PRODUCT_RELATED_PRODUCT_CATEGORY('','',(#11777));
#11777=PRODUCT('plate left half:1__Body1','plate left half:1__Body1',
'plate left half:1__Body1',(#11779));
#11778=PRODUCT_CATEGORY('','');
#11779=PRODUCT_CONTEXT('',#11781,'mechanical');
#11780=APPLICATION_PROTOCOL_DEFINITION('international standard',
'ap242_managed_model_based_3d_engineering',2020,#11781);
#11781=APPLICATION_CONTEXT('managed model based 3d engineering');
ENDSEC;
END-ISO-10303-21;
