ISO-10303-21;
HEADER;
/* Generated by software containing ST-Developer
 * from STEP Tools, Inc. (www.steptools.com) 
 */
/* OPTION: using custom renumber hook */

FILE_DESCRIPTION(
/* description */ ('STEP AP242 Edition 2',
'CAx-IF Rec.Pracs.---Representation and Presentation of Product Manufa
cturing Information (PMI)---4.0---2014-10-13',
'CAx-IF Rec.Pracs.---3D Tessellated Geometry---0.4---2014-09-14','2;1',
'CAx-IF Rec.Pracs.---User Defined Attributes---1.5---2016-08-15'),
/* implementation_level */ '2;1');

FILE_NAME(
/* name */ 'brew75 full assembly parts - plate right half-1__Body1',
/* time_stamp */ '2026-08-25T10:31:40Z',
/* author */ (''),
/* organization */ (''),
/* preprocessor_version */ 'ST-DEVELOPER v20',
/* originating_system */ 'ONSHAPE BY PTC INC, 1.219',
/* authorisation */ '  ');

FILE_SCHEMA (('AP242_MANAGED_MODEL_BASED_3D_ENGINEERING_MIM_LF { 1 0 10303 442 3 1 4 }'));
ENDSEC;

DATA;
#10=SHAPE_REPRESENTATION_RELATIONSHIP('','',#10155,#11);
#11=ADVANCED_BREP_SHAPE_REPRESENTATION('',(#10153),#16977);
#12=OVER_RIDING_STYLED_ITEM('',(#10140),#9706,#10138);
#13=CYLINDRICAL_SURFACE('',#10399,0.000381);
#14=CYLINDRICAL_SURFACE('',#10402,0.000381);
#15=CYLINDRICAL_SURFACE('',#10406,0.000635);
#16=CYLINDRICAL_SURFACE('',#10409,0.000635);
#17=CYLINDRICAL_SURFACE('',#10411,0.000381);
#18=CYLINDRICAL_SURFACE('',#10414,0.000381);
#19=CYLINDRICAL_SURFACE('',#10417,0.000381);
#20=CYLINDRICAL_SURFACE('',#10420,0.000381);
#21=CYLINDRICAL_SURFACE('',#10423,0.00381);
#22=CYLINDRICAL_SURFACE('',#10426,0.002286);
#23=CYLINDRICAL_SURFACE('',#10432,0.00381);
#24=CYLINDRICAL_SURFACE('',#10435,0.002286);
#25=CYLINDRICAL_SURFACE('',#10440,0.002286);
#26=CYLINDRICAL_SURFACE('',#10442,0.00381);
#27=CYLINDRICAL_SURFACE('',#10447,0.002286);
#28=CYLINDRICAL_SURFACE('',#10449,0.00381);
#29=CYLINDRICAL_SURFACE('',#10453,0.002286);
#30=CYLINDRICAL_SURFACE('',#10455,0.002286);
#31=CYLINDRICAL_SURFACE('',#10689,0.00100063064026715);
#32=CYLINDRICAL_SURFACE('',#10692,0.00100063064026714);
#33=CYLINDRICAL_SURFACE('',#10694,0.00100063064026715);
#34=CYLINDRICAL_SURFACE('',#10696,0.00100063064026714);
#35=CYLINDRICAL_SURFACE('',#10698,0.00100063064026715);
#36=CYLINDRICAL_SURFACE('',#10700,0.00100063064026716);
#37=CYLINDRICAL_SURFACE('',#10701,0.000500630640267149);
#38=CYLINDRICAL_SURFACE('',#10703,0.000500630640267161);
#39=CYLINDRICAL_SURFACE('',#10705,0.000500630640224236);
#40=CYLINDRICAL_SURFACE('',#10707,0.000500630640224246);
#41=CYLINDRICAL_SURFACE('',#10710,0.00100063064026715);
#42=CYLINDRICAL_SURFACE('',#10712,0.00100063064026714);
#43=CYLINDRICAL_SURFACE('',#10714,0.00100063064026715);
#44=CYLINDRICAL_SURFACE('',#10716,0.00100063064026714);
#45=CYLINDRICAL_SURFACE('',#10717,0.000500630640267151);
#46=CYLINDRICAL_SURFACE('',#10719,0.00050063064026709);
#47=CYLINDRICAL_SURFACE('',#10721,0.000500630640267144);
#48=CYLINDRICAL_SURFACE('',#10723,0.000500630640267161);
#49=CYLINDRICAL_SURFACE('',#10725,0.00100063064026717);
#50=CYLINDRICAL_SURFACE('',#10727,0.00100063064026713);
#51=CYLINDRICAL_SURFACE('',#10729,0.00100063064026717);
#52=CYLINDRICAL_SURFACE('',#10733,0.00100063064026715);
#53=CYLINDRICAL_SURFACE('',#10735,0.00100063064026717);
#54=CYLINDRICAL_SURFACE('',#10737,0.00100063064026712);
#55=CYLINDRICAL_SURFACE('',#10739,0.00100063064026717);
#56=CYLINDRICAL_SURFACE('',#10741,0.00100063064026716);
#57=CYLINDRICAL_SURFACE('',#10743,0.00100063064026713);
#58=CYLINDRICAL_SURFACE('',#10745,0.00100063064026713);
#59=CYLINDRICAL_SURFACE('',#10747,0.00100063064026717);
#60=CYLINDRICAL_SURFACE('',#10749,0.00100063064026717);
#61=CYLINDRICAL_SURFACE('',#10751,0.00100063064026717);
#62=CYLINDRICAL_SURFACE('',#10753,0.00100063064026717);
#63=CYLINDRICAL_SURFACE('',#10755,0.00100063064026713);
#64=CYLINDRICAL_SURFACE('',#10757,0.00100063064026717);
#65=CYLINDRICAL_SURFACE('',#10759,0.00100063064026717);
#66=CYLINDRICAL_SURFACE('',#10761,0.00100063064026716);
#67=CYLINDRICAL_SURFACE('',#10763,0.00100063064026713);
#68=CYLINDRICAL_SURFACE('',#10765,0.00100063064026716);
#69=CYLINDRICAL_SURFACE('',#10767,0.00100063064026717);
#70=CYLINDRICAL_SURFACE('',#10769,0.00100063064026716);
#71=CYLINDRICAL_SURFACE('',#10771,0.00100063064026715);
#72=CYLINDRICAL_SURFACE('',#10773,0.00100063064026716);
#73=CYLINDRICAL_SURFACE('',#10775,0.00100063064026715);
#74=CYLINDRICAL_SURFACE('',#10777,0.00100063064026714);
#75=CYLINDRICAL_SURFACE('',#10779,0.00100063064026717);
#76=CYLINDRICAL_SURFACE('',#10781,0.00100063064026717);
#77=CYLINDRICAL_SURFACE('',#10783,0.00100063064026717);
#78=CYLINDRICAL_SURFACE('',#10785,0.00100063064026713);
#79=CYLINDRICAL_SURFACE('',#10787,0.00100063064026713);
#80=CYLINDRICAL_SURFACE('',#10789,0.00100063064026717);
#81=CYLINDRICAL_SURFACE('',#10791,0.00100063064026717);
#82=CYLINDRICAL_SURFACE('',#10793,0.00100063064026717);
#83=CYLINDRICAL_SURFACE('',#10795,0.00100063064026717);
#84=CYLINDRICAL_SURFACE('',#10797,0.00100063064026717);
#85=CYLINDRICAL_SURFACE('',#10799,0.00100063064026713);
#86=CYLINDRICAL_SURFACE('',#10801,0.00100063064026717);
#87=CYLINDRICAL_SURFACE('',#10803,0.00100063064026713);
#88=CYLINDRICAL_SURFACE('',#10805,0.00100063064026717);
#89=CYLINDRICAL_SURFACE('',#10807,0.00100063064026717);
#90=CYLINDRICAL_SURFACE('',#10809,0.00100063064026717);
#91=CYLINDRICAL_SURFACE('',#10811,0.00100063064026715);
#92=CYLINDRICAL_SURFACE('',#10813,0.00100063064026714);
#93=CYLINDRICAL_SURFACE('',#10815,0.00100063064026715);
#94=CYLINDRICAL_SURFACE('',#10817,0.00100063064026714);
#95=CYLINDRICAL_SURFACE('',#10819,0.00100063064026714);
#96=CYLINDRICAL_SURFACE('',#10821,0.00100063064026715);
#97=CYLINDRICAL_SURFACE('',#10823,0.00100063064026716);
#98=CYLINDRICAL_SURFACE('',#10825,0.00100063064026713);
#99=CYLINDRICAL_SURFACE('',#10827,0.00100063064026716);
#100=CYLINDRICAL_SURFACE('',#10829,0.00100063064026717);
#101=CYLINDRICAL_SURFACE('',#10831,0.00100063064026717);
#102=CYLINDRICAL_SURFACE('',#10833,0.00100063064026716);
#103=CYLINDRICAL_SURFACE('',#10835,0.00100063064026713);
#104=CYLINDRICAL_SURFACE('',#10837,0.00100063064026716);
#105=CYLINDRICAL_SURFACE('',#10839,0.00100063064026713);
#106=CYLINDRICAL_SURFACE('',#10841,0.00100063064026713);
#107=CYLINDRICAL_SURFACE('',#10843,0.00100063064026717);
#108=CYLINDRICAL_SURFACE('',#10845,0.00100063064026717);
#109=CYLINDRICAL_SURFACE('',#10847,0.00100063064026712);
#110=CYLINDRICAL_SURFACE('',#10849,0.00100063064026717);
#111=CYLINDRICAL_SURFACE('',#10851,0.00100063064026716);
#112=CYLINDRICAL_SURFACE('',#10853,0.00100063064026713);
#113=CYLINDRICAL_SURFACE('',#10855,0.00100063064026716);
#114=CYLINDRICAL_SURFACE('',#10857,0.00100063064026717);
#115=CYLINDRICAL_SURFACE('',#10859,0.00100063064026712);
#116=CYLINDRICAL_SURFACE('',#10861,0.00100063064026713);
#117=CYLINDRICAL_SURFACE('',#10863,0.00100063064026713);
#118=CYLINDRICAL_SURFACE('',#10865,0.00100063064026717);
#119=CYLINDRICAL_SURFACE('',#10867,0.00100063064026713);
#120=CYLINDRICAL_SURFACE('',#10869,0.0010006306402671);
#121=CYLINDRICAL_SURFACE('',#10871,0.00100063064026717);
#122=CYLINDRICAL_SURFACE('',#10873,0.00100063064026716);
#123=CYLINDRICAL_SURFACE('',#10875,0.00100063064026713);
#124=CYLINDRICAL_SURFACE('',#10877,0.00100063064026716);
#125=CYLINDRICAL_SURFACE('',#10879,0.00100063064026713);
#126=CYLINDRICAL_SURFACE('',#10881,0.00100063064026717);
#127=CYLINDRICAL_SURFACE('',#10883,0.00100063064026713);
#128=CYLINDRICAL_SURFACE('',#10885,0.00100063064026713);
#129=CYLINDRICAL_SURFACE('',#10887,0.00100063064026715);
#130=CYLINDRICAL_SURFACE('',#10889,0.00100063064026715);
#131=CYLINDRICAL_SURFACE('',#10891,0.00100063064026717);
#132=CYLINDRICAL_SURFACE('',#10893,0.00100063064026713);
#133=CYLINDRICAL_SURFACE('',#10895,0.0010006308389954);
#134=CYLINDRICAL_SURFACE('',#10897,0.00100063064026717);
#135=CYLINDRICAL_SURFACE('',#10899,0.00100063064026713);
#136=CYLINDRICAL_SURFACE('',#10901,0.00100063064026717);
#137=CYLINDRICAL_SURFACE('',#10903,0.00100063064026713);
#138=CYLINDRICAL_SURFACE('',#10905,0.00100063064026717);
#139=CYLINDRICAL_SURFACE('',#10907,0.00100063064026713);
#140=CYLINDRICAL_SURFACE('',#10909,0.00100063064026717);
#141=CYLINDRICAL_SURFACE('',#10911,0.00100063064026717);
#142=CYLINDRICAL_SURFACE('',#10913,0.00100063064026716);
#143=CYLINDRICAL_SURFACE('',#10915,0.00100063064026717);
#144=CYLINDRICAL_SURFACE('',#10917,0.00100063064026716);
#145=CYLINDRICAL_SURFACE('',#10919,0.00100063064026715);
#146=CYLINDRICAL_SURFACE('',#10921,0.00100063064026715);
#147=CYLINDRICAL_SURFACE('',#10923,0.00100063064026715);
#148=CYLINDRICAL_SURFACE('',#10925,0.00100063064026717);
#149=CYLINDRICAL_SURFACE('',#10927,0.00100063064026713);
#150=CYLINDRICAL_SURFACE('',#10929,0.00100063064026712);
#151=CYLINDRICAL_SURFACE('',#10931,0.00100063064026717);
#152=CYLINDRICAL_SURFACE('',#10933,0.00100063064026716);
#153=CYLINDRICAL_SURFACE('',#10935,0.00100063064026717);
#154=CYLINDRICAL_SURFACE('',#10937,0.00100063064026716);
#155=CYLINDRICAL_SURFACE('',#10939,0.00100063064026717);
#156=CYLINDRICAL_SURFACE('',#10941,0.00100063064026716);
#157=CYLINDRICAL_SURFACE('',#10943,0.00100063064026712);
#158=CYLINDRICAL_SURFACE('',#10945,0.00100063064026713);
#159=CYLINDRICAL_SURFACE('',#10947,0.0010006308389954);
#160=CYLINDRICAL_SURFACE('',#10949,0.00100063064026716);
#161=CYLINDRICAL_SURFACE('',#10951,0.00100063064026712);
#162=CYLINDRICAL_SURFACE('',#10953,0.00100063064026717);
#163=CYLINDRICAL_SURFACE('',#10955,0.00100063064026717);
#164=CYLINDRICAL_SURFACE('',#10957,0.00100063064026713);
#165=CYLINDRICAL_SURFACE('',#10959,0.00100063064026713);
#166=CYLINDRICAL_SURFACE('',#10961,0.00100063064026717);
#167=CYLINDRICAL_SURFACE('',#10963,0.00100063064026713);
#168=CYLINDRICAL_SURFACE('',#10965,0.00100063064026717);
#169=CYLINDRICAL_SURFACE('',#10967,0.00100063064026717);
#170=CYLINDRICAL_SURFACE('',#10969,0.00100063064026713);
#171=CYLINDRICAL_SURFACE('',#10971,0.00100063064026713);
#172=CYLINDRICAL_SURFACE('',#10973,0.00100063064026712);
#173=CYLINDRICAL_SURFACE('',#10975,0.00100063064026717);
#174=CYLINDRICAL_SURFACE('',#10977,0.00100063064026716);
#175=CYLINDRICAL_SURFACE('',#10979,0.00100063064026717);
#176=CYLINDRICAL_SURFACE('',#10981,0.00100063064026716);
#177=CYLINDRICAL_SURFACE('',#10983,0.00100063064026713);
#178=CYLINDRICAL_SURFACE('',#10985,0.00100063064026716);
#179=CYLINDRICAL_SURFACE('',#10987,0.00100063064026713);
#180=CYLINDRICAL_SURFACE('',#10989,0.00100063064026717);
#181=CYLINDRICAL_SURFACE('',#10991,0.00100063064026713);
#182=CYLINDRICAL_SURFACE('',#10993,0.00100063064026713);
#183=CYLINDRICAL_SURFACE('',#10995,0.00100063064026713);
#184=CYLINDRICAL_SURFACE('',#10997,0.00100063064026717);
#185=CYLINDRICAL_SURFACE('',#10999,0.00100063064026717);
#186=CYLINDRICAL_SURFACE('',#11001,0.00100063064026717);
#187=CYLINDRICAL_SURFACE('',#11003,0.00100063064026717);
#188=CYLINDRICAL_SURFACE('',#11005,0.00100063064026717);
#189=CYLINDRICAL_SURFACE('',#11007,0.00100063064026713);
#190=CYLINDRICAL_SURFACE('',#11009,0.00100063064026713);
#191=CYLINDRICAL_SURFACE('',#11011,0.00100063064026717);
#192=CYLINDRICAL_SURFACE('',#11013,0.00100063064026716);
#193=CYLINDRICAL_SURFACE('',#11015,0.00100063064026713);
#194=CYLINDRICAL_SURFACE('',#11017,0.00100063064026712);
#195=CYLINDRICAL_SURFACE('',#11019,0.00100063064026716);
#196=CYLINDRICAL_SURFACE('',#11021,0.00100063064026713);
#197=CYLINDRICAL_SURFACE('',#11023,0.00100063064026712);
#198=CYLINDRICAL_SURFACE('',#11025,0.00100063064026717);
#199=CYLINDRICAL_SURFACE('',#11027,0.00100063064026717);
#200=CYLINDRICAL_SURFACE('',#11029,0.00100063064026715);
#201=CYLINDRICAL_SURFACE('',#11031,0.00100063064026715);
#202=CYLINDRICAL_SURFACE('',#11033,0.00100063064026715);
#203=CYLINDRICAL_SURFACE('',#11035,0.00100063064026713);
#204=CYLINDRICAL_SURFACE('',#11037,0.0010006308389954);
#205=CYLINDRICAL_SURFACE('',#11039,0.00100063064026717);
#206=CYLINDRICAL_SURFACE('',#11041,0.00100063064026713);
#207=CYLINDRICAL_SURFACE('',#11043,0.00100063064026717);
#208=CYLINDRICAL_SURFACE('',#11045,0.00100063064026717);
#209=CYLINDRICAL_SURFACE('',#11047,0.00100063064026717);
#210=CYLINDRICAL_SURFACE('',#11049,0.00100063064026716);
#211=CYLINDRICAL_SURFACE('',#11051,0.00100063064026713);
#212=CYLINDRICAL_SURFACE('',#11053,0.00100063064026712);
#213=CYLINDRICAL_SURFACE('',#11055,0.00100063064026717);
#214=CYLINDRICAL_SURFACE('',#11057,0.00100063064026715);
#215=CYLINDRICAL_SURFACE('',#11059,0.00100063064026715);
#216=CYLINDRICAL_SURFACE('',#11061,0.00100063064026717);
#217=CYLINDRICAL_SURFACE('',#11063,0.00100063064026713);
#218=CYLINDRICAL_SURFACE('',#11065,0.00100063064026717);
#219=CYLINDRICAL_SURFACE('',#11067,0.00100063064026715);
#220=CYLINDRICAL_SURFACE('',#11069,0.00100063064026713);
#221=CYLINDRICAL_SURFACE('',#11071,0.00100063064026717);
#222=CYLINDRICAL_SURFACE('',#11073,0.00100063064026716);
#223=CYLINDRICAL_SURFACE('',#11075,0.00100063064026717);
#224=CYLINDRICAL_SURFACE('',#11077,0.00100063064026712);
#225=CYLINDRICAL_SURFACE('',#11079,0.00100063064026717);
#226=CYLINDRICAL_SURFACE('',#11081,0.00100063064026717);
#227=CYLINDRICAL_SURFACE('',#11083,0.00100063064026713);
#228=CYLINDRICAL_SURFACE('',#11085,0.00100063064026717);
#229=CYLINDRICAL_SURFACE('',#11087,0.00100063064026713);
#230=CYLINDRICAL_SURFACE('',#11089,0.00100063064026716);
#231=CYLINDRICAL_SURFACE('',#11091,0.00100063064026713);
#232=CYLINDRICAL_SURFACE('',#11093,0.0010006306402671);
#233=CYLINDRICAL_SURFACE('',#11095,0.00100063064026713);
#234=CYLINDRICAL_SURFACE('',#11097,0.00100063064026713);
#235=CYLINDRICAL_SURFACE('',#11099,0.00100063064026717);
#236=CYLINDRICAL_SURFACE('',#11101,0.00100063064026713);
#237=CYLINDRICAL_SURFACE('',#11103,0.00754);
#238=CYLINDRICAL_SURFACE('',#11104,0.00754);
#239=CIRCLE('',#10172,0.00381);
#240=CIRCLE('',#10173,0.00381);
#241=CIRCLE('',#10174,0.00754);
#242=CIRCLE('',#10175,0.00381);
#243=CIRCLE('',#10176,0.00381);
#244=CIRCLE('',#10177,0.00754);
#245=CIRCLE('',#10178,0.00100063064026715);
#246=CIRCLE('',#10179,0.00100063064026714);
#247=CIRCLE('',#10180,0.00100063064026715);
#248=CIRCLE('',#10181,0.00100063064026714);
#249=CIRCLE('',#10182,0.00100063064026715);
#250=CIRCLE('',#10183,0.00100063064026714);
#251=CIRCLE('',#10184,0.00100063064026715);
#252=CIRCLE('',#10185,0.00100063064026715);
#253=CIRCLE('',#10186,0.00100063064026715);
#254=CIRCLE('',#10187,0.00100063064026717);
#255=CIRCLE('',#10188,0.00100063064026713);
#256=CIRCLE('',#10189,0.00100063064026717);
#257=CIRCLE('',#10190,0.00100063064026713);
#258=CIRCLE('',#10191,0.00100063064026717);
#259=CIRCLE('',#10192,0.00100063064026713);
#260=CIRCLE('',#10193,0.00100063064026713);
#261=CIRCLE('',#10194,0.0010006306402671);
#262=CIRCLE('',#10195,0.00100063064026713);
#263=CIRCLE('',#10196,0.00100063064026716);
#264=CIRCLE('',#10197,0.00100063064026713);
#265=CIRCLE('',#10198,0.00100063064026717);
#266=CIRCLE('',#10199,0.00100063064026713);
#267=CIRCLE('',#10200,0.00100063064026717);
#268=CIRCLE('',#10201,0.00100063064026717);
#269=CIRCLE('',#10202,0.00100063064026712);
#270=CIRCLE('',#10203,0.00100063064026717);
#271=CIRCLE('',#10204,0.00100063064026716);
#272=CIRCLE('',#10205,0.00100063064026717);
#273=CIRCLE('',#10206,0.00100063064026713);
#274=CIRCLE('',#10207,0.00100063064026715);
#275=CIRCLE('',#10208,0.00100063064026717);
#276=CIRCLE('',#10209,0.00100063064026713);
#277=CIRCLE('',#10210,0.00100063064026717);
#278=CIRCLE('',#10211,0.00100063064026715);
#279=CIRCLE('',#10212,0.00100063064026715);
#280=CIRCLE('',#10213,0.00100063064026717);
#281=CIRCLE('',#10214,0.00100063064026712);
#282=CIRCLE('',#10215,0.00100063064026713);
#283=CIRCLE('',#10216,0.00100063064026716);
#284=CIRCLE('',#10217,0.00100063064026717);
#285=CIRCLE('',#10218,0.00100063064026717);
#286=CIRCLE('',#10219,0.00100063064026717);
#287=CIRCLE('',#10220,0.00100063064026713);
#288=CIRCLE('',#10221,0.00100063064026717);
#289=CIRCLE('',#10222,0.0010006308389954);
#290=CIRCLE('',#10223,0.00100063064026713);
#291=CIRCLE('',#10224,0.00100063064026715);
#292=CIRCLE('',#10225,0.00100063064026715);
#293=CIRCLE('',#10226,0.00100063064026715);
#294=CIRCLE('',#10227,0.00100063064026717);
#295=CIRCLE('',#10228,0.00100063064026717);
#296=CIRCLE('',#10229,0.00100063064026712);
#297=CIRCLE('',#10230,0.00100063064026713);
#298=CIRCLE('',#10231,0.00100063064026716);
#299=CIRCLE('',#10232,0.00100063064026712);
#300=CIRCLE('',#10233,0.00100063064026713);
#301=CIRCLE('',#10234,0.00100063064026716);
#302=CIRCLE('',#10235,0.00100063064026717);
#303=CIRCLE('',#10236,0.00100063064026713);
#304=CIRCLE('',#10237,0.00100063064026713);
#305=CIRCLE('',#10238,0.00100063064026717);
#306=CIRCLE('',#10239,0.00100063064026717);
#307=CIRCLE('',#10240,0.00100063064026717);
#308=CIRCLE('',#10241,0.00100063064026717);
#309=CIRCLE('',#10242,0.00100063064026717);
#310=CIRCLE('',#10243,0.00100063064026713);
#311=CIRCLE('',#10244,0.00100063064026713);
#312=CIRCLE('',#10245,0.00100063064026713);
#313=CIRCLE('',#10246,0.00100063064026717);
#314=CIRCLE('',#10247,0.00100063064026713);
#315=CIRCLE('',#10248,0.00100063064026716);
#316=CIRCLE('',#10249,0.00100063064026713);
#317=CIRCLE('',#10250,0.00100063064026716);
#318=CIRCLE('',#10251,0.00100063064026717);
#319=CIRCLE('',#10252,0.00100063064026716);
#320=CIRCLE('',#10253,0.00100063064026717);
#321=CIRCLE('',#10254,0.00100063064026712);
#322=CIRCLE('',#10255,0.00100063064026713);
#323=CIRCLE('',#10256,0.00100063064026713);
#324=CIRCLE('',#10257,0.00100063064026717);
#325=CIRCLE('',#10258,0.00100063064026717);
#326=CIRCLE('',#10259,0.00100063064026713);
#327=CIRCLE('',#10260,0.00100063064026717);
#328=CIRCLE('',#10261,0.00100063064026713);
#329=CIRCLE('',#10262,0.00100063064026713);
#330=CIRCLE('',#10263,0.00100063064026717);
#331=CIRCLE('',#10264,0.00100063064026717);
#332=CIRCLE('',#10265,0.00100063064026712);
#333=CIRCLE('',#10266,0.00100063064026716);
#334=CIRCLE('',#10267,0.0010006308389954);
#335=CIRCLE('',#10268,0.00100063064026713);
#336=CIRCLE('',#10269,0.00100063064026712);
#337=CIRCLE('',#10270,0.00100063064026716);
#338=CIRCLE('',#10271,0.00100063064026717);
#339=CIRCLE('',#10272,0.00100063064026716);
#340=CIRCLE('',#10273,0.00100063064026717);
#341=CIRCLE('',#10274,0.00100063064026716);
#342=CIRCLE('',#10275,0.00100063064026717);
#343=CIRCLE('',#10276,0.00100063064026712);
#344=CIRCLE('',#10277,0.00100063064026713);
#345=CIRCLE('',#10278,0.00100063064026717);
#346=CIRCLE('',#10279,0.00100063064026715);
#347=CIRCLE('',#10280,0.00100063064026715);
#348=CIRCLE('',#10281,0.00100063064026715);
#349=CIRCLE('',#10282,0.00100063064026716);
#350=CIRCLE('',#10283,0.00100063064026717);
#351=CIRCLE('',#10284,0.00100063064026716);
#352=CIRCLE('',#10285,0.00100063064026717);
#353=CIRCLE('',#10286,0.00100063064026717);
#354=CIRCLE('',#10287,0.00100063064026713);
#355=CIRCLE('',#10288,0.00100063064026717);
#356=CIRCLE('',#10289,0.00100063064026713);
#357=CIRCLE('',#10290,0.00100063064026717);
#358=CIRCLE('',#10291,0.00100063064026713);
#359=CIRCLE('',#10292,0.00100063064026717);
#360=CIRCLE('',#10293,0.0010006308389954);
#361=CIRCLE('',#10294,0.00100063064026713);
#362=CIRCLE('',#10295,0.00100063064026717);
#363=CIRCLE('',#10296,0.00100063064026713);
#364=CIRCLE('',#10297,0.00100063064026713);
#365=CIRCLE('',#10298,0.00100063064026717);
#366=CIRCLE('',#10299,0.00100063064026713);
#367=CIRCLE('',#10300,0.00100063064026716);
#368=CIRCLE('',#10301,0.00100063064026713);
#369=CIRCLE('',#10302,0.00100063064026716);
#370=CIRCLE('',#10303,0.00100063064026717);
#371=CIRCLE('',#10304,0.0010006306402671);
#372=CIRCLE('',#10305,0.00100063064026713);
#373=CIRCLE('',#10306,0.00100063064026717);
#374=CIRCLE('',#10307,0.00100063064026713);
#375=CIRCLE('',#10308,0.00100063064026713);
#376=CIRCLE('',#10309,0.00100063064026712);
#377=CIRCLE('',#10310,0.00100063064026717);
#378=CIRCLE('',#10311,0.00100063064026716);
#379=CIRCLE('',#10312,0.00100063064026713);
#380=CIRCLE('',#10313,0.00100063064026716);
#381=CIRCLE('',#10314,0.00100063064026717);
#382=CIRCLE('',#10315,0.00100063064026712);
#383=CIRCLE('',#10316,0.00100063064026717);
#384=CIRCLE('',#10317,0.00100063064026717);
#385=CIRCLE('',#10318,0.00100063064026713);
#386=CIRCLE('',#10319,0.00100063064026713);
#387=CIRCLE('',#10320,0.00100063064026716);
#388=CIRCLE('',#10321,0.00100063064026713);
#389=CIRCLE('',#10322,0.00100063064026716);
#390=CIRCLE('',#10323,0.00100063064026717);
#391=CIRCLE('',#10324,0.00100063064026717);
#392=CIRCLE('',#10325,0.00100063064026716);
#393=CIRCLE('',#10326,0.00100063064026713);
#394=CIRCLE('',#10327,0.00100063064026716);
#395=CIRCLE('',#10328,0.00100063064026714);
#396=CIRCLE('',#10329,0.00100063064026715);
#397=CIRCLE('',#10330,0.00100063064026714);
#398=CIRCLE('',#10331,0.00100063064026715);
#399=CIRCLE('',#10332,0.00100063064026717);
#400=CIRCLE('',#10333,0.00100063064026717);
#401=CIRCLE('',#10334,0.00100063064026717);
#402=CIRCLE('',#10335,0.00100063064026713);
#403=CIRCLE('',#10336,0.00100063064026717);
#404=CIRCLE('',#10337,0.00100063064026713);
#405=CIRCLE('',#10338,0.00100063064026717);
#406=CIRCLE('',#10339,0.00100063064026717);
#407=CIRCLE('',#10340,0.00100063064026717);
#408=CIRCLE('',#10341,0.00100063064026717);
#409=CIRCLE('',#10342,0.00100063064026717);
#410=CIRCLE('',#10343,0.00100063064026713);
#411=CIRCLE('',#10344,0.00100063064026713);
#412=CIRCLE('',#10345,0.00100063064026717);
#413=CIRCLE('',#10346,0.00100063064026717);
#414=CIRCLE('',#10347,0.00100063064026717);
#415=CIRCLE('',#10348,0.00100063064026716);
#416=CIRCLE('',#10349,0.00100063064026715);
#417=CIRCLE('',#10350,0.00100063064026716);
#418=CIRCLE('',#10351,0.00100063064026717);
#419=CIRCLE('',#10352,0.00100063064026716);
#420=CIRCLE('',#10353,0.00100063064026713);
#421=CIRCLE('',#10354,0.00100063064026716);
#422=CIRCLE('',#10355,0.00100063064026717);
#423=CIRCLE('',#10356,0.00100063064026717);
#424=CIRCLE('',#10357,0.00100063064026713);
#425=CIRCLE('',#10358,0.00100063064026717);
#426=CIRCLE('',#10359,0.00100063064026717);
#427=CIRCLE('',#10360,0.00100063064026717);
#428=CIRCLE('',#10361,0.00100063064026717);
#429=CIRCLE('',#10362,0.00100063064026713);
#430=CIRCLE('',#10363,0.00100063064026713);
#431=CIRCLE('',#10364,0.00100063064026716);
#432=CIRCLE('',#10365,0.00100063064026717);
#433=CIRCLE('',#10366,0.00100063064026712);
#434=CIRCLE('',#10367,0.00100063064026717);
#435=CIRCLE('',#10368,0.000500630640267161);
#436=CIRCLE('',#10369,0.000500630640267144);
#437=CIRCLE('',#10370,0.00050063064026709);
#438=CIRCLE('',#10371,0.000500630640267151);
#439=CIRCLE('',#10372,0.00100063064026714);
#440=CIRCLE('',#10373,0.00100063064026715);
#441=CIRCLE('',#10374,0.00100063064026714);
#442=CIRCLE('',#10375,0.00100063064026715);
#443=CIRCLE('',#10376,0.000500630640224246);
#444=CIRCLE('',#10377,0.000500630640224236);
#445=CIRCLE('',#10378,0.000500630640267161);
#446=CIRCLE('',#10379,0.000500630640267149);
#447=CIRCLE('',#10380,0.00100063064026716);
#448=CIRCLE('',#10381,0.00100063064026715);
#449=CIRCLE('',#10382,0.00100063064026714);
#450=CIRCLE('',#10383,0.00100063064026715);
#451=CIRCLE('',#10384,0.002286);
#452=CIRCLE('',#10385,0.002286);
#453=CIRCLE('',#10386,0.002286);
#454=CIRCLE('',#10387,0.002286);
#455=CIRCLE('',#10388,0.002286);
#456=CIRCLE('',#10389,0.002286);
#457=CIRCLE('',#10390,0.000381);
#458=CIRCLE('',#10391,0.000381);
#459=CIRCLE('',#10392,0.000381);
#460=CIRCLE('',#10393,0.000381);
#461=CIRCLE('',#10394,0.000635);
#462=CIRCLE('',#10395,0.000635);
#463=CIRCLE('',#10396,0.000381);
#464=CIRCLE('',#10397,0.000381);
#465=CIRCLE('',#10400,0.000381);
#466=CIRCLE('',#10403,0.000381);
#467=CIRCLE('',#10407,0.000635);
#468=CIRCLE('',#10410,0.000635);
#469=CIRCLE('',#10412,0.000381);
#470=CIRCLE('',#10415,0.000381);
#471=CIRCLE('',#10418,0.000381);
#472=CIRCLE('',#10421,0.000381);
#473=CIRCLE('',#10424,0.00381);
#474=CIRCLE('',#10427,0.002286);
#475=CIRCLE('',#10433,0.00381);
#476=CIRCLE('',#10436,0.002286);
#477=CIRCLE('',#10441,0.002286);
#478=CIRCLE('',#10443,0.00381);
#479=CIRCLE('',#10448,0.002286);
#480=CIRCLE('',#10450,0.00381);
#481=CIRCLE('',#10454,0.002286);
#482=CIRCLE('',#10456,0.002286);
#483=CIRCLE('',#10480,0.00100063064026717);
#484=CIRCLE('',#10481,0.00100063064026713);
#485=CIRCLE('',#10482,0.00100063064026717);
#486=CIRCLE('',#10483,0.00100063064026715);
#487=CIRCLE('',#10484,0.00100063064026715);
#488=CIRCLE('',#10485,0.00100063064026715);
#489=CIRCLE('',#10486,0.00100063064026714);
#490=CIRCLE('',#10487,0.00100063064026715);
#491=CIRCLE('',#10488,0.00100063064026714);
#492=CIRCLE('',#10489,0.00100063064026715);
#493=CIRCLE('',#10490,0.00100063064026714);
#494=CIRCLE('',#10491,0.00100063064026715);
#495=CIRCLE('',#10492,0.00754);
#496=CIRCLE('',#10493,0.00754);
#497=CIRCLE('',#10494,0.00100063064026716);
#498=CIRCLE('',#10495,0.00100063064026715);
#499=CIRCLE('',#10496,0.00100063064026714);
#500=CIRCLE('',#10497,0.00100063064026715);
#501=CIRCLE('',#10498,0.000500630640267149);
#502=CIRCLE('',#10499,0.000500630640267161);
#503=CIRCLE('',#10500,0.000500630640224236);
#504=CIRCLE('',#10501,0.000500630640224246);
#505=CIRCLE('',#10502,0.00100063064026714);
#506=CIRCLE('',#10503,0.00100063064026715);
#507=CIRCLE('',#10504,0.00100063064026714);
#508=CIRCLE('',#10505,0.00100063064026715);
#509=CIRCLE('',#10506,0.000500630640267151);
#510=CIRCLE('',#10507,0.00050063064026709);
#511=CIRCLE('',#10508,0.000500630640267144);
#512=CIRCLE('',#10509,0.000500630640267161);
#513=CIRCLE('',#10510,0.00100063064026716);
#514=CIRCLE('',#10511,0.00100063064026717);
#515=CIRCLE('',#10512,0.00100063064026712);
#516=CIRCLE('',#10513,0.00100063064026717);
#517=CIRCLE('',#10514,0.00100063064026717);
#518=CIRCLE('',#10515,0.00100063064026713);
#519=CIRCLE('',#10516,0.00100063064026713);
#520=CIRCLE('',#10517,0.00100063064026717);
#521=CIRCLE('',#10518,0.00100063064026717);
#522=CIRCLE('',#10519,0.00100063064026717);
#523=CIRCLE('',#10520,0.00100063064026717);
#524=CIRCLE('',#10521,0.00100063064026713);
#525=CIRCLE('',#10522,0.00100063064026716);
#526=CIRCLE('',#10523,0.00100063064026717);
#527=CIRCLE('',#10524,0.00100063064026716);
#528=CIRCLE('',#10525,0.00100063064026713);
#529=CIRCLE('',#10526,0.00100063064026716);
#530=CIRCLE('',#10527,0.00100063064026717);
#531=CIRCLE('',#10528,0.00100063064026716);
#532=CIRCLE('',#10529,0.00100063064026715);
#533=CIRCLE('',#10530,0.00100063064026713);
#534=CIRCLE('',#10531,0.00100063064026717);
#535=CIRCLE('',#10532,0.00100063064026717);
#536=CIRCLE('',#10533,0.00100063064026717);
#537=CIRCLE('',#10534,0.00100063064026717);
#538=CIRCLE('',#10535,0.00100063064026713);
#539=CIRCLE('',#10536,0.00100063064026717);
#540=CIRCLE('',#10537,0.00100063064026717);
#541=CIRCLE('',#10538,0.00100063064026717);
#542=CIRCLE('',#10539,0.00100063064026717);
#543=CIRCLE('',#10540,0.00100063064026717);
#544=CIRCLE('',#10541,0.00100063064026713);
#545=CIRCLE('',#10542,0.00100063064026717);
#546=CIRCLE('',#10543,0.00100063064026713);
#547=CIRCLE('',#10544,0.00100063064026717);
#548=CIRCLE('',#10545,0.00100063064026717);
#549=CIRCLE('',#10546,0.00100063064026714);
#550=CIRCLE('',#10547,0.00100063064026715);
#551=CIRCLE('',#10548,0.00100063064026714);
#552=CIRCLE('',#10549,0.00100063064026715);
#553=CIRCLE('',#10550,0.00100063064026717);
#554=CIRCLE('',#10551,0.00100063064026716);
#555=CIRCLE('',#10552,0.00100063064026713);
#556=CIRCLE('',#10553,0.00100063064026716);
#557=CIRCLE('',#10554,0.00100063064026716);
#558=CIRCLE('',#10555,0.00100063064026717);
#559=CIRCLE('',#10556,0.00100063064026716);
#560=CIRCLE('',#10557,0.00100063064026713);
#561=CIRCLE('',#10558,0.00100063064026717);
#562=CIRCLE('',#10559,0.00100063064026713);
#563=CIRCLE('',#10560,0.00100063064026713);
#564=CIRCLE('',#10561,0.00100063064026717);
#565=CIRCLE('',#10562,0.00100063064026713);
#566=CIRCLE('',#10563,0.00100063064026712);
#567=CIRCLE('',#10564,0.00100063064026717);
#568=CIRCLE('',#10565,0.00100063064026716);
#569=CIRCLE('',#10566,0.00100063064026713);
#570=CIRCLE('',#10567,0.00100063064026716);
#571=CIRCLE('',#10568,0.00100063064026717);
#572=CIRCLE('',#10569,0.00100063064026712);
#573=CIRCLE('',#10570,0.0010006306402671);
#574=CIRCLE('',#10571,0.00100063064026713);
#575=CIRCLE('',#10572,0.00100063064026717);
#576=CIRCLE('',#10573,0.00100063064026713);
#577=CIRCLE('',#10574,0.00100063064026716);
#578=CIRCLE('',#10575,0.00100063064026717);
#579=CIRCLE('',#10576,0.00100063064026716);
#580=CIRCLE('',#10577,0.00100063064026713);
#581=CIRCLE('',#10578,0.00100063064026713);
#582=CIRCLE('',#10579,0.00100063064026713);
#583=CIRCLE('',#10580,0.00100063064026717);
#584=CIRCLE('',#10581,0.00100063064026713);
#585=CIRCLE('',#10582,0.00100063064026717);
#586=CIRCLE('',#10583,0.00100063064026717);
#587=CIRCLE('',#10584,0.00100063064026713);
#588=CIRCLE('',#10585,0.0010006308389954);
#589=CIRCLE('',#10586,0.00100063064026717);
#590=CIRCLE('',#10587,0.00100063064026713);
#591=CIRCLE('',#10588,0.00100063064026717);
#592=CIRCLE('',#10589,0.00100063064026713);
#593=CIRCLE('',#10590,0.00100063064026717);
#594=CIRCLE('',#10591,0.00100063064026713);
#595=CIRCLE('',#10592,0.00100063064026716);
#596=CIRCLE('',#10593,0.00100063064026717);
#597=CIRCLE('',#10594,0.00100063064026716);
#598=CIRCLE('',#10595,0.00100063064026717);
#599=CIRCLE('',#10596,0.00100063064026717);
#600=CIRCLE('',#10597,0.00100063064026715);
#601=CIRCLE('',#10598,0.00100063064026715);
#602=CIRCLE('',#10599,0.00100063064026715);
#603=CIRCLE('',#10600,0.00100063064026716);
#604=CIRCLE('',#10601,0.00100063064026713);
#605=CIRCLE('',#10602,0.00100063064026712);
#606=CIRCLE('',#10603,0.00100063064026717);
#607=CIRCLE('',#10604,0.00100063064026716);
#608=CIRCLE('',#10605,0.00100063064026717);
#609=CIRCLE('',#10606,0.00100063064026716);
#610=CIRCLE('',#10607,0.00100063064026717);
#611=CIRCLE('',#10608,0.00100063064026717);
#612=CIRCLE('',#10609,0.00100063064026712);
#613=CIRCLE('',#10610,0.00100063064026713);
#614=CIRCLE('',#10611,0.0010006308389954);
#615=CIRCLE('',#10612,0.00100063064026716);
#616=CIRCLE('',#10613,0.00100063064026712);
#617=CIRCLE('',#10614,0.00100063064026717);
#618=CIRCLE('',#10615,0.00100063064026717);
#619=CIRCLE('',#10616,0.00100063064026713);
#620=CIRCLE('',#10617,0.00100063064026713);
#621=CIRCLE('',#10618,0.00100063064026713);
#622=CIRCLE('',#10619,0.00100063064026713);
#623=CIRCLE('',#10620,0.00100063064026717);
#624=CIRCLE('',#10621,0.00100063064026717);
#625=CIRCLE('',#10622,0.00100063064026716);
#626=CIRCLE('',#10623,0.00100063064026713);
#627=CIRCLE('',#10624,0.00100063064026712);
#628=CIRCLE('',#10625,0.00100063064026717);
#629=CIRCLE('',#10626,0.00100063064026716);
#630=CIRCLE('',#10627,0.00100063064026717);
#631=CIRCLE('',#10628,0.00100063064026716);
#632=CIRCLE('',#10629,0.00100063064026713);
#633=CIRCLE('',#10630,0.00100063064026713);
#634=CIRCLE('',#10631,0.00100063064026713);
#635=CIRCLE('',#10632,0.00100063064026717);
#636=CIRCLE('',#10633,0.00100063064026713);
#637=CIRCLE('',#10634,0.00100063064026717);
#638=CIRCLE('',#10635,0.00100063064026713);
#639=CIRCLE('',#10636,0.00100063064026717);
#640=CIRCLE('',#10637,0.00100063064026717);
#641=CIRCLE('',#10638,0.00100063064026713);
#642=CIRCLE('',#10639,0.00100063064026717);
#643=CIRCLE('',#10640,0.00100063064026717);
#644=CIRCLE('',#10641,0.00100063064026713);
#645=CIRCLE('',#10642,0.00100063064026712);
#646=CIRCLE('',#10643,0.00100063064026717);
#647=CIRCLE('',#10644,0.00100063064026716);
#648=CIRCLE('',#10645,0.00100063064026713);
#649=CIRCLE('',#10646,0.00100063064026717);
#650=CIRCLE('',#10647,0.00100063064026716);
#651=CIRCLE('',#10648,0.00100063064026713);
#652=CIRCLE('',#10649,0.00100063064026712);
#653=CIRCLE('',#10650,0.00100063064026715);
#654=CIRCLE('',#10651,0.00100063064026717);
#655=CIRCLE('',#10652,0.00100063064026715);
#656=CIRCLE('',#10653,0.00100063064026715);
#657=CIRCLE('',#10654,0.00100063064026717);
#658=CIRCLE('',#10655,0.00100063064026713);
#659=CIRCLE('',#10656,0.0010006308389954);
#660=CIRCLE('',#10657,0.00100063064026717);
#661=CIRCLE('',#10658,0.00100063064026713);
#662=CIRCLE('',#10659,0.00100063064026717);
#663=CIRCLE('',#10660,0.00100063064026712);
#664=CIRCLE('',#10661,0.00100063064026717);
#665=CIRCLE('',#10662,0.00100063064026716);
#666=CIRCLE('',#10663,0.00100063064026713);
#667=CIRCLE('',#10664,0.00100063064026717);
#668=CIRCLE('',#10665,0.00100063064026717);
#669=CIRCLE('',#10666,0.00100063064026715);
#670=CIRCLE('',#10667,0.00100063064026715);
#671=CIRCLE('',#10668,0.00100063064026713);
#672=CIRCLE('',#10669,0.00100063064026713);
#673=CIRCLE('',#10670,0.00100063064026717);
#674=CIRCLE('',#10671,0.00100063064026715);
#675=CIRCLE('',#10672,0.00100063064026712);
#676=CIRCLE('',#10673,0.00100063064026717);
#677=CIRCLE('',#10674,0.00100063064026716);
#678=CIRCLE('',#10675,0.00100063064026717);
#679=CIRCLE('',#10676,0.00100063064026717);
#680=CIRCLE('',#10677,0.00100063064026717);
#681=CIRCLE('',#10678,0.00100063064026717);
#682=CIRCLE('',#10679,0.00100063064026713);
#683=CIRCLE('',#10680,0.0010006306402671);
#684=CIRCLE('',#10681,0.00100063064026713);
#685=CIRCLE('',#10682,0.00100063064026716);
#686=CIRCLE('',#10683,0.00100063064026713);
#687=CIRCLE('',#10684,0.00100063064026713);
#688=CIRCLE('',#10685,0.00100063064026713);
#689=CIRCLE('',#10686,0.00100063064026713);
#690=CIRCLE('',#10687,0.00100063064026717);
#691=ORIENTED_EDGE('',*,*,#3635,.F.);
#692=ORIENTED_EDGE('',*,*,#3636,.F.);
#693=ORIENTED_EDGE('',*,*,#3637,.F.);
#694=ORIENTED_EDGE('',*,*,#3638,.F.);
#695=ORIENTED_EDGE('',*,*,#3639,.F.);
#696=ORIENTED_EDGE('',*,*,#3640,.F.);
#697=ORIENTED_EDGE('',*,*,#3641,.F.);
#698=ORIENTED_EDGE('',*,*,#3642,.F.);
#699=ORIENTED_EDGE('',*,*,#3643,.F.);
#700=ORIENTED_EDGE('',*,*,#3644,.F.);
#701=ORIENTED_EDGE('',*,*,#3645,.F.);
#702=ORIENTED_EDGE('',*,*,#3646,.F.);
#703=ORIENTED_EDGE('',*,*,#3647,.F.);
#704=ORIENTED_EDGE('',*,*,#3648,.F.);
#705=ORIENTED_EDGE('',*,*,#3649,.F.);
#706=ORIENTED_EDGE('',*,*,#3650,.F.);
#707=ORIENTED_EDGE('',*,*,#3651,.F.);
#708=ORIENTED_EDGE('',*,*,#3652,.F.);
#709=ORIENTED_EDGE('',*,*,#3653,.F.);
#710=ORIENTED_EDGE('',*,*,#3654,.F.);
#711=ORIENTED_EDGE('',*,*,#3655,.F.);
#712=ORIENTED_EDGE('',*,*,#3656,.F.);
#713=ORIENTED_EDGE('',*,*,#3657,.F.);
#714=ORIENTED_EDGE('',*,*,#3658,.F.);
#715=ORIENTED_EDGE('',*,*,#3659,.F.);
#716=ORIENTED_EDGE('',*,*,#3660,.F.);
#717=ORIENTED_EDGE('',*,*,#3661,.F.);
#718=ORIENTED_EDGE('',*,*,#3662,.F.);
#719=ORIENTED_EDGE('',*,*,#3663,.F.);
#720=ORIENTED_EDGE('',*,*,#3664,.F.);
#721=ORIENTED_EDGE('',*,*,#3637,.T.);
#722=ORIENTED_EDGE('',*,*,#3665,.F.);
#723=ORIENTED_EDGE('',*,*,#3666,.F.);
#724=ORIENTED_EDGE('',*,*,#3667,.T.);
#725=ORIENTED_EDGE('',*,*,#3640,.T.);
#726=ORIENTED_EDGE('',*,*,#3668,.F.);
#727=ORIENTED_EDGE('',*,*,#3669,.T.);
#728=ORIENTED_EDGE('',*,*,#3670,.F.);
#729=ORIENTED_EDGE('',*,*,#3646,.T.);
#730=ORIENTED_EDGE('',*,*,#3671,.F.);
#731=ORIENTED_EDGE('',*,*,#3672,.T.);
#732=ORIENTED_EDGE('',*,*,#3673,.F.);
#733=ORIENTED_EDGE('',*,*,#3645,.T.);
#734=ORIENTED_EDGE('',*,*,#3674,.T.);
#735=ORIENTED_EDGE('',*,*,#3675,.T.);
#736=ORIENTED_EDGE('',*,*,#3671,.T.);
#737=ORIENTED_EDGE('',*,*,#3650,.T.);
#738=ORIENTED_EDGE('',*,*,#3676,.T.);
#739=ORIENTED_EDGE('',*,*,#3677,.T.);
#740=ORIENTED_EDGE('',*,*,#3678,.F.);
#741=ORIENTED_EDGE('',*,*,#3654,.T.);
#742=ORIENTED_EDGE('',*,*,#3679,.T.);
#743=ORIENTED_EDGE('',*,*,#3680,.T.);
#744=ORIENTED_EDGE('',*,*,#3681,.F.);
#745=ORIENTED_EDGE('',*,*,#3658,.T.);
#746=ORIENTED_EDGE('',*,*,#3682,.T.);
#747=ORIENTED_EDGE('',*,*,#3683,.T.);
#748=ORIENTED_EDGE('',*,*,#3684,.F.);
#749=ORIENTED_EDGE('',*,*,#3636,.T.);
#750=ORIENTED_EDGE('',*,*,#3685,.T.);
#751=ORIENTED_EDGE('',*,*,#3686,.F.);
#752=ORIENTED_EDGE('',*,*,#3687,.T.);
#753=ORIENTED_EDGE('',*,*,#3688,.T.);
#754=ORIENTED_EDGE('',*,*,#3689,.T.);
#755=ORIENTED_EDGE('',*,*,#3690,.F.);
#756=ORIENTED_EDGE('',*,*,#3691,.T.);
#757=ORIENTED_EDGE('',*,*,#3692,.T.);
#758=ORIENTED_EDGE('',*,*,#3693,.T.);
#759=ORIENTED_EDGE('',*,*,#3694,.T.);
#760=ORIENTED_EDGE('',*,*,#3695,.T.);
#761=ORIENTED_EDGE('',*,*,#3696,.F.);
#762=ORIENTED_EDGE('',*,*,#3697,.T.);
#763=ORIENTED_EDGE('',*,*,#3698,.T.);
#764=ORIENTED_EDGE('',*,*,#3699,.T.);
#765=ORIENTED_EDGE('',*,*,#3700,.F.);
#766=ORIENTED_EDGE('',*,*,#3701,.T.);
#767=ORIENTED_EDGE('',*,*,#3702,.T.);
#768=ORIENTED_EDGE('',*,*,#3703,.T.);
#769=ORIENTED_EDGE('',*,*,#3704,.T.);
#770=ORIENTED_EDGE('',*,*,#3705,.T.);
#771=ORIENTED_EDGE('',*,*,#3706,.T.);
#772=ORIENTED_EDGE('',*,*,#3707,.T.);
#773=ORIENTED_EDGE('',*,*,#3708,.T.);
#774=ORIENTED_EDGE('',*,*,#3709,.T.);
#775=ORIENTED_EDGE('',*,*,#3710,.T.);
#776=ORIENTED_EDGE('',*,*,#3711,.T.);
#777=ORIENTED_EDGE('',*,*,#3712,.T.);
#778=ORIENTED_EDGE('',*,*,#3668,.T.);
#779=ORIENTED_EDGE('',*,*,#3639,.T.);
#780=ORIENTED_EDGE('',*,*,#3713,.F.);
#781=ORIENTED_EDGE('',*,*,#3714,.T.);
#782=ORIENTED_EDGE('',*,*,#3674,.F.);
#783=ORIENTED_EDGE('',*,*,#3644,.T.);
#784=ORIENTED_EDGE('',*,*,#3715,.T.);
#785=ORIENTED_EDGE('',*,*,#3716,.T.);
#786=ORIENTED_EDGE('',*,*,#3717,.T.);
#787=ORIENTED_EDGE('',*,*,#3718,.T.);
#788=ORIENTED_EDGE('',*,*,#3719,.T.);
#789=ORIENTED_EDGE('',*,*,#3663,.T.);
#790=ORIENTED_EDGE('',*,*,#3720,.T.);
#791=ORIENTED_EDGE('',*,*,#3721,.T.);
#792=ORIENTED_EDGE('',*,*,#3722,.T.);
#793=ORIENTED_EDGE('',*,*,#3723,.T.);
#794=ORIENTED_EDGE('',*,*,#3724,.T.);
#795=ORIENTED_EDGE('',*,*,#3659,.T.);
#796=ORIENTED_EDGE('',*,*,#3684,.T.);
#797=ORIENTED_EDGE('',*,*,#3725,.T.);
#798=ORIENTED_EDGE('',*,*,#3726,.T.);
#799=ORIENTED_EDGE('',*,*,#3727,.T.);
#800=ORIENTED_EDGE('',*,*,#3728,.T.);
#801=ORIENTED_EDGE('',*,*,#3655,.T.);
#802=ORIENTED_EDGE('',*,*,#3681,.T.);
#803=ORIENTED_EDGE('',*,*,#3729,.T.);
#804=ORIENTED_EDGE('',*,*,#3730,.T.);
#805=ORIENTED_EDGE('',*,*,#3731,.T.);
#806=ORIENTED_EDGE('',*,*,#3732,.T.);
#807=ORIENTED_EDGE('',*,*,#3651,.T.);
#808=ORIENTED_EDGE('',*,*,#3678,.T.);
#809=ORIENTED_EDGE('',*,*,#3733,.T.);
#810=ORIENTED_EDGE('',*,*,#3734,.T.);
#811=ORIENTED_EDGE('',*,*,#3735,.T.);
#812=ORIENTED_EDGE('',*,*,#3736,.T.);
#813=ORIENTED_EDGE('',*,*,#3737,.T.);
#814=ORIENTED_EDGE('',*,*,#3738,.T.);
#815=ORIENTED_EDGE('',*,*,#3739,.T.);
#816=ORIENTED_EDGE('',*,*,#3740,.T.);
#817=ORIENTED_EDGE('',*,*,#3741,.T.);
#818=ORIENTED_EDGE('',*,*,#3665,.T.);
#819=ORIENTED_EDGE('',*,*,#3742,.F.);
#820=ORIENTED_EDGE('',*,*,#3743,.F.);
#821=ORIENTED_EDGE('',*,*,#3744,.F.);
#822=ORIENTED_EDGE('',*,*,#3745,.F.);
#823=ORIENTED_EDGE('',*,*,#3746,.T.);
#824=ORIENTED_EDGE('',*,*,#3747,.T.);
#825=ORIENTED_EDGE('',*,*,#3748,.T.);
#826=ORIENTED_EDGE('',*,*,#3749,.T.);
#827=ORIENTED_EDGE('',*,*,#3750,.T.);
#828=ORIENTED_EDGE('',*,*,#3751,.T.);
#829=ORIENTED_EDGE('',*,*,#3752,.T.);
#830=ORIENTED_EDGE('',*,*,#3753,.T.);
#831=ORIENTED_EDGE('',*,*,#3754,.T.);
#832=ORIENTED_EDGE('',*,*,#3755,.T.);
#833=ORIENTED_EDGE('',*,*,#3756,.T.);
#834=ORIENTED_EDGE('',*,*,#3757,.T.);
#835=ORIENTED_EDGE('',*,*,#3758,.T.);
#836=ORIENTED_EDGE('',*,*,#3759,.T.);
#837=ORIENTED_EDGE('',*,*,#3760,.T.);
#838=ORIENTED_EDGE('',*,*,#3761,.T.);
#839=ORIENTED_EDGE('',*,*,#3762,.T.);
#840=ORIENTED_EDGE('',*,*,#3763,.T.);
#841=ORIENTED_EDGE('',*,*,#3764,.T.);
#842=ORIENTED_EDGE('',*,*,#3765,.T.);
#843=ORIENTED_EDGE('',*,*,#3766,.T.);
#844=ORIENTED_EDGE('',*,*,#3767,.T.);
#845=ORIENTED_EDGE('',*,*,#3768,.T.);
#846=ORIENTED_EDGE('',*,*,#3769,.T.);
#847=ORIENTED_EDGE('',*,*,#3770,.T.);
#848=ORIENTED_EDGE('',*,*,#3771,.T.);
#849=ORIENTED_EDGE('',*,*,#3772,.T.);
#850=ORIENTED_EDGE('',*,*,#3773,.T.);
#851=ORIENTED_EDGE('',*,*,#3774,.T.);
#852=ORIENTED_EDGE('',*,*,#3775,.T.);
#853=ORIENTED_EDGE('',*,*,#3776,.T.);
#854=ORIENTED_EDGE('',*,*,#3777,.T.);
#855=ORIENTED_EDGE('',*,*,#3778,.T.);
#856=ORIENTED_EDGE('',*,*,#3779,.T.);
#857=ORIENTED_EDGE('',*,*,#3780,.T.);
#858=ORIENTED_EDGE('',*,*,#3781,.T.);
#859=ORIENTED_EDGE('',*,*,#3782,.T.);
#860=ORIENTED_EDGE('',*,*,#3783,.T.);
#861=ORIENTED_EDGE('',*,*,#3784,.T.);
#862=ORIENTED_EDGE('',*,*,#3785,.T.);
#863=ORIENTED_EDGE('',*,*,#3786,.T.);
#864=ORIENTED_EDGE('',*,*,#3787,.T.);
#865=ORIENTED_EDGE('',*,*,#3788,.T.);
#866=ORIENTED_EDGE('',*,*,#3789,.T.);
#867=ORIENTED_EDGE('',*,*,#3790,.T.);
#868=ORIENTED_EDGE('',*,*,#3791,.T.);
#869=ORIENTED_EDGE('',*,*,#3792,.T.);
#870=ORIENTED_EDGE('',*,*,#3793,.T.);
#871=ORIENTED_EDGE('',*,*,#3794,.T.);
#872=ORIENTED_EDGE('',*,*,#3795,.T.);
#873=ORIENTED_EDGE('',*,*,#3796,.T.);
#874=ORIENTED_EDGE('',*,*,#3797,.T.);
#875=ORIENTED_EDGE('',*,*,#3798,.T.);
#876=ORIENTED_EDGE('',*,*,#3799,.T.);
#877=ORIENTED_EDGE('',*,*,#3800,.T.);
#878=ORIENTED_EDGE('',*,*,#3801,.T.);
#879=ORIENTED_EDGE('',*,*,#3802,.T.);
#880=ORIENTED_EDGE('',*,*,#3803,.T.);
#881=ORIENTED_EDGE('',*,*,#3804,.T.);
#882=ORIENTED_EDGE('',*,*,#3805,.T.);
#883=ORIENTED_EDGE('',*,*,#3806,.T.);
#884=ORIENTED_EDGE('',*,*,#3807,.T.);
#885=ORIENTED_EDGE('',*,*,#3808,.T.);
#886=ORIENTED_EDGE('',*,*,#3809,.T.);
#887=ORIENTED_EDGE('',*,*,#3810,.T.);
#888=ORIENTED_EDGE('',*,*,#3811,.T.);
#889=ORIENTED_EDGE('',*,*,#3812,.T.);
#890=ORIENTED_EDGE('',*,*,#3813,.T.);
#891=ORIENTED_EDGE('',*,*,#3814,.T.);
#892=ORIENTED_EDGE('',*,*,#3815,.T.);
#893=ORIENTED_EDGE('',*,*,#3816,.T.);
#894=ORIENTED_EDGE('',*,*,#3817,.T.);
#895=ORIENTED_EDGE('',*,*,#3818,.T.);
#896=ORIENTED_EDGE('',*,*,#3819,.T.);
#897=ORIENTED_EDGE('',*,*,#3820,.T.);
#898=ORIENTED_EDGE('',*,*,#3821,.T.);
#899=ORIENTED_EDGE('',*,*,#3822,.T.);
#900=ORIENTED_EDGE('',*,*,#3823,.T.);
#901=ORIENTED_EDGE('',*,*,#3824,.T.);
#902=ORIENTED_EDGE('',*,*,#3825,.T.);
#903=ORIENTED_EDGE('',*,*,#3826,.T.);
#904=ORIENTED_EDGE('',*,*,#3827,.T.);
#905=ORIENTED_EDGE('',*,*,#3828,.T.);
#906=ORIENTED_EDGE('',*,*,#3829,.T.);
#907=ORIENTED_EDGE('',*,*,#3830,.T.);
#908=ORIENTED_EDGE('',*,*,#3831,.T.);
#909=ORIENTED_EDGE('',*,*,#3832,.T.);
#910=ORIENTED_EDGE('',*,*,#3833,.T.);
#911=ORIENTED_EDGE('',*,*,#3834,.T.);
#912=ORIENTED_EDGE('',*,*,#3835,.T.);
#913=ORIENTED_EDGE('',*,*,#3836,.T.);
#914=ORIENTED_EDGE('',*,*,#3837,.T.);
#915=ORIENTED_EDGE('',*,*,#3838,.T.);
#916=ORIENTED_EDGE('',*,*,#3839,.T.);
#917=ORIENTED_EDGE('',*,*,#3840,.T.);
#918=ORIENTED_EDGE('',*,*,#3841,.T.);
#919=ORIENTED_EDGE('',*,*,#3842,.T.);
#920=ORIENTED_EDGE('',*,*,#3843,.T.);
#921=ORIENTED_EDGE('',*,*,#3844,.T.);
#922=ORIENTED_EDGE('',*,*,#3845,.T.);
#923=ORIENTED_EDGE('',*,*,#3846,.T.);
#924=ORIENTED_EDGE('',*,*,#3847,.T.);
#925=ORIENTED_EDGE('',*,*,#3848,.T.);
#926=ORIENTED_EDGE('',*,*,#3849,.T.);
#927=ORIENTED_EDGE('',*,*,#3850,.T.);
#928=ORIENTED_EDGE('',*,*,#3851,.T.);
#929=ORIENTED_EDGE('',*,*,#3852,.T.);
#930=ORIENTED_EDGE('',*,*,#3853,.T.);
#931=ORIENTED_EDGE('',*,*,#3854,.T.);
#932=ORIENTED_EDGE('',*,*,#3855,.T.);
#933=ORIENTED_EDGE('',*,*,#3856,.T.);
#934=ORIENTED_EDGE('',*,*,#3857,.T.);
#935=ORIENTED_EDGE('',*,*,#3858,.T.);
#936=ORIENTED_EDGE('',*,*,#3859,.T.);
#937=ORIENTED_EDGE('',*,*,#3860,.T.);
#938=ORIENTED_EDGE('',*,*,#3861,.T.);
#939=ORIENTED_EDGE('',*,*,#3862,.T.);
#940=ORIENTED_EDGE('',*,*,#3863,.T.);
#941=ORIENTED_EDGE('',*,*,#3864,.T.);
#942=ORIENTED_EDGE('',*,*,#3865,.T.);
#943=ORIENTED_EDGE('',*,*,#3866,.T.);
#944=ORIENTED_EDGE('',*,*,#3867,.T.);
#945=ORIENTED_EDGE('',*,*,#3868,.T.);
#946=ORIENTED_EDGE('',*,*,#3869,.T.);
#947=ORIENTED_EDGE('',*,*,#3870,.T.);
#948=ORIENTED_EDGE('',*,*,#3871,.T.);
#949=ORIENTED_EDGE('',*,*,#3872,.T.);
#950=ORIENTED_EDGE('',*,*,#3873,.T.);
#951=ORIENTED_EDGE('',*,*,#3874,.T.);
#952=ORIENTED_EDGE('',*,*,#3875,.T.);
#953=ORIENTED_EDGE('',*,*,#3876,.T.);
#954=ORIENTED_EDGE('',*,*,#3877,.T.);
#955=ORIENTED_EDGE('',*,*,#3878,.T.);
#956=ORIENTED_EDGE('',*,*,#3879,.T.);
#957=ORIENTED_EDGE('',*,*,#3880,.T.);
#958=ORIENTED_EDGE('',*,*,#3881,.T.);
#959=ORIENTED_EDGE('',*,*,#3882,.T.);
#960=ORIENTED_EDGE('',*,*,#3883,.T.);
#961=ORIENTED_EDGE('',*,*,#3884,.T.);
#962=ORIENTED_EDGE('',*,*,#3885,.T.);
#963=ORIENTED_EDGE('',*,*,#3886,.T.);
#964=ORIENTED_EDGE('',*,*,#3887,.T.);
#965=ORIENTED_EDGE('',*,*,#3888,.T.);
#966=ORIENTED_EDGE('',*,*,#3889,.T.);
#967=ORIENTED_EDGE('',*,*,#3890,.T.);
#968=ORIENTED_EDGE('',*,*,#3891,.T.);
#969=ORIENTED_EDGE('',*,*,#3892,.T.);
#970=ORIENTED_EDGE('',*,*,#3893,.T.);
#971=ORIENTED_EDGE('',*,*,#3894,.T.);
#972=ORIENTED_EDGE('',*,*,#3895,.T.);
#973=ORIENTED_EDGE('',*,*,#3896,.T.);
#974=ORIENTED_EDGE('',*,*,#3897,.T.);
#975=ORIENTED_EDGE('',*,*,#3898,.T.);
#976=ORIENTED_EDGE('',*,*,#3899,.T.);
#977=ORIENTED_EDGE('',*,*,#3900,.T.);
#978=ORIENTED_EDGE('',*,*,#3901,.T.);
#979=ORIENTED_EDGE('',*,*,#3902,.T.);
#980=ORIENTED_EDGE('',*,*,#3903,.T.);
#981=ORIENTED_EDGE('',*,*,#3904,.T.);
#982=ORIENTED_EDGE('',*,*,#3905,.T.);
#983=ORIENTED_EDGE('',*,*,#3906,.T.);
#984=ORIENTED_EDGE('',*,*,#3907,.T.);
#985=ORIENTED_EDGE('',*,*,#3908,.T.);
#986=ORIENTED_EDGE('',*,*,#3909,.T.);
#987=ORIENTED_EDGE('',*,*,#3910,.T.);
#988=ORIENTED_EDGE('',*,*,#3911,.T.);
#989=ORIENTED_EDGE('',*,*,#3912,.T.);
#990=ORIENTED_EDGE('',*,*,#3913,.T.);
#991=ORIENTED_EDGE('',*,*,#3914,.T.);
#992=ORIENTED_EDGE('',*,*,#3915,.T.);
#993=ORIENTED_EDGE('',*,*,#3916,.T.);
#994=ORIENTED_EDGE('',*,*,#3917,.T.);
#995=ORIENTED_EDGE('',*,*,#3918,.T.);
#996=ORIENTED_EDGE('',*,*,#3919,.T.);
#997=ORIENTED_EDGE('',*,*,#3920,.T.);
#998=ORIENTED_EDGE('',*,*,#3921,.T.);
#999=ORIENTED_EDGE('',*,*,#3922,.T.);
#1000=ORIENTED_EDGE('',*,*,#3923,.T.);
#1001=ORIENTED_EDGE('',*,*,#3924,.T.);
#1002=ORIENTED_EDGE('',*,*,#3925,.T.);
#1003=ORIENTED_EDGE('',*,*,#3926,.T.);
#1004=ORIENTED_EDGE('',*,*,#3927,.T.);
#1005=ORIENTED_EDGE('',*,*,#3928,.T.);
#1006=ORIENTED_EDGE('',*,*,#3929,.T.);
#1007=ORIENTED_EDGE('',*,*,#3930,.T.);
#1008=ORIENTED_EDGE('',*,*,#3931,.T.);
#1009=ORIENTED_EDGE('',*,*,#3932,.T.);
#1010=ORIENTED_EDGE('',*,*,#3933,.T.);
#1011=ORIENTED_EDGE('',*,*,#3934,.T.);
#1012=ORIENTED_EDGE('',*,*,#3935,.T.);
#1013=ORIENTED_EDGE('',*,*,#3936,.T.);
#1014=ORIENTED_EDGE('',*,*,#3937,.T.);
#1015=ORIENTED_EDGE('',*,*,#3938,.T.);
#1016=ORIENTED_EDGE('',*,*,#3939,.T.);
#1017=ORIENTED_EDGE('',*,*,#3940,.T.);
#1018=ORIENTED_EDGE('',*,*,#3941,.T.);
#1019=ORIENTED_EDGE('',*,*,#3942,.T.);
#1020=ORIENTED_EDGE('',*,*,#3943,.T.);
#1021=ORIENTED_EDGE('',*,*,#3944,.T.);
#1022=ORIENTED_EDGE('',*,*,#3945,.T.);
#1023=ORIENTED_EDGE('',*,*,#3946,.T.);
#1024=ORIENTED_EDGE('',*,*,#3947,.T.);
#1025=ORIENTED_EDGE('',*,*,#3948,.T.);
#1026=ORIENTED_EDGE('',*,*,#3949,.T.);
#1027=ORIENTED_EDGE('',*,*,#3950,.T.);
#1028=ORIENTED_EDGE('',*,*,#3951,.T.);
#1029=ORIENTED_EDGE('',*,*,#3952,.T.);
#1030=ORIENTED_EDGE('',*,*,#3953,.T.);
#1031=ORIENTED_EDGE('',*,*,#3954,.T.);
#1032=ORIENTED_EDGE('',*,*,#3955,.T.);
#1033=ORIENTED_EDGE('',*,*,#3956,.T.);
#1034=ORIENTED_EDGE('',*,*,#3957,.T.);
#1035=ORIENTED_EDGE('',*,*,#3958,.T.);
#1036=ORIENTED_EDGE('',*,*,#3959,.T.);
#1037=ORIENTED_EDGE('',*,*,#3960,.T.);
#1038=ORIENTED_EDGE('',*,*,#3961,.T.);
#1039=ORIENTED_EDGE('',*,*,#3962,.T.);
#1040=ORIENTED_EDGE('',*,*,#3963,.T.);
#1041=ORIENTED_EDGE('',*,*,#3964,.T.);
#1042=ORIENTED_EDGE('',*,*,#3965,.T.);
#1043=ORIENTED_EDGE('',*,*,#3966,.T.);
#1044=ORIENTED_EDGE('',*,*,#3967,.T.);
#1045=ORIENTED_EDGE('',*,*,#3968,.T.);
#1046=ORIENTED_EDGE('',*,*,#3969,.T.);
#1047=ORIENTED_EDGE('',*,*,#3970,.T.);
#1048=ORIENTED_EDGE('',*,*,#3971,.T.);
#1049=ORIENTED_EDGE('',*,*,#3972,.T.);
#1050=ORIENTED_EDGE('',*,*,#3973,.T.);
#1051=ORIENTED_EDGE('',*,*,#3974,.T.);
#1052=ORIENTED_EDGE('',*,*,#3975,.T.);
#1053=ORIENTED_EDGE('',*,*,#3976,.T.);
#1054=ORIENTED_EDGE('',*,*,#3977,.T.);
#1055=ORIENTED_EDGE('',*,*,#3978,.T.);
#1056=ORIENTED_EDGE('',*,*,#3979,.T.);
#1057=ORIENTED_EDGE('',*,*,#3980,.T.);
#1058=ORIENTED_EDGE('',*,*,#3981,.T.);
#1059=ORIENTED_EDGE('',*,*,#3982,.T.);
#1060=ORIENTED_EDGE('',*,*,#3983,.T.);
#1061=ORIENTED_EDGE('',*,*,#3984,.T.);
#1062=ORIENTED_EDGE('',*,*,#3985,.T.);
#1063=ORIENTED_EDGE('',*,*,#3986,.T.);
#1064=ORIENTED_EDGE('',*,*,#3987,.T.);
#1065=ORIENTED_EDGE('',*,*,#3988,.T.);
#1066=ORIENTED_EDGE('',*,*,#3989,.T.);
#1067=ORIENTED_EDGE('',*,*,#3990,.T.);
#1068=ORIENTED_EDGE('',*,*,#3991,.T.);
#1069=ORIENTED_EDGE('',*,*,#3992,.T.);
#1070=ORIENTED_EDGE('',*,*,#3993,.T.);
#1071=ORIENTED_EDGE('',*,*,#3994,.T.);
#1072=ORIENTED_EDGE('',*,*,#3995,.T.);
#1073=ORIENTED_EDGE('',*,*,#3996,.T.);
#1074=ORIENTED_EDGE('',*,*,#3997,.T.);
#1075=ORIENTED_EDGE('',*,*,#3998,.T.);
#1076=ORIENTED_EDGE('',*,*,#3999,.T.);
#1077=ORIENTED_EDGE('',*,*,#4000,.T.);
#1078=ORIENTED_EDGE('',*,*,#4001,.T.);
#1079=ORIENTED_EDGE('',*,*,#4002,.T.);
#1080=ORIENTED_EDGE('',*,*,#4003,.T.);
#1081=ORIENTED_EDGE('',*,*,#4004,.T.);
#1082=ORIENTED_EDGE('',*,*,#4005,.T.);
#1083=ORIENTED_EDGE('',*,*,#4006,.T.);
#1084=ORIENTED_EDGE('',*,*,#4007,.T.);
#1085=ORIENTED_EDGE('',*,*,#4008,.T.);
#1086=ORIENTED_EDGE('',*,*,#4009,.T.);
#1087=ORIENTED_EDGE('',*,*,#4010,.T.);
#1088=ORIENTED_EDGE('',*,*,#4011,.T.);
#1089=ORIENTED_EDGE('',*,*,#4012,.T.);
#1090=ORIENTED_EDGE('',*,*,#4013,.T.);
#1091=ORIENTED_EDGE('',*,*,#4014,.T.);
#1092=ORIENTED_EDGE('',*,*,#4015,.T.);
#1093=ORIENTED_EDGE('',*,*,#4016,.T.);
#1094=ORIENTED_EDGE('',*,*,#4017,.T.);
#1095=ORIENTED_EDGE('',*,*,#4018,.T.);
#1096=ORIENTED_EDGE('',*,*,#4019,.T.);
#1097=ORIENTED_EDGE('',*,*,#4020,.T.);
#1098=ORIENTED_EDGE('',*,*,#4021,.T.);
#1099=ORIENTED_EDGE('',*,*,#4022,.T.);
#1100=ORIENTED_EDGE('',*,*,#4023,.T.);
#1101=ORIENTED_EDGE('',*,*,#4024,.T.);
#1102=ORIENTED_EDGE('',*,*,#4025,.T.);
#1103=ORIENTED_EDGE('',*,*,#4026,.T.);
#1104=ORIENTED_EDGE('',*,*,#4027,.T.);
#1105=ORIENTED_EDGE('',*,*,#4028,.T.);
#1106=ORIENTED_EDGE('',*,*,#4029,.T.);
#1107=ORIENTED_EDGE('',*,*,#4030,.T.);
#1108=ORIENTED_EDGE('',*,*,#4031,.T.);
#1109=ORIENTED_EDGE('',*,*,#4032,.T.);
#1110=ORIENTED_EDGE('',*,*,#4033,.T.);
#1111=ORIENTED_EDGE('',*,*,#4034,.T.);
#1112=ORIENTED_EDGE('',*,*,#4035,.T.);
#1113=ORIENTED_EDGE('',*,*,#4036,.T.);
#1114=ORIENTED_EDGE('',*,*,#4037,.T.);
#1115=ORIENTED_EDGE('',*,*,#4038,.T.);
#1116=ORIENTED_EDGE('',*,*,#4039,.T.);
#1117=ORIENTED_EDGE('',*,*,#4040,.T.);
#1118=ORIENTED_EDGE('',*,*,#4041,.T.);
#1119=ORIENTED_EDGE('',*,*,#4042,.T.);
#1120=ORIENTED_EDGE('',*,*,#4043,.T.);
#1121=ORIENTED_EDGE('',*,*,#4044,.T.);
#1122=ORIENTED_EDGE('',*,*,#4045,.T.);
#1123=ORIENTED_EDGE('',*,*,#4046,.T.);
#1124=ORIENTED_EDGE('',*,*,#4047,.T.);
#1125=ORIENTED_EDGE('',*,*,#4048,.T.);
#1126=ORIENTED_EDGE('',*,*,#4049,.T.);
#1127=ORIENTED_EDGE('',*,*,#4050,.T.);
#1128=ORIENTED_EDGE('',*,*,#4051,.T.);
#1129=ORIENTED_EDGE('',*,*,#4052,.T.);
#1130=ORIENTED_EDGE('',*,*,#4053,.T.);
#1131=ORIENTED_EDGE('',*,*,#4054,.T.);
#1132=ORIENTED_EDGE('',*,*,#4055,.T.);
#1133=ORIENTED_EDGE('',*,*,#4056,.T.);
#1134=ORIENTED_EDGE('',*,*,#4057,.T.);
#1135=ORIENTED_EDGE('',*,*,#4058,.T.);
#1136=ORIENTED_EDGE('',*,*,#4059,.T.);
#1137=ORIENTED_EDGE('',*,*,#4060,.T.);
#1138=ORIENTED_EDGE('',*,*,#4061,.T.);
#1139=ORIENTED_EDGE('',*,*,#4062,.T.);
#1140=ORIENTED_EDGE('',*,*,#4063,.T.);
#1141=ORIENTED_EDGE('',*,*,#4064,.T.);
#1142=ORIENTED_EDGE('',*,*,#4065,.T.);
#1143=ORIENTED_EDGE('',*,*,#4066,.T.);
#1144=ORIENTED_EDGE('',*,*,#4067,.T.);
#1145=ORIENTED_EDGE('',*,*,#4068,.T.);
#1146=ORIENTED_EDGE('',*,*,#4069,.T.);
#1147=ORIENTED_EDGE('',*,*,#4070,.T.);
#1148=ORIENTED_EDGE('',*,*,#4071,.T.);
#1149=ORIENTED_EDGE('',*,*,#4072,.T.);
#1150=ORIENTED_EDGE('',*,*,#4073,.T.);
#1151=ORIENTED_EDGE('',*,*,#4074,.T.);
#1152=ORIENTED_EDGE('',*,*,#4075,.T.);
#1153=ORIENTED_EDGE('',*,*,#4076,.T.);
#1154=ORIENTED_EDGE('',*,*,#4077,.T.);
#1155=ORIENTED_EDGE('',*,*,#4078,.T.);
#1156=ORIENTED_EDGE('',*,*,#4079,.T.);
#1157=ORIENTED_EDGE('',*,*,#4080,.T.);
#1158=ORIENTED_EDGE('',*,*,#4081,.T.);
#1159=ORIENTED_EDGE('',*,*,#4082,.T.);
#1160=ORIENTED_EDGE('',*,*,#4083,.T.);
#1161=ORIENTED_EDGE('',*,*,#4084,.T.);
#1162=ORIENTED_EDGE('',*,*,#4085,.T.);
#1163=ORIENTED_EDGE('',*,*,#4086,.T.);
#1164=ORIENTED_EDGE('',*,*,#4087,.T.);
#1165=ORIENTED_EDGE('',*,*,#4088,.T.);
#1166=ORIENTED_EDGE('',*,*,#4089,.T.);
#1167=ORIENTED_EDGE('',*,*,#4090,.T.);
#1168=ORIENTED_EDGE('',*,*,#4091,.T.);
#1169=ORIENTED_EDGE('',*,*,#4092,.T.);
#1170=ORIENTED_EDGE('',*,*,#4093,.T.);
#1171=ORIENTED_EDGE('',*,*,#4094,.T.);
#1172=ORIENTED_EDGE('',*,*,#4095,.T.);
#1173=ORIENTED_EDGE('',*,*,#4096,.T.);
#1174=ORIENTED_EDGE('',*,*,#4097,.T.);
#1175=ORIENTED_EDGE('',*,*,#4098,.T.);
#1176=ORIENTED_EDGE('',*,*,#4099,.T.);
#1177=ORIENTED_EDGE('',*,*,#4100,.T.);
#1178=ORIENTED_EDGE('',*,*,#4101,.T.);
#1179=ORIENTED_EDGE('',*,*,#4102,.T.);
#1180=ORIENTED_EDGE('',*,*,#4103,.T.);
#1181=ORIENTED_EDGE('',*,*,#4104,.T.);
#1182=ORIENTED_EDGE('',*,*,#4105,.T.);
#1183=ORIENTED_EDGE('',*,*,#4106,.T.);
#1184=ORIENTED_EDGE('',*,*,#4107,.T.);
#1185=ORIENTED_EDGE('',*,*,#4108,.T.);
#1186=ORIENTED_EDGE('',*,*,#4109,.T.);
#1187=ORIENTED_EDGE('',*,*,#4110,.T.);
#1188=ORIENTED_EDGE('',*,*,#4111,.T.);
#1189=ORIENTED_EDGE('',*,*,#4112,.T.);
#1190=ORIENTED_EDGE('',*,*,#4113,.T.);
#1191=ORIENTED_EDGE('',*,*,#4114,.T.);
#1192=ORIENTED_EDGE('',*,*,#4115,.T.);
#1193=ORIENTED_EDGE('',*,*,#4116,.T.);
#1194=ORIENTED_EDGE('',*,*,#4117,.T.);
#1195=ORIENTED_EDGE('',*,*,#4118,.T.);
#1196=ORIENTED_EDGE('',*,*,#4119,.T.);
#1197=ORIENTED_EDGE('',*,*,#4120,.T.);
#1198=ORIENTED_EDGE('',*,*,#4121,.T.);
#1199=ORIENTED_EDGE('',*,*,#4122,.T.);
#1200=ORIENTED_EDGE('',*,*,#4123,.T.);
#1201=ORIENTED_EDGE('',*,*,#4124,.T.);
#1202=ORIENTED_EDGE('',*,*,#4125,.T.);
#1203=ORIENTED_EDGE('',*,*,#4126,.T.);
#1204=ORIENTED_EDGE('',*,*,#4127,.T.);
#1205=ORIENTED_EDGE('',*,*,#4128,.T.);
#1206=ORIENTED_EDGE('',*,*,#4129,.T.);
#1207=ORIENTED_EDGE('',*,*,#4130,.T.);
#1208=ORIENTED_EDGE('',*,*,#4131,.T.);
#1209=ORIENTED_EDGE('',*,*,#4132,.T.);
#1210=ORIENTED_EDGE('',*,*,#4133,.T.);
#1211=ORIENTED_EDGE('',*,*,#4134,.T.);
#1212=ORIENTED_EDGE('',*,*,#4135,.T.);
#1213=ORIENTED_EDGE('',*,*,#4136,.T.);
#1214=ORIENTED_EDGE('',*,*,#4137,.T.);
#1215=ORIENTED_EDGE('',*,*,#4138,.T.);
#1216=ORIENTED_EDGE('',*,*,#4139,.T.);
#1217=ORIENTED_EDGE('',*,*,#4140,.T.);
#1218=ORIENTED_EDGE('',*,*,#4141,.T.);
#1219=ORIENTED_EDGE('',*,*,#4142,.T.);
#1220=ORIENTED_EDGE('',*,*,#4143,.T.);
#1221=ORIENTED_EDGE('',*,*,#4144,.T.);
#1222=ORIENTED_EDGE('',*,*,#4145,.T.);
#1223=ORIENTED_EDGE('',*,*,#4146,.T.);
#1224=ORIENTED_EDGE('',*,*,#4147,.T.);
#1225=ORIENTED_EDGE('',*,*,#4148,.T.);
#1226=ORIENTED_EDGE('',*,*,#4149,.T.);
#1227=ORIENTED_EDGE('',*,*,#4150,.T.);
#1228=ORIENTED_EDGE('',*,*,#4151,.T.);
#1229=ORIENTED_EDGE('',*,*,#4152,.T.);
#1230=ORIENTED_EDGE('',*,*,#4153,.T.);
#1231=ORIENTED_EDGE('',*,*,#4154,.T.);
#1232=ORIENTED_EDGE('',*,*,#4155,.T.);
#1233=ORIENTED_EDGE('',*,*,#4156,.T.);
#1234=ORIENTED_EDGE('',*,*,#4157,.T.);
#1235=ORIENTED_EDGE('',*,*,#4158,.T.);
#1236=ORIENTED_EDGE('',*,*,#4159,.T.);
#1237=ORIENTED_EDGE('',*,*,#3662,.T.);
#1238=ORIENTED_EDGE('',*,*,#4160,.T.);
#1239=ORIENTED_EDGE('',*,*,#4161,.T.);
#1240=ORIENTED_EDGE('',*,*,#3720,.F.);
#1241=ORIENTED_EDGE('',*,*,#4162,.F.);
#1242=ORIENTED_EDGE('',*,*,#4163,.F.);
#1243=ORIENTED_EDGE('',*,*,#4158,.F.);
#1244=ORIENTED_EDGE('',*,*,#4164,.T.);
#1245=ORIENTED_EDGE('',*,*,#4165,.F.);
#1246=ORIENTED_EDGE('',*,*,#4164,.F.);
#1247=ORIENTED_EDGE('',*,*,#4157,.F.);
#1248=ORIENTED_EDGE('',*,*,#4166,.T.);
#1249=ORIENTED_EDGE('',*,*,#4167,.F.);
#1250=ORIENTED_EDGE('',*,*,#4166,.F.);
#1251=ORIENTED_EDGE('',*,*,#4156,.F.);
#1252=ORIENTED_EDGE('',*,*,#4168,.T.);
#1253=ORIENTED_EDGE('',*,*,#4169,.F.);
#1254=ORIENTED_EDGE('',*,*,#4168,.F.);
#1255=ORIENTED_EDGE('',*,*,#4159,.F.);
#1256=ORIENTED_EDGE('',*,*,#4163,.T.);
#1257=ORIENTED_EDGE('',*,*,#4170,.F.);
#1258=ORIENTED_EDGE('',*,*,#4171,.F.);
#1259=ORIENTED_EDGE('',*,*,#4154,.F.);
#1260=ORIENTED_EDGE('',*,*,#4172,.T.);
#1261=ORIENTED_EDGE('',*,*,#4173,.F.);
#1262=ORIENTED_EDGE('',*,*,#4172,.F.);
#1263=ORIENTED_EDGE('',*,*,#4153,.F.);
#1264=ORIENTED_EDGE('',*,*,#4174,.T.);
#1265=ORIENTED_EDGE('',*,*,#4175,.F.);
#1266=ORIENTED_EDGE('',*,*,#4174,.F.);
#1267=ORIENTED_EDGE('',*,*,#4152,.F.);
#1268=ORIENTED_EDGE('',*,*,#4176,.T.);
#1269=ORIENTED_EDGE('',*,*,#4177,.F.);
#1270=ORIENTED_EDGE('',*,*,#4176,.F.);
#1271=ORIENTED_EDGE('',*,*,#4155,.F.);
#1272=ORIENTED_EDGE('',*,*,#4171,.T.);
#1273=ORIENTED_EDGE('',*,*,#4178,.F.);
#1274=ORIENTED_EDGE('',*,*,#4179,.F.);
#1275=ORIENTED_EDGE('',*,*,#4150,.F.);
#1276=ORIENTED_EDGE('',*,*,#4180,.T.);
#1277=ORIENTED_EDGE('',*,*,#4181,.F.);
#1278=ORIENTED_EDGE('',*,*,#4180,.F.);
#1279=ORIENTED_EDGE('',*,*,#4149,.F.);
#1280=ORIENTED_EDGE('',*,*,#4182,.T.);
#1281=ORIENTED_EDGE('',*,*,#4183,.F.);
#1282=ORIENTED_EDGE('',*,*,#4182,.F.);
#1283=ORIENTED_EDGE('',*,*,#4148,.F.);
#1284=ORIENTED_EDGE('',*,*,#4184,.T.);
#1285=ORIENTED_EDGE('',*,*,#4185,.F.);
#1286=ORIENTED_EDGE('',*,*,#4184,.F.);
#1287=ORIENTED_EDGE('',*,*,#4151,.F.);
#1288=ORIENTED_EDGE('',*,*,#4179,.T.);
#1289=ORIENTED_EDGE('',*,*,#4186,.F.);
#1290=ORIENTED_EDGE('',*,*,#4187,.F.);
#1291=ORIENTED_EDGE('',*,*,#4146,.F.);
#1292=ORIENTED_EDGE('',*,*,#4188,.T.);
#1293=ORIENTED_EDGE('',*,*,#4189,.F.);
#1294=ORIENTED_EDGE('',*,*,#4188,.F.);
#1295=ORIENTED_EDGE('',*,*,#4145,.F.);
#1296=ORIENTED_EDGE('',*,*,#4190,.T.);
#1297=ORIENTED_EDGE('',*,*,#4191,.F.);
#1298=ORIENTED_EDGE('',*,*,#4190,.F.);
#1299=ORIENTED_EDGE('',*,*,#4144,.F.);
#1300=ORIENTED_EDGE('',*,*,#4192,.T.);
#1301=ORIENTED_EDGE('',*,*,#4193,.F.);
#1302=ORIENTED_EDGE('',*,*,#4192,.F.);
#1303=ORIENTED_EDGE('',*,*,#4147,.F.);
#1304=ORIENTED_EDGE('',*,*,#4187,.T.);
#1305=ORIENTED_EDGE('',*,*,#4194,.T.);
#1306=ORIENTED_EDGE('',*,*,#4195,.F.);
#1307=ORIENTED_EDGE('',*,*,#3701,.F.);
#1308=ORIENTED_EDGE('',*,*,#4196,.T.);
#1309=ORIENTED_EDGE('',*,*,#4197,.T.);
#1310=ORIENTED_EDGE('',*,*,#4198,.F.);
#1311=ORIENTED_EDGE('',*,*,#3702,.F.);
#1312=ORIENTED_EDGE('',*,*,#4195,.T.);
#1313=ORIENTED_EDGE('',*,*,#4143,.F.);
#1314=ORIENTED_EDGE('',*,*,#4199,.T.);
#1315=ORIENTED_EDGE('',*,*,#4200,.T.);
#1316=ORIENTED_EDGE('',*,*,#4196,.F.);
#1317=ORIENTED_EDGE('',*,*,#3700,.T.);
#1318=ORIENTED_EDGE('',*,*,#4201,.F.);
#1319=ORIENTED_EDGE('',*,*,#4198,.T.);
#1320=ORIENTED_EDGE('',*,*,#4202,.F.);
#1321=ORIENTED_EDGE('',*,*,#4203,.T.);
#1322=ORIENTED_EDGE('',*,*,#3703,.F.);
#1323=ORIENTED_EDGE('',*,*,#4201,.T.);
#1324=ORIENTED_EDGE('',*,*,#3699,.F.);
#1325=ORIENTED_EDGE('',*,*,#4204,.T.);
#1326=ORIENTED_EDGE('',*,*,#4205,.F.);
#1327=ORIENTED_EDGE('',*,*,#3635,.T.);
#1328=ORIENTED_EDGE('',*,*,#4206,.F.);
#1329=ORIENTED_EDGE('',*,*,#4207,.T.);
#1330=ORIENTED_EDGE('',*,*,#3685,.F.);
#1331=ORIENTED_EDGE('',*,*,#4208,.T.);
#1332=ORIENTED_EDGE('',*,*,#4209,.F.);
#1333=ORIENTED_EDGE('',*,*,#3697,.F.);
#1334=ORIENTED_EDGE('',*,*,#4210,.T.);
#1335=ORIENTED_EDGE('',*,*,#4211,.T.);
#1336=ORIENTED_EDGE('',*,*,#4204,.F.);
#1337=ORIENTED_EDGE('',*,*,#3698,.F.);
#1338=ORIENTED_EDGE('',*,*,#4209,.T.);
#1339=ORIENTED_EDGE('',*,*,#4142,.F.);
#1340=ORIENTED_EDGE('',*,*,#4212,.T.);
#1341=ORIENTED_EDGE('',*,*,#4213,.T.);
#1342=ORIENTED_EDGE('',*,*,#4210,.F.);
#1343=ORIENTED_EDGE('',*,*,#3696,.T.);
#1344=ORIENTED_EDGE('',*,*,#4214,.F.);
#1345=ORIENTED_EDGE('',*,*,#4214,.T.);
#1346=ORIENTED_EDGE('',*,*,#3695,.F.);
#1347=ORIENTED_EDGE('',*,*,#4215,.F.);
#1348=ORIENTED_EDGE('',*,*,#4216,.F.);
#1349=ORIENTED_EDGE('',*,*,#4217,.T.);
#1350=ORIENTED_EDGE('',*,*,#4218,.F.);
#1351=ORIENTED_EDGE('',*,*,#3686,.T.);
#1352=ORIENTED_EDGE('',*,*,#4207,.F.);
#1353=ORIENTED_EDGE('',*,*,#4141,.F.);
#1354=ORIENTED_EDGE('',*,*,#4219,.T.);
#1355=ORIENTED_EDGE('',*,*,#4220,.T.);
#1356=ORIENTED_EDGE('',*,*,#4221,.F.);
#1357=ORIENTED_EDGE('',*,*,#3687,.F.);
#1358=ORIENTED_EDGE('',*,*,#4218,.T.);
#1359=ORIENTED_EDGE('',*,*,#4222,.T.);
#1360=ORIENTED_EDGE('',*,*,#4223,.F.);
#1361=ORIENTED_EDGE('',*,*,#3688,.F.);
#1362=ORIENTED_EDGE('',*,*,#4221,.T.);
#1363=ORIENTED_EDGE('',*,*,#4223,.T.);
#1364=ORIENTED_EDGE('',*,*,#4224,.F.);
#1365=ORIENTED_EDGE('',*,*,#4225,.T.);
#1366=ORIENTED_EDGE('',*,*,#3689,.F.);
#1367=ORIENTED_EDGE('',*,*,#4226,.T.);
#1368=ORIENTED_EDGE('',*,*,#4227,.F.);
#1369=ORIENTED_EDGE('',*,*,#3690,.T.);
#1370=ORIENTED_EDGE('',*,*,#4225,.F.);
#1371=ORIENTED_EDGE('',*,*,#4140,.F.);
#1372=ORIENTED_EDGE('',*,*,#4228,.T.);
#1373=ORIENTED_EDGE('',*,*,#4229,.T.);
#1374=ORIENTED_EDGE('',*,*,#4230,.F.);
#1375=ORIENTED_EDGE('',*,*,#3691,.F.);
#1376=ORIENTED_EDGE('',*,*,#4227,.T.);
#1377=ORIENTED_EDGE('',*,*,#4231,.T.);
#1378=ORIENTED_EDGE('',*,*,#4232,.F.);
#1379=ORIENTED_EDGE('',*,*,#3692,.F.);
#1380=ORIENTED_EDGE('',*,*,#4230,.T.);
#1381=ORIENTED_EDGE('',*,*,#4232,.T.);
#1382=ORIENTED_EDGE('',*,*,#4233,.F.);
#1383=ORIENTED_EDGE('',*,*,#4234,.T.);
#1384=ORIENTED_EDGE('',*,*,#3693,.F.);
#1385=ORIENTED_EDGE('',*,*,#4235,.F.);
#1386=ORIENTED_EDGE('',*,*,#4139,.F.);
#1387=ORIENTED_EDGE('',*,*,#4236,.F.);
#1388=ORIENTED_EDGE('',*,*,#4138,.F.);
#1389=ORIENTED_EDGE('',*,*,#3742,.T.);
#1390=ORIENTED_EDGE('',*,*,#4237,.T.);
#1391=ORIENTED_EDGE('',*,*,#4238,.T.);
#1392=ORIENTED_EDGE('',*,*,#4239,.T.);
#1393=ORIENTED_EDGE('',*,*,#3745,.T.);
#1394=ORIENTED_EDGE('',*,*,#4240,.T.);
#1395=ORIENTED_EDGE('',*,*,#4241,.T.);
#1396=ORIENTED_EDGE('',*,*,#4237,.F.);
#1397=ORIENTED_EDGE('',*,*,#3744,.T.);
#1398=ORIENTED_EDGE('',*,*,#4242,.T.);
#1399=ORIENTED_EDGE('',*,*,#4243,.T.);
#1400=ORIENTED_EDGE('',*,*,#4240,.F.);
#1401=ORIENTED_EDGE('',*,*,#4244,.T.);
#1402=ORIENTED_EDGE('',*,*,#4242,.F.);
#1403=ORIENTED_EDGE('',*,*,#3743,.T.);
#1404=ORIENTED_EDGE('',*,*,#4239,.F.);
#1405=ORIENTED_EDGE('',*,*,#4244,.F.);
#1406=ORIENTED_EDGE('',*,*,#4245,.T.);
#1407=ORIENTED_EDGE('',*,*,#4246,.F.);
#1408=ORIENTED_EDGE('',*,*,#4247,.F.);
#1409=ORIENTED_EDGE('',*,*,#4238,.F.);
#1410=ORIENTED_EDGE('',*,*,#4248,.T.);
#1411=ORIENTED_EDGE('',*,*,#4249,.F.);
#1412=ORIENTED_EDGE('',*,*,#4245,.F.);
#1413=ORIENTED_EDGE('',*,*,#3643,.T.);
#1414=ORIENTED_EDGE('',*,*,#4250,.T.);
#1415=ORIENTED_EDGE('',*,*,#4251,.T.);
#1416=ORIENTED_EDGE('',*,*,#3713,.T.);
#1417=ORIENTED_EDGE('',*,*,#3642,.T.);
#1418=ORIENTED_EDGE('',*,*,#4252,.F.);
#1419=ORIENTED_EDGE('',*,*,#4253,.F.);
#1420=ORIENTED_EDGE('',*,*,#4250,.F.);
#1421=ORIENTED_EDGE('',*,*,#4254,.T.);
#1422=ORIENTED_EDGE('',*,*,#4255,.F.);
#1423=ORIENTED_EDGE('',*,*,#4256,.T.);
#1424=ORIENTED_EDGE('',*,*,#3711,.F.);
#1425=ORIENTED_EDGE('',*,*,#4257,.F.);
#1426=ORIENTED_EDGE('',*,*,#4258,.F.);
#1427=ORIENTED_EDGE('',*,*,#3707,.F.);
#1428=ORIENTED_EDGE('',*,*,#4259,.T.);
#1429=ORIENTED_EDGE('',*,*,#4260,.F.);
#1430=ORIENTED_EDGE('',*,*,#4259,.F.);
#1431=ORIENTED_EDGE('',*,*,#3706,.F.);
#1432=ORIENTED_EDGE('',*,*,#4261,.F.);
#1433=ORIENTED_EDGE('',*,*,#4262,.F.);
#1434=ORIENTED_EDGE('',*,*,#4263,.F.);
#1435=ORIENTED_EDGE('',*,*,#3708,.F.);
#1436=ORIENTED_EDGE('',*,*,#4258,.T.);
#1437=ORIENTED_EDGE('',*,*,#4264,.F.);
#1438=ORIENTED_EDGE('',*,*,#4265,.F.);
#1439=ORIENTED_EDGE('',*,*,#3748,.F.);
#1440=ORIENTED_EDGE('',*,*,#4266,.T.);
#1441=ORIENTED_EDGE('',*,*,#4267,.F.);
#1442=ORIENTED_EDGE('',*,*,#4266,.F.);
#1443=ORIENTED_EDGE('',*,*,#3747,.F.);
#1444=ORIENTED_EDGE('',*,*,#4268,.T.);
#1445=ORIENTED_EDGE('',*,*,#4269,.F.);
#1446=ORIENTED_EDGE('',*,*,#4268,.F.);
#1447=ORIENTED_EDGE('',*,*,#3746,.F.);
#1448=ORIENTED_EDGE('',*,*,#4270,.T.);
#1449=ORIENTED_EDGE('',*,*,#4271,.F.);
#1450=ORIENTED_EDGE('',*,*,#4270,.F.);
#1451=ORIENTED_EDGE('',*,*,#3749,.F.);
#1452=ORIENTED_EDGE('',*,*,#4265,.T.);
#1453=ORIENTED_EDGE('',*,*,#4272,.F.);
#1454=ORIENTED_EDGE('',*,*,#4254,.F.);
#1455=ORIENTED_EDGE('',*,*,#3710,.F.);
#1456=ORIENTED_EDGE('',*,*,#4273,.F.);
#1457=ORIENTED_EDGE('',*,*,#4274,.F.);
#1458=ORIENTED_EDGE('',*,*,#3669,.F.);
#1459=ORIENTED_EDGE('',*,*,#3712,.F.);
#1460=ORIENTED_EDGE('',*,*,#4256,.F.);
#1461=ORIENTED_EDGE('',*,*,#4275,.F.);
#1462=ORIENTED_EDGE('',*,*,#3672,.F.);
#1463=ORIENTED_EDGE('',*,*,#3675,.F.);
#1464=ORIENTED_EDGE('',*,*,#3714,.F.);
#1465=ORIENTED_EDGE('',*,*,#4251,.F.);
#1466=ORIENTED_EDGE('',*,*,#4253,.T.);
#1467=ORIENTED_EDGE('',*,*,#4243,.F.);
#1468=ORIENTED_EDGE('',*,*,#4247,.T.);
#1469=ORIENTED_EDGE('',*,*,#4276,.F.);
#1470=ORIENTED_EDGE('',*,*,#4277,.F.);
#1471=ORIENTED_EDGE('',*,*,#4241,.F.);
#1472=ORIENTED_EDGE('',*,*,#4277,.T.);
#1473=ORIENTED_EDGE('',*,*,#4278,.F.);
#1474=ORIENTED_EDGE('',*,*,#4248,.F.);
#1475=ORIENTED_EDGE('',*,*,#4261,.T.);
#1476=ORIENTED_EDGE('',*,*,#3705,.F.);
#1477=ORIENTED_EDGE('',*,*,#4279,.F.);
#1478=ORIENTED_EDGE('',*,*,#4280,.F.);
#1479=ORIENTED_EDGE('',*,*,#3638,.T.);
#1480=ORIENTED_EDGE('',*,*,#3667,.F.);
#1481=ORIENTED_EDGE('',*,*,#4281,.F.);
#1482=ORIENTED_EDGE('',*,*,#4282,.F.);
#1483=ORIENTED_EDGE('',*,*,#4283,.F.);
#1484=ORIENTED_EDGE('',*,*,#4284,.F.);
#1485=ORIENTED_EDGE('',*,*,#4285,.F.);
#1486=ORIENTED_EDGE('',*,*,#4286,.F.);
#1487=ORIENTED_EDGE('',*,*,#4287,.F.);
#1488=ORIENTED_EDGE('',*,*,#4288,.F.);
#1489=ORIENTED_EDGE('',*,*,#4289,.F.);
#1490=ORIENTED_EDGE('',*,*,#3676,.F.);
#1491=ORIENTED_EDGE('',*,*,#3649,.T.);
#1492=ORIENTED_EDGE('',*,*,#4290,.F.);
#1493=ORIENTED_EDGE('',*,*,#4291,.F.);
#1494=ORIENTED_EDGE('',*,*,#4292,.F.);
#1495=ORIENTED_EDGE('',*,*,#4293,.F.);
#1496=ORIENTED_EDGE('',*,*,#3679,.F.);
#1497=ORIENTED_EDGE('',*,*,#3653,.T.);
#1498=ORIENTED_EDGE('',*,*,#4294,.F.);
#1499=ORIENTED_EDGE('',*,*,#4295,.F.);
#1500=ORIENTED_EDGE('',*,*,#4296,.F.);
#1501=ORIENTED_EDGE('',*,*,#4297,.F.);
#1502=ORIENTED_EDGE('',*,*,#3682,.F.);
#1503=ORIENTED_EDGE('',*,*,#3657,.T.);
#1504=ORIENTED_EDGE('',*,*,#4298,.F.);
#1505=ORIENTED_EDGE('',*,*,#4299,.F.);
#1506=ORIENTED_EDGE('',*,*,#4300,.F.);
#1507=ORIENTED_EDGE('',*,*,#4301,.F.);
#1508=ORIENTED_EDGE('',*,*,#4160,.F.);
#1509=ORIENTED_EDGE('',*,*,#3661,.T.);
#1510=ORIENTED_EDGE('',*,*,#4302,.F.);
#1511=ORIENTED_EDGE('',*,*,#4303,.F.);
#1512=ORIENTED_EDGE('',*,*,#4304,.F.);
#1513=ORIENTED_EDGE('',*,*,#4305,.F.);
#1514=ORIENTED_EDGE('',*,*,#4306,.F.);
#1515=ORIENTED_EDGE('',*,*,#3647,.T.);
#1516=ORIENTED_EDGE('',*,*,#3673,.T.);
#1517=ORIENTED_EDGE('',*,*,#4275,.T.);
#1518=ORIENTED_EDGE('',*,*,#4252,.T.);
#1519=ORIENTED_EDGE('',*,*,#3641,.T.);
#1520=ORIENTED_EDGE('',*,*,#3670,.T.);
#1521=ORIENTED_EDGE('',*,*,#4274,.T.);
#1522=ORIENTED_EDGE('',*,*,#4255,.T.);
#1523=ORIENTED_EDGE('',*,*,#4272,.T.);
#1524=ORIENTED_EDGE('',*,*,#4307,.T.);
#1525=ORIENTED_EDGE('',*,*,#4262,.T.);
#1526=ORIENTED_EDGE('',*,*,#4257,.T.);
#1527=ORIENTED_EDGE('',*,*,#4260,.T.);
#1528=ORIENTED_EDGE('',*,*,#4280,.T.);
#1529=ORIENTED_EDGE('',*,*,#4308,.F.);
#1530=ORIENTED_EDGE('',*,*,#4202,.T.);
#1531=ORIENTED_EDGE('',*,*,#4197,.F.);
#1532=ORIENTED_EDGE('',*,*,#4194,.F.);
#1533=ORIENTED_EDGE('',*,*,#4200,.F.);
#1534=ORIENTED_EDGE('',*,*,#4205,.T.);
#1535=ORIENTED_EDGE('',*,*,#4211,.F.);
#1536=ORIENTED_EDGE('',*,*,#4208,.F.);
#1537=ORIENTED_EDGE('',*,*,#4213,.F.);
#1538=ORIENTED_EDGE('',*,*,#4216,.T.);
#1539=ORIENTED_EDGE('',*,*,#4309,.F.);
#1540=ORIENTED_EDGE('',*,*,#4233,.T.);
#1541=ORIENTED_EDGE('',*,*,#4231,.F.);
#1542=ORIENTED_EDGE('',*,*,#4229,.F.);
#1543=ORIENTED_EDGE('',*,*,#4226,.F.);
#1544=ORIENTED_EDGE('',*,*,#4224,.T.);
#1545=ORIENTED_EDGE('',*,*,#4222,.F.);
#1546=ORIENTED_EDGE('',*,*,#4220,.F.);
#1547=ORIENTED_EDGE('',*,*,#4217,.F.);
#1548=ORIENTED_EDGE('',*,*,#4206,.T.);
#1549=ORIENTED_EDGE('',*,*,#4167,.T.);
#1550=ORIENTED_EDGE('',*,*,#4169,.T.);
#1551=ORIENTED_EDGE('',*,*,#4162,.T.);
#1552=ORIENTED_EDGE('',*,*,#4165,.T.);
#1553=ORIENTED_EDGE('',*,*,#4175,.T.);
#1554=ORIENTED_EDGE('',*,*,#4177,.T.);
#1555=ORIENTED_EDGE('',*,*,#4170,.T.);
#1556=ORIENTED_EDGE('',*,*,#4173,.T.);
#1557=ORIENTED_EDGE('',*,*,#4183,.T.);
#1558=ORIENTED_EDGE('',*,*,#4185,.T.);
#1559=ORIENTED_EDGE('',*,*,#4178,.T.);
#1560=ORIENTED_EDGE('',*,*,#4181,.T.);
#1561=ORIENTED_EDGE('',*,*,#4191,.T.);
#1562=ORIENTED_EDGE('',*,*,#4193,.T.);
#1563=ORIENTED_EDGE('',*,*,#4186,.T.);
#1564=ORIENTED_EDGE('',*,*,#4189,.T.);
#1565=ORIENTED_EDGE('',*,*,#4199,.F.);
#1566=ORIENTED_EDGE('',*,*,#4212,.F.);
#1567=ORIENTED_EDGE('',*,*,#4219,.F.);
#1568=ORIENTED_EDGE('',*,*,#4228,.F.);
#1569=ORIENTED_EDGE('',*,*,#4235,.T.);
#1570=ORIENTED_EDGE('',*,*,#4236,.T.);
#1571=ORIENTED_EDGE('',*,*,#4310,.F.);
#1572=ORIENTED_EDGE('',*,*,#4311,.F.);
#1573=ORIENTED_EDGE('',*,*,#4312,.F.);
#1574=ORIENTED_EDGE('',*,*,#4313,.F.);
#1575=ORIENTED_EDGE('',*,*,#4314,.F.);
#1576=ORIENTED_EDGE('',*,*,#4315,.F.);
#1577=ORIENTED_EDGE('',*,*,#4316,.F.);
#1578=ORIENTED_EDGE('',*,*,#4317,.F.);
#1579=ORIENTED_EDGE('',*,*,#4318,.F.);
#1580=ORIENTED_EDGE('',*,*,#4319,.F.);
#1581=ORIENTED_EDGE('',*,*,#4320,.F.);
#1582=ORIENTED_EDGE('',*,*,#4321,.F.);
#1583=ORIENTED_EDGE('',*,*,#4322,.F.);
#1584=ORIENTED_EDGE('',*,*,#4323,.F.);
#1585=ORIENTED_EDGE('',*,*,#4324,.F.);
#1586=ORIENTED_EDGE('',*,*,#4325,.F.);
#1587=ORIENTED_EDGE('',*,*,#4326,.F.);
#1588=ORIENTED_EDGE('',*,*,#4327,.F.);
#1589=ORIENTED_EDGE('',*,*,#4328,.F.);
#1590=ORIENTED_EDGE('',*,*,#4329,.F.);
#1591=ORIENTED_EDGE('',*,*,#4330,.F.);
#1592=ORIENTED_EDGE('',*,*,#4331,.F.);
#1593=ORIENTED_EDGE('',*,*,#4332,.F.);
#1594=ORIENTED_EDGE('',*,*,#4333,.F.);
#1595=ORIENTED_EDGE('',*,*,#4334,.F.);
#1596=ORIENTED_EDGE('',*,*,#4335,.F.);
#1597=ORIENTED_EDGE('',*,*,#4336,.F.);
#1598=ORIENTED_EDGE('',*,*,#4337,.F.);
#1599=ORIENTED_EDGE('',*,*,#4338,.F.);
#1600=ORIENTED_EDGE('',*,*,#4339,.F.);
#1601=ORIENTED_EDGE('',*,*,#4340,.F.);
#1602=ORIENTED_EDGE('',*,*,#4341,.F.);
#1603=ORIENTED_EDGE('',*,*,#4342,.F.);
#1604=ORIENTED_EDGE('',*,*,#4343,.F.);
#1605=ORIENTED_EDGE('',*,*,#4344,.F.);
#1606=ORIENTED_EDGE('',*,*,#4345,.F.);
#1607=ORIENTED_EDGE('',*,*,#4346,.F.);
#1608=ORIENTED_EDGE('',*,*,#4347,.F.);
#1609=ORIENTED_EDGE('',*,*,#4348,.F.);
#1610=ORIENTED_EDGE('',*,*,#4349,.F.);
#1611=ORIENTED_EDGE('',*,*,#4350,.F.);
#1612=ORIENTED_EDGE('',*,*,#4351,.F.);
#1613=ORIENTED_EDGE('',*,*,#4352,.F.);
#1614=ORIENTED_EDGE('',*,*,#4353,.F.);
#1615=ORIENTED_EDGE('',*,*,#4354,.F.);
#1616=ORIENTED_EDGE('',*,*,#4355,.F.);
#1617=ORIENTED_EDGE('',*,*,#4356,.F.);
#1618=ORIENTED_EDGE('',*,*,#4357,.F.);
#1619=ORIENTED_EDGE('',*,*,#4358,.F.);
#1620=ORIENTED_EDGE('',*,*,#4359,.F.);
#1621=ORIENTED_EDGE('',*,*,#4360,.F.);
#1622=ORIENTED_EDGE('',*,*,#4361,.F.);
#1623=ORIENTED_EDGE('',*,*,#4362,.F.);
#1624=ORIENTED_EDGE('',*,*,#4363,.F.);
#1625=ORIENTED_EDGE('',*,*,#4364,.F.);
#1626=ORIENTED_EDGE('',*,*,#4365,.F.);
#1627=ORIENTED_EDGE('',*,*,#4366,.F.);
#1628=ORIENTED_EDGE('',*,*,#4367,.F.);
#1629=ORIENTED_EDGE('',*,*,#4368,.F.);
#1630=ORIENTED_EDGE('',*,*,#4369,.F.);
#1631=ORIENTED_EDGE('',*,*,#4370,.F.);
#1632=ORIENTED_EDGE('',*,*,#4371,.F.);
#1633=ORIENTED_EDGE('',*,*,#4372,.F.);
#1634=ORIENTED_EDGE('',*,*,#4373,.F.);
#1635=ORIENTED_EDGE('',*,*,#4374,.F.);
#1636=ORIENTED_EDGE('',*,*,#4375,.F.);
#1637=ORIENTED_EDGE('',*,*,#4376,.F.);
#1638=ORIENTED_EDGE('',*,*,#4377,.F.);
#1639=ORIENTED_EDGE('',*,*,#4378,.F.);
#1640=ORIENTED_EDGE('',*,*,#4379,.F.);
#1641=ORIENTED_EDGE('',*,*,#4380,.F.);
#1642=ORIENTED_EDGE('',*,*,#4381,.F.);
#1643=ORIENTED_EDGE('',*,*,#4382,.F.);
#1644=ORIENTED_EDGE('',*,*,#4383,.F.);
#1645=ORIENTED_EDGE('',*,*,#4384,.F.);
#1646=ORIENTED_EDGE('',*,*,#4385,.F.);
#1647=ORIENTED_EDGE('',*,*,#4386,.F.);
#1648=ORIENTED_EDGE('',*,*,#4387,.F.);
#1649=ORIENTED_EDGE('',*,*,#4388,.F.);
#1650=ORIENTED_EDGE('',*,*,#4389,.F.);
#1651=ORIENTED_EDGE('',*,*,#4390,.F.);
#1652=ORIENTED_EDGE('',*,*,#4391,.F.);
#1653=ORIENTED_EDGE('',*,*,#4392,.F.);
#1654=ORIENTED_EDGE('',*,*,#4393,.F.);
#1655=ORIENTED_EDGE('',*,*,#4394,.F.);
#1656=ORIENTED_EDGE('',*,*,#4395,.F.);
#1657=ORIENTED_EDGE('',*,*,#4396,.F.);
#1658=ORIENTED_EDGE('',*,*,#4397,.F.);
#1659=ORIENTED_EDGE('',*,*,#4398,.F.);
#1660=ORIENTED_EDGE('',*,*,#4399,.F.);
#1661=ORIENTED_EDGE('',*,*,#4400,.F.);
#1662=ORIENTED_EDGE('',*,*,#4401,.F.);
#1663=ORIENTED_EDGE('',*,*,#4402,.F.);
#1664=ORIENTED_EDGE('',*,*,#4403,.F.);
#1665=ORIENTED_EDGE('',*,*,#4404,.F.);
#1666=ORIENTED_EDGE('',*,*,#4405,.F.);
#1667=ORIENTED_EDGE('',*,*,#4406,.F.);
#1668=ORIENTED_EDGE('',*,*,#4407,.F.);
#1669=ORIENTED_EDGE('',*,*,#4408,.F.);
#1670=ORIENTED_EDGE('',*,*,#4409,.F.);
#1671=ORIENTED_EDGE('',*,*,#4410,.F.);
#1672=ORIENTED_EDGE('',*,*,#4411,.F.);
#1673=ORIENTED_EDGE('',*,*,#4412,.F.);
#1674=ORIENTED_EDGE('',*,*,#4413,.F.);
#1675=ORIENTED_EDGE('',*,*,#4414,.F.);
#1676=ORIENTED_EDGE('',*,*,#4415,.F.);
#1677=ORIENTED_EDGE('',*,*,#4416,.F.);
#1678=ORIENTED_EDGE('',*,*,#4417,.F.);
#1679=ORIENTED_EDGE('',*,*,#4418,.F.);
#1680=ORIENTED_EDGE('',*,*,#4419,.F.);
#1681=ORIENTED_EDGE('',*,*,#4420,.F.);
#1682=ORIENTED_EDGE('',*,*,#4421,.F.);
#1683=ORIENTED_EDGE('',*,*,#4422,.F.);
#1684=ORIENTED_EDGE('',*,*,#4423,.F.);
#1685=ORIENTED_EDGE('',*,*,#4424,.F.);
#1686=ORIENTED_EDGE('',*,*,#4425,.F.);
#1687=ORIENTED_EDGE('',*,*,#4426,.F.);
#1688=ORIENTED_EDGE('',*,*,#4427,.F.);
#1689=ORIENTED_EDGE('',*,*,#4428,.F.);
#1690=ORIENTED_EDGE('',*,*,#4429,.F.);
#1691=ORIENTED_EDGE('',*,*,#4430,.F.);
#1692=ORIENTED_EDGE('',*,*,#4431,.F.);
#1693=ORIENTED_EDGE('',*,*,#4432,.F.);
#1694=ORIENTED_EDGE('',*,*,#4433,.F.);
#1695=ORIENTED_EDGE('',*,*,#4434,.F.);
#1696=ORIENTED_EDGE('',*,*,#4435,.F.);
#1697=ORIENTED_EDGE('',*,*,#4436,.F.);
#1698=ORIENTED_EDGE('',*,*,#4437,.F.);
#1699=ORIENTED_EDGE('',*,*,#4438,.F.);
#1700=ORIENTED_EDGE('',*,*,#4439,.F.);
#1701=ORIENTED_EDGE('',*,*,#4440,.F.);
#1702=ORIENTED_EDGE('',*,*,#4441,.F.);
#1703=ORIENTED_EDGE('',*,*,#4442,.F.);
#1704=ORIENTED_EDGE('',*,*,#4443,.F.);
#1705=ORIENTED_EDGE('',*,*,#4444,.F.);
#1706=ORIENTED_EDGE('',*,*,#4445,.F.);
#1707=ORIENTED_EDGE('',*,*,#4446,.F.);
#1708=ORIENTED_EDGE('',*,*,#4447,.F.);
#1709=ORIENTED_EDGE('',*,*,#4448,.F.);
#1710=ORIENTED_EDGE('',*,*,#4449,.F.);
#1711=ORIENTED_EDGE('',*,*,#4450,.F.);
#1712=ORIENTED_EDGE('',*,*,#4451,.F.);
#1713=ORIENTED_EDGE('',*,*,#4452,.F.);
#1714=ORIENTED_EDGE('',*,*,#4453,.F.);
#1715=ORIENTED_EDGE('',*,*,#4454,.F.);
#1716=ORIENTED_EDGE('',*,*,#4455,.F.);
#1717=ORIENTED_EDGE('',*,*,#4456,.F.);
#1718=ORIENTED_EDGE('',*,*,#4457,.F.);
#1719=ORIENTED_EDGE('',*,*,#4458,.F.);
#1720=ORIENTED_EDGE('',*,*,#4459,.F.);
#1721=ORIENTED_EDGE('',*,*,#4460,.F.);
#1722=ORIENTED_EDGE('',*,*,#4461,.F.);
#1723=ORIENTED_EDGE('',*,*,#4462,.F.);
#1724=ORIENTED_EDGE('',*,*,#4463,.F.);
#1725=ORIENTED_EDGE('',*,*,#4464,.F.);
#1726=ORIENTED_EDGE('',*,*,#4465,.F.);
#1727=ORIENTED_EDGE('',*,*,#4466,.F.);
#1728=ORIENTED_EDGE('',*,*,#4467,.F.);
#1729=ORIENTED_EDGE('',*,*,#4468,.F.);
#1730=ORIENTED_EDGE('',*,*,#4469,.F.);
#1731=ORIENTED_EDGE('',*,*,#4470,.F.);
#1732=ORIENTED_EDGE('',*,*,#4471,.F.);
#1733=ORIENTED_EDGE('',*,*,#4472,.F.);
#1734=ORIENTED_EDGE('',*,*,#4473,.F.);
#1735=ORIENTED_EDGE('',*,*,#4474,.F.);
#1736=ORIENTED_EDGE('',*,*,#4475,.F.);
#1737=ORIENTED_EDGE('',*,*,#4476,.F.);
#1738=ORIENTED_EDGE('',*,*,#4477,.F.);
#1739=ORIENTED_EDGE('',*,*,#4478,.F.);
#1740=ORIENTED_EDGE('',*,*,#4479,.F.);
#1741=ORIENTED_EDGE('',*,*,#4480,.F.);
#1742=ORIENTED_EDGE('',*,*,#4481,.F.);
#1743=ORIENTED_EDGE('',*,*,#4482,.F.);
#1744=ORIENTED_EDGE('',*,*,#4483,.F.);
#1745=ORIENTED_EDGE('',*,*,#4484,.F.);
#1746=ORIENTED_EDGE('',*,*,#4485,.F.);
#1747=ORIENTED_EDGE('',*,*,#4486,.F.);
#1748=ORIENTED_EDGE('',*,*,#4487,.F.);
#1749=ORIENTED_EDGE('',*,*,#4488,.F.);
#1750=ORIENTED_EDGE('',*,*,#4489,.F.);
#1751=ORIENTED_EDGE('',*,*,#4490,.F.);
#1752=ORIENTED_EDGE('',*,*,#4491,.F.);
#1753=ORIENTED_EDGE('',*,*,#4492,.F.);
#1754=ORIENTED_EDGE('',*,*,#4493,.F.);
#1755=ORIENTED_EDGE('',*,*,#4494,.F.);
#1756=ORIENTED_EDGE('',*,*,#4495,.F.);
#1757=ORIENTED_EDGE('',*,*,#4496,.F.);
#1758=ORIENTED_EDGE('',*,*,#4497,.F.);
#1759=ORIENTED_EDGE('',*,*,#4498,.F.);
#1760=ORIENTED_EDGE('',*,*,#4499,.F.);
#1761=ORIENTED_EDGE('',*,*,#4500,.F.);
#1762=ORIENTED_EDGE('',*,*,#4501,.F.);
#1763=ORIENTED_EDGE('',*,*,#4502,.F.);
#1764=ORIENTED_EDGE('',*,*,#4503,.F.);
#1765=ORIENTED_EDGE('',*,*,#4504,.F.);
#1766=ORIENTED_EDGE('',*,*,#4505,.F.);
#1767=ORIENTED_EDGE('',*,*,#4506,.F.);
#1768=ORIENTED_EDGE('',*,*,#4507,.F.);
#1769=ORIENTED_EDGE('',*,*,#4508,.F.);
#1770=ORIENTED_EDGE('',*,*,#4509,.F.);
#1771=ORIENTED_EDGE('',*,*,#4510,.F.);
#1772=ORIENTED_EDGE('',*,*,#4511,.F.);
#1773=ORIENTED_EDGE('',*,*,#4512,.F.);
#1774=ORIENTED_EDGE('',*,*,#4513,.F.);
#1775=ORIENTED_EDGE('',*,*,#4514,.F.);
#1776=ORIENTED_EDGE('',*,*,#4515,.F.);
#1777=ORIENTED_EDGE('',*,*,#4516,.F.);
#1778=ORIENTED_EDGE('',*,*,#4517,.F.);
#1779=ORIENTED_EDGE('',*,*,#4518,.F.);
#1780=ORIENTED_EDGE('',*,*,#4519,.F.);
#1781=ORIENTED_EDGE('',*,*,#4520,.F.);
#1782=ORIENTED_EDGE('',*,*,#4521,.F.);
#1783=ORIENTED_EDGE('',*,*,#4522,.F.);
#1784=ORIENTED_EDGE('',*,*,#4523,.F.);
#1785=ORIENTED_EDGE('',*,*,#4524,.F.);
#1786=ORIENTED_EDGE('',*,*,#4525,.F.);
#1787=ORIENTED_EDGE('',*,*,#4526,.F.);
#1788=ORIENTED_EDGE('',*,*,#4527,.F.);
#1789=ORIENTED_EDGE('',*,*,#4528,.F.);
#1790=ORIENTED_EDGE('',*,*,#4529,.F.);
#1791=ORIENTED_EDGE('',*,*,#4530,.F.);
#1792=ORIENTED_EDGE('',*,*,#4531,.F.);
#1793=ORIENTED_EDGE('',*,*,#4532,.F.);
#1794=ORIENTED_EDGE('',*,*,#4533,.F.);
#1795=ORIENTED_EDGE('',*,*,#4534,.F.);
#1796=ORIENTED_EDGE('',*,*,#4535,.F.);
#1797=ORIENTED_EDGE('',*,*,#4536,.F.);
#1798=ORIENTED_EDGE('',*,*,#4537,.F.);
#1799=ORIENTED_EDGE('',*,*,#4538,.F.);
#1800=ORIENTED_EDGE('',*,*,#4539,.F.);
#1801=ORIENTED_EDGE('',*,*,#4540,.F.);
#1802=ORIENTED_EDGE('',*,*,#4541,.F.);
#1803=ORIENTED_EDGE('',*,*,#4542,.F.);
#1804=ORIENTED_EDGE('',*,*,#4543,.F.);
#1805=ORIENTED_EDGE('',*,*,#4544,.F.);
#1806=ORIENTED_EDGE('',*,*,#4545,.F.);
#1807=ORIENTED_EDGE('',*,*,#4546,.F.);
#1808=ORIENTED_EDGE('',*,*,#4547,.F.);
#1809=ORIENTED_EDGE('',*,*,#4548,.F.);
#1810=ORIENTED_EDGE('',*,*,#4549,.F.);
#1811=ORIENTED_EDGE('',*,*,#4550,.F.);
#1812=ORIENTED_EDGE('',*,*,#4551,.F.);
#1813=ORIENTED_EDGE('',*,*,#4552,.F.);
#1814=ORIENTED_EDGE('',*,*,#4553,.F.);
#1815=ORIENTED_EDGE('',*,*,#4554,.F.);
#1816=ORIENTED_EDGE('',*,*,#4555,.F.);
#1817=ORIENTED_EDGE('',*,*,#4556,.F.);
#1818=ORIENTED_EDGE('',*,*,#4557,.F.);
#1819=ORIENTED_EDGE('',*,*,#4558,.F.);
#1820=ORIENTED_EDGE('',*,*,#4559,.F.);
#1821=ORIENTED_EDGE('',*,*,#4560,.F.);
#1822=ORIENTED_EDGE('',*,*,#4561,.F.);
#1823=ORIENTED_EDGE('',*,*,#4562,.F.);
#1824=ORIENTED_EDGE('',*,*,#4563,.F.);
#1825=ORIENTED_EDGE('',*,*,#4564,.F.);
#1826=ORIENTED_EDGE('',*,*,#4565,.F.);
#1827=ORIENTED_EDGE('',*,*,#4566,.F.);
#1828=ORIENTED_EDGE('',*,*,#4567,.F.);
#1829=ORIENTED_EDGE('',*,*,#4568,.F.);
#1830=ORIENTED_EDGE('',*,*,#4569,.F.);
#1831=ORIENTED_EDGE('',*,*,#4570,.F.);
#1832=ORIENTED_EDGE('',*,*,#4571,.F.);
#1833=ORIENTED_EDGE('',*,*,#4572,.F.);
#1834=ORIENTED_EDGE('',*,*,#4573,.F.);
#1835=ORIENTED_EDGE('',*,*,#4574,.F.);
#1836=ORIENTED_EDGE('',*,*,#4575,.F.);
#1837=ORIENTED_EDGE('',*,*,#4576,.F.);
#1838=ORIENTED_EDGE('',*,*,#4577,.F.);
#1839=ORIENTED_EDGE('',*,*,#4578,.F.);
#1840=ORIENTED_EDGE('',*,*,#4579,.F.);
#1841=ORIENTED_EDGE('',*,*,#4580,.F.);
#1842=ORIENTED_EDGE('',*,*,#4581,.F.);
#1843=ORIENTED_EDGE('',*,*,#4582,.F.);
#1844=ORIENTED_EDGE('',*,*,#4583,.F.);
#1845=ORIENTED_EDGE('',*,*,#4584,.F.);
#1846=ORIENTED_EDGE('',*,*,#4585,.F.);
#1847=ORIENTED_EDGE('',*,*,#4586,.F.);
#1848=ORIENTED_EDGE('',*,*,#4587,.F.);
#1849=ORIENTED_EDGE('',*,*,#4588,.F.);
#1850=ORIENTED_EDGE('',*,*,#4589,.F.);
#1851=ORIENTED_EDGE('',*,*,#4590,.F.);
#1852=ORIENTED_EDGE('',*,*,#4591,.F.);
#1853=ORIENTED_EDGE('',*,*,#4592,.F.);
#1854=ORIENTED_EDGE('',*,*,#4593,.F.);
#1855=ORIENTED_EDGE('',*,*,#4594,.F.);
#1856=ORIENTED_EDGE('',*,*,#4595,.F.);
#1857=ORIENTED_EDGE('',*,*,#4596,.F.);
#1858=ORIENTED_EDGE('',*,*,#4597,.F.);
#1859=ORIENTED_EDGE('',*,*,#4598,.F.);
#1860=ORIENTED_EDGE('',*,*,#4599,.F.);
#1861=ORIENTED_EDGE('',*,*,#4600,.F.);
#1862=ORIENTED_EDGE('',*,*,#4601,.F.);
#1863=ORIENTED_EDGE('',*,*,#4602,.F.);
#1864=ORIENTED_EDGE('',*,*,#4603,.F.);
#1865=ORIENTED_EDGE('',*,*,#4604,.F.);
#1866=ORIENTED_EDGE('',*,*,#4605,.F.);
#1867=ORIENTED_EDGE('',*,*,#4606,.F.);
#1868=ORIENTED_EDGE('',*,*,#4607,.F.);
#1869=ORIENTED_EDGE('',*,*,#4608,.F.);
#1870=ORIENTED_EDGE('',*,*,#4609,.F.);
#1871=ORIENTED_EDGE('',*,*,#4610,.F.);
#1872=ORIENTED_EDGE('',*,*,#4611,.F.);
#1873=ORIENTED_EDGE('',*,*,#4612,.F.);
#1874=ORIENTED_EDGE('',*,*,#4613,.F.);
#1875=ORIENTED_EDGE('',*,*,#4614,.F.);
#1876=ORIENTED_EDGE('',*,*,#4615,.F.);
#1877=ORIENTED_EDGE('',*,*,#4616,.F.);
#1878=ORIENTED_EDGE('',*,*,#4617,.F.);
#1879=ORIENTED_EDGE('',*,*,#4618,.F.);
#1880=ORIENTED_EDGE('',*,*,#4619,.F.);
#1881=ORIENTED_EDGE('',*,*,#4620,.F.);
#1882=ORIENTED_EDGE('',*,*,#4621,.F.);
#1883=ORIENTED_EDGE('',*,*,#4622,.F.);
#1884=ORIENTED_EDGE('',*,*,#4623,.F.);
#1885=ORIENTED_EDGE('',*,*,#4624,.F.);
#1886=ORIENTED_EDGE('',*,*,#4625,.F.);
#1887=ORIENTED_EDGE('',*,*,#4626,.F.);
#1888=ORIENTED_EDGE('',*,*,#4627,.F.);
#1889=ORIENTED_EDGE('',*,*,#4628,.F.);
#1890=ORIENTED_EDGE('',*,*,#4629,.F.);
#1891=ORIENTED_EDGE('',*,*,#4630,.F.);
#1892=ORIENTED_EDGE('',*,*,#4631,.F.);
#1893=ORIENTED_EDGE('',*,*,#4632,.F.);
#1894=ORIENTED_EDGE('',*,*,#4633,.F.);
#1895=ORIENTED_EDGE('',*,*,#4634,.F.);
#1896=ORIENTED_EDGE('',*,*,#4635,.F.);
#1897=ORIENTED_EDGE('',*,*,#4636,.F.);
#1898=ORIENTED_EDGE('',*,*,#4637,.F.);
#1899=ORIENTED_EDGE('',*,*,#4638,.F.);
#1900=ORIENTED_EDGE('',*,*,#4639,.F.);
#1901=ORIENTED_EDGE('',*,*,#4640,.F.);
#1902=ORIENTED_EDGE('',*,*,#4641,.F.);
#1903=ORIENTED_EDGE('',*,*,#4642,.F.);
#1904=ORIENTED_EDGE('',*,*,#4643,.F.);
#1905=ORIENTED_EDGE('',*,*,#4644,.F.);
#1906=ORIENTED_EDGE('',*,*,#4645,.F.);
#1907=ORIENTED_EDGE('',*,*,#4646,.F.);
#1908=ORIENTED_EDGE('',*,*,#4647,.F.);
#1909=ORIENTED_EDGE('',*,*,#4648,.F.);
#1910=ORIENTED_EDGE('',*,*,#4649,.F.);
#1911=ORIENTED_EDGE('',*,*,#4650,.F.);
#1912=ORIENTED_EDGE('',*,*,#4651,.F.);
#1913=ORIENTED_EDGE('',*,*,#4652,.F.);
#1914=ORIENTED_EDGE('',*,*,#4653,.F.);
#1915=ORIENTED_EDGE('',*,*,#4654,.F.);
#1916=ORIENTED_EDGE('',*,*,#4655,.F.);
#1917=ORIENTED_EDGE('',*,*,#4656,.F.);
#1918=ORIENTED_EDGE('',*,*,#4657,.F.);
#1919=ORIENTED_EDGE('',*,*,#4658,.F.);
#1920=ORIENTED_EDGE('',*,*,#4659,.F.);
#1921=ORIENTED_EDGE('',*,*,#4660,.F.);
#1922=ORIENTED_EDGE('',*,*,#4661,.F.);
#1923=ORIENTED_EDGE('',*,*,#4662,.F.);
#1924=ORIENTED_EDGE('',*,*,#4663,.F.);
#1925=ORIENTED_EDGE('',*,*,#4664,.F.);
#1926=ORIENTED_EDGE('',*,*,#4665,.F.);
#1927=ORIENTED_EDGE('',*,*,#4666,.F.);
#1928=ORIENTED_EDGE('',*,*,#4667,.F.);
#1929=ORIENTED_EDGE('',*,*,#4668,.F.);
#1930=ORIENTED_EDGE('',*,*,#4669,.F.);
#1931=ORIENTED_EDGE('',*,*,#4670,.F.);
#1932=ORIENTED_EDGE('',*,*,#4671,.F.);
#1933=ORIENTED_EDGE('',*,*,#4672,.F.);
#1934=ORIENTED_EDGE('',*,*,#4673,.F.);
#1935=ORIENTED_EDGE('',*,*,#4674,.F.);
#1936=ORIENTED_EDGE('',*,*,#4675,.F.);
#1937=ORIENTED_EDGE('',*,*,#4676,.F.);
#1938=ORIENTED_EDGE('',*,*,#4677,.F.);
#1939=ORIENTED_EDGE('',*,*,#4678,.F.);
#1940=ORIENTED_EDGE('',*,*,#4679,.F.);
#1941=ORIENTED_EDGE('',*,*,#4680,.F.);
#1942=ORIENTED_EDGE('',*,*,#4681,.F.);
#1943=ORIENTED_EDGE('',*,*,#4682,.F.);
#1944=ORIENTED_EDGE('',*,*,#4683,.F.);
#1945=ORIENTED_EDGE('',*,*,#4684,.F.);
#1946=ORIENTED_EDGE('',*,*,#4685,.F.);
#1947=ORIENTED_EDGE('',*,*,#4686,.F.);
#1948=ORIENTED_EDGE('',*,*,#4687,.F.);
#1949=ORIENTED_EDGE('',*,*,#4688,.F.);
#1950=ORIENTED_EDGE('',*,*,#4689,.F.);
#1951=ORIENTED_EDGE('',*,*,#4690,.F.);
#1952=ORIENTED_EDGE('',*,*,#4691,.F.);
#1953=ORIENTED_EDGE('',*,*,#4692,.F.);
#1954=ORIENTED_EDGE('',*,*,#4693,.F.);
#1955=ORIENTED_EDGE('',*,*,#4694,.F.);
#1956=ORIENTED_EDGE('',*,*,#4695,.F.);
#1957=ORIENTED_EDGE('',*,*,#4696,.F.);
#1958=ORIENTED_EDGE('',*,*,#4697,.F.);
#1959=ORIENTED_EDGE('',*,*,#4249,.T.);
#1960=ORIENTED_EDGE('',*,*,#4278,.T.);
#1961=ORIENTED_EDGE('',*,*,#4276,.T.);
#1962=ORIENTED_EDGE('',*,*,#4246,.T.);
#1963=ORIENTED_EDGE('',*,*,#4269,.T.);
#1964=ORIENTED_EDGE('',*,*,#4271,.T.);
#1965=ORIENTED_EDGE('',*,*,#4264,.T.);
#1966=ORIENTED_EDGE('',*,*,#4267,.T.);
#1967=ORIENTED_EDGE('',*,*,#4304,.T.);
#1968=ORIENTED_EDGE('',*,*,#4698,.T.);
#1969=ORIENTED_EDGE('',*,*,#3717,.F.);
#1970=ORIENTED_EDGE('',*,*,#4699,.F.);
#1971=ORIENTED_EDGE('',*,*,#4305,.T.);
#1972=ORIENTED_EDGE('',*,*,#4699,.T.);
#1973=ORIENTED_EDGE('',*,*,#3716,.F.);
#1974=ORIENTED_EDGE('',*,*,#4700,.F.);
#1975=ORIENTED_EDGE('',*,*,#3648,.T.);
#1976=ORIENTED_EDGE('',*,*,#4306,.T.);
#1977=ORIENTED_EDGE('',*,*,#4700,.T.);
#1978=ORIENTED_EDGE('',*,*,#3715,.F.);
#1979=ORIENTED_EDGE('',*,*,#3664,.T.);
#1980=ORIENTED_EDGE('',*,*,#3719,.F.);
#1981=ORIENTED_EDGE('',*,*,#4701,.F.);
#1982=ORIENTED_EDGE('',*,*,#4302,.T.);
#1983=ORIENTED_EDGE('',*,*,#4303,.T.);
#1984=ORIENTED_EDGE('',*,*,#4701,.T.);
#1985=ORIENTED_EDGE('',*,*,#3718,.F.);
#1986=ORIENTED_EDGE('',*,*,#4698,.F.);
#1987=ORIENTED_EDGE('',*,*,#4311,.T.);
#1988=ORIENTED_EDGE('',*,*,#4702,.T.);
#1989=ORIENTED_EDGE('',*,*,#4137,.F.);
#1990=ORIENTED_EDGE('',*,*,#4703,.F.);
#1991=ORIENTED_EDGE('',*,*,#4312,.T.);
#1992=ORIENTED_EDGE('',*,*,#4703,.T.);
#1993=ORIENTED_EDGE('',*,*,#4136,.F.);
#1994=ORIENTED_EDGE('',*,*,#4704,.F.);
#1995=ORIENTED_EDGE('',*,*,#4313,.T.);
#1996=ORIENTED_EDGE('',*,*,#4704,.T.);
#1997=ORIENTED_EDGE('',*,*,#4135,.F.);
#1998=ORIENTED_EDGE('',*,*,#4705,.F.);
#1999=ORIENTED_EDGE('',*,*,#4314,.T.);
#2000=ORIENTED_EDGE('',*,*,#4705,.T.);
#2001=ORIENTED_EDGE('',*,*,#4134,.F.);
#2002=ORIENTED_EDGE('',*,*,#4706,.F.);
#2003=ORIENTED_EDGE('',*,*,#4315,.T.);
#2004=ORIENTED_EDGE('',*,*,#4706,.T.);
#2005=ORIENTED_EDGE('',*,*,#4133,.F.);
#2006=ORIENTED_EDGE('',*,*,#4707,.F.);
#2007=ORIENTED_EDGE('',*,*,#4316,.T.);
#2008=ORIENTED_EDGE('',*,*,#4707,.T.);
#2009=ORIENTED_EDGE('',*,*,#4132,.F.);
#2010=ORIENTED_EDGE('',*,*,#4708,.F.);
#2011=ORIENTED_EDGE('',*,*,#4317,.T.);
#2012=ORIENTED_EDGE('',*,*,#4708,.T.);
#2013=ORIENTED_EDGE('',*,*,#4131,.F.);
#2014=ORIENTED_EDGE('',*,*,#4709,.F.);
#2015=ORIENTED_EDGE('',*,*,#4310,.T.);
#2016=ORIENTED_EDGE('',*,*,#4709,.T.);
#2017=ORIENTED_EDGE('',*,*,#4130,.F.);
#2018=ORIENTED_EDGE('',*,*,#4702,.F.);
#2019=ORIENTED_EDGE('',*,*,#4319,.T.);
#2020=ORIENTED_EDGE('',*,*,#4710,.T.);
#2021=ORIENTED_EDGE('',*,*,#4129,.F.);
#2022=ORIENTED_EDGE('',*,*,#4711,.F.);
#2023=ORIENTED_EDGE('',*,*,#4320,.T.);
#2024=ORIENTED_EDGE('',*,*,#4711,.T.);
#2025=ORIENTED_EDGE('',*,*,#4128,.F.);
#2026=ORIENTED_EDGE('',*,*,#4712,.F.);
#2027=ORIENTED_EDGE('',*,*,#4321,.T.);
#2028=ORIENTED_EDGE('',*,*,#4712,.T.);
#2029=ORIENTED_EDGE('',*,*,#4127,.F.);
#2030=ORIENTED_EDGE('',*,*,#4713,.F.);
#2031=ORIENTED_EDGE('',*,*,#4322,.T.);
#2032=ORIENTED_EDGE('',*,*,#4713,.T.);
#2033=ORIENTED_EDGE('',*,*,#4126,.F.);
#2034=ORIENTED_EDGE('',*,*,#4714,.F.);
#2035=ORIENTED_EDGE('',*,*,#4323,.T.);
#2036=ORIENTED_EDGE('',*,*,#4714,.T.);
#2037=ORIENTED_EDGE('',*,*,#4125,.F.);
#2038=ORIENTED_EDGE('',*,*,#4715,.F.);
#2039=ORIENTED_EDGE('',*,*,#4324,.T.);
#2040=ORIENTED_EDGE('',*,*,#4715,.T.);
#2041=ORIENTED_EDGE('',*,*,#4124,.F.);
#2042=ORIENTED_EDGE('',*,*,#4716,.F.);
#2043=ORIENTED_EDGE('',*,*,#4325,.T.);
#2044=ORIENTED_EDGE('',*,*,#4716,.T.);
#2045=ORIENTED_EDGE('',*,*,#4123,.F.);
#2046=ORIENTED_EDGE('',*,*,#4717,.F.);
#2047=ORIENTED_EDGE('',*,*,#4318,.T.);
#2048=ORIENTED_EDGE('',*,*,#4717,.T.);
#2049=ORIENTED_EDGE('',*,*,#4122,.F.);
#2050=ORIENTED_EDGE('',*,*,#4710,.F.);
#2051=ORIENTED_EDGE('',*,*,#4327,.T.);
#2052=ORIENTED_EDGE('',*,*,#4718,.T.);
#2053=ORIENTED_EDGE('',*,*,#4121,.F.);
#2054=ORIENTED_EDGE('',*,*,#4719,.F.);
#2055=ORIENTED_EDGE('',*,*,#4328,.T.);
#2056=ORIENTED_EDGE('',*,*,#4719,.T.);
#2057=ORIENTED_EDGE('',*,*,#4120,.F.);
#2058=ORIENTED_EDGE('',*,*,#4720,.F.);
#2059=ORIENTED_EDGE('',*,*,#4329,.T.);
#2060=ORIENTED_EDGE('',*,*,#4720,.T.);
#2061=ORIENTED_EDGE('',*,*,#4119,.F.);
#2062=ORIENTED_EDGE('',*,*,#4721,.F.);
#2063=ORIENTED_EDGE('',*,*,#4330,.T.);
#2064=ORIENTED_EDGE('',*,*,#4721,.T.);
#2065=ORIENTED_EDGE('',*,*,#4118,.F.);
#2066=ORIENTED_EDGE('',*,*,#4722,.F.);
#2067=ORIENTED_EDGE('',*,*,#4331,.T.);
#2068=ORIENTED_EDGE('',*,*,#4722,.T.);
#2069=ORIENTED_EDGE('',*,*,#4117,.F.);
#2070=ORIENTED_EDGE('',*,*,#4723,.F.);
#2071=ORIENTED_EDGE('',*,*,#4332,.T.);
#2072=ORIENTED_EDGE('',*,*,#4723,.T.);
#2073=ORIENTED_EDGE('',*,*,#4116,.F.);
#2074=ORIENTED_EDGE('',*,*,#4724,.F.);
#2075=ORIENTED_EDGE('',*,*,#4333,.T.);
#2076=ORIENTED_EDGE('',*,*,#4724,.T.);
#2077=ORIENTED_EDGE('',*,*,#4115,.F.);
#2078=ORIENTED_EDGE('',*,*,#4725,.F.);
#2079=ORIENTED_EDGE('',*,*,#4326,.T.);
#2080=ORIENTED_EDGE('',*,*,#4725,.T.);
#2081=ORIENTED_EDGE('',*,*,#4114,.F.);
#2082=ORIENTED_EDGE('',*,*,#4718,.F.);
#2083=ORIENTED_EDGE('',*,*,#4335,.T.);
#2084=ORIENTED_EDGE('',*,*,#4726,.T.);
#2085=ORIENTED_EDGE('',*,*,#4113,.F.);
#2086=ORIENTED_EDGE('',*,*,#4727,.F.);
#2087=ORIENTED_EDGE('',*,*,#4336,.T.);
#2088=ORIENTED_EDGE('',*,*,#4727,.T.);
#2089=ORIENTED_EDGE('',*,*,#4112,.F.);
#2090=ORIENTED_EDGE('',*,*,#4728,.F.);
#2091=ORIENTED_EDGE('',*,*,#4337,.T.);
#2092=ORIENTED_EDGE('',*,*,#4728,.T.);
#2093=ORIENTED_EDGE('',*,*,#4111,.F.);
#2094=ORIENTED_EDGE('',*,*,#4729,.F.);
#2095=ORIENTED_EDGE('',*,*,#4338,.T.);
#2096=ORIENTED_EDGE('',*,*,#4729,.T.);
#2097=ORIENTED_EDGE('',*,*,#4110,.F.);
#2098=ORIENTED_EDGE('',*,*,#4730,.F.);
#2099=ORIENTED_EDGE('',*,*,#4339,.T.);
#2100=ORIENTED_EDGE('',*,*,#4730,.T.);
#2101=ORIENTED_EDGE('',*,*,#4109,.F.);
#2102=ORIENTED_EDGE('',*,*,#4731,.F.);
#2103=ORIENTED_EDGE('',*,*,#4340,.T.);
#2104=ORIENTED_EDGE('',*,*,#4731,.T.);
#2105=ORIENTED_EDGE('',*,*,#4108,.F.);
#2106=ORIENTED_EDGE('',*,*,#4732,.F.);
#2107=ORIENTED_EDGE('',*,*,#4341,.T.);
#2108=ORIENTED_EDGE('',*,*,#4732,.T.);
#2109=ORIENTED_EDGE('',*,*,#4107,.F.);
#2110=ORIENTED_EDGE('',*,*,#4733,.F.);
#2111=ORIENTED_EDGE('',*,*,#4334,.T.);
#2112=ORIENTED_EDGE('',*,*,#4733,.T.);
#2113=ORIENTED_EDGE('',*,*,#4106,.F.);
#2114=ORIENTED_EDGE('',*,*,#4726,.F.);
#2115=ORIENTED_EDGE('',*,*,#4281,.T.);
#2116=ORIENTED_EDGE('',*,*,#3666,.T.);
#2117=ORIENTED_EDGE('',*,*,#3741,.F.);
#2118=ORIENTED_EDGE('',*,*,#4734,.F.);
#2119=ORIENTED_EDGE('',*,*,#4282,.T.);
#2120=ORIENTED_EDGE('',*,*,#4734,.T.);
#2121=ORIENTED_EDGE('',*,*,#3740,.F.);
#2122=ORIENTED_EDGE('',*,*,#4735,.F.);
#2123=ORIENTED_EDGE('',*,*,#4283,.T.);
#2124=ORIENTED_EDGE('',*,*,#4735,.T.);
#2125=ORIENTED_EDGE('',*,*,#3739,.F.);
#2126=ORIENTED_EDGE('',*,*,#4736,.F.);
#2127=ORIENTED_EDGE('',*,*,#4284,.T.);
#2128=ORIENTED_EDGE('',*,*,#4736,.T.);
#2129=ORIENTED_EDGE('',*,*,#3738,.F.);
#2130=ORIENTED_EDGE('',*,*,#4737,.F.);
#2131=ORIENTED_EDGE('',*,*,#4285,.T.);
#2132=ORIENTED_EDGE('',*,*,#4737,.T.);
#2133=ORIENTED_EDGE('',*,*,#3737,.F.);
#2134=ORIENTED_EDGE('',*,*,#4738,.F.);
#2135=ORIENTED_EDGE('',*,*,#4286,.T.);
#2136=ORIENTED_EDGE('',*,*,#4738,.T.);
#2137=ORIENTED_EDGE('',*,*,#3736,.F.);
#2138=ORIENTED_EDGE('',*,*,#4739,.F.);
#2139=ORIENTED_EDGE('',*,*,#4287,.T.);
#2140=ORIENTED_EDGE('',*,*,#4739,.T.);
#2141=ORIENTED_EDGE('',*,*,#3735,.F.);
#2142=ORIENTED_EDGE('',*,*,#4740,.F.);
#2143=ORIENTED_EDGE('',*,*,#4288,.T.);
#2144=ORIENTED_EDGE('',*,*,#4740,.T.);
#2145=ORIENTED_EDGE('',*,*,#3734,.F.);
#2146=ORIENTED_EDGE('',*,*,#4741,.F.);
#2147=ORIENTED_EDGE('',*,*,#4289,.T.);
#2148=ORIENTED_EDGE('',*,*,#4741,.T.);
#2149=ORIENTED_EDGE('',*,*,#3733,.F.);
#2150=ORIENTED_EDGE('',*,*,#3677,.F.);
#2151=ORIENTED_EDGE('',*,*,#4343,.T.);
#2152=ORIENTED_EDGE('',*,*,#4742,.T.);
#2153=ORIENTED_EDGE('',*,*,#4105,.F.);
#2154=ORIENTED_EDGE('',*,*,#4743,.F.);
#2155=ORIENTED_EDGE('',*,*,#4344,.T.);
#2156=ORIENTED_EDGE('',*,*,#4743,.T.);
#2157=ORIENTED_EDGE('',*,*,#4104,.F.);
#2158=ORIENTED_EDGE('',*,*,#4744,.F.);
#2159=ORIENTED_EDGE('',*,*,#4345,.T.);
#2160=ORIENTED_EDGE('',*,*,#4744,.T.);
#2161=ORIENTED_EDGE('',*,*,#4103,.F.);
#2162=ORIENTED_EDGE('',*,*,#4745,.F.);
#2163=ORIENTED_EDGE('',*,*,#4346,.T.);
#2164=ORIENTED_EDGE('',*,*,#4745,.T.);
#2165=ORIENTED_EDGE('',*,*,#4102,.F.);
#2166=ORIENTED_EDGE('',*,*,#4746,.F.);
#2167=ORIENTED_EDGE('',*,*,#4347,.T.);
#2168=ORIENTED_EDGE('',*,*,#4746,.T.);
#2169=ORIENTED_EDGE('',*,*,#4101,.F.);
#2170=ORIENTED_EDGE('',*,*,#4747,.F.);
#2171=ORIENTED_EDGE('',*,*,#4348,.T.);
#2172=ORIENTED_EDGE('',*,*,#4747,.T.);
#2173=ORIENTED_EDGE('',*,*,#4100,.F.);
#2174=ORIENTED_EDGE('',*,*,#4748,.F.);
#2175=ORIENTED_EDGE('',*,*,#4349,.T.);
#2176=ORIENTED_EDGE('',*,*,#4748,.T.);
#2177=ORIENTED_EDGE('',*,*,#4099,.F.);
#2178=ORIENTED_EDGE('',*,*,#4749,.F.);
#2179=ORIENTED_EDGE('',*,*,#4342,.T.);
#2180=ORIENTED_EDGE('',*,*,#4749,.T.);
#2181=ORIENTED_EDGE('',*,*,#4098,.F.);
#2182=ORIENTED_EDGE('',*,*,#4742,.F.);
#2183=ORIENTED_EDGE('',*,*,#4351,.T.);
#2184=ORIENTED_EDGE('',*,*,#4750,.T.);
#2185=ORIENTED_EDGE('',*,*,#4097,.F.);
#2186=ORIENTED_EDGE('',*,*,#4751,.F.);
#2187=ORIENTED_EDGE('',*,*,#4352,.T.);
#2188=ORIENTED_EDGE('',*,*,#4751,.T.);
#2189=ORIENTED_EDGE('',*,*,#4096,.F.);
#2190=ORIENTED_EDGE('',*,*,#4752,.F.);
#2191=ORIENTED_EDGE('',*,*,#4353,.T.);
#2192=ORIENTED_EDGE('',*,*,#4752,.T.);
#2193=ORIENTED_EDGE('',*,*,#4095,.F.);
#2194=ORIENTED_EDGE('',*,*,#4753,.F.);
#2195=ORIENTED_EDGE('',*,*,#4354,.T.);
#2196=ORIENTED_EDGE('',*,*,#4753,.T.);
#2197=ORIENTED_EDGE('',*,*,#4094,.F.);
#2198=ORIENTED_EDGE('',*,*,#4754,.F.);
#2199=ORIENTED_EDGE('',*,*,#4355,.T.);
#2200=ORIENTED_EDGE('',*,*,#4754,.T.);
#2201=ORIENTED_EDGE('',*,*,#4093,.F.);
#2202=ORIENTED_EDGE('',*,*,#4755,.F.);
#2203=ORIENTED_EDGE('',*,*,#4356,.T.);
#2204=ORIENTED_EDGE('',*,*,#4755,.T.);
#2205=ORIENTED_EDGE('',*,*,#4092,.F.);
#2206=ORIENTED_EDGE('',*,*,#4756,.F.);
#2207=ORIENTED_EDGE('',*,*,#4357,.T.);
#2208=ORIENTED_EDGE('',*,*,#4756,.T.);
#2209=ORIENTED_EDGE('',*,*,#4091,.F.);
#2210=ORIENTED_EDGE('',*,*,#4757,.F.);
#2211=ORIENTED_EDGE('',*,*,#4350,.T.);
#2212=ORIENTED_EDGE('',*,*,#4757,.T.);
#2213=ORIENTED_EDGE('',*,*,#4090,.F.);
#2214=ORIENTED_EDGE('',*,*,#4750,.F.);
#2215=ORIENTED_EDGE('',*,*,#4359,.T.);
#2216=ORIENTED_EDGE('',*,*,#4758,.T.);
#2217=ORIENTED_EDGE('',*,*,#4089,.F.);
#2218=ORIENTED_EDGE('',*,*,#4759,.F.);
#2219=ORIENTED_EDGE('',*,*,#4360,.T.);
#2220=ORIENTED_EDGE('',*,*,#4759,.T.);
#2221=ORIENTED_EDGE('',*,*,#4088,.F.);
#2222=ORIENTED_EDGE('',*,*,#4760,.F.);
#2223=ORIENTED_EDGE('',*,*,#4361,.T.);
#2224=ORIENTED_EDGE('',*,*,#4760,.T.);
#2225=ORIENTED_EDGE('',*,*,#4087,.F.);
#2226=ORIENTED_EDGE('',*,*,#4761,.F.);
#2227=ORIENTED_EDGE('',*,*,#4362,.T.);
#2228=ORIENTED_EDGE('',*,*,#4761,.T.);
#2229=ORIENTED_EDGE('',*,*,#4086,.F.);
#2230=ORIENTED_EDGE('',*,*,#4762,.F.);
#2231=ORIENTED_EDGE('',*,*,#4363,.T.);
#2232=ORIENTED_EDGE('',*,*,#4762,.T.);
#2233=ORIENTED_EDGE('',*,*,#4085,.F.);
#2234=ORIENTED_EDGE('',*,*,#4763,.F.);
#2235=ORIENTED_EDGE('',*,*,#4364,.T.);
#2236=ORIENTED_EDGE('',*,*,#4763,.T.);
#2237=ORIENTED_EDGE('',*,*,#4084,.F.);
#2238=ORIENTED_EDGE('',*,*,#4764,.F.);
#2239=ORIENTED_EDGE('',*,*,#4365,.T.);
#2240=ORIENTED_EDGE('',*,*,#4764,.T.);
#2241=ORIENTED_EDGE('',*,*,#4083,.F.);
#2242=ORIENTED_EDGE('',*,*,#4765,.F.);
#2243=ORIENTED_EDGE('',*,*,#4358,.T.);
#2244=ORIENTED_EDGE('',*,*,#4765,.T.);
#2245=ORIENTED_EDGE('',*,*,#4082,.F.);
#2246=ORIENTED_EDGE('',*,*,#4758,.F.);
#2247=ORIENTED_EDGE('',*,*,#4367,.T.);
#2248=ORIENTED_EDGE('',*,*,#4766,.T.);
#2249=ORIENTED_EDGE('',*,*,#4081,.F.);
#2250=ORIENTED_EDGE('',*,*,#4767,.F.);
#2251=ORIENTED_EDGE('',*,*,#4368,.T.);
#2252=ORIENTED_EDGE('',*,*,#4767,.T.);
#2253=ORIENTED_EDGE('',*,*,#4080,.F.);
#2254=ORIENTED_EDGE('',*,*,#4768,.F.);
#2255=ORIENTED_EDGE('',*,*,#4369,.T.);
#2256=ORIENTED_EDGE('',*,*,#4768,.T.);
#2257=ORIENTED_EDGE('',*,*,#4079,.F.);
#2258=ORIENTED_EDGE('',*,*,#4769,.F.);
#2259=ORIENTED_EDGE('',*,*,#4370,.T.);
#2260=ORIENTED_EDGE('',*,*,#4769,.T.);
#2261=ORIENTED_EDGE('',*,*,#4078,.F.);
#2262=ORIENTED_EDGE('',*,*,#4770,.F.);
#2263=ORIENTED_EDGE('',*,*,#4371,.T.);
#2264=ORIENTED_EDGE('',*,*,#4770,.T.);
#2265=ORIENTED_EDGE('',*,*,#4077,.F.);
#2266=ORIENTED_EDGE('',*,*,#4771,.F.);
#2267=ORIENTED_EDGE('',*,*,#4372,.T.);
#2268=ORIENTED_EDGE('',*,*,#4771,.T.);
#2269=ORIENTED_EDGE('',*,*,#4076,.F.);
#2270=ORIENTED_EDGE('',*,*,#4772,.F.);
#2271=ORIENTED_EDGE('',*,*,#4373,.T.);
#2272=ORIENTED_EDGE('',*,*,#4772,.T.);
#2273=ORIENTED_EDGE('',*,*,#4075,.F.);
#2274=ORIENTED_EDGE('',*,*,#4773,.F.);
#2275=ORIENTED_EDGE('',*,*,#4366,.T.);
#2276=ORIENTED_EDGE('',*,*,#4773,.T.);
#2277=ORIENTED_EDGE('',*,*,#4074,.F.);
#2278=ORIENTED_EDGE('',*,*,#4766,.F.);
#2279=ORIENTED_EDGE('',*,*,#4375,.T.);
#2280=ORIENTED_EDGE('',*,*,#4774,.T.);
#2281=ORIENTED_EDGE('',*,*,#4073,.F.);
#2282=ORIENTED_EDGE('',*,*,#4775,.F.);
#2283=ORIENTED_EDGE('',*,*,#4376,.T.);
#2284=ORIENTED_EDGE('',*,*,#4775,.T.);
#2285=ORIENTED_EDGE('',*,*,#4072,.F.);
#2286=ORIENTED_EDGE('',*,*,#4776,.F.);
#2287=ORIENTED_EDGE('',*,*,#4377,.T.);
#2288=ORIENTED_EDGE('',*,*,#4776,.T.);
#2289=ORIENTED_EDGE('',*,*,#4071,.F.);
#2290=ORIENTED_EDGE('',*,*,#4777,.F.);
#2291=ORIENTED_EDGE('',*,*,#4378,.T.);
#2292=ORIENTED_EDGE('',*,*,#4777,.T.);
#2293=ORIENTED_EDGE('',*,*,#4070,.F.);
#2294=ORIENTED_EDGE('',*,*,#4778,.F.);
#2295=ORIENTED_EDGE('',*,*,#4379,.T.);
#2296=ORIENTED_EDGE('',*,*,#4778,.T.);
#2297=ORIENTED_EDGE('',*,*,#4069,.F.);
#2298=ORIENTED_EDGE('',*,*,#4779,.F.);
#2299=ORIENTED_EDGE('',*,*,#4380,.T.);
#2300=ORIENTED_EDGE('',*,*,#4779,.T.);
#2301=ORIENTED_EDGE('',*,*,#4068,.F.);
#2302=ORIENTED_EDGE('',*,*,#4780,.F.);
#2303=ORIENTED_EDGE('',*,*,#4381,.T.);
#2304=ORIENTED_EDGE('',*,*,#4780,.T.);
#2305=ORIENTED_EDGE('',*,*,#4067,.F.);
#2306=ORIENTED_EDGE('',*,*,#4781,.F.);
#2307=ORIENTED_EDGE('',*,*,#4374,.T.);
#2308=ORIENTED_EDGE('',*,*,#4781,.T.);
#2309=ORIENTED_EDGE('',*,*,#4066,.F.);
#2310=ORIENTED_EDGE('',*,*,#4774,.F.);
#2311=ORIENTED_EDGE('',*,*,#4300,.T.);
#2312=ORIENTED_EDGE('',*,*,#4782,.T.);
#2313=ORIENTED_EDGE('',*,*,#3722,.F.);
#2314=ORIENTED_EDGE('',*,*,#4783,.F.);
#2315=ORIENTED_EDGE('',*,*,#4301,.T.);
#2316=ORIENTED_EDGE('',*,*,#4783,.T.);
#2317=ORIENTED_EDGE('',*,*,#3721,.F.);
#2318=ORIENTED_EDGE('',*,*,#4161,.F.);
#2319=ORIENTED_EDGE('',*,*,#3660,.T.);
#2320=ORIENTED_EDGE('',*,*,#3724,.F.);
#2321=ORIENTED_EDGE('',*,*,#4784,.F.);
#2322=ORIENTED_EDGE('',*,*,#4298,.T.);
#2323=ORIENTED_EDGE('',*,*,#4299,.T.);
#2324=ORIENTED_EDGE('',*,*,#4784,.T.);
#2325=ORIENTED_EDGE('',*,*,#3723,.F.);
#2326=ORIENTED_EDGE('',*,*,#4782,.F.);
#2327=ORIENTED_EDGE('',*,*,#4383,.T.);
#2328=ORIENTED_EDGE('',*,*,#4785,.T.);
#2329=ORIENTED_EDGE('',*,*,#4065,.F.);
#2330=ORIENTED_EDGE('',*,*,#4786,.F.);
#2331=ORIENTED_EDGE('',*,*,#4384,.T.);
#2332=ORIENTED_EDGE('',*,*,#4786,.T.);
#2333=ORIENTED_EDGE('',*,*,#4064,.F.);
#2334=ORIENTED_EDGE('',*,*,#4787,.F.);
#2335=ORIENTED_EDGE('',*,*,#4385,.T.);
#2336=ORIENTED_EDGE('',*,*,#4787,.T.);
#2337=ORIENTED_EDGE('',*,*,#4063,.F.);
#2338=ORIENTED_EDGE('',*,*,#4788,.F.);
#2339=ORIENTED_EDGE('',*,*,#4386,.T.);
#2340=ORIENTED_EDGE('',*,*,#4788,.T.);
#2341=ORIENTED_EDGE('',*,*,#4062,.F.);
#2342=ORIENTED_EDGE('',*,*,#4789,.F.);
#2343=ORIENTED_EDGE('',*,*,#4387,.T.);
#2344=ORIENTED_EDGE('',*,*,#4789,.T.);
#2345=ORIENTED_EDGE('',*,*,#4061,.F.);
#2346=ORIENTED_EDGE('',*,*,#4790,.F.);
#2347=ORIENTED_EDGE('',*,*,#4388,.T.);
#2348=ORIENTED_EDGE('',*,*,#4790,.T.);
#2349=ORIENTED_EDGE('',*,*,#4060,.F.);
#2350=ORIENTED_EDGE('',*,*,#4791,.F.);
#2351=ORIENTED_EDGE('',*,*,#4389,.T.);
#2352=ORIENTED_EDGE('',*,*,#4791,.T.);
#2353=ORIENTED_EDGE('',*,*,#4059,.F.);
#2354=ORIENTED_EDGE('',*,*,#4792,.F.);
#2355=ORIENTED_EDGE('',*,*,#4382,.T.);
#2356=ORIENTED_EDGE('',*,*,#4792,.T.);
#2357=ORIENTED_EDGE('',*,*,#4058,.F.);
#2358=ORIENTED_EDGE('',*,*,#4785,.F.);
#2359=ORIENTED_EDGE('',*,*,#4391,.T.);
#2360=ORIENTED_EDGE('',*,*,#4793,.T.);
#2361=ORIENTED_EDGE('',*,*,#4057,.F.);
#2362=ORIENTED_EDGE('',*,*,#4794,.F.);
#2363=ORIENTED_EDGE('',*,*,#4392,.T.);
#2364=ORIENTED_EDGE('',*,*,#4794,.T.);
#2365=ORIENTED_EDGE('',*,*,#4056,.F.);
#2366=ORIENTED_EDGE('',*,*,#4795,.F.);
#2367=ORIENTED_EDGE('',*,*,#4393,.T.);
#2368=ORIENTED_EDGE('',*,*,#4795,.T.);
#2369=ORIENTED_EDGE('',*,*,#4055,.F.);
#2370=ORIENTED_EDGE('',*,*,#4796,.F.);
#2371=ORIENTED_EDGE('',*,*,#4394,.T.);
#2372=ORIENTED_EDGE('',*,*,#4796,.T.);
#2373=ORIENTED_EDGE('',*,*,#4054,.F.);
#2374=ORIENTED_EDGE('',*,*,#4797,.F.);
#2375=ORIENTED_EDGE('',*,*,#4395,.T.);
#2376=ORIENTED_EDGE('',*,*,#4797,.T.);
#2377=ORIENTED_EDGE('',*,*,#4053,.F.);
#2378=ORIENTED_EDGE('',*,*,#4798,.F.);
#2379=ORIENTED_EDGE('',*,*,#4396,.T.);
#2380=ORIENTED_EDGE('',*,*,#4798,.T.);
#2381=ORIENTED_EDGE('',*,*,#4052,.F.);
#2382=ORIENTED_EDGE('',*,*,#4799,.F.);
#2383=ORIENTED_EDGE('',*,*,#4397,.T.);
#2384=ORIENTED_EDGE('',*,*,#4799,.T.);
#2385=ORIENTED_EDGE('',*,*,#4051,.F.);
#2386=ORIENTED_EDGE('',*,*,#4800,.F.);
#2387=ORIENTED_EDGE('',*,*,#4390,.T.);
#2388=ORIENTED_EDGE('',*,*,#4800,.T.);
#2389=ORIENTED_EDGE('',*,*,#4050,.F.);
#2390=ORIENTED_EDGE('',*,*,#4793,.F.);
#2391=ORIENTED_EDGE('',*,*,#4399,.T.);
#2392=ORIENTED_EDGE('',*,*,#4801,.T.);
#2393=ORIENTED_EDGE('',*,*,#4049,.F.);
#2394=ORIENTED_EDGE('',*,*,#4802,.F.);
#2395=ORIENTED_EDGE('',*,*,#4400,.T.);
#2396=ORIENTED_EDGE('',*,*,#4802,.T.);
#2397=ORIENTED_EDGE('',*,*,#4048,.F.);
#2398=ORIENTED_EDGE('',*,*,#4803,.F.);
#2399=ORIENTED_EDGE('',*,*,#4401,.T.);
#2400=ORIENTED_EDGE('',*,*,#4803,.T.);
#2401=ORIENTED_EDGE('',*,*,#4047,.F.);
#2402=ORIENTED_EDGE('',*,*,#4804,.F.);
#2403=ORIENTED_EDGE('',*,*,#4402,.T.);
#2404=ORIENTED_EDGE('',*,*,#4804,.T.);
#2405=ORIENTED_EDGE('',*,*,#4046,.F.);
#2406=ORIENTED_EDGE('',*,*,#4805,.F.);
#2407=ORIENTED_EDGE('',*,*,#4403,.T.);
#2408=ORIENTED_EDGE('',*,*,#4805,.T.);
#2409=ORIENTED_EDGE('',*,*,#4045,.F.);
#2410=ORIENTED_EDGE('',*,*,#4806,.F.);
#2411=ORIENTED_EDGE('',*,*,#4404,.T.);
#2412=ORIENTED_EDGE('',*,*,#4806,.T.);
#2413=ORIENTED_EDGE('',*,*,#4044,.F.);
#2414=ORIENTED_EDGE('',*,*,#4807,.F.);
#2415=ORIENTED_EDGE('',*,*,#4405,.T.);
#2416=ORIENTED_EDGE('',*,*,#4807,.T.);
#2417=ORIENTED_EDGE('',*,*,#4043,.F.);
#2418=ORIENTED_EDGE('',*,*,#4808,.F.);
#2419=ORIENTED_EDGE('',*,*,#4398,.T.);
#2420=ORIENTED_EDGE('',*,*,#4808,.T.);
#2421=ORIENTED_EDGE('',*,*,#4042,.F.);
#2422=ORIENTED_EDGE('',*,*,#4801,.F.);
#2423=ORIENTED_EDGE('',*,*,#4407,.T.);
#2424=ORIENTED_EDGE('',*,*,#4809,.T.);
#2425=ORIENTED_EDGE('',*,*,#4041,.F.);
#2426=ORIENTED_EDGE('',*,*,#4810,.F.);
#2427=ORIENTED_EDGE('',*,*,#4408,.T.);
#2428=ORIENTED_EDGE('',*,*,#4810,.T.);
#2429=ORIENTED_EDGE('',*,*,#4040,.F.);
#2430=ORIENTED_EDGE('',*,*,#4811,.F.);
#2431=ORIENTED_EDGE('',*,*,#4409,.T.);
#2432=ORIENTED_EDGE('',*,*,#4811,.T.);
#2433=ORIENTED_EDGE('',*,*,#4039,.F.);
#2434=ORIENTED_EDGE('',*,*,#4812,.F.);
#2435=ORIENTED_EDGE('',*,*,#4410,.T.);
#2436=ORIENTED_EDGE('',*,*,#4812,.T.);
#2437=ORIENTED_EDGE('',*,*,#4038,.F.);
#2438=ORIENTED_EDGE('',*,*,#4813,.F.);
#2439=ORIENTED_EDGE('',*,*,#4411,.T.);
#2440=ORIENTED_EDGE('',*,*,#4813,.T.);
#2441=ORIENTED_EDGE('',*,*,#4037,.F.);
#2442=ORIENTED_EDGE('',*,*,#4814,.F.);
#2443=ORIENTED_EDGE('',*,*,#4412,.T.);
#2444=ORIENTED_EDGE('',*,*,#4814,.T.);
#2445=ORIENTED_EDGE('',*,*,#4036,.F.);
#2446=ORIENTED_EDGE('',*,*,#4815,.F.);
#2447=ORIENTED_EDGE('',*,*,#4413,.T.);
#2448=ORIENTED_EDGE('',*,*,#4815,.T.);
#2449=ORIENTED_EDGE('',*,*,#4035,.F.);
#2450=ORIENTED_EDGE('',*,*,#4816,.F.);
#2451=ORIENTED_EDGE('',*,*,#4406,.T.);
#2452=ORIENTED_EDGE('',*,*,#4816,.T.);
#2453=ORIENTED_EDGE('',*,*,#4034,.F.);
#2454=ORIENTED_EDGE('',*,*,#4809,.F.);
#2455=ORIENTED_EDGE('',*,*,#4415,.T.);
#2456=ORIENTED_EDGE('',*,*,#4817,.T.);
#2457=ORIENTED_EDGE('',*,*,#4033,.F.);
#2458=ORIENTED_EDGE('',*,*,#4818,.F.);
#2459=ORIENTED_EDGE('',*,*,#4416,.T.);
#2460=ORIENTED_EDGE('',*,*,#4818,.T.);
#2461=ORIENTED_EDGE('',*,*,#4032,.F.);
#2462=ORIENTED_EDGE('',*,*,#4819,.F.);
#2463=ORIENTED_EDGE('',*,*,#4417,.T.);
#2464=ORIENTED_EDGE('',*,*,#4819,.T.);
#2465=ORIENTED_EDGE('',*,*,#4031,.F.);
#2466=ORIENTED_EDGE('',*,*,#4820,.F.);
#2467=ORIENTED_EDGE('',*,*,#4418,.T.);
#2468=ORIENTED_EDGE('',*,*,#4820,.T.);
#2469=ORIENTED_EDGE('',*,*,#4030,.F.);
#2470=ORIENTED_EDGE('',*,*,#4821,.F.);
#2471=ORIENTED_EDGE('',*,*,#4419,.T.);
#2472=ORIENTED_EDGE('',*,*,#4821,.T.);
#2473=ORIENTED_EDGE('',*,*,#4029,.F.);
#2474=ORIENTED_EDGE('',*,*,#4822,.F.);
#2475=ORIENTED_EDGE('',*,*,#4420,.T.);
#2476=ORIENTED_EDGE('',*,*,#4822,.T.);
#2477=ORIENTED_EDGE('',*,*,#4028,.F.);
#2478=ORIENTED_EDGE('',*,*,#4823,.F.);
#2479=ORIENTED_EDGE('',*,*,#4421,.T.);
#2480=ORIENTED_EDGE('',*,*,#4823,.T.);
#2481=ORIENTED_EDGE('',*,*,#4027,.F.);
#2482=ORIENTED_EDGE('',*,*,#4824,.F.);
#2483=ORIENTED_EDGE('',*,*,#4414,.T.);
#2484=ORIENTED_EDGE('',*,*,#4824,.T.);
#2485=ORIENTED_EDGE('',*,*,#4026,.F.);
#2486=ORIENTED_EDGE('',*,*,#4817,.F.);
#2487=ORIENTED_EDGE('',*,*,#3656,.T.);
#2488=ORIENTED_EDGE('',*,*,#3728,.F.);
#2489=ORIENTED_EDGE('',*,*,#4825,.F.);
#2490=ORIENTED_EDGE('',*,*,#4294,.T.);
#2491=ORIENTED_EDGE('',*,*,#4295,.T.);
#2492=ORIENTED_EDGE('',*,*,#4825,.T.);
#2493=ORIENTED_EDGE('',*,*,#3727,.F.);
#2494=ORIENTED_EDGE('',*,*,#4826,.F.);
#2495=ORIENTED_EDGE('',*,*,#4296,.T.);
#2496=ORIENTED_EDGE('',*,*,#4826,.T.);
#2497=ORIENTED_EDGE('',*,*,#3726,.F.);
#2498=ORIENTED_EDGE('',*,*,#4827,.F.);
#2499=ORIENTED_EDGE('',*,*,#4297,.T.);
#2500=ORIENTED_EDGE('',*,*,#4827,.T.);
#2501=ORIENTED_EDGE('',*,*,#3725,.F.);
#2502=ORIENTED_EDGE('',*,*,#3683,.F.);
#2503=ORIENTED_EDGE('',*,*,#4423,.T.);
#2504=ORIENTED_EDGE('',*,*,#4828,.T.);
#2505=ORIENTED_EDGE('',*,*,#4025,.F.);
#2506=ORIENTED_EDGE('',*,*,#4829,.F.);
#2507=ORIENTED_EDGE('',*,*,#4424,.T.);
#2508=ORIENTED_EDGE('',*,*,#4829,.T.);
#2509=ORIENTED_EDGE('',*,*,#4024,.F.);
#2510=ORIENTED_EDGE('',*,*,#4830,.F.);
#2511=ORIENTED_EDGE('',*,*,#4425,.T.);
#2512=ORIENTED_EDGE('',*,*,#4830,.T.);
#2513=ORIENTED_EDGE('',*,*,#4023,.F.);
#2514=ORIENTED_EDGE('',*,*,#4831,.F.);
#2515=ORIENTED_EDGE('',*,*,#4426,.T.);
#2516=ORIENTED_EDGE('',*,*,#4831,.T.);
#2517=ORIENTED_EDGE('',*,*,#4022,.F.);
#2518=ORIENTED_EDGE('',*,*,#4832,.F.);
#2519=ORIENTED_EDGE('',*,*,#4427,.T.);
#2520=ORIENTED_EDGE('',*,*,#4832,.T.);
#2521=ORIENTED_EDGE('',*,*,#4021,.F.);
#2522=ORIENTED_EDGE('',*,*,#4833,.F.);
#2523=ORIENTED_EDGE('',*,*,#4428,.T.);
#2524=ORIENTED_EDGE('',*,*,#4833,.T.);
#2525=ORIENTED_EDGE('',*,*,#4020,.F.);
#2526=ORIENTED_EDGE('',*,*,#4834,.F.);
#2527=ORIENTED_EDGE('',*,*,#4429,.T.);
#2528=ORIENTED_EDGE('',*,*,#4834,.T.);
#2529=ORIENTED_EDGE('',*,*,#4019,.F.);
#2530=ORIENTED_EDGE('',*,*,#4835,.F.);
#2531=ORIENTED_EDGE('',*,*,#4422,.T.);
#2532=ORIENTED_EDGE('',*,*,#4835,.T.);
#2533=ORIENTED_EDGE('',*,*,#4018,.F.);
#2534=ORIENTED_EDGE('',*,*,#4828,.F.);
#2535=ORIENTED_EDGE('',*,*,#4431,.T.);
#2536=ORIENTED_EDGE('',*,*,#4836,.T.);
#2537=ORIENTED_EDGE('',*,*,#4017,.F.);
#2538=ORIENTED_EDGE('',*,*,#4837,.F.);
#2539=ORIENTED_EDGE('',*,*,#4432,.T.);
#2540=ORIENTED_EDGE('',*,*,#4837,.T.);
#2541=ORIENTED_EDGE('',*,*,#4016,.F.);
#2542=ORIENTED_EDGE('',*,*,#4838,.F.);
#2543=ORIENTED_EDGE('',*,*,#4433,.T.);
#2544=ORIENTED_EDGE('',*,*,#4838,.T.);
#2545=ORIENTED_EDGE('',*,*,#4015,.F.);
#2546=ORIENTED_EDGE('',*,*,#4839,.F.);
#2547=ORIENTED_EDGE('',*,*,#4434,.T.);
#2548=ORIENTED_EDGE('',*,*,#4839,.T.);
#2549=ORIENTED_EDGE('',*,*,#4014,.F.);
#2550=ORIENTED_EDGE('',*,*,#4840,.F.);
#2551=ORIENTED_EDGE('',*,*,#4435,.T.);
#2552=ORIENTED_EDGE('',*,*,#4840,.T.);
#2553=ORIENTED_EDGE('',*,*,#4013,.F.);
#2554=ORIENTED_EDGE('',*,*,#4841,.F.);
#2555=ORIENTED_EDGE('',*,*,#4436,.T.);
#2556=ORIENTED_EDGE('',*,*,#4841,.T.);
#2557=ORIENTED_EDGE('',*,*,#4012,.F.);
#2558=ORIENTED_EDGE('',*,*,#4842,.F.);
#2559=ORIENTED_EDGE('',*,*,#4437,.T.);
#2560=ORIENTED_EDGE('',*,*,#4842,.T.);
#2561=ORIENTED_EDGE('',*,*,#4011,.F.);
#2562=ORIENTED_EDGE('',*,*,#4843,.F.);
#2563=ORIENTED_EDGE('',*,*,#4430,.T.);
#2564=ORIENTED_EDGE('',*,*,#4843,.T.);
#2565=ORIENTED_EDGE('',*,*,#4010,.F.);
#2566=ORIENTED_EDGE('',*,*,#4836,.F.);
#2567=ORIENTED_EDGE('',*,*,#4439,.T.);
#2568=ORIENTED_EDGE('',*,*,#4844,.T.);
#2569=ORIENTED_EDGE('',*,*,#4009,.F.);
#2570=ORIENTED_EDGE('',*,*,#4845,.F.);
#2571=ORIENTED_EDGE('',*,*,#4440,.T.);
#2572=ORIENTED_EDGE('',*,*,#4845,.T.);
#2573=ORIENTED_EDGE('',*,*,#4008,.F.);
#2574=ORIENTED_EDGE('',*,*,#4846,.F.);
#2575=ORIENTED_EDGE('',*,*,#4441,.T.);
#2576=ORIENTED_EDGE('',*,*,#4846,.T.);
#2577=ORIENTED_EDGE('',*,*,#4007,.F.);
#2578=ORIENTED_EDGE('',*,*,#4847,.F.);
#2579=ORIENTED_EDGE('',*,*,#4442,.T.);
#2580=ORIENTED_EDGE('',*,*,#4847,.T.);
#2581=ORIENTED_EDGE('',*,*,#4006,.F.);
#2582=ORIENTED_EDGE('',*,*,#4848,.F.);
#2583=ORIENTED_EDGE('',*,*,#4443,.T.);
#2584=ORIENTED_EDGE('',*,*,#4848,.T.);
#2585=ORIENTED_EDGE('',*,*,#4005,.F.);
#2586=ORIENTED_EDGE('',*,*,#4849,.F.);
#2587=ORIENTED_EDGE('',*,*,#4444,.T.);
#2588=ORIENTED_EDGE('',*,*,#4849,.T.);
#2589=ORIENTED_EDGE('',*,*,#4004,.F.);
#2590=ORIENTED_EDGE('',*,*,#4850,.F.);
#2591=ORIENTED_EDGE('',*,*,#4445,.T.);
#2592=ORIENTED_EDGE('',*,*,#4850,.T.);
#2593=ORIENTED_EDGE('',*,*,#4003,.F.);
#2594=ORIENTED_EDGE('',*,*,#4851,.F.);
#2595=ORIENTED_EDGE('',*,*,#4438,.T.);
#2596=ORIENTED_EDGE('',*,*,#4851,.T.);
#2597=ORIENTED_EDGE('',*,*,#4002,.F.);
#2598=ORIENTED_EDGE('',*,*,#4844,.F.);
#2599=ORIENTED_EDGE('',*,*,#4447,.T.);
#2600=ORIENTED_EDGE('',*,*,#4852,.T.);
#2601=ORIENTED_EDGE('',*,*,#4001,.F.);
#2602=ORIENTED_EDGE('',*,*,#4853,.F.);
#2603=ORIENTED_EDGE('',*,*,#4448,.T.);
#2604=ORIENTED_EDGE('',*,*,#4853,.T.);
#2605=ORIENTED_EDGE('',*,*,#4000,.F.);
#2606=ORIENTED_EDGE('',*,*,#4854,.F.);
#2607=ORIENTED_EDGE('',*,*,#4449,.T.);
#2608=ORIENTED_EDGE('',*,*,#4854,.T.);
#2609=ORIENTED_EDGE('',*,*,#3999,.F.);
#2610=ORIENTED_EDGE('',*,*,#4855,.F.);
#2611=ORIENTED_EDGE('',*,*,#4450,.T.);
#2612=ORIENTED_EDGE('',*,*,#4855,.T.);
#2613=ORIENTED_EDGE('',*,*,#3998,.F.);
#2614=ORIENTED_EDGE('',*,*,#4856,.F.);
#2615=ORIENTED_EDGE('',*,*,#4451,.T.);
#2616=ORIENTED_EDGE('',*,*,#4856,.T.);
#2617=ORIENTED_EDGE('',*,*,#3997,.F.);
#2618=ORIENTED_EDGE('',*,*,#4857,.F.);
#2619=ORIENTED_EDGE('',*,*,#4452,.T.);
#2620=ORIENTED_EDGE('',*,*,#4857,.T.);
#2621=ORIENTED_EDGE('',*,*,#3996,.F.);
#2622=ORIENTED_EDGE('',*,*,#4858,.F.);
#2623=ORIENTED_EDGE('',*,*,#4453,.T.);
#2624=ORIENTED_EDGE('',*,*,#4858,.T.);
#2625=ORIENTED_EDGE('',*,*,#3995,.F.);
#2626=ORIENTED_EDGE('',*,*,#4859,.F.);
#2627=ORIENTED_EDGE('',*,*,#4446,.T.);
#2628=ORIENTED_EDGE('',*,*,#4859,.T.);
#2629=ORIENTED_EDGE('',*,*,#3994,.F.);
#2630=ORIENTED_EDGE('',*,*,#4852,.F.);
#2631=ORIENTED_EDGE('',*,*,#4455,.T.);
#2632=ORIENTED_EDGE('',*,*,#4860,.T.);
#2633=ORIENTED_EDGE('',*,*,#3993,.F.);
#2634=ORIENTED_EDGE('',*,*,#4861,.F.);
#2635=ORIENTED_EDGE('',*,*,#4456,.T.);
#2636=ORIENTED_EDGE('',*,*,#4861,.T.);
#2637=ORIENTED_EDGE('',*,*,#3992,.F.);
#2638=ORIENTED_EDGE('',*,*,#4862,.F.);
#2639=ORIENTED_EDGE('',*,*,#4457,.T.);
#2640=ORIENTED_EDGE('',*,*,#4862,.T.);
#2641=ORIENTED_EDGE('',*,*,#3991,.F.);
#2642=ORIENTED_EDGE('',*,*,#4863,.F.);
#2643=ORIENTED_EDGE('',*,*,#4458,.T.);
#2644=ORIENTED_EDGE('',*,*,#4863,.T.);
#2645=ORIENTED_EDGE('',*,*,#3990,.F.);
#2646=ORIENTED_EDGE('',*,*,#4864,.F.);
#2647=ORIENTED_EDGE('',*,*,#4459,.T.);
#2648=ORIENTED_EDGE('',*,*,#4864,.T.);
#2649=ORIENTED_EDGE('',*,*,#3989,.F.);
#2650=ORIENTED_EDGE('',*,*,#4865,.F.);
#2651=ORIENTED_EDGE('',*,*,#4460,.T.);
#2652=ORIENTED_EDGE('',*,*,#4865,.T.);
#2653=ORIENTED_EDGE('',*,*,#3988,.F.);
#2654=ORIENTED_EDGE('',*,*,#4866,.F.);
#2655=ORIENTED_EDGE('',*,*,#4461,.T.);
#2656=ORIENTED_EDGE('',*,*,#4866,.T.);
#2657=ORIENTED_EDGE('',*,*,#3987,.F.);
#2658=ORIENTED_EDGE('',*,*,#4867,.F.);
#2659=ORIENTED_EDGE('',*,*,#4454,.T.);
#2660=ORIENTED_EDGE('',*,*,#4867,.T.);
#2661=ORIENTED_EDGE('',*,*,#3986,.F.);
#2662=ORIENTED_EDGE('',*,*,#4860,.F.);
#2663=ORIENTED_EDGE('',*,*,#4463,.T.);
#2664=ORIENTED_EDGE('',*,*,#4868,.T.);
#2665=ORIENTED_EDGE('',*,*,#3985,.F.);
#2666=ORIENTED_EDGE('',*,*,#4869,.F.);
#2667=ORIENTED_EDGE('',*,*,#4464,.T.);
#2668=ORIENTED_EDGE('',*,*,#4869,.T.);
#2669=ORIENTED_EDGE('',*,*,#3984,.F.);
#2670=ORIENTED_EDGE('',*,*,#4870,.F.);
#2671=ORIENTED_EDGE('',*,*,#4465,.T.);
#2672=ORIENTED_EDGE('',*,*,#4870,.T.);
#2673=ORIENTED_EDGE('',*,*,#3983,.F.);
#2674=ORIENTED_EDGE('',*,*,#4871,.F.);
#2675=ORIENTED_EDGE('',*,*,#4466,.T.);
#2676=ORIENTED_EDGE('',*,*,#4871,.T.);
#2677=ORIENTED_EDGE('',*,*,#3982,.F.);
#2678=ORIENTED_EDGE('',*,*,#4872,.F.);
#2679=ORIENTED_EDGE('',*,*,#4467,.T.);
#2680=ORIENTED_EDGE('',*,*,#4872,.T.);
#2681=ORIENTED_EDGE('',*,*,#3981,.F.);
#2682=ORIENTED_EDGE('',*,*,#4873,.F.);
#2683=ORIENTED_EDGE('',*,*,#4468,.T.);
#2684=ORIENTED_EDGE('',*,*,#4873,.T.);
#2685=ORIENTED_EDGE('',*,*,#3980,.F.);
#2686=ORIENTED_EDGE('',*,*,#4874,.F.);
#2687=ORIENTED_EDGE('',*,*,#4469,.T.);
#2688=ORIENTED_EDGE('',*,*,#4874,.T.);
#2689=ORIENTED_EDGE('',*,*,#3979,.F.);
#2690=ORIENTED_EDGE('',*,*,#4875,.F.);
#2691=ORIENTED_EDGE('',*,*,#4462,.T.);
#2692=ORIENTED_EDGE('',*,*,#4875,.T.);
#2693=ORIENTED_EDGE('',*,*,#3978,.F.);
#2694=ORIENTED_EDGE('',*,*,#4868,.F.);
#2695=ORIENTED_EDGE('',*,*,#4471,.T.);
#2696=ORIENTED_EDGE('',*,*,#4876,.T.);
#2697=ORIENTED_EDGE('',*,*,#3977,.F.);
#2698=ORIENTED_EDGE('',*,*,#4877,.F.);
#2699=ORIENTED_EDGE('',*,*,#4472,.T.);
#2700=ORIENTED_EDGE('',*,*,#4877,.T.);
#2701=ORIENTED_EDGE('',*,*,#3976,.F.);
#2702=ORIENTED_EDGE('',*,*,#4878,.F.);
#2703=ORIENTED_EDGE('',*,*,#4473,.T.);
#2704=ORIENTED_EDGE('',*,*,#4878,.T.);
#2705=ORIENTED_EDGE('',*,*,#3975,.F.);
#2706=ORIENTED_EDGE('',*,*,#4879,.F.);
#2707=ORIENTED_EDGE('',*,*,#4474,.T.);
#2708=ORIENTED_EDGE('',*,*,#4879,.T.);
#2709=ORIENTED_EDGE('',*,*,#3974,.F.);
#2710=ORIENTED_EDGE('',*,*,#4880,.F.);
#2711=ORIENTED_EDGE('',*,*,#4475,.T.);
#2712=ORIENTED_EDGE('',*,*,#4880,.T.);
#2713=ORIENTED_EDGE('',*,*,#3973,.F.);
#2714=ORIENTED_EDGE('',*,*,#4881,.F.);
#2715=ORIENTED_EDGE('',*,*,#4476,.T.);
#2716=ORIENTED_EDGE('',*,*,#4881,.T.);
#2717=ORIENTED_EDGE('',*,*,#3972,.F.);
#2718=ORIENTED_EDGE('',*,*,#4882,.F.);
#2719=ORIENTED_EDGE('',*,*,#4477,.T.);
#2720=ORIENTED_EDGE('',*,*,#4882,.T.);
#2721=ORIENTED_EDGE('',*,*,#3971,.F.);
#2722=ORIENTED_EDGE('',*,*,#4883,.F.);
#2723=ORIENTED_EDGE('',*,*,#4470,.T.);
#2724=ORIENTED_EDGE('',*,*,#4883,.T.);
#2725=ORIENTED_EDGE('',*,*,#3970,.F.);
#2726=ORIENTED_EDGE('',*,*,#4876,.F.);
#2727=ORIENTED_EDGE('',*,*,#4479,.T.);
#2728=ORIENTED_EDGE('',*,*,#4884,.T.);
#2729=ORIENTED_EDGE('',*,*,#3969,.F.);
#2730=ORIENTED_EDGE('',*,*,#4885,.F.);
#2731=ORIENTED_EDGE('',*,*,#4480,.T.);
#2732=ORIENTED_EDGE('',*,*,#4885,.T.);
#2733=ORIENTED_EDGE('',*,*,#3968,.F.);
#2734=ORIENTED_EDGE('',*,*,#4886,.F.);
#2735=ORIENTED_EDGE('',*,*,#4481,.T.);
#2736=ORIENTED_EDGE('',*,*,#4886,.T.);
#2737=ORIENTED_EDGE('',*,*,#3967,.F.);
#2738=ORIENTED_EDGE('',*,*,#4887,.F.);
#2739=ORIENTED_EDGE('',*,*,#4482,.T.);
#2740=ORIENTED_EDGE('',*,*,#4887,.T.);
#2741=ORIENTED_EDGE('',*,*,#3966,.F.);
#2742=ORIENTED_EDGE('',*,*,#4888,.F.);
#2743=ORIENTED_EDGE('',*,*,#4483,.T.);
#2744=ORIENTED_EDGE('',*,*,#4888,.T.);
#2745=ORIENTED_EDGE('',*,*,#3965,.F.);
#2746=ORIENTED_EDGE('',*,*,#4889,.F.);
#2747=ORIENTED_EDGE('',*,*,#4484,.T.);
#2748=ORIENTED_EDGE('',*,*,#4889,.T.);
#2749=ORIENTED_EDGE('',*,*,#3964,.F.);
#2750=ORIENTED_EDGE('',*,*,#4890,.F.);
#2751=ORIENTED_EDGE('',*,*,#4485,.T.);
#2752=ORIENTED_EDGE('',*,*,#4890,.T.);
#2753=ORIENTED_EDGE('',*,*,#3963,.F.);
#2754=ORIENTED_EDGE('',*,*,#4891,.F.);
#2755=ORIENTED_EDGE('',*,*,#4478,.T.);
#2756=ORIENTED_EDGE('',*,*,#4891,.T.);
#2757=ORIENTED_EDGE('',*,*,#3962,.F.);
#2758=ORIENTED_EDGE('',*,*,#4884,.F.);
#2759=ORIENTED_EDGE('',*,*,#4292,.T.);
#2760=ORIENTED_EDGE('',*,*,#4892,.T.);
#2761=ORIENTED_EDGE('',*,*,#3730,.F.);
#2762=ORIENTED_EDGE('',*,*,#4893,.F.);
#2763=ORIENTED_EDGE('',*,*,#4293,.T.);
#2764=ORIENTED_EDGE('',*,*,#4893,.T.);
#2765=ORIENTED_EDGE('',*,*,#3729,.F.);
#2766=ORIENTED_EDGE('',*,*,#3680,.F.);
#2767=ORIENTED_EDGE('',*,*,#3652,.T.);
#2768=ORIENTED_EDGE('',*,*,#3732,.F.);
#2769=ORIENTED_EDGE('',*,*,#4894,.F.);
#2770=ORIENTED_EDGE('',*,*,#4290,.T.);
#2771=ORIENTED_EDGE('',*,*,#4291,.T.);
#2772=ORIENTED_EDGE('',*,*,#4894,.T.);
#2773=ORIENTED_EDGE('',*,*,#3731,.F.);
#2774=ORIENTED_EDGE('',*,*,#4892,.F.);
#2775=ORIENTED_EDGE('',*,*,#4487,.T.);
#2776=ORIENTED_EDGE('',*,*,#4895,.T.);
#2777=ORIENTED_EDGE('',*,*,#3961,.F.);
#2778=ORIENTED_EDGE('',*,*,#4896,.F.);
#2779=ORIENTED_EDGE('',*,*,#4488,.T.);
#2780=ORIENTED_EDGE('',*,*,#4896,.T.);
#2781=ORIENTED_EDGE('',*,*,#3960,.F.);
#2782=ORIENTED_EDGE('',*,*,#4897,.F.);
#2783=ORIENTED_EDGE('',*,*,#4489,.T.);
#2784=ORIENTED_EDGE('',*,*,#4897,.T.);
#2785=ORIENTED_EDGE('',*,*,#3959,.F.);
#2786=ORIENTED_EDGE('',*,*,#4898,.F.);
#2787=ORIENTED_EDGE('',*,*,#4490,.T.);
#2788=ORIENTED_EDGE('',*,*,#4898,.T.);
#2789=ORIENTED_EDGE('',*,*,#3958,.F.);
#2790=ORIENTED_EDGE('',*,*,#4899,.F.);
#2791=ORIENTED_EDGE('',*,*,#4491,.T.);
#2792=ORIENTED_EDGE('',*,*,#4899,.T.);
#2793=ORIENTED_EDGE('',*,*,#3957,.F.);
#2794=ORIENTED_EDGE('',*,*,#4900,.F.);
#2795=ORIENTED_EDGE('',*,*,#4492,.T.);
#2796=ORIENTED_EDGE('',*,*,#4900,.T.);
#2797=ORIENTED_EDGE('',*,*,#3956,.F.);
#2798=ORIENTED_EDGE('',*,*,#4901,.F.);
#2799=ORIENTED_EDGE('',*,*,#4493,.T.);
#2800=ORIENTED_EDGE('',*,*,#4901,.T.);
#2801=ORIENTED_EDGE('',*,*,#3955,.F.);
#2802=ORIENTED_EDGE('',*,*,#4902,.F.);
#2803=ORIENTED_EDGE('',*,*,#4494,.T.);
#2804=ORIENTED_EDGE('',*,*,#4902,.T.);
#2805=ORIENTED_EDGE('',*,*,#3954,.F.);
#2806=ORIENTED_EDGE('',*,*,#4903,.F.);
#2807=ORIENTED_EDGE('',*,*,#4495,.T.);
#2808=ORIENTED_EDGE('',*,*,#4903,.T.);
#2809=ORIENTED_EDGE('',*,*,#3953,.F.);
#2810=ORIENTED_EDGE('',*,*,#4904,.F.);
#2811=ORIENTED_EDGE('',*,*,#4496,.T.);
#2812=ORIENTED_EDGE('',*,*,#4904,.T.);
#2813=ORIENTED_EDGE('',*,*,#3952,.F.);
#2814=ORIENTED_EDGE('',*,*,#4905,.F.);
#2815=ORIENTED_EDGE('',*,*,#4497,.T.);
#2816=ORIENTED_EDGE('',*,*,#4905,.T.);
#2817=ORIENTED_EDGE('',*,*,#3951,.F.);
#2818=ORIENTED_EDGE('',*,*,#4906,.F.);
#2819=ORIENTED_EDGE('',*,*,#4486,.T.);
#2820=ORIENTED_EDGE('',*,*,#4906,.T.);
#2821=ORIENTED_EDGE('',*,*,#3950,.F.);
#2822=ORIENTED_EDGE('',*,*,#4895,.F.);
#2823=ORIENTED_EDGE('',*,*,#4499,.T.);
#2824=ORIENTED_EDGE('',*,*,#4907,.T.);
#2825=ORIENTED_EDGE('',*,*,#3949,.F.);
#2826=ORIENTED_EDGE('',*,*,#4908,.F.);
#2827=ORIENTED_EDGE('',*,*,#4500,.T.);
#2828=ORIENTED_EDGE('',*,*,#4908,.T.);
#2829=ORIENTED_EDGE('',*,*,#3948,.F.);
#2830=ORIENTED_EDGE('',*,*,#4909,.F.);
#2831=ORIENTED_EDGE('',*,*,#4501,.T.);
#2832=ORIENTED_EDGE('',*,*,#4909,.T.);
#2833=ORIENTED_EDGE('',*,*,#3947,.F.);
#2834=ORIENTED_EDGE('',*,*,#4910,.F.);
#2835=ORIENTED_EDGE('',*,*,#4502,.T.);
#2836=ORIENTED_EDGE('',*,*,#4910,.T.);
#2837=ORIENTED_EDGE('',*,*,#3946,.F.);
#2838=ORIENTED_EDGE('',*,*,#4911,.F.);
#2839=ORIENTED_EDGE('',*,*,#4503,.T.);
#2840=ORIENTED_EDGE('',*,*,#4911,.T.);
#2841=ORIENTED_EDGE('',*,*,#3945,.F.);
#2842=ORIENTED_EDGE('',*,*,#4912,.F.);
#2843=ORIENTED_EDGE('',*,*,#4504,.T.);
#2844=ORIENTED_EDGE('',*,*,#4912,.T.);
#2845=ORIENTED_EDGE('',*,*,#3944,.F.);
#2846=ORIENTED_EDGE('',*,*,#4913,.F.);
#2847=ORIENTED_EDGE('',*,*,#4505,.T.);
#2848=ORIENTED_EDGE('',*,*,#4913,.T.);
#2849=ORIENTED_EDGE('',*,*,#3943,.F.);
#2850=ORIENTED_EDGE('',*,*,#4914,.F.);
#2851=ORIENTED_EDGE('',*,*,#4498,.T.);
#2852=ORIENTED_EDGE('',*,*,#4914,.T.);
#2853=ORIENTED_EDGE('',*,*,#3942,.F.);
#2854=ORIENTED_EDGE('',*,*,#4907,.F.);
#2855=ORIENTED_EDGE('',*,*,#4507,.T.);
#2856=ORIENTED_EDGE('',*,*,#4915,.T.);
#2857=ORIENTED_EDGE('',*,*,#3941,.F.);
#2858=ORIENTED_EDGE('',*,*,#4916,.F.);
#2859=ORIENTED_EDGE('',*,*,#4508,.T.);
#2860=ORIENTED_EDGE('',*,*,#4916,.T.);
#2861=ORIENTED_EDGE('',*,*,#3940,.F.);
#2862=ORIENTED_EDGE('',*,*,#4917,.F.);
#2863=ORIENTED_EDGE('',*,*,#4509,.T.);
#2864=ORIENTED_EDGE('',*,*,#4917,.T.);
#2865=ORIENTED_EDGE('',*,*,#3939,.F.);
#2866=ORIENTED_EDGE('',*,*,#4918,.F.);
#2867=ORIENTED_EDGE('',*,*,#4510,.T.);
#2868=ORIENTED_EDGE('',*,*,#4918,.T.);
#2869=ORIENTED_EDGE('',*,*,#3938,.F.);
#2870=ORIENTED_EDGE('',*,*,#4919,.F.);
#2871=ORIENTED_EDGE('',*,*,#4511,.T.);
#2872=ORIENTED_EDGE('',*,*,#4919,.T.);
#2873=ORIENTED_EDGE('',*,*,#3937,.F.);
#2874=ORIENTED_EDGE('',*,*,#4920,.F.);
#2875=ORIENTED_EDGE('',*,*,#4512,.T.);
#2876=ORIENTED_EDGE('',*,*,#4920,.T.);
#2877=ORIENTED_EDGE('',*,*,#3936,.F.);
#2878=ORIENTED_EDGE('',*,*,#4921,.F.);
#2879=ORIENTED_EDGE('',*,*,#4513,.T.);
#2880=ORIENTED_EDGE('',*,*,#4921,.T.);
#2881=ORIENTED_EDGE('',*,*,#3935,.F.);
#2882=ORIENTED_EDGE('',*,*,#4922,.F.);
#2883=ORIENTED_EDGE('',*,*,#4506,.T.);
#2884=ORIENTED_EDGE('',*,*,#4922,.T.);
#2885=ORIENTED_EDGE('',*,*,#3934,.F.);
#2886=ORIENTED_EDGE('',*,*,#4915,.F.);
#2887=ORIENTED_EDGE('',*,*,#4515,.T.);
#2888=ORIENTED_EDGE('',*,*,#4923,.T.);
#2889=ORIENTED_EDGE('',*,*,#3933,.F.);
#2890=ORIENTED_EDGE('',*,*,#4924,.F.);
#2891=ORIENTED_EDGE('',*,*,#4516,.T.);
#2892=ORIENTED_EDGE('',*,*,#4924,.T.);
#2893=ORIENTED_EDGE('',*,*,#3932,.F.);
#2894=ORIENTED_EDGE('',*,*,#4925,.F.);
#2895=ORIENTED_EDGE('',*,*,#4517,.T.);
#2896=ORIENTED_EDGE('',*,*,#4925,.T.);
#2897=ORIENTED_EDGE('',*,*,#3931,.F.);
#2898=ORIENTED_EDGE('',*,*,#4926,.F.);
#2899=ORIENTED_EDGE('',*,*,#4518,.T.);
#2900=ORIENTED_EDGE('',*,*,#4926,.T.);
#2901=ORIENTED_EDGE('',*,*,#3930,.F.);
#2902=ORIENTED_EDGE('',*,*,#4927,.F.);
#2903=ORIENTED_EDGE('',*,*,#4519,.T.);
#2904=ORIENTED_EDGE('',*,*,#4927,.T.);
#2905=ORIENTED_EDGE('',*,*,#3929,.F.);
#2906=ORIENTED_EDGE('',*,*,#4928,.F.);
#2907=ORIENTED_EDGE('',*,*,#4520,.T.);
#2908=ORIENTED_EDGE('',*,*,#4928,.T.);
#2909=ORIENTED_EDGE('',*,*,#3928,.F.);
#2910=ORIENTED_EDGE('',*,*,#4929,.F.);
#2911=ORIENTED_EDGE('',*,*,#4521,.T.);
#2912=ORIENTED_EDGE('',*,*,#4929,.T.);
#2913=ORIENTED_EDGE('',*,*,#3927,.F.);
#2914=ORIENTED_EDGE('',*,*,#4930,.F.);
#2915=ORIENTED_EDGE('',*,*,#4514,.T.);
#2916=ORIENTED_EDGE('',*,*,#4930,.T.);
#2917=ORIENTED_EDGE('',*,*,#3926,.F.);
#2918=ORIENTED_EDGE('',*,*,#4923,.F.);
#2919=ORIENTED_EDGE('',*,*,#4523,.T.);
#2920=ORIENTED_EDGE('',*,*,#4931,.T.);
#2921=ORIENTED_EDGE('',*,*,#3925,.F.);
#2922=ORIENTED_EDGE('',*,*,#4932,.F.);
#2923=ORIENTED_EDGE('',*,*,#4524,.T.);
#2924=ORIENTED_EDGE('',*,*,#4932,.T.);
#2925=ORIENTED_EDGE('',*,*,#3924,.F.);
#2926=ORIENTED_EDGE('',*,*,#4933,.F.);
#2927=ORIENTED_EDGE('',*,*,#4525,.T.);
#2928=ORIENTED_EDGE('',*,*,#4933,.T.);
#2929=ORIENTED_EDGE('',*,*,#3923,.F.);
#2930=ORIENTED_EDGE('',*,*,#4934,.F.);
#2931=ORIENTED_EDGE('',*,*,#4526,.T.);
#2932=ORIENTED_EDGE('',*,*,#4934,.T.);
#2933=ORIENTED_EDGE('',*,*,#3922,.F.);
#2934=ORIENTED_EDGE('',*,*,#4935,.F.);
#2935=ORIENTED_EDGE('',*,*,#4527,.T.);
#2936=ORIENTED_EDGE('',*,*,#4935,.T.);
#2937=ORIENTED_EDGE('',*,*,#3921,.F.);
#2938=ORIENTED_EDGE('',*,*,#4936,.F.);
#2939=ORIENTED_EDGE('',*,*,#4528,.T.);
#2940=ORIENTED_EDGE('',*,*,#4936,.T.);
#2941=ORIENTED_EDGE('',*,*,#3920,.F.);
#2942=ORIENTED_EDGE('',*,*,#4937,.F.);
#2943=ORIENTED_EDGE('',*,*,#4529,.T.);
#2944=ORIENTED_EDGE('',*,*,#4937,.T.);
#2945=ORIENTED_EDGE('',*,*,#3919,.F.);
#2946=ORIENTED_EDGE('',*,*,#4938,.F.);
#2947=ORIENTED_EDGE('',*,*,#4522,.T.);
#2948=ORIENTED_EDGE('',*,*,#4938,.T.);
#2949=ORIENTED_EDGE('',*,*,#3918,.F.);
#2950=ORIENTED_EDGE('',*,*,#4931,.F.);
#2951=ORIENTED_EDGE('',*,*,#4531,.T.);
#2952=ORIENTED_EDGE('',*,*,#4939,.T.);
#2953=ORIENTED_EDGE('',*,*,#3917,.F.);
#2954=ORIENTED_EDGE('',*,*,#4940,.F.);
#2955=ORIENTED_EDGE('',*,*,#4532,.T.);
#2956=ORIENTED_EDGE('',*,*,#4940,.T.);
#2957=ORIENTED_EDGE('',*,*,#3916,.F.);
#2958=ORIENTED_EDGE('',*,*,#4941,.F.);
#2959=ORIENTED_EDGE('',*,*,#4533,.T.);
#2960=ORIENTED_EDGE('',*,*,#4941,.T.);
#2961=ORIENTED_EDGE('',*,*,#3915,.F.);
#2962=ORIENTED_EDGE('',*,*,#4942,.F.);
#2963=ORIENTED_EDGE('',*,*,#4534,.T.);
#2964=ORIENTED_EDGE('',*,*,#4942,.T.);
#2965=ORIENTED_EDGE('',*,*,#3914,.F.);
#2966=ORIENTED_EDGE('',*,*,#4943,.F.);
#2967=ORIENTED_EDGE('',*,*,#4535,.T.);
#2968=ORIENTED_EDGE('',*,*,#4943,.T.);
#2969=ORIENTED_EDGE('',*,*,#3913,.F.);
#2970=ORIENTED_EDGE('',*,*,#4944,.F.);
#2971=ORIENTED_EDGE('',*,*,#4536,.T.);
#2972=ORIENTED_EDGE('',*,*,#4944,.T.);
#2973=ORIENTED_EDGE('',*,*,#3912,.F.);
#2974=ORIENTED_EDGE('',*,*,#4945,.F.);
#2975=ORIENTED_EDGE('',*,*,#4537,.T.);
#2976=ORIENTED_EDGE('',*,*,#4945,.T.);
#2977=ORIENTED_EDGE('',*,*,#3911,.F.);
#2978=ORIENTED_EDGE('',*,*,#4946,.F.);
#2979=ORIENTED_EDGE('',*,*,#4530,.T.);
#2980=ORIENTED_EDGE('',*,*,#4946,.T.);
#2981=ORIENTED_EDGE('',*,*,#3910,.F.);
#2982=ORIENTED_EDGE('',*,*,#4939,.F.);
#2983=ORIENTED_EDGE('',*,*,#4539,.T.);
#2984=ORIENTED_EDGE('',*,*,#4947,.T.);
#2985=ORIENTED_EDGE('',*,*,#3909,.F.);
#2986=ORIENTED_EDGE('',*,*,#4948,.F.);
#2987=ORIENTED_EDGE('',*,*,#4540,.T.);
#2988=ORIENTED_EDGE('',*,*,#4948,.T.);
#2989=ORIENTED_EDGE('',*,*,#3908,.F.);
#2990=ORIENTED_EDGE('',*,*,#4949,.F.);
#2991=ORIENTED_EDGE('',*,*,#4541,.T.);
#2992=ORIENTED_EDGE('',*,*,#4949,.T.);
#2993=ORIENTED_EDGE('',*,*,#3907,.F.);
#2994=ORIENTED_EDGE('',*,*,#4950,.F.);
#2995=ORIENTED_EDGE('',*,*,#4542,.T.);
#2996=ORIENTED_EDGE('',*,*,#4950,.T.);
#2997=ORIENTED_EDGE('',*,*,#3906,.F.);
#2998=ORIENTED_EDGE('',*,*,#4951,.F.);
#2999=ORIENTED_EDGE('',*,*,#4543,.T.);
#3000=ORIENTED_EDGE('',*,*,#4951,.T.);
#3001=ORIENTED_EDGE('',*,*,#3905,.F.);
#3002=ORIENTED_EDGE('',*,*,#4952,.F.);
#3003=ORIENTED_EDGE('',*,*,#4544,.T.);
#3004=ORIENTED_EDGE('',*,*,#4952,.T.);
#3005=ORIENTED_EDGE('',*,*,#3904,.F.);
#3006=ORIENTED_EDGE('',*,*,#4953,.F.);
#3007=ORIENTED_EDGE('',*,*,#4545,.T.);
#3008=ORIENTED_EDGE('',*,*,#4953,.T.);
#3009=ORIENTED_EDGE('',*,*,#3903,.F.);
#3010=ORIENTED_EDGE('',*,*,#4954,.F.);
#3011=ORIENTED_EDGE('',*,*,#4546,.T.);
#3012=ORIENTED_EDGE('',*,*,#4954,.T.);
#3013=ORIENTED_EDGE('',*,*,#3902,.F.);
#3014=ORIENTED_EDGE('',*,*,#4955,.F.);
#3015=ORIENTED_EDGE('',*,*,#4547,.T.);
#3016=ORIENTED_EDGE('',*,*,#4955,.T.);
#3017=ORIENTED_EDGE('',*,*,#3901,.F.);
#3018=ORIENTED_EDGE('',*,*,#4956,.F.);
#3019=ORIENTED_EDGE('',*,*,#4548,.T.);
#3020=ORIENTED_EDGE('',*,*,#4956,.T.);
#3021=ORIENTED_EDGE('',*,*,#3900,.F.);
#3022=ORIENTED_EDGE('',*,*,#4957,.F.);
#3023=ORIENTED_EDGE('',*,*,#4549,.T.);
#3024=ORIENTED_EDGE('',*,*,#4957,.T.);
#3025=ORIENTED_EDGE('',*,*,#3899,.F.);
#3026=ORIENTED_EDGE('',*,*,#4958,.F.);
#3027=ORIENTED_EDGE('',*,*,#4538,.T.);
#3028=ORIENTED_EDGE('',*,*,#4958,.T.);
#3029=ORIENTED_EDGE('',*,*,#3898,.F.);
#3030=ORIENTED_EDGE('',*,*,#4947,.F.);
#3031=ORIENTED_EDGE('',*,*,#4551,.T.);
#3032=ORIENTED_EDGE('',*,*,#4959,.T.);
#3033=ORIENTED_EDGE('',*,*,#3897,.F.);
#3034=ORIENTED_EDGE('',*,*,#4960,.F.);
#3035=ORIENTED_EDGE('',*,*,#4552,.T.);
#3036=ORIENTED_EDGE('',*,*,#4960,.T.);
#3037=ORIENTED_EDGE('',*,*,#3896,.F.);
#3038=ORIENTED_EDGE('',*,*,#4961,.F.);
#3039=ORIENTED_EDGE('',*,*,#4553,.T.);
#3040=ORIENTED_EDGE('',*,*,#4961,.T.);
#3041=ORIENTED_EDGE('',*,*,#3895,.F.);
#3042=ORIENTED_EDGE('',*,*,#4962,.F.);
#3043=ORIENTED_EDGE('',*,*,#4554,.T.);
#3044=ORIENTED_EDGE('',*,*,#4962,.T.);
#3045=ORIENTED_EDGE('',*,*,#3894,.F.);
#3046=ORIENTED_EDGE('',*,*,#4963,.F.);
#3047=ORIENTED_EDGE('',*,*,#4555,.T.);
#3048=ORIENTED_EDGE('',*,*,#4963,.T.);
#3049=ORIENTED_EDGE('',*,*,#3893,.F.);
#3050=ORIENTED_EDGE('',*,*,#4964,.F.);
#3051=ORIENTED_EDGE('',*,*,#4556,.T.);
#3052=ORIENTED_EDGE('',*,*,#4964,.T.);
#3053=ORIENTED_EDGE('',*,*,#3892,.F.);
#3054=ORIENTED_EDGE('',*,*,#4965,.F.);
#3055=ORIENTED_EDGE('',*,*,#4557,.T.);
#3056=ORIENTED_EDGE('',*,*,#4965,.T.);
#3057=ORIENTED_EDGE('',*,*,#3891,.F.);
#3058=ORIENTED_EDGE('',*,*,#4966,.F.);
#3059=ORIENTED_EDGE('',*,*,#4550,.T.);
#3060=ORIENTED_EDGE('',*,*,#4966,.T.);
#3061=ORIENTED_EDGE('',*,*,#3890,.F.);
#3062=ORIENTED_EDGE('',*,*,#4959,.F.);
#3063=ORIENTED_EDGE('',*,*,#4559,.T.);
#3064=ORIENTED_EDGE('',*,*,#4967,.T.);
#3065=ORIENTED_EDGE('',*,*,#3889,.F.);
#3066=ORIENTED_EDGE('',*,*,#4968,.F.);
#3067=ORIENTED_EDGE('',*,*,#4560,.T.);
#3068=ORIENTED_EDGE('',*,*,#4968,.T.);
#3069=ORIENTED_EDGE('',*,*,#3888,.F.);
#3070=ORIENTED_EDGE('',*,*,#4969,.F.);
#3071=ORIENTED_EDGE('',*,*,#4561,.T.);
#3072=ORIENTED_EDGE('',*,*,#4969,.T.);
#3073=ORIENTED_EDGE('',*,*,#3887,.F.);
#3074=ORIENTED_EDGE('',*,*,#4970,.F.);
#3075=ORIENTED_EDGE('',*,*,#4562,.T.);
#3076=ORIENTED_EDGE('',*,*,#4970,.T.);
#3077=ORIENTED_EDGE('',*,*,#3886,.F.);
#3078=ORIENTED_EDGE('',*,*,#4971,.F.);
#3079=ORIENTED_EDGE('',*,*,#4563,.T.);
#3080=ORIENTED_EDGE('',*,*,#4971,.T.);
#3081=ORIENTED_EDGE('',*,*,#3885,.F.);
#3082=ORIENTED_EDGE('',*,*,#4972,.F.);
#3083=ORIENTED_EDGE('',*,*,#4564,.T.);
#3084=ORIENTED_EDGE('',*,*,#4972,.T.);
#3085=ORIENTED_EDGE('',*,*,#3884,.F.);
#3086=ORIENTED_EDGE('',*,*,#4973,.F.);
#3087=ORIENTED_EDGE('',*,*,#4565,.T.);
#3088=ORIENTED_EDGE('',*,*,#4973,.T.);
#3089=ORIENTED_EDGE('',*,*,#3883,.F.);
#3090=ORIENTED_EDGE('',*,*,#4974,.F.);
#3091=ORIENTED_EDGE('',*,*,#4558,.T.);
#3092=ORIENTED_EDGE('',*,*,#4974,.T.);
#3093=ORIENTED_EDGE('',*,*,#3882,.F.);
#3094=ORIENTED_EDGE('',*,*,#4967,.F.);
#3095=ORIENTED_EDGE('',*,*,#4567,.T.);
#3096=ORIENTED_EDGE('',*,*,#4975,.T.);
#3097=ORIENTED_EDGE('',*,*,#3881,.F.);
#3098=ORIENTED_EDGE('',*,*,#4976,.F.);
#3099=ORIENTED_EDGE('',*,*,#4568,.T.);
#3100=ORIENTED_EDGE('',*,*,#4976,.T.);
#3101=ORIENTED_EDGE('',*,*,#3880,.F.);
#3102=ORIENTED_EDGE('',*,*,#4977,.F.);
#3103=ORIENTED_EDGE('',*,*,#4569,.T.);
#3104=ORIENTED_EDGE('',*,*,#4977,.T.);
#3105=ORIENTED_EDGE('',*,*,#3879,.F.);
#3106=ORIENTED_EDGE('',*,*,#4978,.F.);
#3107=ORIENTED_EDGE('',*,*,#4570,.T.);
#3108=ORIENTED_EDGE('',*,*,#4978,.T.);
#3109=ORIENTED_EDGE('',*,*,#3878,.F.);
#3110=ORIENTED_EDGE('',*,*,#4979,.F.);
#3111=ORIENTED_EDGE('',*,*,#4571,.T.);
#3112=ORIENTED_EDGE('',*,*,#4979,.T.);
#3113=ORIENTED_EDGE('',*,*,#3877,.F.);
#3114=ORIENTED_EDGE('',*,*,#4980,.F.);
#3115=ORIENTED_EDGE('',*,*,#4572,.T.);
#3116=ORIENTED_EDGE('',*,*,#4980,.T.);
#3117=ORIENTED_EDGE('',*,*,#3876,.F.);
#3118=ORIENTED_EDGE('',*,*,#4981,.F.);
#3119=ORIENTED_EDGE('',*,*,#4573,.T.);
#3120=ORIENTED_EDGE('',*,*,#4981,.T.);
#3121=ORIENTED_EDGE('',*,*,#3875,.F.);
#3122=ORIENTED_EDGE('',*,*,#4982,.F.);
#3123=ORIENTED_EDGE('',*,*,#4566,.T.);
#3124=ORIENTED_EDGE('',*,*,#4982,.T.);
#3125=ORIENTED_EDGE('',*,*,#3874,.F.);
#3126=ORIENTED_EDGE('',*,*,#4975,.F.);
#3127=ORIENTED_EDGE('',*,*,#4575,.T.);
#3128=ORIENTED_EDGE('',*,*,#4983,.T.);
#3129=ORIENTED_EDGE('',*,*,#3873,.F.);
#3130=ORIENTED_EDGE('',*,*,#4984,.F.);
#3131=ORIENTED_EDGE('',*,*,#4576,.T.);
#3132=ORIENTED_EDGE('',*,*,#4984,.T.);
#3133=ORIENTED_EDGE('',*,*,#3872,.F.);
#3134=ORIENTED_EDGE('',*,*,#4985,.F.);
#3135=ORIENTED_EDGE('',*,*,#4577,.T.);
#3136=ORIENTED_EDGE('',*,*,#4985,.T.);
#3137=ORIENTED_EDGE('',*,*,#3871,.F.);
#3138=ORIENTED_EDGE('',*,*,#4986,.F.);
#3139=ORIENTED_EDGE('',*,*,#4578,.T.);
#3140=ORIENTED_EDGE('',*,*,#4986,.T.);
#3141=ORIENTED_EDGE('',*,*,#3870,.F.);
#3142=ORIENTED_EDGE('',*,*,#4987,.F.);
#3143=ORIENTED_EDGE('',*,*,#4579,.T.);
#3144=ORIENTED_EDGE('',*,*,#4987,.T.);
#3145=ORIENTED_EDGE('',*,*,#3869,.F.);
#3146=ORIENTED_EDGE('',*,*,#4988,.F.);
#3147=ORIENTED_EDGE('',*,*,#4580,.T.);
#3148=ORIENTED_EDGE('',*,*,#4988,.T.);
#3149=ORIENTED_EDGE('',*,*,#3868,.F.);
#3150=ORIENTED_EDGE('',*,*,#4989,.F.);
#3151=ORIENTED_EDGE('',*,*,#4581,.T.);
#3152=ORIENTED_EDGE('',*,*,#4989,.T.);
#3153=ORIENTED_EDGE('',*,*,#3867,.F.);
#3154=ORIENTED_EDGE('',*,*,#4990,.F.);
#3155=ORIENTED_EDGE('',*,*,#4574,.T.);
#3156=ORIENTED_EDGE('',*,*,#4990,.T.);
#3157=ORIENTED_EDGE('',*,*,#3866,.F.);
#3158=ORIENTED_EDGE('',*,*,#4983,.F.);
#3159=ORIENTED_EDGE('',*,*,#4583,.T.);
#3160=ORIENTED_EDGE('',*,*,#4991,.T.);
#3161=ORIENTED_EDGE('',*,*,#3865,.F.);
#3162=ORIENTED_EDGE('',*,*,#4992,.F.);
#3163=ORIENTED_EDGE('',*,*,#4584,.T.);
#3164=ORIENTED_EDGE('',*,*,#4992,.T.);
#3165=ORIENTED_EDGE('',*,*,#3864,.F.);
#3166=ORIENTED_EDGE('',*,*,#4993,.F.);
#3167=ORIENTED_EDGE('',*,*,#4585,.T.);
#3168=ORIENTED_EDGE('',*,*,#4993,.T.);
#3169=ORIENTED_EDGE('',*,*,#3863,.F.);
#3170=ORIENTED_EDGE('',*,*,#4994,.F.);
#3171=ORIENTED_EDGE('',*,*,#4586,.T.);
#3172=ORIENTED_EDGE('',*,*,#4994,.T.);
#3173=ORIENTED_EDGE('',*,*,#3862,.F.);
#3174=ORIENTED_EDGE('',*,*,#4995,.F.);
#3175=ORIENTED_EDGE('',*,*,#4587,.T.);
#3176=ORIENTED_EDGE('',*,*,#4995,.T.);
#3177=ORIENTED_EDGE('',*,*,#3861,.F.);
#3178=ORIENTED_EDGE('',*,*,#4996,.F.);
#3179=ORIENTED_EDGE('',*,*,#4588,.T.);
#3180=ORIENTED_EDGE('',*,*,#4996,.T.);
#3181=ORIENTED_EDGE('',*,*,#3860,.F.);
#3182=ORIENTED_EDGE('',*,*,#4997,.F.);
#3183=ORIENTED_EDGE('',*,*,#4589,.T.);
#3184=ORIENTED_EDGE('',*,*,#4997,.T.);
#3185=ORIENTED_EDGE('',*,*,#3859,.F.);
#3186=ORIENTED_EDGE('',*,*,#4998,.F.);
#3187=ORIENTED_EDGE('',*,*,#4582,.T.);
#3188=ORIENTED_EDGE('',*,*,#4998,.T.);
#3189=ORIENTED_EDGE('',*,*,#3858,.F.);
#3190=ORIENTED_EDGE('',*,*,#4991,.F.);
#3191=ORIENTED_EDGE('',*,*,#4591,.T.);
#3192=ORIENTED_EDGE('',*,*,#4999,.T.);
#3193=ORIENTED_EDGE('',*,*,#3857,.F.);
#3194=ORIENTED_EDGE('',*,*,#5000,.F.);
#3195=ORIENTED_EDGE('',*,*,#4592,.T.);
#3196=ORIENTED_EDGE('',*,*,#5000,.T.);
#3197=ORIENTED_EDGE('',*,*,#3856,.F.);
#3198=ORIENTED_EDGE('',*,*,#5001,.F.);
#3199=ORIENTED_EDGE('',*,*,#4593,.T.);
#3200=ORIENTED_EDGE('',*,*,#5001,.T.);
#3201=ORIENTED_EDGE('',*,*,#3855,.F.);
#3202=ORIENTED_EDGE('',*,*,#5002,.F.);
#3203=ORIENTED_EDGE('',*,*,#4594,.T.);
#3204=ORIENTED_EDGE('',*,*,#5002,.T.);
#3205=ORIENTED_EDGE('',*,*,#3854,.F.);
#3206=ORIENTED_EDGE('',*,*,#5003,.F.);
#3207=ORIENTED_EDGE('',*,*,#4595,.T.);
#3208=ORIENTED_EDGE('',*,*,#5003,.T.);
#3209=ORIENTED_EDGE('',*,*,#3853,.F.);
#3210=ORIENTED_EDGE('',*,*,#5004,.F.);
#3211=ORIENTED_EDGE('',*,*,#4596,.T.);
#3212=ORIENTED_EDGE('',*,*,#5004,.T.);
#3213=ORIENTED_EDGE('',*,*,#3852,.F.);
#3214=ORIENTED_EDGE('',*,*,#5005,.F.);
#3215=ORIENTED_EDGE('',*,*,#4597,.T.);
#3216=ORIENTED_EDGE('',*,*,#5005,.T.);
#3217=ORIENTED_EDGE('',*,*,#3851,.F.);
#3218=ORIENTED_EDGE('',*,*,#5006,.F.);
#3219=ORIENTED_EDGE('',*,*,#4590,.T.);
#3220=ORIENTED_EDGE('',*,*,#5006,.T.);
#3221=ORIENTED_EDGE('',*,*,#3850,.F.);
#3222=ORIENTED_EDGE('',*,*,#4999,.F.);
#3223=ORIENTED_EDGE('',*,*,#4599,.T.);
#3224=ORIENTED_EDGE('',*,*,#5007,.T.);
#3225=ORIENTED_EDGE('',*,*,#3849,.F.);
#3226=ORIENTED_EDGE('',*,*,#5008,.F.);
#3227=ORIENTED_EDGE('',*,*,#4600,.T.);
#3228=ORIENTED_EDGE('',*,*,#5008,.T.);
#3229=ORIENTED_EDGE('',*,*,#3848,.F.);
#3230=ORIENTED_EDGE('',*,*,#5009,.F.);
#3231=ORIENTED_EDGE('',*,*,#4601,.T.);
#3232=ORIENTED_EDGE('',*,*,#5009,.T.);
#3233=ORIENTED_EDGE('',*,*,#3847,.F.);
#3234=ORIENTED_EDGE('',*,*,#5010,.F.);
#3235=ORIENTED_EDGE('',*,*,#4602,.T.);
#3236=ORIENTED_EDGE('',*,*,#5010,.T.);
#3237=ORIENTED_EDGE('',*,*,#3846,.F.);
#3238=ORIENTED_EDGE('',*,*,#5011,.F.);
#3239=ORIENTED_EDGE('',*,*,#4603,.T.);
#3240=ORIENTED_EDGE('',*,*,#5011,.T.);
#3241=ORIENTED_EDGE('',*,*,#3845,.F.);
#3242=ORIENTED_EDGE('',*,*,#5012,.F.);
#3243=ORIENTED_EDGE('',*,*,#4604,.T.);
#3244=ORIENTED_EDGE('',*,*,#5012,.T.);
#3245=ORIENTED_EDGE('',*,*,#3844,.F.);
#3246=ORIENTED_EDGE('',*,*,#5013,.F.);
#3247=ORIENTED_EDGE('',*,*,#4605,.T.);
#3248=ORIENTED_EDGE('',*,*,#5013,.T.);
#3249=ORIENTED_EDGE('',*,*,#3843,.F.);
#3250=ORIENTED_EDGE('',*,*,#5014,.F.);
#3251=ORIENTED_EDGE('',*,*,#4598,.T.);
#3252=ORIENTED_EDGE('',*,*,#5014,.T.);
#3253=ORIENTED_EDGE('',*,*,#3842,.F.);
#3254=ORIENTED_EDGE('',*,*,#5007,.F.);
#3255=ORIENTED_EDGE('',*,*,#4607,.T.);
#3256=ORIENTED_EDGE('',*,*,#5015,.T.);
#3257=ORIENTED_EDGE('',*,*,#3841,.F.);
#3258=ORIENTED_EDGE('',*,*,#5016,.F.);
#3259=ORIENTED_EDGE('',*,*,#4608,.T.);
#3260=ORIENTED_EDGE('',*,*,#5016,.T.);
#3261=ORIENTED_EDGE('',*,*,#3840,.F.);
#3262=ORIENTED_EDGE('',*,*,#5017,.F.);
#3263=ORIENTED_EDGE('',*,*,#4609,.T.);
#3264=ORIENTED_EDGE('',*,*,#5017,.T.);
#3265=ORIENTED_EDGE('',*,*,#3839,.F.);
#3266=ORIENTED_EDGE('',*,*,#5018,.F.);
#3267=ORIENTED_EDGE('',*,*,#4610,.T.);
#3268=ORIENTED_EDGE('',*,*,#5018,.T.);
#3269=ORIENTED_EDGE('',*,*,#3838,.F.);
#3270=ORIENTED_EDGE('',*,*,#5019,.F.);
#3271=ORIENTED_EDGE('',*,*,#4611,.T.);
#3272=ORIENTED_EDGE('',*,*,#5019,.T.);
#3273=ORIENTED_EDGE('',*,*,#3837,.F.);
#3274=ORIENTED_EDGE('',*,*,#5020,.F.);
#3275=ORIENTED_EDGE('',*,*,#4612,.T.);
#3276=ORIENTED_EDGE('',*,*,#5020,.T.);
#3277=ORIENTED_EDGE('',*,*,#3836,.F.);
#3278=ORIENTED_EDGE('',*,*,#5021,.F.);
#3279=ORIENTED_EDGE('',*,*,#4613,.T.);
#3280=ORIENTED_EDGE('',*,*,#5021,.T.);
#3281=ORIENTED_EDGE('',*,*,#3835,.F.);
#3282=ORIENTED_EDGE('',*,*,#5022,.F.);
#3283=ORIENTED_EDGE('',*,*,#4606,.T.);
#3284=ORIENTED_EDGE('',*,*,#5022,.T.);
#3285=ORIENTED_EDGE('',*,*,#3834,.F.);
#3286=ORIENTED_EDGE('',*,*,#5015,.F.);
#3287=ORIENTED_EDGE('',*,*,#4615,.T.);
#3288=ORIENTED_EDGE('',*,*,#5023,.T.);
#3289=ORIENTED_EDGE('',*,*,#3833,.F.);
#3290=ORIENTED_EDGE('',*,*,#5024,.F.);
#3291=ORIENTED_EDGE('',*,*,#4616,.T.);
#3292=ORIENTED_EDGE('',*,*,#5024,.T.);
#3293=ORIENTED_EDGE('',*,*,#3832,.F.);
#3294=ORIENTED_EDGE('',*,*,#5025,.F.);
#3295=ORIENTED_EDGE('',*,*,#4617,.T.);
#3296=ORIENTED_EDGE('',*,*,#5025,.T.);
#3297=ORIENTED_EDGE('',*,*,#3831,.F.);
#3298=ORIENTED_EDGE('',*,*,#5026,.F.);
#3299=ORIENTED_EDGE('',*,*,#4618,.T.);
#3300=ORIENTED_EDGE('',*,*,#5026,.T.);
#3301=ORIENTED_EDGE('',*,*,#3830,.F.);
#3302=ORIENTED_EDGE('',*,*,#5027,.F.);
#3303=ORIENTED_EDGE('',*,*,#4619,.T.);
#3304=ORIENTED_EDGE('',*,*,#5027,.T.);
#3305=ORIENTED_EDGE('',*,*,#3829,.F.);
#3306=ORIENTED_EDGE('',*,*,#5028,.F.);
#3307=ORIENTED_EDGE('',*,*,#4620,.T.);
#3308=ORIENTED_EDGE('',*,*,#5028,.T.);
#3309=ORIENTED_EDGE('',*,*,#3828,.F.);
#3310=ORIENTED_EDGE('',*,*,#5029,.F.);
#3311=ORIENTED_EDGE('',*,*,#4621,.T.);
#3312=ORIENTED_EDGE('',*,*,#5029,.T.);
#3313=ORIENTED_EDGE('',*,*,#3827,.F.);
#3314=ORIENTED_EDGE('',*,*,#5030,.F.);
#3315=ORIENTED_EDGE('',*,*,#4614,.T.);
#3316=ORIENTED_EDGE('',*,*,#5030,.T.);
#3317=ORIENTED_EDGE('',*,*,#3826,.F.);
#3318=ORIENTED_EDGE('',*,*,#5023,.F.);
#3319=ORIENTED_EDGE('',*,*,#4623,.T.);
#3320=ORIENTED_EDGE('',*,*,#5031,.T.);
#3321=ORIENTED_EDGE('',*,*,#3825,.F.);
#3322=ORIENTED_EDGE('',*,*,#5032,.F.);
#3323=ORIENTED_EDGE('',*,*,#4624,.T.);
#3324=ORIENTED_EDGE('',*,*,#5032,.T.);
#3325=ORIENTED_EDGE('',*,*,#3824,.F.);
#3326=ORIENTED_EDGE('',*,*,#5033,.F.);
#3327=ORIENTED_EDGE('',*,*,#4625,.T.);
#3328=ORIENTED_EDGE('',*,*,#5033,.T.);
#3329=ORIENTED_EDGE('',*,*,#3823,.F.);
#3330=ORIENTED_EDGE('',*,*,#5034,.F.);
#3331=ORIENTED_EDGE('',*,*,#4626,.T.);
#3332=ORIENTED_EDGE('',*,*,#5034,.T.);
#3333=ORIENTED_EDGE('',*,*,#3822,.F.);
#3334=ORIENTED_EDGE('',*,*,#5035,.F.);
#3335=ORIENTED_EDGE('',*,*,#4627,.T.);
#3336=ORIENTED_EDGE('',*,*,#5035,.T.);
#3337=ORIENTED_EDGE('',*,*,#3821,.F.);
#3338=ORIENTED_EDGE('',*,*,#5036,.F.);
#3339=ORIENTED_EDGE('',*,*,#4628,.T.);
#3340=ORIENTED_EDGE('',*,*,#5036,.T.);
#3341=ORIENTED_EDGE('',*,*,#3820,.F.);
#3342=ORIENTED_EDGE('',*,*,#5037,.F.);
#3343=ORIENTED_EDGE('',*,*,#4629,.T.);
#3344=ORIENTED_EDGE('',*,*,#5037,.T.);
#3345=ORIENTED_EDGE('',*,*,#3819,.F.);
#3346=ORIENTED_EDGE('',*,*,#5038,.F.);
#3347=ORIENTED_EDGE('',*,*,#4622,.T.);
#3348=ORIENTED_EDGE('',*,*,#5038,.T.);
#3349=ORIENTED_EDGE('',*,*,#3818,.F.);
#3350=ORIENTED_EDGE('',*,*,#5031,.F.);
#3351=ORIENTED_EDGE('',*,*,#4631,.T.);
#3352=ORIENTED_EDGE('',*,*,#5039,.T.);
#3353=ORIENTED_EDGE('',*,*,#3817,.F.);
#3354=ORIENTED_EDGE('',*,*,#5040,.F.);
#3355=ORIENTED_EDGE('',*,*,#4632,.T.);
#3356=ORIENTED_EDGE('',*,*,#5040,.T.);
#3357=ORIENTED_EDGE('',*,*,#3816,.F.);
#3358=ORIENTED_EDGE('',*,*,#5041,.F.);
#3359=ORIENTED_EDGE('',*,*,#4633,.T.);
#3360=ORIENTED_EDGE('',*,*,#5041,.T.);
#3361=ORIENTED_EDGE('',*,*,#3815,.F.);
#3362=ORIENTED_EDGE('',*,*,#5042,.F.);
#3363=ORIENTED_EDGE('',*,*,#4634,.T.);
#3364=ORIENTED_EDGE('',*,*,#5042,.T.);
#3365=ORIENTED_EDGE('',*,*,#3814,.F.);
#3366=ORIENTED_EDGE('',*,*,#5043,.F.);
#3367=ORIENTED_EDGE('',*,*,#4635,.T.);
#3368=ORIENTED_EDGE('',*,*,#5043,.T.);
#3369=ORIENTED_EDGE('',*,*,#3813,.F.);
#3370=ORIENTED_EDGE('',*,*,#5044,.F.);
#3371=ORIENTED_EDGE('',*,*,#4636,.T.);
#3372=ORIENTED_EDGE('',*,*,#5044,.T.);
#3373=ORIENTED_EDGE('',*,*,#3812,.F.);
#3374=ORIENTED_EDGE('',*,*,#5045,.F.);
#3375=ORIENTED_EDGE('',*,*,#4637,.T.);
#3376=ORIENTED_EDGE('',*,*,#5045,.T.);
#3377=ORIENTED_EDGE('',*,*,#3811,.F.);
#3378=ORIENTED_EDGE('',*,*,#5046,.F.);
#3379=ORIENTED_EDGE('',*,*,#4638,.T.);
#3380=ORIENTED_EDGE('',*,*,#5046,.T.);
#3381=ORIENTED_EDGE('',*,*,#3810,.F.);
#3382=ORIENTED_EDGE('',*,*,#5047,.F.);
#3383=ORIENTED_EDGE('',*,*,#4639,.T.);
#3384=ORIENTED_EDGE('',*,*,#5047,.T.);
#3385=ORIENTED_EDGE('',*,*,#3809,.F.);
#3386=ORIENTED_EDGE('',*,*,#5048,.F.);
#3387=ORIENTED_EDGE('',*,*,#4640,.T.);
#3388=ORIENTED_EDGE('',*,*,#5048,.T.);
#3389=ORIENTED_EDGE('',*,*,#3808,.F.);
#3390=ORIENTED_EDGE('',*,*,#5049,.F.);
#3391=ORIENTED_EDGE('',*,*,#4641,.T.);
#3392=ORIENTED_EDGE('',*,*,#5049,.T.);
#3393=ORIENTED_EDGE('',*,*,#3807,.F.);
#3394=ORIENTED_EDGE('',*,*,#5050,.F.);
#3395=ORIENTED_EDGE('',*,*,#4630,.T.);
#3396=ORIENTED_EDGE('',*,*,#5050,.T.);
#3397=ORIENTED_EDGE('',*,*,#3806,.F.);
#3398=ORIENTED_EDGE('',*,*,#5039,.F.);
#3399=ORIENTED_EDGE('',*,*,#4643,.T.);
#3400=ORIENTED_EDGE('',*,*,#5051,.T.);
#3401=ORIENTED_EDGE('',*,*,#3805,.F.);
#3402=ORIENTED_EDGE('',*,*,#5052,.F.);
#3403=ORIENTED_EDGE('',*,*,#4644,.T.);
#3404=ORIENTED_EDGE('',*,*,#5052,.T.);
#3405=ORIENTED_EDGE('',*,*,#3804,.F.);
#3406=ORIENTED_EDGE('',*,*,#5053,.F.);
#3407=ORIENTED_EDGE('',*,*,#4645,.T.);
#3408=ORIENTED_EDGE('',*,*,#5053,.T.);
#3409=ORIENTED_EDGE('',*,*,#3803,.F.);
#3410=ORIENTED_EDGE('',*,*,#5054,.F.);
#3411=ORIENTED_EDGE('',*,*,#4646,.T.);
#3412=ORIENTED_EDGE('',*,*,#5054,.T.);
#3413=ORIENTED_EDGE('',*,*,#3802,.F.);
#3414=ORIENTED_EDGE('',*,*,#5055,.F.);
#3415=ORIENTED_EDGE('',*,*,#4647,.T.);
#3416=ORIENTED_EDGE('',*,*,#5055,.T.);
#3417=ORIENTED_EDGE('',*,*,#3801,.F.);
#3418=ORIENTED_EDGE('',*,*,#5056,.F.);
#3419=ORIENTED_EDGE('',*,*,#4648,.T.);
#3420=ORIENTED_EDGE('',*,*,#5056,.T.);
#3421=ORIENTED_EDGE('',*,*,#3800,.F.);
#3422=ORIENTED_EDGE('',*,*,#5057,.F.);
#3423=ORIENTED_EDGE('',*,*,#4649,.T.);
#3424=ORIENTED_EDGE('',*,*,#5057,.T.);
#3425=ORIENTED_EDGE('',*,*,#3799,.F.);
#3426=ORIENTED_EDGE('',*,*,#5058,.F.);
#3427=ORIENTED_EDGE('',*,*,#4642,.T.);
#3428=ORIENTED_EDGE('',*,*,#5058,.T.);
#3429=ORIENTED_EDGE('',*,*,#3798,.F.);
#3430=ORIENTED_EDGE('',*,*,#5051,.F.);
#3431=ORIENTED_EDGE('',*,*,#4651,.T.);
#3432=ORIENTED_EDGE('',*,*,#5059,.T.);
#3433=ORIENTED_EDGE('',*,*,#3797,.F.);
#3434=ORIENTED_EDGE('',*,*,#5060,.F.);
#3435=ORIENTED_EDGE('',*,*,#4652,.T.);
#3436=ORIENTED_EDGE('',*,*,#5060,.T.);
#3437=ORIENTED_EDGE('',*,*,#3796,.F.);
#3438=ORIENTED_EDGE('',*,*,#5061,.F.);
#3439=ORIENTED_EDGE('',*,*,#4653,.T.);
#3440=ORIENTED_EDGE('',*,*,#5061,.T.);
#3441=ORIENTED_EDGE('',*,*,#3795,.F.);
#3442=ORIENTED_EDGE('',*,*,#5062,.F.);
#3443=ORIENTED_EDGE('',*,*,#4654,.T.);
#3444=ORIENTED_EDGE('',*,*,#5062,.T.);
#3445=ORIENTED_EDGE('',*,*,#3794,.F.);
#3446=ORIENTED_EDGE('',*,*,#5063,.F.);
#3447=ORIENTED_EDGE('',*,*,#4655,.T.);
#3448=ORIENTED_EDGE('',*,*,#5063,.T.);
#3449=ORIENTED_EDGE('',*,*,#3793,.F.);
#3450=ORIENTED_EDGE('',*,*,#5064,.F.);
#3451=ORIENTED_EDGE('',*,*,#4656,.T.);
#3452=ORIENTED_EDGE('',*,*,#5064,.T.);
#3453=ORIENTED_EDGE('',*,*,#3792,.F.);
#3454=ORIENTED_EDGE('',*,*,#5065,.F.);
#3455=ORIENTED_EDGE('',*,*,#4657,.T.);
#3456=ORIENTED_EDGE('',*,*,#5065,.T.);
#3457=ORIENTED_EDGE('',*,*,#3791,.F.);
#3458=ORIENTED_EDGE('',*,*,#5066,.F.);
#3459=ORIENTED_EDGE('',*,*,#4650,.T.);
#3460=ORIENTED_EDGE('',*,*,#5066,.T.);
#3461=ORIENTED_EDGE('',*,*,#3790,.F.);
#3462=ORIENTED_EDGE('',*,*,#5059,.F.);
#3463=ORIENTED_EDGE('',*,*,#4659,.T.);
#3464=ORIENTED_EDGE('',*,*,#5067,.T.);
#3465=ORIENTED_EDGE('',*,*,#3789,.F.);
#3466=ORIENTED_EDGE('',*,*,#5068,.F.);
#3467=ORIENTED_EDGE('',*,*,#4660,.T.);
#3468=ORIENTED_EDGE('',*,*,#5068,.T.);
#3469=ORIENTED_EDGE('',*,*,#3788,.F.);
#3470=ORIENTED_EDGE('',*,*,#5069,.F.);
#3471=ORIENTED_EDGE('',*,*,#4661,.T.);
#3472=ORIENTED_EDGE('',*,*,#5069,.T.);
#3473=ORIENTED_EDGE('',*,*,#3787,.F.);
#3474=ORIENTED_EDGE('',*,*,#5070,.F.);
#3475=ORIENTED_EDGE('',*,*,#4662,.T.);
#3476=ORIENTED_EDGE('',*,*,#5070,.T.);
#3477=ORIENTED_EDGE('',*,*,#3786,.F.);
#3478=ORIENTED_EDGE('',*,*,#5071,.F.);
#3479=ORIENTED_EDGE('',*,*,#4663,.T.);
#3480=ORIENTED_EDGE('',*,*,#5071,.T.);
#3481=ORIENTED_EDGE('',*,*,#3785,.F.);
#3482=ORIENTED_EDGE('',*,*,#5072,.F.);
#3483=ORIENTED_EDGE('',*,*,#4664,.T.);
#3484=ORIENTED_EDGE('',*,*,#5072,.T.);
#3485=ORIENTED_EDGE('',*,*,#3784,.F.);
#3486=ORIENTED_EDGE('',*,*,#5073,.F.);
#3487=ORIENTED_EDGE('',*,*,#4665,.T.);
#3488=ORIENTED_EDGE('',*,*,#5073,.T.);
#3489=ORIENTED_EDGE('',*,*,#3783,.F.);
#3490=ORIENTED_EDGE('',*,*,#5074,.F.);
#3491=ORIENTED_EDGE('',*,*,#4658,.T.);
#3492=ORIENTED_EDGE('',*,*,#5074,.T.);
#3493=ORIENTED_EDGE('',*,*,#3782,.F.);
#3494=ORIENTED_EDGE('',*,*,#5067,.F.);
#3495=ORIENTED_EDGE('',*,*,#4667,.T.);
#3496=ORIENTED_EDGE('',*,*,#5075,.T.);
#3497=ORIENTED_EDGE('',*,*,#3781,.F.);
#3498=ORIENTED_EDGE('',*,*,#5076,.F.);
#3499=ORIENTED_EDGE('',*,*,#4668,.T.);
#3500=ORIENTED_EDGE('',*,*,#5076,.T.);
#3501=ORIENTED_EDGE('',*,*,#3780,.F.);
#3502=ORIENTED_EDGE('',*,*,#5077,.F.);
#3503=ORIENTED_EDGE('',*,*,#4669,.T.);
#3504=ORIENTED_EDGE('',*,*,#5077,.T.);
#3505=ORIENTED_EDGE('',*,*,#3779,.F.);
#3506=ORIENTED_EDGE('',*,*,#5078,.F.);
#3507=ORIENTED_EDGE('',*,*,#4670,.T.);
#3508=ORIENTED_EDGE('',*,*,#5078,.T.);
#3509=ORIENTED_EDGE('',*,*,#3778,.F.);
#3510=ORIENTED_EDGE('',*,*,#5079,.F.);
#3511=ORIENTED_EDGE('',*,*,#4671,.T.);
#3512=ORIENTED_EDGE('',*,*,#5079,.T.);
#3513=ORIENTED_EDGE('',*,*,#3777,.F.);
#3514=ORIENTED_EDGE('',*,*,#5080,.F.);
#3515=ORIENTED_EDGE('',*,*,#4672,.T.);
#3516=ORIENTED_EDGE('',*,*,#5080,.T.);
#3517=ORIENTED_EDGE('',*,*,#3776,.F.);
#3518=ORIENTED_EDGE('',*,*,#5081,.F.);
#3519=ORIENTED_EDGE('',*,*,#4673,.T.);
#3520=ORIENTED_EDGE('',*,*,#5081,.T.);
#3521=ORIENTED_EDGE('',*,*,#3775,.F.);
#3522=ORIENTED_EDGE('',*,*,#5082,.F.);
#3523=ORIENTED_EDGE('',*,*,#4666,.T.);
#3524=ORIENTED_EDGE('',*,*,#5082,.T.);
#3525=ORIENTED_EDGE('',*,*,#3774,.F.);
#3526=ORIENTED_EDGE('',*,*,#5075,.F.);
#3527=ORIENTED_EDGE('',*,*,#4675,.T.);
#3528=ORIENTED_EDGE('',*,*,#5083,.T.);
#3529=ORIENTED_EDGE('',*,*,#3773,.F.);
#3530=ORIENTED_EDGE('',*,*,#5084,.F.);
#3531=ORIENTED_EDGE('',*,*,#4676,.T.);
#3532=ORIENTED_EDGE('',*,*,#5084,.T.);
#3533=ORIENTED_EDGE('',*,*,#3772,.F.);
#3534=ORIENTED_EDGE('',*,*,#5085,.F.);
#3535=ORIENTED_EDGE('',*,*,#4677,.T.);
#3536=ORIENTED_EDGE('',*,*,#5085,.T.);
#3537=ORIENTED_EDGE('',*,*,#3771,.F.);
#3538=ORIENTED_EDGE('',*,*,#5086,.F.);
#3539=ORIENTED_EDGE('',*,*,#4678,.T.);
#3540=ORIENTED_EDGE('',*,*,#5086,.T.);
#3541=ORIENTED_EDGE('',*,*,#3770,.F.);
#3542=ORIENTED_EDGE('',*,*,#5087,.F.);
#3543=ORIENTED_EDGE('',*,*,#4679,.T.);
#3544=ORIENTED_EDGE('',*,*,#5087,.T.);
#3545=ORIENTED_EDGE('',*,*,#3769,.F.);
#3546=ORIENTED_EDGE('',*,*,#5088,.F.);
#3547=ORIENTED_EDGE('',*,*,#4680,.T.);
#3548=ORIENTED_EDGE('',*,*,#5088,.T.);
#3549=ORIENTED_EDGE('',*,*,#3768,.F.);
#3550=ORIENTED_EDGE('',*,*,#5089,.F.);
#3551=ORIENTED_EDGE('',*,*,#4681,.T.);
#3552=ORIENTED_EDGE('',*,*,#5089,.T.);
#3553=ORIENTED_EDGE('',*,*,#3767,.F.);
#3554=ORIENTED_EDGE('',*,*,#5090,.F.);
#3555=ORIENTED_EDGE('',*,*,#4674,.T.);
#3556=ORIENTED_EDGE('',*,*,#5090,.T.);
#3557=ORIENTED_EDGE('',*,*,#3766,.F.);
#3558=ORIENTED_EDGE('',*,*,#5083,.F.);
#3559=ORIENTED_EDGE('',*,*,#4683,.T.);
#3560=ORIENTED_EDGE('',*,*,#5091,.T.);
#3561=ORIENTED_EDGE('',*,*,#3765,.F.);
#3562=ORIENTED_EDGE('',*,*,#5092,.F.);
#3563=ORIENTED_EDGE('',*,*,#4684,.T.);
#3564=ORIENTED_EDGE('',*,*,#5092,.T.);
#3565=ORIENTED_EDGE('',*,*,#3764,.F.);
#3566=ORIENTED_EDGE('',*,*,#5093,.F.);
#3567=ORIENTED_EDGE('',*,*,#4685,.T.);
#3568=ORIENTED_EDGE('',*,*,#5093,.T.);
#3569=ORIENTED_EDGE('',*,*,#3763,.F.);
#3570=ORIENTED_EDGE('',*,*,#5094,.F.);
#3571=ORIENTED_EDGE('',*,*,#4686,.T.);
#3572=ORIENTED_EDGE('',*,*,#5094,.T.);
#3573=ORIENTED_EDGE('',*,*,#3762,.F.);
#3574=ORIENTED_EDGE('',*,*,#5095,.F.);
#3575=ORIENTED_EDGE('',*,*,#4687,.T.);
#3576=ORIENTED_EDGE('',*,*,#5095,.T.);
#3577=ORIENTED_EDGE('',*,*,#3761,.F.);
#3578=ORIENTED_EDGE('',*,*,#5096,.F.);
#3579=ORIENTED_EDGE('',*,*,#4688,.T.);
#3580=ORIENTED_EDGE('',*,*,#5096,.T.);
#3581=ORIENTED_EDGE('',*,*,#3760,.F.);
#3582=ORIENTED_EDGE('',*,*,#5097,.F.);
#3583=ORIENTED_EDGE('',*,*,#4689,.T.);
#3584=ORIENTED_EDGE('',*,*,#5097,.T.);
#3585=ORIENTED_EDGE('',*,*,#3759,.F.);
#3586=ORIENTED_EDGE('',*,*,#5098,.F.);
#3587=ORIENTED_EDGE('',*,*,#4682,.T.);
#3588=ORIENTED_EDGE('',*,*,#5098,.T.);
#3589=ORIENTED_EDGE('',*,*,#3758,.F.);
#3590=ORIENTED_EDGE('',*,*,#5091,.F.);
#3591=ORIENTED_EDGE('',*,*,#4691,.T.);
#3592=ORIENTED_EDGE('',*,*,#5099,.T.);
#3593=ORIENTED_EDGE('',*,*,#3757,.F.);
#3594=ORIENTED_EDGE('',*,*,#5100,.F.);
#3595=ORIENTED_EDGE('',*,*,#4692,.T.);
#3596=ORIENTED_EDGE('',*,*,#5100,.T.);
#3597=ORIENTED_EDGE('',*,*,#3756,.F.);
#3598=ORIENTED_EDGE('',*,*,#5101,.F.);
#3599=ORIENTED_EDGE('',*,*,#4693,.T.);
#3600=ORIENTED_EDGE('',*,*,#5101,.T.);
#3601=ORIENTED_EDGE('',*,*,#3755,.F.);
#3602=ORIENTED_EDGE('',*,*,#5102,.F.);
#3603=ORIENTED_EDGE('',*,*,#4694,.T.);
#3604=ORIENTED_EDGE('',*,*,#5102,.T.);
#3605=ORIENTED_EDGE('',*,*,#3754,.F.);
#3606=ORIENTED_EDGE('',*,*,#5103,.F.);
#3607=ORIENTED_EDGE('',*,*,#4695,.T.);
#3608=ORIENTED_EDGE('',*,*,#5103,.T.);
#3609=ORIENTED_EDGE('',*,*,#3753,.F.);
#3610=ORIENTED_EDGE('',*,*,#5104,.F.);
#3611=ORIENTED_EDGE('',*,*,#4696,.T.);
#3612=ORIENTED_EDGE('',*,*,#5104,.T.);
#3613=ORIENTED_EDGE('',*,*,#3752,.F.);
#3614=ORIENTED_EDGE('',*,*,#5105,.F.);
#3615=ORIENTED_EDGE('',*,*,#4697,.T.);
#3616=ORIENTED_EDGE('',*,*,#5105,.T.);
#3617=ORIENTED_EDGE('',*,*,#3751,.F.);
#3618=ORIENTED_EDGE('',*,*,#5106,.F.);
#3619=ORIENTED_EDGE('',*,*,#4690,.T.);
#3620=ORIENTED_EDGE('',*,*,#5106,.T.);
#3621=ORIENTED_EDGE('',*,*,#3750,.F.);
#3622=ORIENTED_EDGE('',*,*,#5099,.F.);
#3623=ORIENTED_EDGE('',*,*,#4263,.T.);
#3624=ORIENTED_EDGE('',*,*,#4307,.F.);
#3625=ORIENTED_EDGE('',*,*,#4273,.T.);
#3626=ORIENTED_EDGE('',*,*,#3709,.F.);
#3627=ORIENTED_EDGE('',*,*,#4308,.T.);
#3628=ORIENTED_EDGE('',*,*,#4279,.T.);
#3629=ORIENTED_EDGE('',*,*,#3704,.F.);
#3630=ORIENTED_EDGE('',*,*,#4203,.F.);
#3631=ORIENTED_EDGE('',*,*,#4309,.T.);
#3632=ORIENTED_EDGE('',*,*,#4215,.T.);
#3633=ORIENTED_EDGE('',*,*,#3694,.F.);
#3634=ORIENTED_EDGE('',*,*,#4234,.F.);
#3635=EDGE_CURVE('',#5107,#5108,#6091,.F.);
#3636=EDGE_CURVE('',#5109,#5107,#6092,.F.);
#3637=EDGE_CURVE('',#5110,#5109,#6093,.T.);
#3638=EDGE_CURVE('',#5108,#5110,#6094,.T.);
#3639=EDGE_CURVE('',#5111,#5112,#6095,.F.);
#3640=EDGE_CURVE('',#5113,#5111,#6096,.T.);
#3641=EDGE_CURVE('',#5114,#5113,#6097,.T.);
#3642=EDGE_CURVE('',#5115,#5114,#6098,.T.);
#3643=EDGE_CURVE('',#5112,#5115,#6099,.T.);
#3644=EDGE_CURVE('',#5116,#5117,#6100,.F.);
#3645=EDGE_CURVE('',#5118,#5116,#6101,.T.);
#3646=EDGE_CURVE('',#5119,#5118,#6102,.F.);
#3647=EDGE_CURVE('',#5120,#5119,#6103,.T.);
#3648=EDGE_CURVE('',#5117,#5120,#6104,.F.);
#3649=EDGE_CURVE('',#5121,#5122,#6105,.T.);
#3650=EDGE_CURVE('',#5123,#5121,#6106,.F.);
#3651=EDGE_CURVE('',#5124,#5123,#6107,.F.);
#3652=EDGE_CURVE('',#5122,#5124,#6108,.T.);
#3653=EDGE_CURVE('',#5125,#5126,#6109,.T.);
#3654=EDGE_CURVE('',#5127,#5125,#6110,.F.);
#3655=EDGE_CURVE('',#5128,#5127,#6111,.F.);
#3656=EDGE_CURVE('',#5126,#5128,#6112,.T.);
#3657=EDGE_CURVE('',#5129,#5130,#6113,.T.);
#3658=EDGE_CURVE('',#5131,#5129,#6114,.F.);
#3659=EDGE_CURVE('',#5132,#5131,#6115,.F.);
#3660=EDGE_CURVE('',#5130,#5132,#6116,.T.);
#3661=EDGE_CURVE('',#5133,#5134,#6117,.T.);
#3662=EDGE_CURVE('',#5135,#5133,#6118,.F.);
#3663=EDGE_CURVE('',#5136,#5135,#6119,.F.);
#3664=EDGE_CURVE('',#5134,#5136,#6120,.T.);
#3665=EDGE_CURVE('',#5137,#5109,#6121,.F.);
#3666=EDGE_CURVE('',#5138,#5137,#6122,.T.);
#3667=EDGE_CURVE('',#5138,#5110,#6123,.T.);
#3668=EDGE_CURVE('',#5139,#5111,#6124,.F.);
#3669=EDGE_CURVE('',#5139,#5140,#6125,.F.);
#3670=EDGE_CURVE('',#5113,#5140,#6126,.T.);
#3671=EDGE_CURVE('',#5141,#5118,#6127,.F.);
#3672=EDGE_CURVE('',#5141,#5142,#6128,.T.);
#3673=EDGE_CURVE('',#5119,#5142,#6129,.T.);
#3674=EDGE_CURVE('',#5116,#5143,#6130,.T.);
#3675=EDGE_CURVE('',#5143,#5141,#6131,.F.);
#3676=EDGE_CURVE('',#5121,#5144,#6132,.T.);
#3677=EDGE_CURVE('',#5144,#5145,#6133,.T.);
#3678=EDGE_CURVE('',#5123,#5145,#6134,.T.);
#3679=EDGE_CURVE('',#5125,#5146,#6135,.T.);
#3680=EDGE_CURVE('',#5146,#5147,#6136,.T.);
#3681=EDGE_CURVE('',#5127,#5147,#6137,.T.);
#3682=EDGE_CURVE('',#5129,#5148,#6138,.T.);
#3683=EDGE_CURVE('',#5148,#5149,#6139,.T.);
#3684=EDGE_CURVE('',#5131,#5149,#6140,.T.);
#3685=EDGE_CURVE('',#5107,#5150,#6141,.T.);
#3686=EDGE_CURVE('',#5151,#5150,#6142,.T.);
#3687=EDGE_CURVE('',#5151,#5152,#239,.F.);
#3688=EDGE_CURVE('',#5152,#5153,#6143,.T.);
#3689=EDGE_CURVE('',#5153,#5154,#6144,.T.);
#3690=EDGE_CURVE('',#5155,#5154,#6145,.T.);
#3691=EDGE_CURVE('',#5155,#5156,#240,.F.);
#3692=EDGE_CURVE('',#5156,#5157,#6146,.T.);
#3693=EDGE_CURVE('',#5157,#5158,#6147,.T.);
#3694=EDGE_CURVE('',#5158,#5159,#241,.T.);
#3695=EDGE_CURVE('',#5159,#5160,#6148,.T.);
#3696=EDGE_CURVE('',#5161,#5160,#6149,.T.);
#3697=EDGE_CURVE('',#5161,#5162,#242,.F.);
#3698=EDGE_CURVE('',#5162,#5163,#6150,.T.);
#3699=EDGE_CURVE('',#5163,#5164,#6151,.T.);
#3700=EDGE_CURVE('',#5165,#5164,#6152,.T.);
#3701=EDGE_CURVE('',#5165,#5166,#243,.F.);
#3702=EDGE_CURVE('',#5166,#5167,#6153,.T.);
#3703=EDGE_CURVE('',#5167,#5168,#6154,.T.);
#3704=EDGE_CURVE('',#5168,#5169,#244,.T.);
#3705=EDGE_CURVE('',#5169,#5170,#6155,.F.);
#3706=EDGE_CURVE('',#5170,#5171,#6156,.F.);
#3707=EDGE_CURVE('',#5171,#5172,#6157,.F.);
#3708=EDGE_CURVE('',#5172,#5173,#6158,.T.);
#3709=EDGE_CURVE('',#5173,#5174,#6159,.F.);
#3710=EDGE_CURVE('',#5174,#5175,#6160,.F.);
#3711=EDGE_CURVE('',#5175,#5176,#6161,.F.);
#3712=EDGE_CURVE('',#5176,#5139,#6162,.T.);
#3713=EDGE_CURVE('',#5177,#5112,#6163,.F.);
#3714=EDGE_CURVE('',#5177,#5143,#6164,.F.);
#3715=EDGE_CURVE('',#5117,#5178,#6165,.T.);
#3716=EDGE_CURVE('',#5178,#5179,#245,.F.);
#3717=EDGE_CURVE('',#5179,#5180,#6166,.F.);
#3718=EDGE_CURVE('',#5180,#5181,#246,.F.);
#3719=EDGE_CURVE('',#5181,#5136,#6167,.F.);
#3720=EDGE_CURVE('',#5135,#5182,#6168,.T.);
#3721=EDGE_CURVE('',#5182,#5183,#247,.F.);
#3722=EDGE_CURVE('',#5183,#5184,#6169,.F.);
#3723=EDGE_CURVE('',#5184,#5185,#248,.F.);
#3724=EDGE_CURVE('',#5185,#5132,#6170,.F.);
#3725=EDGE_CURVE('',#5149,#5186,#249,.F.);
#3726=EDGE_CURVE('',#5186,#5187,#6171,.F.);
#3727=EDGE_CURVE('',#5187,#5188,#250,.F.);
#3728=EDGE_CURVE('',#5188,#5128,#6172,.F.);
#3729=EDGE_CURVE('',#5147,#5189,#251,.F.);
#3730=EDGE_CURVE('',#5189,#5190,#6173,.F.);
#3731=EDGE_CURVE('',#5190,#5191,#252,.F.);
#3732=EDGE_CURVE('',#5191,#5124,#6174,.F.);
#3733=EDGE_CURVE('',#5145,#5192,#253,.F.);
#3734=EDGE_CURVE('',#5192,#5193,#6175,.F.);
#3735=EDGE_CURVE('',#5193,#5194,#6176,.T.);
#3736=EDGE_CURVE('',#5194,#5195,#6177,.T.);
#3737=EDGE_CURVE('',#5195,#5196,#254,.F.);
#3738=EDGE_CURVE('',#5196,#5197,#6178,.T.);
#3739=EDGE_CURVE('',#5197,#5198,#255,.F.);
#3740=EDGE_CURVE('',#5198,#5199,#6179,.F.);
#3741=EDGE_CURVE('',#5199,#5137,#256,.F.);
#3742=EDGE_CURVE('',#5200,#5201,#6180,.T.);
#3743=EDGE_CURVE('',#5202,#5200,#6181,.F.);
#3744=EDGE_CURVE('',#5203,#5202,#6182,.F.);
#3745=EDGE_CURVE('',#5201,#5203,#6183,.T.);
#3746=EDGE_CURVE('',#5204,#5205,#6184,.F.);
#3747=EDGE_CURVE('',#5205,#5206,#6185,.F.);
#3748=EDGE_CURVE('',#5206,#5207,#6186,.T.);
#3749=EDGE_CURVE('',#5207,#5204,#6187,.T.);
#3750=EDGE_CURVE('',#5208,#5209,#257,.F.);
#3751=EDGE_CURVE('',#5209,#5210,#6188,.F.);
#3752=EDGE_CURVE('',#5210,#5211,#258,.F.);
#3753=EDGE_CURVE('',#5211,#5212,#6189,.F.);
#3754=EDGE_CURVE('',#5212,#5213,#259,.F.);
#3755=EDGE_CURVE('',#5213,#5214,#6190,.T.);
#3756=EDGE_CURVE('',#5214,#5215,#260,.F.);
#3757=EDGE_CURVE('',#5215,#5208,#6191,.T.);
#3758=EDGE_CURVE('',#5216,#5217,#261,.F.);
#3759=EDGE_CURVE('',#5217,#5218,#6192,.F.);
#3760=EDGE_CURVE('',#5218,#5219,#262,.F.);
#3761=EDGE_CURVE('',#5219,#5220,#6193,.T.);
#3762=EDGE_CURVE('',#5220,#5221,#263,.F.);
#3763=EDGE_CURVE('',#5221,#5222,#6194,.T.);
#3764=EDGE_CURVE('',#5222,#5223,#264,.F.);
#3765=EDGE_CURVE('',#5223,#5216,#6195,.F.);
#3766=EDGE_CURVE('',#5224,#5225,#265,.F.);
#3767=EDGE_CURVE('',#5225,#5226,#6196,.F.);
#3768=EDGE_CURVE('',#5226,#5227,#266,.F.);
#3769=EDGE_CURVE('',#5227,#5228,#6197,.T.);
#3770=EDGE_CURVE('',#5228,#5229,#267,.F.);
#3771=EDGE_CURVE('',#5229,#5230,#6198,.T.);
#3772=EDGE_CURVE('',#5230,#5231,#268,.F.);
#3773=EDGE_CURVE('',#5231,#5224,#6199,.F.);
#3774=EDGE_CURVE('',#5232,#5233,#269,.F.);
#3775=EDGE_CURVE('',#5233,#5234,#6200,.T.);
#3776=EDGE_CURVE('',#5234,#5235,#270,.F.);
#3777=EDGE_CURVE('',#5235,#5236,#6201,.F.);
#3778=EDGE_CURVE('',#5236,#5237,#271,.F.);
#3779=EDGE_CURVE('',#5237,#5238,#6202,.F.);
#3780=EDGE_CURVE('',#5238,#5239,#272,.F.);
#3781=EDGE_CURVE('',#5239,#5232,#6203,.T.);
#3782=EDGE_CURVE('',#5240,#5241,#273,.F.);
#3783=EDGE_CURVE('',#5241,#5242,#6204,.F.);
#3784=EDGE_CURVE('',#5242,#5243,#274,.F.);
#3785=EDGE_CURVE('',#5243,#5244,#6205,.T.);
#3786=EDGE_CURVE('',#5244,#5245,#275,.F.);
#3787=EDGE_CURVE('',#5245,#5246,#6206,.T.);
#3788=EDGE_CURVE('',#5246,#5247,#276,.F.);
#3789=EDGE_CURVE('',#5247,#5240,#6207,.F.);
#3790=EDGE_CURVE('',#5248,#5249,#277,.F.);
#3791=EDGE_CURVE('',#5249,#5250,#6208,.F.);
#3792=EDGE_CURVE('',#5250,#5251,#278,.F.);
#3793=EDGE_CURVE('',#5251,#5252,#6209,.T.);
#3794=EDGE_CURVE('',#5252,#5253,#279,.F.);
#3795=EDGE_CURVE('',#5253,#5254,#6210,.T.);
#3796=EDGE_CURVE('',#5254,#5255,#280,.F.);
#3797=EDGE_CURVE('',#5255,#5248,#6211,.F.);
#3798=EDGE_CURVE('',#5256,#5257,#281,.F.);
#3799=EDGE_CURVE('',#5257,#5258,#6212,.T.);
#3800=EDGE_CURVE('',#5258,#5259,#282,.F.);
#3801=EDGE_CURVE('',#5259,#5260,#6213,.F.);
#3802=EDGE_CURVE('',#5260,#5261,#283,.F.);
#3803=EDGE_CURVE('',#5261,#5262,#6214,.F.);
#3804=EDGE_CURVE('',#5262,#5263,#284,.F.);
#3805=EDGE_CURVE('',#5263,#5256,#6215,.T.);
#3806=EDGE_CURVE('',#5264,#5265,#285,.F.);
#3807=EDGE_CURVE('',#5265,#5266,#6216,.F.);
#3808=EDGE_CURVE('',#5266,#5267,#286,.F.);
#3809=EDGE_CURVE('',#5267,#5268,#6217,.T.);
#3810=EDGE_CURVE('',#5268,#5269,#287,.F.);
#3811=EDGE_CURVE('',#5269,#5270,#6218,.T.);
#3812=EDGE_CURVE('',#5270,#5271,#288,.F.);
#3813=EDGE_CURVE('',#5271,#5272,#6219,.T.);
#3814=EDGE_CURVE('',#5272,#5273,#289,.F.);
#3815=EDGE_CURVE('',#5273,#5274,#6220,.T.);
#3816=EDGE_CURVE('',#5274,#5275,#290,.F.);
#3817=EDGE_CURVE('',#5275,#5264,#6221,.F.);
#3818=EDGE_CURVE('',#5276,#5277,#291,.F.);
#3819=EDGE_CURVE('',#5277,#5278,#6222,.F.);
#3820=EDGE_CURVE('',#5278,#5279,#292,.F.);
#3821=EDGE_CURVE('',#5279,#5280,#6223,.T.);
#3822=EDGE_CURVE('',#5280,#5281,#293,.F.);
#3823=EDGE_CURVE('',#5281,#5282,#6224,.T.);
#3824=EDGE_CURVE('',#5282,#5283,#294,.F.);
#3825=EDGE_CURVE('',#5283,#5276,#6225,.F.);
#3826=EDGE_CURVE('',#5284,#5285,#295,.F.);
#3827=EDGE_CURVE('',#5285,#5286,#6226,.F.);
#3828=EDGE_CURVE('',#5286,#5287,#296,.F.);
#3829=EDGE_CURVE('',#5287,#5288,#6227,.F.);
#3830=EDGE_CURVE('',#5288,#5289,#297,.F.);
#3831=EDGE_CURVE('',#5289,#5290,#6228,.T.);
#3832=EDGE_CURVE('',#5290,#5291,#298,.F.);
#3833=EDGE_CURVE('',#5291,#5284,#6229,.T.);
#3834=EDGE_CURVE('',#5292,#5293,#299,.F.);
#3835=EDGE_CURVE('',#5293,#5294,#6230,.F.);
#3836=EDGE_CURVE('',#5294,#5295,#300,.F.);
#3837=EDGE_CURVE('',#5295,#5296,#6231,.T.);
#3838=EDGE_CURVE('',#5296,#5297,#301,.F.);
#3839=EDGE_CURVE('',#5297,#5298,#6232,.T.);
#3840=EDGE_CURVE('',#5298,#5299,#302,.F.);
#3841=EDGE_CURVE('',#5299,#5292,#6233,.F.);
#3842=EDGE_CURVE('',#5300,#5301,#303,.F.);
#3843=EDGE_CURVE('',#5301,#5302,#6234,.F.);
#3844=EDGE_CURVE('',#5302,#5303,#304,.F.);
#3845=EDGE_CURVE('',#5303,#5304,#6235,.T.);
#3846=EDGE_CURVE('',#5304,#5305,#305,.F.);
#3847=EDGE_CURVE('',#5305,#5306,#6236,.T.);
#3848=EDGE_CURVE('',#5306,#5307,#306,.F.);
#3849=EDGE_CURVE('',#5307,#5300,#6237,.F.);
#3850=EDGE_CURVE('',#5308,#5309,#307,.F.);
#3851=EDGE_CURVE('',#5309,#5310,#6238,.F.);
#3852=EDGE_CURVE('',#5310,#5311,#308,.F.);
#3853=EDGE_CURVE('',#5311,#5312,#6239,.T.);
#3854=EDGE_CURVE('',#5312,#5313,#309,.F.);
#3855=EDGE_CURVE('',#5313,#5314,#6240,.T.);
#3856=EDGE_CURVE('',#5314,#5315,#310,.F.);
#3857=EDGE_CURVE('',#5315,#5308,#6241,.F.);
#3858=EDGE_CURVE('',#5316,#5317,#311,.F.);
#3859=EDGE_CURVE('',#5317,#5318,#6242,.F.);
#3860=EDGE_CURVE('',#5318,#5319,#312,.F.);
#3861=EDGE_CURVE('',#5319,#5320,#6243,.T.);
#3862=EDGE_CURVE('',#5320,#5321,#313,.F.);
#3863=EDGE_CURVE('',#5321,#5322,#6244,.T.);
#3864=EDGE_CURVE('',#5322,#5323,#314,.F.);
#3865=EDGE_CURVE('',#5323,#5316,#6245,.F.);
#3866=EDGE_CURVE('',#5324,#5325,#315,.F.);
#3867=EDGE_CURVE('',#5325,#5326,#6246,.T.);
#3868=EDGE_CURVE('',#5326,#5327,#316,.F.);
#3869=EDGE_CURVE('',#5327,#5328,#6247,.F.);
#3870=EDGE_CURVE('',#5328,#5329,#317,.F.);
#3871=EDGE_CURVE('',#5329,#5330,#6248,.F.);
#3872=EDGE_CURVE('',#5330,#5331,#318,.F.);
#3873=EDGE_CURVE('',#5331,#5324,#6249,.T.);
#3874=EDGE_CURVE('',#5332,#5333,#319,.F.);
#3875=EDGE_CURVE('',#5333,#5334,#6250,.F.);
#3876=EDGE_CURVE('',#5334,#5335,#320,.F.);
#3877=EDGE_CURVE('',#5335,#5336,#6251,.T.);
#3878=EDGE_CURVE('',#5336,#5337,#321,.F.);
#3879=EDGE_CURVE('',#5337,#5338,#6252,.T.);
#3880=EDGE_CURVE('',#5338,#5339,#322,.F.);
#3881=EDGE_CURVE('',#5339,#5332,#6253,.F.);
#3882=EDGE_CURVE('',#5340,#5341,#323,.F.);
#3883=EDGE_CURVE('',#5341,#5342,#6254,.F.);
#3884=EDGE_CURVE('',#5342,#5343,#324,.F.);
#3885=EDGE_CURVE('',#5343,#5344,#6255,.T.);
#3886=EDGE_CURVE('',#5344,#5345,#325,.F.);
#3887=EDGE_CURVE('',#5345,#5346,#6256,.T.);
#3888=EDGE_CURVE('',#5346,#5347,#326,.F.);
#3889=EDGE_CURVE('',#5347,#5340,#6257,.F.);
#3890=EDGE_CURVE('',#5348,#5349,#327,.F.);
#3891=EDGE_CURVE('',#5349,#5350,#6258,.F.);
#3892=EDGE_CURVE('',#5350,#5351,#328,.F.);
#3893=EDGE_CURVE('',#5351,#5352,#6259,.F.);
#3894=EDGE_CURVE('',#5352,#5353,#329,.F.);
#3895=EDGE_CURVE('',#5353,#5354,#6260,.T.);
#3896=EDGE_CURVE('',#5354,#5355,#330,.F.);
#3897=EDGE_CURVE('',#5355,#5348,#6261,.T.);
#3898=EDGE_CURVE('',#5356,#5357,#331,.F.);
#3899=EDGE_CURVE('',#5357,#5358,#6262,.T.);
#3900=EDGE_CURVE('',#5358,#5359,#332,.F.);
#3901=EDGE_CURVE('',#5359,#5360,#6263,.T.);
#3902=EDGE_CURVE('',#5360,#5361,#333,.F.);
#3903=EDGE_CURVE('',#5361,#5362,#6264,.T.);
#3904=EDGE_CURVE('',#5362,#5363,#334,.F.);
#3905=EDGE_CURVE('',#5363,#5364,#6265,.T.);
#3906=EDGE_CURVE('',#5364,#5365,#335,.F.);
#3907=EDGE_CURVE('',#5365,#5366,#6266,.F.);
#3908=EDGE_CURVE('',#5366,#5367,#336,.F.);
#3909=EDGE_CURVE('',#5367,#5356,#6267,.F.);
#3910=EDGE_CURVE('',#5368,#5369,#337,.F.);
#3911=EDGE_CURVE('',#5369,#5370,#6268,.T.);
#3912=EDGE_CURVE('',#5370,#5371,#338,.F.);
#3913=EDGE_CURVE('',#5371,#5372,#6269,.F.);
#3914=EDGE_CURVE('',#5372,#5373,#339,.F.);
#3915=EDGE_CURVE('',#5373,#5374,#6270,.F.);
#3916=EDGE_CURVE('',#5374,#5375,#340,.F.);
#3917=EDGE_CURVE('',#5375,#5368,#6271,.T.);
#3918=EDGE_CURVE('',#5376,#5377,#341,.F.);
#3919=EDGE_CURVE('',#5377,#5378,#6272,.F.);
#3920=EDGE_CURVE('',#5378,#5379,#342,.F.);
#3921=EDGE_CURVE('',#5379,#5380,#6273,.T.);
#3922=EDGE_CURVE('',#5380,#5381,#343,.F.);
#3923=EDGE_CURVE('',#5381,#5382,#6274,.T.);
#3924=EDGE_CURVE('',#5382,#5383,#344,.F.);
#3925=EDGE_CURVE('',#5383,#5376,#6275,.F.);
#3926=EDGE_CURVE('',#5384,#5385,#345,.F.);
#3927=EDGE_CURVE('',#5385,#5386,#6276,.F.);
#3928=EDGE_CURVE('',#5386,#5387,#346,.F.);
#3929=EDGE_CURVE('',#5387,#5388,#6277,.T.);
#3930=EDGE_CURVE('',#5388,#5389,#347,.F.);
#3931=EDGE_CURVE('',#5389,#5390,#6278,.T.);
#3932=EDGE_CURVE('',#5390,#5391,#348,.F.);
#3933=EDGE_CURVE('',#5391,#5384,#6279,.F.);
#3934=EDGE_CURVE('',#5392,#5393,#349,.F.);
#3935=EDGE_CURVE('',#5393,#5394,#6280,.T.);
#3936=EDGE_CURVE('',#5394,#5395,#350,.F.);
#3937=EDGE_CURVE('',#5395,#5396,#6281,.F.);
#3938=EDGE_CURVE('',#5396,#5397,#351,.F.);
#3939=EDGE_CURVE('',#5397,#5398,#6282,.F.);
#3940=EDGE_CURVE('',#5398,#5399,#352,.F.);
#3941=EDGE_CURVE('',#5399,#5392,#6283,.T.);
#3942=EDGE_CURVE('',#5400,#5401,#353,.F.);
#3943=EDGE_CURVE('',#5401,#5402,#6284,.F.);
#3944=EDGE_CURVE('',#5402,#5403,#354,.F.);
#3945=EDGE_CURVE('',#5403,#5404,#6285,.T.);
#3946=EDGE_CURVE('',#5404,#5405,#355,.F.);
#3947=EDGE_CURVE('',#5405,#5406,#6286,.T.);
#3948=EDGE_CURVE('',#5406,#5407,#356,.F.);
#3949=EDGE_CURVE('',#5407,#5400,#6287,.F.);
#3950=EDGE_CURVE('',#5408,#5409,#357,.F.);
#3951=EDGE_CURVE('',#5409,#5410,#6288,.T.);
#3952=EDGE_CURVE('',#5410,#5411,#358,.F.);
#3953=EDGE_CURVE('',#5411,#5412,#6289,.T.);
#3954=EDGE_CURVE('',#5412,#5413,#359,.F.);
#3955=EDGE_CURVE('',#5413,#5414,#6290,.T.);
#3956=EDGE_CURVE('',#5414,#5415,#360,.F.);
#3957=EDGE_CURVE('',#5415,#5416,#6291,.T.);
#3958=EDGE_CURVE('',#5416,#5417,#361,.F.);
#3959=EDGE_CURVE('',#5417,#5418,#6292,.F.);
#3960=EDGE_CURVE('',#5418,#5419,#362,.F.);
#3961=EDGE_CURVE('',#5419,#5408,#6293,.F.);
#3962=EDGE_CURVE('',#5420,#5421,#363,.F.);
#3963=EDGE_CURVE('',#5421,#5422,#6294,.F.);
#3964=EDGE_CURVE('',#5422,#5423,#364,.F.);
#3965=EDGE_CURVE('',#5423,#5424,#6295,.T.);
#3966=EDGE_CURVE('',#5424,#5425,#365,.F.);
#3967=EDGE_CURVE('',#5425,#5426,#6296,.T.);
#3968=EDGE_CURVE('',#5426,#5427,#366,.F.);
#3969=EDGE_CURVE('',#5427,#5420,#6297,.F.);
#3970=EDGE_CURVE('',#5428,#5429,#367,.F.);
#3971=EDGE_CURVE('',#5429,#5430,#6298,.F.);
#3972=EDGE_CURVE('',#5430,#5431,#368,.F.);
#3973=EDGE_CURVE('',#5431,#5432,#6299,.T.);
#3974=EDGE_CURVE('',#5432,#5433,#369,.F.);
#3975=EDGE_CURVE('',#5433,#5434,#6300,.T.);
#3976=EDGE_CURVE('',#5434,#5435,#370,.F.);
#3977=EDGE_CURVE('',#5435,#5428,#6301,.F.);
#3978=EDGE_CURVE('',#5436,#5437,#371,.F.);
#3979=EDGE_CURVE('',#5437,#5438,#6302,.F.);
#3980=EDGE_CURVE('',#5438,#5439,#372,.F.);
#3981=EDGE_CURVE('',#5439,#5440,#6303,.T.);
#3982=EDGE_CURVE('',#5440,#5441,#373,.F.);
#3983=EDGE_CURVE('',#5441,#5442,#6304,.T.);
#3984=EDGE_CURVE('',#5442,#5443,#374,.F.);
#3985=EDGE_CURVE('',#5443,#5436,#6305,.F.);
#3986=EDGE_CURVE('',#5444,#5445,#375,.F.);
#3987=EDGE_CURVE('',#5445,#5446,#6306,.T.);
#3988=EDGE_CURVE('',#5446,#5447,#376,.F.);
#3989=EDGE_CURVE('',#5447,#5448,#6307,.T.);
#3990=EDGE_CURVE('',#5448,#5449,#377,.F.);
#3991=EDGE_CURVE('',#5449,#5450,#6308,.F.);
#3992=EDGE_CURVE('',#5450,#5451,#378,.F.);
#3993=EDGE_CURVE('',#5451,#5444,#6309,.F.);
#3994=EDGE_CURVE('',#5452,#5453,#379,.F.);
#3995=EDGE_CURVE('',#5453,#5454,#6310,.F.);
#3996=EDGE_CURVE('',#5454,#5455,#380,.F.);
#3997=EDGE_CURVE('',#5455,#5456,#6311,.F.);
#3998=EDGE_CURVE('',#5456,#5457,#381,.F.);
#3999=EDGE_CURVE('',#5457,#5458,#6312,.T.);
#4000=EDGE_CURVE('',#5458,#5459,#382,.F.);
#4001=EDGE_CURVE('',#5459,#5452,#6313,.T.);
#4002=EDGE_CURVE('',#5460,#5461,#383,.F.);
#4003=EDGE_CURVE('',#5461,#5462,#6314,.F.);
#4004=EDGE_CURVE('',#5462,#5463,#384,.F.);
#4005=EDGE_CURVE('',#5463,#5464,#6315,.T.);
#4006=EDGE_CURVE('',#5464,#5465,#385,.F.);
#4007=EDGE_CURVE('',#5465,#5466,#6316,.T.);
#4008=EDGE_CURVE('',#5466,#5467,#386,.F.);
#4009=EDGE_CURVE('',#5467,#5460,#6317,.F.);
#4010=EDGE_CURVE('',#5468,#5469,#387,.F.);
#4011=EDGE_CURVE('',#5469,#5470,#6318,.T.);
#4012=EDGE_CURVE('',#5470,#5471,#388,.F.);
#4013=EDGE_CURVE('',#5471,#5472,#6319,.F.);
#4014=EDGE_CURVE('',#5472,#5473,#389,.F.);
#4015=EDGE_CURVE('',#5473,#5474,#6320,.F.);
#4016=EDGE_CURVE('',#5474,#5475,#390,.F.);
#4017=EDGE_CURVE('',#5475,#5468,#6321,.T.);
#4018=EDGE_CURVE('',#5476,#5477,#391,.F.);
#4019=EDGE_CURVE('',#5477,#5478,#6322,.F.);
#4020=EDGE_CURVE('',#5478,#5479,#392,.F.);
#4021=EDGE_CURVE('',#5479,#5480,#6323,.F.);
#4022=EDGE_CURVE('',#5480,#5481,#393,.F.);
#4023=EDGE_CURVE('',#5481,#5482,#6324,.T.);
#4024=EDGE_CURVE('',#5482,#5483,#394,.F.);
#4025=EDGE_CURVE('',#5483,#5476,#6325,.T.);
#4026=EDGE_CURVE('',#5484,#5485,#395,.F.);
#4027=EDGE_CURVE('',#5485,#5486,#6326,.T.);
#4028=EDGE_CURVE('',#5486,#5487,#396,.F.);
#4029=EDGE_CURVE('',#5487,#5488,#6327,.F.);
#4030=EDGE_CURVE('',#5488,#5489,#397,.F.);
#4031=EDGE_CURVE('',#5489,#5490,#6328,.F.);
#4032=EDGE_CURVE('',#5490,#5491,#398,.F.);
#4033=EDGE_CURVE('',#5491,#5484,#6329,.T.);
#4034=EDGE_CURVE('',#5492,#5493,#399,.F.);
#4035=EDGE_CURVE('',#5493,#5494,#6330,.F.);
#4036=EDGE_CURVE('',#5494,#5495,#400,.F.);
#4037=EDGE_CURVE('',#5495,#5496,#6331,.T.);
#4038=EDGE_CURVE('',#5496,#5497,#401,.F.);
#4039=EDGE_CURVE('',#5497,#5498,#6332,.T.);
#4040=EDGE_CURVE('',#5498,#5499,#402,.F.);
#4041=EDGE_CURVE('',#5499,#5492,#6333,.F.);
#4042=EDGE_CURVE('',#5500,#5501,#403,.F.);
#4043=EDGE_CURVE('',#5501,#5502,#6334,.F.);
#4044=EDGE_CURVE('',#5502,#5503,#404,.F.);
#4045=EDGE_CURVE('',#5503,#5504,#6335,.T.);
#4046=EDGE_CURVE('',#5504,#5505,#405,.F.);
#4047=EDGE_CURVE('',#5505,#5506,#6336,.T.);
#4048=EDGE_CURVE('',#5506,#5507,#406,.F.);
#4049=EDGE_CURVE('',#5507,#5500,#6337,.F.);
#4050=EDGE_CURVE('',#5508,#5509,#407,.F.);
#4051=EDGE_CURVE('',#5509,#5510,#6338,.F.);
#4052=EDGE_CURVE('',#5510,#5511,#408,.F.);
#4053=EDGE_CURVE('',#5511,#5512,#6339,.T.);
#4054=EDGE_CURVE('',#5512,#5513,#409,.F.);
#4055=EDGE_CURVE('',#5513,#5514,#6340,.T.);
#4056=EDGE_CURVE('',#5514,#5515,#410,.F.);
#4057=EDGE_CURVE('',#5515,#5508,#6341,.F.);
#4058=EDGE_CURVE('',#5516,#5517,#411,.F.);
#4059=EDGE_CURVE('',#5517,#5518,#6342,.F.);
#4060=EDGE_CURVE('',#5518,#5519,#412,.F.);
#4061=EDGE_CURVE('',#5519,#5520,#6343,.F.);
#4062=EDGE_CURVE('',#5520,#5521,#413,.F.);
#4063=EDGE_CURVE('',#5521,#5522,#6344,.T.);
#4064=EDGE_CURVE('',#5522,#5523,#414,.F.);
#4065=EDGE_CURVE('',#5523,#5516,#6345,.T.);
#4066=EDGE_CURVE('',#5524,#5525,#415,.F.);
#4067=EDGE_CURVE('',#5525,#5526,#6346,.F.);
#4068=EDGE_CURVE('',#5526,#5527,#416,.F.);
#4069=EDGE_CURVE('',#5527,#5528,#6347,.T.);
#4070=EDGE_CURVE('',#5528,#5529,#417,.F.);
#4071=EDGE_CURVE('',#5529,#5530,#6348,.T.);
#4072=EDGE_CURVE('',#5530,#5531,#418,.F.);
#4073=EDGE_CURVE('',#5531,#5524,#6349,.F.);
#4074=EDGE_CURVE('',#5532,#5533,#419,.F.);
#4075=EDGE_CURVE('',#5533,#5534,#6350,.F.);
#4076=EDGE_CURVE('',#5534,#5535,#420,.F.);
#4077=EDGE_CURVE('',#5535,#5536,#6351,.T.);
#4078=EDGE_CURVE('',#5536,#5537,#421,.F.);
#4079=EDGE_CURVE('',#5537,#5538,#6352,.T.);
#4080=EDGE_CURVE('',#5538,#5539,#422,.F.);
#4081=EDGE_CURVE('',#5539,#5532,#6353,.F.);
#4082=EDGE_CURVE('',#5540,#5541,#423,.F.);
#4083=EDGE_CURVE('',#5541,#5542,#6354,.F.);
#4084=EDGE_CURVE('',#5542,#5543,#424,.F.);
#4085=EDGE_CURVE('',#5543,#5544,#6355,.T.);
#4086=EDGE_CURVE('',#5544,#5545,#425,.F.);
#4087=EDGE_CURVE('',#5545,#5546,#6356,.T.);
#4088=EDGE_CURVE('',#5546,#5547,#426,.F.);
#4089=EDGE_CURVE('',#5547,#5540,#6357,.F.);
#4090=EDGE_CURVE('',#5548,#5549,#427,.F.);
#4091=EDGE_CURVE('',#5549,#5550,#6358,.F.);
#4092=EDGE_CURVE('',#5550,#5551,#428,.F.);
#4093=EDGE_CURVE('',#5551,#5552,#6359,.T.);
#4094=EDGE_CURVE('',#5552,#5553,#429,.F.);
#4095=EDGE_CURVE('',#5553,#5554,#6360,.T.);
#4096=EDGE_CURVE('',#5554,#5555,#430,.F.);
#4097=EDGE_CURVE('',#5555,#5548,#6361,.F.);
#4098=EDGE_CURVE('',#5556,#5557,#431,.F.);
#4099=EDGE_CURVE('',#5557,#5558,#6362,.F.);
#4100=EDGE_CURVE('',#5558,#5559,#432,.F.);
#4101=EDGE_CURVE('',#5559,#5560,#6363,.T.);
#4102=EDGE_CURVE('',#5560,#5561,#433,.F.);
#4103=EDGE_CURVE('',#5561,#5562,#6364,.T.);
#4104=EDGE_CURVE('',#5562,#5563,#434,.F.);
#4105=EDGE_CURVE('',#5563,#5556,#6365,.F.);
#4106=EDGE_CURVE('',#5564,#5565,#6366,.T.);
#4107=EDGE_CURVE('',#5565,#5566,#435,.F.);
#4108=EDGE_CURVE('',#5566,#5567,#6367,.T.);
#4109=EDGE_CURVE('',#5567,#5568,#436,.F.);
#4110=EDGE_CURVE('',#5568,#5569,#6368,.F.);
#4111=EDGE_CURVE('',#5569,#5570,#437,.F.);
#4112=EDGE_CURVE('',#5570,#5571,#6369,.F.);
#4113=EDGE_CURVE('',#5571,#5564,#438,.F.);
#4114=EDGE_CURVE('',#5572,#5573,#439,.F.);
#4115=EDGE_CURVE('',#5573,#5574,#6370,.F.);
#4116=EDGE_CURVE('',#5574,#5575,#440,.F.);
#4117=EDGE_CURVE('',#5575,#5576,#6371,.T.);
#4118=EDGE_CURVE('',#5576,#5577,#441,.F.);
#4119=EDGE_CURVE('',#5577,#5578,#6372,.T.);
#4120=EDGE_CURVE('',#5578,#5579,#442,.F.);
#4121=EDGE_CURVE('',#5579,#5572,#6373,.F.);
#4122=EDGE_CURVE('',#5580,#5581,#6374,.T.);
#4123=EDGE_CURVE('',#5581,#5582,#443,.F.);
#4124=EDGE_CURVE('',#5582,#5583,#6375,.T.);
#4125=EDGE_CURVE('',#5583,#5584,#444,.F.);
#4126=EDGE_CURVE('',#5584,#5585,#6376,.F.);
#4127=EDGE_CURVE('',#5585,#5586,#445,.F.);
#4128=EDGE_CURVE('',#5586,#5587,#6377,.F.);
#4129=EDGE_CURVE('',#5587,#5580,#446,.F.);
#4130=EDGE_CURVE('',#5588,#5589,#447,.F.);
#4131=EDGE_CURVE('',#5589,#5590,#6378,.F.);
#4132=EDGE_CURVE('',#5590,#5591,#448,.F.);
#4133=EDGE_CURVE('',#5591,#5592,#6379,.T.);
#4134=EDGE_CURVE('',#5592,#5593,#449,.F.);
#4135=EDGE_CURVE('',#5593,#5594,#6380,.T.);
#4136=EDGE_CURVE('',#5594,#5595,#450,.F.);
#4137=EDGE_CURVE('',#5595,#5588,#6381,.F.);
#4138=EDGE_CURVE('',#5596,#5596,#451,.T.);
#4139=EDGE_CURVE('',#5597,#5597,#452,.T.);
#4140=EDGE_CURVE('',#5598,#5598,#453,.T.);
#4141=EDGE_CURVE('',#5599,#5599,#454,.T.);
#4142=EDGE_CURVE('',#5600,#5600,#455,.T.);
#4143=EDGE_CURVE('',#5601,#5601,#456,.T.);
#4144=EDGE_CURVE('',#5602,#5603,#457,.T.);
#4145=EDGE_CURVE('',#5603,#5604,#6382,.F.);
#4146=EDGE_CURVE('',#5604,#5605,#458,.T.);
#4147=EDGE_CURVE('',#5605,#5602,#6383,.T.);
#4148=EDGE_CURVE('',#5606,#5607,#459,.T.);
#4149=EDGE_CURVE('',#5607,#5608,#6384,.T.);
#4150=EDGE_CURVE('',#5608,#5609,#460,.T.);
#4151=EDGE_CURVE('',#5609,#5606,#6385,.F.);
#4152=EDGE_CURVE('',#5610,#5611,#6386,.F.);
#4153=EDGE_CURVE('',#5611,#5612,#461,.T.);
#4154=EDGE_CURVE('',#5612,#5613,#6387,.T.);
#4155=EDGE_CURVE('',#5613,#5610,#462,.T.);
#4156=EDGE_CURVE('',#5614,#5615,#463,.T.);
#4157=EDGE_CURVE('',#5615,#5616,#6388,.F.);
#4158=EDGE_CURVE('',#5616,#5617,#464,.T.);
#4159=EDGE_CURVE('',#5617,#5614,#6389,.T.);
#4160=EDGE_CURVE('',#5133,#5618,#6390,.T.);
#4161=EDGE_CURVE('',#5618,#5182,#6391,.T.);
#4162=EDGE_CURVE('',#5619,#5620,#465,.F.);
#4163=EDGE_CURVE('',#5617,#5619,#6392,.T.);
#4164=EDGE_CURVE('',#5616,#5620,#6393,.T.);
#4165=EDGE_CURVE('',#5620,#5621,#6394,.T.);
#4166=EDGE_CURVE('',#5615,#5621,#6395,.T.);
#4167=EDGE_CURVE('',#5621,#5622,#466,.F.);
#4168=EDGE_CURVE('',#5614,#5622,#6396,.T.);
#4169=EDGE_CURVE('',#5622,#5619,#6397,.F.);
#4170=EDGE_CURVE('',#5623,#5624,#6398,.F.);
#4171=EDGE_CURVE('',#5613,#5623,#6399,.T.);
#4172=EDGE_CURVE('',#5612,#5624,#6400,.T.);
#4173=EDGE_CURVE('',#5624,#5625,#467,.F.);
#4174=EDGE_CURVE('',#5611,#5625,#6401,.T.);
#4175=EDGE_CURVE('',#5625,#5626,#6402,.T.);
#4176=EDGE_CURVE('',#5610,#5626,#6403,.T.);
#4177=EDGE_CURVE('',#5626,#5623,#468,.F.);
#4178=EDGE_CURVE('',#5627,#5628,#469,.F.);
#4179=EDGE_CURVE('',#5609,#5627,#6404,.T.);
#4180=EDGE_CURVE('',#5608,#5628,#6405,.T.);
#4181=EDGE_CURVE('',#5628,#5629,#6406,.F.);
#4182=EDGE_CURVE('',#5607,#5629,#6407,.T.);
#4183=EDGE_CURVE('',#5629,#5630,#470,.F.);
#4184=EDGE_CURVE('',#5606,#5630,#6408,.T.);
#4185=EDGE_CURVE('',#5630,#5627,#6409,.T.);
#4186=EDGE_CURVE('',#5631,#5632,#471,.F.);
#4187=EDGE_CURVE('',#5605,#5631,#6410,.T.);
#4188=EDGE_CURVE('',#5604,#5632,#6411,.T.);
#4189=EDGE_CURVE('',#5632,#5633,#6412,.T.);
#4190=EDGE_CURVE('',#5603,#5633,#6413,.T.);
#4191=EDGE_CURVE('',#5633,#5634,#472,.F.);
#4192=EDGE_CURVE('',#5602,#5634,#6414,.T.);
#4193=EDGE_CURVE('',#5634,#5631,#6415,.F.);
#4194=EDGE_CURVE('',#5635,#5636,#473,.F.);
#4195=EDGE_CURVE('',#5166,#5636,#6416,.T.);
#4196=EDGE_CURVE('',#5165,#5635,#6417,.T.);
#4197=EDGE_CURVE('',#5636,#5637,#6418,.F.);
#4198=EDGE_CURVE('',#5167,#5637,#6419,.F.);
#4199=EDGE_CURVE('',#5638,#5638,#474,.T.);
#4200=EDGE_CURVE('',#5639,#5635,#6420,.F.);
#4201=EDGE_CURVE('',#5639,#5164,#6421,.T.);
#4202=EDGE_CURVE('',#5640,#5637,#6422,.F.);
#4203=EDGE_CURVE('',#5640,#5168,#6423,.T.);
#4204=EDGE_CURVE('',#5163,#5641,#6424,.F.);
#4205=EDGE_CURVE('',#5639,#5641,#6425,.F.);
#4206=EDGE_CURVE('',#5642,#5108,#6426,.F.);
#4207=EDGE_CURVE('',#5642,#5150,#6427,.T.);
#4208=EDGE_CURVE('',#5643,#5644,#475,.F.);
#4209=EDGE_CURVE('',#5162,#5644,#6428,.T.);
#4210=EDGE_CURVE('',#5161,#5643,#6429,.T.);
#4211=EDGE_CURVE('',#5644,#5641,#6430,.F.);
#4212=EDGE_CURVE('',#5645,#5645,#476,.T.);
#4213=EDGE_CURVE('',#5646,#5643,#6431,.F.);
#4214=EDGE_CURVE('',#5646,#5160,#6432,.T.);
#4215=EDGE_CURVE('',#5647,#5159,#6433,.T.);
#4216=EDGE_CURVE('',#5646,#5647,#6434,.F.);
#4217=EDGE_CURVE('',#5642,#5648,#6435,.F.);
#4218=EDGE_CURVE('',#5151,#5648,#6436,.T.);
#4219=EDGE_CURVE('',#5649,#5649,#477,.T.);
#4220=EDGE_CURVE('',#5648,#5650,#478,.F.);
#4221=EDGE_CURVE('',#5152,#5650,#6437,.T.);
#4222=EDGE_CURVE('',#5650,#5651,#6438,.F.);
#4223=EDGE_CURVE('',#5153,#5651,#6439,.F.);
#4224=EDGE_CURVE('',#5652,#5651,#6440,.F.);
#4225=EDGE_CURVE('',#5652,#5154,#6441,.T.);
#4226=EDGE_CURVE('',#5652,#5653,#6442,.F.);
#4227=EDGE_CURVE('',#5155,#5653,#6443,.T.);
#4228=EDGE_CURVE('',#5654,#5654,#479,.T.);
#4229=EDGE_CURVE('',#5653,#5655,#480,.F.);
#4230=EDGE_CURVE('',#5156,#5655,#6444,.T.);
#4231=EDGE_CURVE('',#5655,#5656,#6445,.F.);
#4232=EDGE_CURVE('',#5157,#5656,#6446,.F.);
#4233=EDGE_CURVE('',#5657,#5656,#6447,.F.);
#4234=EDGE_CURVE('',#5657,#5158,#6448,.T.);
#4235=EDGE_CURVE('',#5658,#5658,#481,.F.);
#4236=EDGE_CURVE('',#5659,#5659,#482,.F.);
#4237=EDGE_CURVE('',#5201,#5660,#6449,.T.);
#4238=EDGE_CURVE('',#5660,#5661,#6450,.F.);
#4239=EDGE_CURVE('',#5661,#5200,#6451,.T.);
#4240=EDGE_CURVE('',#5203,#5662,#6452,.T.);
#4241=EDGE_CURVE('',#5662,#5660,#6453,.F.);
#4242=EDGE_CURVE('',#5202,#5663,#6454,.T.);
#4243=EDGE_CURVE('',#5663,#5662,#6455,.T.);
#4244=EDGE_CURVE('',#5661,#5663,#6456,.T.);
#4245=EDGE_CURVE('',#5661,#5664,#6457,.T.);
#4246=EDGE_CURVE('',#5665,#5664,#6458,.F.);
#4247=EDGE_CURVE('',#5663,#5665,#6459,.T.);
#4248=EDGE_CURVE('',#5660,#5666,#6460,.T.);
#4249=EDGE_CURVE('',#5664,#5666,#6461,.T.);
#4250=EDGE_CURVE('',#5115,#5667,#6462,.T.);
#4251=EDGE_CURVE('',#5667,#5177,#6463,.F.);
#4252=EDGE_CURVE('',#5668,#5114,#6464,.F.);
#4253=EDGE_CURVE('',#5667,#5668,#6465,.T.);
#4254=EDGE_CURVE('',#5175,#5669,#6466,.T.);
#4255=EDGE_CURVE('',#5670,#5669,#6467,.T.);
#4256=EDGE_CURVE('',#5670,#5176,#6468,.F.);
#4257=EDGE_CURVE('',#5671,#5672,#6469,.T.);
#4258=EDGE_CURVE('',#5172,#5671,#6470,.T.);
#4259=EDGE_CURVE('',#5171,#5672,#6471,.T.);
#4260=EDGE_CURVE('',#5672,#5673,#6472,.T.);
#4261=EDGE_CURVE('',#5673,#5170,#6473,.T.);
#4262=EDGE_CURVE('',#5674,#5671,#6474,.F.);
#4263=EDGE_CURVE('',#5173,#5674,#6475,.F.);
#4264=EDGE_CURVE('',#5675,#5676,#6476,.F.);
#4265=EDGE_CURVE('',#5207,#5675,#6477,.T.);
#4266=EDGE_CURVE('',#5206,#5676,#6478,.T.);
#4267=EDGE_CURVE('',#5676,#5677,#6479,.T.);
#4268=EDGE_CURVE('',#5205,#5677,#6480,.T.);
#4269=EDGE_CURVE('',#5677,#5678,#6481,.T.);
#4270=EDGE_CURVE('',#5204,#5678,#6482,.T.);
#4271=EDGE_CURVE('',#5678,#5675,#6483,.F.);
#4272=EDGE_CURVE('',#5669,#5679,#6484,.T.);
#4273=EDGE_CURVE('',#5679,#5174,#6485,.T.);
#4274=EDGE_CURVE('',#5140,#5670,#6486,.F.);
#4275=EDGE_CURVE('',#5142,#5668,#6487,.T.);
#4276=EDGE_CURVE('',#5680,#5665,#6488,.F.);
#4277=EDGE_CURVE('',#5662,#5680,#6489,.T.);
#4278=EDGE_CURVE('',#5666,#5680,#6490,.T.);
#4279=EDGE_CURVE('',#5681,#5169,#6491,.T.);
#4280=EDGE_CURVE('',#5673,#5681,#6492,.T.);
#4281=EDGE_CURVE('',#5682,#5138,#483,.F.);
#4282=EDGE_CURVE('',#5683,#5682,#6493,.T.);
#4283=EDGE_CURVE('',#5684,#5683,#484,.F.);
#4284=EDGE_CURVE('',#5685,#5684,#6494,.T.);
#4285=EDGE_CURVE('',#5686,#5685,#485,.F.);
#4286=EDGE_CURVE('',#5687,#5686,#6495,.T.);
#4287=EDGE_CURVE('',#5688,#5687,#6496,.T.);
#4288=EDGE_CURVE('',#5689,#5688,#6497,.T.);
#4289=EDGE_CURVE('',#5144,#5689,#486,.F.);
#4290=EDGE_CURVE('',#5690,#5122,#6498,.T.);
#4291=EDGE_CURVE('',#5691,#5690,#487,.F.);
#4292=EDGE_CURVE('',#5692,#5691,#6499,.T.);
#4293=EDGE_CURVE('',#5146,#5692,#488,.F.);
#4294=EDGE_CURVE('',#5693,#5126,#6500,.T.);
#4295=EDGE_CURVE('',#5694,#5693,#489,.F.);
#4296=EDGE_CURVE('',#5695,#5694,#6501,.T.);
#4297=EDGE_CURVE('',#5148,#5695,#490,.F.);
#4298=EDGE_CURVE('',#5696,#5130,#6502,.T.);
#4299=EDGE_CURVE('',#5697,#5696,#491,.F.);
#4300=EDGE_CURVE('',#5698,#5697,#6503,.T.);
#4301=EDGE_CURVE('',#5618,#5698,#492,.F.);
#4302=EDGE_CURVE('',#5699,#5134,#6504,.T.);
#4303=EDGE_CURVE('',#5700,#5699,#493,.F.);
#4304=EDGE_CURVE('',#5701,#5700,#6505,.T.);
#4305=EDGE_CURVE('',#5702,#5701,#494,.F.);
#4306=EDGE_CURVE('',#5120,#5702,#6506,.T.);
#4307=EDGE_CURVE('',#5679,#5674,#6507,.T.);
#4308=EDGE_CURVE('',#5640,#5681,#495,.T.);
#4309=EDGE_CURVE('',#5657,#5647,#496,.T.);
#4310=EDGE_CURVE('',#5703,#5704,#497,.F.);
#4311=EDGE_CURVE('',#5705,#5703,#6508,.T.);
#4312=EDGE_CURVE('',#5706,#5705,#498,.F.);
#4313=EDGE_CURVE('',#5707,#5706,#6509,.T.);
#4314=EDGE_CURVE('',#5708,#5707,#499,.F.);
#4315=EDGE_CURVE('',#5709,#5708,#6510,.T.);
#4316=EDGE_CURVE('',#5710,#5709,#500,.F.);
#4317=EDGE_CURVE('',#5704,#5710,#6511,.T.);
#4318=EDGE_CURVE('',#5711,#5712,#6512,.T.);
#4319=EDGE_CURVE('',#5713,#5711,#501,.F.);
#4320=EDGE_CURVE('',#5714,#5713,#6513,.T.);
#4321=EDGE_CURVE('',#5715,#5714,#502,.F.);
#4322=EDGE_CURVE('',#5716,#5715,#6514,.T.);
#4323=EDGE_CURVE('',#5717,#5716,#503,.F.);
#4324=EDGE_CURVE('',#5718,#5717,#6515,.T.);
#4325=EDGE_CURVE('',#5712,#5718,#504,.F.);
#4326=EDGE_CURVE('',#5719,#5720,#505,.F.);
#4327=EDGE_CURVE('',#5721,#5719,#6516,.T.);
#4328=EDGE_CURVE('',#5722,#5721,#506,.F.);
#4329=EDGE_CURVE('',#5723,#5722,#6517,.T.);
#4330=EDGE_CURVE('',#5724,#5723,#507,.F.);
#4331=EDGE_CURVE('',#5725,#5724,#6518,.T.);
#4332=EDGE_CURVE('',#5726,#5725,#508,.F.);
#4333=EDGE_CURVE('',#5720,#5726,#6519,.T.);
#4334=EDGE_CURVE('',#5727,#5728,#6520,.T.);
#4335=EDGE_CURVE('',#5729,#5727,#509,.F.);
#4336=EDGE_CURVE('',#5730,#5729,#6521,.T.);
#4337=EDGE_CURVE('',#5731,#5730,#510,.F.);
#4338=EDGE_CURVE('',#5732,#5731,#6522,.T.);
#4339=EDGE_CURVE('',#5733,#5732,#511,.F.);
#4340=EDGE_CURVE('',#5734,#5733,#6523,.T.);
#4341=EDGE_CURVE('',#5728,#5734,#512,.F.);
#4342=EDGE_CURVE('',#5735,#5736,#513,.F.);
#4343=EDGE_CURVE('',#5737,#5735,#6524,.T.);
#4344=EDGE_CURVE('',#5738,#5737,#514,.F.);
#4345=EDGE_CURVE('',#5739,#5738,#6525,.T.);
#4346=EDGE_CURVE('',#5740,#5739,#515,.F.);
#4347=EDGE_CURVE('',#5741,#5740,#6526,.T.);
#4348=EDGE_CURVE('',#5742,#5741,#516,.F.);
#4349=EDGE_CURVE('',#5736,#5742,#6527,.T.);
#4350=EDGE_CURVE('',#5743,#5744,#517,.F.);
#4351=EDGE_CURVE('',#5745,#5743,#6528,.T.);
#4352=EDGE_CURVE('',#5746,#5745,#518,.F.);
#4353=EDGE_CURVE('',#5747,#5746,#6529,.T.);
#4354=EDGE_CURVE('',#5748,#5747,#519,.F.);
#4355=EDGE_CURVE('',#5749,#5748,#6530,.T.);
#4356=EDGE_CURVE('',#5750,#5749,#520,.F.);
#4357=EDGE_CURVE('',#5744,#5750,#6531,.T.);
#4358=EDGE_CURVE('',#5751,#5752,#521,.F.);
#4359=EDGE_CURVE('',#5753,#5751,#6532,.T.);
#4360=EDGE_CURVE('',#5754,#5753,#522,.F.);
#4361=EDGE_CURVE('',#5755,#5754,#6533,.T.);
#4362=EDGE_CURVE('',#5756,#5755,#523,.F.);
#4363=EDGE_CURVE('',#5757,#5756,#6534,.T.);
#4364=EDGE_CURVE('',#5758,#5757,#524,.F.);
#4365=EDGE_CURVE('',#5752,#5758,#6535,.T.);
#4366=EDGE_CURVE('',#5759,#5760,#525,.F.);
#4367=EDGE_CURVE('',#5761,#5759,#6536,.T.);
#4368=EDGE_CURVE('',#5762,#5761,#526,.F.);
#4369=EDGE_CURVE('',#5763,#5762,#6537,.T.);
#4370=EDGE_CURVE('',#5764,#5763,#527,.F.);
#4371=EDGE_CURVE('',#5765,#5764,#6538,.T.);
#4372=EDGE_CURVE('',#5766,#5765,#528,.F.);
#4373=EDGE_CURVE('',#5760,#5766,#6539,.T.);
#4374=EDGE_CURVE('',#5767,#5768,#529,.F.);
#4375=EDGE_CURVE('',#5769,#5767,#6540,.T.);
#4376=EDGE_CURVE('',#5770,#5769,#530,.F.);
#4377=EDGE_CURVE('',#5771,#5770,#6541,.T.);
#4378=EDGE_CURVE('',#5772,#5771,#531,.F.);
#4379=EDGE_CURVE('',#5773,#5772,#6542,.T.);
#4380=EDGE_CURVE('',#5774,#5773,#532,.F.);
#4381=EDGE_CURVE('',#5768,#5774,#6543,.T.);
#4382=EDGE_CURVE('',#5775,#5776,#533,.F.);
#4383=EDGE_CURVE('',#5777,#5775,#6544,.T.);
#4384=EDGE_CURVE('',#5778,#5777,#534,.F.);
#4385=EDGE_CURVE('',#5779,#5778,#6545,.T.);
#4386=EDGE_CURVE('',#5780,#5779,#535,.F.);
#4387=EDGE_CURVE('',#5781,#5780,#6546,.T.);
#4388=EDGE_CURVE('',#5782,#5781,#536,.F.);
#4389=EDGE_CURVE('',#5776,#5782,#6547,.T.);
#4390=EDGE_CURVE('',#5783,#5784,#537,.F.);
#4391=EDGE_CURVE('',#5785,#5783,#6548,.T.);
#4392=EDGE_CURVE('',#5786,#5785,#538,.F.);
#4393=EDGE_CURVE('',#5787,#5786,#6549,.T.);
#4394=EDGE_CURVE('',#5788,#5787,#539,.F.);
#4395=EDGE_CURVE('',#5789,#5788,#6550,.T.);
#4396=EDGE_CURVE('',#5790,#5789,#540,.F.);
#4397=EDGE_CURVE('',#5784,#5790,#6551,.T.);
#4398=EDGE_CURVE('',#5791,#5792,#541,.F.);
#4399=EDGE_CURVE('',#5793,#5791,#6552,.T.);
#4400=EDGE_CURVE('',#5794,#5793,#542,.F.);
#4401=EDGE_CURVE('',#5795,#5794,#6553,.T.);
#4402=EDGE_CURVE('',#5796,#5795,#543,.F.);
#4403=EDGE_CURVE('',#5797,#5796,#6554,.T.);
#4404=EDGE_CURVE('',#5798,#5797,#544,.F.);
#4405=EDGE_CURVE('',#5792,#5798,#6555,.T.);
#4406=EDGE_CURVE('',#5799,#5800,#545,.F.);
#4407=EDGE_CURVE('',#5801,#5799,#6556,.T.);
#4408=EDGE_CURVE('',#5802,#5801,#546,.F.);
#4409=EDGE_CURVE('',#5803,#5802,#6557,.T.);
#4410=EDGE_CURVE('',#5804,#5803,#547,.F.);
#4411=EDGE_CURVE('',#5805,#5804,#6558,.T.);
#4412=EDGE_CURVE('',#5806,#5805,#548,.F.);
#4413=EDGE_CURVE('',#5800,#5806,#6559,.T.);
#4414=EDGE_CURVE('',#5807,#5808,#549,.F.);
#4415=EDGE_CURVE('',#5809,#5807,#6560,.T.);
#4416=EDGE_CURVE('',#5810,#5809,#550,.F.);
#4417=EDGE_CURVE('',#5811,#5810,#6561,.T.);
#4418=EDGE_CURVE('',#5812,#5811,#551,.F.);
#4419=EDGE_CURVE('',#5813,#5812,#6562,.T.);
#4420=EDGE_CURVE('',#5814,#5813,#552,.F.);
#4421=EDGE_CURVE('',#5808,#5814,#6563,.T.);
#4422=EDGE_CURVE('',#5815,#5816,#553,.F.);
#4423=EDGE_CURVE('',#5817,#5815,#6564,.T.);
#4424=EDGE_CURVE('',#5818,#5817,#554,.F.);
#4425=EDGE_CURVE('',#5819,#5818,#6565,.T.);
#4426=EDGE_CURVE('',#5820,#5819,#555,.F.);
#4427=EDGE_CURVE('',#5821,#5820,#6566,.T.);
#4428=EDGE_CURVE('',#5822,#5821,#556,.F.);
#4429=EDGE_CURVE('',#5816,#5822,#6567,.T.);
#4430=EDGE_CURVE('',#5823,#5824,#557,.F.);
#4431=EDGE_CURVE('',#5825,#5823,#6568,.T.);
#4432=EDGE_CURVE('',#5826,#5825,#558,.F.);
#4433=EDGE_CURVE('',#5827,#5826,#6569,.T.);
#4434=EDGE_CURVE('',#5828,#5827,#559,.F.);
#4435=EDGE_CURVE('',#5829,#5828,#6570,.T.);
#4436=EDGE_CURVE('',#5830,#5829,#560,.F.);
#4437=EDGE_CURVE('',#5824,#5830,#6571,.T.);
#4438=EDGE_CURVE('',#5831,#5832,#561,.F.);
#4439=EDGE_CURVE('',#5833,#5831,#6572,.T.);
#4440=EDGE_CURVE('',#5834,#5833,#562,.F.);
#4441=EDGE_CURVE('',#5835,#5834,#6573,.T.);
#4442=EDGE_CURVE('',#5836,#5835,#563,.F.);
#4443=EDGE_CURVE('',#5837,#5836,#6574,.T.);
#4444=EDGE_CURVE('',#5838,#5837,#564,.F.);
#4445=EDGE_CURVE('',#5832,#5838,#6575,.T.);
#4446=EDGE_CURVE('',#5839,#5840,#565,.F.);
#4447=EDGE_CURVE('',#5841,#5839,#6576,.T.);
#4448=EDGE_CURVE('',#5842,#5841,#566,.F.);
#4449=EDGE_CURVE('',#5843,#5842,#6577,.T.);
#4450=EDGE_CURVE('',#5844,#5843,#567,.F.);
#4451=EDGE_CURVE('',#5845,#5844,#6578,.T.);
#4452=EDGE_CURVE('',#5846,#5845,#568,.F.);
#4453=EDGE_CURVE('',#5840,#5846,#6579,.T.);
#4454=EDGE_CURVE('',#5847,#5848,#569,.F.);
#4455=EDGE_CURVE('',#5849,#5847,#6580,.T.);
#4456=EDGE_CURVE('',#5850,#5849,#570,.F.);
#4457=EDGE_CURVE('',#5851,#5850,#6581,.T.);
#4458=EDGE_CURVE('',#5852,#5851,#571,.F.);
#4459=EDGE_CURVE('',#5853,#5852,#6582,.T.);
#4460=EDGE_CURVE('',#5854,#5853,#572,.F.);
#4461=EDGE_CURVE('',#5848,#5854,#6583,.T.);
#4462=EDGE_CURVE('',#5855,#5856,#573,.F.);
#4463=EDGE_CURVE('',#5857,#5855,#6584,.T.);
#4464=EDGE_CURVE('',#5858,#5857,#574,.F.);
#4465=EDGE_CURVE('',#5859,#5858,#6585,.T.);
#4466=EDGE_CURVE('',#5860,#5859,#575,.F.);
#4467=EDGE_CURVE('',#5861,#5860,#6586,.T.);
#4468=EDGE_CURVE('',#5862,#5861,#576,.F.);
#4469=EDGE_CURVE('',#5856,#5862,#6587,.T.);
#4470=EDGE_CURVE('',#5863,#5864,#577,.F.);
#4471=EDGE_CURVE('',#5865,#5863,#6588,.T.);
#4472=EDGE_CURVE('',#5866,#5865,#578,.F.);
#4473=EDGE_CURVE('',#5867,#5866,#6589,.T.);
#4474=EDGE_CURVE('',#5868,#5867,#579,.F.);
#4475=EDGE_CURVE('',#5869,#5868,#6590,.T.);
#4476=EDGE_CURVE('',#5870,#5869,#580,.F.);
#4477=EDGE_CURVE('',#5864,#5870,#6591,.T.);
#4478=EDGE_CURVE('',#5871,#5872,#581,.F.);
#4479=EDGE_CURVE('',#5873,#5871,#6592,.T.);
#4480=EDGE_CURVE('',#5874,#5873,#582,.F.);
#4481=EDGE_CURVE('',#5875,#5874,#6593,.T.);
#4482=EDGE_CURVE('',#5876,#5875,#583,.F.);
#4483=EDGE_CURVE('',#5877,#5876,#6594,.T.);
#4484=EDGE_CURVE('',#5878,#5877,#584,.F.);
#4485=EDGE_CURVE('',#5872,#5878,#6595,.T.);
#4486=EDGE_CURVE('',#5879,#5880,#585,.F.);
#4487=EDGE_CURVE('',#5881,#5879,#6596,.T.);
#4488=EDGE_CURVE('',#5882,#5881,#586,.F.);
#4489=EDGE_CURVE('',#5883,#5882,#6597,.T.);
#4490=EDGE_CURVE('',#5884,#5883,#587,.F.);
#4491=EDGE_CURVE('',#5885,#5884,#6598,.T.);
#4492=EDGE_CURVE('',#5886,#5885,#588,.F.);
#4493=EDGE_CURVE('',#5887,#5886,#6599,.T.);
#4494=EDGE_CURVE('',#5888,#5887,#589,.F.);
#4495=EDGE_CURVE('',#5889,#5888,#6600,.T.);
#4496=EDGE_CURVE('',#5890,#5889,#590,.F.);
#4497=EDGE_CURVE('',#5880,#5890,#6601,.T.);
#4498=EDGE_CURVE('',#5891,#5892,#591,.F.);
#4499=EDGE_CURVE('',#5893,#5891,#6602,.T.);
#4500=EDGE_CURVE('',#5894,#5893,#592,.F.);
#4501=EDGE_CURVE('',#5895,#5894,#6603,.T.);
#4502=EDGE_CURVE('',#5896,#5895,#593,.F.);
#4503=EDGE_CURVE('',#5897,#5896,#6604,.T.);
#4504=EDGE_CURVE('',#5898,#5897,#594,.F.);
#4505=EDGE_CURVE('',#5892,#5898,#6605,.T.);
#4506=EDGE_CURVE('',#5899,#5900,#595,.F.);
#4507=EDGE_CURVE('',#5901,#5899,#6606,.T.);
#4508=EDGE_CURVE('',#5902,#5901,#596,.F.);
#4509=EDGE_CURVE('',#5903,#5902,#6607,.T.);
#4510=EDGE_CURVE('',#5904,#5903,#597,.F.);
#4511=EDGE_CURVE('',#5905,#5904,#6608,.T.);
#4512=EDGE_CURVE('',#5906,#5905,#598,.F.);
#4513=EDGE_CURVE('',#5900,#5906,#6609,.T.);
#4514=EDGE_CURVE('',#5907,#5908,#599,.F.);
#4515=EDGE_CURVE('',#5909,#5907,#6610,.T.);
#4516=EDGE_CURVE('',#5910,#5909,#600,.F.);
#4517=EDGE_CURVE('',#5911,#5910,#6611,.T.);
#4518=EDGE_CURVE('',#5912,#5911,#601,.F.);
#4519=EDGE_CURVE('',#5913,#5912,#6612,.T.);
#4520=EDGE_CURVE('',#5914,#5913,#602,.F.);
#4521=EDGE_CURVE('',#5908,#5914,#6613,.T.);
#4522=EDGE_CURVE('',#5915,#5916,#603,.F.);
#4523=EDGE_CURVE('',#5917,#5915,#6614,.T.);
#4524=EDGE_CURVE('',#5918,#5917,#604,.F.);
#4525=EDGE_CURVE('',#5919,#5918,#6615,.T.);
#4526=EDGE_CURVE('',#5920,#5919,#605,.F.);
#4527=EDGE_CURVE('',#5921,#5920,#6616,.T.);
#4528=EDGE_CURVE('',#5922,#5921,#606,.F.);
#4529=EDGE_CURVE('',#5916,#5922,#6617,.T.);
#4530=EDGE_CURVE('',#5923,#5924,#607,.F.);
#4531=EDGE_CURVE('',#5925,#5923,#6618,.T.);
#4532=EDGE_CURVE('',#5926,#5925,#608,.F.);
#4533=EDGE_CURVE('',#5927,#5926,#6619,.T.);
#4534=EDGE_CURVE('',#5928,#5927,#609,.F.);
#4535=EDGE_CURVE('',#5929,#5928,#6620,.T.);
#4536=EDGE_CURVE('',#5930,#5929,#610,.F.);
#4537=EDGE_CURVE('',#5924,#5930,#6621,.T.);
#4538=EDGE_CURVE('',#5931,#5932,#611,.F.);
#4539=EDGE_CURVE('',#5933,#5931,#6622,.T.);
#4540=EDGE_CURVE('',#5934,#5933,#612,.F.);
#4541=EDGE_CURVE('',#5935,#5934,#6623,.T.);
#4542=EDGE_CURVE('',#5936,#5935,#613,.F.);
#4543=EDGE_CURVE('',#5937,#5936,#6624,.T.);
#4544=EDGE_CURVE('',#5938,#5937,#614,.F.);
#4545=EDGE_CURVE('',#5939,#5938,#6625,.T.);
#4546=EDGE_CURVE('',#5940,#5939,#615,.F.);
#4547=EDGE_CURVE('',#5941,#5940,#6626,.T.);
#4548=EDGE_CURVE('',#5942,#5941,#616,.F.);
#4549=EDGE_CURVE('',#5932,#5942,#6627,.T.);
#4550=EDGE_CURVE('',#5943,#5944,#617,.F.);
#4551=EDGE_CURVE('',#5945,#5943,#6628,.T.);
#4552=EDGE_CURVE('',#5946,#5945,#618,.F.);
#4553=EDGE_CURVE('',#5947,#5946,#6629,.T.);
#4554=EDGE_CURVE('',#5948,#5947,#619,.F.);
#4555=EDGE_CURVE('',#5949,#5948,#6630,.T.);
#4556=EDGE_CURVE('',#5950,#5949,#620,.F.);
#4557=EDGE_CURVE('',#5944,#5950,#6631,.T.);
#4558=EDGE_CURVE('',#5951,#5952,#621,.F.);
#4559=EDGE_CURVE('',#5953,#5951,#6632,.T.);
#4560=EDGE_CURVE('',#5954,#5953,#622,.F.);
#4561=EDGE_CURVE('',#5955,#5954,#6633,.T.);
#4562=EDGE_CURVE('',#5956,#5955,#623,.F.);
#4563=EDGE_CURVE('',#5957,#5956,#6634,.T.);
#4564=EDGE_CURVE('',#5958,#5957,#624,.F.);
#4565=EDGE_CURVE('',#5952,#5958,#6635,.T.);
#4566=EDGE_CURVE('',#5959,#5960,#625,.F.);
#4567=EDGE_CURVE('',#5961,#5959,#6636,.T.);
#4568=EDGE_CURVE('',#5962,#5961,#626,.F.);
#4569=EDGE_CURVE('',#5963,#5962,#6637,.T.);
#4570=EDGE_CURVE('',#5964,#5963,#627,.F.);
#4571=EDGE_CURVE('',#5965,#5964,#6638,.T.);
#4572=EDGE_CURVE('',#5966,#5965,#628,.F.);
#4573=EDGE_CURVE('',#5960,#5966,#6639,.T.);
#4574=EDGE_CURVE('',#5967,#5968,#629,.F.);
#4575=EDGE_CURVE('',#5969,#5967,#6640,.T.);
#4576=EDGE_CURVE('',#5970,#5969,#630,.F.);
#4577=EDGE_CURVE('',#5971,#5970,#6641,.T.);
#4578=EDGE_CURVE('',#5972,#5971,#631,.F.);
#4579=EDGE_CURVE('',#5973,#5972,#6642,.T.);
#4580=EDGE_CURVE('',#5974,#5973,#632,.F.);
#4581=EDGE_CURVE('',#5968,#5974,#6643,.T.);
#4582=EDGE_CURVE('',#5975,#5976,#633,.F.);
#4583=EDGE_CURVE('',#5977,#5975,#6644,.T.);
#4584=EDGE_CURVE('',#5978,#5977,#634,.F.);
#4585=EDGE_CURVE('',#5979,#5978,#6645,.T.);
#4586=EDGE_CURVE('',#5980,#5979,#635,.F.);
#4587=EDGE_CURVE('',#5981,#5980,#6646,.T.);
#4588=EDGE_CURVE('',#5982,#5981,#636,.F.);
#4589=EDGE_CURVE('',#5976,#5982,#6647,.T.);
#4590=EDGE_CURVE('',#5983,#5984,#637,.F.);
#4591=EDGE_CURVE('',#5985,#5983,#6648,.T.);
#4592=EDGE_CURVE('',#5986,#5985,#638,.F.);
#4593=EDGE_CURVE('',#5987,#5986,#6649,.T.);
#4594=EDGE_CURVE('',#5988,#5987,#639,.F.);
#4595=EDGE_CURVE('',#5989,#5988,#6650,.T.);
#4596=EDGE_CURVE('',#5990,#5989,#640,.F.);
#4597=EDGE_CURVE('',#5984,#5990,#6651,.T.);
#4598=EDGE_CURVE('',#5991,#5992,#641,.F.);
#4599=EDGE_CURVE('',#5993,#5991,#6652,.T.);
#4600=EDGE_CURVE('',#5994,#5993,#642,.F.);
#4601=EDGE_CURVE('',#5995,#5994,#6653,.T.);
#4602=EDGE_CURVE('',#5996,#5995,#643,.F.);
#4603=EDGE_CURVE('',#5997,#5996,#6654,.T.);
#4604=EDGE_CURVE('',#5998,#5997,#644,.F.);
#4605=EDGE_CURVE('',#5992,#5998,#6655,.T.);
#4606=EDGE_CURVE('',#5999,#6000,#645,.F.);
#4607=EDGE_CURVE('',#6001,#5999,#6656,.T.);
#4608=EDGE_CURVE('',#6002,#6001,#646,.F.);
#4609=EDGE_CURVE('',#6003,#6002,#6657,.T.);
#4610=EDGE_CURVE('',#6004,#6003,#647,.F.);
#4611=EDGE_CURVE('',#6005,#6004,#6658,.T.);
#4612=EDGE_CURVE('',#6006,#6005,#648,.F.);
#4613=EDGE_CURVE('',#6000,#6006,#6659,.T.);
#4614=EDGE_CURVE('',#6007,#6008,#649,.F.);
#4615=EDGE_CURVE('',#6009,#6007,#6660,.T.);
#4616=EDGE_CURVE('',#6010,#6009,#650,.F.);
#4617=EDGE_CURVE('',#6011,#6010,#6661,.T.);
#4618=EDGE_CURVE('',#6012,#6011,#651,.F.);
#4619=EDGE_CURVE('',#6013,#6012,#6662,.T.);
#4620=EDGE_CURVE('',#6014,#6013,#652,.F.);
#4621=EDGE_CURVE('',#6008,#6014,#6663,.T.);
#4622=EDGE_CURVE('',#6015,#6016,#653,.F.);
#4623=EDGE_CURVE('',#6017,#6015,#6664,.T.);
#4624=EDGE_CURVE('',#6018,#6017,#654,.F.);
#4625=EDGE_CURVE('',#6019,#6018,#6665,.T.);
#4626=EDGE_CURVE('',#6020,#6019,#655,.F.);
#4627=EDGE_CURVE('',#6021,#6020,#6666,.T.);
#4628=EDGE_CURVE('',#6022,#6021,#656,.F.);
#4629=EDGE_CURVE('',#6016,#6022,#6667,.T.);
#4630=EDGE_CURVE('',#6023,#6024,#657,.F.);
#4631=EDGE_CURVE('',#6025,#6023,#6668,.T.);
#4632=EDGE_CURVE('',#6026,#6025,#658,.F.);
#4633=EDGE_CURVE('',#6027,#6026,#6669,.T.);
#4634=EDGE_CURVE('',#6028,#6027,#659,.F.);
#4635=EDGE_CURVE('',#6029,#6028,#6670,.T.);
#4636=EDGE_CURVE('',#6030,#6029,#660,.F.);
#4637=EDGE_CURVE('',#6031,#6030,#6671,.T.);
#4638=EDGE_CURVE('',#6032,#6031,#661,.F.);
#4639=EDGE_CURVE('',#6033,#6032,#6672,.T.);
#4640=EDGE_CURVE('',#6034,#6033,#662,.F.);
#4641=EDGE_CURVE('',#6024,#6034,#6673,.T.);
#4642=EDGE_CURVE('',#6035,#6036,#663,.F.);
#4643=EDGE_CURVE('',#6037,#6035,#6674,.T.);
#4644=EDGE_CURVE('',#6038,#6037,#664,.F.);
#4645=EDGE_CURVE('',#6039,#6038,#6675,.T.);
#4646=EDGE_CURVE('',#6040,#6039,#665,.F.);
#4647=EDGE_CURVE('',#6041,#6040,#6676,.T.);
#4648=EDGE_CURVE('',#6042,#6041,#666,.F.);
#4649=EDGE_CURVE('',#6036,#6042,#6677,.T.);
#4650=EDGE_CURVE('',#6043,#6044,#667,.F.);
#4651=EDGE_CURVE('',#6045,#6043,#6678,.T.);
#4652=EDGE_CURVE('',#6046,#6045,#668,.F.);
#4653=EDGE_CURVE('',#6047,#6046,#6679,.T.);
#4654=EDGE_CURVE('',#6048,#6047,#669,.F.);
#4655=EDGE_CURVE('',#6049,#6048,#6680,.T.);
#4656=EDGE_CURVE('',#6050,#6049,#670,.F.);
#4657=EDGE_CURVE('',#6044,#6050,#6681,.T.);
#4658=EDGE_CURVE('',#6051,#6052,#671,.F.);
#4659=EDGE_CURVE('',#6053,#6051,#6682,.T.);
#4660=EDGE_CURVE('',#6054,#6053,#672,.F.);
#4661=EDGE_CURVE('',#6055,#6054,#6683,.T.);
#4662=EDGE_CURVE('',#6056,#6055,#673,.F.);
#4663=EDGE_CURVE('',#6057,#6056,#6684,.T.);
#4664=EDGE_CURVE('',#6058,#6057,#674,.F.);
#4665=EDGE_CURVE('',#6052,#6058,#6685,.T.);
#4666=EDGE_CURVE('',#6059,#6060,#675,.F.);
#4667=EDGE_CURVE('',#6061,#6059,#6686,.T.);
#4668=EDGE_CURVE('',#6062,#6061,#676,.F.);
#4669=EDGE_CURVE('',#6063,#6062,#6687,.T.);
#4670=EDGE_CURVE('',#6064,#6063,#677,.F.);
#4671=EDGE_CURVE('',#6065,#6064,#6688,.T.);
#4672=EDGE_CURVE('',#6066,#6065,#678,.F.);
#4673=EDGE_CURVE('',#6060,#6066,#6689,.T.);
#4674=EDGE_CURVE('',#6067,#6068,#679,.F.);
#4675=EDGE_CURVE('',#6069,#6067,#6690,.T.);
#4676=EDGE_CURVE('',#6070,#6069,#680,.F.);
#4677=EDGE_CURVE('',#6071,#6070,#6691,.T.);
#4678=EDGE_CURVE('',#6072,#6071,#681,.F.);
#4679=EDGE_CURVE('',#6073,#6072,#6692,.T.);
#4680=EDGE_CURVE('',#6074,#6073,#682,.F.);
#4681=EDGE_CURVE('',#6068,#6074,#6693,.T.);
#4682=EDGE_CURVE('',#6075,#6076,#683,.F.);
#4683=EDGE_CURVE('',#6077,#6075,#6694,.T.);
#4684=EDGE_CURVE('',#6078,#6077,#684,.F.);
#4685=EDGE_CURVE('',#6079,#6078,#6695,.T.);
#4686=EDGE_CURVE('',#6080,#6079,#685,.F.);
#4687=EDGE_CURVE('',#6081,#6080,#6696,.T.);
#4688=EDGE_CURVE('',#6082,#6081,#686,.F.);
#4689=EDGE_CURVE('',#6076,#6082,#6697,.T.);
#4690=EDGE_CURVE('',#6083,#6084,#687,.F.);
#4691=EDGE_CURVE('',#6085,#6083,#6698,.T.);
#4692=EDGE_CURVE('',#6086,#6085,#688,.F.);
#4693=EDGE_CURVE('',#6087,#6086,#6699,.T.);
#4694=EDGE_CURVE('',#6088,#6087,#689,.F.);
#4695=EDGE_CURVE('',#6089,#6088,#6700,.T.);
#4696=EDGE_CURVE('',#6090,#6089,#690,.F.);
#4697=EDGE_CURVE('',#6084,#6090,#6701,.T.);
#4698=EDGE_CURVE('',#5700,#5180,#6702,.T.);
#4699=EDGE_CURVE('',#5701,#5179,#6703,.T.);
#4700=EDGE_CURVE('',#5702,#5178,#6704,.T.);
#4701=EDGE_CURVE('',#5699,#5181,#6705,.T.);
#4702=EDGE_CURVE('',#5703,#5588,#6706,.T.);
#4703=EDGE_CURVE('',#5705,#5595,#6707,.T.);
#4704=EDGE_CURVE('',#5706,#5594,#6708,.T.);
#4705=EDGE_CURVE('',#5707,#5593,#6709,.T.);
#4706=EDGE_CURVE('',#5708,#5592,#6710,.T.);
#4707=EDGE_CURVE('',#5709,#5591,#6711,.T.);
#4708=EDGE_CURVE('',#5710,#5590,#6712,.T.);
#4709=EDGE_CURVE('',#5704,#5589,#6713,.T.);
#4710=EDGE_CURVE('',#5711,#5580,#6714,.T.);
#4711=EDGE_CURVE('',#5713,#5587,#6715,.T.);
#4712=EDGE_CURVE('',#5714,#5586,#6716,.T.);
#4713=EDGE_CURVE('',#5715,#5585,#6717,.T.);
#4714=EDGE_CURVE('',#5716,#5584,#6718,.T.);
#4715=EDGE_CURVE('',#5717,#5583,#6719,.T.);
#4716=EDGE_CURVE('',#5718,#5582,#6720,.T.);
#4717=EDGE_CURVE('',#5712,#5581,#6721,.T.);
#4718=EDGE_CURVE('',#5719,#5572,#6722,.T.);
#4719=EDGE_CURVE('',#5721,#5579,#6723,.T.);
#4720=EDGE_CURVE('',#5722,#5578,#6724,.T.);
#4721=EDGE_CURVE('',#5723,#5577,#6725,.T.);
#4722=EDGE_CURVE('',#5724,#5576,#6726,.T.);
#4723=EDGE_CURVE('',#5725,#5575,#6727,.T.);
#4724=EDGE_CURVE('',#5726,#5574,#6728,.T.);
#4725=EDGE_CURVE('',#5720,#5573,#6729,.T.);
#4726=EDGE_CURVE('',#5727,#5564,#6730,.T.);
#4727=EDGE_CURVE('',#5729,#5571,#6731,.T.);
#4728=EDGE_CURVE('',#5730,#5570,#6732,.T.);
#4729=EDGE_CURVE('',#5731,#5569,#6733,.T.);
#4730=EDGE_CURVE('',#5732,#5568,#6734,.T.);
#4731=EDGE_CURVE('',#5733,#5567,#6735,.T.);
#4732=EDGE_CURVE('',#5734,#5566,#6736,.T.);
#4733=EDGE_CURVE('',#5728,#5565,#6737,.T.);
#4734=EDGE_CURVE('',#5682,#5199,#6738,.T.);
#4735=EDGE_CURVE('',#5683,#5198,#6739,.T.);
#4736=EDGE_CURVE('',#5684,#5197,#6740,.T.);
#4737=EDGE_CURVE('',#5685,#5196,#6741,.T.);
#4738=EDGE_CURVE('',#5686,#5195,#6742,.T.);
#4739=EDGE_CURVE('',#5687,#5194,#6743,.T.);
#4740=EDGE_CURVE('',#5688,#5193,#6744,.T.);
#4741=EDGE_CURVE('',#5689,#5192,#6745,.T.);
#4742=EDGE_CURVE('',#5735,#5556,#6746,.T.);
#4743=EDGE_CURVE('',#5737,#5563,#6747,.T.);
#4744=EDGE_CURVE('',#5738,#5562,#6748,.T.);
#4745=EDGE_CURVE('',#5739,#5561,#6749,.T.);
#4746=EDGE_CURVE('',#5740,#5560,#6750,.T.);
#4747=EDGE_CURVE('',#5741,#5559,#6751,.T.);
#4748=EDGE_CURVE('',#5742,#5558,#6752,.T.);
#4749=EDGE_CURVE('',#5736,#5557,#6753,.T.);
#4750=EDGE_CURVE('',#5743,#5548,#6754,.T.);
#4751=EDGE_CURVE('',#5745,#5555,#6755,.T.);
#4752=EDGE_CURVE('',#5746,#5554,#6756,.T.);
#4753=EDGE_CURVE('',#5747,#5553,#6757,.T.);
#4754=EDGE_CURVE('',#5748,#5552,#6758,.T.);
#4755=EDGE_CURVE('',#5749,#5551,#6759,.T.);
#4756=EDGE_CURVE('',#5750,#5550,#6760,.T.);
#4757=EDGE_CURVE('',#5744,#5549,#6761,.T.);
#4758=EDGE_CURVE('',#5751,#5540,#6762,.T.);
#4759=EDGE_CURVE('',#5753,#5547,#6763,.T.);
#4760=EDGE_CURVE('',#5754,#5546,#6764,.T.);
#4761=EDGE_CURVE('',#5755,#5545,#6765,.T.);
#4762=EDGE_CURVE('',#5756,#5544,#6766,.T.);
#4763=EDGE_CURVE('',#5757,#5543,#6767,.T.);
#4764=EDGE_CURVE('',#5758,#5542,#6768,.T.);
#4765=EDGE_CURVE('',#5752,#5541,#6769,.T.);
#4766=EDGE_CURVE('',#5759,#5532,#6770,.T.);
#4767=EDGE_CURVE('',#5761,#5539,#6771,.T.);
#4768=EDGE_CURVE('',#5762,#5538,#6772,.T.);
#4769=EDGE_CURVE('',#5763,#5537,#6773,.T.);
#4770=EDGE_CURVE('',#5764,#5536,#6774,.T.);
#4771=EDGE_CURVE('',#5765,#5535,#6775,.T.);
#4772=EDGE_CURVE('',#5766,#5534,#6776,.T.);
#4773=EDGE_CURVE('',#5760,#5533,#6777,.T.);
#4774=EDGE_CURVE('',#5767,#5524,#6778,.T.);
#4775=EDGE_CURVE('',#5769,#5531,#6779,.T.);
#4776=EDGE_CURVE('',#5770,#5530,#6780,.T.);
#4777=EDGE_CURVE('',#5771,#5529,#6781,.T.);
#4778=EDGE_CURVE('',#5772,#5528,#6782,.T.);
#4779=EDGE_CURVE('',#5773,#5527,#6783,.T.);
#4780=EDGE_CURVE('',#5774,#5526,#6784,.T.);
#4781=EDGE_CURVE('',#5768,#5525,#6785,.T.);
#4782=EDGE_CURVE('',#5697,#5184,#6786,.T.);
#4783=EDGE_CURVE('',#5698,#5183,#6787,.T.);
#4784=EDGE_CURVE('',#5696,#5185,#6788,.T.);
#4785=EDGE_CURVE('',#5775,#5516,#6789,.T.);
#4786=EDGE_CURVE('',#5777,#5523,#6790,.T.);
#4787=EDGE_CURVE('',#5778,#5522,#6791,.T.);
#4788=EDGE_CURVE('',#5779,#5521,#6792,.T.);
#4789=EDGE_CURVE('',#5780,#5520,#6793,.T.);
#4790=EDGE_CURVE('',#5781,#5519,#6794,.T.);
#4791=EDGE_CURVE('',#5782,#5518,#6795,.T.);
#4792=EDGE_CURVE('',#5776,#5517,#6796,.T.);
#4793=EDGE_CURVE('',#5783,#5508,#6797,.T.);
#4794=EDGE_CURVE('',#5785,#5515,#6798,.T.);
#4795=EDGE_CURVE('',#5786,#5514,#6799,.T.);
#4796=EDGE_CURVE('',#5787,#5513,#6800,.T.);
#4797=EDGE_CURVE('',#5788,#5512,#6801,.T.);
#4798=EDGE_CURVE('',#5789,#5511,#6802,.T.);
#4799=EDGE_CURVE('',#5790,#5510,#6803,.T.);
#4800=EDGE_CURVE('',#5784,#5509,#6804,.T.);
#4801=EDGE_CURVE('',#5791,#5500,#6805,.T.);
#4802=EDGE_CURVE('',#5793,#5507,#6806,.T.);
#4803=EDGE_CURVE('',#5794,#5506,#6807,.T.);
#4804=EDGE_CURVE('',#5795,#5505,#6808,.T.);
#4805=EDGE_CURVE('',#5796,#5504,#6809,.T.);
#4806=EDGE_CURVE('',#5797,#5503,#6810,.T.);
#4807=EDGE_CURVE('',#5798,#5502,#6811,.T.);
#4808=EDGE_CURVE('',#5792,#5501,#6812,.T.);
#4809=EDGE_CURVE('',#5799,#5492,#6813,.T.);
#4810=EDGE_CURVE('',#5801,#5499,#6814,.T.);
#4811=EDGE_CURVE('',#5802,#5498,#6815,.T.);
#4812=EDGE_CURVE('',#5803,#5497,#6816,.T.);
#4813=EDGE_CURVE('',#5804,#5496,#6817,.T.);
#4814=EDGE_CURVE('',#5805,#5495,#6818,.T.);
#4815=EDGE_CURVE('',#5806,#5494,#6819,.T.);
#4816=EDGE_CURVE('',#5800,#5493,#6820,.T.);
#4817=EDGE_CURVE('',#5807,#5484,#6821,.T.);
#4818=EDGE_CURVE('',#5809,#5491,#6822,.T.);
#4819=EDGE_CURVE('',#5810,#5490,#6823,.T.);
#4820=EDGE_CURVE('',#5811,#5489,#6824,.T.);
#4821=EDGE_CURVE('',#5812,#5488,#6825,.T.);
#4822=EDGE_CURVE('',#5813,#5487,#6826,.T.);
#4823=EDGE_CURVE('',#5814,#5486,#6827,.T.);
#4824=EDGE_CURVE('',#5808,#5485,#6828,.T.);
#4825=EDGE_CURVE('',#5693,#5188,#6829,.T.);
#4826=EDGE_CURVE('',#5694,#5187,#6830,.T.);
#4827=EDGE_CURVE('',#5695,#5186,#6831,.T.);
#4828=EDGE_CURVE('',#5815,#5476,#6832,.T.);
#4829=EDGE_CURVE('',#5817,#5483,#6833,.T.);
#4830=EDGE_CURVE('',#5818,#5482,#6834,.T.);
#4831=EDGE_CURVE('',#5819,#5481,#6835,.T.);
#4832=EDGE_CURVE('',#5820,#5480,#6836,.T.);
#4833=EDGE_CURVE('',#5821,#5479,#6837,.T.);
#4834=EDGE_CURVE('',#5822,#5478,#6838,.T.);
#4835=EDGE_CURVE('',#5816,#5477,#6839,.T.);
#4836=EDGE_CURVE('',#5823,#5468,#6840,.T.);
#4837=EDGE_CURVE('',#5825,#5475,#6841,.T.);
#4838=EDGE_CURVE('',#5826,#5474,#6842,.T.);
#4839=EDGE_CURVE('',#5827,#5473,#6843,.T.);
#4840=EDGE_CURVE('',#5828,#5472,#6844,.T.);
#4841=EDGE_CURVE('',#5829,#5471,#6845,.T.);
#4842=EDGE_CURVE('',#5830,#5470,#6846,.T.);
#4843=EDGE_CURVE('',#5824,#5469,#6847,.T.);
#4844=EDGE_CURVE('',#5831,#5460,#6848,.T.);
#4845=EDGE_CURVE('',#5833,#5467,#6849,.T.);
#4846=EDGE_CURVE('',#5834,#5466,#6850,.T.);
#4847=EDGE_CURVE('',#5835,#5465,#6851,.T.);
#4848=EDGE_CURVE('',#5836,#5464,#6852,.T.);
#4849=EDGE_CURVE('',#5837,#5463,#6853,.T.);
#4850=EDGE_CURVE('',#5838,#5462,#6854,.T.);
#4851=EDGE_CURVE('',#5832,#5461,#6855,.T.);
#4852=EDGE_CURVE('',#5839,#5452,#6856,.T.);
#4853=EDGE_CURVE('',#5841,#5459,#6857,.T.);
#4854=EDGE_CURVE('',#5842,#5458,#6858,.T.);
#4855=EDGE_CURVE('',#5843,#5457,#6859,.T.);
#4856=EDGE_CURVE('',#5844,#5456,#6860,.T.);
#4857=EDGE_CURVE('',#5845,#5455,#6861,.T.);
#4858=EDGE_CURVE('',#5846,#5454,#6862,.T.);
#4859=EDGE_CURVE('',#5840,#5453,#6863,.T.);
#4860=EDGE_CURVE('',#5847,#5444,#6864,.T.);
#4861=EDGE_CURVE('',#5849,#5451,#6865,.T.);
#4862=EDGE_CURVE('',#5850,#5450,#6866,.T.);
#4863=EDGE_CURVE('',#5851,#5449,#6867,.T.);
#4864=EDGE_CURVE('',#5852,#5448,#6868,.T.);
#4865=EDGE_CURVE('',#5853,#5447,#6869,.T.);
#4866=EDGE_CURVE('',#5854,#5446,#6870,.T.);
#4867=EDGE_CURVE('',#5848,#5445,#6871,.T.);
#4868=EDGE_CURVE('',#5855,#5436,#6872,.T.);
#4869=EDGE_CURVE('',#5857,#5443,#6873,.T.);
#4870=EDGE_CURVE('',#5858,#5442,#6874,.T.);
#4871=EDGE_CURVE('',#5859,#5441,#6875,.T.);
#4872=EDGE_CURVE('',#5860,#5440,#6876,.T.);
#4873=EDGE_CURVE('',#5861,#5439,#6877,.T.);
#4874=EDGE_CURVE('',#5862,#5438,#6878,.T.);
#4875=EDGE_CURVE('',#5856,#5437,#6879,.T.);
#4876=EDGE_CURVE('',#5863,#5428,#6880,.T.);
#4877=EDGE_CURVE('',#5865,#5435,#6881,.T.);
#4878=EDGE_CURVE('',#5866,#5434,#6882,.T.);
#4879=EDGE_CURVE('',#5867,#5433,#6883,.T.);
#4880=EDGE_CURVE('',#5868,#5432,#6884,.T.);
#4881=EDGE_CURVE('',#5869,#5431,#6885,.T.);
#4882=EDGE_CURVE('',#5870,#5430,#6886,.T.);
#4883=EDGE_CURVE('',#5864,#5429,#6887,.T.);
#4884=EDGE_CURVE('',#5871,#5420,#6888,.T.);
#4885=EDGE_CURVE('',#5873,#5427,#6889,.T.);
#4886=EDGE_CURVE('',#5874,#5426,#6890,.T.);
#4887=EDGE_CURVE('',#5875,#5425,#6891,.T.);
#4888=EDGE_CURVE('',#5876,#5424,#6892,.T.);
#4889=EDGE_CURVE('',#5877,#5423,#6893,.T.);
#4890=EDGE_CURVE('',#5878,#5422,#6894,.T.);
#4891=EDGE_CURVE('',#5872,#5421,#6895,.T.);
#4892=EDGE_CURVE('',#5691,#5190,#6896,.T.);
#4893=EDGE_CURVE('',#5692,#5189,#6897,.T.);
#4894=EDGE_CURVE('',#5690,#5191,#6898,.T.);
#4895=EDGE_CURVE('',#5879,#5408,#6899,.T.);
#4896=EDGE_CURVE('',#5881,#5419,#6900,.T.);
#4897=EDGE_CURVE('',#5882,#5418,#6901,.T.);
#4898=EDGE_CURVE('',#5883,#5417,#6902,.T.);
#4899=EDGE_CURVE('',#5884,#5416,#6903,.T.);
#4900=EDGE_CURVE('',#5885,#5415,#6904,.T.);
#4901=EDGE_CURVE('',#5886,#5414,#6905,.T.);
#4902=EDGE_CURVE('',#5887,#5413,#6906,.T.);
#4903=EDGE_CURVE('',#5888,#5412,#6907,.T.);
#4904=EDGE_CURVE('',#5889,#5411,#6908,.T.);
#4905=EDGE_CURVE('',#5890,#5410,#6909,.T.);
#4906=EDGE_CURVE('',#5880,#5409,#6910,.T.);
#4907=EDGE_CURVE('',#5891,#5400,#6911,.T.);
#4908=EDGE_CURVE('',#5893,#5407,#6912,.T.);
#4909=EDGE_CURVE('',#5894,#5406,#6913,.T.);
#4910=EDGE_CURVE('',#5895,#5405,#6914,.T.);
#4911=EDGE_CURVE('',#5896,#5404,#6915,.T.);
#4912=EDGE_CURVE('',#5897,#5403,#6916,.T.);
#4913=EDGE_CURVE('',#5898,#5402,#6917,.T.);
#4914=EDGE_CURVE('',#5892,#5401,#6918,.T.);
#4915=EDGE_CURVE('',#5899,#5392,#6919,.T.);
#4916=EDGE_CURVE('',#5901,#5399,#6920,.T.);
#4917=EDGE_CURVE('',#5902,#5398,#6921,.T.);
#4918=EDGE_CURVE('',#5903,#5397,#6922,.T.);
#4919=EDGE_CURVE('',#5904,#5396,#6923,.T.);
#4920=EDGE_CURVE('',#5905,#5395,#6924,.T.);
#4921=EDGE_CURVE('',#5906,#5394,#6925,.T.);
#4922=EDGE_CURVE('',#5900,#5393,#6926,.T.);
#4923=EDGE_CURVE('',#5907,#5384,#6927,.T.);
#4924=EDGE_CURVE('',#5909,#5391,#6928,.T.);
#4925=EDGE_CURVE('',#5910,#5390,#6929,.T.);
#4926=EDGE_CURVE('',#5911,#5389,#6930,.T.);
#4927=EDGE_CURVE('',#5912,#5388,#6931,.T.);
#4928=EDGE_CURVE('',#5913,#5387,#6932,.T.);
#4929=EDGE_CURVE('',#5914,#5386,#6933,.T.);
#4930=EDGE_CURVE('',#5908,#5385,#6934,.T.);
#4931=EDGE_CURVE('',#5915,#5376,#6935,.T.);
#4932=EDGE_CURVE('',#5917,#5383,#6936,.T.);
#4933=EDGE_CURVE('',#5918,#5382,#6937,.T.);
#4934=EDGE_CURVE('',#5919,#5381,#6938,.T.);
#4935=EDGE_CURVE('',#5920,#5380,#6939,.T.);
#4936=EDGE_CURVE('',#5921,#5379,#6940,.T.);
#4937=EDGE_CURVE('',#5922,#5378,#6941,.T.);
#4938=EDGE_CURVE('',#5916,#5377,#6942,.T.);
#4939=EDGE_CURVE('',#5923,#5368,#6943,.T.);
#4940=EDGE_CURVE('',#5925,#5375,#6944,.T.);
#4941=EDGE_CURVE('',#5926,#5374,#6945,.T.);
#4942=EDGE_CURVE('',#5927,#5373,#6946,.T.);
#4943=EDGE_CURVE('',#5928,#5372,#6947,.T.);
#4944=EDGE_CURVE('',#5929,#5371,#6948,.T.);
#4945=EDGE_CURVE('',#5930,#5370,#6949,.T.);
#4946=EDGE_CURVE('',#5924,#5369,#6950,.T.);
#4947=EDGE_CURVE('',#5931,#5356,#6951,.T.);
#4948=EDGE_CURVE('',#5933,#5367,#6952,.T.);
#4949=EDGE_CURVE('',#5934,#5366,#6953,.T.);
#4950=EDGE_CURVE('',#5935,#5365,#6954,.T.);
#4951=EDGE_CURVE('',#5936,#5364,#6955,.T.);
#4952=EDGE_CURVE('',#5937,#5363,#6956,.T.);
#4953=EDGE_CURVE('',#5938,#5362,#6957,.T.);
#4954=EDGE_CURVE('',#5939,#5361,#6958,.T.);
#4955=EDGE_CURVE('',#5940,#5360,#6959,.T.);
#4956=EDGE_CURVE('',#5941,#5359,#6960,.T.);
#4957=EDGE_CURVE('',#5942,#5358,#6961,.T.);
#4958=EDGE_CURVE('',#5932,#5357,#6962,.T.);
#4959=EDGE_CURVE('',#5943,#5348,#6963,.T.);
#4960=EDGE_CURVE('',#5945,#5355,#6964,.T.);
#4961=EDGE_CURVE('',#5946,#5354,#6965,.T.);
#4962=EDGE_CURVE('',#5947,#5353,#6966,.T.);
#4963=EDGE_CURVE('',#5948,#5352,#6967,.T.);
#4964=EDGE_CURVE('',#5949,#5351,#6968,.T.);
#4965=EDGE_CURVE('',#5950,#5350,#6969,.T.);
#4966=EDGE_CURVE('',#5944,#5349,#6970,.T.);
#4967=EDGE_CURVE('',#5951,#5340,#6971,.T.);
#4968=EDGE_CURVE('',#5953,#5347,#6972,.T.);
#4969=EDGE_CURVE('',#5954,#5346,#6973,.T.);
#4970=EDGE_CURVE('',#5955,#5345,#6974,.T.);
#4971=EDGE_CURVE('',#5956,#5344,#6975,.T.);
#4972=EDGE_CURVE('',#5957,#5343,#6976,.T.);
#4973=EDGE_CURVE('',#5958,#5342,#6977,.T.);
#4974=EDGE_CURVE('',#5952,#5341,#6978,.T.);
#4975=EDGE_CURVE('',#5959,#5332,#6979,.T.);
#4976=EDGE_CURVE('',#5961,#5339,#6980,.T.);
#4977=EDGE_CURVE('',#5962,#5338,#6981,.T.);
#4978=EDGE_CURVE('',#5963,#5337,#6982,.T.);
#4979=EDGE_CURVE('',#5964,#5336,#6983,.T.);
#4980=EDGE_CURVE('',#5965,#5335,#6984,.T.);
#4981=EDGE_CURVE('',#5966,#5334,#6985,.T.);
#4982=EDGE_CURVE('',#5960,#5333,#6986,.T.);
#4983=EDGE_CURVE('',#5967,#5324,#6987,.T.);
#4984=EDGE_CURVE('',#5969,#5331,#6988,.T.);
#4985=EDGE_CURVE('',#5970,#5330,#6989,.T.);
#4986=EDGE_CURVE('',#5971,#5329,#6990,.T.);
#4987=EDGE_CURVE('',#5972,#5328,#6991,.T.);
#4988=EDGE_CURVE('',#5973,#5327,#6992,.T.);
#4989=EDGE_CURVE('',#5974,#5326,#6993,.T.);
#4990=EDGE_CURVE('',#5968,#5325,#6994,.T.);
#4991=EDGE_CURVE('',#5975,#5316,#6995,.T.);
#4992=EDGE_CURVE('',#5977,#5323,#6996,.T.);
#4993=EDGE_CURVE('',#5978,#5322,#6997,.T.);
#4994=EDGE_CURVE('',#5979,#5321,#6998,.T.);
#4995=EDGE_CURVE('',#5980,#5320,#6999,.T.);
#4996=EDGE_CURVE('',#5981,#5319,#7000,.T.);
#4997=EDGE_CURVE('',#5982,#5318,#7001,.T.);
#4998=EDGE_CURVE('',#5976,#5317,#7002,.T.);
#4999=EDGE_CURVE('',#5983,#5308,#7003,.T.);
#5000=EDGE_CURVE('',#5985,#5315,#7004,.T.);
#5001=EDGE_CURVE('',#5986,#5314,#7005,.T.);
#5002=EDGE_CURVE('',#5987,#5313,#7006,.T.);
#5003=EDGE_CURVE('',#5988,#5312,#7007,.T.);
#5004=EDGE_CURVE('',#5989,#5311,#7008,.T.);
#5005=EDGE_CURVE('',#5990,#5310,#7009,.T.);
#5006=EDGE_CURVE('',#5984,#5309,#7010,.T.);
#5007=EDGE_CURVE('',#5991,#5300,#7011,.T.);
#5008=EDGE_CURVE('',#5993,#5307,#7012,.T.);
#5009=EDGE_CURVE('',#5994,#5306,#7013,.T.);
#5010=EDGE_CURVE('',#5995,#5305,#7014,.T.);
#5011=EDGE_CURVE('',#5996,#5304,#7015,.T.);
#5012=EDGE_CURVE('',#5997,#5303,#7016,.T.);
#5013=EDGE_CURVE('',#5998,#5302,#7017,.T.);
#5014=EDGE_CURVE('',#5992,#5301,#7018,.T.);
#5015=EDGE_CURVE('',#5999,#5292,#7019,.T.);
#5016=EDGE_CURVE('',#6001,#5299,#7020,.T.);
#5017=EDGE_CURVE('',#6002,#5298,#7021,.T.);
#5018=EDGE_CURVE('',#6003,#5297,#7022,.T.);
#5019=EDGE_CURVE('',#6004,#5296,#7023,.T.);
#5020=EDGE_CURVE('',#6005,#5295,#7024,.T.);
#5021=EDGE_CURVE('',#6006,#5294,#7025,.T.);
#5022=EDGE_CURVE('',#6000,#5293,#7026,.T.);
#5023=EDGE_CURVE('',#6007,#5284,#7027,.T.);
#5024=EDGE_CURVE('',#6009,#5291,#7028,.T.);
#5025=EDGE_CURVE('',#6010,#5290,#7029,.T.);
#5026=EDGE_CURVE('',#6011,#5289,#7030,.T.);
#5027=EDGE_CURVE('',#6012,#5288,#7031,.T.);
#5028=EDGE_CURVE('',#6013,#5287,#7032,.T.);
#5029=EDGE_CURVE('',#6014,#5286,#7033,.T.);
#5030=EDGE_CURVE('',#6008,#5285,#7034,.T.);
#5031=EDGE_CURVE('',#6015,#5276,#7035,.T.);
#5032=EDGE_CURVE('',#6017,#5283,#7036,.T.);
#5033=EDGE_CURVE('',#6018,#5282,#7037,.T.);
#5034=EDGE_CURVE('',#6019,#5281,#7038,.T.);
#5035=EDGE_CURVE('',#6020,#5280,#7039,.T.);
#5036=EDGE_CURVE('',#6021,#5279,#7040,.T.);
#5037=EDGE_CURVE('',#6022,#5278,#7041,.T.);
#5038=EDGE_CURVE('',#6016,#5277,#7042,.T.);
#5039=EDGE_CURVE('',#6023,#5264,#7043,.T.);
#5040=EDGE_CURVE('',#6025,#5275,#7044,.T.);
#5041=EDGE_CURVE('',#6026,#5274,#7045,.T.);
#5042=EDGE_CURVE('',#6027,#5273,#7046,.T.);
#5043=EDGE_CURVE('',#6028,#5272,#7047,.T.);
#5044=EDGE_CURVE('',#6029,#5271,#7048,.T.);
#5045=EDGE_CURVE('',#6030,#5270,#7049,.T.);
#5046=EDGE_CURVE('',#6031,#5269,#7050,.T.);
#5047=EDGE_CURVE('',#6032,#5268,#7051,.T.);
#5048=EDGE_CURVE('',#6033,#5267,#7052,.T.);
#5049=EDGE_CURVE('',#6034,#5266,#7053,.T.);
#5050=EDGE_CURVE('',#6024,#5265,#7054,.T.);
#5051=EDGE_CURVE('',#6035,#5256,#7055,.T.);
#5052=EDGE_CURVE('',#6037,#5263,#7056,.T.);
#5053=EDGE_CURVE('',#6038,#5262,#7057,.T.);
#5054=EDGE_CURVE('',#6039,#5261,#7058,.T.);
#5055=EDGE_CURVE('',#6040,#5260,#7059,.T.);
#5056=EDGE_CURVE('',#6041,#5259,#7060,.T.);
#5057=EDGE_CURVE('',#6042,#5258,#7061,.T.);
#5058=EDGE_CURVE('',#6036,#5257,#7062,.T.);
#5059=EDGE_CURVE('',#6043,#5248,#7063,.T.);
#5060=EDGE_CURVE('',#6045,#5255,#7064,.T.);
#5061=EDGE_CURVE('',#6046,#5254,#7065,.T.);
#5062=EDGE_CURVE('',#6047,#5253,#7066,.T.);
#5063=EDGE_CURVE('',#6048,#5252,#7067,.T.);
#5064=EDGE_CURVE('',#6049,#5251,#7068,.T.);
#5065=EDGE_CURVE('',#6050,#5250,#7069,.T.);
#5066=EDGE_CURVE('',#6044,#5249,#7070,.T.);
#5067=EDGE_CURVE('',#6051,#5240,#7071,.T.);
#5068=EDGE_CURVE('',#6053,#5247,#7072,.T.);
#5069=EDGE_CURVE('',#6054,#5246,#7073,.T.);
#5070=EDGE_CURVE('',#6055,#5245,#7074,.T.);
#5071=EDGE_CURVE('',#6056,#5244,#7075,.T.);
#5072=EDGE_CURVE('',#6057,#5243,#7076,.T.);
#5073=EDGE_CURVE('',#6058,#5242,#7077,.T.);
#5074=EDGE_CURVE('',#6052,#5241,#7078,.T.);
#5075=EDGE_CURVE('',#6059,#5232,#7079,.T.);
#5076=EDGE_CURVE('',#6061,#5239,#7080,.T.);
#5077=EDGE_CURVE('',#6062,#5238,#7081,.T.);
#5078=EDGE_CURVE('',#6063,#5237,#7082,.T.);
#5079=EDGE_CURVE('',#6064,#5236,#7083,.T.);
#5080=EDGE_CURVE('',#6065,#5235,#7084,.T.);
#5081=EDGE_CURVE('',#6066,#5234,#7085,.T.);
#5082=EDGE_CURVE('',#6060,#5233,#7086,.T.);
#5083=EDGE_CURVE('',#6067,#5224,#7087,.T.);
#5084=EDGE_CURVE('',#6069,#5231,#7088,.T.);
#5085=EDGE_CURVE('',#6070,#5230,#7089,.T.);
#5086=EDGE_CURVE('',#6071,#5229,#7090,.T.);
#5087=EDGE_CURVE('',#6072,#5228,#7091,.T.);
#5088=EDGE_CURVE('',#6073,#5227,#7092,.T.);
#5089=EDGE_CURVE('',#6074,#5226,#7093,.T.);
#5090=EDGE_CURVE('',#6068,#5225,#7094,.T.);
#5091=EDGE_CURVE('',#6075,#5216,#7095,.T.);
#5092=EDGE_CURVE('',#6077,#5223,#7096,.T.);
#5093=EDGE_CURVE('',#6078,#5222,#7097,.T.);
#5094=EDGE_CURVE('',#6079,#5221,#7098,.T.);
#5095=EDGE_CURVE('',#6080,#5220,#7099,.T.);
#5096=EDGE_CURVE('',#6081,#5219,#7100,.T.);
#5097=EDGE_CURVE('',#6082,#5218,#7101,.T.);
#5098=EDGE_CURVE('',#6076,#5217,#7102,.T.);
#5099=EDGE_CURVE('',#6083,#5208,#7103,.T.);
#5100=EDGE_CURVE('',#6085,#5215,#7104,.T.);
#5101=EDGE_CURVE('',#6086,#5214,#7105,.T.);
#5102=EDGE_CURVE('',#6087,#5213,#7106,.T.);
#5103=EDGE_CURVE('',#6088,#5212,#7107,.T.);
#5104=EDGE_CURVE('',#6089,#5211,#7108,.T.);
#5105=EDGE_CURVE('',#6090,#5210,#7109,.T.);
#5106=EDGE_CURVE('',#6084,#5209,#7110,.T.);
#5107=VERTEX_POINT('',#14026);
#5108=VERTEX_POINT('',#14027);
#5109=VERTEX_POINT('',#14029);
#5110=VERTEX_POINT('',#14031);
#5111=VERTEX_POINT('',#14035);
#5112=VERTEX_POINT('',#14036);
#5113=VERTEX_POINT('',#14038);
#5114=VERTEX_POINT('',#14040);
#5115=VERTEX_POINT('',#14042);
#5116=VERTEX_POINT('',#14046);
#5117=VERTEX_POINT('',#14047);
#5118=VERTEX_POINT('',#14049);
#5119=VERTEX_POINT('',#14051);
#5120=VERTEX_POINT('',#14053);
#5121=VERTEX_POINT('',#14057);
#5122=VERTEX_POINT('',#14058);
#5123=VERTEX_POINT('',#14060);
#5124=VERTEX_POINT('',#14062);
#5125=VERTEX_POINT('',#14066);
#5126=VERTEX_POINT('',#14067);
#5127=VERTEX_POINT('',#14069);
#5128=VERTEX_POINT('',#14071);
#5129=VERTEX_POINT('',#14075);
#5130=VERTEX_POINT('',#14076);
#5131=VERTEX_POINT('',#14078);
#5132=VERTEX_POINT('',#14080);
#5133=VERTEX_POINT('',#14084);
#5134=VERTEX_POINT('',#14085);
#5135=VERTEX_POINT('',#14087);
#5136=VERTEX_POINT('',#14089);
#5137=VERTEX_POINT('',#14093);
#5138=VERTEX_POINT('',#14095);
#5139=VERTEX_POINT('',#14099);
#5140=VERTEX_POINT('',#14101);
#5141=VERTEX_POINT('',#14105);
#5142=VERTEX_POINT('',#14107);
#5143=VERTEX_POINT('',#14111);
#5144=VERTEX_POINT('',#14115);
#5145=VERTEX_POINT('',#14117);
#5146=VERTEX_POINT('',#14121);
#5147=VERTEX_POINT('',#14123);
#5148=VERTEX_POINT('',#14127);
#5149=VERTEX_POINT('',#14129);
#5150=VERTEX_POINT('',#14133);
#5151=VERTEX_POINT('',#14135);
#5152=VERTEX_POINT('',#14137);
#5153=VERTEX_POINT('',#14139);
#5154=VERTEX_POINT('',#14141);
#5155=VERTEX_POINT('',#14143);
#5156=VERTEX_POINT('',#14145);
#5157=VERTEX_POINT('',#14147);
#5158=VERTEX_POINT('',#14149);
#5159=VERTEX_POINT('',#14151);
#5160=VERTEX_POINT('',#14153);
#5161=VERTEX_POINT('',#14155);
#5162=VERTEX_POINT('',#14157);
#5163=VERTEX_POINT('',#14159);
#5164=VERTEX_POINT('',#14161);
#5165=VERTEX_POINT('',#14163);
#5166=VERTEX_POINT('',#14165);
#5167=VERTEX_POINT('',#14167);
#5168=VERTEX_POINT('',#14169);
#5169=VERTEX_POINT('',#14171);
#5170=VERTEX_POINT('',#14173);
#5171=VERTEX_POINT('',#14175);
#5172=VERTEX_POINT('',#14177);
#5173=VERTEX_POINT('',#14179);
#5174=VERTEX_POINT('',#14181);
#5175=VERTEX_POINT('',#14183);
#5176=VERTEX_POINT('',#14185);
#5177=VERTEX_POINT('',#14188);
#5178=VERTEX_POINT('',#14191);
#5179=VERTEX_POINT('',#14193);
#5180=VERTEX_POINT('',#14195);
#5181=VERTEX_POINT('',#14197);
#5182=VERTEX_POINT('',#14200);
#5183=VERTEX_POINT('',#14202);
#5184=VERTEX_POINT('',#14204);
#5185=VERTEX_POINT('',#14206);
#5186=VERTEX_POINT('',#14209);
#5187=VERTEX_POINT('',#14211);
#5188=VERTEX_POINT('',#14213);
#5189=VERTEX_POINT('',#14216);
#5190=VERTEX_POINT('',#14218);
#5191=VERTEX_POINT('',#14220);
#5192=VERTEX_POINT('',#14223);
#5193=VERTEX_POINT('',#14225);
#5194=VERTEX_POINT('',#14227);
#5195=VERTEX_POINT('',#14229);
#5196=VERTEX_POINT('',#14231);
#5197=VERTEX_POINT('',#14233);
#5198=VERTEX_POINT('',#14235);
#5199=VERTEX_POINT('',#14237);
#5200=VERTEX_POINT('',#14240);
#5201=VERTEX_POINT('',#14241);
#5202=VERTEX_POINT('',#14243);
#5203=VERTEX_POINT('',#14245);
#5204=VERTEX_POINT('',#14248);
#5205=VERTEX_POINT('',#14249);
#5206=VERTEX_POINT('',#14251);
#5207=VERTEX_POINT('',#14253);
#5208=VERTEX_POINT('',#14256);
#5209=VERTEX_POINT('',#14257);
#5210=VERTEX_POINT('',#14259);
#5211=VERTEX_POINT('',#14261);
#5212=VERTEX_POINT('',#14263);
#5213=VERTEX_POINT('',#14265);
#5214=VERTEX_POINT('',#14267);
#5215=VERTEX_POINT('',#14269);
#5216=VERTEX_POINT('',#14272);
#5217=VERTEX_POINT('',#14273);
#5218=VERTEX_POINT('',#14275);
#5219=VERTEX_POINT('',#14277);
#5220=VERTEX_POINT('',#14279);
#5221=VERTEX_POINT('',#14281);
#5222=VERTEX_POINT('',#14283);
#5223=VERTEX_POINT('',#14285);
#5224=VERTEX_POINT('',#14288);
#5225=VERTEX_POINT('',#14289);
#5226=VERTEX_POINT('',#14291);
#5227=VERTEX_POINT('',#14293);
#5228=VERTEX_POINT('',#14295);
#5229=VERTEX_POINT('',#14297);
#5230=VERTEX_POINT('',#14299);
#5231=VERTEX_POINT('',#14301);
#5232=VERTEX_POINT('',#14304);
#5233=VERTEX_POINT('',#14305);
#5234=VERTEX_POINT('',#14307);
#5235=VERTEX_POINT('',#14309);
#5236=VERTEX_POINT('',#14311);
#5237=VERTEX_POINT('',#14313);
#5238=VERTEX_POINT('',#14315);
#5239=VERTEX_POINT('',#14317);
#5240=VERTEX_POINT('',#14320);
#5241=VERTEX_POINT('',#14321);
#5242=VERTEX_POINT('',#14323);
#5243=VERTEX_POINT('',#14325);
#5244=VERTEX_POINT('',#14327);
#5245=VERTEX_POINT('',#14329);
#5246=VERTEX_POINT('',#14331);
#5247=VERTEX_POINT('',#14333);
#5248=VERTEX_POINT('',#14336);
#5249=VERTEX_POINT('',#14337);
#5250=VERTEX_POINT('',#14339);
#5251=VERTEX_POINT('',#14341);
#5252=VERTEX_POINT('',#14343);
#5253=VERTEX_POINT('',#14345);
#5254=VERTEX_POINT('',#14347);
#5255=VERTEX_POINT('',#14349);
#5256=VERTEX_POINT('',#14352);
#5257=VERTEX_POINT('',#14353);
#5258=VERTEX_POINT('',#14355);
#5259=VERTEX_POINT('',#14357);
#5260=VERTEX_POINT('',#14359);
#5261=VERTEX_POINT('',#14361);
#5262=VERTEX_POINT('',#14363);
#5263=VERTEX_POINT('',#14365);
#5264=VERTEX_POINT('',#14368);
#5265=VERTEX_POINT('',#14369);
#5266=VERTEX_POINT('',#14371);
#5267=VERTEX_POINT('',#14373);
#5268=VERTEX_POINT('',#14375);
#5269=VERTEX_POINT('',#14377);
#5270=VERTEX_POINT('',#14379);
#5271=VERTEX_POINT('',#14381);
#5272=VERTEX_POINT('',#14383);
#5273=VERTEX_POINT('',#14385);
#5274=VERTEX_POINT('',#14387);
#5275=VERTEX_POINT('',#14389);
#5276=VERTEX_POINT('',#14392);
#5277=VERTEX_POINT('',#14393);
#5278=VERTEX_POINT('',#14395);
#5279=VERTEX_POINT('',#14397);
#5280=VERTEX_POINT('',#14399);
#5281=VERTEX_POINT('',#14401);
#5282=VERTEX_POINT('',#14403);
#5283=VERTEX_POINT('',#14405);
#5284=VERTEX_POINT('',#14408);
#5285=VERTEX_POINT('',#14409);
#5286=VERTEX_POINT('',#14411);
#5287=VERTEX_POINT('',#14413);
#5288=VERTEX_POINT('',#14415);
#5289=VERTEX_POINT('',#14417);
#5290=VERTEX_POINT('',#14419);
#5291=VERTEX_POINT('',#14421);
#5292=VERTEX_POINT('',#14424);
#5293=VERTEX_POINT('',#14425);
#5294=VERTEX_POINT('',#14427);
#5295=VERTEX_POINT('',#14429);
#5296=VERTEX_POINT('',#14431);
#5297=VERTEX_POINT('',#14433);
#5298=VERTEX_POINT('',#14435);
#5299=VERTEX_POINT('',#14437);
#5300=VERTEX_POINT('',#14440);
#5301=VERTEX_POINT('',#14441);
#5302=VERTEX_POINT('',#14443);
#5303=VERTEX_POINT('',#14445);
#5304=VERTEX_POINT('',#14447);
#5305=VERTEX_POINT('',#14449);
#5306=VERTEX_POINT('',#14451);
#5307=VERTEX_POINT('',#14453);
#5308=VERTEX_POINT('',#14456);
#5309=VERTEX_POINT('',#14457);
#5310=VERTEX_POINT('',#14459);
#5311=VERTEX_POINT('',#14461);
#5312=VERTEX_POINT('',#14463);
#5313=VERTEX_POINT('',#14465);
#5314=VERTEX_POINT('',#14467);
#5315=VERTEX_POINT('',#14469);
#5316=VERTEX_POINT('',#14472);
#5317=VERTEX_POINT('',#14473);
#5318=VERTEX_POINT('',#14475);
#5319=VERTEX_POINT('',#14477);
#5320=VERTEX_POINT('',#14479);
#5321=VERTEX_POINT('',#14481);
#5322=VERTEX_POINT('',#14483);
#5323=VERTEX_POINT('',#14485);
#5324=VERTEX_POINT('',#14488);
#5325=VERTEX_POINT('',#14489);
#5326=VERTEX_POINT('',#14491);
#5327=VERTEX_POINT('',#14493);
#5328=VERTEX_POINT('',#14495);
#5329=VERTEX_POINT('',#14497);
#5330=VERTEX_POINT('',#14499);
#5331=VERTEX_POINT('',#14501);
#5332=VERTEX_POINT('',#14504);
#5333=VERTEX_POINT('',#14505);
#5334=VERTEX_POINT('',#14507);
#5335=VERTEX_POINT('',#14509);
#5336=VERTEX_POINT('',#14511);
#5337=VERTEX_POINT('',#14513);
#5338=VERTEX_POINT('',#14515);
#5339=VERTEX_POINT('',#14517);
#5340=VERTEX_POINT('',#14520);
#5341=VERTEX_POINT('',#14521);
#5342=VERTEX_POINT('',#14523);
#5343=VERTEX_POINT('',#14525);
#5344=VERTEX_POINT('',#14527);
#5345=VERTEX_POINT('',#14529);
#5346=VERTEX_POINT('',#14531);
#5347=VERTEX_POINT('',#14533);
#5348=VERTEX_POINT('',#14536);
#5349=VERTEX_POINT('',#14537);
#5350=VERTEX_POINT('',#14539);
#5351=VERTEX_POINT('',#14541);
#5352=VERTEX_POINT('',#14543);
#5353=VERTEX_POINT('',#14545);
#5354=VERTEX_POINT('',#14547);
#5355=VERTEX_POINT('',#14549);
#5356=VERTEX_POINT('',#14552);
#5357=VERTEX_POINT('',#14553);
#5358=VERTEX_POINT('',#14555);
#5359=VERTEX_POINT('',#14557);
#5360=VERTEX_POINT('',#14559);
#5361=VERTEX_POINT('',#14561);
#5362=VERTEX_POINT('',#14563);
#5363=VERTEX_POINT('',#14565);
#5364=VERTEX_POINT('',#14567);
#5365=VERTEX_POINT('',#14569);
#5366=VERTEX_POINT('',#14571);
#5367=VERTEX_POINT('',#14573);
#5368=VERTEX_POINT('',#14576);
#5369=VERTEX_POINT('',#14577);
#5370=VERTEX_POINT('',#14579);
#5371=VERTEX_POINT('',#14581);
#5372=VERTEX_POINT('',#14583);
#5373=VERTEX_POINT('',#14585);
#5374=VERTEX_POINT('',#14587);
#5375=VERTEX_POINT('',#14589);
#5376=VERTEX_POINT('',#14592);
#5377=VERTEX_POINT('',#14593);
#5378=VERTEX_POINT('',#14595);
#5379=VERTEX_POINT('',#14597);
#5380=VERTEX_POINT('',#14599);
#5381=VERTEX_POINT('',#14601);
#5382=VERTEX_POINT('',#14603);
#5383=VERTEX_POINT('',#14605);
#5384=VERTEX_POINT('',#14608);
#5385=VERTEX_POINT('',#14609);
#5386=VERTEX_POINT('',#14611);
#5387=VERTEX_POINT('',#14613);
#5388=VERTEX_POINT('',#14615);
#5389=VERTEX_POINT('',#14617);
#5390=VERTEX_POINT('',#14619);
#5391=VERTEX_POINT('',#14621);
#5392=VERTEX_POINT('',#14624);
#5393=VERTEX_POINT('',#14625);
#5394=VERTEX_POINT('',#14627);
#5395=VERTEX_POINT('',#14629);
#5396=VERTEX_POINT('',#14631);
#5397=VERTEX_POINT('',#14633);
#5398=VERTEX_POINT('',#14635);
#5399=VERTEX_POINT('',#14637);
#5400=VERTEX_POINT('',#14640);
#5401=VERTEX_POINT('',#14641);
#5402=VERTEX_POINT('',#14643);
#5403=VERTEX_POINT('',#14645);
#5404=VERTEX_POINT('',#14647);
#5405=VERTEX_POINT('',#14649);
#5406=VERTEX_POINT('',#14651);
#5407=VERTEX_POINT('',#14653);
#5408=VERTEX_POINT('',#14656);
#5409=VERTEX_POINT('',#14657);
#5410=VERTEX_POINT('',#14659);
#5411=VERTEX_POINT('',#14661);
#5412=VERTEX_POINT('',#14663);
#5413=VERTEX_POINT('',#14665);
#5414=VERTEX_POINT('',#14667);
#5415=VERTEX_POINT('',#14669);
#5416=VERTEX_POINT('',#14671);
#5417=VERTEX_POINT('',#14673);
#5418=VERTEX_POINT('',#14675);
#5419=VERTEX_POINT('',#14677);
#5420=VERTEX_POINT('',#14680);
#5421=VERTEX_POINT('',#14681);
#5422=VERTEX_POINT('',#14683);
#5423=VERTEX_POINT('',#14685);
#5424=VERTEX_POINT('',#14687);
#5425=VERTEX_POINT('',#14689);
#5426=VERTEX_POINT('',#14691);
#5427=VERTEX_POINT('',#14693);
#5428=VERTEX_POINT('',#14696);
#5429=VERTEX_POINT('',#14697);
#5430=VERTEX_POINT('',#14699);
#5431=VERTEX_POINT('',#14701);
#5432=VERTEX_POINT('',#14703);
#5433=VERTEX_POINT('',#14705);
#5434=VERTEX_POINT('',#14707);
#5435=VERTEX_POINT('',#14709);
#5436=VERTEX_POINT('',#14712);
#5437=VERTEX_POINT('',#14713);
#5438=VERTEX_POINT('',#14715);
#5439=VERTEX_POINT('',#14717);
#5440=VERTEX_POINT('',#14719);
#5441=VERTEX_POINT('',#14721);
#5442=VERTEX_POINT('',#14723);
#5443=VERTEX_POINT('',#14725);
#5444=VERTEX_POINT('',#14728);
#5445=VERTEX_POINT('',#14729);
#5446=VERTEX_POINT('',#14731);
#5447=VERTEX_POINT('',#14733);
#5448=VERTEX_POINT('',#14735);
#5449=VERTEX_POINT('',#14737);
#5450=VERTEX_POINT('',#14739);
#5451=VERTEX_POINT('',#14741);
#5452=VERTEX_POINT('',#14744);
#5453=VERTEX_POINT('',#14745);
#5454=VERTEX_POINT('',#14747);
#5455=VERTEX_POINT('',#14749);
#5456=VERTEX_POINT('',#14751);
#5457=VERTEX_POINT('',#14753);
#5458=VERTEX_POINT('',#14755);
#5459=VERTEX_POINT('',#14757);
#5460=VERTEX_POINT('',#14760);
#5461=VERTEX_POINT('',#14761);
#5462=VERTEX_POINT('',#14763);
#5463=VERTEX_POINT('',#14765);
#5464=VERTEX_POINT('',#14767);
#5465=VERTEX_POINT('',#14769);
#5466=VERTEX_POINT('',#14771);
#5467=VERTEX_POINT('',#14773);
#5468=VERTEX_POINT('',#14776);
#5469=VERTEX_POINT('',#14777);
#5470=VERTEX_POINT('',#14779);
#5471=VERTEX_POINT('',#14781);
#5472=VERTEX_POINT('',#14783);
#5473=VERTEX_POINT('',#14785);
#5474=VERTEX_POINT('',#14787);
#5475=VERTEX_POINT('',#14789);
#5476=VERTEX_POINT('',#14792);
#5477=VERTEX_POINT('',#14793);
#5478=VERTEX_POINT('',#14795);
#5479=VERTEX_POINT('',#14797);
#5480=VERTEX_POINT('',#14799);
#5481=VERTEX_POINT('',#14801);
#5482=VERTEX_POINT('',#14803);
#5483=VERTEX_POINT('',#14805);
#5484=VERTEX_POINT('',#14808);
#5485=VERTEX_POINT('',#14809);
#5486=VERTEX_POINT('',#14811);
#5487=VERTEX_POINT('',#14813);
#5488=VERTEX_POINT('',#14815);
#5489=VERTEX_POINT('',#14817);
#5490=VERTEX_POINT('',#14819);
#5491=VERTEX_POINT('',#14821);
#5492=VERTEX_POINT('',#14824);
#5493=VERTEX_POINT('',#14825);
#5494=VERTEX_POINT('',#14827);
#5495=VERTEX_POINT('',#14829);
#5496=VERTEX_POINT('',#14831);
#5497=VERTEX_POINT('',#14833);
#5498=VERTEX_POINT('',#14835);
#5499=VERTEX_POINT('',#14837);
#5500=VERTEX_POINT('',#14840);
#5501=VERTEX_POINT('',#14841);
#5502=VERTEX_POINT('',#14843);
#5503=VERTEX_POINT('',#14845);
#5504=VERTEX_POINT('',#14847);
#5505=VERTEX_POINT('',#14849);
#5506=VERTEX_POINT('',#14851);
#5507=VERTEX_POINT('',#14853);
#5508=VERTEX_POINT('',#14856);
#5509=VERTEX_POINT('',#14857);
#5510=VERTEX_POINT('',#14859);
#5511=VERTEX_POINT('',#14861);
#5512=VERTEX_POINT('',#14863);
#5513=VERTEX_POINT('',#14865);
#5514=VERTEX_POINT('',#14867);
#5515=VERTEX_POINT('',#14869);
#5516=VERTEX_POINT('',#14872);
#5517=VERTEX_POINT('',#14873);
#5518=VERTEX_POINT('',#14875);
#5519=VERTEX_POINT('',#14877);
#5520=VERTEX_POINT('',#14879);
#5521=VERTEX_POINT('',#14881);
#5522=VERTEX_POINT('',#14883);
#5523=VERTEX_POINT('',#14885);
#5524=VERTEX_POINT('',#14888);
#5525=VERTEX_POINT('',#14889);
#5526=VERTEX_POINT('',#14891);
#5527=VERTEX_POINT('',#14893);
#5528=VERTEX_POINT('',#14895);
#5529=VERTEX_POINT('',#14897);
#5530=VERTEX_POINT('',#14899);
#5531=VERTEX_POINT('',#14901);
#5532=VERTEX_POINT('',#14904);
#5533=VERTEX_POINT('',#14905);
#5534=VERTEX_POINT('',#14907);
#5535=VERTEX_POINT('',#14909);
#5536=VERTEX_POINT('',#14911);
#5537=VERTEX_POINT('',#14913);
#5538=VERTEX_POINT('',#14915);
#5539=VERTEX_POINT('',#14917);
#5540=VERTEX_POINT('',#14920);
#5541=VERTEX_POINT('',#14921);
#5542=VERTEX_POINT('',#14923);
#5543=VERTEX_POINT('',#14925);
#5544=VERTEX_POINT('',#14927);
#5545=VERTEX_POINT('',#14929);
#5546=VERTEX_POINT('',#14931);
#5547=VERTEX_POINT('',#14933);
#5548=VERTEX_POINT('',#14936);
#5549=VERTEX_POINT('',#14937);
#5550=VERTEX_POINT('',#14939);
#5551=VERTEX_POINT('',#14941);
#5552=VERTEX_POINT('',#14943);
#5553=VERTEX_POINT('',#14945);
#5554=VERTEX_POINT('',#14947);
#5555=VERTEX_POINT('',#14949);
#5556=VERTEX_POINT('',#14952);
#5557=VERTEX_POINT('',#14953);
#5558=VERTEX_POINT('',#14955);
#5559=VERTEX_POINT('',#14957);
#5560=VERTEX_POINT('',#14959);
#5561=VERTEX_POINT('',#14961);
#5562=VERTEX_POINT('',#14963);
#5563=VERTEX_POINT('',#14965);
#5564=VERTEX_POINT('',#14968);
#5565=VERTEX_POINT('',#14969);
#5566=VERTEX_POINT('',#14971);
#5567=VERTEX_POINT('',#14973);
#5568=VERTEX_POINT('',#14975);
#5569=VERTEX_POINT('',#14977);
#5570=VERTEX_POINT('',#14979);
#5571=VERTEX_POINT('',#14981);
#5572=VERTEX_POINT('',#14984);
#5573=VERTEX_POINT('',#14985);
#5574=VERTEX_POINT('',#14987);
#5575=VERTEX_POINT('',#14989);
#5576=VERTEX_POINT('',#14991);
#5577=VERTEX_POINT('',#14993);
#5578=VERTEX_POINT('',#14995);
#5579=VERTEX_POINT('',#14997);
#5580=VERTEX_POINT('',#15000);
#5581=VERTEX_POINT('',#15001);
#5582=VERTEX_POINT('',#15003);
#5583=VERTEX_POINT('',#15005);
#5584=VERTEX_POINT('',#15007);
#5585=VERTEX_POINT('',#15009);
#5586=VERTEX_POINT('',#15011);
#5587=VERTEX_POINT('',#15013);
#5588=VERTEX_POINT('',#15016);
#5589=VERTEX_POINT('',#15017);
#5590=VERTEX_POINT('',#15019);
#5591=VERTEX_POINT('',#15021);
#5592=VERTEX_POINT('',#15023);
#5593=VERTEX_POINT('',#15025);
#5594=VERTEX_POINT('',#15027);
#5595=VERTEX_POINT('',#15029);
#5596=VERTEX_POINT('',#15032);
#5597=VERTEX_POINT('',#15034);
#5598=VERTEX_POINT('',#15036);
#5599=VERTEX_POINT('',#15038);
#5600=VERTEX_POINT('',#15040);
#5601=VERTEX_POINT('',#15042);
#5602=VERTEX_POINT('',#15044);
#5603=VERTEX_POINT('',#15045);
#5604=VERTEX_POINT('',#15047);
#5605=VERTEX_POINT('',#15049);
#5606=VERTEX_POINT('',#15052);
#5607=VERTEX_POINT('',#15053);
#5608=VERTEX_POINT('',#15055);
#5609=VERTEX_POINT('',#15057);
#5610=VERTEX_POINT('',#15060);
#5611=VERTEX_POINT('',#15061);
#5612=VERTEX_POINT('',#15063);
#5613=VERTEX_POINT('',#15065);
#5614=VERTEX_POINT('',#15068);
#5615=VERTEX_POINT('',#15069);
#5616=VERTEX_POINT('',#15071);
#5617=VERTEX_POINT('',#15073);
#5618=VERTEX_POINT('',#15077);
#5619=VERTEX_POINT('',#15081);
#5620=VERTEX_POINT('',#15082);
#5621=VERTEX_POINT('',#15087);
#5622=VERTEX_POINT('',#15091);
#5623=VERTEX_POINT('',#15097);
#5624=VERTEX_POINT('',#15098);
#5625=VERTEX_POINT('',#15103);
#5626=VERTEX_POINT('',#15107);
#5627=VERTEX_POINT('',#15113);
#5628=VERTEX_POINT('',#15114);
#5629=VERTEX_POINT('',#15119);
#5630=VERTEX_POINT('',#15123);
#5631=VERTEX_POINT('',#15129);
#5632=VERTEX_POINT('',#15130);
#5633=VERTEX_POINT('',#15135);
#5634=VERTEX_POINT('',#15139);
#5635=VERTEX_POINT('',#15145);
#5636=VERTEX_POINT('',#15146);
#5637=VERTEX_POINT('',#15151);
#5638=VERTEX_POINT('',#15155);
#5639=VERTEX_POINT('',#15158);
#5640=VERTEX_POINT('',#15162);
#5641=VERTEX_POINT('',#15166);
#5642=VERTEX_POINT('',#15170);
#5643=VERTEX_POINT('',#15174);
#5644=VERTEX_POINT('',#15175);
#5645=VERTEX_POINT('',#15182);
#5646=VERTEX_POINT('',#15185);
#5647=VERTEX_POINT('',#15189);
#5648=VERTEX_POINT('',#15193);
#5649=VERTEX_POINT('',#15197);
#5650=VERTEX_POINT('',#15200);
#5651=VERTEX_POINT('',#15204);
#5652=VERTEX_POINT('',#15208);
#5653=VERTEX_POINT('',#15212);
#5654=VERTEX_POINT('',#15216);
#5655=VERTEX_POINT('',#15219);
#5656=VERTEX_POINT('',#15223);
#5657=VERTEX_POINT('',#15227);
#5658=VERTEX_POINT('',#15231);
#5659=VERTEX_POINT('',#15234);
#5660=VERTEX_POINT('',#15237);
#5661=VERTEX_POINT('',#15239);
#5662=VERTEX_POINT('',#15243);
#5663=VERTEX_POINT('',#15247);
#5664=VERTEX_POINT('',#15253);
#5665=VERTEX_POINT('',#15255);
#5666=VERTEX_POINT('',#15259);
#5667=VERTEX_POINT('',#15263);
#5668=VERTEX_POINT('',#15267);
#5669=VERTEX_POINT('',#15271);
#5670=VERTEX_POINT('',#15273);
#5671=VERTEX_POINT('',#15277);
#5672=VERTEX_POINT('',#15278);
#5673=VERTEX_POINT('',#15283);
#5674=VERTEX_POINT('',#15287);
#5675=VERTEX_POINT('',#15291);
#5676=VERTEX_POINT('',#15292);
#5677=VERTEX_POINT('',#15297);
#5678=VERTEX_POINT('',#15301);
#5679=VERTEX_POINT('',#15307);
#5680=VERTEX_POINT('',#15315);
#5681=VERTEX_POINT('',#15321);
#5682=VERTEX_POINT('',#15325);
#5683=VERTEX_POINT('',#15327);
#5684=VERTEX_POINT('',#15329);
#5685=VERTEX_POINT('',#15331);
#5686=VERTEX_POINT('',#15333);
#5687=VERTEX_POINT('',#15335);
#5688=VERTEX_POINT('',#15337);
#5689=VERTEX_POINT('',#15339);
#5690=VERTEX_POINT('',#15342);
#5691=VERTEX_POINT('',#15344);
#5692=VERTEX_POINT('',#15346);
#5693=VERTEX_POINT('',#15349);
#5694=VERTEX_POINT('',#15351);
#5695=VERTEX_POINT('',#15353);
#5696=VERTEX_POINT('',#15356);
#5697=VERTEX_POINT('',#15358);
#5698=VERTEX_POINT('',#15360);
#5699=VERTEX_POINT('',#15363);
#5700=VERTEX_POINT('',#15365);
#5701=VERTEX_POINT('',#15367);
#5702=VERTEX_POINT('',#15369);
#5703=VERTEX_POINT('',#15375);
#5704=VERTEX_POINT('',#15376);
#5705=VERTEX_POINT('',#15378);
#5706=VERTEX_POINT('',#15380);
#5707=VERTEX_POINT('',#15382);
#5708=VERTEX_POINT('',#15384);
#5709=VERTEX_POINT('',#15386);
#5710=VERTEX_POINT('',#15388);
#5711=VERTEX_POINT('',#15391);
#5712=VERTEX_POINT('',#15392);
#5713=VERTEX_POINT('',#15394);
#5714=VERTEX_POINT('',#15396);
#5715=VERTEX_POINT('',#15398);
#5716=VERTEX_POINT('',#15400);
#5717=VERTEX_POINT('',#15402);
#5718=VERTEX_POINT('',#15404);
#5719=VERTEX_POINT('',#15407);
#5720=VERTEX_POINT('',#15408);
#5721=VERTEX_POINT('',#15410);
#5722=VERTEX_POINT('',#15412);
#5723=VERTEX_POINT('',#15414);
#5724=VERTEX_POINT('',#15416);
#5725=VERTEX_POINT('',#15418);
#5726=VERTEX_POINT('',#15420);
#5727=VERTEX_POINT('',#15423);
#5728=VERTEX_POINT('',#15424);
#5729=VERTEX_POINT('',#15426);
#5730=VERTEX_POINT('',#15428);
#5731=VERTEX_POINT('',#15430);
#5732=VERTEX_POINT('',#15432);
#5733=VERTEX_POINT('',#15434);
#5734=VERTEX_POINT('',#15436);
#5735=VERTEX_POINT('',#15439);
#5736=VERTEX_POINT('',#15440);
#5737=VERTEX_POINT('',#15442);
#5738=VERTEX_POINT('',#15444);
#5739=VERTEX_POINT('',#15446);
#5740=VERTEX_POINT('',#15448);
#5741=VERTEX_POINT('',#15450);
#5742=VERTEX_POINT('',#15452);
#5743=VERTEX_POINT('',#15455);
#5744=VERTEX_POINT('',#15456);
#5745=VERTEX_POINT('',#15458);
#5746=VERTEX_POINT('',#15460);
#5747=VERTEX_POINT('',#15462);
#5748=VERTEX_POINT('',#15464);
#5749=VERTEX_POINT('',#15466);
#5750=VERTEX_POINT('',#15468);
#5751=VERTEX_POINT('',#15471);
#5752=VERTEX_POINT('',#15472);
#5753=VERTEX_POINT('',#15474);
#5754=VERTEX_POINT('',#15476);
#5755=VERTEX_POINT('',#15478);
#5756=VERTEX_POINT('',#15480);
#5757=VERTEX_POINT('',#15482);
#5758=VERTEX_POINT('',#15484);
#5759=VERTEX_POINT('',#15487);
#5760=VERTEX_POINT('',#15488);
#5761=VERTEX_POINT('',#15490);
#5762=VERTEX_POINT('',#15492);
#5763=VERTEX_POINT('',#15494);
#5764=VERTEX_POINT('',#15496);
#5765=VERTEX_POINT('',#15498);
#5766=VERTEX_POINT('',#15500);
#5767=VERTEX_POINT('',#15503);
#5768=VERTEX_POINT('',#15504);
#5769=VERTEX_POINT('',#15506);
#5770=VERTEX_POINT('',#15508);
#5771=VERTEX_POINT('',#15510);
#5772=VERTEX_POINT('',#15512);
#5773=VERTEX_POINT('',#15514);
#5774=VERTEX_POINT('',#15516);
#5775=VERTEX_POINT('',#15519);
#5776=VERTEX_POINT('',#15520);
#5777=VERTEX_POINT('',#15522);
#5778=VERTEX_POINT('',#15524);
#5779=VERTEX_POINT('',#15526);
#5780=VERTEX_POINT('',#15528);
#5781=VERTEX_POINT('',#15530);
#5782=VERTEX_POINT('',#15532);
#5783=VERTEX_POINT('',#15535);
#5784=VERTEX_POINT('',#15536);
#5785=VERTEX_POINT('',#15538);
#5786=VERTEX_POINT('',#15540);
#5787=VERTEX_POINT('',#15542);
#5788=VERTEX_POINT('',#15544);
#5789=VERTEX_POINT('',#15546);
#5790=VERTEX_POINT('',#15548);
#5791=VERTEX_POINT('',#15551);
#5792=VERTEX_POINT('',#15552);
#5793=VERTEX_POINT('',#15554);
#5794=VERTEX_POINT('',#15556);
#5795=VERTEX_POINT('',#15558);
#5796=VERTEX_POINT('',#15560);
#5797=VERTEX_POINT('',#15562);
#5798=VERTEX_POINT('',#15564);
#5799=VERTEX_POINT('',#15567);
#5800=VERTEX_POINT('',#15568);
#5801=VERTEX_POINT('',#15570);
#5802=VERTEX_POINT('',#15572);
#5803=VERTEX_POINT('',#15574);
#5804=VERTEX_POINT('',#15576);
#5805=VERTEX_POINT('',#15578);
#5806=VERTEX_POINT('',#15580);
#5807=VERTEX_POINT('',#15583);
#5808=VERTEX_POINT('',#15584);
#5809=VERTEX_POINT('',#15586);
#5810=VERTEX_POINT('',#15588);
#5811=VERTEX_POINT('',#15590);
#5812=VERTEX_POINT('',#15592);
#5813=VERTEX_POINT('',#15594);
#5814=VERTEX_POINT('',#15596);
#5815=VERTEX_POINT('',#15599);
#5816=VERTEX_POINT('',#15600);
#5817=VERTEX_POINT('',#15602);
#5818=VERTEX_POINT('',#15604);
#5819=VERTEX_POINT('',#15606);
#5820=VERTEX_POINT('',#15608);
#5821=VERTEX_POINT('',#15610);
#5822=VERTEX_POINT('',#15612);
#5823=VERTEX_POINT('',#15615);
#5824=VERTEX_POINT('',#15616);
#5825=VERTEX_POINT('',#15618);
#5826=VERTEX_POINT('',#15620);
#5827=VERTEX_POINT('',#15622);
#5828=VERTEX_POINT('',#15624);
#5829=VERTEX_POINT('',#15626);
#5830=VERTEX_POINT('',#15628);
#5831=VERTEX_POINT('',#15631);
#5832=VERTEX_POINT('',#15632);
#5833=VERTEX_POINT('',#15634);
#5834=VERTEX_POINT('',#15636);
#5835=VERTEX_POINT('',#15638);
#5836=VERTEX_POINT('',#15640);
#5837=VERTEX_POINT('',#15642);
#5838=VERTEX_POINT('',#15644);
#5839=VERTEX_POINT('',#15647);
#5840=VERTEX_POINT('',#15648);
#5841=VERTEX_POINT('',#15650);
#5842=VERTEX_POINT('',#15652);
#5843=VERTEX_POINT('',#15654);
#5844=VERTEX_POINT('',#15656);
#5845=VERTEX_POINT('',#15658);
#5846=VERTEX_POINT('',#15660);
#5847=VERTEX_POINT('',#15663);
#5848=VERTEX_POINT('',#15664);
#5849=VERTEX_POINT('',#15666);
#5850=VERTEX_POINT('',#15668);
#5851=VERTEX_POINT('',#15670);
#5852=VERTEX_POINT('',#15672);
#5853=VERTEX_POINT('',#15674);
#5854=VERTEX_POINT('',#15676);
#5855=VERTEX_POINT('',#15679);
#5856=VERTEX_POINT('',#15680);
#5857=VERTEX_POINT('',#15682);
#5858=VERTEX_POINT('',#15684);
#5859=VERTEX_POINT('',#15686);
#5860=VERTEX_POINT('',#15688);
#5861=VERTEX_POINT('',#15690);
#5862=VERTEX_POINT('',#15692);
#5863=VERTEX_POINT('',#15695);
#5864=VERTEX_POINT('',#15696);
#5865=VERTEX_POINT('',#15698);
#5866=VERTEX_POINT('',#15700);
#5867=VERTEX_POINT('',#15702);
#5868=VERTEX_POINT('',#15704);
#5869=VERTEX_POINT('',#15706);
#5870=VERTEX_POINT('',#15708);
#5871=VERTEX_POINT('',#15711);
#5872=VERTEX_POINT('',#15712);
#5873=VERTEX_POINT('',#15714);
#5874=VERTEX_POINT('',#15716);
#5875=VERTEX_POINT('',#15718);
#5876=VERTEX_POINT('',#15720);
#5877=VERTEX_POINT('',#15722);
#5878=VERTEX_POINT('',#15724);
#5879=VERTEX_POINT('',#15727);
#5880=VERTEX_POINT('',#15728);
#5881=VERTEX_POINT('',#15730);
#5882=VERTEX_POINT('',#15732);
#5883=VERTEX_POINT('',#15734);
#5884=VERTEX_POINT('',#15736);
#5885=VERTEX_POINT('',#15738);
#5886=VERTEX_POINT('',#15740);
#5887=VERTEX_POINT('',#15742);
#5888=VERTEX_POINT('',#15744);
#5889=VERTEX_POINT('',#15746);
#5890=VERTEX_POINT('',#15748);
#5891=VERTEX_POINT('',#15751);
#5892=VERTEX_POINT('',#15752);
#5893=VERTEX_POINT('',#15754);
#5894=VERTEX_POINT('',#15756);
#5895=VERTEX_POINT('',#15758);
#5896=VERTEX_POINT('',#15760);
#5897=VERTEX_POINT('',#15762);
#5898=VERTEX_POINT('',#15764);
#5899=VERTEX_POINT('',#15767);
#5900=VERTEX_POINT('',#15768);
#5901=VERTEX_POINT('',#15770);
#5902=VERTEX_POINT('',#15772);
#5903=VERTEX_POINT('',#15774);
#5904=VERTEX_POINT('',#15776);
#5905=VERTEX_POINT('',#15778);
#5906=VERTEX_POINT('',#15780);
#5907=VERTEX_POINT('',#15783);
#5908=VERTEX_POINT('',#15784);
#5909=VERTEX_POINT('',#15786);
#5910=VERTEX_POINT('',#15788);
#5911=VERTEX_POINT('',#15790);
#5912=VERTEX_POINT('',#15792);
#5913=VERTEX_POINT('',#15794);
#5914=VERTEX_POINT('',#15796);
#5915=VERTEX_POINT('',#15799);
#5916=VERTEX_POINT('',#15800);
#5917=VERTEX_POINT('',#15802);
#5918=VERTEX_POINT('',#15804);
#5919=VERTEX_POINT('',#15806);
#5920=VERTEX_POINT('',#15808);
#5921=VERTEX_POINT('',#15810);
#5922=VERTEX_POINT('',#15812);
#5923=VERTEX_POINT('',#15815);
#5924=VERTEX_POINT('',#15816);
#5925=VERTEX_POINT('',#15818);
#5926=VERTEX_POINT('',#15820);
#5927=VERTEX_POINT('',#15822);
#5928=VERTEX_POINT('',#15824);
#5929=VERTEX_POINT('',#15826);
#5930=VERTEX_POINT('',#15828);
#5931=VERTEX_POINT('',#15831);
#5932=VERTEX_POINT('',#15832);
#5933=VERTEX_POINT('',#15834);
#5934=VERTEX_POINT('',#15836);
#5935=VERTEX_POINT('',#15838);
#5936=VERTEX_POINT('',#15840);
#5937=VERTEX_POINT('',#15842);
#5938=VERTEX_POINT('',#15844);
#5939=VERTEX_POINT('',#15846);
#5940=VERTEX_POINT('',#15848);
#5941=VERTEX_POINT('',#15850);
#5942=VERTEX_POINT('',#15852);
#5943=VERTEX_POINT('',#15855);
#5944=VERTEX_POINT('',#15856);
#5945=VERTEX_POINT('',#15858);
#5946=VERTEX_POINT('',#15860);
#5947=VERTEX_POINT('',#15862);
#5948=VERTEX_POINT('',#15864);
#5949=VERTEX_POINT('',#15866);
#5950=VERTEX_POINT('',#15868);
#5951=VERTEX_POINT('',#15871);
#5952=VERTEX_POINT('',#15872);
#5953=VERTEX_POINT('',#15874);
#5954=VERTEX_POINT('',#15876);
#5955=VERTEX_POINT('',#15878);
#5956=VERTEX_POINT('',#15880);
#5957=VERTEX_POINT('',#15882);
#5958=VERTEX_POINT('',#15884);
#5959=VERTEX_POINT('',#15887);
#5960=VERTEX_POINT('',#15888);
#5961=VERTEX_POINT('',#15890);
#5962=VERTEX_POINT('',#15892);
#5963=VERTEX_POINT('',#15894);
#5964=VERTEX_POINT('',#15896);
#5965=VERTEX_POINT('',#15898);
#5966=VERTEX_POINT('',#15900);
#5967=VERTEX_POINT('',#15903);
#5968=VERTEX_POINT('',#15904);
#5969=VERTEX_POINT('',#15906);
#5970=VERTEX_POINT('',#15908);
#5971=VERTEX_POINT('',#15910);
#5972=VERTEX_POINT('',#15912);
#5973=VERTEX_POINT('',#15914);
#5974=VERTEX_POINT('',#15916);
#5975=VERTEX_POINT('',#15919);
#5976=VERTEX_POINT('',#15920);
#5977=VERTEX_POINT('',#15922);
#5978=VERTEX_POINT('',#15924);
#5979=VERTEX_POINT('',#15926);
#5980=VERTEX_POINT('',#15928);
#5981=VERTEX_POINT('',#15930);
#5982=VERTEX_POINT('',#15932);
#5983=VERTEX_POINT('',#15935);
#5984=VERTEX_POINT('',#15936);
#5985=VERTEX_POINT('',#15938);
#5986=VERTEX_POINT('',#15940);
#5987=VERTEX_POINT('',#15942);
#5988=VERTEX_POINT('',#15944);
#5989=VERTEX_POINT('',#15946);
#5990=VERTEX_POINT('',#15948);
#5991=VERTEX_POINT('',#15951);
#5992=VERTEX_POINT('',#15952);
#5993=VERTEX_POINT('',#15954);
#5994=VERTEX_POINT('',#15956);
#5995=VERTEX_POINT('',#15958);
#5996=VERTEX_POINT('',#15960);
#5997=VERTEX_POINT('',#15962);
#5998=VERTEX_POINT('',#15964);
#5999=VERTEX_POINT('',#15967);
#6000=VERTEX_POINT('',#15968);
#6001=VERTEX_POINT('',#15970);
#6002=VERTEX_POINT('',#15972);
#6003=VERTEX_POINT('',#15974);
#6004=VERTEX_POINT('',#15976);
#6005=VERTEX_POINT('',#15978);
#6006=VERTEX_POINT('',#15980);
#6007=VERTEX_POINT('',#15983);
#6008=VERTEX_POINT('',#15984);
#6009=VERTEX_POINT('',#15986);
#6010=VERTEX_POINT('',#15988);
#6011=VERTEX_POINT('',#15990);
#6012=VERTEX_POINT('',#15992);
#6013=VERTEX_POINT('',#15994);
#6014=VERTEX_POINT('',#15996);
#6015=VERTEX_POINT('',#15999);
#6016=VERTEX_POINT('',#16000);
#6017=VERTEX_POINT('',#16002);
#6018=VERTEX_POINT('',#16004);
#6019=VERTEX_POINT('',#16006);
#6020=VERTEX_POINT('',#16008);
#6021=VERTEX_POINT('',#16010);
#6022=VERTEX_POINT('',#16012);
#6023=VERTEX_POINT('',#16015);
#6024=VERTEX_POINT('',#16016);
#6025=VERTEX_POINT('',#16018);
#6026=VERTEX_POINT('',#16020);
#6027=VERTEX_POINT('',#16022);
#6028=VERTEX_POINT('',#16024);
#6029=VERTEX_POINT('',#16026);
#6030=VERTEX_POINT('',#16028);
#6031=VERTEX_POINT('',#16030);
#6032=VERTEX_POINT('',#16032);
#6033=VERTEX_POINT('',#16034);
#6034=VERTEX_POINT('',#16036);
#6035=VERTEX_POINT('',#16039);
#6036=VERTEX_POINT('',#16040);
#6037=VERTEX_POINT('',#16042);
#6038=VERTEX_POINT('',#16044);
#6039=VERTEX_POINT('',#16046);
#6040=VERTEX_POINT('',#16048);
#6041=VERTEX_POINT('',#16050);
#6042=VERTEX_POINT('',#16052);
#6043=VERTEX_POINT('',#16055);
#6044=VERTEX_POINT('',#16056);
#6045=VERTEX_POINT('',#16058);
#6046=VERTEX_POINT('',#16060);
#6047=VERTEX_POINT('',#16062);
#6048=VERTEX_POINT('',#16064);
#6049=VERTEX_POINT('',#16066);
#6050=VERTEX_POINT('',#16068);
#6051=VERTEX_POINT('',#16071);
#6052=VERTEX_POINT('',#16072);
#6053=VERTEX_POINT('',#16074);
#6054=VERTEX_POINT('',#16076);
#6055=VERTEX_POINT('',#16078);
#6056=VERTEX_POINT('',#16080);
#6057=VERTEX_POINT('',#16082);
#6058=VERTEX_POINT('',#16084);
#6059=VERTEX_POINT('',#16087);
#6060=VERTEX_POINT('',#16088);
#6061=VERTEX_POINT('',#16090);
#6062=VERTEX_POINT('',#16092);
#6063=VERTEX_POINT('',#16094);
#6064=VERTEX_POINT('',#16096);
#6065=VERTEX_POINT('',#16098);
#6066=VERTEX_POINT('',#16100);
#6067=VERTEX_POINT('',#16103);
#6068=VERTEX_POINT('',#16104);
#6069=VERTEX_POINT('',#16106);
#6070=VERTEX_POINT('',#16108);
#6071=VERTEX_POINT('',#16110);
#6072=VERTEX_POINT('',#16112);
#6073=VERTEX_POINT('',#16114);
#6074=VERTEX_POINT('',#16116);
#6075=VERTEX_POINT('',#16119);
#6076=VERTEX_POINT('',#16120);
#6077=VERTEX_POINT('',#16122);
#6078=VERTEX_POINT('',#16124);
#6079=VERTEX_POINT('',#16126);
#6080=VERTEX_POINT('',#16128);
#6081=VERTEX_POINT('',#16130);
#6082=VERTEX_POINT('',#16132);
#6083=VERTEX_POINT('',#16135);
#6084=VERTEX_POINT('',#16136);
#6085=VERTEX_POINT('',#16138);
#6086=VERTEX_POINT('',#16140);
#6087=VERTEX_POINT('',#16142);
#6088=VERTEX_POINT('',#16144);
#6089=VERTEX_POINT('',#16146);
#6090=VERTEX_POINT('',#16148);
#6091=LINE('',#14025,#7111);
#6092=LINE('',#14028,#7112);
#6093=LINE('',#14030,#7113);
#6094=LINE('',#14032,#7114);
#6095=LINE('',#14034,#7115);
#6096=LINE('',#14037,#7116);
#6097=LINE('',#14039,#7117);
#6098=LINE('',#14041,#7118);
#6099=LINE('',#14043,#7119);
#6100=LINE('',#14045,#7120);
#6101=LINE('',#14048,#7121);
#6102=LINE('',#14050,#7122);
#6103=LINE('',#14052,#7123);
#6104=LINE('',#14054,#7124);
#6105=LINE('',#14056,#7125);
#6106=LINE('',#14059,#7126);
#6107=LINE('',#14061,#7127);
#6108=LINE('',#14063,#7128);
#6109=LINE('',#14065,#7129);
#6110=LINE('',#14068,#7130);
#6111=LINE('',#14070,#7131);
#6112=LINE('',#14072,#7132);
#6113=LINE('',#14074,#7133);
#6114=LINE('',#14077,#7134);
#6115=LINE('',#14079,#7135);
#6116=LINE('',#14081,#7136);
#6117=LINE('',#14083,#7137);
#6118=LINE('',#14086,#7138);
#6119=LINE('',#14088,#7139);
#6120=LINE('',#14090,#7140);
#6121=LINE('',#14092,#7141);
#6122=LINE('',#14094,#7142);
#6123=LINE('',#14096,#7143);
#6124=LINE('',#14098,#7144);
#6125=LINE('',#14100,#7145);
#6126=LINE('',#14102,#7146);
#6127=LINE('',#14104,#7147);
#6128=LINE('',#14106,#7148);
#6129=LINE('',#14108,#7149);
#6130=LINE('',#14110,#7150);
#6131=LINE('',#14112,#7151);
#6132=LINE('',#14114,#7152);
#6133=LINE('',#14116,#7153);
#6134=LINE('',#14118,#7154);
#6135=LINE('',#14120,#7155);
#6136=LINE('',#14122,#7156);
#6137=LINE('',#14124,#7157);
#6138=LINE('',#14126,#7158);
#6139=LINE('',#14128,#7159);
#6140=LINE('',#14130,#7160);
#6141=LINE('',#14132,#7161);
#6142=LINE('',#14134,#7162);
#6143=LINE('',#14138,#7163);
#6144=LINE('',#14140,#7164);
#6145=LINE('',#14142,#7165);
#6146=LINE('',#14146,#7166);
#6147=LINE('',#14148,#7167);
#6148=LINE('',#14152,#7168);
#6149=LINE('',#14154,#7169);
#6150=LINE('',#14158,#7170);
#6151=LINE('',#14160,#7171);
#6152=LINE('',#14162,#7172);
#6153=LINE('',#14166,#7173);
#6154=LINE('',#14168,#7174);
#6155=LINE('',#14172,#7175);
#6156=LINE('',#14174,#7176);
#6157=LINE('',#14176,#7177);
#6158=LINE('',#14178,#7178);
#6159=LINE('',#14180,#7179);
#6160=LINE('',#14182,#7180);
#6161=LINE('',#14184,#7181);
#6162=LINE('',#14186,#7182);
#6163=LINE('',#14187,#7183);
#6164=LINE('',#14189,#7184);
#6165=LINE('',#14190,#7185);
#6166=LINE('',#14194,#7186);
#6167=LINE('',#14198,#7187);
#6168=LINE('',#14199,#7188);
#6169=LINE('',#14203,#7189);
#6170=LINE('',#14207,#7190);
#6171=LINE('',#14210,#7191);
#6172=LINE('',#14214,#7192);
#6173=LINE('',#14217,#7193);
#6174=LINE('',#14221,#7194);
#6175=LINE('',#14224,#7195);
#6176=LINE('',#14226,#7196);
#6177=LINE('',#14228,#7197);
#6178=LINE('',#14232,#7198);
#6179=LINE('',#14236,#7199);
#6180=LINE('',#14239,#7200);
#6181=LINE('',#14242,#7201);
#6182=LINE('',#14244,#7202);
#6183=LINE('',#14246,#7203);
#6184=LINE('',#14247,#7204);
#6185=LINE('',#14250,#7205);
#6186=LINE('',#14252,#7206);
#6187=LINE('',#14254,#7207);
#6188=LINE('',#14258,#7208);
#6189=LINE('',#14262,#7209);
#6190=LINE('',#14266,#7210);
#6191=LINE('',#14270,#7211);
#6192=LINE('',#14274,#7212);
#6193=LINE('',#14278,#7213);
#6194=LINE('',#14282,#7214);
#6195=LINE('',#14286,#7215);
#6196=LINE('',#14290,#7216);
#6197=LINE('',#14294,#7217);
#6198=LINE('',#14298,#7218);
#6199=LINE('',#14302,#7219);
#6200=LINE('',#14306,#7220);
#6201=LINE('',#14310,#7221);
#6202=LINE('',#14314,#7222);
#6203=LINE('',#14318,#7223);
#6204=LINE('',#14322,#7224);
#6205=LINE('',#14326,#7225);
#6206=LINE('',#14330,#7226);
#6207=LINE('',#14334,#7227);
#6208=LINE('',#14338,#7228);
#6209=LINE('',#14342,#7229);
#6210=LINE('',#14346,#7230);
#6211=LINE('',#14350,#7231);
#6212=LINE('',#14354,#7232);
#6213=LINE('',#14358,#7233);
#6214=LINE('',#14362,#7234);
#6215=LINE('',#14366,#7235);
#6216=LINE('',#14370,#7236);
#6217=LINE('',#14374,#7237);
#6218=LINE('',#14378,#7238);
#6219=LINE('',#14382,#7239);
#6220=LINE('',#14386,#7240);
#6221=LINE('',#14390,#7241);
#6222=LINE('',#14394,#7242);
#6223=LINE('',#14398,#7243);
#6224=LINE('',#14402,#7244);
#6225=LINE('',#14406,#7245);
#6226=LINE('',#14410,#7246);
#6227=LINE('',#14414,#7247);
#6228=LINE('',#14418,#7248);
#6229=LINE('',#14422,#7249);
#6230=LINE('',#14426,#7250);
#6231=LINE('',#14430,#7251);
#6232=LINE('',#14434,#7252);
#6233=LINE('',#14438,#7253);
#6234=LINE('',#14442,#7254);
#6235=LINE('',#14446,#7255);
#6236=LINE('',#14450,#7256);
#6237=LINE('',#14454,#7257);
#6238=LINE('',#14458,#7258);
#6239=LINE('',#14462,#7259);
#6240=LINE('',#14466,#7260);
#6241=LINE('',#14470,#7261);
#6242=LINE('',#14474,#7262);
#6243=LINE('',#14478,#7263);
#6244=LINE('',#14482,#7264);
#6245=LINE('',#14486,#7265);
#6246=LINE('',#14490,#7266);
#6247=LINE('',#14494,#7267);
#6248=LINE('',#14498,#7268);
#6249=LINE('',#14502,#7269);
#6250=LINE('',#14506,#7270);
#6251=LINE('',#14510,#7271);
#6252=LINE('',#14514,#7272);
#6253=LINE('',#14518,#7273);
#6254=LINE('',#14522,#7274);
#6255=LINE('',#14526,#7275);
#6256=LINE('',#14530,#7276);
#6257=LINE('',#14534,#7277);
#6258=LINE('',#14538,#7278);
#6259=LINE('',#14542,#7279);
#6260=LINE('',#14546,#7280);
#6261=LINE('',#14550,#7281);
#6262=LINE('',#14554,#7282);
#6263=LINE('',#14558,#7283);
#6264=LINE('',#14562,#7284);
#6265=LINE('',#14566,#7285);
#6266=LINE('',#14570,#7286);
#6267=LINE('',#14574,#7287);
#6268=LINE('',#14578,#7288);
#6269=LINE('',#14582,#7289);
#6270=LINE('',#14586,#7290);
#6271=LINE('',#14590,#7291);
#6272=LINE('',#14594,#7292);
#6273=LINE('',#14598,#7293);
#6274=LINE('',#14602,#7294);
#6275=LINE('',#14606,#7295);
#6276=LINE('',#14610,#7296);
#6277=LINE('',#14614,#7297);
#6278=LINE('',#14618,#7298);
#6279=LINE('',#14622,#7299);
#6280=LINE('',#14626,#7300);
#6281=LINE('',#14630,#7301);
#6282=LINE('',#14634,#7302);
#6283=LINE('',#14638,#7303);
#6284=LINE('',#14642,#7304);
#6285=LINE('',#14646,#7305);
#6286=LINE('',#14650,#7306);
#6287=LINE('',#14654,#7307);
#6288=LINE('',#14658,#7308);
#6289=LINE('',#14662,#7309);
#6290=LINE('',#14666,#7310);
#6291=LINE('',#14670,#7311);
#6292=LINE('',#14674,#7312);
#6293=LINE('',#14678,#7313);
#6294=LINE('',#14682,#7314);
#6295=LINE('',#14686,#7315);
#6296=LINE('',#14690,#7316);
#6297=LINE('',#14694,#7317);
#6298=LINE('',#14698,#7318);
#6299=LINE('',#14702,#7319);
#6300=LINE('',#14706,#7320);
#6301=LINE('',#14710,#7321);
#6302=LINE('',#14714,#7322);
#6303=LINE('',#14718,#7323);
#6304=LINE('',#14722,#7324);
#6305=LINE('',#14726,#7325);
#6306=LINE('',#14730,#7326);
#6307=LINE('',#14734,#7327);
#6308=LINE('',#14738,#7328);
#6309=LINE('',#14742,#7329);
#6310=LINE('',#14746,#7330);
#6311=LINE('',#14750,#7331);
#6312=LINE('',#14754,#7332);
#6313=LINE('',#14758,#7333);
#6314=LINE('',#14762,#7334);
#6315=LINE('',#14766,#7335);
#6316=LINE('',#14770,#7336);
#6317=LINE('',#14774,#7337);
#6318=LINE('',#14778,#7338);
#6319=LINE('',#14782,#7339);
#6320=LINE('',#14786,#7340);
#6321=LINE('',#14790,#7341);
#6322=LINE('',#14794,#7342);
#6323=LINE('',#14798,#7343);
#6324=LINE('',#14802,#7344);
#6325=LINE('',#14806,#7345);
#6326=LINE('',#14810,#7346);
#6327=LINE('',#14814,#7347);
#6328=LINE('',#14818,#7348);
#6329=LINE('',#14822,#7349);
#6330=LINE('',#14826,#7350);
#6331=LINE('',#14830,#7351);
#6332=LINE('',#14834,#7352);
#6333=LINE('',#14838,#7353);
#6334=LINE('',#14842,#7354);
#6335=LINE('',#14846,#7355);
#6336=LINE('',#14850,#7356);
#6337=LINE('',#14854,#7357);
#6338=LINE('',#14858,#7358);
#6339=LINE('',#14862,#7359);
#6340=LINE('',#14866,#7360);
#6341=LINE('',#14870,#7361);
#6342=LINE('',#14874,#7362);
#6343=LINE('',#14878,#7363);
#6344=LINE('',#14882,#7364);
#6345=LINE('',#14886,#7365);
#6346=LINE('',#14890,#7366);
#6347=LINE('',#14894,#7367);
#6348=LINE('',#14898,#7368);
#6349=LINE('',#14902,#7369);
#6350=LINE('',#14906,#7370);
#6351=LINE('',#14910,#7371);
#6352=LINE('',#14914,#7372);
#6353=LINE('',#14918,#7373);
#6354=LINE('',#14922,#7374);
#6355=LINE('',#14926,#7375);
#6356=LINE('',#14930,#7376);
#6357=LINE('',#14934,#7377);
#6358=LINE('',#14938,#7378);
#6359=LINE('',#14942,#7379);
#6360=LINE('',#14946,#7380);
#6361=LINE('',#14950,#7381);
#6362=LINE('',#14954,#7382);
#6363=LINE('',#14958,#7383);
#6364=LINE('',#14962,#7384);
#6365=LINE('',#14966,#7385);
#6366=LINE('',#14967,#7386);
#6367=LINE('',#14972,#7387);
#6368=LINE('',#14976,#7388);
#6369=LINE('',#14980,#7389);
#6370=LINE('',#14986,#7390);
#6371=LINE('',#14990,#7391);
#6372=LINE('',#14994,#7392);
#6373=LINE('',#14998,#7393);
#6374=LINE('',#14999,#7394);
#6375=LINE('',#15004,#7395);
#6376=LINE('',#15008,#7396);
#6377=LINE('',#15012,#7397);
#6378=LINE('',#15018,#7398);
#6379=LINE('',#15022,#7399);
#6380=LINE('',#15026,#7400);
#6381=LINE('',#15030,#7401);
#6382=LINE('',#15046,#7402);
#6383=LINE('',#15050,#7403);
#6384=LINE('',#15054,#7404);
#6385=LINE('',#15058,#7405);
#6386=LINE('',#15059,#7406);
#6387=LINE('',#15064,#7407);
#6388=LINE('',#15070,#7408);
#6389=LINE('',#15074,#7409);
#6390=LINE('',#15076,#7410);
#6391=LINE('',#15078,#7411);
#6392=LINE('',#15083,#7412);
#6393=LINE('',#15084,#7413);
#6394=LINE('',#15086,#7414);
#6395=LINE('',#15088,#7415);
#6396=LINE('',#15092,#7416);
#6397=LINE('',#15094,#7417);
#6398=LINE('',#15096,#7418);
#6399=LINE('',#15099,#7419);
#6400=LINE('',#15100,#7420);
#6401=LINE('',#15104,#7421);
#6402=LINE('',#15106,#7422);
#6403=LINE('',#15108,#7423);
#6404=LINE('',#15115,#7424);
#6405=LINE('',#15116,#7425);
#6406=LINE('',#15118,#7426);
#6407=LINE('',#15120,#7427);
#6408=LINE('',#15124,#7428);
#6409=LINE('',#15126,#7429);
#6410=LINE('',#15131,#7430);
#6411=LINE('',#15132,#7431);
#6412=LINE('',#15134,#7432);
#6413=LINE('',#15136,#7433);
#6414=LINE('',#15140,#7434);
#6415=LINE('',#15142,#7435);
#6416=LINE('',#15147,#7436);
#6417=LINE('',#15148,#7437);
#6418=LINE('',#15150,#7438);
#6419=LINE('',#15152,#7439);
#6420=LINE('',#15157,#7440);
#6421=LINE('',#15159,#7441);
#6422=LINE('',#15161,#7442);
#6423=LINE('',#15163,#7443);
#6424=LINE('',#15165,#7444);
#6425=LINE('',#15167,#7445);
#6426=LINE('',#15169,#7446);
#6427=LINE('',#15171,#7447);
#6428=LINE('',#15176,#7448);
#6429=LINE('',#15177,#7449);
#6430=LINE('',#15179,#7450);
#6431=LINE('',#15184,#7451);
#6432=LINE('',#15186,#7452);
#6433=LINE('',#15188,#7453);
#6434=LINE('',#15190,#7454);
#6435=LINE('',#15192,#7455);
#6436=LINE('',#15194,#7456);
#6437=LINE('',#15201,#7457);
#6438=LINE('',#15203,#7458);
#6439=LINE('',#15205,#7459);
#6440=LINE('',#15207,#7460);
#6441=LINE('',#15209,#7461);
#6442=LINE('',#15211,#7462);
#6443=LINE('',#15213,#7463);
#6444=LINE('',#15220,#7464);
#6445=LINE('',#15222,#7465);
#6446=LINE('',#15224,#7466);
#6447=LINE('',#15226,#7467);
#6448=LINE('',#15228,#7468);
#6449=LINE('',#15236,#7469);
#6450=LINE('',#15238,#7470);
#6451=LINE('',#15240,#7471);
#6452=LINE('',#15242,#7472);
#6453=LINE('',#15244,#7473);
#6454=LINE('',#15246,#7474);
#6455=LINE('',#15248,#7475);
#6456=LINE('',#15250,#7476);
#6457=LINE('',#15252,#7477);
#6458=LINE('',#15254,#7478);
#6459=LINE('',#15256,#7479);
#6460=LINE('',#15258,#7480);
#6461=LINE('',#15260,#7481);
#6462=LINE('',#15262,#7482);
#6463=LINE('',#15264,#7483);
#6464=LINE('',#15266,#7484);
#6465=LINE('',#15268,#7485);
#6466=LINE('',#15270,#7486);
#6467=LINE('',#15272,#7487);
#6468=LINE('',#15274,#7488);
#6469=LINE('',#15276,#7489);
#6470=LINE('',#15279,#7490);
#6471=LINE('',#15280,#7491);
#6472=LINE('',#15282,#7492);
#6473=LINE('',#15284,#7493);
#6474=LINE('',#15286,#7494);
#6475=LINE('',#15288,#7495);
#6476=LINE('',#15290,#7496);
#6477=LINE('',#15293,#7497);
#6478=LINE('',#15294,#7498);
#6479=LINE('',#15296,#7499);
#6480=LINE('',#15298,#7500);
#6481=LINE('',#15300,#7501);
#6482=LINE('',#15302,#7502);
#6483=LINE('',#15304,#7503);
#6484=LINE('',#15306,#7504);
#6485=LINE('',#15308,#7505);
#6486=LINE('',#15310,#7506);
#6487=LINE('',#15312,#7507);
#6488=LINE('',#15314,#7508);
#6489=LINE('',#15316,#7509);
#6490=LINE('',#15318,#7510);
#6491=LINE('',#15320,#7511);
#6492=LINE('',#15322,#7512);
#6493=LINE('',#15326,#7513);
#6494=LINE('',#15330,#7514);
#6495=LINE('',#15334,#7515);
#6496=LINE('',#15336,#7516);
#6497=LINE('',#15338,#7517);
#6498=LINE('',#15341,#7518);
#6499=LINE('',#15345,#7519);
#6500=LINE('',#15348,#7520);
#6501=LINE('',#15352,#7521);
#6502=LINE('',#15355,#7522);
#6503=LINE('',#15359,#7523);
#6504=LINE('',#15362,#7524);
#6505=LINE('',#15366,#7525);
#6506=LINE('',#15370,#7526);
#6507=LINE('',#15371,#7527);
#6508=LINE('',#15377,#7528);
#6509=LINE('',#15381,#7529);
#6510=LINE('',#15385,#7530);
#6511=LINE('',#15389,#7531);
#6512=LINE('',#15390,#7532);
#6513=LINE('',#15395,#7533);
#6514=LINE('',#15399,#7534);
#6515=LINE('',#15403,#7535);
#6516=LINE('',#15409,#7536);
#6517=LINE('',#15413,#7537);
#6518=LINE('',#15417,#7538);
#6519=LINE('',#15421,#7539);
#6520=LINE('',#15422,#7540);
#6521=LINE('',#15427,#7541);
#6522=LINE('',#15431,#7542);
#6523=LINE('',#15435,#7543);
#6524=LINE('',#15441,#7544);
#6525=LINE('',#15445,#7545);
#6526=LINE('',#15449,#7546);
#6527=LINE('',#15453,#7547);
#6528=LINE('',#15457,#7548);
#6529=LINE('',#15461,#7549);
#6530=LINE('',#15465,#7550);
#6531=LINE('',#15469,#7551);
#6532=LINE('',#15473,#7552);
#6533=LINE('',#15477,#7553);
#6534=LINE('',#15481,#7554);
#6535=LINE('',#15485,#7555);
#6536=LINE('',#15489,#7556);
#6537=LINE('',#15493,#7557);
#6538=LINE('',#15497,#7558);
#6539=LINE('',#15501,#7559);
#6540=LINE('',#15505,#7560);
#6541=LINE('',#15509,#7561);
#6542=LINE('',#15513,#7562);
#6543=LINE('',#15517,#7563);
#6544=LINE('',#15521,#7564);
#6545=LINE('',#15525,#7565);
#6546=LINE('',#15529,#7566);
#6547=LINE('',#15533,#7567);
#6548=LINE('',#15537,#7568);
#6549=LINE('',#15541,#7569);
#6550=LINE('',#15545,#7570);
#6551=LINE('',#15549,#7571);
#6552=LINE('',#15553,#7572);
#6553=LINE('',#15557,#7573);
#6554=LINE('',#15561,#7574);
#6555=LINE('',#15565,#7575);
#6556=LINE('',#15569,#7576);
#6557=LINE('',#15573,#7577);
#6558=LINE('',#15577,#7578);
#6559=LINE('',#15581,#7579);
#6560=LINE('',#15585,#7580);
#6561=LINE('',#15589,#7581);
#6562=LINE('',#15593,#7582);
#6563=LINE('',#15597,#7583);
#6564=LINE('',#15601,#7584);
#6565=LINE('',#15605,#7585);
#6566=LINE('',#15609,#7586);
#6567=LINE('',#15613,#7587);
#6568=LINE('',#15617,#7588);
#6569=LINE('',#15621,#7589);
#6570=LINE('',#15625,#7590);
#6571=LINE('',#15629,#7591);
#6572=LINE('',#15633,#7592);
#6573=LINE('',#15637,#7593);
#6574=LINE('',#15641,#7594);
#6575=LINE('',#15645,#7595);
#6576=LINE('',#15649,#7596);
#6577=LINE('',#15653,#7597);
#6578=LINE('',#15657,#7598);
#6579=LINE('',#15661,#7599);
#6580=LINE('',#15665,#7600);
#6581=LINE('',#15669,#7601);
#6582=LINE('',#15673,#7602);
#6583=LINE('',#15677,#7603);
#6584=LINE('',#15681,#7604);
#6585=LINE('',#15685,#7605);
#6586=LINE('',#15689,#7606);
#6587=LINE('',#15693,#7607);
#6588=LINE('',#15697,#7608);
#6589=LINE('',#15701,#7609);
#6590=LINE('',#15705,#7610);
#6591=LINE('',#15709,#7611);
#6592=LINE('',#15713,#7612);
#6593=LINE('',#15717,#7613);
#6594=LINE('',#15721,#7614);
#6595=LINE('',#15725,#7615);
#6596=LINE('',#15729,#7616);
#6597=LINE('',#15733,#7617);
#6598=LINE('',#15737,#7618);
#6599=LINE('',#15741,#7619);
#6600=LINE('',#15745,#7620);
#6601=LINE('',#15749,#7621);
#6602=LINE('',#15753,#7622);
#6603=LINE('',#15757,#7623);
#6604=LINE('',#15761,#7624);
#6605=LINE('',#15765,#7625);
#6606=LINE('',#15769,#7626);
#6607=LINE('',#15773,#7627);
#6608=LINE('',#15777,#7628);
#6609=LINE('',#15781,#7629);
#6610=LINE('',#15785,#7630);
#6611=LINE('',#15789,#7631);
#6612=LINE('',#15793,#7632);
#6613=LINE('',#15797,#7633);
#6614=LINE('',#15801,#7634);
#6615=LINE('',#15805,#7635);
#6616=LINE('',#15809,#7636);
#6617=LINE('',#15813,#7637);
#6618=LINE('',#15817,#7638);
#6619=LINE('',#15821,#7639);
#6620=LINE('',#15825,#7640);
#6621=LINE('',#15829,#7641);
#6622=LINE('',#15833,#7642);
#6623=LINE('',#15837,#7643);
#6624=LINE('',#15841,#7644);
#6625=LINE('',#15845,#7645);
#6626=LINE('',#15849,#7646);
#6627=LINE('',#15853,#7647);
#6628=LINE('',#15857,#7648);
#6629=LINE('',#15861,#7649);
#6630=LINE('',#15865,#7650);
#6631=LINE('',#15869,#7651);
#6632=LINE('',#15873,#7652);
#6633=LINE('',#15877,#7653);
#6634=LINE('',#15881,#7654);
#6635=LINE('',#15885,#7655);
#6636=LINE('',#15889,#7656);
#6637=LINE('',#15893,#7657);
#6638=LINE('',#15897,#7658);
#6639=LINE('',#15901,#7659);
#6640=LINE('',#15905,#7660);
#6641=LINE('',#15909,#7661);
#6642=LINE('',#15913,#7662);
#6643=LINE('',#15917,#7663);
#6644=LINE('',#15921,#7664);
#6645=LINE('',#15925,#7665);
#6646=LINE('',#15929,#7666);
#6647=LINE('',#15933,#7667);
#6648=LINE('',#15937,#7668);
#6649=LINE('',#15941,#7669);
#6650=LINE('',#15945,#7670);
#6651=LINE('',#15949,#7671);
#6652=LINE('',#15953,#7672);
#6653=LINE('',#15957,#7673);
#6654=LINE('',#15961,#7674);
#6655=LINE('',#15965,#7675);
#6656=LINE('',#15969,#7676);
#6657=LINE('',#15973,#7677);
#6658=LINE('',#15977,#7678);
#6659=LINE('',#15981,#7679);
#6660=LINE('',#15985,#7680);
#6661=LINE('',#15989,#7681);
#6662=LINE('',#15993,#7682);
#6663=LINE('',#15997,#7683);
#6664=LINE('',#16001,#7684);
#6665=LINE('',#16005,#7685);
#6666=LINE('',#16009,#7686);
#6667=LINE('',#16013,#7687);
#6668=LINE('',#16017,#7688);
#6669=LINE('',#16021,#7689);
#6670=LINE('',#16025,#7690);
#6671=LINE('',#16029,#7691);
#6672=LINE('',#16033,#7692);
#6673=LINE('',#16037,#7693);
#6674=LINE('',#16041,#7694);
#6675=LINE('',#16045,#7695);
#6676=LINE('',#16049,#7696);
#6677=LINE('',#16053,#7697);
#6678=LINE('',#16057,#7698);
#6679=LINE('',#16061,#7699);
#6680=LINE('',#16065,#7700);
#6681=LINE('',#16069,#7701);
#6682=LINE('',#16073,#7702);
#6683=LINE('',#16077,#7703);
#6684=LINE('',#16081,#7704);
#6685=LINE('',#16085,#7705);
#6686=LINE('',#16089,#7706);
#6687=LINE('',#16093,#7707);
#6688=LINE('',#16097,#7708);
#6689=LINE('',#16101,#7709);
#6690=LINE('',#16105,#7710);
#6691=LINE('',#16109,#7711);
#6692=LINE('',#16113,#7712);
#6693=LINE('',#16117,#7713);
#6694=LINE('',#16121,#7714);
#6695=LINE('',#16125,#7715);
#6696=LINE('',#16129,#7716);
#6697=LINE('',#16133,#7717);
#6698=LINE('',#16137,#7718);
#6699=LINE('',#16141,#7719);
#6700=LINE('',#16145,#7720);
#6701=LINE('',#16149,#7721);
#6702=LINE('',#16151,#7722);
#6703=LINE('',#16152,#7723);
#6704=LINE('',#16154,#7724);
#6705=LINE('',#16157,#7725);
#6706=LINE('',#16160,#7726);
#6707=LINE('',#16161,#7727);
#6708=LINE('',#16163,#7728);
#6709=LINE('',#16165,#7729);
#6710=LINE('',#16167,#7730);
#6711=LINE('',#16169,#7731);
#6712=LINE('',#16171,#7732);
#6713=LINE('',#16173,#7733);
#6714=LINE('',#16176,#7734);
#6715=LINE('',#16177,#7735);
#6716=LINE('',#16179,#7736);
#6717=LINE('',#16181,#7737);
#6718=LINE('',#16183,#7738);
#6719=LINE('',#16185,#7739);
#6720=LINE('',#16187,#7740);
#6721=LINE('',#16189,#7741);
#6722=LINE('',#16192,#7742);
#6723=LINE('',#16193,#7743);
#6724=LINE('',#16195,#7744);
#6725=LINE('',#16197,#7745);
#6726=LINE('',#16199,#7746);
#6727=LINE('',#16201,#7747);
#6728=LINE('',#16203,#7748);
#6729=LINE('',#16205,#7749);
#6730=LINE('',#16208,#7750);
#6731=LINE('',#16209,#7751);
#6732=LINE('',#16211,#7752);
#6733=LINE('',#16213,#7753);
#6734=LINE('',#16215,#7754);
#6735=LINE('',#16217,#7755);
#6736=LINE('',#16219,#7756);
#6737=LINE('',#16221,#7757);
#6738=LINE('',#16224,#7758);
#6739=LINE('',#16226,#7759);
#6740=LINE('',#16228,#7760);
#6741=LINE('',#16230,#7761);
#6742=LINE('',#16232,#7762);
#6743=LINE('',#16234,#7763);
#6744=LINE('',#16236,#7764);
#6745=LINE('',#16238,#7765);
#6746=LINE('',#16241,#7766);
#6747=LINE('',#16242,#7767);
#6748=LINE('',#16244,#7768);
#6749=LINE('',#16246,#7769);
#6750=LINE('',#16248,#7770);
#6751=LINE('',#16250,#7771);
#6752=LINE('',#16252,#7772);
#6753=LINE('',#16254,#7773);
#6754=LINE('',#16257,#7774);
#6755=LINE('',#16258,#7775);
#6756=LINE('',#16260,#7776);
#6757=LINE('',#16262,#7777);
#6758=LINE('',#16264,#7778);
#6759=LINE('',#16266,#7779);
#6760=LINE('',#16268,#7780);
#6761=LINE('',#16270,#7781);
#6762=LINE('',#16273,#7782);
#6763=LINE('',#16274,#7783);
#6764=LINE('',#16276,#7784);
#6765=LINE('',#16278,#7785);
#6766=LINE('',#16280,#7786);
#6767=LINE('',#16282,#7787);
#6768=LINE('',#16284,#7788);
#6769=LINE('',#16286,#7789);
#6770=LINE('',#16289,#7790);
#6771=LINE('',#16290,#7791);
#6772=LINE('',#16292,#7792);
#6773=LINE('',#16294,#7793);
#6774=LINE('',#16296,#7794);
#6775=LINE('',#16298,#7795);
#6776=LINE('',#16300,#7796);
#6777=LINE('',#16302,#7797);
#6778=LINE('',#16305,#7798);
#6779=LINE('',#16306,#7799);
#6780=LINE('',#16308,#7800);
#6781=LINE('',#16310,#7801);
#6782=LINE('',#16312,#7802);
#6783=LINE('',#16314,#7803);
#6784=LINE('',#16316,#7804);
#6785=LINE('',#16318,#7805);
#6786=LINE('',#16321,#7806);
#6787=LINE('',#16322,#7807);
#6788=LINE('',#16325,#7808);
#6789=LINE('',#16328,#7809);
#6790=LINE('',#16329,#7810);
#6791=LINE('',#16331,#7811);
#6792=LINE('',#16333,#7812);
#6793=LINE('',#16335,#7813);
#6794=LINE('',#16337,#7814);
#6795=LINE('',#16339,#7815);
#6796=LINE('',#16341,#7816);
#6797=LINE('',#16344,#7817);
#6798=LINE('',#16345,#7818);
#6799=LINE('',#16347,#7819);
#6800=LINE('',#16349,#7820);
#6801=LINE('',#16351,#7821);
#6802=LINE('',#16353,#7822);
#6803=LINE('',#16355,#7823);
#6804=LINE('',#16357,#7824);
#6805=LINE('',#16360,#7825);
#6806=LINE('',#16361,#7826);
#6807=LINE('',#16363,#7827);
#6808=LINE('',#16365,#7828);
#6809=LINE('',#16367,#7829);
#6810=LINE('',#16369,#7830);
#6811=LINE('',#16371,#7831);
#6812=LINE('',#16373,#7832);
#6813=LINE('',#16376,#7833);
#6814=LINE('',#16377,#7834);
#6815=LINE('',#16379,#7835);
#6816=LINE('',#16381,#7836);
#6817=LINE('',#16383,#7837);
#6818=LINE('',#16385,#7838);
#6819=LINE('',#16387,#7839);
#6820=LINE('',#16389,#7840);
#6821=LINE('',#16392,#7841);
#6822=LINE('',#16393,#7842);
#6823=LINE('',#16395,#7843);
#6824=LINE('',#16397,#7844);
#6825=LINE('',#16399,#7845);
#6826=LINE('',#16401,#7846);
#6827=LINE('',#16403,#7847);
#6828=LINE('',#16405,#7848);
#6829=LINE('',#16408,#7849);
#6830=LINE('',#16410,#7850);
#6831=LINE('',#16412,#7851);
#6832=LINE('',#16415,#7852);
#6833=LINE('',#16416,#7853);
#6834=LINE('',#16418,#7854);
#6835=LINE('',#16420,#7855);
#6836=LINE('',#16422,#7856);
#6837=LINE('',#16424,#7857);
#6838=LINE('',#16426,#7858);
#6839=LINE('',#16428,#7859);
#6840=LINE('',#16431,#7860);
#6841=LINE('',#16432,#7861);
#6842=LINE('',#16434,#7862);
#6843=LINE('',#16436,#7863);
#6844=LINE('',#16438,#7864);
#6845=LINE('',#16440,#7865);
#6846=LINE('',#16442,#7866);
#6847=LINE('',#16444,#7867);
#6848=LINE('',#16447,#7868);
#6849=LINE('',#16448,#7869);
#6850=LINE('',#16450,#7870);
#6851=LINE('',#16452,#7871);
#6852=LINE('',#16454,#7872);
#6853=LINE('',#16456,#7873);
#6854=LINE('',#16458,#7874);
#6855=LINE('',#16460,#7875);
#6856=LINE('',#16463,#7876);
#6857=LINE('',#16464,#7877);
#6858=LINE('',#16466,#7878);
#6859=LINE('',#16468,#7879);
#6860=LINE('',#16470,#7880);
#6861=LINE('',#16472,#7881);
#6862=LINE('',#16474,#7882);
#6863=LINE('',#16476,#7883);
#6864=LINE('',#16479,#7884);
#6865=LINE('',#16480,#7885);
#6866=LINE('',#16482,#7886);
#6867=LINE('',#16484,#7887);
#6868=LINE('',#16486,#7888);
#6869=LINE('',#16488,#7889);
#6870=LINE('',#16490,#7890);
#6871=LINE('',#16492,#7891);
#6872=LINE('',#16495,#7892);
#6873=LINE('',#16496,#7893);
#6874=LINE('',#16498,#7894);
#6875=LINE('',#16500,#7895);
#6876=LINE('',#16502,#7896);
#6877=LINE('',#16504,#7897);
#6878=LINE('',#16506,#7898);
#6879=LINE('',#16508,#7899);
#6880=LINE('',#16511,#7900);
#6881=LINE('',#16512,#7901);
#6882=LINE('',#16514,#7902);
#6883=LINE('',#16516,#7903);
#6884=LINE('',#16518,#7904);
#6885=LINE('',#16520,#7905);
#6886=LINE('',#16522,#7906);
#6887=LINE('',#16524,#7907);
#6888=LINE('',#16527,#7908);
#6889=LINE('',#16528,#7909);
#6890=LINE('',#16530,#7910);
#6891=LINE('',#16532,#7911);
#6892=LINE('',#16534,#7912);
#6893=LINE('',#16536,#7913);
#6894=LINE('',#16538,#7914);
#6895=LINE('',#16540,#7915);
#6896=LINE('',#16543,#7916);
#6897=LINE('',#16544,#7917);
#6898=LINE('',#16547,#7918);
#6899=LINE('',#16550,#7919);
#6900=LINE('',#16551,#7920);
#6901=LINE('',#16553,#7921);
#6902=LINE('',#16555,#7922);
#6903=LINE('',#16557,#7923);
#6904=LINE('',#16559,#7924);
#6905=LINE('',#16561,#7925);
#6906=LINE('',#16563,#7926);
#6907=LINE('',#16565,#7927);
#6908=LINE('',#16567,#7928);
#6909=LINE('',#16569,#7929);
#6910=LINE('',#16571,#7930);
#6911=LINE('',#16574,#7931);
#6912=LINE('',#16575,#7932);
#6913=LINE('',#16577,#7933);
#6914=LINE('',#16579,#7934);
#6915=LINE('',#16581,#7935);
#6916=LINE('',#16583,#7936);
#6917=LINE('',#16585,#7937);
#6918=LINE('',#16587,#7938);
#6919=LINE('',#16590,#7939);
#6920=LINE('',#16591,#7940);
#6921=LINE('',#16593,#7941);
#6922=LINE('',#16595,#7942);
#6923=LINE('',#16597,#7943);
#6924=LINE('',#16599,#7944);
#6925=LINE('',#16601,#7945);
#6926=LINE('',#16603,#7946);
#6927=LINE('',#16606,#7947);
#6928=LINE('',#16607,#7948);
#6929=LINE('',#16609,#7949);
#6930=LINE('',#16611,#7950);
#6931=LINE('',#16613,#7951);
#6932=LINE('',#16615,#7952);
#6933=LINE('',#16617,#7953);
#6934=LINE('',#16619,#7954);
#6935=LINE('',#16622,#7955);
#6936=LINE('',#16623,#7956);
#6937=LINE('',#16625,#7957);
#6938=LINE('',#16627,#7958);
#6939=LINE('',#16629,#7959);
#6940=LINE('',#16631,#7960);
#6941=LINE('',#16633,#7961);
#6942=LINE('',#16635,#7962);
#6943=LINE('',#16638,#7963);
#6944=LINE('',#16639,#7964);
#6945=LINE('',#16641,#7965);
#6946=LINE('',#16643,#7966);
#6947=LINE('',#16645,#7967);
#6948=LINE('',#16647,#7968);
#6949=LINE('',#16649,#7969);
#6950=LINE('',#16651,#7970);
#6951=LINE('',#16654,#7971);
#6952=LINE('',#16655,#7972);
#6953=LINE('',#16657,#7973);
#6954=LINE('',#16659,#7974);
#6955=LINE('',#16661,#7975);
#6956=LINE('',#16663,#7976);
#6957=LINE('',#16665,#7977);
#6958=LINE('',#16667,#7978);
#6959=LINE('',#16669,#7979);
#6960=LINE('',#16671,#7980);
#6961=LINE('',#16673,#7981);
#6962=LINE('',#16675,#7982);
#6963=LINE('',#16678,#7983);
#6964=LINE('',#16679,#7984);
#6965=LINE('',#16681,#7985);
#6966=LINE('',#16683,#7986);
#6967=LINE('',#16685,#7987);
#6968=LINE('',#16687,#7988);
#6969=LINE('',#16689,#7989);
#6970=LINE('',#16691,#7990);
#6971=LINE('',#16694,#7991);
#6972=LINE('',#16695,#7992);
#6973=LINE('',#16697,#7993);
#6974=LINE('',#16699,#7994);
#6975=LINE('',#16701,#7995);
#6976=LINE('',#16703,#7996);
#6977=LINE('',#16705,#7997);
#6978=LINE('',#16707,#7998);
#6979=LINE('',#16710,#7999);
#6980=LINE('',#16711,#8000);
#6981=LINE('',#16713,#8001);
#6982=LINE('',#16715,#8002);
#6983=LINE('',#16717,#8003);
#6984=LINE('',#16719,#8004);
#6985=LINE('',#16721,#8005);
#6986=LINE('',#16723,#8006);
#6987=LINE('',#16726,#8007);
#6988=LINE('',#16727,#8008);
#6989=LINE('',#16729,#8009);
#6990=LINE('',#16731,#8010);
#6991=LINE('',#16733,#8011);
#6992=LINE('',#16735,#8012);
#6993=LINE('',#16737,#8013);
#6994=LINE('',#16739,#8014);
#6995=LINE('',#16742,#8015);
#6996=LINE('',#16743,#8016);
#6997=LINE('',#16745,#8017);
#6998=LINE('',#16747,#8018);
#6999=LINE('',#16749,#8019);
#7000=LINE('',#16751,#8020);
#7001=LINE('',#16753,#8021);
#7002=LINE('',#16755,#8022);
#7003=LINE('',#16758,#8023);
#7004=LINE('',#16759,#8024);
#7005=LINE('',#16761,#8025);
#7006=LINE('',#16763,#8026);
#7007=LINE('',#16765,#8027);
#7008=LINE('',#16767,#8028);
#7009=LINE('',#16769,#8029);
#7010=LINE('',#16771,#8030);
#7011=LINE('',#16774,#8031);
#7012=LINE('',#16775,#8032);
#7013=LINE('',#16777,#8033);
#7014=LINE('',#16779,#8034);
#7015=LINE('',#16781,#8035);
#7016=LINE('',#16783,#8036);
#7017=LINE('',#16785,#8037);
#7018=LINE('',#16787,#8038);
#7019=LINE('',#16790,#8039);
#7020=LINE('',#16791,#8040);
#7021=LINE('',#16793,#8041);
#7022=LINE('',#16795,#8042);
#7023=LINE('',#16797,#8043);
#7024=LINE('',#16799,#8044);
#7025=LINE('',#16801,#8045);
#7026=LINE('',#16803,#8046);
#7027=LINE('',#16806,#8047);
#7028=LINE('',#16807,#8048);
#7029=LINE('',#16809,#8049);
#7030=LINE('',#16811,#8050);
#7031=LINE('',#16813,#8051);
#7032=LINE('',#16815,#8052);
#7033=LINE('',#16817,#8053);
#7034=LINE('',#16819,#8054);
#7035=LINE('',#16822,#8055);
#7036=LINE('',#16823,#8056);
#7037=LINE('',#16825,#8057);
#7038=LINE('',#16827,#8058);
#7039=LINE('',#16829,#8059);
#7040=LINE('',#16831,#8060);
#7041=LINE('',#16833,#8061);
#7042=LINE('',#16835,#8062);
#7043=LINE('',#16838,#8063);
#7044=LINE('',#16839,#8064);
#7045=LINE('',#16841,#8065);
#7046=LINE('',#16843,#8066);
#7047=LINE('',#16845,#8067);
#7048=LINE('',#16847,#8068);
#7049=LINE('',#16849,#8069);
#7050=LINE('',#16851,#8070);
#7051=LINE('',#16853,#8071);
#7052=LINE('',#16855,#8072);
#7053=LINE('',#16857,#8073);
#7054=LINE('',#16859,#8074);
#7055=LINE('',#16862,#8075);
#7056=LINE('',#16863,#8076);
#7057=LINE('',#16865,#8077);
#7058=LINE('',#16867,#8078);
#7059=LINE('',#16869,#8079);
#7060=LINE('',#16871,#8080);
#7061=LINE('',#16873,#8081);
#7062=LINE('',#16875,#8082);
#7063=LINE('',#16878,#8083);
#7064=LINE('',#16879,#8084);
#7065=LINE('',#16881,#8085);
#7066=LINE('',#16883,#8086);
#7067=LINE('',#16885,#8087);
#7068=LINE('',#16887,#8088);
#7069=LINE('',#16889,#8089);
#7070=LINE('',#16891,#8090);
#7071=LINE('',#16894,#8091);
#7072=LINE('',#16895,#8092);
#7073=LINE('',#16897,#8093);
#7074=LINE('',#16899,#8094);
#7075=LINE('',#16901,#8095);
#7076=LINE('',#16903,#8096);
#7077=LINE('',#16905,#8097);
#7078=LINE('',#16907,#8098);
#7079=LINE('',#16910,#8099);
#7080=LINE('',#16911,#8100);
#7081=LINE('',#16913,#8101);
#7082=LINE('',#16915,#8102);
#7083=LINE('',#16917,#8103);
#7084=LINE('',#16919,#8104);
#7085=LINE('',#16921,#8105);
#7086=LINE('',#16923,#8106);
#7087=LINE('',#16926,#8107);
#7088=LINE('',#16927,#8108);
#7089=LINE('',#16929,#8109);
#7090=LINE('',#16931,#8110);
#7091=LINE('',#16933,#8111);
#7092=LINE('',#16935,#8112);
#7093=LINE('',#16937,#8113);
#7094=LINE('',#16939,#8114);
#7095=LINE('',#16942,#8115);
#7096=LINE('',#16943,#8116);
#7097=LINE('',#16945,#8117);
#7098=LINE('',#16947,#8118);
#7099=LINE('',#16949,#8119);
#7100=LINE('',#16951,#8120);
#7101=LINE('',#16953,#8121);
#7102=LINE('',#16955,#8122);
#7103=LINE('',#16958,#8123);
#7104=LINE('',#16959,#8124);
#7105=LINE('',#16961,#8125);
#7106=LINE('',#16963,#8126);
#7107=LINE('',#16965,#8127);
#7108=LINE('',#16967,#8128);
#7109=LINE('',#16969,#8129);
#7110=LINE('',#16971,#8130);
#7111=VECTOR('',#11109,1.);
#7112=VECTOR('',#11110,1.);
#7113=VECTOR('',#11111,1.);
#7114=VECTOR('',#11112,1.);
#7115=VECTOR('',#11115,1.);
#7116=VECTOR('',#11116,1.);
#7117=VECTOR('',#11117,1.);
#7118=VECTOR('',#11118,1.);
#7119=VECTOR('',#11119,1.);
#7120=VECTOR('',#11122,1.);
#7121=VECTOR('',#11123,1.);
#7122=VECTOR('',#11124,1.);
#7123=VECTOR('',#11125,1.);
#7124=VECTOR('',#11126,1.);
#7125=VECTOR('',#11129,1.);
#7126=VECTOR('',#11130,1.);
#7127=VECTOR('',#11131,1.);
#7128=VECTOR('',#11132,1.);
#7129=VECTOR('',#11135,1.);
#7130=VECTOR('',#11136,1.);
#7131=VECTOR('',#11137,1.);
#7132=VECTOR('',#11138,1.);
#7133=VECTOR('',#11141,1.);
#7134=VECTOR('',#11142,1.);
#7135=VECTOR('',#11143,1.);
#7136=VECTOR('',#11144,1.);
#7137=VECTOR('',#11147,1.);
#7138=VECTOR('',#11148,1.);
#7139=VECTOR('',#11149,1.);
#7140=VECTOR('',#11150,1.);
#7141=VECTOR('',#11153,1.);
#7142=VECTOR('',#11154,1.);
#7143=VECTOR('',#11155,1.);
#7144=VECTOR('',#11158,1.);
#7145=VECTOR('',#11159,1.);
#7146=VECTOR('',#11160,1.);
#7147=VECTOR('',#11163,1.);
#7148=VECTOR('',#11164,1.);
#7149=VECTOR('',#11165,1.);
#7150=VECTOR('',#11168,1.);
#7151=VECTOR('',#11169,1.);
#7152=VECTOR('',#11172,1.);
#7153=VECTOR('',#11173,1.);
#7154=VECTOR('',#11174,1.);
#7155=VECTOR('',#11177,1.);
#7156=VECTOR('',#11178,1.);
#7157=VECTOR('',#11179,1.);
#7158=VECTOR('',#11182,1.);
#7159=VECTOR('',#11183,1.);
#7160=VECTOR('',#11184,1.);
#7161=VECTOR('',#11187,1.);
#7162=VECTOR('',#11188,1.);
#7163=VECTOR('',#11191,1.);
#7164=VECTOR('',#11192,1.);
#7165=VECTOR('',#11193,1.);
#7166=VECTOR('',#11196,1.);
#7167=VECTOR('',#11197,1.);
#7168=VECTOR('',#11200,1.);
#7169=VECTOR('',#11201,1.);
#7170=VECTOR('',#11204,1.);
#7171=VECTOR('',#11205,1.);
#7172=VECTOR('',#11206,1.);
#7173=VECTOR('',#11209,1.);
#7174=VECTOR('',#11210,1.);
#7175=VECTOR('',#11213,1.);
#7176=VECTOR('',#11214,1.);
#7177=VECTOR('',#11215,1.);
#7178=VECTOR('',#11216,1.);
#7179=VECTOR('',#11217,1.);
#7180=VECTOR('',#11218,1.);
#7181=VECTOR('',#11219,1.);
#7182=VECTOR('',#11220,1.);
#7183=VECTOR('',#11221,1.);
#7184=VECTOR('',#11222,1.);
#7185=VECTOR('',#11223,1.);
#7186=VECTOR('',#11226,1.);
#7187=VECTOR('',#11229,1.);
#7188=VECTOR('',#11230,1.);
#7189=VECTOR('',#11233,1.);
#7190=VECTOR('',#11236,1.);
#7191=VECTOR('',#11239,1.);
#7192=VECTOR('',#11242,1.);
#7193=VECTOR('',#11245,1.);
#7194=VECTOR('',#11248,1.);
#7195=VECTOR('',#11251,1.);
#7196=VECTOR('',#11252,1.);
#7197=VECTOR('',#11253,1.);
#7198=VECTOR('',#11256,1.);
#7199=VECTOR('',#11259,1.);
#7200=VECTOR('',#11262,1.);
#7201=VECTOR('',#11263,1.);
#7202=VECTOR('',#11264,1.);
#7203=VECTOR('',#11265,1.);
#7204=VECTOR('',#11266,1.);
#7205=VECTOR('',#11267,1.);
#7206=VECTOR('',#11268,1.);
#7207=VECTOR('',#11269,1.);
#7208=VECTOR('',#11272,1.);
#7209=VECTOR('',#11275,1.);
#7210=VECTOR('',#11278,1.);
#7211=VECTOR('',#11281,1.);
#7212=VECTOR('',#11284,1.);
#7213=VECTOR('',#11287,1.);
#7214=VECTOR('',#11290,1.);
#7215=VECTOR('',#11293,1.);
#7216=VECTOR('',#11296,1.);
#7217=VECTOR('',#11299,1.);
#7218=VECTOR('',#11302,1.);
#7219=VECTOR('',#11305,1.);
#7220=VECTOR('',#11308,1.);
#7221=VECTOR('',#11311,1.);
#7222=VECTOR('',#11314,1.);
#7223=VECTOR('',#11317,1.);
#7224=VECTOR('',#11320,1.);
#7225=VECTOR('',#11323,1.);
#7226=VECTOR('',#11326,1.);
#7227=VECTOR('',#11329,1.);
#7228=VECTOR('',#11332,1.);
#7229=VECTOR('',#11335,1.);
#7230=VECTOR('',#11338,1.);
#7231=VECTOR('',#11341,1.);
#7232=VECTOR('',#11344,1.);
#7233=VECTOR('',#11347,1.);
#7234=VECTOR('',#11350,1.);
#7235=VECTOR('',#11353,1.);
#7236=VECTOR('',#11356,1.);
#7237=VECTOR('',#11359,1.);
#7238=VECTOR('',#11362,1.);
#7239=VECTOR('',#11365,1.);
#7240=VECTOR('',#11368,1.);
#7241=VECTOR('',#11371,1.);
#7242=VECTOR('',#11374,1.);
#7243=VECTOR('',#11377,1.);
#7244=VECTOR('',#11380,1.);
#7245=VECTOR('',#11383,1.);
#7246=VECTOR('',#11386,1.);
#7247=VECTOR('',#11389,1.);
#7248=VECTOR('',#11392,1.);
#7249=VECTOR('',#11395,1.);
#7250=VECTOR('',#11398,1.);
#7251=VECTOR('',#11401,1.);
#7252=VECTOR('',#11404,1.);
#7253=VECTOR('',#11407,1.);
#7254=VECTOR('',#11410,1.);
#7255=VECTOR('',#11413,1.);
#7256=VECTOR('',#11416,1.);
#7257=VECTOR('',#11419,1.);
#7258=VECTOR('',#11422,1.);
#7259=VECTOR('',#11425,1.);
#7260=VECTOR('',#11428,1.);
#7261=VECTOR('',#11431,1.);
#7262=VECTOR('',#11434,1.);
#7263=VECTOR('',#11437,1.);
#7264=VECTOR('',#11440,1.);
#7265=VECTOR('',#11443,1.);
#7266=VECTOR('',#11446,1.);
#7267=VECTOR('',#11449,1.);
#7268=VECTOR('',#11452,1.);
#7269=VECTOR('',#11455,1.);
#7270=VECTOR('',#11458,1.);
#7271=VECTOR('',#11461,1.);
#7272=VECTOR('',#11464,1.);
#7273=VECTOR('',#11467,1.);
#7274=VECTOR('',#11470,1.);
#7275=VECTOR('',#11473,1.);
#7276=VECTOR('',#11476,1.);
#7277=VECTOR('',#11479,1.);
#7278=VECTOR('',#11482,1.);
#7279=VECTOR('',#11485,1.);
#7280=VECTOR('',#11488,1.);
#7281=VECTOR('',#11491,1.);
#7282=VECTOR('',#11494,1.);
#7283=VECTOR('',#11497,1.);
#7284=VECTOR('',#11500,1.);
#7285=VECTOR('',#11503,1.);
#7286=VECTOR('',#11506,1.);
#7287=VECTOR('',#11509,1.);
#7288=VECTOR('',#11512,1.);
#7289=VECTOR('',#11515,1.);
#7290=VECTOR('',#11518,1.);
#7291=VECTOR('',#11521,1.);
#7292=VECTOR('',#11524,1.);
#7293=VECTOR('',#11527,1.);
#7294=VECTOR('',#11530,1.);
#7295=VECTOR('',#11533,1.);
#7296=VECTOR('',#11536,1.);
#7297=VECTOR('',#11539,1.);
#7298=VECTOR('',#11542,1.);
#7299=VECTOR('',#11545,1.);
#7300=VECTOR('',#11548,1.);
#7301=VECTOR('',#11551,1.);
#7302=VECTOR('',#11554,1.);
#7303=VECTOR('',#11557,1.);
#7304=VECTOR('',#11560,1.);
#7305=VECTOR('',#11563,1.);
#7306=VECTOR('',#11566,1.);
#7307=VECTOR('',#11569,1.);
#7308=VECTOR('',#11572,1.);
#7309=VECTOR('',#11575,1.);
#7310=VECTOR('',#11578,1.);
#7311=VECTOR('',#11581,1.);
#7312=VECTOR('',#11584,1.);
#7313=VECTOR('',#11587,1.);
#7314=VECTOR('',#11590,1.);
#7315=VECTOR('',#11593,1.);
#7316=VECTOR('',#11596,1.);
#7317=VECTOR('',#11599,1.);
#7318=VECTOR('',#11602,1.);
#7319=VECTOR('',#11605,1.);
#7320=VECTOR('',#11608,1.);
#7321=VECTOR('',#11611,1.);
#7322=VECTOR('',#11614,1.);
#7323=VECTOR('',#11617,1.);
#7324=VECTOR('',#11620,1.);
#7325=VECTOR('',#11623,1.);
#7326=VECTOR('',#11626,1.);
#7327=VECTOR('',#11629,1.);
#7328=VECTOR('',#11632,1.);
#7329=VECTOR('',#11635,1.);
#7330=VECTOR('',#11638,1.);
#7331=VECTOR('',#11641,1.);
#7332=VECTOR('',#11644,1.);
#7333=VECTOR('',#11647,1.);
#7334=VECTOR('',#11650,1.);
#7335=VECTOR('',#11653,1.);
#7336=VECTOR('',#11656,1.);
#7337=VECTOR('',#11659,1.);
#7338=VECTOR('',#11662,1.);
#7339=VECTOR('',#11665,1.);
#7340=VECTOR('',#11668,1.);
#7341=VECTOR('',#11671,1.);
#7342=VECTOR('',#11674,1.);
#7343=VECTOR('',#11677,1.);
#7344=VECTOR('',#11680,1.);
#7345=VECTOR('',#11683,1.);
#7346=VECTOR('',#11686,1.);
#7347=VECTOR('',#11689,1.);
#7348=VECTOR('',#11692,1.);
#7349=VECTOR('',#11695,1.);
#7350=VECTOR('',#11698,1.);
#7351=VECTOR('',#11701,1.);
#7352=VECTOR('',#11704,1.);
#7353=VECTOR('',#11707,1.);
#7354=VECTOR('',#11710,1.);
#7355=VECTOR('',#11713,1.);
#7356=VECTOR('',#11716,1.);
#7357=VECTOR('',#11719,1.);
#7358=VECTOR('',#11722,1.);
#7359=VECTOR('',#11725,1.);
#7360=VECTOR('',#11728,1.);
#7361=VECTOR('',#11731,1.);
#7362=VECTOR('',#11734,1.);
#7363=VECTOR('',#11737,1.);
#7364=VECTOR('',#11740,1.);
#7365=VECTOR('',#11743,1.);
#7366=VECTOR('',#11746,1.);
#7367=VECTOR('',#11749,1.);
#7368=VECTOR('',#11752,1.);
#7369=VECTOR('',#11755,1.);
#7370=VECTOR('',#11758,1.);
#7371=VECTOR('',#11761,1.);
#7372=VECTOR('',#11764,1.);
#7373=VECTOR('',#11767,1.);
#7374=VECTOR('',#11770,1.);
#7375=VECTOR('',#11773,1.);
#7376=VECTOR('',#11776,1.);
#7377=VECTOR('',#11779,1.);
#7378=VECTOR('',#11782,1.);
#7379=VECTOR('',#11785,1.);
#7380=VECTOR('',#11788,1.);
#7381=VECTOR('',#11791,1.);
#7382=VECTOR('',#11794,1.);
#7383=VECTOR('',#11797,1.);
#7384=VECTOR('',#11800,1.);
#7385=VECTOR('',#11803,1.);
#7386=VECTOR('',#11804,1.);
#7387=VECTOR('',#11807,1.);
#7388=VECTOR('',#11810,1.);
#7389=VECTOR('',#11813,1.);
#7390=VECTOR('',#11818,1.);
#7391=VECTOR('',#11821,1.);
#7392=VECTOR('',#11824,1.);
#7393=VECTOR('',#11827,1.);
#7394=VECTOR('',#11828,1.);
#7395=VECTOR('',#11831,1.);
#7396=VECTOR('',#11834,1.);
#7397=VECTOR('',#11837,1.);
#7398=VECTOR('',#11842,1.);
#7399=VECTOR('',#11845,1.);
#7400=VECTOR('',#11848,1.);
#7401=VECTOR('',#11851,1.);
#7402=VECTOR('',#11866,1.);
#7403=VECTOR('',#11869,1.);
#7404=VECTOR('',#11872,1.);
#7405=VECTOR('',#11875,1.);
#7406=VECTOR('',#11876,1.);
#7407=VECTOR('',#11879,1.);
#7408=VECTOR('',#11884,1.);
#7409=VECTOR('',#11887,1.);
#7410=VECTOR('',#11890,1.);
#7411=VECTOR('',#11891,1.);
#7412=VECTOR('',#11896,1.);
#7413=VECTOR('',#11897,1.);
#7414=VECTOR('',#11900,1.);
#7415=VECTOR('',#11901,1.);
#7416=VECTOR('',#11906,1.);
#7417=VECTOR('',#11909,1.);
#7418=VECTOR('',#11912,1.);
#7419=VECTOR('',#11913,1.);
#7420=VECTOR('',#11914,1.);
#7421=VECTOR('',#11919,1.);
#7422=VECTOR('',#11922,1.);
#7423=VECTOR('',#11923,1.);
#7424=VECTOR('',#11932,1.);
#7425=VECTOR('',#11933,1.);
#7426=VECTOR('',#11936,1.);
#7427=VECTOR('',#11937,1.);
#7428=VECTOR('',#11942,1.);
#7429=VECTOR('',#11945,1.);
#7430=VECTOR('',#11950,1.);
#7431=VECTOR('',#11951,1.);
#7432=VECTOR('',#11954,1.);
#7433=VECTOR('',#11955,1.);
#7434=VECTOR('',#11960,1.);
#7435=VECTOR('',#11963,1.);
#7436=VECTOR('',#11968,1.);
#7437=VECTOR('',#11969,1.);
#7438=VECTOR('',#11972,1.);
#7439=VECTOR('',#11973,1.);
#7440=VECTOR('',#11980,1.);
#7441=VECTOR('',#11981,1.);
#7442=VECTOR('',#11984,1.);
#7443=VECTOR('',#11985,1.);
#7444=VECTOR('',#11988,1.);
#7445=VECTOR('',#11989,1.);
#7446=VECTOR('',#11992,1.);
#7447=VECTOR('',#11993,1.);
#7448=VECTOR('',#11998,1.);
#7449=VECTOR('',#11999,1.);
#7450=VECTOR('',#12002,1.);
#7451=VECTOR('',#12009,1.);
#7452=VECTOR('',#12010,1.);
#7453=VECTOR('',#12013,1.);
#7454=VECTOR('',#12014,1.);
#7455=VECTOR('',#12017,1.);
#7456=VECTOR('',#12018,1.);
#7457=VECTOR('',#12027,1.);
#7458=VECTOR('',#12030,1.);
#7459=VECTOR('',#12031,1.);
#7460=VECTOR('',#12034,1.);
#7461=VECTOR('',#12035,1.);
#7462=VECTOR('',#12038,1.);
#7463=VECTOR('',#12039,1.);
#7464=VECTOR('',#12048,1.);
#7465=VECTOR('',#12051,1.);
#7466=VECTOR('',#12052,1.);
#7467=VECTOR('',#12055,1.);
#7468=VECTOR('',#12056,1.);
#7469=VECTOR('',#12067,1.);
#7470=VECTOR('',#12068,1.);
#7471=VECTOR('',#12069,1.);
#7472=VECTOR('',#12072,1.);
#7473=VECTOR('',#12073,1.);
#7474=VECTOR('',#12076,1.);
#7475=VECTOR('',#12077,1.);
#7476=VECTOR('',#12080,1.);
#7477=VECTOR('',#12083,1.);
#7478=VECTOR('',#12084,1.);
#7479=VECTOR('',#12085,1.);
#7480=VECTOR('',#12088,1.);
#7481=VECTOR('',#12089,1.);
#7482=VECTOR('',#12092,1.);
#7483=VECTOR('',#12093,1.);
#7484=VECTOR('',#12096,1.);
#7485=VECTOR('',#12097,1.);
#7486=VECTOR('',#12100,1.);
#7487=VECTOR('',#12101,1.);
#7488=VECTOR('',#12102,1.);
#7489=VECTOR('',#12105,1.);
#7490=VECTOR('',#12106,1.);
#7491=VECTOR('',#12107,1.);
#7492=VECTOR('',#12110,1.);
#7493=VECTOR('',#12111,1.);
#7494=VECTOR('',#12114,1.);
#7495=VECTOR('',#12115,1.);
#7496=VECTOR('',#12118,1.);
#7497=VECTOR('',#12119,1.);
#7498=VECTOR('',#12120,1.);
#7499=VECTOR('',#12123,1.);
#7500=VECTOR('',#12124,1.);
#7501=VECTOR('',#12127,1.);
#7502=VECTOR('',#12128,1.);
#7503=VECTOR('',#12131,1.);
#7504=VECTOR('',#12134,1.);
#7505=VECTOR('',#12135,1.);
#7506=VECTOR('',#12138,1.);
#7507=VECTOR('',#12141,1.);
#7508=VECTOR('',#12144,1.);
#7509=VECTOR('',#12145,1.);
#7510=VECTOR('',#12148,1.);
#7511=VECTOR('',#12151,1.);
#7512=VECTOR('',#12152,1.);
#7513=VECTOR('',#12157,1.);
#7514=VECTOR('',#12160,1.);
#7515=VECTOR('',#12163,1.);
#7516=VECTOR('',#12164,1.);
#7517=VECTOR('',#12165,1.);
#7518=VECTOR('',#12168,1.);
#7519=VECTOR('',#12171,1.);
#7520=VECTOR('',#12174,1.);
#7521=VECTOR('',#12177,1.);
#7522=VECTOR('',#12180,1.);
#7523=VECTOR('',#12183,1.);
#7524=VECTOR('',#12186,1.);
#7525=VECTOR('',#12189,1.);
#7526=VECTOR('',#12192,1.);
#7527=VECTOR('',#12193,1.);
#7528=VECTOR('',#12200,1.);
#7529=VECTOR('',#12203,1.);
#7530=VECTOR('',#12206,1.);
#7531=VECTOR('',#12209,1.);
#7532=VECTOR('',#12210,1.);
#7533=VECTOR('',#12213,1.);
#7534=VECTOR('',#12216,1.);
#7535=VECTOR('',#12219,1.);
#7536=VECTOR('',#12224,1.);
#7537=VECTOR('',#12227,1.);
#7538=VECTOR('',#12230,1.);
#7539=VECTOR('',#12233,1.);
#7540=VECTOR('',#12234,1.);
#7541=VECTOR('',#12237,1.);
#7542=VECTOR('',#12240,1.);
#7543=VECTOR('',#12243,1.);
#7544=VECTOR('',#12248,1.);
#7545=VECTOR('',#12251,1.);
#7546=VECTOR('',#12254,1.);
#7547=VECTOR('',#12257,1.);
#7548=VECTOR('',#12260,1.);
#7549=VECTOR('',#12263,1.);
#7550=VECTOR('',#12266,1.);
#7551=VECTOR('',#12269,1.);
#7552=VECTOR('',#12272,1.);
#7553=VECTOR('',#12275,1.);
#7554=VECTOR('',#12278,1.);
#7555=VECTOR('',#12281,1.);
#7556=VECTOR('',#12284,1.);
#7557=VECTOR('',#12287,1.);
#7558=VECTOR('',#12290,1.);
#7559=VECTOR('',#12293,1.);
#7560=VECTOR('',#12296,1.);
#7561=VECTOR('',#12299,1.);
#7562=VECTOR('',#12302,1.);
#7563=VECTOR('',#12305,1.);
#7564=VECTOR('',#12308,1.);
#7565=VECTOR('',#12311,1.);
#7566=VECTOR('',#12314,1.);
#7567=VECTOR('',#12317,1.);
#7568=VECTOR('',#12320,1.);
#7569=VECTOR('',#12323,1.);
#7570=VECTOR('',#12326,1.);
#7571=VECTOR('',#12329,1.);
#7572=VECTOR('',#12332,1.);
#7573=VECTOR('',#12335,1.);
#7574=VECTOR('',#12338,1.);
#7575=VECTOR('',#12341,1.);
#7576=VECTOR('',#12344,1.);
#7577=VECTOR('',#12347,1.);
#7578=VECTOR('',#12350,1.);
#7579=VECTOR('',#12353,1.);
#7580=VECTOR('',#12356,1.);
#7581=VECTOR('',#12359,1.);
#7582=VECTOR('',#12362,1.);
#7583=VECTOR('',#12365,1.);
#7584=VECTOR('',#12368,1.);
#7585=VECTOR('',#12371,1.);
#7586=VECTOR('',#12374,1.);
#7587=VECTOR('',#12377,1.);
#7588=VECTOR('',#12380,1.);
#7589=VECTOR('',#12383,1.);
#7590=VECTOR('',#12386,1.);
#7591=VECTOR('',#12389,1.);
#7592=VECTOR('',#12392,1.);
#7593=VECTOR('',#12395,1.);
#7594=VECTOR('',#12398,1.);
#7595=VECTOR('',#12401,1.);
#7596=VECTOR('',#12404,1.);
#7597=VECTOR('',#12407,1.);
#7598=VECTOR('',#12410,1.);
#7599=VECTOR('',#12413,1.);
#7600=VECTOR('',#12416,1.);
#7601=VECTOR('',#12419,1.);
#7602=VECTOR('',#12422,1.);
#7603=VECTOR('',#12425,1.);
#7604=VECTOR('',#12428,1.);
#7605=VECTOR('',#12431,1.);
#7606=VECTOR('',#12434,1.);
#7607=VECTOR('',#12437,1.);
#7608=VECTOR('',#12440,1.);
#7609=VECTOR('',#12443,1.);
#7610=VECTOR('',#12446,1.);
#7611=VECTOR('',#12449,1.);
#7612=VECTOR('',#12452,1.);
#7613=VECTOR('',#12455,1.);
#7614=VECTOR('',#12458,1.);
#7615=VECTOR('',#12461,1.);
#7616=VECTOR('',#12464,1.);
#7617=VECTOR('',#12467,1.);
#7618=VECTOR('',#12470,1.);
#7619=VECTOR('',#12473,1.);
#7620=VECTOR('',#12476,1.);
#7621=VECTOR('',#12479,1.);
#7622=VECTOR('',#12482,1.);
#7623=VECTOR('',#12485,1.);
#7624=VECTOR('',#12488,1.);
#7625=VECTOR('',#12491,1.);
#7626=VECTOR('',#12494,1.);
#7627=VECTOR('',#12497,1.);
#7628=VECTOR('',#12500,1.);
#7629=VECTOR('',#12503,1.);
#7630=VECTOR('',#12506,1.);
#7631=VECTOR('',#12509,1.);
#7632=VECTOR('',#12512,1.);
#7633=VECTOR('',#12515,1.);
#7634=VECTOR('',#12518,1.);
#7635=VECTOR('',#12521,1.);
#7636=VECTOR('',#12524,1.);
#7637=VECTOR('',#12527,1.);
#7638=VECTOR('',#12530,1.);
#7639=VECTOR('',#12533,1.);
#7640=VECTOR('',#12536,1.);
#7641=VECTOR('',#12539,1.);
#7642=VECTOR('',#12542,1.);
#7643=VECTOR('',#12545,1.);
#7644=VECTOR('',#12548,1.);
#7645=VECTOR('',#12551,1.);
#7646=VECTOR('',#12554,1.);
#7647=VECTOR('',#12557,1.);
#7648=VECTOR('',#12560,1.);
#7649=VECTOR('',#12563,1.);
#7650=VECTOR('',#12566,1.);
#7651=VECTOR('',#12569,1.);
#7652=VECTOR('',#12572,1.);
#7653=VECTOR('',#12575,1.);
#7654=VECTOR('',#12578,1.);
#7655=VECTOR('',#12581,1.);
#7656=VECTOR('',#12584,1.);
#7657=VECTOR('',#12587,1.);
#7658=VECTOR('',#12590,1.);
#7659=VECTOR('',#12593,1.);
#7660=VECTOR('',#12596,1.);
#7661=VECTOR('',#12599,1.);
#7662=VECTOR('',#12602,1.);
#7663=VECTOR('',#12605,1.);
#7664=VECTOR('',#12608,1.);
#7665=VECTOR('',#12611,1.);
#7666=VECTOR('',#12614,1.);
#7667=VECTOR('',#12617,1.);
#7668=VECTOR('',#12620,1.);
#7669=VECTOR('',#12623,1.);
#7670=VECTOR('',#12626,1.);
#7671=VECTOR('',#12629,1.);
#7672=VECTOR('',#12632,1.);
#7673=VECTOR('',#12635,1.);
#7674=VECTOR('',#12638,1.);
#7675=VECTOR('',#12641,1.);
#7676=VECTOR('',#12644,1.);
#7677=VECTOR('',#12647,1.);
#7678=VECTOR('',#12650,1.);
#7679=VECTOR('',#12653,1.);
#7680=VECTOR('',#12656,1.);
#7681=VECTOR('',#12659,1.);
#7682=VECTOR('',#12662,1.);
#7683=VECTOR('',#12665,1.);
#7684=VECTOR('',#12668,1.);
#7685=VECTOR('',#12671,1.);
#7686=VECTOR('',#12674,1.);
#7687=VECTOR('',#12677,1.);
#7688=VECTOR('',#12680,1.);
#7689=VECTOR('',#12683,1.);
#7690=VECTOR('',#12686,1.);
#7691=VECTOR('',#12689,1.);
#7692=VECTOR('',#12692,1.);
#7693=VECTOR('',#12695,1.);
#7694=VECTOR('',#12698,1.);
#7695=VECTOR('',#12701,1.);
#7696=VECTOR('',#12704,1.);
#7697=VECTOR('',#12707,1.);
#7698=VECTOR('',#12710,1.);
#7699=VECTOR('',#12713,1.);
#7700=VECTOR('',#12716,1.);
#7701=VECTOR('',#12719,1.);
#7702=VECTOR('',#12722,1.);
#7703=VECTOR('',#12725,1.);
#7704=VECTOR('',#12728,1.);
#7705=VECTOR('',#12731,1.);
#7706=VECTOR('',#12734,1.);
#7707=VECTOR('',#12737,1.);
#7708=VECTOR('',#12740,1.);
#7709=VECTOR('',#12743,1.);
#7710=VECTOR('',#12746,1.);
#7711=VECTOR('',#12749,1.);
#7712=VECTOR('',#12752,1.);
#7713=VECTOR('',#12755,1.);
#7714=VECTOR('',#12758,1.);
#7715=VECTOR('',#12761,1.);
#7716=VECTOR('',#12764,1.);
#7717=VECTOR('',#12767,1.);
#7718=VECTOR('',#12770,1.);
#7719=VECTOR('',#12773,1.);
#7720=VECTOR('',#12776,1.);
#7721=VECTOR('',#12779,1.);
#7722=VECTOR('',#12782,1.);
#7723=VECTOR('',#12783,1.);
#7724=VECTOR('',#12786,1.);
#7725=VECTOR('',#12791,1.);
#7726=VECTOR('',#12796,1.);
#7727=VECTOR('',#12797,1.);
#7728=VECTOR('',#12800,1.);
#7729=VECTOR('',#12803,1.);
#7730=VECTOR('',#12806,1.);
#7731=VECTOR('',#12809,1.);
#7732=VECTOR('',#12812,1.);
#7733=VECTOR('',#12815,1.);
#7734=VECTOR('',#12820,1.);
#7735=VECTOR('',#12821,1.);
#7736=VECTOR('',#12824,1.);
#7737=VECTOR('',#12827,1.);
#7738=VECTOR('',#12830,1.);
#7739=VECTOR('',#12833,1.);
#7740=VECTOR('',#12836,1.);
#7741=VECTOR('',#12839,1.);
#7742=VECTOR('',#12844,1.);
#7743=VECTOR('',#12845,1.);
#7744=VECTOR('',#12848,1.);
#7745=VECTOR('',#12851,1.);
#7746=VECTOR('',#12854,1.);
#7747=VECTOR('',#12857,1.);
#7748=VECTOR('',#12860,1.);
#7749=VECTOR('',#12863,1.);
#7750=VECTOR('',#12868,1.);
#7751=VECTOR('',#12869,1.);
#7752=VECTOR('',#12872,1.);
#7753=VECTOR('',#12875,1.);
#7754=VECTOR('',#12878,1.);
#7755=VECTOR('',#12881,1.);
#7756=VECTOR('',#12884,1.);
#7757=VECTOR('',#12887,1.);
#7758=VECTOR('',#12892,1.);
#7759=VECTOR('',#12895,1.);
#7760=VECTOR('',#12898,1.);
#7761=VECTOR('',#12901,1.);
#7762=VECTOR('',#12904,1.);
#7763=VECTOR('',#12907,1.);
#7764=VECTOR('',#12910,1.);
#7765=VECTOR('',#12913,1.);
#7766=VECTOR('',#12918,1.);
#7767=VECTOR('',#12919,1.);
#7768=VECTOR('',#12922,1.);
#7769=VECTOR('',#12925,1.);
#7770=VECTOR('',#12928,1.);
#7771=VECTOR('',#12931,1.);
#7772=VECTOR('',#12934,1.);
#7773=VECTOR('',#12937,1.);
#7774=VECTOR('',#12942,1.);
#7775=VECTOR('',#12943,1.);
#7776=VECTOR('',#12946,1.);
#7777=VECTOR('',#12949,1.);
#7778=VECTOR('',#12952,1.);
#7779=VECTOR('',#12955,1.);
#7780=VECTOR('',#12958,1.);
#7781=VECTOR('',#12961,1.);
#7782=VECTOR('',#12966,1.);
#7783=VECTOR('',#12967,1.);
#7784=VECTOR('',#12970,1.);
#7785=VECTOR('',#12973,1.);
#7786=VECTOR('',#12976,1.);
#7787=VECTOR('',#12979,1.);
#7788=VECTOR('',#12982,1.);
#7789=VECTOR('',#12985,1.);
#7790=VECTOR('',#12990,1.);
#7791=VECTOR('',#12991,1.);
#7792=VECTOR('',#12994,1.);
#7793=VECTOR('',#12997,1.);
#7794=VECTOR('',#13000,1.);
#7795=VECTOR('',#13003,1.);
#7796=VECTOR('',#13006,1.);
#7797=VECTOR('',#13009,1.);
#7798=VECTOR('',#13014,1.);
#7799=VECTOR('',#13015,1.);
#7800=VECTOR('',#13018,1.);
#7801=VECTOR('',#13021,1.);
#7802=VECTOR('',#13024,1.);
#7803=VECTOR('',#13027,1.);
#7804=VECTOR('',#13030,1.);
#7805=VECTOR('',#13033,1.);
#7806=VECTOR('',#13038,1.);
#7807=VECTOR('',#13039,1.);
#7808=VECTOR('',#13044,1.);
#7809=VECTOR('',#13049,1.);
#7810=VECTOR('',#13050,1.);
#7811=VECTOR('',#13053,1.);
#7812=VECTOR('',#13056,1.);
#7813=VECTOR('',#13059,1.);
#7814=VECTOR('',#13062,1.);
#7815=VECTOR('',#13065,1.);
#7816=VECTOR('',#13068,1.);
#7817=VECTOR('',#13073,1.);
#7818=VECTOR('',#13074,1.);
#7819=VECTOR('',#13077,1.);
#7820=VECTOR('',#13080,1.);
#7821=VECTOR('',#13083,1.);
#7822=VECTOR('',#13086,1.);
#7823=VECTOR('',#13089,1.);
#7824=VECTOR('',#13092,1.);
#7825=VECTOR('',#13097,1.);
#7826=VECTOR('',#13098,1.);
#7827=VECTOR('',#13101,1.);
#7828=VECTOR('',#13104,1.);
#7829=VECTOR('',#13107,1.);
#7830=VECTOR('',#13110,1.);
#7831=VECTOR('',#13113,1.);
#7832=VECTOR('',#13116,1.);
#7833=VECTOR('',#13121,1.);
#7834=VECTOR('',#13122,1.);
#7835=VECTOR('',#13125,1.);
#7836=VECTOR('',#13128,1.);
#7837=VECTOR('',#13131,1.);
#7838=VECTOR('',#13134,1.);
#7839=VECTOR('',#13137,1.);
#7840=VECTOR('',#13140,1.);
#7841=VECTOR('',#13145,1.);
#7842=VECTOR('',#13146,1.);
#7843=VECTOR('',#13149,1.);
#7844=VECTOR('',#13152,1.);
#7845=VECTOR('',#13155,1.);
#7846=VECTOR('',#13158,1.);
#7847=VECTOR('',#13161,1.);
#7848=VECTOR('',#13164,1.);
#7849=VECTOR('',#13169,1.);
#7850=VECTOR('',#13172,1.);
#7851=VECTOR('',#13175,1.);
#7852=VECTOR('',#13180,1.);
#7853=VECTOR('',#13181,1.);
#7854=VECTOR('',#13184,1.);
#7855=VECTOR('',#13187,1.);
#7856=VECTOR('',#13190,1.);
#7857=VECTOR('',#13193,1.);
#7858=VECTOR('',#13196,1.);
#7859=VECTOR('',#13199,1.);
#7860=VECTOR('',#13204,1.);
#7861=VECTOR('',#13205,1.);
#7862=VECTOR('',#13208,1.);
#7863=VECTOR('',#13211,1.);
#7864=VECTOR('',#13214,1.);
#7865=VECTOR('',#13217,1.);
#7866=VECTOR('',#13220,1.);
#7867=VECTOR('',#13223,1.);
#7868=VECTOR('',#13228,1.);
#7869=VECTOR('',#13229,1.);
#7870=VECTOR('',#13232,1.);
#7871=VECTOR('',#13235,1.);
#7872=VECTOR('',#13238,1.);
#7873=VECTOR('',#13241,1.);
#7874=VECTOR('',#13244,1.);
#7875=VECTOR('',#13247,1.);
#7876=VECTOR('',#13252,1.);
#7877=VECTOR('',#13253,1.);
#7878=VECTOR('',#13256,1.);
#7879=VECTOR('',#13259,1.);
#7880=VECTOR('',#13262,1.);
#7881=VECTOR('',#13265,1.);
#7882=VECTOR('',#13268,1.);
#7883=VECTOR('',#13271,1.);
#7884=VECTOR('',#13276,1.);
#7885=VECTOR('',#13277,1.);
#7886=VECTOR('',#13280,1.);
#7887=VECTOR('',#13283,1.);
#7888=VECTOR('',#13286,1.);
#7889=VECTOR('',#13289,1.);
#7890=VECTOR('',#13292,1.);
#7891=VECTOR('',#13295,1.);
#7892=VECTOR('',#13300,1.);
#7893=VECTOR('',#13301,1.);
#7894=VECTOR('',#13304,1.);
#7895=VECTOR('',#13307,1.);
#7896=VECTOR('',#13310,1.);
#7897=VECTOR('',#13313,1.);
#7898=VECTOR('',#13316,1.);
#7899=VECTOR('',#13319,1.);
#7900=VECTOR('',#13324,1.);
#7901=VECTOR('',#13325,1.);
#7902=VECTOR('',#13328,1.);
#7903=VECTOR('',#13331,1.);
#7904=VECTOR('',#13334,1.);
#7905=VECTOR('',#13337,1.);
#7906=VECTOR('',#13340,1.);
#7907=VECTOR('',#13343,1.);
#7908=VECTOR('',#13348,1.);
#7909=VECTOR('',#13349,1.);
#7910=VECTOR('',#13352,1.);
#7911=VECTOR('',#13355,1.);
#7912=VECTOR('',#13358,1.);
#7913=VECTOR('',#13361,1.);
#7914=VECTOR('',#13364,1.);
#7915=VECTOR('',#13367,1.);
#7916=VECTOR('',#13372,1.);
#7917=VECTOR('',#13373,1.);
#7918=VECTOR('',#13378,1.);
#7919=VECTOR('',#13383,1.);
#7920=VECTOR('',#13384,1.);
#7921=VECTOR('',#13387,1.);
#7922=VECTOR('',#13390,1.);
#7923=VECTOR('',#13393,1.);
#7924=VECTOR('',#13396,1.);
#7925=VECTOR('',#13399,1.);
#7926=VECTOR('',#13402,1.);
#7927=VECTOR('',#13405,1.);
#7928=VECTOR('',#13408,1.);
#7929=VECTOR('',#13411,1.);
#7930=VECTOR('',#13414,1.);
#7931=VECTOR('',#13419,1.);
#7932=VECTOR('',#13420,1.);
#7933=VECTOR('',#13423,1.);
#7934=VECTOR('',#13426,1.);
#7935=VECTOR('',#13429,1.);
#7936=VECTOR('',#13432,1.);
#7937=VECTOR('',#13435,1.);
#7938=VECTOR('',#13438,1.);
#7939=VECTOR('',#13443,1.);
#7940=VECTOR('',#13444,1.);
#7941=VECTOR('',#13447,1.);
#7942=VECTOR('',#13450,1.);
#7943=VECTOR('',#13453,1.);
#7944=VECTOR('',#13456,1.);
#7945=VECTOR('',#13459,1.);
#7946=VECTOR('',#13462,1.);
#7947=VECTOR('',#13467,1.);
#7948=VECTOR('',#13468,1.);
#7949=VECTOR('',#13471,1.);
#7950=VECTOR('',#13474,1.);
#7951=VECTOR('',#13477,1.);
#7952=VECTOR('',#13480,1.);
#7953=VECTOR('',#13483,1.);
#7954=VECTOR('',#13486,1.);
#7955=VECTOR('',#13491,1.);
#7956=VECTOR('',#13492,1.);
#7957=VECTOR('',#13495,1.);
#7958=VECTOR('',#13498,1.);
#7959=VECTOR('',#13501,1.);
#7960=VECTOR('',#13504,1.);
#7961=VECTOR('',#13507,1.);
#7962=VECTOR('',#13510,1.);
#7963=VECTOR('',#13515,1.);
#7964=VECTOR('',#13516,1.);
#7965=VECTOR('',#13519,1.);
#7966=VECTOR('',#13522,1.);
#7967=VECTOR('',#13525,1.);
#7968=VECTOR('',#13528,1.);
#7969=VECTOR('',#13531,1.);
#7970=VECTOR('',#13534,1.);
#7971=VECTOR('',#13539,1.);
#7972=VECTOR('',#13540,1.);
#7973=VECTOR('',#13543,1.);
#7974=VECTOR('',#13546,1.);
#7975=VECTOR('',#13549,1.);
#7976=VECTOR('',#13552,1.);
#7977=VECTOR('',#13555,1.);
#7978=VECTOR('',#13558,1.);
#7979=VECTOR('',#13561,1.);
#7980=VECTOR('',#13564,1.);
#7981=VECTOR('',#13567,1.);
#7982=VECTOR('',#13570,1.);
#7983=VECTOR('',#13575,1.);
#7984=VECTOR('',#13576,1.);
#7985=VECTOR('',#13579,1.);
#7986=VECTOR('',#13582,1.);
#7987=VECTOR('',#13585,1.);
#7988=VECTOR('',#13588,1.);
#7989=VECTOR('',#13591,1.);
#7990=VECTOR('',#13594,1.);
#7991=VECTOR('',#13599,1.);
#7992=VECTOR('',#13600,1.);
#7993=VECTOR('',#13603,1.);
#7994=VECTOR('',#13606,1.);
#7995=VECTOR('',#13609,1.);
#7996=VECTOR('',#13612,1.);
#7997=VECTOR('',#13615,1.);
#7998=VECTOR('',#13618,1.);
#7999=VECTOR('',#13623,1.);
#8000=VECTOR('',#13624,1.);
#8001=VECTOR('',#13627,1.);
#8002=VECTOR('',#13630,1.);
#8003=VECTOR('',#13633,1.);
#8004=VECTOR('',#13636,1.);
#8005=VECTOR('',#13639,1.);
#8006=VECTOR('',#13642,1.);
#8007=VECTOR('',#13647,1.);
#8008=VECTOR('',#13648,1.);
#8009=VECTOR('',#13651,1.);
#8010=VECTOR('',#13654,1.);
#8011=VECTOR('',#13657,1.);
#8012=VECTOR('',#13660,1.);
#8013=VECTOR('',#13663,1.);
#8014=VECTOR('',#13666,1.);
#8015=VECTOR('',#13671,1.);
#8016=VECTOR('',#13672,1.);
#8017=VECTOR('',#13675,1.);
#8018=VECTOR('',#13678,1.);
#8019=VECTOR('',#13681,1.);
#8020=VECTOR('',#13684,1.);
#8021=VECTOR('',#13687,1.);
#8022=VECTOR('',#13690,1.);
#8023=VECTOR('',#13695,1.);
#8024=VECTOR('',#13696,1.);
#8025=VECTOR('',#13699,1.);
#8026=VECTOR('',#13702,1.);
#8027=VECTOR('',#13705,1.);
#8028=VECTOR('',#13708,1.);
#8029=VECTOR('',#13711,1.);
#8030=VECTOR('',#13714,1.);
#8031=VECTOR('',#13719,1.);
#8032=VECTOR('',#13720,1.);
#8033=VECTOR('',#13723,1.);
#8034=VECTOR('',#13726,1.);
#8035=VECTOR('',#13729,1.);
#8036=VECTOR('',#13732,1.);
#8037=VECTOR('',#13735,1.);
#8038=VECTOR('',#13738,1.);
#8039=VECTOR('',#13743,1.);
#8040=VECTOR('',#13744,1.);
#8041=VECTOR('',#13747,1.);
#8042=VECTOR('',#13750,1.);
#8043=VECTOR('',#13753,1.);
#8044=VECTOR('',#13756,1.);
#8045=VECTOR('',#13759,1.);
#8046=VECTOR('',#13762,1.);
#8047=VECTOR('',#13767,1.);
#8048=VECTOR('',#13768,1.);
#8049=VECTOR('',#13771,1.);
#8050=VECTOR('',#13774,1.);
#8051=VECTOR('',#13777,1.);
#8052=VECTOR('',#13780,1.);
#8053=VECTOR('',#13783,1.);
#8054=VECTOR('',#13786,1.);
#8055=VECTOR('',#13791,1.);
#8056=VECTOR('',#13792,1.);
#8057=VECTOR('',#13795,1.);
#8058=VECTOR('',#13798,1.);
#8059=VECTOR('',#13801,1.);
#8060=VECTOR('',#13804,1.);
#8061=VECTOR('',#13807,1.);
#8062=VECTOR('',#13810,1.);
#8063=VECTOR('',#13815,1.);
#8064=VECTOR('',#13816,1.);
#8065=VECTOR('',#13819,1.);
#8066=VECTOR('',#13822,1.);
#8067=VECTOR('',#13825,1.);
#8068=VECTOR('',#13828,1.);
#8069=VECTOR('',#13831,1.);
#8070=VECTOR('',#13834,1.);
#8071=VECTOR('',#13837,1.);
#8072=VECTOR('',#13840,1.);
#8073=VECTOR('',#13843,1.);
#8074=VECTOR('',#13846,1.);
#8075=VECTOR('',#13851,1.);
#8076=VECTOR('',#13852,1.);
#8077=VECTOR('',#13855,1.);
#8078=VECTOR('',#13858,1.);
#8079=VECTOR('',#13861,1.);
#8080=VECTOR('',#13864,1.);
#8081=VECTOR('',#13867,1.);
#8082=VECTOR('',#13870,1.);
#8083=VECTOR('',#13875,1.);
#8084=VECTOR('',#13876,1.);
#8085=VECTOR('',#13879,1.);
#8086=VECTOR('',#13882,1.);
#8087=VECTOR('',#13885,1.);
#8088=VECTOR('',#13888,1.);
#8089=VECTOR('',#13891,1.);
#8090=VECTOR('',#13894,1.);
#8091=VECTOR('',#13899,1.);
#8092=VECTOR('',#13900,1.);
#8093=VECTOR('',#13903,1.);
#8094=VECTOR('',#13906,1.);
#8095=VECTOR('',#13909,1.);
#8096=VECTOR('',#13912,1.);
#8097=VECTOR('',#13915,1.);
#8098=VECTOR('',#13918,1.);
#8099=VECTOR('',#13923,1.);
#8100=VECTOR('',#13924,1.);
#8101=VECTOR('',#13927,1.);
#8102=VECTOR('',#13930,1.);
#8103=VECTOR('',#13933,1.);
#8104=VECTOR('',#13936,1.);
#8105=VECTOR('',#13939,1.);
#8106=VECTOR('',#13942,1.);
#8107=VECTOR('',#13947,1.);
#8108=VECTOR('',#13948,1.);
#8109=VECTOR('',#13951,1.);
#8110=VECTOR('',#13954,1.);
#8111=VECTOR('',#13957,1.);
#8112=VECTOR('',#13960,1.);
#8113=VECTOR('',#13963,1.);
#8114=VECTOR('',#13966,1.);
#8115=VECTOR('',#13971,1.);
#8116=VECTOR('',#13972,1.);
#8117=VECTOR('',#13975,1.);
#8118=VECTOR('',#13978,1.);
#8119=VECTOR('',#13981,1.);
#8120=VECTOR('',#13984,1.);
#8121=VECTOR('',#13987,1.);
#8122=VECTOR('',#13990,1.);
#8123=VECTOR('',#13995,1.);
#8124=VECTOR('',#13996,1.);
#8125=VECTOR('',#13999,1.);
#8126=VECTOR('',#14002,1.);
#8127=VECTOR('',#14005,1.);
#8128=VECTOR('',#14008,1.);
#8129=VECTOR('',#14011,1.);
#8130=VECTOR('',#14014,1.);
#8131=EDGE_LOOP('',(#691,#692,#693,#694));
#8132=EDGE_LOOP('',(#695,#696,#697,#698,#699));
#8133=EDGE_LOOP('',(#700,#701,#702,#703,#704));
#8134=EDGE_LOOP('',(#705,#706,#707,#708));
#8135=EDGE_LOOP('',(#709,#710,#711,#712));
#8136=EDGE_LOOP('',(#713,#714,#715,#716));
#8137=EDGE_LOOP('',(#717,#718,#719,#720));
#8138=EDGE_LOOP('',(#721,#722,#723,#724));
#8139=EDGE_LOOP('',(#725,#726,#727,#728));
#8140=EDGE_LOOP('',(#729,#730,#731,#732));
#8141=EDGE_LOOP('',(#733,#734,#735,#736));
#8142=EDGE_LOOP('',(#737,#738,#739,#740));
#8143=EDGE_LOOP('',(#741,#742,#743,#744));
#8144=EDGE_LOOP('',(#745,#746,#747,#748));
#8145=EDGE_LOOP('',(#749,#750,#751,#752,#753,#754,#755,#756,#757,#758,#759,
#760,#761,#762,#763,#764,#765,#766,#767,#768,#769,#770,#771,#772,#773,#774,
#775,#776,#777,#778,#779,#780,#781,#782,#783,#784,#785,#786,#787,#788,#789,
#790,#791,#792,#793,#794,#795,#796,#797,#798,#799,#800,#801,#802,#803,#804,
#805,#806,#807,#808,#809,#810,#811,#812,#813,#814,#815,#816,#817,#818));
#8146=EDGE_LOOP('',(#819,#820,#821,#822));
#8147=EDGE_LOOP('',(#823,#824,#825,#826));
#8148=EDGE_LOOP('',(#827,#828,#829,#830,#831,#832,#833,#834));
#8149=EDGE_LOOP('',(#835,#836,#837,#838,#839,#840,#841,#842));
#8150=EDGE_LOOP('',(#843,#844,#845,#846,#847,#848,#849,#850));
#8151=EDGE_LOOP('',(#851,#852,#853,#854,#855,#856,#857,#858));
#8152=EDGE_LOOP('',(#859,#860,#861,#862,#863,#864,#865,#866));
#8153=EDGE_LOOP('',(#867,#868,#869,#870,#871,#872,#873,#874));
#8154=EDGE_LOOP('',(#875,#876,#877,#878,#879,#880,#881,#882));
#8155=EDGE_LOOP('',(#883,#884,#885,#886,#887,#888,#889,#890,#891,#892,#893,
#894));
#8156=EDGE_LOOP('',(#895,#896,#897,#898,#899,#900,#901,#902));
#8157=EDGE_LOOP('',(#903,#904,#905,#906,#907,#908,#909,#910));
#8158=EDGE_LOOP('',(#911,#912,#913,#914,#915,#916,#917,#918));
#8159=EDGE_LOOP('',(#919,#920,#921,#922,#923,#924,#925,#926));
#8160=EDGE_LOOP('',(#927,#928,#929,#930,#931,#932,#933,#934));
#8161=EDGE_LOOP('',(#935,#936,#937,#938,#939,#940,#941,#942));
#8162=EDGE_LOOP('',(#943,#944,#945,#946,#947,#948,#949,#950));
#8163=EDGE_LOOP('',(#951,#952,#953,#954,#955,#956,#957,#958));
#8164=EDGE_LOOP('',(#959,#960,#961,#962,#963,#964,#965,#966));
#8165=EDGE_LOOP('',(#967,#968,#969,#970,#971,#972,#973,#974));
#8166=EDGE_LOOP('',(#975,#976,#977,#978,#979,#980,#981,#982,#983,#984,#985,
#986));
#8167=EDGE_LOOP('',(#987,#988,#989,#990,#991,#992,#993,#994));
#8168=EDGE_LOOP('',(#995,#996,#997,#998,#999,#1000,#1001,#1002));
#8169=EDGE_LOOP('',(#1003,#1004,#1005,#1006,#1007,#1008,#1009,#1010));
#8170=EDGE_LOOP('',(#1011,#1012,#1013,#1014,#1015,#1016,#1017,#1018));
#8171=EDGE_LOOP('',(#1019,#1020,#1021,#1022,#1023,#1024,#1025,#1026));
#8172=EDGE_LOOP('',(#1027,#1028,#1029,#1030,#1031,#1032,#1033,#1034,#1035,
#1036,#1037,#1038));
#8173=EDGE_LOOP('',(#1039,#1040,#1041,#1042,#1043,#1044,#1045,#1046));
#8174=EDGE_LOOP('',(#1047,#1048,#1049,#1050,#1051,#1052,#1053,#1054));
#8175=EDGE_LOOP('',(#1055,#1056,#1057,#1058,#1059,#1060,#1061,#1062));
#8176=EDGE_LOOP('',(#1063,#1064,#1065,#1066,#1067,#1068,#1069,#1070));
#8177=EDGE_LOOP('',(#1071,#1072,#1073,#1074,#1075,#1076,#1077,#1078));
#8178=EDGE_LOOP('',(#1079,#1080,#1081,#1082,#1083,#1084,#1085,#1086));
#8179=EDGE_LOOP('',(#1087,#1088,#1089,#1090,#1091,#1092,#1093,#1094));
#8180=EDGE_LOOP('',(#1095,#1096,#1097,#1098,#1099,#1100,#1101,#1102));
#8181=EDGE_LOOP('',(#1103,#1104,#1105,#1106,#1107,#1108,#1109,#1110));
#8182=EDGE_LOOP('',(#1111,#1112,#1113,#1114,#1115,#1116,#1117,#1118));
#8183=EDGE_LOOP('',(#1119,#1120,#1121,#1122,#1123,#1124,#1125,#1126));
#8184=EDGE_LOOP('',(#1127,#1128,#1129,#1130,#1131,#1132,#1133,#1134));
#8185=EDGE_LOOP('',(#1135,#1136,#1137,#1138,#1139,#1140,#1141,#1142));
#8186=EDGE_LOOP('',(#1143,#1144,#1145,#1146,#1147,#1148,#1149,#1150));
#8187=EDGE_LOOP('',(#1151,#1152,#1153,#1154,#1155,#1156,#1157,#1158));
#8188=EDGE_LOOP('',(#1159,#1160,#1161,#1162,#1163,#1164,#1165,#1166));
#8189=EDGE_LOOP('',(#1167,#1168,#1169,#1170,#1171,#1172,#1173,#1174));
#8190=EDGE_LOOP('',(#1175,#1176,#1177,#1178,#1179,#1180,#1181,#1182));
#8191=EDGE_LOOP('',(#1183,#1184,#1185,#1186,#1187,#1188,#1189,#1190));
#8192=EDGE_LOOP('',(#1191,#1192,#1193,#1194,#1195,#1196,#1197,#1198));
#8193=EDGE_LOOP('',(#1199,#1200,#1201,#1202,#1203,#1204,#1205,#1206));
#8194=EDGE_LOOP('',(#1207,#1208,#1209,#1210,#1211,#1212,#1213,#1214));
#8195=EDGE_LOOP('',(#1215));
#8196=EDGE_LOOP('',(#1216));
#8197=EDGE_LOOP('',(#1217));
#8198=EDGE_LOOP('',(#1218));
#8199=EDGE_LOOP('',(#1219));
#8200=EDGE_LOOP('',(#1220));
#8201=EDGE_LOOP('',(#1221,#1222,#1223,#1224));
#8202=EDGE_LOOP('',(#1225,#1226,#1227,#1228));
#8203=EDGE_LOOP('',(#1229,#1230,#1231,#1232));
#8204=EDGE_LOOP('',(#1233,#1234,#1235,#1236));
#8205=EDGE_LOOP('',(#1237,#1238,#1239,#1240));
#8206=EDGE_LOOP('',(#1241,#1242,#1243,#1244));
#8207=EDGE_LOOP('',(#1245,#1246,#1247,#1248));
#8208=EDGE_LOOP('',(#1249,#1250,#1251,#1252));
#8209=EDGE_LOOP('',(#1253,#1254,#1255,#1256));
#8210=EDGE_LOOP('',(#1257,#1258,#1259,#1260));
#8211=EDGE_LOOP('',(#1261,#1262,#1263,#1264));
#8212=EDGE_LOOP('',(#1265,#1266,#1267,#1268));
#8213=EDGE_LOOP('',(#1269,#1270,#1271,#1272));
#8214=EDGE_LOOP('',(#1273,#1274,#1275,#1276));
#8215=EDGE_LOOP('',(#1277,#1278,#1279,#1280));
#8216=EDGE_LOOP('',(#1281,#1282,#1283,#1284));
#8217=EDGE_LOOP('',(#1285,#1286,#1287,#1288));
#8218=EDGE_LOOP('',(#1289,#1290,#1291,#1292));
#8219=EDGE_LOOP('',(#1293,#1294,#1295,#1296));
#8220=EDGE_LOOP('',(#1297,#1298,#1299,#1300));
#8221=EDGE_LOOP('',(#1301,#1302,#1303,#1304));
#8222=EDGE_LOOP('',(#1305,#1306,#1307,#1308));
#8223=EDGE_LOOP('',(#1309,#1310,#1311,#1312));
#8224=EDGE_LOOP('',(#1313));
#8225=EDGE_LOOP('',(#1314));
#8226=EDGE_LOOP('',(#1315,#1316,#1317,#1318));
#8227=EDGE_LOOP('',(#1319,#1320,#1321,#1322));
#8228=EDGE_LOOP('',(#1323,#1324,#1325,#1326));
#8229=EDGE_LOOP('',(#1327,#1328,#1329,#1330));
#8230=EDGE_LOOP('',(#1331,#1332,#1333,#1334));
#8231=EDGE_LOOP('',(#1335,#1336,#1337,#1338));
#8232=EDGE_LOOP('',(#1339));
#8233=EDGE_LOOP('',(#1340));
#8234=EDGE_LOOP('',(#1341,#1342,#1343,#1344));
#8235=EDGE_LOOP('',(#1345,#1346,#1347,#1348));
#8236=EDGE_LOOP('',(#1349,#1350,#1351,#1352));
#8237=EDGE_LOOP('',(#1353));
#8238=EDGE_LOOP('',(#1354));
#8239=EDGE_LOOP('',(#1355,#1356,#1357,#1358));
#8240=EDGE_LOOP('',(#1359,#1360,#1361,#1362));
#8241=EDGE_LOOP('',(#1363,#1364,#1365,#1366));
#8242=EDGE_LOOP('',(#1367,#1368,#1369,#1370));
#8243=EDGE_LOOP('',(#1371));
#8244=EDGE_LOOP('',(#1372));
#8245=EDGE_LOOP('',(#1373,#1374,#1375,#1376));
#8246=EDGE_LOOP('',(#1377,#1378,#1379,#1380));
#8247=EDGE_LOOP('',(#1381,#1382,#1383,#1384));
#8248=EDGE_LOOP('',(#1385));
#8249=EDGE_LOOP('',(#1386));
#8250=EDGE_LOOP('',(#1387));
#8251=EDGE_LOOP('',(#1388));
#8252=EDGE_LOOP('',(#1389,#1390,#1391,#1392));
#8253=EDGE_LOOP('',(#1393,#1394,#1395,#1396));
#8254=EDGE_LOOP('',(#1397,#1398,#1399,#1400));
#8255=EDGE_LOOP('',(#1401,#1402,#1403,#1404));
#8256=EDGE_LOOP('',(#1405,#1406,#1407,#1408));
#8257=EDGE_LOOP('',(#1409,#1410,#1411,#1412));
#8258=EDGE_LOOP('',(#1413,#1414,#1415,#1416));
#8259=EDGE_LOOP('',(#1417,#1418,#1419,#1420));
#8260=EDGE_LOOP('',(#1421,#1422,#1423,#1424));
#8261=EDGE_LOOP('',(#1425,#1426,#1427,#1428));
#8262=EDGE_LOOP('',(#1429,#1430,#1431,#1432));
#8263=EDGE_LOOP('',(#1433,#1434,#1435,#1436));
#8264=EDGE_LOOP('',(#1437,#1438,#1439,#1440));
#8265=EDGE_LOOP('',(#1441,#1442,#1443,#1444));
#8266=EDGE_LOOP('',(#1445,#1446,#1447,#1448));
#8267=EDGE_LOOP('',(#1449,#1450,#1451,#1452));
#8268=EDGE_LOOP('',(#1453,#1454,#1455,#1456));
#8269=EDGE_LOOP('',(#1457,#1458,#1459,#1460));
#8270=EDGE_LOOP('',(#1461,#1462,#1463,#1464,#1465,#1466));
#8271=EDGE_LOOP('',(#1467,#1468,#1469,#1470));
#8272=EDGE_LOOP('',(#1471,#1472,#1473,#1474));
#8273=EDGE_LOOP('',(#1475,#1476,#1477,#1478));
#8274=EDGE_LOOP('',(#1479,#1480,#1481,#1482,#1483,#1484,#1485,#1486,#1487,
#1488,#1489,#1490,#1491,#1492,#1493,#1494,#1495,#1496,#1497,#1498,#1499,
#1500,#1501,#1502,#1503,#1504,#1505,#1506,#1507,#1508,#1509,#1510,#1511,
#1512,#1513,#1514,#1515,#1516,#1517,#1518,#1519,#1520,#1521,#1522,#1523,
#1524,#1525,#1526,#1527,#1528,#1529,#1530,#1531,#1532,#1533,#1534,#1535,
#1536,#1537,#1538,#1539,#1540,#1541,#1542,#1543,#1544,#1545,#1546,#1547,
#1548));
#8275=EDGE_LOOP('',(#1549,#1550,#1551,#1552));
#8276=EDGE_LOOP('',(#1553,#1554,#1555,#1556));
#8277=EDGE_LOOP('',(#1557,#1558,#1559,#1560));
#8278=EDGE_LOOP('',(#1561,#1562,#1563,#1564));
#8279=EDGE_LOOP('',(#1565));
#8280=EDGE_LOOP('',(#1566));
#8281=EDGE_LOOP('',(#1567));
#8282=EDGE_LOOP('',(#1568));
#8283=EDGE_LOOP('',(#1569));
#8284=EDGE_LOOP('',(#1570));
#8285=EDGE_LOOP('',(#1571,#1572,#1573,#1574,#1575,#1576,#1577,#1578));
#8286=EDGE_LOOP('',(#1579,#1580,#1581,#1582,#1583,#1584,#1585,#1586));
#8287=EDGE_LOOP('',(#1587,#1588,#1589,#1590,#1591,#1592,#1593,#1594));
#8288=EDGE_LOOP('',(#1595,#1596,#1597,#1598,#1599,#1600,#1601,#1602));
#8289=EDGE_LOOP('',(#1603,#1604,#1605,#1606,#1607,#1608,#1609,#1610));
#8290=EDGE_LOOP('',(#1611,#1612,#1613,#1614,#1615,#1616,#1617,#1618));
#8291=EDGE_LOOP('',(#1619,#1620,#1621,#1622,#1623,#1624,#1625,#1626));
#8292=EDGE_LOOP('',(#1627,#1628,#1629,#1630,#1631,#1632,#1633,#1634));
#8293=EDGE_LOOP('',(#1635,#1636,#1637,#1638,#1639,#1640,#1641,#1642));
#8294=EDGE_LOOP('',(#1643,#1644,#1645,#1646,#1647,#1648,#1649,#1650));
#8295=EDGE_LOOP('',(#1651,#1652,#1653,#1654,#1655,#1656,#1657,#1658));
#8296=EDGE_LOOP('',(#1659,#1660,#1661,#1662,#1663,#1664,#1665,#1666));
#8297=EDGE_LOOP('',(#1667,#1668,#1669,#1670,#1671,#1672,#1673,#1674));
#8298=EDGE_LOOP('',(#1675,#1676,#1677,#1678,#1679,#1680,#1681,#1682));
#8299=EDGE_LOOP('',(#1683,#1684,#1685,#1686,#1687,#1688,#1689,#1690));
#8300=EDGE_LOOP('',(#1691,#1692,#1693,#1694,#1695,#1696,#1697,#1698));
#8301=EDGE_LOOP('',(#1699,#1700,#1701,#1702,#1703,#1704,#1705,#1706));
#8302=EDGE_LOOP('',(#1707,#1708,#1709,#1710,#1711,#1712,#1713,#1714));
#8303=EDGE_LOOP('',(#1715,#1716,#1717,#1718,#1719,#1720,#1721,#1722));
#8304=EDGE_LOOP('',(#1723,#1724,#1725,#1726,#1727,#1728,#1729,#1730));
#8305=EDGE_LOOP('',(#1731,#1732,#1733,#1734,#1735,#1736,#1737,#1738));
#8306=EDGE_LOOP('',(#1739,#1740,#1741,#1742,#1743,#1744,#1745,#1746));
#8307=EDGE_LOOP('',(#1747,#1748,#1749,#1750,#1751,#1752,#1753,#1754,#1755,
#1756,#1757,#1758));
#8308=EDGE_LOOP('',(#1759,#1760,#1761,#1762,#1763,#1764,#1765,#1766));
#8309=EDGE_LOOP('',(#1767,#1768,#1769,#1770,#1771,#1772,#1773,#1774));
#8310=EDGE_LOOP('',(#1775,#1776,#1777,#1778,#1779,#1780,#1781,#1782));
#8311=EDGE_LOOP('',(#1783,#1784,#1785,#1786,#1787,#1788,#1789,#1790));
#8312=EDGE_LOOP('',(#1791,#1792,#1793,#1794,#1795,#1796,#1797,#1798));
#8313=EDGE_LOOP('',(#1799,#1800,#1801,#1802,#1803,#1804,#1805,#1806,#1807,
#1808,#1809,#1810));
#8314=EDGE_LOOP('',(#1811,#1812,#1813,#1814,#1815,#1816,#1817,#1818));
#8315=EDGE_LOOP('',(#1819,#1820,#1821,#1822,#1823,#1824,#1825,#1826));
#8316=EDGE_LOOP('',(#1827,#1828,#1829,#1830,#1831,#1832,#1833,#1834));
#8317=EDGE_LOOP('',(#1835,#1836,#1837,#1838,#1839,#1840,#1841,#1842));
#8318=EDGE_LOOP('',(#1843,#1844,#1845,#1846,#1847,#1848,#1849,#1850));
#8319=EDGE_LOOP('',(#1851,#1852,#1853,#1854,#1855,#1856,#1857,#1858));
#8320=EDGE_LOOP('',(#1859,#1860,#1861,#1862,#1863,#1864,#1865,#1866));
#8321=EDGE_LOOP('',(#1867,#1868,#1869,#1870,#1871,#1872,#1873,#1874));
#8322=EDGE_LOOP('',(#1875,#1876,#1877,#1878,#1879,#1880,#1881,#1882));
#8323=EDGE_LOOP('',(#1883,#1884,#1885,#1886,#1887,#1888,#1889,#1890));
#8324=EDGE_LOOP('',(#1891,#1892,#1893,#1894,#1895,#1896,#1897,#1898,#1899,
#1900,#1901,#1902));
#8325=EDGE_LOOP('',(#1903,#1904,#1905,#1906,#1907,#1908,#1909,#1910));
#8326=EDGE_LOOP('',(#1911,#1912,#1913,#1914,#1915,#1916,#1917,#1918));
#8327=EDGE_LOOP('',(#1919,#1920,#1921,#1922,#1923,#1924,#1925,#1926));
#8328=EDGE_LOOP('',(#1927,#1928,#1929,#1930,#1931,#1932,#1933,#1934));
#8329=EDGE_LOOP('',(#1935,#1936,#1937,#1938,#1939,#1940,#1941,#1942));
#8330=EDGE_LOOP('',(#1943,#1944,#1945,#1946,#1947,#1948,#1949,#1950));
#8331=EDGE_LOOP('',(#1951,#1952,#1953,#1954,#1955,#1956,#1957,#1958));
#8332=EDGE_LOOP('',(#1959,#1960,#1961,#1962));
#8333=EDGE_LOOP('',(#1963,#1964,#1965,#1966));
#8334=EDGE_LOOP('',(#1967,#1968,#1969,#1970));
#8335=EDGE_LOOP('',(#1971,#1972,#1973,#1974));
#8336=EDGE_LOOP('',(#1975,#1976,#1977,#1978));
#8337=EDGE_LOOP('',(#1979,#1980,#1981,#1982));
#8338=EDGE_LOOP('',(#1983,#1984,#1985,#1986));
#8339=EDGE_LOOP('',(#1987,#1988,#1989,#1990));
#8340=EDGE_LOOP('',(#1991,#1992,#1993,#1994));
#8341=EDGE_LOOP('',(#1995,#1996,#1997,#1998));
#8342=EDGE_LOOP('',(#1999,#2000,#2001,#2002));
#8343=EDGE_LOOP('',(#2003,#2004,#2005,#2006));
#8344=EDGE_LOOP('',(#2007,#2008,#2009,#2010));
#8345=EDGE_LOOP('',(#2011,#2012,#2013,#2014));
#8346=EDGE_LOOP('',(#2015,#2016,#2017,#2018));
#8347=EDGE_LOOP('',(#2019,#2020,#2021,#2022));
#8348=EDGE_LOOP('',(#2023,#2024,#2025,#2026));
#8349=EDGE_LOOP('',(#2027,#2028,#2029,#2030));
#8350=EDGE_LOOP('',(#2031,#2032,#2033,#2034));
#8351=EDGE_LOOP('',(#2035,#2036,#2037,#2038));
#8352=EDGE_LOOP('',(#2039,#2040,#2041,#2042));
#8353=EDGE_LOOP('',(#2043,#2044,#2045,#2046));
#8354=EDGE_LOOP('',(#2047,#2048,#2049,#2050));
#8355=EDGE_LOOP('',(#2051,#2052,#2053,#2054));
#8356=EDGE_LOOP('',(#2055,#2056,#2057,#2058));
#8357=EDGE_LOOP('',(#2059,#2060,#2061,#2062));
#8358=EDGE_LOOP('',(#2063,#2064,#2065,#2066));
#8359=EDGE_LOOP('',(#2067,#2068,#2069,#2070));
#8360=EDGE_LOOP('',(#2071,#2072,#2073,#2074));
#8361=EDGE_LOOP('',(#2075,#2076,#2077,#2078));
#8362=EDGE_LOOP('',(#2079,#2080,#2081,#2082));
#8363=EDGE_LOOP('',(#2083,#2084,#2085,#2086));
#8364=EDGE_LOOP('',(#2087,#2088,#2089,#2090));
#8365=EDGE_LOOP('',(#2091,#2092,#2093,#2094));
#8366=EDGE_LOOP('',(#2095,#2096,#2097,#2098));
#8367=EDGE_LOOP('',(#2099,#2100,#2101,#2102));
#8368=EDGE_LOOP('',(#2103,#2104,#2105,#2106));
#8369=EDGE_LOOP('',(#2107,#2108,#2109,#2110));
#8370=EDGE_LOOP('',(#2111,#2112,#2113,#2114));
#8371=EDGE_LOOP('',(#2115,#2116,#2117,#2118));
#8372=EDGE_LOOP('',(#2119,#2120,#2121,#2122));
#8373=EDGE_LOOP('',(#2123,#2124,#2125,#2126));
#8374=EDGE_LOOP('',(#2127,#2128,#2129,#2130));
#8375=EDGE_LOOP('',(#2131,#2132,#2133,#2134));
#8376=EDGE_LOOP('',(#2135,#2136,#2137,#2138));
#8377=EDGE_LOOP('',(#2139,#2140,#2141,#2142));
#8378=EDGE_LOOP('',(#2143,#2144,#2145,#2146));
#8379=EDGE_LOOP('',(#2147,#2148,#2149,#2150));
#8380=EDGE_LOOP('',(#2151,#2152,#2153,#2154));
#8381=EDGE_LOOP('',(#2155,#2156,#2157,#2158));
#8382=EDGE_LOOP('',(#2159,#2160,#2161,#2162));
#8383=EDGE_LOOP('',(#2163,#2164,#2165,#2166));
#8384=EDGE_LOOP('',(#2167,#2168,#2169,#2170));
#8385=EDGE_LOOP('',(#2171,#2172,#2173,#2174));
#8386=EDGE_LOOP('',(#2175,#2176,#2177,#2178));
#8387=EDGE_LOOP('',(#2179,#2180,#2181,#2182));
#8388=EDGE_LOOP('',(#2183,#2184,#2185,#2186));
#8389=EDGE_LOOP('',(#2187,#2188,#2189,#2190));
#8390=EDGE_LOOP('',(#2191,#2192,#2193,#2194));
#8391=EDGE_LOOP('',(#2195,#2196,#2197,#2198));
#8392=EDGE_LOOP('',(#2199,#2200,#2201,#2202));
#8393=EDGE_LOOP('',(#2203,#2204,#2205,#2206));
#8394=EDGE_LOOP('',(#2207,#2208,#2209,#2210));
#8395=EDGE_LOOP('',(#2211,#2212,#2213,#2214));
#8396=EDGE_LOOP('',(#2215,#2216,#2217,#2218));
#8397=EDGE_LOOP('',(#2219,#2220,#2221,#2222));
#8398=EDGE_LOOP('',(#2223,#2224,#2225,#2226));
#8399=EDGE_LOOP('',(#2227,#2228,#2229,#2230));
#8400=EDGE_LOOP('',(#2231,#2232,#2233,#2234));
#8401=EDGE_LOOP('',(#2235,#2236,#2237,#2238));
#8402=EDGE_LOOP('',(#2239,#2240,#2241,#2242));
#8403=EDGE_LOOP('',(#2243,#2244,#2245,#2246));
#8404=EDGE_LOOP('',(#2247,#2248,#2249,#2250));
#8405=EDGE_LOOP('',(#2251,#2252,#2253,#2254));
#8406=EDGE_LOOP('',(#2255,#2256,#2257,#2258));
#8407=EDGE_LOOP('',(#2259,#2260,#2261,#2262));
#8408=EDGE_LOOP('',(#2263,#2264,#2265,#2266));
#8409=EDGE_LOOP('',(#2267,#2268,#2269,#2270));
#8410=EDGE_LOOP('',(#2271,#2272,#2273,#2274));
#8411=EDGE_LOOP('',(#2275,#2276,#2277,#2278));
#8412=EDGE_LOOP('',(#2279,#2280,#2281,#2282));
#8413=EDGE_LOOP('',(#2283,#2284,#2285,#2286));
#8414=EDGE_LOOP('',(#2287,#2288,#2289,#2290));
#8415=EDGE_LOOP('',(#2291,#2292,#2293,#2294));
#8416=EDGE_LOOP('',(#2295,#2296,#2297,#2298));
#8417=EDGE_LOOP('',(#2299,#2300,#2301,#2302));
#8418=EDGE_LOOP('',(#2303,#2304,#2305,#2306));
#8419=EDGE_LOOP('',(#2307,#2308,#2309,#2310));
#8420=EDGE_LOOP('',(#2311,#2312,#2313,#2314));
#8421=EDGE_LOOP('',(#2315,#2316,#2317,#2318));
#8422=EDGE_LOOP('',(#2319,#2320,#2321,#2322));
#8423=EDGE_LOOP('',(#2323,#2324,#2325,#2326));
#8424=EDGE_LOOP('',(#2327,#2328,#2329,#2330));
#8425=EDGE_LOOP('',(#2331,#2332,#2333,#2334));
#8426=EDGE_LOOP('',(#2335,#2336,#2337,#2338));
#8427=EDGE_LOOP('',(#2339,#2340,#2341,#2342));
#8428=EDGE_LOOP('',(#2343,#2344,#2345,#2346));
#8429=EDGE_LOOP('',(#2347,#2348,#2349,#2350));
#8430=EDGE_LOOP('',(#2351,#2352,#2353,#2354));
#8431=EDGE_LOOP('',(#2355,#2356,#2357,#2358));
#8432=EDGE_LOOP('',(#2359,#2360,#2361,#2362));
#8433=EDGE_LOOP('',(#2363,#2364,#2365,#2366));
#8434=EDGE_LOOP('',(#2367,#2368,#2369,#2370));
#8435=EDGE_LOOP('',(#2371,#2372,#2373,#2374));
#8436=EDGE_LOOP('',(#2375,#2376,#2377,#2378));
#8437=EDGE_LOOP('',(#2379,#2380,#2381,#2382));
#8438=EDGE_LOOP('',(#2383,#2384,#2385,#2386));
#8439=EDGE_LOOP('',(#2387,#2388,#2389,#2390));
#8440=EDGE_LOOP('',(#2391,#2392,#2393,#2394));
#8441=EDGE_LOOP('',(#2395,#2396,#2397,#2398));
#8442=EDGE_LOOP('',(#2399,#2400,#2401,#2402));
#8443=EDGE_LOOP('',(#2403,#2404,#2405,#2406));
#8444=EDGE_LOOP('',(#2407,#2408,#2409,#2410));
#8445=EDGE_LOOP('',(#2411,#2412,#2413,#2414));
#8446=EDGE_LOOP('',(#2415,#2416,#2417,#2418));
#8447=EDGE_LOOP('',(#2419,#2420,#2421,#2422));
#8448=EDGE_LOOP('',(#2423,#2424,#2425,#2426));
#8449=EDGE_LOOP('',(#2427,#2428,#2429,#2430));
#8450=EDGE_LOOP('',(#2431,#2432,#2433,#2434));
#8451=EDGE_LOOP('',(#2435,#2436,#2437,#2438));
#8452=EDGE_LOOP('',(#2439,#2440,#2441,#2442));
#8453=EDGE_LOOP('',(#2443,#2444,#2445,#2446));
#8454=EDGE_LOOP('',(#2447,#2448,#2449,#2450));
#8455=EDGE_LOOP('',(#2451,#2452,#2453,#2454));
#8456=EDGE_LOOP('',(#2455,#2456,#2457,#2458));
#8457=EDGE_LOOP('',(#2459,#2460,#2461,#2462));
#8458=EDGE_LOOP('',(#2463,#2464,#2465,#2466));
#8459=EDGE_LOOP('',(#2467,#2468,#2469,#2470));
#8460=EDGE_LOOP('',(#2471,#2472,#2473,#2474));
#8461=EDGE_LOOP('',(#2475,#2476,#2477,#2478));
#8462=EDGE_LOOP('',(#2479,#2480,#2481,#2482));
#8463=EDGE_LOOP('',(#2483,#2484,#2485,#2486));
#8464=EDGE_LOOP('',(#2487,#2488,#2489,#2490));
#8465=EDGE_LOOP('',(#2491,#2492,#2493,#2494));
#8466=EDGE_LOOP('',(#2495,#2496,#2497,#2498));
#8467=EDGE_LOOP('',(#2499,#2500,#2501,#2502));
#8468=EDGE_LOOP('',(#2503,#2504,#2505,#2506));
#8469=EDGE_LOOP('',(#2507,#2508,#2509,#2510));
#8470=EDGE_LOOP('',(#2511,#2512,#2513,#2514));
#8471=EDGE_LOOP('',(#2515,#2516,#2517,#2518));
#8472=EDGE_LOOP('',(#2519,#2520,#2521,#2522));
#8473=EDGE_LOOP('',(#2523,#2524,#2525,#2526));
#8474=EDGE_LOOP('',(#2527,#2528,#2529,#2530));
#8475=EDGE_LOOP('',(#2531,#2532,#2533,#2534));
#8476=EDGE_LOOP('',(#2535,#2536,#2537,#2538));
#8477=EDGE_LOOP('',(#2539,#2540,#2541,#2542));
#8478=EDGE_LOOP('',(#2543,#2544,#2545,#2546));
#8479=EDGE_LOOP('',(#2547,#2548,#2549,#2550));
#8480=EDGE_LOOP('',(#2551,#2552,#2553,#2554));
#8481=EDGE_LOOP('',(#2555,#2556,#2557,#2558));
#8482=EDGE_LOOP('',(#2559,#2560,#2561,#2562));
#8483=EDGE_LOOP('',(#2563,#2564,#2565,#2566));
#8484=EDGE_LOOP('',(#2567,#2568,#2569,#2570));
#8485=EDGE_LOOP('',(#2571,#2572,#2573,#2574));
#8486=EDGE_LOOP('',(#2575,#2576,#2577,#2578));
#8487=EDGE_LOOP('',(#2579,#2580,#2581,#2582));
#8488=EDGE_LOOP('',(#2583,#2584,#2585,#2586));
#8489=EDGE_LOOP('',(#2587,#2588,#2589,#2590));
#8490=EDGE_LOOP('',(#2591,#2592,#2593,#2594));
#8491=EDGE_LOOP('',(#2595,#2596,#2597,#2598));
#8492=EDGE_LOOP('',(#2599,#2600,#2601,#2602));
#8493=EDGE_LOOP('',(#2603,#2604,#2605,#2606));
#8494=EDGE_LOOP('',(#2607,#2608,#2609,#2610));
#8495=EDGE_LOOP('',(#2611,#2612,#2613,#2614));
#8496=EDGE_LOOP('',(#2615,#2616,#2617,#2618));
#8497=EDGE_LOOP('',(#2619,#2620,#2621,#2622));
#8498=EDGE_LOOP('',(#2623,#2624,#2625,#2626));
#8499=EDGE_LOOP('',(#2627,#2628,#2629,#2630));
#8500=EDGE_LOOP('',(#2631,#2632,#2633,#2634));
#8501=EDGE_LOOP('',(#2635,#2636,#2637,#2638));
#8502=EDGE_LOOP('',(#2639,#2640,#2641,#2642));
#8503=EDGE_LOOP('',(#2643,#2644,#2645,#2646));
#8504=EDGE_LOOP('',(#2647,#2648,#2649,#2650));
#8505=EDGE_LOOP('',(#2651,#2652,#2653,#2654));
#8506=EDGE_LOOP('',(#2655,#2656,#2657,#2658));
#8507=EDGE_LOOP('',(#2659,#2660,#2661,#2662));
#8508=EDGE_LOOP('',(#2663,#2664,#2665,#2666));
#8509=EDGE_LOOP('',(#2667,#2668,#2669,#2670));
#8510=EDGE_LOOP('',(#2671,#2672,#2673,#2674));
#8511=EDGE_LOOP('',(#2675,#2676,#2677,#2678));
#8512=EDGE_LOOP('',(#2679,#2680,#2681,#2682));
#8513=EDGE_LOOP('',(#2683,#2684,#2685,#2686));
#8514=EDGE_LOOP('',(#2687,#2688,#2689,#2690));
#8515=EDGE_LOOP('',(#2691,#2692,#2693,#2694));
#8516=EDGE_LOOP('',(#2695,#2696,#2697,#2698));
#8517=EDGE_LOOP('',(#2699,#2700,#2701,#2702));
#8518=EDGE_LOOP('',(#2703,#2704,#2705,#2706));
#8519=EDGE_LOOP('',(#2707,#2708,#2709,#2710));
#8520=EDGE_LOOP('',(#2711,#2712,#2713,#2714));
#8521=EDGE_LOOP('',(#2715,#2716,#2717,#2718));
#8522=EDGE_LOOP('',(#2719,#2720,#2721,#2722));
#8523=EDGE_LOOP('',(#2723,#2724,#2725,#2726));
#8524=EDGE_LOOP('',(#2727,#2728,#2729,#2730));
#8525=EDGE_LOOP('',(#2731,#2732,#2733,#2734));
#8526=EDGE_LOOP('',(#2735,#2736,#2737,#2738));
#8527=EDGE_LOOP('',(#2739,#2740,#2741,#2742));
#8528=EDGE_LOOP('',(#2743,#2744,#2745,#2746));
#8529=EDGE_LOOP('',(#2747,#2748,#2749,#2750));
#8530=EDGE_LOOP('',(#2751,#2752,#2753,#2754));
#8531=EDGE_LOOP('',(#2755,#2756,#2757,#2758));
#8532=EDGE_LOOP('',(#2759,#2760,#2761,#2762));
#8533=EDGE_LOOP('',(#2763,#2764,#2765,#2766));
#8534=EDGE_LOOP('',(#2767,#2768,#2769,#2770));
#8535=EDGE_LOOP('',(#2771,#2772,#2773,#2774));
#8536=EDGE_LOOP('',(#2775,#2776,#2777,#2778));
#8537=EDGE_LOOP('',(#2779,#2780,#2781,#2782));
#8538=EDGE_LOOP('',(#2783,#2784,#2785,#2786));
#8539=EDGE_LOOP('',(#2787,#2788,#2789,#2790));
#8540=EDGE_LOOP('',(#2791,#2792,#2793,#2794));
#8541=EDGE_LOOP('',(#2795,#2796,#2797,#2798));
#8542=EDGE_LOOP('',(#2799,#2800,#2801,#2802));
#8543=EDGE_LOOP('',(#2803,#2804,#2805,#2806));
#8544=EDGE_LOOP('',(#2807,#2808,#2809,#2810));
#8545=EDGE_LOOP('',(#2811,#2812,#2813,#2814));
#8546=EDGE_LOOP('',(#2815,#2816,#2817,#2818));
#8547=EDGE_LOOP('',(#2819,#2820,#2821,#2822));
#8548=EDGE_LOOP('',(#2823,#2824,#2825,#2826));
#8549=EDGE_LOOP('',(#2827,#2828,#2829,#2830));
#8550=EDGE_LOOP('',(#2831,#2832,#2833,#2834));
#8551=EDGE_LOOP('',(#2835,#2836,#2837,#2838));
#8552=EDGE_LOOP('',(#2839,#2840,#2841,#2842));
#8553=EDGE_LOOP('',(#2843,#2844,#2845,#2846));
#8554=EDGE_LOOP('',(#2847,#2848,#2849,#2850));
#8555=EDGE_LOOP('',(#2851,#2852,#2853,#2854));
#8556=EDGE_LOOP('',(#2855,#2856,#2857,#2858));
#8557=EDGE_LOOP('',(#2859,#2860,#2861,#2862));
#8558=EDGE_LOOP('',(#2863,#2864,#2865,#2866));
#8559=EDGE_LOOP('',(#2867,#2868,#2869,#2870));
#8560=EDGE_LOOP('',(#2871,#2872,#2873,#2874));
#8561=EDGE_LOOP('',(#2875,#2876,#2877,#2878));
#8562=EDGE_LOOP('',(#2879,#2880,#2881,#2882));
#8563=EDGE_LOOP('',(#2883,#2884,#2885,#2886));
#8564=EDGE_LOOP('',(#2887,#2888,#2889,#2890));
#8565=EDGE_LOOP('',(#2891,#2892,#2893,#2894));
#8566=EDGE_LOOP('',(#2895,#2896,#2897,#2898));
#8567=EDGE_LOOP('',(#2899,#2900,#2901,#2902));
#8568=EDGE_LOOP('',(#2903,#2904,#2905,#2906));
#8569=EDGE_LOOP('',(#2907,#2908,#2909,#2910));
#8570=EDGE_LOOP('',(#2911,#2912,#2913,#2914));
#8571=EDGE_LOOP('',(#2915,#2916,#2917,#2918));
#8572=EDGE_LOOP('',(#2919,#2920,#2921,#2922));
#8573=EDGE_LOOP('',(#2923,#2924,#2925,#2926));
#8574=EDGE_LOOP('',(#2927,#2928,#2929,#2930));
#8575=EDGE_LOOP('',(#2931,#2932,#2933,#2934));
#8576=EDGE_LOOP('',(#2935,#2936,#2937,#2938));
#8577=EDGE_LOOP('',(#2939,#2940,#2941,#2942));
#8578=EDGE_LOOP('',(#2943,#2944,#2945,#2946));
#8579=EDGE_LOOP('',(#2947,#2948,#2949,#2950));
#8580=EDGE_LOOP('',(#2951,#2952,#2953,#2954));
#8581=EDGE_LOOP('',(#2955,#2956,#2957,#2958));
#8582=EDGE_LOOP('',(#2959,#2960,#2961,#2962));
#8583=EDGE_LOOP('',(#2963,#2964,#2965,#2966));
#8584=EDGE_LOOP('',(#2967,#2968,#2969,#2970));
#8585=EDGE_LOOP('',(#2971,#2972,#2973,#2974));
#8586=EDGE_LOOP('',(#2975,#2976,#2977,#2978));
#8587=EDGE_LOOP('',(#2979,#2980,#2981,#2982));
#8588=EDGE_LOOP('',(#2983,#2984,#2985,#2986));
#8589=EDGE_LOOP('',(#2987,#2988,#2989,#2990));
#8590=EDGE_LOOP('',(#2991,#2992,#2993,#2994));
#8591=EDGE_LOOP('',(#2995,#2996,#2997,#2998));
#8592=EDGE_LOOP('',(#2999,#3000,#3001,#3002));
#8593=EDGE_LOOP('',(#3003,#3004,#3005,#3006));
#8594=EDGE_LOOP('',(#3007,#3008,#3009,#3010));
#8595=EDGE_LOOP('',(#3011,#3012,#3013,#3014));
#8596=EDGE_LOOP('',(#3015,#3016,#3017,#3018));
#8597=EDGE_LOOP('',(#3019,#3020,#3021,#3022));
#8598=EDGE_LOOP('',(#3023,#3024,#3025,#3026));
#8599=EDGE_LOOP('',(#3027,#3028,#3029,#3030));
#8600=EDGE_LOOP('',(#3031,#3032,#3033,#3034));
#8601=EDGE_LOOP('',(#3035,#3036,#3037,#3038));
#8602=EDGE_LOOP('',(#3039,#3040,#3041,#3042));
#8603=EDGE_LOOP('',(#3043,#3044,#3045,#3046));
#8604=EDGE_LOOP('',(#3047,#3048,#3049,#3050));
#8605=EDGE_LOOP('',(#3051,#3052,#3053,#3054));
#8606=EDGE_LOOP('',(#3055,#3056,#3057,#3058));
#8607=EDGE_LOOP('',(#3059,#3060,#3061,#3062));
#8608=EDGE_LOOP('',(#3063,#3064,#3065,#3066));
#8609=EDGE_LOOP('',(#3067,#3068,#3069,#3070));
#8610=EDGE_LOOP('',(#3071,#3072,#3073,#3074));
#8611=EDGE_LOOP('',(#3075,#3076,#3077,#3078));
#8612=EDGE_LOOP('',(#3079,#3080,#3081,#3082));
#8613=EDGE_LOOP('',(#3083,#3084,#3085,#3086));
#8614=EDGE_LOOP('',(#3087,#3088,#3089,#3090));
#8615=EDGE_LOOP('',(#3091,#3092,#3093,#3094));
#8616=EDGE_LOOP('',(#3095,#3096,#3097,#3098));
#8617=EDGE_LOOP('',(#3099,#3100,#3101,#3102));
#8618=EDGE_LOOP('',(#3103,#3104,#3105,#3106));
#8619=EDGE_LOOP('',(#3107,#3108,#3109,#3110));
#8620=EDGE_LOOP('',(#3111,#3112,#3113,#3114));
#8621=EDGE_LOOP('',(#3115,#3116,#3117,#3118));
#8622=EDGE_LOOP('',(#3119,#3120,#3121,#3122));
#8623=EDGE_LOOP('',(#3123,#3124,#3125,#3126));
#8624=EDGE_LOOP('',(#3127,#3128,#3129,#3130));
#8625=EDGE_LOOP('',(#3131,#3132,#3133,#3134));
#8626=EDGE_LOOP('',(#3135,#3136,#3137,#3138));
#8627=EDGE_LOOP('',(#3139,#3140,#3141,#3142));
#8628=EDGE_LOOP('',(#3143,#3144,#3145,#3146));
#8629=EDGE_LOOP('',(#3147,#3148,#3149,#3150));
#8630=EDGE_LOOP('',(#3151,#3152,#3153,#3154));
#8631=EDGE_LOOP('',(#3155,#3156,#3157,#3158));
#8632=EDGE_LOOP('',(#3159,#3160,#3161,#3162));
#8633=EDGE_LOOP('',(#3163,#3164,#3165,#3166));
#8634=EDGE_LOOP('',(#3167,#3168,#3169,#3170));
#8635=EDGE_LOOP('',(#3171,#3172,#3173,#3174));
#8636=EDGE_LOOP('',(#3175,#3176,#3177,#3178));
#8637=EDGE_LOOP('',(#3179,#3180,#3181,#3182));
#8638=EDGE_LOOP('',(#3183,#3184,#3185,#3186));
#8639=EDGE_LOOP('',(#3187,#3188,#3189,#3190));
#8640=EDGE_LOOP('',(#3191,#3192,#3193,#3194));
#8641=EDGE_LOOP('',(#3195,#3196,#3197,#3198));
#8642=EDGE_LOOP('',(#3199,#3200,#3201,#3202));
#8643=EDGE_LOOP('',(#3203,#3204,#3205,#3206));
#8644=EDGE_LOOP('',(#3207,#3208,#3209,#3210));
#8645=EDGE_LOOP('',(#3211,#3212,#3213,#3214));
#8646=EDGE_LOOP('',(#3215,#3216,#3217,#3218));
#8647=EDGE_LOOP('',(#3219,#3220,#3221,#3222));
#8648=EDGE_LOOP('',(#3223,#3224,#3225,#3226));
#8649=EDGE_LOOP('',(#3227,#3228,#3229,#3230));
#8650=EDGE_LOOP('',(#3231,#3232,#3233,#3234));
#8651=EDGE_LOOP('',(#3235,#3236,#3237,#3238));
#8652=EDGE_LOOP('',(#3239,#3240,#3241,#3242));
#8653=EDGE_LOOP('',(#3243,#3244,#3245,#3246));
#8654=EDGE_LOOP('',(#3247,#3248,#3249,#3250));
#8655=EDGE_LOOP('',(#3251,#3252,#3253,#3254));
#8656=EDGE_LOOP('',(#3255,#3256,#3257,#3258));
#8657=EDGE_LOOP('',(#3259,#3260,#3261,#3262));
#8658=EDGE_LOOP('',(#3263,#3264,#3265,#3266));
#8659=EDGE_LOOP('',(#3267,#3268,#3269,#3270));
#8660=EDGE_LOOP('',(#3271,#3272,#3273,#3274));
#8661=EDGE_LOOP('',(#3275,#3276,#3277,#3278));
#8662=EDGE_LOOP('',(#3279,#3280,#3281,#3282));
#8663=EDGE_LOOP('',(#3283,#3284,#3285,#3286));
#8664=EDGE_LOOP('',(#3287,#3288,#3289,#3290));
#8665=EDGE_LOOP('',(#3291,#3292,#3293,#3294));
#8666=EDGE_LOOP('',(#3295,#3296,#3297,#3298));
#8667=EDGE_LOOP('',(#3299,#3300,#3301,#3302));
#8668=EDGE_LOOP('',(#3303,#3304,#3305,#3306));
#8669=EDGE_LOOP('',(#3307,#3308,#3309,#3310));
#8670=EDGE_LOOP('',(#3311,#3312,#3313,#3314));
#8671=EDGE_LOOP('',(#3315,#3316,#3317,#3318));
#8672=EDGE_LOOP('',(#3319,#3320,#3321,#3322));
#8673=EDGE_LOOP('',(#3323,#3324,#3325,#3326));
#8674=EDGE_LOOP('',(#3327,#3328,#3329,#3330));
#8675=EDGE_LOOP('',(#3331,#3332,#3333,#3334));
#8676=EDGE_LOOP('',(#3335,#3336,#3337,#3338));
#8677=EDGE_LOOP('',(#3339,#3340,#3341,#3342));
#8678=EDGE_LOOP('',(#3343,#3344,#3345,#3346));
#8679=EDGE_LOOP('',(#3347,#3348,#3349,#3350));
#8680=EDGE_LOOP('',(#3351,#3352,#3353,#3354));
#8681=EDGE_LOOP('',(#3355,#3356,#3357,#3358));
#8682=EDGE_LOOP('',(#3359,#3360,#3361,#3362));
#8683=EDGE_LOOP('',(#3363,#3364,#3365,#3366));
#8684=EDGE_LOOP('',(#3367,#3368,#3369,#3370));
#8685=EDGE_LOOP('',(#3371,#3372,#3373,#3374));
#8686=EDGE_LOOP('',(#3375,#3376,#3377,#3378));
#8687=EDGE_LOOP('',(#3379,#3380,#3381,#3382));
#8688=EDGE_LOOP('',(#3383,#3384,#3385,#3386));
#8689=EDGE_LOOP('',(#3387,#3388,#3389,#3390));
#8690=EDGE_LOOP('',(#3391,#3392,#3393,#3394));
#8691=EDGE_LOOP('',(#3395,#3396,#3397,#3398));
#8692=EDGE_LOOP('',(#3399,#3400,#3401,#3402));
#8693=EDGE_LOOP('',(#3403,#3404,#3405,#3406));
#8694=EDGE_LOOP('',(#3407,#3408,#3409,#3410));
#8695=EDGE_LOOP('',(#3411,#3412,#3413,#3414));
#8696=EDGE_LOOP('',(#3415,#3416,#3417,#3418));
#8697=EDGE_LOOP('',(#3419,#3420,#3421,#3422));
#8698=EDGE_LOOP('',(#3423,#3424,#3425,#3426));
#8699=EDGE_LOOP('',(#3427,#3428,#3429,#3430));
#8700=EDGE_LOOP('',(#3431,#3432,#3433,#3434));
#8701=EDGE_LOOP('',(#3435,#3436,#3437,#3438));
#8702=EDGE_LOOP('',(#3439,#3440,#3441,#3442));
#8703=EDGE_LOOP('',(#3443,#3444,#3445,#3446));
#8704=EDGE_LOOP('',(#3447,#3448,#3449,#3450));
#8705=EDGE_LOOP('',(#3451,#3452,#3453,#3454));
#8706=EDGE_LOOP('',(#3455,#3456,#3457,#3458));
#8707=EDGE_LOOP('',(#3459,#3460,#3461,#3462));
#8708=EDGE_LOOP('',(#3463,#3464,#3465,#3466));
#8709=EDGE_LOOP('',(#3467,#3468,#3469,#3470));
#8710=EDGE_LOOP('',(#3471,#3472,#3473,#3474));
#8711=EDGE_LOOP('',(#3475,#3476,#3477,#3478));
#8712=EDGE_LOOP('',(#3479,#3480,#3481,#3482));
#8713=EDGE_LOOP('',(#3483,#3484,#3485,#3486));
#8714=EDGE_LOOP('',(#3487,#3488,#3489,#3490));
#8715=EDGE_LOOP('',(#3491,#3492,#3493,#3494));
#8716=EDGE_LOOP('',(#3495,#3496,#3497,#3498));
#8717=EDGE_LOOP('',(#3499,#3500,#3501,#3502));
#8718=EDGE_LOOP('',(#3503,#3504,#3505,#3506));
#8719=EDGE_LOOP('',(#3507,#3508,#3509,#3510));
#8720=EDGE_LOOP('',(#3511,#3512,#3513,#3514));
#8721=EDGE_LOOP('',(#3515,#3516,#3517,#3518));
#8722=EDGE_LOOP('',(#3519,#3520,#3521,#3522));
#8723=EDGE_LOOP('',(#3523,#3524,#3525,#3526));
#8724=EDGE_LOOP('',(#3527,#3528,#3529,#3530));
#8725=EDGE_LOOP('',(#3531,#3532,#3533,#3534));
#8726=EDGE_LOOP('',(#3535,#3536,#3537,#3538));
#8727=EDGE_LOOP('',(#3539,#3540,#3541,#3542));
#8728=EDGE_LOOP('',(#3543,#3544,#3545,#3546));
#8729=EDGE_LOOP('',(#3547,#3548,#3549,#3550));
#8730=EDGE_LOOP('',(#3551,#3552,#3553,#3554));
#8731=EDGE_LOOP('',(#3555,#3556,#3557,#3558));
#8732=EDGE_LOOP('',(#3559,#3560,#3561,#3562));
#8733=EDGE_LOOP('',(#3563,#3564,#3565,#3566));
#8734=EDGE_LOOP('',(#3567,#3568,#3569,#3570));
#8735=EDGE_LOOP('',(#3571,#3572,#3573,#3574));
#8736=EDGE_LOOP('',(#3575,#3576,#3577,#3578));
#8737=EDGE_LOOP('',(#3579,#3580,#3581,#3582));
#8738=EDGE_LOOP('',(#3583,#3584,#3585,#3586));
#8739=EDGE_LOOP('',(#3587,#3588,#3589,#3590));
#8740=EDGE_LOOP('',(#3591,#3592,#3593,#3594));
#8741=EDGE_LOOP('',(#3595,#3596,#3597,#3598));
#8742=EDGE_LOOP('',(#3599,#3600,#3601,#3602));
#8743=EDGE_LOOP('',(#3603,#3604,#3605,#3606));
#8744=EDGE_LOOP('',(#3607,#3608,#3609,#3610));
#8745=EDGE_LOOP('',(#3611,#3612,#3613,#3614));
#8746=EDGE_LOOP('',(#3615,#3616,#3617,#3618));
#8747=EDGE_LOOP('',(#3619,#3620,#3621,#3622));
#8748=EDGE_LOOP('',(#3623,#3624,#3625,#3626));
#8749=EDGE_LOOP('',(#3627,#3628,#3629,#3630));
#8750=EDGE_LOOP('',(#3631,#3632,#3633,#3634));
#8751=FACE_BOUND('',#8131,.T.);
#8752=FACE_BOUND('',#8132,.T.);
#8753=FACE_BOUND('',#8133,.T.);
#8754=FACE_BOUND('',#8134,.T.);
#8755=FACE_BOUND('',#8135,.T.);
#8756=FACE_BOUND('',#8136,.T.);
#8757=FACE_BOUND('',#8137,.T.);
#8758=FACE_BOUND('',#8138,.T.);
#8759=FACE_BOUND('',#8139,.T.);
#8760=FACE_BOUND('',#8140,.T.);
#8761=FACE_BOUND('',#8141,.T.);
#8762=FACE_BOUND('',#8142,.T.);
#8763=FACE_BOUND('',#8143,.T.);
#8764=FACE_BOUND('',#8144,.T.);
#8765=FACE_BOUND('',#8145,.T.);
#8766=FACE_BOUND('',#8146,.T.);
#8767=FACE_BOUND('',#8147,.T.);
#8768=FACE_BOUND('',#8148,.T.);
#8769=FACE_BOUND('',#8149,.T.);
#8770=FACE_BOUND('',#8150,.T.);
#8771=FACE_BOUND('',#8151,.T.);
#8772=FACE_BOUND('',#8152,.T.);
#8773=FACE_BOUND('',#8153,.T.);
#8774=FACE_BOUND('',#8154,.T.);
#8775=FACE_BOUND('',#8155,.T.);
#8776=FACE_BOUND('',#8156,.T.);
#8777=FACE_BOUND('',#8157,.T.);
#8778=FACE_BOUND('',#8158,.T.);
#8779=FACE_BOUND('',#8159,.T.);
#8780=FACE_BOUND('',#8160,.T.);
#8781=FACE_BOUND('',#8161,.T.);
#8782=FACE_BOUND('',#8162,.T.);
#8783=FACE_BOUND('',#8163,.T.);
#8784=FACE_BOUND('',#8164,.T.);
#8785=FACE_BOUND('',#8165,.T.);
#8786=FACE_BOUND('',#8166,.T.);
#8787=FACE_BOUND('',#8167,.T.);
#8788=FACE_BOUND('',#8168,.T.);
#8789=FACE_BOUND('',#8169,.T.);
#8790=FACE_BOUND('',#8170,.T.);
#8791=FACE_BOUND('',#8171,.T.);
#8792=FACE_BOUND('',#8172,.T.);
#8793=FACE_BOUND('',#8173,.T.);
#8794=FACE_BOUND('',#8174,.T.);
#8795=FACE_BOUND('',#8175,.T.);
#8796=FACE_BOUND('',#8176,.T.);
#8797=FACE_BOUND('',#8177,.T.);
#8798=FACE_BOUND('',#8178,.T.);
#8799=FACE_BOUND('',#8179,.T.);
#8800=FACE_BOUND('',#8180,.T.);
#8801=FACE_BOUND('',#8181,.T.);
#8802=FACE_BOUND('',#8182,.T.);
#8803=FACE_BOUND('',#8183,.T.);
#8804=FACE_BOUND('',#8184,.T.);
#8805=FACE_BOUND('',#8185,.T.);
#8806=FACE_BOUND('',#8186,.T.);
#8807=FACE_BOUND('',#8187,.T.);
#8808=FACE_BOUND('',#8188,.T.);
#8809=FACE_BOUND('',#8189,.T.);
#8810=FACE_BOUND('',#8190,.T.);
#8811=FACE_BOUND('',#8191,.T.);
#8812=FACE_BOUND('',#8192,.T.);
#8813=FACE_BOUND('',#8193,.T.);
#8814=FACE_BOUND('',#8194,.T.);
#8815=FACE_BOUND('',#8195,.T.);
#8816=FACE_BOUND('',#8196,.T.);
#8817=FACE_BOUND('',#8197,.T.);
#8818=FACE_BOUND('',#8198,.T.);
#8819=FACE_BOUND('',#8199,.T.);
#8820=FACE_BOUND('',#8200,.T.);
#8821=FACE_BOUND('',#8201,.T.);
#8822=FACE_BOUND('',#8202,.T.);
#8823=FACE_BOUND('',#8203,.T.);
#8824=FACE_BOUND('',#8204,.T.);
#8825=FACE_BOUND('',#8205,.T.);
#8826=FACE_BOUND('',#8206,.T.);
#8827=FACE_BOUND('',#8207,.T.);
#8828=FACE_BOUND('',#8208,.T.);
#8829=FACE_BOUND('',#8209,.T.);
#8830=FACE_BOUND('',#8210,.T.);
#8831=FACE_BOUND('',#8211,.T.);
#8832=FACE_BOUND('',#8212,.T.);
#8833=FACE_BOUND('',#8213,.T.);
#8834=FACE_BOUND('',#8214,.T.);
#8835=FACE_BOUND('',#8215,.T.);
#8836=FACE_BOUND('',#8216,.T.);
#8837=FACE_BOUND('',#8217,.T.);
#8838=FACE_BOUND('',#8218,.T.);
#8839=FACE_BOUND('',#8219,.T.);
#8840=FACE_BOUND('',#8220,.T.);
#8841=FACE_BOUND('',#8221,.T.);
#8842=FACE_BOUND('',#8222,.T.);
#8843=FACE_BOUND('',#8223,.T.);
#8844=FACE_BOUND('',#8224,.T.);
#8845=FACE_BOUND('',#8225,.T.);
#8846=FACE_BOUND('',#8226,.T.);
#8847=FACE_BOUND('',#8227,.T.);
#8848=FACE_BOUND('',#8228,.T.);
#8849=FACE_BOUND('',#8229,.T.);
#8850=FACE_BOUND('',#8230,.T.);
#8851=FACE_BOUND('',#8231,.T.);
#8852=FACE_BOUND('',#8232,.T.);
#8853=FACE_BOUND('',#8233,.T.);
#8854=FACE_BOUND('',#8234,.T.);
#8855=FACE_BOUND('',#8235,.T.);
#8856=FACE_BOUND('',#8236,.T.);
#8857=FACE_BOUND('',#8237,.T.);
#8858=FACE_BOUND('',#8238,.T.);
#8859=FACE_BOUND('',#8239,.T.);
#8860=FACE_BOUND('',#8240,.T.);
#8861=FACE_BOUND('',#8241,.T.);
#8862=FACE_BOUND('',#8242,.T.);
#8863=FACE_BOUND('',#8243,.T.);
#8864=FACE_BOUND('',#8244,.T.);
#8865=FACE_BOUND('',#8245,.T.);
#8866=FACE_BOUND('',#8246,.T.);
#8867=FACE_BOUND('',#8247,.T.);
#8868=FACE_BOUND('',#8248,.T.);
#8869=FACE_BOUND('',#8249,.T.);
#8870=FACE_BOUND('',#8250,.T.);
#8871=FACE_BOUND('',#8251,.T.);
#8872=FACE_BOUND('',#8252,.T.);
#8873=FACE_BOUND('',#8253,.T.);
#8874=FACE_BOUND('',#8254,.T.);
#8875=FACE_BOUND('',#8255,.T.);
#8876=FACE_BOUND('',#8256,.T.);
#8877=FACE_BOUND('',#8257,.T.);
#8878=FACE_BOUND('',#8258,.T.);
#8879=FACE_BOUND('',#8259,.T.);
#8880=FACE_BOUND('',#8260,.T.);
#8881=FACE_BOUND('',#8261,.T.);
#8882=FACE_BOUND('',#8262,.T.);
#8883=FACE_BOUND('',#8263,.T.);
#8884=FACE_BOUND('',#8264,.T.);
#8885=FACE_BOUND('',#8265,.T.);
#8886=FACE_BOUND('',#8266,.T.);
#8887=FACE_BOUND('',#8267,.T.);
#8888=FACE_BOUND('',#8268,.T.);
#8889=FACE_BOUND('',#8269,.T.);
#8890=FACE_BOUND('',#8270,.T.);
#8891=FACE_BOUND('',#8271,.T.);
#8892=FACE_BOUND('',#8272,.T.);
#8893=FACE_BOUND('',#8273,.T.);
#8894=FACE_BOUND('',#8274,.T.);
#8895=FACE_BOUND('',#8275,.T.);
#8896=FACE_BOUND('',#8276,.T.);
#8897=FACE_BOUND('',#8277,.T.);
#8898=FACE_BOUND('',#8278,.T.);
#8899=FACE_BOUND('',#8279,.T.);
#8900=FACE_BOUND('',#8280,.T.);
#8901=FACE_BOUND('',#8281,.T.);
#8902=FACE_BOUND('',#8282,.T.);
#8903=FACE_BOUND('',#8283,.T.);
#8904=FACE_BOUND('',#8284,.T.);
#8905=FACE_BOUND('',#8285,.T.);
#8906=FACE_BOUND('',#8286,.T.);
#8907=FACE_BOUND('',#8287,.T.);
#8908=FACE_BOUND('',#8288,.T.);
#8909=FACE_BOUND('',#8289,.T.);
#8910=FACE_BOUND('',#8290,.T.);
#8911=FACE_BOUND('',#8291,.T.);
#8912=FACE_BOUND('',#8292,.T.);
#8913=FACE_BOUND('',#8293,.T.);
#8914=FACE_BOUND('',#8294,.T.);
#8915=FACE_BOUND('',#8295,.T.);
#8916=FACE_BOUND('',#8296,.T.);
#8917=FACE_BOUND('',#8297,.T.);
#8918=FACE_BOUND('',#8298,.T.);
#8919=FACE_BOUND('',#8299,.T.);
#8920=FACE_BOUND('',#8300,.T.);
#8921=FACE_BOUND('',#8301,.T.);
#8922=FACE_BOUND('',#8302,.T.);
#8923=FACE_BOUND('',#8303,.T.);
#8924=FACE_BOUND('',#8304,.T.);
#8925=FACE_BOUND('',#8305,.T.);
#8926=FACE_BOUND('',#8306,.T.);
#8927=FACE_BOUND('',#8307,.T.);
#8928=FACE_BOUND('',#8308,.T.);
#8929=FACE_BOUND('',#8309,.T.);
#8930=FACE_BOUND('',#8310,.T.);
#8931=FACE_BOUND('',#8311,.T.);
#8932=FACE_BOUND('',#8312,.T.);
#8933=FACE_BOUND('',#8313,.T.);
#8934=FACE_BOUND('',#8314,.T.);
#8935=FACE_BOUND('',#8315,.T.);
#8936=FACE_BOUND('',#8316,.T.);
#8937=FACE_BOUND('',#8317,.T.);
#8938=FACE_BOUND('',#8318,.T.);
#8939=FACE_BOUND('',#8319,.T.);
#8940=FACE_BOUND('',#8320,.T.);
#8941=FACE_BOUND('',#8321,.T.);
#8942=FACE_BOUND('',#8322,.T.);
#8943=FACE_BOUND('',#8323,.T.);
#8944=FACE_BOUND('',#8324,.T.);
#8945=FACE_BOUND('',#8325,.T.);
#8946=FACE_BOUND('',#8326,.T.);
#8947=FACE_BOUND('',#8327,.T.);
#8948=FACE_BOUND('',#8328,.T.);
#8949=FACE_BOUND('',#8329,.T.);
#8950=FACE_BOUND('',#8330,.T.);
#8951=FACE_BOUND('',#8331,.T.);
#8952=FACE_BOUND('',#8332,.T.);
#8953=FACE_BOUND('',#8333,.T.);
#8954=FACE_BOUND('',#8334,.T.);
#8955=FACE_BOUND('',#8335,.T.);
#8956=FACE_BOUND('',#8336,.T.);
#8957=FACE_BOUND('',#8337,.T.);
#8958=FACE_BOUND('',#8338,.T.);
#8959=FACE_BOUND('',#8339,.T.);
#8960=FACE_BOUND('',#8340,.T.);
#8961=FACE_BOUND('',#8341,.T.);
#8962=FACE_BOUND('',#8342,.T.);
#8963=FACE_BOUND('',#8343,.T.);
#8964=FACE_BOUND('',#8344,.T.);
#8965=FACE_BOUND('',#8345,.T.);
#8966=FACE_BOUND('',#8346,.T.);
#8967=FACE_BOUND('',#8347,.T.);
#8968=FACE_BOUND('',#8348,.T.);
#8969=FACE_BOUND('',#8349,.T.);
#8970=FACE_BOUND('',#8350,.T.);
#8971=FACE_BOUND('',#8351,.T.);
#8972=FACE_BOUND('',#8352,.T.);
#8973=FACE_BOUND('',#8353,.T.);
#8974=FACE_BOUND('',#8354,.T.);
#8975=FACE_BOUND('',#8355,.T.);
#8976=FACE_BOUND('',#8356,.T.);
#8977=FACE_BOUND('',#8357,.T.);
#8978=FACE_BOUND('',#8358,.T.);
#8979=FACE_BOUND('',#8359,.T.);
#8980=FACE_BOUND('',#8360,.T.);
#8981=FACE_BOUND('',#8361,.T.);
#8982=FACE_BOUND('',#8362,.T.);
#8983=FACE_BOUND('',#8363,.T.);
#8984=FACE_BOUND('',#8364,.T.);
#8985=FACE_BOUND('',#8365,.T.);
#8986=FACE_BOUND('',#8366,.T.);
#8987=FACE_BOUND('',#8367,.T.);
#8988=FACE_BOUND('',#8368,.T.);
#8989=FACE_BOUND('',#8369,.T.);
#8990=FACE_BOUND('',#8370,.T.);
#8991=FACE_BOUND('',#8371,.T.);
#8992=FACE_BOUND('',#8372,.T.);
#8993=FACE_BOUND('',#8373,.T.);
#8994=FACE_BOUND('',#8374,.T.);
#8995=FACE_BOUND('',#8375,.T.);
#8996=FACE_BOUND('',#8376,.T.);
#8997=FACE_BOUND('',#8377,.T.);
#8998=FACE_BOUND('',#8378,.T.);
#8999=FACE_BOUND('',#8379,.T.);
#9000=FACE_BOUND('',#8380,.T.);
#9001=FACE_BOUND('',#8381,.T.);
#9002=FACE_BOUND('',#8382,.T.);
#9003=FACE_BOUND('',#8383,.T.);
#9004=FACE_BOUND('',#8384,.T.);
#9005=FACE_BOUND('',#8385,.T.);
#9006=FACE_BOUND('',#8386,.T.);
#9007=FACE_BOUND('',#8387,.T.);
#9008=FACE_BOUND('',#8388,.T.);
#9009=FACE_BOUND('',#8389,.T.);
#9010=FACE_BOUND('',#8390,.T.);
#9011=FACE_BOUND('',#8391,.T.);
#9012=FACE_BOUND('',#8392,.T.);
#9013=FACE_BOUND('',#8393,.T.);
#9014=FACE_BOUND('',#8394,.T.);
#9015=FACE_BOUND('',#8395,.T.);
#9016=FACE_BOUND('',#8396,.T.);
#9017=FACE_BOUND('',#8397,.T.);
#9018=FACE_BOUND('',#8398,.T.);
#9019=FACE_BOUND('',#8399,.T.);
#9020=FACE_BOUND('',#8400,.T.);
#9021=FACE_BOUND('',#8401,.T.);
#9022=FACE_BOUND('',#8402,.T.);
#9023=FACE_BOUND('',#8403,.T.);
#9024=FACE_BOUND('',#8404,.T.);
#9025=FACE_BOUND('',#8405,.T.);
#9026=FACE_BOUND('',#8406,.T.);
#9027=FACE_BOUND('',#8407,.T.);
#9028=FACE_BOUND('',#8408,.T.);
#9029=FACE_BOUND('',#8409,.T.);
#9030=FACE_BOUND('',#8410,.T.);
#9031=FACE_BOUND('',#8411,.T.);
#9032=FACE_BOUND('',#8412,.T.);
#9033=FACE_BOUND('',#8413,.T.);
#9034=FACE_BOUND('',#8414,.T.);
#9035=FACE_BOUND('',#8415,.T.);
#9036=FACE_BOUND('',#8416,.T.);
#9037=FACE_BOUND('',#8417,.T.);
#9038=FACE_BOUND('',#8418,.T.);
#9039=FACE_BOUND('',#8419,.T.);
#9040=FACE_BOUND('',#8420,.T.);
#9041=FACE_BOUND('',#8421,.T.);
#9042=FACE_BOUND('',#8422,.T.);
#9043=FACE_BOUND('',#8423,.T.);
#9044=FACE_BOUND('',#8424,.T.);
#9045=FACE_BOUND('',#8425,.T.);
#9046=FACE_BOUND('',#8426,.T.);
#9047=FACE_BOUND('',#8427,.T.);
#9048=FACE_BOUND('',#8428,.T.);
#9049=FACE_BOUND('',#8429,.T.);
#9050=FACE_BOUND('',#8430,.T.);
#9051=FACE_BOUND('',#8431,.T.);
#9052=FACE_BOUND('',#8432,.T.);
#9053=FACE_BOUND('',#8433,.T.);
#9054=FACE_BOUND('',#8434,.T.);
#9055=FACE_BOUND('',#8435,.T.);
#9056=FACE_BOUND('',#8436,.T.);
#9057=FACE_BOUND('',#8437,.T.);
#9058=FACE_BOUND('',#8438,.T.);
#9059=FACE_BOUND('',#8439,.T.);
#9060=FACE_BOUND('',#8440,.T.);
#9061=FACE_BOUND('',#8441,.T.);
#9062=FACE_BOUND('',#8442,.T.);
#9063=FACE_BOUND('',#8443,.T.);
#9064=FACE_BOUND('',#8444,.T.);
#9065=FACE_BOUND('',#8445,.T.);
#9066=FACE_BOUND('',#8446,.T.);
#9067=FACE_BOUND('',#8447,.T.);
#9068=FACE_BOUND('',#8448,.T.);
#9069=FACE_BOUND('',#8449,.T.);
#9070=FACE_BOUND('',#8450,.T.);
#9071=FACE_BOUND('',#8451,.T.);
#9072=FACE_BOUND('',#8452,.T.);
#9073=FACE_BOUND('',#8453,.T.);
#9074=FACE_BOUND('',#8454,.T.);
#9075=FACE_BOUND('',#8455,.T.);
#9076=FACE_BOUND('',#8456,.T.);
#9077=FACE_BOUND('',#8457,.T.);
#9078=FACE_BOUND('',#8458,.T.);
#9079=FACE_BOUND('',#8459,.T.);
#9080=FACE_BOUND('',#8460,.T.);
#9081=FACE_BOUND('',#8461,.T.);
#9082=FACE_BOUND('',#8462,.T.);
#9083=FACE_BOUND('',#8463,.T.);
#9084=FACE_BOUND('',#8464,.T.);
#9085=FACE_BOUND('',#8465,.T.);
#9086=FACE_BOUND('',#8466,.T.);
#9087=FACE_BOUND('',#8467,.T.);
#9088=FACE_BOUND('',#8468,.T.);
#9089=FACE_BOUND('',#8469,.T.);
#9090=FACE_BOUND('',#8470,.T.);
#9091=FACE_BOUND('',#8471,.T.);
#9092=FACE_BOUND('',#8472,.T.);
#9093=FACE_BOUND('',#8473,.T.);
#9094=FACE_BOUND('',#8474,.T.);
#9095=FACE_BOUND('',#8475,.T.);
#9096=FACE_BOUND('',#8476,.T.);
#9097=FACE_BOUND('',#8477,.T.);
#9098=FACE_BOUND('',#8478,.T.);
#9099=FACE_BOUND('',#8479,.T.);
#9100=FACE_BOUND('',#8480,.T.);
#9101=FACE_BOUND('',#8481,.T.);
#9102=FACE_BOUND('',#8482,.T.);
#9103=FACE_BOUND('',#8483,.T.);
#9104=FACE_BOUND('',#8484,.T.);
#9105=FACE_BOUND('',#8485,.T.);
#9106=FACE_BOUND('',#8486,.T.);
#9107=FACE_BOUND('',#8487,.T.);
#9108=FACE_BOUND('',#8488,.T.);
#9109=FACE_BOUND('',#8489,.T.);
#9110=FACE_BOUND('',#8490,.T.);
#9111=FACE_BOUND('',#8491,.T.);
#9112=FACE_BOUND('',#8492,.T.);
#9113=FACE_BOUND('',#8493,.T.);
#9114=FACE_BOUND('',#8494,.T.);
#9115=FACE_BOUND('',#8495,.T.);
#9116=FACE_BOUND('',#8496,.T.);
#9117=FACE_BOUND('',#8497,.T.);
#9118=FACE_BOUND('',#8498,.T.);
#9119=FACE_BOUND('',#8499,.T.);
#9120=FACE_BOUND('',#8500,.T.);
#9121=FACE_BOUND('',#8501,.T.);
#9122=FACE_BOUND('',#8502,.T.);
#9123=FACE_BOUND('',#8503,.T.);
#9124=FACE_BOUND('',#8504,.T.);
#9125=FACE_BOUND('',#8505,.T.);
#9126=FACE_BOUND('',#8506,.T.);
#9127=FACE_BOUND('',#8507,.T.);
#9128=FACE_BOUND('',#8508,.T.);
#9129=FACE_BOUND('',#8509,.T.);
#9130=FACE_BOUND('',#8510,.T.);
#9131=FACE_BOUND('',#8511,.T.);
#9132=FACE_BOUND('',#8512,.T.);
#9133=FACE_BOUND('',#8513,.T.);
#9134=FACE_BOUND('',#8514,.T.);
#9135=FACE_BOUND('',#8515,.T.);
#9136=FACE_BOUND('',#8516,.T.);
#9137=FACE_BOUND('',#8517,.T.);
#9138=FACE_BOUND('',#8518,.T.);
#9139=FACE_BOUND('',#8519,.T.);
#9140=FACE_BOUND('',#8520,.T.);
#9141=FACE_BOUND('',#8521,.T.);
#9142=FACE_BOUND('',#8522,.T.);
#9143=FACE_BOUND('',#8523,.T.);
#9144=FACE_BOUND('',#8524,.T.);
#9145=FACE_BOUND('',#8525,.T.);
#9146=FACE_BOUND('',#8526,.T.);
#9147=FACE_BOUND('',#8527,.T.);
#9148=FACE_BOUND('',#8528,.T.);
#9149=FACE_BOUND('',#8529,.T.);
#9150=FACE_BOUND('',#8530,.T.);
#9151=FACE_BOUND('',#8531,.T.);
#9152=FACE_BOUND('',#8532,.T.);
#9153=FACE_BOUND('',#8533,.T.);
#9154=FACE_BOUND('',#8534,.T.);
#9155=FACE_BOUND('',#8535,.T.);
#9156=FACE_BOUND('',#8536,.T.);
#9157=FACE_BOUND('',#8537,.T.);
#9158=FACE_BOUND('',#8538,.T.);
#9159=FACE_BOUND('',#8539,.T.);
#9160=FACE_BOUND('',#8540,.T.);
#9161=FACE_BOUND('',#8541,.T.);
#9162=FACE_BOUND('',#8542,.T.);
#9163=FACE_BOUND('',#8543,.T.);
#9164=FACE_BOUND('',#8544,.T.);
#9165=FACE_BOUND('',#8545,.T.);
#9166=FACE_BOUND('',#8546,.T.);
#9167=FACE_BOUND('',#8547,.T.);
#9168=FACE_BOUND('',#8548,.T.);
#9169=FACE_BOUND('',#8549,.T.);
#9170=FACE_BOUND('',#8550,.T.);
#9171=FACE_BOUND('',#8551,.T.);
#9172=FACE_BOUND('',#8552,.T.);
#9173=FACE_BOUND('',#8553,.T.);
#9174=FACE_BOUND('',#8554,.T.);
#9175=FACE_BOUND('',#8555,.T.);
#9176=FACE_BOUND('',#8556,.T.);
#9177=FACE_BOUND('',#8557,.T.);
#9178=FACE_BOUND('',#8558,.T.);
#9179=FACE_BOUND('',#8559,.T.);
#9180=FACE_BOUND('',#8560,.T.);
#9181=FACE_BOUND('',#8561,.T.);
#9182=FACE_BOUND('',#8562,.T.);
#9183=FACE_BOUND('',#8563,.T.);
#9184=FACE_BOUND('',#8564,.T.);
#9185=FACE_BOUND('',#8565,.T.);
#9186=FACE_BOUND('',#8566,.T.);
#9187=FACE_BOUND('',#8567,.T.);
#9188=FACE_BOUND('',#8568,.T.);
#9189=FACE_BOUND('',#8569,.T.);
#9190=FACE_BOUND('',#8570,.T.);
#9191=FACE_BOUND('',#8571,.T.);
#9192=FACE_BOUND('',#8572,.T.);
#9193=FACE_BOUND('',#8573,.T.);
#9194=FACE_BOUND('',#8574,.T.);
#9195=FACE_BOUND('',#8575,.T.);
#9196=FACE_BOUND('',#8576,.T.);
#9197=FACE_BOUND('',#8577,.T.);
#9198=FACE_BOUND('',#8578,.T.);
#9199=FACE_BOUND('',#8579,.T.);
#9200=FACE_BOUND('',#8580,.T.);
#9201=FACE_BOUND('',#8581,.T.);
#9202=FACE_BOUND('',#8582,.T.);
#9203=FACE_BOUND('',#8583,.T.);
#9204=FACE_BOUND('',#8584,.T.);
#9205=FACE_BOUND('',#8585,.T.);
#9206=FACE_BOUND('',#8586,.T.);
#9207=FACE_BOUND('',#8587,.T.);
#9208=FACE_BOUND('',#8588,.T.);
#9209=FACE_BOUND('',#8589,.T.);
#9210=FACE_BOUND('',#8590,.T.);
#9211=FACE_BOUND('',#8591,.T.);
#9212=FACE_BOUND('',#8592,.T.);
#9213=FACE_BOUND('',#8593,.T.);
#9214=FACE_BOUND('',#8594,.T.);
#9215=FACE_BOUND('',#8595,.T.);
#9216=FACE_BOUND('',#8596,.T.);
#9217=FACE_BOUND('',#8597,.T.);
#9218=FACE_BOUND('',#8598,.T.);
#9219=FACE_BOUND('',#8599,.T.);
#9220=FACE_BOUND('',#8600,.T.);
#9221=FACE_BOUND('',#8601,.T.);
#9222=FACE_BOUND('',#8602,.T.);
#9223=FACE_BOUND('',#8603,.T.);
#9224=FACE_BOUND('',#8604,.T.);
#9225=FACE_BOUND('',#8605,.T.);
#9226=FACE_BOUND('',#8606,.T.);
#9227=FACE_BOUND('',#8607,.T.);
#9228=FACE_BOUND('',#8608,.T.);
#9229=FACE_BOUND('',#8609,.T.);
#9230=FACE_BOUND('',#8610,.T.);
#9231=FACE_BOUND('',#8611,.T.);
#9232=FACE_BOUND('',#8612,.T.);
#9233=FACE_BOUND('',#8613,.T.);
#9234=FACE_BOUND('',#8614,.T.);
#9235=FACE_BOUND('',#8615,.T.);
#9236=FACE_BOUND('',#8616,.T.);
#9237=FACE_BOUND('',#8617,.T.);
#9238=FACE_BOUND('',#8618,.T.);
#9239=FACE_BOUND('',#8619,.T.);
#9240=FACE_BOUND('',#8620,.T.);
#9241=FACE_BOUND('',#8621,.T.);
#9242=FACE_BOUND('',#8622,.T.);
#9243=FACE_BOUND('',#8623,.T.);
#9244=FACE_BOUND('',#8624,.T.);
#9245=FACE_BOUND('',#8625,.T.);
#9246=FACE_BOUND('',#8626,.T.);
#9247=FACE_BOUND('',#8627,.T.);
#9248=FACE_BOUND('',#8628,.T.);
#9249=FACE_BOUND('',#8629,.T.);
#9250=FACE_BOUND('',#8630,.T.);
#9251=FACE_BOUND('',#8631,.T.);
#9252=FACE_BOUND('',#8632,.T.);
#9253=FACE_BOUND('',#8633,.T.);
#9254=FACE_BOUND('',#8634,.T.);
#9255=FACE_BOUND('',#8635,.T.);
#9256=FACE_BOUND('',#8636,.T.);
#9257=FACE_BOUND('',#8637,.T.);
#9258=FACE_BOUND('',#8638,.T.);
#9259=FACE_BOUND('',#8639,.T.);
#9260=FACE_BOUND('',#8640,.T.);
#9261=FACE_BOUND('',#8641,.T.);
#9262=FACE_BOUND('',#8642,.T.);
#9263=FACE_BOUND('',#8643,.T.);
#9264=FACE_BOUND('',#8644,.T.);
#9265=FACE_BOUND('',#8645,.T.);
#9266=FACE_BOUND('',#8646,.T.);
#9267=FACE_BOUND('',#8647,.T.);
#9268=FACE_BOUND('',#8648,.T.);
#9269=FACE_BOUND('',#8649,.T.);
#9270=FACE_BOUND('',#8650,.T.);
#9271=FACE_BOUND('',#8651,.T.);
#9272=FACE_BOUND('',#8652,.T.);
#9273=FACE_BOUND('',#8653,.T.);
#9274=FACE_BOUND('',#8654,.T.);
#9275=FACE_BOUND('',#8655,.T.);
#9276=FACE_BOUND('',#8656,.T.);
#9277=FACE_BOUND('',#8657,.T.);
#9278=FACE_BOUND('',#8658,.T.);
#9279=FACE_BOUND('',#8659,.T.);
#9280=FACE_BOUND('',#8660,.T.);
#9281=FACE_BOUND('',#8661,.T.);
#9282=FACE_BOUND('',#8662,.T.);
#9283=FACE_BOUND('',#8663,.T.);
#9284=FACE_BOUND('',#8664,.T.);
#9285=FACE_BOUND('',#8665,.T.);
#9286=FACE_BOUND('',#8666,.T.);
#9287=FACE_BOUND('',#8667,.T.);
#9288=FACE_BOUND('',#8668,.T.);
#9289=FACE_BOUND('',#8669,.T.);
#9290=FACE_BOUND('',#8670,.T.);
#9291=FACE_BOUND('',#8671,.T.);
#9292=FACE_BOUND('',#8672,.T.);
#9293=FACE_BOUND('',#8673,.T.);
#9294=FACE_BOUND('',#8674,.T.);
#9295=FACE_BOUND('',#8675,.T.);
#9296=FACE_BOUND('',#8676,.T.);
#9297=FACE_BOUND('',#8677,.T.);
#9298=FACE_BOUND('',#8678,.T.);
#9299=FACE_BOUND('',#8679,.T.);
#9300=FACE_BOUND('',#8680,.T.);
#9301=FACE_BOUND('',#8681,.T.);
#9302=FACE_BOUND('',#8682,.T.);
#9303=FACE_BOUND('',#8683,.T.);
#9304=FACE_BOUND('',#8684,.T.);
#9305=FACE_BOUND('',#8685,.T.);
#9306=FACE_BOUND('',#8686,.T.);
#9307=FACE_BOUND('',#8687,.T.);
#9308=FACE_BOUND('',#8688,.T.);
#9309=FACE_BOUND('',#8689,.T.);
#9310=FACE_BOUND('',#8690,.T.);
#9311=FACE_BOUND('',#8691,.T.);
#9312=FACE_BOUND('',#8692,.T.);
#9313=FACE_BOUND('',#8693,.T.);
#9314=FACE_BOUND('',#8694,.T.);
#9315=FACE_BOUND('',#8695,.T.);
#9316=FACE_BOUND('',#8696,.T.);
#9317=FACE_BOUND('',#8697,.T.);
#9318=FACE_BOUND('',#8698,.T.);
#9319=FACE_BOUND('',#8699,.T.);
#9320=FACE_BOUND('',#8700,.T.);
#9321=FACE_BOUND('',#8701,.T.);
#9322=FACE_BOUND('',#8702,.T.);
#9323=FACE_BOUND('',#8703,.T.);
#9324=FACE_BOUND('',#8704,.T.);
#9325=FACE_BOUND('',#8705,.T.);
#9326=FACE_BOUND('',#8706,.T.);
#9327=FACE_BOUND('',#8707,.T.);
#9328=FACE_BOUND('',#8708,.T.);
#9329=FACE_BOUND('',#8709,.T.);
#9330=FACE_BOUND('',#8710,.T.);
#9331=FACE_BOUND('',#8711,.T.);
#9332=FACE_BOUND('',#8712,.T.);
#9333=FACE_BOUND('',#8713,.T.);
#9334=FACE_BOUND('',#8714,.T.);
#9335=FACE_BOUND('',#8715,.T.);
#9336=FACE_BOUND('',#8716,.T.);
#9337=FACE_BOUND('',#8717,.T.);
#9338=FACE_BOUND('',#8718,.T.);
#9339=FACE_BOUND('',#8719,.T.);
#9340=FACE_BOUND('',#8720,.T.);
#9341=FACE_BOUND('',#8721,.T.);
#9342=FACE_BOUND('',#8722,.T.);
#9343=FACE_BOUND('',#8723,.T.);
#9344=FACE_BOUND('',#8724,.T.);
#9345=FACE_BOUND('',#8725,.T.);
#9346=FACE_BOUND('',#8726,.T.);
#9347=FACE_BOUND('',#8727,.T.);
#9348=FACE_BOUND('',#8728,.T.);
#9349=FACE_BOUND('',#8729,.T.);
#9350=FACE_BOUND('',#8730,.T.);
#9351=FACE_BOUND('',#8731,.T.);
#9352=FACE_BOUND('',#8732,.T.);
#9353=FACE_BOUND('',#8733,.T.);
#9354=FACE_BOUND('',#8734,.T.);
#9355=FACE_BOUND('',#8735,.T.);
#9356=FACE_BOUND('',#8736,.T.);
#9357=FACE_BOUND('',#8737,.T.);
#9358=FACE_BOUND('',#8738,.T.);
#9359=FACE_BOUND('',#8739,.T.);
#9360=FACE_BOUND('',#8740,.T.);
#9361=FACE_BOUND('',#8741,.T.);
#9362=FACE_BOUND('',#8742,.T.);
#9363=FACE_BOUND('',#8743,.T.);
#9364=FACE_BOUND('',#8744,.T.);
#9365=FACE_BOUND('',#8745,.T.);
#9366=FACE_BOUND('',#8746,.T.);
#9367=FACE_BOUND('',#8747,.T.);
#9368=FACE_BOUND('',#8748,.T.);
#9369=FACE_BOUND('',#8749,.T.);
#9370=FACE_BOUND('',#8750,.T.);
#9371=PLANE('',#10157);
#9372=PLANE('',#10158);
#9373=PLANE('',#10159);
#9374=PLANE('',#10160);
#9375=PLANE('',#10161);
#9376=PLANE('',#10162);
#9377=PLANE('',#10163);
#9378=PLANE('',#10164);
#9379=PLANE('',#10165);
#9380=PLANE('',#10166);
#9381=PLANE('',#10167);
#9382=PLANE('',#10168);
#9383=PLANE('',#10169);
#9384=PLANE('',#10170);
#9385=PLANE('',#10171);
#9386=PLANE('',#10398);
#9387=PLANE('',#10401);
#9388=PLANE('',#10404);
#9389=PLANE('',#10405);
#9390=PLANE('',#10408);
#9391=PLANE('',#10413);
#9392=PLANE('',#10416);
#9393=PLANE('',#10419);
#9394=PLANE('',#10422);
#9395=PLANE('',#10425);
#9396=PLANE('',#10428);
#9397=PLANE('',#10429);
#9398=PLANE('',#10430);
#9399=PLANE('',#10431);
#9400=PLANE('',#10434);
#9401=PLANE('',#10437);
#9402=PLANE('',#10438);
#9403=PLANE('',#10439);
#9404=PLANE('',#10444);
#9405=PLANE('',#10445);
#9406=PLANE('',#10446);
#9407=PLANE('',#10451);
#9408=PLANE('',#10452);
#9409=PLANE('',#10457);
#9410=PLANE('',#10458);
#9411=PLANE('',#10459);
#9412=PLANE('',#10460);
#9413=PLANE('',#10461);
#9414=PLANE('',#10462);
#9415=PLANE('',#10463);
#9416=PLANE('',#10464);
#9417=PLANE('',#10465);
#9418=PLANE('',#10466);
#9419=PLANE('',#10467);
#9420=PLANE('',#10468);
#9421=PLANE('',#10469);
#9422=PLANE('',#10470);
#9423=PLANE('',#10471);
#9424=PLANE('',#10472);
#9425=PLANE('',#10473);
#9426=PLANE('',#10474);
#9427=PLANE('',#10475);
#9428=PLANE('',#10476);
#9429=PLANE('',#10477);
#9430=PLANE('',#10478);
#9431=PLANE('',#10479);
#9432=PLANE('',#10688);
#9433=PLANE('',#10690);
#9434=PLANE('',#10691);
#9435=PLANE('',#10693);
#9436=PLANE('',#10695);
#9437=PLANE('',#10697);
#9438=PLANE('',#10699);
#9439=PLANE('',#10702);
#9440=PLANE('',#10704);
#9441=PLANE('',#10706);
#9442=PLANE('',#10708);
#9443=PLANE('',#10709);
#9444=PLANE('',#10711);
#9445=PLANE('',#10713);
#9446=PLANE('',#10715);
#9447=PLANE('',#10718);
#9448=PLANE('',#10720);
#9449=PLANE('',#10722);
#9450=PLANE('',#10724);
#9451=PLANE('',#10726);
#9452=PLANE('',#10728);
#9453=PLANE('',#10730);
#9454=PLANE('',#10731);
#9455=PLANE('',#10732);
#9456=PLANE('',#10734);
#9457=PLANE('',#10736);
#9458=PLANE('',#10738);
#9459=PLANE('',#10740);
#9460=PLANE('',#10742);
#9461=PLANE('',#10744);
#9462=PLANE('',#10746);
#9463=PLANE('',#10748);
#9464=PLANE('',#10750);
#9465=PLANE('',#10752);
#9466=PLANE('',#10754);
#9467=PLANE('',#10756);
#9468=PLANE('',#10758);
#9469=PLANE('',#10760);
#9470=PLANE('',#10762);
#9471=PLANE('',#10764);
#9472=PLANE('',#10766);
#9473=PLANE('',#10768);
#9474=PLANE('',#10770);
#9475=PLANE('',#10772);
#9476=PLANE('',#10774);
#9477=PLANE('',#10776);
#9478=PLANE('',#10778);
#9479=PLANE('',#10780);
#9480=PLANE('',#10782);
#9481=PLANE('',#10784);
#9482=PLANE('',#10786);
#9483=PLANE('',#10788);
#9484=PLANE('',#10790);
#9485=PLANE('',#10792);
#9486=PLANE('',#10794);
#9487=PLANE('',#10796);
#9488=PLANE('',#10798);
#9489=PLANE('',#10800);
#9490=PLANE('',#10802);
#9491=PLANE('',#10804);
#9492=PLANE('',#10806);
#9493=PLANE('',#10808);
#9494=PLANE('',#10810);
#9495=PLANE('',#10812);
#9496=PLANE('',#10814);
#9497=PLANE('',#10816);
#9498=PLANE('',#10818);
#9499=PLANE('',#10820);
#9500=PLANE('',#10822);
#9501=PLANE('',#10824);
#9502=PLANE('',#10826);
#9503=PLANE('',#10828);
#9504=PLANE('',#10830);
#9505=PLANE('',#10832);
#9506=PLANE('',#10834);
#9507=PLANE('',#10836);
#9508=PLANE('',#10838);
#9509=PLANE('',#10840);
#9510=PLANE('',#10842);
#9511=PLANE('',#10844);
#9512=PLANE('',#10846);
#9513=PLANE('',#10848);
#9514=PLANE('',#10850);
#9515=PLANE('',#10852);
#9516=PLANE('',#10854);
#9517=PLANE('',#10856);
#9518=PLANE('',#10858);
#9519=PLANE('',#10860);
#9520=PLANE('',#10862);
#9521=PLANE('',#10864);
#9522=PLANE('',#10866);
#9523=PLANE('',#10868);
#9524=PLANE('',#10870);
#9525=PLANE('',#10872);
#9526=PLANE('',#10874);
#9527=PLANE('',#10876);
#9528=PLANE('',#10878);
#9529=PLANE('',#10880);
#9530=PLANE('',#10882);
#9531=PLANE('',#10884);
#9532=PLANE('',#10886);
#9533=PLANE('',#10888);
#9534=PLANE('',#10890);
#9535=PLANE('',#10892);
#9536=PLANE('',#10894);
#9537=PLANE('',#10896);
#9538=PLANE('',#10898);
#9539=PLANE('',#10900);
#9540=PLANE('',#10902);
#9541=PLANE('',#10904);
#9542=PLANE('',#10906);
#9543=PLANE('',#10908);
#9544=PLANE('',#10910);
#9545=PLANE('',#10912);
#9546=PLANE('',#10914);
#9547=PLANE('',#10916);
#9548=PLANE('',#10918);
#9549=PLANE('',#10920);
#9550=PLANE('',#10922);
#9551=PLANE('',#10924);
#9552=PLANE('',#10926);
#9553=PLANE('',#10928);
#9554=PLANE('',#10930);
#9555=PLANE('',#10932);
#9556=PLANE('',#10934);
#9557=PLANE('',#10936);
#9558=PLANE('',#10938);
#9559=PLANE('',#10940);
#9560=PLANE('',#10942);
#9561=PLANE('',#10944);
#9562=PLANE('',#10946);
#9563=PLANE('',#10948);
#9564=PLANE('',#10950);
#9565=PLANE('',#10952);
#9566=PLANE('',#10954);
#9567=PLANE('',#10956);
#9568=PLANE('',#10958);
#9569=PLANE('',#10960);
#9570=PLANE('',#10962);
#9571=PLANE('',#10964);
#9572=PLANE('',#10966);
#9573=PLANE('',#10968);
#9574=PLANE('',#10970);
#9575=PLANE('',#10972);
#9576=PLANE('',#10974);
#9577=PLANE('',#10976);
#9578=PLANE('',#10978);
#9579=PLANE('',#10980);
#9580=PLANE('',#10982);
#9581=PLANE('',#10984);
#9582=PLANE('',#10986);
#9583=PLANE('',#10988);
#9584=PLANE('',#10990);
#9585=PLANE('',#10992);
#9586=PLANE('',#10994);
#9587=PLANE('',#10996);
#9588=PLANE('',#10998);
#9589=PLANE('',#11000);
#9590=PLANE('',#11002);
#9591=PLANE('',#11004);
#9592=PLANE('',#11006);
#9593=PLANE('',#11008);
#9594=PLANE('',#11010);
#9595=PLANE('',#11012);
#9596=PLANE('',#11014);
#9597=PLANE('',#11016);
#9598=PLANE('',#11018);
#9599=PLANE('',#11020);
#9600=PLANE('',#11022);
#9601=PLANE('',#11024);
#9602=PLANE('',#11026);
#9603=PLANE('',#11028);
#9604=PLANE('',#11030);
#9605=PLANE('',#11032);
#9606=PLANE('',#11034);
#9607=PLANE('',#11036);
#9608=PLANE('',#11038);
#9609=PLANE('',#11040);
#9610=PLANE('',#11042);
#9611=PLANE('',#11044);
#9612=PLANE('',#11046);
#9613=PLANE('',#11048);
#9614=PLANE('',#11050);
#9615=PLANE('',#11052);
#9616=PLANE('',#11054);
#9617=PLANE('',#11056);
#9618=PLANE('',#11058);
#9619=PLANE('',#11060);
#9620=PLANE('',#11062);
#9621=PLANE('',#11064);
#9622=PLANE('',#11066);
#9623=PLANE('',#11068);
#9624=PLANE('',#11070);
#9625=PLANE('',#11072);
#9626=PLANE('',#11074);
#9627=PLANE('',#11076);
#9628=PLANE('',#11078);
#9629=PLANE('',#11080);
#9630=PLANE('',#11082);
#9631=PLANE('',#11084);
#9632=PLANE('',#11086);
#9633=PLANE('',#11088);
#9634=PLANE('',#11090);
#9635=PLANE('',#11092);
#9636=PLANE('',#11094);
#9637=PLANE('',#11096);
#9638=PLANE('',#11098);
#9639=PLANE('',#11100);
#9640=PLANE('',#11102);
#9641=ADVANCED_FACE('',(#8751),#9371,.F.);
#9642=ADVANCED_FACE('',(#8752),#9372,.F.);
#9643=ADVANCED_FACE('',(#8753),#9373,.F.);
#9644=ADVANCED_FACE('',(#8754),#9374,.F.);
#9645=ADVANCED_FACE('',(#8755),#9375,.F.);
#9646=ADVANCED_FACE('',(#8756),#9376,.F.);
#9647=ADVANCED_FACE('',(#8757),#9377,.F.);
#9648=ADVANCED_FACE('',(#8758),#9378,.T.);
#9649=ADVANCED_FACE('',(#8759),#9379,.T.);
#9650=ADVANCED_FACE('',(#8760),#9380,.F.);
#9651=ADVANCED_FACE('',(#8761),#9381,.T.);
#9652=ADVANCED_FACE('',(#8762),#9382,.T.);
#9653=ADVANCED_FACE('',(#8763),#9383,.T.);
#9654=ADVANCED_FACE('',(#8764),#9384,.T.);
#9655=ADVANCED_FACE('',(#8765,#8766,#8767,#8768,#8769,#8770,#8771,#8772,
#8773,#8774,#8775,#8776,#8777,#8778,#8779,#8780,#8781,#8782,#8783,#8784,
#8785,#8786,#8787,#8788,#8789,#8790,#8791,#8792,#8793,#8794,#8795,#8796,
#8797,#8798,#8799,#8800,#8801,#8802,#8803,#8804,#8805,#8806,#8807,#8808,
#8809,#8810,#8811,#8812,#8813,#8814,#8815,#8816,#8817,#8818,#8819,#8820,
#8821,#8822,#8823,#8824),#9385,.T.);
#9656=ADVANCED_FACE('',(#8825),#9386,.T.);
#9657=ADVANCED_FACE('',(#8826),#13,.F.);
#9658=ADVANCED_FACE('',(#8827),#9387,.F.);
#9659=ADVANCED_FACE('',(#8828),#14,.F.);
#9660=ADVANCED_FACE('',(#8829),#9388,.F.);
#9661=ADVANCED_FACE('',(#8830),#9389,.F.);
#9662=ADVANCED_FACE('',(#8831),#15,.F.);
#9663=ADVANCED_FACE('',(#8832),#9390,.F.);
#9664=ADVANCED_FACE('',(#8833),#16,.F.);
#9665=ADVANCED_FACE('',(#8834),#17,.F.);
#9666=ADVANCED_FACE('',(#8835),#9391,.F.);
#9667=ADVANCED_FACE('',(#8836),#18,.F.);
#9668=ADVANCED_FACE('',(#8837),#9392,.F.);
#9669=ADVANCED_FACE('',(#8838),#19,.F.);
#9670=ADVANCED_FACE('',(#8839),#9393,.F.);
#9671=ADVANCED_FACE('',(#8840),#20,.F.);
#9672=ADVANCED_FACE('',(#8841),#9394,.F.);
#9673=ADVANCED_FACE('',(#8842),#21,.T.);
#9674=ADVANCED_FACE('',(#8843),#9395,.T.);
#9675=ADVANCED_FACE('',(#8844,#8845),#22,.F.);
#9676=ADVANCED_FACE('',(#8846),#9396,.T.);
#9677=ADVANCED_FACE('',(#8847),#9397,.T.);
#9678=ADVANCED_FACE('',(#8848),#9398,.T.);
#9679=ADVANCED_FACE('',(#8849),#9399,.T.);
#9680=ADVANCED_FACE('',(#8850),#23,.T.);
#9681=ADVANCED_FACE('',(#8851),#9400,.T.);
#9682=ADVANCED_FACE('',(#8852,#8853),#24,.F.);
#9683=ADVANCED_FACE('',(#8854),#9401,.T.);
#9684=ADVANCED_FACE('',(#8855),#9402,.T.);
#9685=ADVANCED_FACE('',(#8856),#9403,.T.);
#9686=ADVANCED_FACE('',(#8857,#8858),#25,.F.);
#9687=ADVANCED_FACE('',(#8859),#26,.T.);
#9688=ADVANCED_FACE('',(#8860),#9404,.T.);
#9689=ADVANCED_FACE('',(#8861),#9405,.T.);
#9690=ADVANCED_FACE('',(#8862),#9406,.T.);
#9691=ADVANCED_FACE('',(#8863,#8864),#27,.F.);
#9692=ADVANCED_FACE('',(#8865),#28,.T.);
#9693=ADVANCED_FACE('',(#8866),#9407,.T.);
#9694=ADVANCED_FACE('',(#8867),#9408,.T.);
#9695=ADVANCED_FACE('',(#8868,#8869),#29,.F.);
#9696=ADVANCED_FACE('',(#8870,#8871),#30,.F.);
#9697=ADVANCED_FACE('',(#8872),#9409,.T.);
#9698=ADVANCED_FACE('',(#8873),#9410,.T.);
#9699=ADVANCED_FACE('',(#8874),#9411,.T.);
#9700=ADVANCED_FACE('',(#8875),#9412,.T.);
#9701=ADVANCED_FACE('',(#8876),#9413,.F.);
#9702=ADVANCED_FACE('',(#8877),#9414,.F.);
#9703=ADVANCED_FACE('',(#8878),#9415,.T.);
#9704=ADVANCED_FACE('',(#8879),#9416,.F.);
#9705=ADVANCED_FACE('',(#8880),#9417,.F.);
#9706=ADVANCED_FACE('',(#8881),#9418,.F.);
#9707=ADVANCED_FACE('',(#8882),#9419,.F.);
#9708=ADVANCED_FACE('',(#8883),#9420,.F.);
#9709=ADVANCED_FACE('',(#8884),#9421,.F.);
#9710=ADVANCED_FACE('',(#8885),#9422,.F.);
#9711=ADVANCED_FACE('',(#8886),#9423,.F.);
#9712=ADVANCED_FACE('',(#8887),#9424,.F.);
#9713=ADVANCED_FACE('',(#8888),#9425,.F.);
#9714=ADVANCED_FACE('',(#8889),#9426,.F.);
#9715=ADVANCED_FACE('',(#8890),#9427,.F.);
#9716=ADVANCED_FACE('',(#8891),#9428,.F.);
#9717=ADVANCED_FACE('',(#8892),#9429,.F.);
#9718=ADVANCED_FACE('',(#8893),#9430,.T.);
#9719=ADVANCED_FACE('',(#8894,#8895,#8896,#8897,#8898,#8899,#8900,#8901,
#8902,#8903,#8904,#8905,#8906,#8907,#8908,#8909,#8910,#8911,#8912,#8913,
#8914,#8915,#8916,#8917,#8918,#8919,#8920,#8921,#8922,#8923,#8924,#8925,
#8926,#8927,#8928,#8929,#8930,#8931,#8932,#8933,#8934,#8935,#8936,#8937,
#8938,#8939,#8940,#8941,#8942,#8943,#8944,#8945,#8946,#8947,#8948,#8949,
#8950,#8951,#8952,#8953),#9431,.F.);
#9720=ADVANCED_FACE('',(#8954),#9432,.T.);
#9721=ADVANCED_FACE('',(#8955),#31,.F.);
#9722=ADVANCED_FACE('',(#8956),#9433,.T.);
#9723=ADVANCED_FACE('',(#8957),#9434,.T.);
#9724=ADVANCED_FACE('',(#8958),#32,.F.);
#9725=ADVANCED_FACE('',(#8959),#9435,.T.);
#9726=ADVANCED_FACE('',(#8960),#33,.F.);
#9727=ADVANCED_FACE('',(#8961),#9436,.T.);
#9728=ADVANCED_FACE('',(#8962),#34,.F.);
#9729=ADVANCED_FACE('',(#8963),#9437,.T.);
#9730=ADVANCED_FACE('',(#8964),#35,.F.);
#9731=ADVANCED_FACE('',(#8965),#9438,.T.);
#9732=ADVANCED_FACE('',(#8966),#36,.F.);
#9733=ADVANCED_FACE('',(#8967),#37,.F.);
#9734=ADVANCED_FACE('',(#8968),#9439,.T.);
#9735=ADVANCED_FACE('',(#8969),#38,.F.);
#9736=ADVANCED_FACE('',(#8970),#9440,.T.);
#9737=ADVANCED_FACE('',(#8971),#39,.F.);
#9738=ADVANCED_FACE('',(#8972),#9441,.T.);
#9739=ADVANCED_FACE('',(#8973),#40,.F.);
#9740=ADVANCED_FACE('',(#8974),#9442,.T.);
#9741=ADVANCED_FACE('',(#8975),#9443,.T.);
#9742=ADVANCED_FACE('',(#8976),#41,.F.);
#9743=ADVANCED_FACE('',(#8977),#9444,.T.);
#9744=ADVANCED_FACE('',(#8978),#42,.F.);
#9745=ADVANCED_FACE('',(#8979),#9445,.T.);
#9746=ADVANCED_FACE('',(#8980),#43,.F.);
#9747=ADVANCED_FACE('',(#8981),#9446,.T.);
#9748=ADVANCED_FACE('',(#8982),#44,.F.);
#9749=ADVANCED_FACE('',(#8983),#45,.F.);
#9750=ADVANCED_FACE('',(#8984),#9447,.T.);
#9751=ADVANCED_FACE('',(#8985),#46,.F.);
#9752=ADVANCED_FACE('',(#8986),#9448,.T.);
#9753=ADVANCED_FACE('',(#8987),#47,.F.);
#9754=ADVANCED_FACE('',(#8988),#9449,.T.);
#9755=ADVANCED_FACE('',(#8989),#48,.F.);
#9756=ADVANCED_FACE('',(#8990),#9450,.T.);
#9757=ADVANCED_FACE('',(#8991),#49,.F.);
#9758=ADVANCED_FACE('',(#8992),#9451,.T.);
#9759=ADVANCED_FACE('',(#8993),#50,.F.);
#9760=ADVANCED_FACE('',(#8994),#9452,.T.);
#9761=ADVANCED_FACE('',(#8995),#51,.F.);
#9762=ADVANCED_FACE('',(#8996),#9453,.T.);
#9763=ADVANCED_FACE('',(#8997),#9454,.T.);
#9764=ADVANCED_FACE('',(#8998),#9455,.T.);
#9765=ADVANCED_FACE('',(#8999),#52,.F.);
#9766=ADVANCED_FACE('',(#9000),#9456,.T.);
#9767=ADVANCED_FACE('',(#9001),#53,.F.);
#9768=ADVANCED_FACE('',(#9002),#9457,.T.);
#9769=ADVANCED_FACE('',(#9003),#54,.F.);
#9770=ADVANCED_FACE('',(#9004),#9458,.T.);
#9771=ADVANCED_FACE('',(#9005),#55,.F.);
#9772=ADVANCED_FACE('',(#9006),#9459,.T.);
#9773=ADVANCED_FACE('',(#9007),#56,.F.);
#9774=ADVANCED_FACE('',(#9008),#9460,.T.);
#9775=ADVANCED_FACE('',(#9009),#57,.F.);
#9776=ADVANCED_FACE('',(#9010),#9461,.T.);
#9777=ADVANCED_FACE('',(#9011),#58,.F.);
#9778=ADVANCED_FACE('',(#9012),#9462,.T.);
#9779=ADVANCED_FACE('',(#9013),#59,.F.);
#9780=ADVANCED_FACE('',(#9014),#9463,.T.);
#9781=ADVANCED_FACE('',(#9015),#60,.F.);
#9782=ADVANCED_FACE('',(#9016),#9464,.T.);
#9783=ADVANCED_FACE('',(#9017),#61,.F.);
#9784=ADVANCED_FACE('',(#9018),#9465,.T.);
#9785=ADVANCED_FACE('',(#9019),#62,.F.);
#9786=ADVANCED_FACE('',(#9020),#9466,.T.);
#9787=ADVANCED_FACE('',(#9021),#63,.F.);
#9788=ADVANCED_FACE('',(#9022),#9467,.T.);
#9789=ADVANCED_FACE('',(#9023),#64,.F.);
#9790=ADVANCED_FACE('',(#9024),#9468,.T.);
#9791=ADVANCED_FACE('',(#9025),#65,.F.);
#9792=ADVANCED_FACE('',(#9026),#9469,.T.);
#9793=ADVANCED_FACE('',(#9027),#66,.F.);
#9794=ADVANCED_FACE('',(#9028),#9470,.T.);
#9795=ADVANCED_FACE('',(#9029),#67,.F.);
#9796=ADVANCED_FACE('',(#9030),#9471,.T.);
#9797=ADVANCED_FACE('',(#9031),#68,.F.);
#9798=ADVANCED_FACE('',(#9032),#9472,.T.);
#9799=ADVANCED_FACE('',(#9033),#69,.F.);
#9800=ADVANCED_FACE('',(#9034),#9473,.T.);
#9801=ADVANCED_FACE('',(#9035),#70,.F.);
#9802=ADVANCED_FACE('',(#9036),#9474,.T.);
#9803=ADVANCED_FACE('',(#9037),#71,.F.);
#9804=ADVANCED_FACE('',(#9038),#9475,.T.);
#9805=ADVANCED_FACE('',(#9039),#72,.F.);
#9806=ADVANCED_FACE('',(#9040),#9476,.T.);
#9807=ADVANCED_FACE('',(#9041),#73,.F.);
#9808=ADVANCED_FACE('',(#9042),#9477,.T.);
#9809=ADVANCED_FACE('',(#9043),#74,.F.);
#9810=ADVANCED_FACE('',(#9044),#9478,.T.);
#9811=ADVANCED_FACE('',(#9045),#75,.F.);
#9812=ADVANCED_FACE('',(#9046),#9479,.T.);
#9813=ADVANCED_FACE('',(#9047),#76,.F.);
#9814=ADVANCED_FACE('',(#9048),#9480,.T.);
#9815=ADVANCED_FACE('',(#9049),#77,.F.);
#9816=ADVANCED_FACE('',(#9050),#9481,.T.);
#9817=ADVANCED_FACE('',(#9051),#78,.F.);
#9818=ADVANCED_FACE('',(#9052),#9482,.T.);
#9819=ADVANCED_FACE('',(#9053),#79,.F.);
#9820=ADVANCED_FACE('',(#9054),#9483,.T.);
#9821=ADVANCED_FACE('',(#9055),#80,.F.);
#9822=ADVANCED_FACE('',(#9056),#9484,.T.);
#9823=ADVANCED_FACE('',(#9057),#81,.F.);
#9824=ADVANCED_FACE('',(#9058),#9485,.T.);
#9825=ADVANCED_FACE('',(#9059),#82,.F.);
#9826=ADVANCED_FACE('',(#9060),#9486,.T.);
#9827=ADVANCED_FACE('',(#9061),#83,.F.);
#9828=ADVANCED_FACE('',(#9062),#9487,.T.);
#9829=ADVANCED_FACE('',(#9063),#84,.F.);
#9830=ADVANCED_FACE('',(#9064),#9488,.T.);
#9831=ADVANCED_FACE('',(#9065),#85,.F.);
#9832=ADVANCED_FACE('',(#9066),#9489,.T.);
#9833=ADVANCED_FACE('',(#9067),#86,.F.);
#9834=ADVANCED_FACE('',(#9068),#9490,.T.);
#9835=ADVANCED_FACE('',(#9069),#87,.F.);
#9836=ADVANCED_FACE('',(#9070),#9491,.T.);
#9837=ADVANCED_FACE('',(#9071),#88,.F.);
#9838=ADVANCED_FACE('',(#9072),#9492,.T.);
#9839=ADVANCED_FACE('',(#9073),#89,.F.);
#9840=ADVANCED_FACE('',(#9074),#9493,.T.);
#9841=ADVANCED_FACE('',(#9075),#90,.F.);
#9842=ADVANCED_FACE('',(#9076),#9494,.T.);
#9843=ADVANCED_FACE('',(#9077),#91,.F.);
#9844=ADVANCED_FACE('',(#9078),#9495,.T.);
#9845=ADVANCED_FACE('',(#9079),#92,.F.);
#9846=ADVANCED_FACE('',(#9080),#9496,.T.);
#9847=ADVANCED_FACE('',(#9081),#93,.F.);
#9848=ADVANCED_FACE('',(#9082),#9497,.T.);
#9849=ADVANCED_FACE('',(#9083),#94,.F.);
#9850=ADVANCED_FACE('',(#9084),#9498,.T.);
#9851=ADVANCED_FACE('',(#9085),#95,.F.);
#9852=ADVANCED_FACE('',(#9086),#9499,.T.);
#9853=ADVANCED_FACE('',(#9087),#96,.F.);
#9854=ADVANCED_FACE('',(#9088),#9500,.T.);
#9855=ADVANCED_FACE('',(#9089),#97,.F.);
#9856=ADVANCED_FACE('',(#9090),#9501,.T.);
#9857=ADVANCED_FACE('',(#9091),#98,.F.);
#9858=ADVANCED_FACE('',(#9092),#9502,.T.);
#9859=ADVANCED_FACE('',(#9093),#99,.F.);
#9860=ADVANCED_FACE('',(#9094),#9503,.T.);
#9861=ADVANCED_FACE('',(#9095),#100,.F.);
#9862=ADVANCED_FACE('',(#9096),#9504,.T.);
#9863=ADVANCED_FACE('',(#9097),#101,.F.);
#9864=ADVANCED_FACE('',(#9098),#9505,.T.);
#9865=ADVANCED_FACE('',(#9099),#102,.F.);
#9866=ADVANCED_FACE('',(#9100),#9506,.T.);
#9867=ADVANCED_FACE('',(#9101),#103,.F.);
#9868=ADVANCED_FACE('',(#9102),#9507,.T.);
#9869=ADVANCED_FACE('',(#9103),#104,.F.);
#9870=ADVANCED_FACE('',(#9104),#9508,.T.);
#9871=ADVANCED_FACE('',(#9105),#105,.F.);
#9872=ADVANCED_FACE('',(#9106),#9509,.T.);
#9873=ADVANCED_FACE('',(#9107),#106,.F.);
#9874=ADVANCED_FACE('',(#9108),#9510,.T.);
#9875=ADVANCED_FACE('',(#9109),#107,.F.);
#9876=ADVANCED_FACE('',(#9110),#9511,.T.);
#9877=ADVANCED_FACE('',(#9111),#108,.F.);
#9878=ADVANCED_FACE('',(#9112),#9512,.T.);
#9879=ADVANCED_FACE('',(#9113),#109,.F.);
#9880=ADVANCED_FACE('',(#9114),#9513,.T.);
#9881=ADVANCED_FACE('',(#9115),#110,.F.);
#9882=ADVANCED_FACE('',(#9116),#9514,.T.);
#9883=ADVANCED_FACE('',(#9117),#111,.F.);
#9884=ADVANCED_FACE('',(#9118),#9515,.T.);
#9885=ADVANCED_FACE('',(#9119),#112,.F.);
#9886=ADVANCED_FACE('',(#9120),#9516,.T.);
#9887=ADVANCED_FACE('',(#9121),#113,.F.);
#9888=ADVANCED_FACE('',(#9122),#9517,.T.);
#9889=ADVANCED_FACE('',(#9123),#114,.F.);
#9890=ADVANCED_FACE('',(#9124),#9518,.T.);
#9891=ADVANCED_FACE('',(#9125),#115,.F.);
#9892=ADVANCED_FACE('',(#9126),#9519,.T.);
#9893=ADVANCED_FACE('',(#9127),#116,.F.);
#9894=ADVANCED_FACE('',(#9128),#9520,.T.);
#9895=ADVANCED_FACE('',(#9129),#117,.F.);
#9896=ADVANCED_FACE('',(#9130),#9521,.T.);
#9897=ADVANCED_FACE('',(#9131),#118,.F.);
#9898=ADVANCED_FACE('',(#9132),#9522,.T.);
#9899=ADVANCED_FACE('',(#9133),#119,.F.);
#9900=ADVANCED_FACE('',(#9134),#9523,.T.);
#9901=ADVANCED_FACE('',(#9135),#120,.F.);
#9902=ADVANCED_FACE('',(#9136),#9524,.T.);
#9903=ADVANCED_FACE('',(#9137),#121,.F.);
#9904=ADVANCED_FACE('',(#9138),#9525,.T.);
#9905=ADVANCED_FACE('',(#9139),#122,.F.);
#9906=ADVANCED_FACE('',(#9140),#9526,.T.);
#9907=ADVANCED_FACE('',(#9141),#123,.F.);
#9908=ADVANCED_FACE('',(#9142),#9527,.T.);
#9909=ADVANCED_FACE('',(#9143),#124,.F.);
#9910=ADVANCED_FACE('',(#9144),#9528,.T.);
#9911=ADVANCED_FACE('',(#9145),#125,.F.);
#9912=ADVANCED_FACE('',(#9146),#9529,.T.);
#9913=ADVANCED_FACE('',(#9147),#126,.F.);
#9914=ADVANCED_FACE('',(#9148),#9530,.T.);
#9915=ADVANCED_FACE('',(#9149),#127,.F.);
#9916=ADVANCED_FACE('',(#9150),#9531,.T.);
#9917=ADVANCED_FACE('',(#9151),#128,.F.);
#9918=ADVANCED_FACE('',(#9152),#9532,.T.);
#9919=ADVANCED_FACE('',(#9153),#129,.F.);
#9920=ADVANCED_FACE('',(#9154),#9533,.T.);
#9921=ADVANCED_FACE('',(#9155),#130,.F.);
#9922=ADVANCED_FACE('',(#9156),#9534,.T.);
#9923=ADVANCED_FACE('',(#9157),#131,.F.);
#9924=ADVANCED_FACE('',(#9158),#9535,.T.);
#9925=ADVANCED_FACE('',(#9159),#132,.F.);
#9926=ADVANCED_FACE('',(#9160),#9536,.T.);
#9927=ADVANCED_FACE('',(#9161),#133,.F.);
#9928=ADVANCED_FACE('',(#9162),#9537,.T.);
#9929=ADVANCED_FACE('',(#9163),#134,.F.);
#9930=ADVANCED_FACE('',(#9164),#9538,.T.);
#9931=ADVANCED_FACE('',(#9165),#135,.F.);
#9932=ADVANCED_FACE('',(#9166),#9539,.T.);
#9933=ADVANCED_FACE('',(#9167),#136,.F.);
#9934=ADVANCED_FACE('',(#9168),#9540,.T.);
#9935=ADVANCED_FACE('',(#9169),#137,.F.);
#9936=ADVANCED_FACE('',(#9170),#9541,.T.);
#9937=ADVANCED_FACE('',(#9171),#138,.F.);
#9938=ADVANCED_FACE('',(#9172),#9542,.T.);
#9939=ADVANCED_FACE('',(#9173),#139,.F.);
#9940=ADVANCED_FACE('',(#9174),#9543,.T.);
#9941=ADVANCED_FACE('',(#9175),#140,.F.);
#9942=ADVANCED_FACE('',(#9176),#9544,.T.);
#9943=ADVANCED_FACE('',(#9177),#141,.F.);
#9944=ADVANCED_FACE('',(#9178),#9545,.T.);
#9945=ADVANCED_FACE('',(#9179),#142,.F.);
#9946=ADVANCED_FACE('',(#9180),#9546,.T.);
#9947=ADVANCED_FACE('',(#9181),#143,.F.);
#9948=ADVANCED_FACE('',(#9182),#9547,.T.);
#9949=ADVANCED_FACE('',(#9183),#144,.F.);
#9950=ADVANCED_FACE('',(#9184),#9548,.T.);
#9951=ADVANCED_FACE('',(#9185),#145,.F.);
#9952=ADVANCED_FACE('',(#9186),#9549,.T.);
#9953=ADVANCED_FACE('',(#9187),#146,.F.);
#9954=ADVANCED_FACE('',(#9188),#9550,.T.);
#9955=ADVANCED_FACE('',(#9189),#147,.F.);
#9956=ADVANCED_FACE('',(#9190),#9551,.T.);
#9957=ADVANCED_FACE('',(#9191),#148,.F.);
#9958=ADVANCED_FACE('',(#9192),#9552,.T.);
#9959=ADVANCED_FACE('',(#9193),#149,.F.);
#9960=ADVANCED_FACE('',(#9194),#9553,.T.);
#9961=ADVANCED_FACE('',(#9195),#150,.F.);
#9962=ADVANCED_FACE('',(#9196),#9554,.T.);
#9963=ADVANCED_FACE('',(#9197),#151,.F.);
#9964=ADVANCED_FACE('',(#9198),#9555,.T.);
#9965=ADVANCED_FACE('',(#9199),#152,.F.);
#9966=ADVANCED_FACE('',(#9200),#9556,.T.);
#9967=ADVANCED_FACE('',(#9201),#153,.F.);
#9968=ADVANCED_FACE('',(#9202),#9557,.T.);
#9969=ADVANCED_FACE('',(#9203),#154,.F.);
#9970=ADVANCED_FACE('',(#9204),#9558,.T.);
#9971=ADVANCED_FACE('',(#9205),#155,.F.);
#9972=ADVANCED_FACE('',(#9206),#9559,.T.);
#9973=ADVANCED_FACE('',(#9207),#156,.F.);
#9974=ADVANCED_FACE('',(#9208),#9560,.T.);
#9975=ADVANCED_FACE('',(#9209),#157,.F.);
#9976=ADVANCED_FACE('',(#9210),#9561,.T.);
#9977=ADVANCED_FACE('',(#9211),#158,.F.);
#9978=ADVANCED_FACE('',(#9212),#9562,.T.);
#9979=ADVANCED_FACE('',(#9213),#159,.F.);
#9980=ADVANCED_FACE('',(#9214),#9563,.T.);
#9981=ADVANCED_FACE('',(#9215),#160,.F.);
#9982=ADVANCED_FACE('',(#9216),#9564,.T.);
#9983=ADVANCED_FACE('',(#9217),#161,.F.);
#9984=ADVANCED_FACE('',(#9218),#9565,.T.);
#9985=ADVANCED_FACE('',(#9219),#162,.F.);
#9986=ADVANCED_FACE('',(#9220),#9566,.T.);
#9987=ADVANCED_FACE('',(#9221),#163,.F.);
#9988=ADVANCED_FACE('',(#9222),#9567,.T.);
#9989=ADVANCED_FACE('',(#9223),#164,.F.);
#9990=ADVANCED_FACE('',(#9224),#9568,.T.);
#9991=ADVANCED_FACE('',(#9225),#165,.F.);
#9992=ADVANCED_FACE('',(#9226),#9569,.T.);
#9993=ADVANCED_FACE('',(#9227),#166,.F.);
#9994=ADVANCED_FACE('',(#9228),#9570,.T.);
#9995=ADVANCED_FACE('',(#9229),#167,.F.);
#9996=ADVANCED_FACE('',(#9230),#9571,.T.);
#9997=ADVANCED_FACE('',(#9231),#168,.F.);
#9998=ADVANCED_FACE('',(#9232),#9572,.T.);
#9999=ADVANCED_FACE('',(#9233),#169,.F.);
#10000=ADVANCED_FACE('',(#9234),#9573,.T.);
#10001=ADVANCED_FACE('',(#9235),#170,.F.);
#10002=ADVANCED_FACE('',(#9236),#9574,.T.);
#10003=ADVANCED_FACE('',(#9237),#171,.F.);
#10004=ADVANCED_FACE('',(#9238),#9575,.T.);
#10005=ADVANCED_FACE('',(#9239),#172,.F.);
#10006=ADVANCED_FACE('',(#9240),#9576,.T.);
#10007=ADVANCED_FACE('',(#9241),#173,.F.);
#10008=ADVANCED_FACE('',(#9242),#9577,.T.);
#10009=ADVANCED_FACE('',(#9243),#174,.F.);
#10010=ADVANCED_FACE('',(#9244),#9578,.T.);
#10011=ADVANCED_FACE('',(#9245),#175,.F.);
#10012=ADVANCED_FACE('',(#9246),#9579,.T.);
#10013=ADVANCED_FACE('',(#9247),#176,.F.);
#10014=ADVANCED_FACE('',(#9248),#9580,.T.);
#10015=ADVANCED_FACE('',(#9249),#177,.F.);
#10016=ADVANCED_FACE('',(#9250),#9581,.T.);
#10017=ADVANCED_FACE('',(#9251),#178,.F.);
#10018=ADVANCED_FACE('',(#9252),#9582,.T.);
#10019=ADVANCED_FACE('',(#9253),#179,.F.);
#10020=ADVANCED_FACE('',(#9254),#9583,.T.);
#10021=ADVANCED_FACE('',(#9255),#180,.F.);
#10022=ADVANCED_FACE('',(#9256),#9584,.T.);
#10023=ADVANCED_FACE('',(#9257),#181,.F.);
#10024=ADVANCED_FACE('',(#9258),#9585,.T.);
#10025=ADVANCED_FACE('',(#9259),#182,.F.);
#10026=ADVANCED_FACE('',(#9260),#9586,.T.);
#10027=ADVANCED_FACE('',(#9261),#183,.F.);
#10028=ADVANCED_FACE('',(#9262),#9587,.T.);
#10029=ADVANCED_FACE('',(#9263),#184,.F.);
#10030=ADVANCED_FACE('',(#9264),#9588,.T.);
#10031=ADVANCED_FACE('',(#9265),#185,.F.);
#10032=ADVANCED_FACE('',(#9266),#9589,.T.);
#10033=ADVANCED_FACE('',(#9267),#186,.F.);
#10034=ADVANCED_FACE('',(#9268),#9590,.T.);
#10035=ADVANCED_FACE('',(#9269),#187,.F.);
#10036=ADVANCED_FACE('',(#9270),#9591,.T.);
#10037=ADVANCED_FACE('',(#9271),#188,.F.);
#10038=ADVANCED_FACE('',(#9272),#9592,.T.);
#10039=ADVANCED_FACE('',(#9273),#189,.F.);
#10040=ADVANCED_FACE('',(#9274),#9593,.T.);
#10041=ADVANCED_FACE('',(#9275),#190,.F.);
#10042=ADVANCED_FACE('',(#9276),#9594,.T.);
#10043=ADVANCED_FACE('',(#9277),#191,.F.);
#10044=ADVANCED_FACE('',(#9278),#9595,.T.);
#10045=ADVANCED_FACE('',(#9279),#192,.F.);
#10046=ADVANCED_FACE('',(#9280),#9596,.T.);
#10047=ADVANCED_FACE('',(#9281),#193,.F.);
#10048=ADVANCED_FACE('',(#9282),#9597,.T.);
#10049=ADVANCED_FACE('',(#9283),#194,.F.);
#10050=ADVANCED_FACE('',(#9284),#9598,.T.);
#10051=ADVANCED_FACE('',(#9285),#195,.F.);
#10052=ADVANCED_FACE('',(#9286),#9599,.T.);
#10053=ADVANCED_FACE('',(#9287),#196,.F.);
#10054=ADVANCED_FACE('',(#9288),#9600,.T.);
#10055=ADVANCED_FACE('',(#9289),#197,.F.);
#10056=ADVANCED_FACE('',(#9290),#9601,.T.);
#10057=ADVANCED_FACE('',(#9291),#198,.F.);
#10058=ADVANCED_FACE('',(#9292),#9602,.T.);
#10059=ADVANCED_FACE('',(#9293),#199,.F.);
#10060=ADVANCED_FACE('',(#9294),#9603,.T.);
#10061=ADVANCED_FACE('',(#9295),#200,.F.);
#10062=ADVANCED_FACE('',(#9296),#9604,.T.);
#10063=ADVANCED_FACE('',(#9297),#201,.F.);
#10064=ADVANCED_FACE('',(#9298),#9605,.T.);
#10065=ADVANCED_FACE('',(#9299),#202,.F.);
#10066=ADVANCED_FACE('',(#9300),#9606,.T.);
#10067=ADVANCED_FACE('',(#9301),#203,.F.);
#10068=ADVANCED_FACE('',(#9302),#9607,.T.);
#10069=ADVANCED_FACE('',(#9303),#204,.F.);
#10070=ADVANCED_FACE('',(#9304),#9608,.T.);
#10071=ADVANCED_FACE('',(#9305),#205,.F.);
#10072=ADVANCED_FACE('',(#9306),#9609,.T.);
#10073=ADVANCED_FACE('',(#9307),#206,.F.);
#10074=ADVANCED_FACE('',(#9308),#9610,.T.);
#10075=ADVANCED_FACE('',(#9309),#207,.F.);
#10076=ADVANCED_FACE('',(#9310),#9611,.T.);
#10077=ADVANCED_FACE('',(#9311),#208,.F.);
#10078=ADVANCED_FACE('',(#9312),#9612,.T.);
#10079=ADVANCED_FACE('',(#9313),#209,.F.);
#10080=ADVANCED_FACE('',(#9314),#9613,.T.);
#10081=ADVANCED_FACE('',(#9315),#210,.F.);
#10082=ADVANCED_FACE('',(#9316),#9614,.T.);
#10083=ADVANCED_FACE('',(#9317),#211,.F.);
#10084=ADVANCED_FACE('',(#9318),#9615,.T.);
#10085=ADVANCED_FACE('',(#9319),#212,.F.);
#10086=ADVANCED_FACE('',(#9320),#9616,.T.);
#10087=ADVANCED_FACE('',(#9321),#213,.F.);
#10088=ADVANCED_FACE('',(#9322),#9617,.T.);
#10089=ADVANCED_FACE('',(#9323),#214,.F.);
#10090=ADVANCED_FACE('',(#9324),#9618,.T.);
#10091=ADVANCED_FACE('',(#9325),#215,.F.);
#10092=ADVANCED_FACE('',(#9326),#9619,.T.);
#10093=ADVANCED_FACE('',(#9327),#216,.F.);
#10094=ADVANCED_FACE('',(#9328),#9620,.T.);
#10095=ADVANCED_FACE('',(#9329),#217,.F.);
#10096=ADVANCED_FACE('',(#9330),#9621,.T.);
#10097=ADVANCED_FACE('',(#9331),#218,.F.);
#10098=ADVANCED_FACE('',(#9332),#9622,.T.);
#10099=ADVANCED_FACE('',(#9333),#219,.F.);
#10100=ADVANCED_FACE('',(#9334),#9623,.T.);
#10101=ADVANCED_FACE('',(#9335),#220,.F.);
#10102=ADVANCED_FACE('',(#9336),#9624,.T.);
#10103=ADVANCED_FACE('',(#9337),#221,.F.);
#10104=ADVANCED_FACE('',(#9338),#9625,.T.);
#10105=ADVANCED_FACE('',(#9339),#222,.F.);
#10106=ADVANCED_FACE('',(#9340),#9626,.T.);
#10107=ADVANCED_FACE('',(#9341),#223,.F.);
#10108=ADVANCED_FACE('',(#9342),#9627,.T.);
#10109=ADVANCED_FACE('',(#9343),#224,.F.);
#10110=ADVANCED_FACE('',(#9344),#9628,.T.);
#10111=ADVANCED_FACE('',(#9345),#225,.F.);
#10112=ADVANCED_FACE('',(#9346),#9629,.T.);
#10113=ADVANCED_FACE('',(#9347),#226,.F.);
#10114=ADVANCED_FACE('',(#9348),#9630,.T.);
#10115=ADVANCED_FACE('',(#9349),#227,.F.);
#10116=ADVANCED_FACE('',(#9350),#9631,.T.);
#10117=ADVANCED_FACE('',(#9351),#228,.F.);
#10118=ADVANCED_FACE('',(#9352),#9632,.T.);
#10119=ADVANCED_FACE('',(#9353),#229,.F.);
#10120=ADVANCED_FACE('',(#9354),#9633,.T.);
#10121=ADVANCED_FACE('',(#9355),#230,.F.);
#10122=ADVANCED_FACE('',(#9356),#9634,.T.);
#10123=ADVANCED_FACE('',(#9357),#231,.F.);
#10124=ADVANCED_FACE('',(#9358),#9635,.T.);
#10125=ADVANCED_FACE('',(#9359),#232,.F.);
#10126=ADVANCED_FACE('',(#9360),#9636,.T.);
#10127=ADVANCED_FACE('',(#9361),#233,.F.);
#10128=ADVANCED_FACE('',(#9362),#9637,.T.);
#10129=ADVANCED_FACE('',(#9363),#234,.F.);
#10130=ADVANCED_FACE('',(#9364),#9638,.T.);
#10131=ADVANCED_FACE('',(#9365),#235,.F.);
#10132=ADVANCED_FACE('',(#9366),#9639,.T.);
#10133=ADVANCED_FACE('',(#9367),#236,.F.);
#10134=ADVANCED_FACE('',(#9368),#9640,.T.);
#10135=ADVANCED_FACE('',(#9369),#237,.T.);
#10136=ADVANCED_FACE('',(#9370),#238,.T.);
#10137=CLOSED_SHELL('',(#9641,#9642,#9643,#9644,#9645,#9646,#9647,#9648,
#9649,#9650,#9651,#9652,#9653,#9654,#9655,#9656,#9657,#9658,#9659,#9660,
#9661,#9662,#9663,#9664,#9665,#9666,#9667,#9668,#9669,#9670,#9671,#9672,
#9673,#9674,#9675,#9676,#9677,#9678,#9679,#9680,#9681,#9682,#9683,#9684,
#9685,#9686,#9687,#9688,#9689,#9690,#9691,#9692,#9693,#9694,#9695,#9696,
#9697,#9698,#9699,#9700,#9701,#9702,#9703,#9704,#9705,#9706,#9707,#9708,
#9709,#9710,#9711,#9712,#9713,#9714,#9715,#9716,#9717,#9718,#9719,#9720,
#9721,#9722,#9723,#9724,#9725,#9726,#9727,#9728,#9729,#9730,#9731,#9732,
#9733,#9734,#9735,#9736,#9737,#9738,#9739,#9740,#9741,#9742,#9743,#9744,
#9745,#9746,#9747,#9748,#9749,#9750,#9751,#9752,#9753,#9754,#9755,#9756,
#9757,#9758,#9759,#9760,#9761,#9762,#9763,#9764,#9765,#9766,#9767,#9768,
#9769,#9770,#9771,#9772,#9773,#9774,#9775,#9776,#9777,#9778,#9779,#9780,
#9781,#9782,#9783,#9784,#9785,#9786,#9787,#9788,#9789,#9790,#9791,#9792,
#9793,#9794,#9795,#9796,#9797,#9798,#9799,#9800,#9801,#9802,#9803,#9804,
#9805,#9806,#9807,#9808,#9809,#9810,#9811,#9812,#9813,#9814,#9815,#9816,
#9817,#9818,#9819,#9820,#9821,#9822,#9823,#9824,#9825,#9826,#9827,#9828,
#9829,#9830,#9831,#9832,#9833,#9834,#9835,#9836,#9837,#9838,#9839,#9840,
#9841,#9842,#9843,#9844,#9845,#9846,#9847,#9848,#9849,#9850,#9851,#9852,
#9853,#9854,#9855,#9856,#9857,#9858,#9859,#9860,#9861,#9862,#9863,#9864,
#9865,#9866,#9867,#9868,#9869,#9870,#9871,#9872,#9873,#9874,#9875,#9876,
#9877,#9878,#9879,#9880,#9881,#9882,#9883,#9884,#9885,#9886,#9887,#9888,
#9889,#9890,#9891,#9892,#9893,#9894,#9895,#9896,#9897,#9898,#9899,#9900,
#9901,#9902,#9903,#9904,#9905,#9906,#9907,#9908,#9909,#9910,#9911,#9912,
#9913,#9914,#9915,#9916,#9917,#9918,#9919,#9920,#9921,#9922,#9923,#9924,
#9925,#9926,#9927,#9928,#9929,#9930,#9931,#9932,#9933,#9934,#9935,#9936,
#9937,#9938,#9939,#9940,#9941,#9942,#9943,#9944,#9945,#9946,#9947,#9948,
#9949,#9950,#9951,#9952,#9953,#9954,#9955,#9956,#9957,#9958,#9959,#9960,
#9961,#9962,#9963,#9964,#9965,#9966,#9967,#9968,#9969,#9970,#9971,#9972,
#9973,#9974,#9975,#9976,#9977,#9978,#9979,#9980,#9981,#9982,#9983,#9984,
#9985,#9986,#9987,#9988,#9989,#9990,#9991,#9992,#9993,#9994,#9995,#9996,
#9997,#9998,#9999,#10000,#10001,#10002,#10003,#10004,#10005,#10006,#10007,
#10008,#10009,#10010,#10011,#10012,#10013,#10014,#10015,#10016,#10017,#10018,
#10019,#10020,#10021,#10022,#10023,#10024,#10025,#10026,#10027,#10028,#10029,
#10030,#10031,#10032,#10033,#10034,#10035,#10036,#10037,#10038,#10039,#10040,
#10041,#10042,#10043,#10044,#10045,#10046,#10047,#10048,#10049,#10050,#10051,
#10052,#10053,#10054,#10055,#10056,#10057,#10058,#10059,#10060,#10061,#10062,
#10063,#10064,#10065,#10066,#10067,#10068,#10069,#10070,#10071,#10072,#10073,
#10074,#10075,#10076,#10077,#10078,#10079,#10080,#10081,#10082,#10083,#10084,
#10085,#10086,#10087,#10088,#10089,#10090,#10091,#10092,#10093,#10094,#10095,
#10096,#10097,#10098,#10099,#10100,#10101,#10102,#10103,#10104,#10105,#10106,
#10107,#10108,#10109,#10110,#10111,#10112,#10113,#10114,#10115,#10116,#10117,
#10118,#10119,#10120,#10121,#10122,#10123,#10124,#10125,#10126,#10127,#10128,
#10129,#10130,#10131,#10132,#10133,#10134,#10135,#10136));
#10138=STYLED_ITEM('',(#10139),#10153);
#10139=PRESENTATION_STYLE_ASSIGNMENT((#10141));
#10140=PRESENTATION_STYLE_ASSIGNMENT((#10142));
#10141=SURFACE_STYLE_USAGE(.BOTH.,#10143);
#10142=SURFACE_STYLE_USAGE(.BOTH.,#10144);
#10143=SURFACE_SIDE_STYLE('',(#10145));
#10144=SURFACE_SIDE_STYLE('',(#10146));
#10145=SURFACE_STYLE_FILL_AREA(#10147);
#10146=SURFACE_STYLE_FILL_AREA(#10148);
#10147=FILL_AREA_STYLE('',(#10149));
#10148=FILL_AREA_STYLE('',(#10150));
#10149=FILL_AREA_STYLE_COLOUR('',#10151);
#10150=FILL_AREA_STYLE_COLOUR('',#10152);
#10151=COLOUR_RGB('',0.282352941176471,0.137254901960784,0.0941176470588235);
#10152=COLOUR_RGB('',0.964705882352941,0.964705882352941,0.952941176470588);
#10153=MANIFOLD_SOLID_BREP('plate right half:1__Body1',#10137);
#10154=SHAPE_DEFINITION_REPRESENTATION(#16982,#10155);
#10155=SHAPE_REPRESENTATION('plate right half:1__Body1',(#10156),#16977);
#10156=AXIS2_PLACEMENT_3D('',#14023,#11105,#11106);
#10157=AXIS2_PLACEMENT_3D('',#14024,#11107,#11108);
#10158=AXIS2_PLACEMENT_3D('',#14033,#11113,#11114);
#10159=AXIS2_PLACEMENT_3D('',#14044,#11120,#11121);
#10160=AXIS2_PLACEMENT_3D('',#14055,#11127,#11128);
#10161=AXIS2_PLACEMENT_3D('',#14064,#11133,#11134);
#10162=AXIS2_PLACEMENT_3D('',#14073,#11139,#11140);
#10163=AXIS2_PLACEMENT_3D('',#14082,#11145,#11146);
#10164=AXIS2_PLACEMENT_3D('',#14091,#11151,#11152);
#10165=AXIS2_PLACEMENT_3D('',#14097,#11156,#11157);
#10166=AXIS2_PLACEMENT_3D('',#14103,#11161,#11162);
#10167=AXIS2_PLACEMENT_3D('',#14109,#11166,#11167);
#10168=AXIS2_PLACEMENT_3D('',#14113,#11170,#11171);
#10169=AXIS2_PLACEMENT_3D('',#14119,#11175,#11176);
#10170=AXIS2_PLACEMENT_3D('',#14125,#11180,#11181);
#10171=AXIS2_PLACEMENT_3D('',#14131,#11185,#11186);
#10172=AXIS2_PLACEMENT_3D('',#14136,#11189,#11190);
#10173=AXIS2_PLACEMENT_3D('',#14144,#11194,#11195);
#10174=AXIS2_PLACEMENT_3D('',#14150,#11198,#11199);
#10175=AXIS2_PLACEMENT_3D('',#14156,#11202,#11203);
#10176=AXIS2_PLACEMENT_3D('',#14164,#11207,#11208);
#10177=AXIS2_PLACEMENT_3D('',#14170,#11211,#11212);
#10178=AXIS2_PLACEMENT_3D('',#14192,#11224,#11225);
#10179=AXIS2_PLACEMENT_3D('',#14196,#11227,#11228);
#10180=AXIS2_PLACEMENT_3D('',#14201,#11231,#11232);
#10181=AXIS2_PLACEMENT_3D('',#14205,#11234,#11235);
#10182=AXIS2_PLACEMENT_3D('',#14208,#11237,#11238);
#10183=AXIS2_PLACEMENT_3D('',#14212,#11240,#11241);
#10184=AXIS2_PLACEMENT_3D('',#14215,#11243,#11244);
#10185=AXIS2_PLACEMENT_3D('',#14219,#11246,#11247);
#10186=AXIS2_PLACEMENT_3D('',#14222,#11249,#11250);
#10187=AXIS2_PLACEMENT_3D('',#14230,#11254,#11255);
#10188=AXIS2_PLACEMENT_3D('',#14234,#11257,#11258);
#10189=AXIS2_PLACEMENT_3D('',#14238,#11260,#11261);
#10190=AXIS2_PLACEMENT_3D('',#14255,#11270,#11271);
#10191=AXIS2_PLACEMENT_3D('',#14260,#11273,#11274);
#10192=AXIS2_PLACEMENT_3D('',#14264,#11276,#11277);
#10193=AXIS2_PLACEMENT_3D('',#14268,#11279,#11280);
#10194=AXIS2_PLACEMENT_3D('',#14271,#11282,#11283);
#10195=AXIS2_PLACEMENT_3D('',#14276,#11285,#11286);
#10196=AXIS2_PLACEMENT_3D('',#14280,#11288,#11289);
#10197=AXIS2_PLACEMENT_3D('',#14284,#11291,#11292);
#10198=AXIS2_PLACEMENT_3D('',#14287,#11294,#11295);
#10199=AXIS2_PLACEMENT_3D('',#14292,#11297,#11298);
#10200=AXIS2_PLACEMENT_3D('',#14296,#11300,#11301);
#10201=AXIS2_PLACEMENT_3D('',#14300,#11303,#11304);
#10202=AXIS2_PLACEMENT_3D('',#14303,#11306,#11307);
#10203=AXIS2_PLACEMENT_3D('',#14308,#11309,#11310);
#10204=AXIS2_PLACEMENT_3D('',#14312,#11312,#11313);
#10205=AXIS2_PLACEMENT_3D('',#14316,#11315,#11316);
#10206=AXIS2_PLACEMENT_3D('',#14319,#11318,#11319);
#10207=AXIS2_PLACEMENT_3D('',#14324,#11321,#11322);
#10208=AXIS2_PLACEMENT_3D('',#14328,#11324,#11325);
#10209=AXIS2_PLACEMENT_3D('',#14332,#11327,#11328);
#10210=AXIS2_PLACEMENT_3D('',#14335,#11330,#11331);
#10211=AXIS2_PLACEMENT_3D('',#14340,#11333,#11334);
#10212=AXIS2_PLACEMENT_3D('',#14344,#11336,#11337);
#10213=AXIS2_PLACEMENT_3D('',#14348,#11339,#11340);
#10214=AXIS2_PLACEMENT_3D('',#14351,#11342,#11343);
#10215=AXIS2_PLACEMENT_3D('',#14356,#11345,#11346);
#10216=AXIS2_PLACEMENT_3D('',#14360,#11348,#11349);
#10217=AXIS2_PLACEMENT_3D('',#14364,#11351,#11352);
#10218=AXIS2_PLACEMENT_3D('',#14367,#11354,#11355);
#10219=AXIS2_PLACEMENT_3D('',#14372,#11357,#11358);
#10220=AXIS2_PLACEMENT_3D('',#14376,#11360,#11361);
#10221=AXIS2_PLACEMENT_3D('',#14380,#11363,#11364);
#10222=AXIS2_PLACEMENT_3D('',#14384,#11366,#11367);
#10223=AXIS2_PLACEMENT_3D('',#14388,#11369,#11370);
#10224=AXIS2_PLACEMENT_3D('',#14391,#11372,#11373);
#10225=AXIS2_PLACEMENT_3D('',#14396,#11375,#11376);
#10226=AXIS2_PLACEMENT_3D('',#14400,#11378,#11379);
#10227=AXIS2_PLACEMENT_3D('',#14404,#11381,#11382);
#10228=AXIS2_PLACEMENT_3D('',#14407,#11384,#11385);
#10229=AXIS2_PLACEMENT_3D('',#14412,#11387,#11388);
#10230=AXIS2_PLACEMENT_3D('',#14416,#11390,#11391);
#10231=AXIS2_PLACEMENT_3D('',#14420,#11393,#11394);
#10232=AXIS2_PLACEMENT_3D('',#14423,#11396,#11397);
#10233=AXIS2_PLACEMENT_3D('',#14428,#11399,#11400);
#10234=AXIS2_PLACEMENT_3D('',#14432,#11402,#11403);
#10235=AXIS2_PLACEMENT_3D('',#14436,#11405,#11406);
#10236=AXIS2_PLACEMENT_3D('',#14439,#11408,#11409);
#10237=AXIS2_PLACEMENT_3D('',#14444,#11411,#11412);
#10238=AXIS2_PLACEMENT_3D('',#14448,#11414,#11415);
#10239=AXIS2_PLACEMENT_3D('',#14452,#11417,#11418);
#10240=AXIS2_PLACEMENT_3D('',#14455,#11420,#11421);
#10241=AXIS2_PLACEMENT_3D('',#14460,#11423,#11424);
#10242=AXIS2_PLACEMENT_3D('',#14464,#11426,#11427);
#10243=AXIS2_PLACEMENT_3D('',#14468,#11429,#11430);
#10244=AXIS2_PLACEMENT_3D('',#14471,#11432,#11433);
#10245=AXIS2_PLACEMENT_3D('',#14476,#11435,#11436);
#10246=AXIS2_PLACEMENT_3D('',#14480,#11438,#11439);
#10247=AXIS2_PLACEMENT_3D('',#14484,#11441,#11442);
#10248=AXIS2_PLACEMENT_3D('',#14487,#11444,#11445);
#10249=AXIS2_PLACEMENT_3D('',#14492,#11447,#11448);
#10250=AXIS2_PLACEMENT_3D('',#14496,#11450,#11451);
#10251=AXIS2_PLACEMENT_3D('',#14500,#11453,#11454);
#10252=AXIS2_PLACEMENT_3D('',#14503,#11456,#11457);
#10253=AXIS2_PLACEMENT_3D('',#14508,#11459,#11460);
#10254=AXIS2_PLACEMENT_3D('',#14512,#11462,#11463);
#10255=AXIS2_PLACEMENT_3D('',#14516,#11465,#11466);
#10256=AXIS2_PLACEMENT_3D('',#14519,#11468,#11469);
#10257=AXIS2_PLACEMENT_3D('',#14524,#11471,#11472);
#10258=AXIS2_PLACEMENT_3D('',#14528,#11474,#11475);
#10259=AXIS2_PLACEMENT_3D('',#14532,#11477,#11478);
#10260=AXIS2_PLACEMENT_3D('',#14535,#11480,#11481);
#10261=AXIS2_PLACEMENT_3D('',#14540,#11483,#11484);
#10262=AXIS2_PLACEMENT_3D('',#14544,#11486,#11487);
#10263=AXIS2_PLACEMENT_3D('',#14548,#11489,#11490);
#10264=AXIS2_PLACEMENT_3D('',#14551,#11492,#11493);
#10265=AXIS2_PLACEMENT_3D('',#14556,#11495,#11496);
#10266=AXIS2_PLACEMENT_3D('',#14560,#11498,#11499);
#10267=AXIS2_PLACEMENT_3D('',#14564,#11501,#11502);
#10268=AXIS2_PLACEMENT_3D('',#14568,#11504,#11505);
#10269=AXIS2_PLACEMENT_3D('',#14572,#11507,#11508);
#10270=AXIS2_PLACEMENT_3D('',#14575,#11510,#11511);
#10271=AXIS2_PLACEMENT_3D('',#14580,#11513,#11514);
#10272=AXIS2_PLACEMENT_3D('',#14584,#11516,#11517);
#10273=AXIS2_PLACEMENT_3D('',#14588,#11519,#11520);
#10274=AXIS2_PLACEMENT_3D('',#14591,#11522,#11523);
#10275=AXIS2_PLACEMENT_3D('',#14596,#11525,#11526);
#10276=AXIS2_PLACEMENT_3D('',#14600,#11528,#11529);
#10277=AXIS2_PLACEMENT_3D('',#14604,#11531,#11532);
#10278=AXIS2_PLACEMENT_3D('',#14607,#11534,#11535);
#10279=AXIS2_PLACEMENT_3D('',#14612,#11537,#11538);
#10280=AXIS2_PLACEMENT_3D('',#14616,#11540,#11541);
#10281=AXIS2_PLACEMENT_3D('',#14620,#11543,#11544);
#10282=AXIS2_PLACEMENT_3D('',#14623,#11546,#11547);
#10283=AXIS2_PLACEMENT_3D('',#14628,#11549,#11550);
#10284=AXIS2_PLACEMENT_3D('',#14632,#11552,#11553);
#10285=AXIS2_PLACEMENT_3D('',#14636,#11555,#11556);
#10286=AXIS2_PLACEMENT_3D('',#14639,#11558,#11559);
#10287=AXIS2_PLACEMENT_3D('',#14644,#11561,#11562);
#10288=AXIS2_PLACEMENT_3D('',#14648,#11564,#11565);
#10289=AXIS2_PLACEMENT_3D('',#14652,#11567,#11568);
#10290=AXIS2_PLACEMENT_3D('',#14655,#11570,#11571);
#10291=AXIS2_PLACEMENT_3D('',#14660,#11573,#11574);
#10292=AXIS2_PLACEMENT_3D('',#14664,#11576,#11577);
#10293=AXIS2_PLACEMENT_3D('',#14668,#11579,#11580);
#10294=AXIS2_PLACEMENT_3D('',#14672,#11582,#11583);
#10295=AXIS2_PLACEMENT_3D('',#14676,#11585,#11586);
#10296=AXIS2_PLACEMENT_3D('',#14679,#11588,#11589);
#10297=AXIS2_PLACEMENT_3D('',#14684,#11591,#11592);
#10298=AXIS2_PLACEMENT_3D('',#14688,#11594,#11595);
#10299=AXIS2_PLACEMENT_3D('',#14692,#11597,#11598);
#10300=AXIS2_PLACEMENT_3D('',#14695,#11600,#11601);
#10301=AXIS2_PLACEMENT_3D('',#14700,#11603,#11604);
#10302=AXIS2_PLACEMENT_3D('',#14704,#11606,#11607);
#10303=AXIS2_PLACEMENT_3D('',#14708,#11609,#11610);
#10304=AXIS2_PLACEMENT_3D('',#14711,#11612,#11613);
#10305=AXIS2_PLACEMENT_3D('',#14716,#11615,#11616);
#10306=AXIS2_PLACEMENT_3D('',#14720,#11618,#11619);
#10307=AXIS2_PLACEMENT_3D('',#14724,#11621,#11622);
#10308=AXIS2_PLACEMENT_3D('',#14727,#11624,#11625);
#10309=AXIS2_PLACEMENT_3D('',#14732,#11627,#11628);
#10310=AXIS2_PLACEMENT_3D('',#14736,#11630,#11631);
#10311=AXIS2_PLACEMENT_3D('',#14740,#11633,#11634);
#10312=AXIS2_PLACEMENT_3D('',#14743,#11636,#11637);
#10313=AXIS2_PLACEMENT_3D('',#14748,#11639,#11640);
#10314=AXIS2_PLACEMENT_3D('',#14752,#11642,#11643);
#10315=AXIS2_PLACEMENT_3D('',#14756,#11645,#11646);
#10316=AXIS2_PLACEMENT_3D('',#14759,#11648,#11649);
#10317=AXIS2_PLACEMENT_3D('',#14764,#11651,#11652);
#10318=AXIS2_PLACEMENT_3D('',#14768,#11654,#11655);
#10319=AXIS2_PLACEMENT_3D('',#14772,#11657,#11658);
#10320=AXIS2_PLACEMENT_3D('',#14775,#11660,#11661);
#10321=AXIS2_PLACEMENT_3D('',#14780,#11663,#11664);
#10322=AXIS2_PLACEMENT_3D('',#14784,#11666,#11667);
#10323=AXIS2_PLACEMENT_3D('',#14788,#11669,#11670);
#10324=AXIS2_PLACEMENT_3D('',#14791,#11672,#11673);
#10325=AXIS2_PLACEMENT_3D('',#14796,#11675,#11676);
#10326=AXIS2_PLACEMENT_3D('',#14800,#11678,#11679);
#10327=AXIS2_PLACEMENT_3D('',#14804,#11681,#11682);
#10328=AXIS2_PLACEMENT_3D('',#14807,#11684,#11685);
#10329=AXIS2_PLACEMENT_3D('',#14812,#11687,#11688);
#10330=AXIS2_PLACEMENT_3D('',#14816,#11690,#11691);
#10331=AXIS2_PLACEMENT_3D('',#14820,#11693,#11694);
#10332=AXIS2_PLACEMENT_3D('',#14823,#11696,#11697);
#10333=AXIS2_PLACEMENT_3D('',#14828,#11699,#11700);
#10334=AXIS2_PLACEMENT_3D('',#14832,#11702,#11703);
#10335=AXIS2_PLACEMENT_3D('',#14836,#11705,#11706);
#10336=AXIS2_PLACEMENT_3D('',#14839,#11708,#11709);
#10337=AXIS2_PLACEMENT_3D('',#14844,#11711,#11712);
#10338=AXIS2_PLACEMENT_3D('',#14848,#11714,#11715);
#10339=AXIS2_PLACEMENT_3D('',#14852,#11717,#11718);
#10340=AXIS2_PLACEMENT_3D('',#14855,#11720,#11721);
#10341=AXIS2_PLACEMENT_3D('',#14860,#11723,#11724);
#10342=AXIS2_PLACEMENT_3D('',#14864,#11726,#11727);
#10343=AXIS2_PLACEMENT_3D('',#14868,#11729,#11730);
#10344=AXIS2_PLACEMENT_3D('',#14871,#11732,#11733);
#10345=AXIS2_PLACEMENT_3D('',#14876,#11735,#11736);
#10346=AXIS2_PLACEMENT_3D('',#14880,#11738,#11739);
#10347=AXIS2_PLACEMENT_3D('',#14884,#11741,#11742);
#10348=AXIS2_PLACEMENT_3D('',#14887,#11744,#11745);
#10349=AXIS2_PLACEMENT_3D('',#14892,#11747,#11748);
#10350=AXIS2_PLACEMENT_3D('',#14896,#11750,#11751);
#10351=AXIS2_PLACEMENT_3D('',#14900,#11753,#11754);
#10352=AXIS2_PLACEMENT_3D('',#14903,#11756,#11757);
#10353=AXIS2_PLACEMENT_3D('',#14908,#11759,#11760);
#10354=AXIS2_PLACEMENT_3D('',#14912,#11762,#11763);
#10355=AXIS2_PLACEMENT_3D('',#14916,#11765,#11766);
#10356=AXIS2_PLACEMENT_3D('',#14919,#11768,#11769);
#10357=AXIS2_PLACEMENT_3D('',#14924,#11771,#11772);
#10358=AXIS2_PLACEMENT_3D('',#14928,#11774,#11775);
#10359=AXIS2_PLACEMENT_3D('',#14932,#11777,#11778);
#10360=AXIS2_PLACEMENT_3D('',#14935,#11780,#11781);
#10361=AXIS2_PLACEMENT_3D('',#14940,#11783,#11784);
#10362=AXIS2_PLACEMENT_3D('',#14944,#11786,#11787);
#10363=AXIS2_PLACEMENT_3D('',#14948,#11789,#11790);
#10364=AXIS2_PLACEMENT_3D('',#14951,#11792,#11793);
#10365=AXIS2_PLACEMENT_3D('',#14956,#11795,#11796);
#10366=AXIS2_PLACEMENT_3D('',#14960,#11798,#11799);
#10367=AXIS2_PLACEMENT_3D('',#14964,#11801,#11802);
#10368=AXIS2_PLACEMENT_3D('',#14970,#11805,#11806);
#10369=AXIS2_PLACEMENT_3D('',#14974,#11808,#11809);
#10370=AXIS2_PLACEMENT_3D('',#14978,#11811,#11812);
#10371=AXIS2_PLACEMENT_3D('',#14982,#11814,#11815);
#10372=AXIS2_PLACEMENT_3D('',#14983,#11816,#11817);
#10373=AXIS2_PLACEMENT_3D('',#14988,#11819,#11820);
#10374=AXIS2_PLACEMENT_3D('',#14992,#11822,#11823);
#10375=AXIS2_PLACEMENT_3D('',#14996,#11825,#11826);
#10376=AXIS2_PLACEMENT_3D('',#15002,#11829,#11830);
#10377=AXIS2_PLACEMENT_3D('',#15006,#11832,#11833);
#10378=AXIS2_PLACEMENT_3D('',#15010,#11835,#11836);
#10379=AXIS2_PLACEMENT_3D('',#15014,#11838,#11839);
#10380=AXIS2_PLACEMENT_3D('',#15015,#11840,#11841);
#10381=AXIS2_PLACEMENT_3D('',#15020,#11843,#11844);
#10382=AXIS2_PLACEMENT_3D('',#15024,#11846,#11847);
#10383=AXIS2_PLACEMENT_3D('',#15028,#11849,#11850);
#10384=AXIS2_PLACEMENT_3D('',#15031,#11852,#11853);
#10385=AXIS2_PLACEMENT_3D('',#15033,#11854,#11855);
#10386=AXIS2_PLACEMENT_3D('',#15035,#11856,#11857);
#10387=AXIS2_PLACEMENT_3D('',#15037,#11858,#11859);
#10388=AXIS2_PLACEMENT_3D('',#15039,#11860,#11861);
#10389=AXIS2_PLACEMENT_3D('',#15041,#11862,#11863);
#10390=AXIS2_PLACEMENT_3D('',#15043,#11864,#11865);
#10391=AXIS2_PLACEMENT_3D('',#15048,#11867,#11868);
#10392=AXIS2_PLACEMENT_3D('',#15051,#11870,#11871);
#10393=AXIS2_PLACEMENT_3D('',#15056,#11873,#11874);
#10394=AXIS2_PLACEMENT_3D('',#15062,#11877,#11878);
#10395=AXIS2_PLACEMENT_3D('',#15066,#11880,#11881);
#10396=AXIS2_PLACEMENT_3D('',#15067,#11882,#11883);
#10397=AXIS2_PLACEMENT_3D('',#15072,#11885,#11886);
#10398=AXIS2_PLACEMENT_3D('',#15075,#11888,#11889);
#10399=AXIS2_PLACEMENT_3D('',#15079,#11892,#11893);
#10400=AXIS2_PLACEMENT_3D('',#15080,#11894,#11895);
#10401=AXIS2_PLACEMENT_3D('',#15085,#11898,#11899);
#10402=AXIS2_PLACEMENT_3D('',#15089,#11902,#11903);
#10403=AXIS2_PLACEMENT_3D('',#15090,#11904,#11905);
#10404=AXIS2_PLACEMENT_3D('',#15093,#11907,#11908);
#10405=AXIS2_PLACEMENT_3D('',#15095,#11910,#11911);
#10406=AXIS2_PLACEMENT_3D('',#15101,#11915,#11916);
#10407=AXIS2_PLACEMENT_3D('',#15102,#11917,#11918);
#10408=AXIS2_PLACEMENT_3D('',#15105,#11920,#11921);
#10409=AXIS2_PLACEMENT_3D('',#15109,#11924,#11925);
#10410=AXIS2_PLACEMENT_3D('',#15110,#11926,#11927);
#10411=AXIS2_PLACEMENT_3D('',#15111,#11928,#11929);
#10412=AXIS2_PLACEMENT_3D('',#15112,#11930,#11931);
#10413=AXIS2_PLACEMENT_3D('',#15117,#11934,#11935);
#10414=AXIS2_PLACEMENT_3D('',#15121,#11938,#11939);
#10415=AXIS2_PLACEMENT_3D('',#15122,#11940,#11941);
#10416=AXIS2_PLACEMENT_3D('',#15125,#11943,#11944);
#10417=AXIS2_PLACEMENT_3D('',#15127,#11946,#11947);
#10418=AXIS2_PLACEMENT_3D('',#15128,#11948,#11949);
#10419=AXIS2_PLACEMENT_3D('',#15133,#11952,#11953);
#10420=AXIS2_PLACEMENT_3D('',#15137,#11956,#11957);
#10421=AXIS2_PLACEMENT_3D('',#15138,#11958,#11959);
#10422=AXIS2_PLACEMENT_3D('',#15141,#11961,#11962);
#10423=AXIS2_PLACEMENT_3D('',#15143,#11964,#11965);
#10424=AXIS2_PLACEMENT_3D('',#15144,#11966,#11967);
#10425=AXIS2_PLACEMENT_3D('',#15149,#11970,#11971);
#10426=AXIS2_PLACEMENT_3D('',#15153,#11974,#11975);
#10427=AXIS2_PLACEMENT_3D('',#15154,#11976,#11977);
#10428=AXIS2_PLACEMENT_3D('',#15156,#11978,#11979);
#10429=AXIS2_PLACEMENT_3D('',#15160,#11982,#11983);
#10430=AXIS2_PLACEMENT_3D('',#15164,#11986,#11987);
#10431=AXIS2_PLACEMENT_3D('',#15168,#11990,#11991);
#10432=AXIS2_PLACEMENT_3D('',#15172,#11994,#11995);
#10433=AXIS2_PLACEMENT_3D('',#15173,#11996,#11997);
#10434=AXIS2_PLACEMENT_3D('',#15178,#12000,#12001);
#10435=AXIS2_PLACEMENT_3D('',#15180,#12003,#12004);
#10436=AXIS2_PLACEMENT_3D('',#15181,#12005,#12006);
#10437=AXIS2_PLACEMENT_3D('',#15183,#12007,#12008);
#10438=AXIS2_PLACEMENT_3D('',#15187,#12011,#12012);
#10439=AXIS2_PLACEMENT_3D('',#15191,#12015,#12016);
#10440=AXIS2_PLACEMENT_3D('',#15195,#12019,#12020);
#10441=AXIS2_PLACEMENT_3D('',#15196,#12021,#12022);
#10442=AXIS2_PLACEMENT_3D('',#15198,#12023,#12024);
#10443=AXIS2_PLACEMENT_3D('',#15199,#12025,#12026);
#10444=AXIS2_PLACEMENT_3D('',#15202,#12028,#12029);
#10445=AXIS2_PLACEMENT_3D('',#15206,#12032,#12033);
#10446=AXIS2_PLACEMENT_3D('',#15210,#12036,#12037);
#10447=AXIS2_PLACEMENT_3D('',#15214,#12040,#12041);
#10448=AXIS2_PLACEMENT_3D('',#15215,#12042,#12043);
#10449=AXIS2_PLACEMENT_3D('',#15217,#12044,#12045);
#10450=AXIS2_PLACEMENT_3D('',#15218,#12046,#12047);
#10451=AXIS2_PLACEMENT_3D('',#15221,#12049,#12050);
#10452=AXIS2_PLACEMENT_3D('',#15225,#12053,#12054);
#10453=AXIS2_PLACEMENT_3D('',#15229,#12057,#12058);
#10454=AXIS2_PLACEMENT_3D('',#15230,#12059,#12060);
#10455=AXIS2_PLACEMENT_3D('',#15232,#12061,#12062);
#10456=AXIS2_PLACEMENT_3D('',#15233,#12063,#12064);
#10457=AXIS2_PLACEMENT_3D('',#15235,#12065,#12066);
#10458=AXIS2_PLACEMENT_3D('',#15241,#12070,#12071);
#10459=AXIS2_PLACEMENT_3D('',#15245,#12074,#12075);
#10460=AXIS2_PLACEMENT_3D('',#15249,#12078,#12079);
#10461=AXIS2_PLACEMENT_3D('',#15251,#12081,#12082);
#10462=AXIS2_PLACEMENT_3D('',#15257,#12086,#12087);
#10463=AXIS2_PLACEMENT_3D('',#15261,#12090,#12091);
#10464=AXIS2_PLACEMENT_3D('',#15265,#12094,#12095);
#10465=AXIS2_PLACEMENT_3D('',#15269,#12098,#12099);
#10466=AXIS2_PLACEMENT_3D('',#15275,#12103,#12104);
#10467=AXIS2_PLACEMENT_3D('',#15281,#12108,#12109);
#10468=AXIS2_PLACEMENT_3D('',#15285,#12112,#12113);
#10469=AXIS2_PLACEMENT_3D('',#15289,#12116,#12117);
#10470=AXIS2_PLACEMENT_3D('',#15295,#12121,#12122);
#10471=AXIS2_PLACEMENT_3D('',#15299,#12125,#12126);
#10472=AXIS2_PLACEMENT_3D('',#15303,#12129,#12130);
#10473=AXIS2_PLACEMENT_3D('',#15305,#12132,#12133);
#10474=AXIS2_PLACEMENT_3D('',#15309,#12136,#12137);
#10475=AXIS2_PLACEMENT_3D('',#15311,#12139,#12140);
#10476=AXIS2_PLACEMENT_3D('',#15313,#12142,#12143);
#10477=AXIS2_PLACEMENT_3D('',#15317,#12146,#12147);
#10478=AXIS2_PLACEMENT_3D('',#15319,#12149,#12150);
#10479=AXIS2_PLACEMENT_3D('',#15323,#12153,#12154);
#10480=AXIS2_PLACEMENT_3D('',#15324,#12155,#12156);
#10481=AXIS2_PLACEMENT_3D('',#15328,#12158,#12159);
#10482=AXIS2_PLACEMENT_3D('',#15332,#12161,#12162);
#10483=AXIS2_PLACEMENT_3D('',#15340,#12166,#12167);
#10484=AXIS2_PLACEMENT_3D('',#15343,#12169,#12170);
#10485=AXIS2_PLACEMENT_3D('',#15347,#12172,#12173);
#10486=AXIS2_PLACEMENT_3D('',#15350,#12175,#12176);
#10487=AXIS2_PLACEMENT_3D('',#15354,#12178,#12179);
#10488=AXIS2_PLACEMENT_3D('',#15357,#12181,#12182);
#10489=AXIS2_PLACEMENT_3D('',#15361,#12184,#12185);
#10490=AXIS2_PLACEMENT_3D('',#15364,#12187,#12188);
#10491=AXIS2_PLACEMENT_3D('',#15368,#12190,#12191);
#10492=AXIS2_PLACEMENT_3D('',#15372,#12194,#12195);
#10493=AXIS2_PLACEMENT_3D('',#15373,#12196,#12197);
#10494=AXIS2_PLACEMENT_3D('',#15374,#12198,#12199);
#10495=AXIS2_PLACEMENT_3D('',#15379,#12201,#12202);
#10496=AXIS2_PLACEMENT_3D('',#15383,#12204,#12205);
#10497=AXIS2_PLACEMENT_3D('',#15387,#12207,#12208);
#10498=AXIS2_PLACEMENT_3D('',#15393,#12211,#12212);
#10499=AXIS2_PLACEMENT_3D('',#15397,#12214,#12215);
#10500=AXIS2_PLACEMENT_3D('',#15401,#12217,#12218);
#10501=AXIS2_PLACEMENT_3D('',#15405,#12220,#12221);
#10502=AXIS2_PLACEMENT_3D('',#15406,#12222,#12223);
#10503=AXIS2_PLACEMENT_3D('',#15411,#12225,#12226);
#10504=AXIS2_PLACEMENT_3D('',#15415,#12228,#12229);
#10505=AXIS2_PLACEMENT_3D('',#15419,#12231,#12232);
#10506=AXIS2_PLACEMENT_3D('',#15425,#12235,#12236);
#10507=AXIS2_PLACEMENT_3D('',#15429,#12238,#12239);
#10508=AXIS2_PLACEMENT_3D('',#15433,#12241,#12242);
#10509=AXIS2_PLACEMENT_3D('',#15437,#12244,#12245);
#10510=AXIS2_PLACEMENT_3D('',#15438,#12246,#12247);
#10511=AXIS2_PLACEMENT_3D('',#15443,#12249,#12250);
#10512=AXIS2_PLACEMENT_3D('',#15447,#12252,#12253);
#10513=AXIS2_PLACEMENT_3D('',#15451,#12255,#12256);
#10514=AXIS2_PLACEMENT_3D('',#15454,#12258,#12259);
#10515=AXIS2_PLACEMENT_3D('',#15459,#12261,#12262);
#10516=AXIS2_PLACEMENT_3D('',#15463,#12264,#12265);
#10517=AXIS2_PLACEMENT_3D('',#15467,#12267,#12268);
#10518=AXIS2_PLACEMENT_3D('',#15470,#12270,#12271);
#10519=AXIS2_PLACEMENT_3D('',#15475,#12273,#12274);
#10520=AXIS2_PLACEMENT_3D('',#15479,#12276,#12277);
#10521=AXIS2_PLACEMENT_3D('',#15483,#12279,#12280);
#10522=AXIS2_PLACEMENT_3D('',#15486,#12282,#12283);
#10523=AXIS2_PLACEMENT_3D('',#15491,#12285,#12286);
#10524=AXIS2_PLACEMENT_3D('',#15495,#12288,#12289);
#10525=AXIS2_PLACEMENT_3D('',#15499,#12291,#12292);
#10526=AXIS2_PLACEMENT_3D('',#15502,#12294,#12295);
#10527=AXIS2_PLACEMENT_3D('',#15507,#12297,#12298);
#10528=AXIS2_PLACEMENT_3D('',#15511,#12300,#12301);
#10529=AXIS2_PLACEMENT_3D('',#15515,#12303,#12304);
#10530=AXIS2_PLACEMENT_3D('',#15518,#12306,#12307);
#10531=AXIS2_PLACEMENT_3D('',#15523,#12309,#12310);
#10532=AXIS2_PLACEMENT_3D('',#15527,#12312,#12313);
#10533=AXIS2_PLACEMENT_3D('',#15531,#12315,#12316);
#10534=AXIS2_PLACEMENT_3D('',#15534,#12318,#12319);
#10535=AXIS2_PLACEMENT_3D('',#15539,#12321,#12322);
#10536=AXIS2_PLACEMENT_3D('',#15543,#12324,#12325);
#10537=AXIS2_PLACEMENT_3D('',#15547,#12327,#12328);
#10538=AXIS2_PLACEMENT_3D('',#15550,#12330,#12331);
#10539=AXIS2_PLACEMENT_3D('',#15555,#12333,#12334);
#10540=AXIS2_PLACEMENT_3D('',#15559,#12336,#12337);
#10541=AXIS2_PLACEMENT_3D('',#15563,#12339,#12340);
#10542=AXIS2_PLACEMENT_3D('',#15566,#12342,#12343);
#10543=AXIS2_PLACEMENT_3D('',#15571,#12345,#12346);
#10544=AXIS2_PLACEMENT_3D('',#15575,#12348,#12349);
#10545=AXIS2_PLACEMENT_3D('',#15579,#12351,#12352);
#10546=AXIS2_PLACEMENT_3D('',#15582,#12354,#12355);
#10547=AXIS2_PLACEMENT_3D('',#15587,#12357,#12358);
#10548=AXIS2_PLACEMENT_3D('',#15591,#12360,#12361);
#10549=AXIS2_PLACEMENT_3D('',#15595,#12363,#12364);
#10550=AXIS2_PLACEMENT_3D('',#15598,#12366,#12367);
#10551=AXIS2_PLACEMENT_3D('',#15603,#12369,#12370);
#10552=AXIS2_PLACEMENT_3D('',#15607,#12372,#12373);
#10553=AXIS2_PLACEMENT_3D('',#15611,#12375,#12376);
#10554=AXIS2_PLACEMENT_3D('',#15614,#12378,#12379);
#10555=AXIS2_PLACEMENT_3D('',#15619,#12381,#12382);
#10556=AXIS2_PLACEMENT_3D('',#15623,#12384,#12385);
#10557=AXIS2_PLACEMENT_3D('',#15627,#12387,#12388);
#10558=AXIS2_PLACEMENT_3D('',#15630,#12390,#12391);
#10559=AXIS2_PLACEMENT_3D('',#15635,#12393,#12394);
#10560=AXIS2_PLACEMENT_3D('',#15639,#12396,#12397);
#10561=AXIS2_PLACEMENT_3D('',#15643,#12399,#12400);
#10562=AXIS2_PLACEMENT_3D('',#15646,#12402,#12403);
#10563=AXIS2_PLACEMENT_3D('',#15651,#12405,#12406);
#10564=AXIS2_PLACEMENT_3D('',#15655,#12408,#12409);
#10565=AXIS2_PLACEMENT_3D('',#15659,#12411,#12412);
#10566=AXIS2_PLACEMENT_3D('',#15662,#12414,#12415);
#10567=AXIS2_PLACEMENT_3D('',#15667,#12417,#12418);
#10568=AXIS2_PLACEMENT_3D('',#15671,#12420,#12421);
#10569=AXIS2_PLACEMENT_3D('',#15675,#12423,#12424);
#10570=AXIS2_PLACEMENT_3D('',#15678,#12426,#12427);
#10571=AXIS2_PLACEMENT_3D('',#15683,#12429,#12430);
#10572=AXIS2_PLACEMENT_3D('',#15687,#12432,#12433);
#10573=AXIS2_PLACEMENT_3D('',#15691,#12435,#12436);
#10574=AXIS2_PLACEMENT_3D('',#15694,#12438,#12439);
#10575=AXIS2_PLACEMENT_3D('',#15699,#12441,#12442);
#10576=AXIS2_PLACEMENT_3D('',#15703,#12444,#12445);
#10577=AXIS2_PLACEMENT_3D('',#15707,#12447,#12448);
#10578=AXIS2_PLACEMENT_3D('',#15710,#12450,#12451);
#10579=AXIS2_PLACEMENT_3D('',#15715,#12453,#12454);
#10580=AXIS2_PLACEMENT_3D('',#15719,#12456,#12457);
#10581=AXIS2_PLACEMENT_3D('',#15723,#12459,#12460);
#10582=AXIS2_PLACEMENT_3D('',#15726,#12462,#12463);
#10583=AXIS2_PLACEMENT_3D('',#15731,#12465,#12466);
#10584=AXIS2_PLACEMENT_3D('',#15735,#12468,#12469);
#10585=AXIS2_PLACEMENT_3D('',#15739,#12471,#12472);
#10586=AXIS2_PLACEMENT_3D('',#15743,#12474,#12475);
#10587=AXIS2_PLACEMENT_3D('',#15747,#12477,#12478);
#10588=AXIS2_PLACEMENT_3D('',#15750,#12480,#12481);
#10589=AXIS2_PLACEMENT_3D('',#15755,#12483,#12484);
#10590=AXIS2_PLACEMENT_3D('',#15759,#12486,#12487);
#10591=AXIS2_PLACEMENT_3D('',#15763,#12489,#12490);
#10592=AXIS2_PLACEMENT_3D('',#15766,#12492,#12493);
#10593=AXIS2_PLACEMENT_3D('',#15771,#12495,#12496);
#10594=AXIS2_PLACEMENT_3D('',#15775,#12498,#12499);
#10595=AXIS2_PLACEMENT_3D('',#15779,#12501,#12502);
#10596=AXIS2_PLACEMENT_3D('',#15782,#12504,#12505);
#10597=AXIS2_PLACEMENT_3D('',#15787,#12507,#12508);
#10598=AXIS2_PLACEMENT_3D('',#15791,#12510,#12511);
#10599=AXIS2_PLACEMENT_3D('',#15795,#12513,#12514);
#10600=AXIS2_PLACEMENT_3D('',#15798,#12516,#12517);
#10601=AXIS2_PLACEMENT_3D('',#15803,#12519,#12520);
#10602=AXIS2_PLACEMENT_3D('',#15807,#12522,#12523);
#10603=AXIS2_PLACEMENT_3D('',#15811,#12525,#12526);
#10604=AXIS2_PLACEMENT_3D('',#15814,#12528,#12529);
#10605=AXIS2_PLACEMENT_3D('',#15819,#12531,#12532);
#10606=AXIS2_PLACEMENT_3D('',#15823,#12534,#12535);
#10607=AXIS2_PLACEMENT_3D('',#15827,#12537,#12538);
#10608=AXIS2_PLACEMENT_3D('',#15830,#12540,#12541);
#10609=AXIS2_PLACEMENT_3D('',#15835,#12543,#12544);
#10610=AXIS2_PLACEMENT_3D('',#15839,#12546,#12547);
#10611=AXIS2_PLACEMENT_3D('',#15843,#12549,#12550);
#10612=AXIS2_PLACEMENT_3D('',#15847,#12552,#12553);
#10613=AXIS2_PLACEMENT_3D('',#15851,#12555,#12556);
#10614=AXIS2_PLACEMENT_3D('',#15854,#12558,#12559);
#10615=AXIS2_PLACEMENT_3D('',#15859,#12561,#12562);
#10616=AXIS2_PLACEMENT_3D('',#15863,#12564,#12565);
#10617=AXIS2_PLACEMENT_3D('',#15867,#12567,#12568);
#10618=AXIS2_PLACEMENT_3D('',#15870,#12570,#12571);
#10619=AXIS2_PLACEMENT_3D('',#15875,#12573,#12574);
#10620=AXIS2_PLACEMENT_3D('',#15879,#12576,#12577);
#10621=AXIS2_PLACEMENT_3D('',#15883,#12579,#12580);
#10622=AXIS2_PLACEMENT_3D('',#15886,#12582,#12583);
#10623=AXIS2_PLACEMENT_3D('',#15891,#12585,#12586);
#10624=AXIS2_PLACEMENT_3D('',#15895,#12588,#12589);
#10625=AXIS2_PLACEMENT_3D('',#15899,#12591,#12592);
#10626=AXIS2_PLACEMENT_3D('',#15902,#12594,#12595);
#10627=AXIS2_PLACEMENT_3D('',#15907,#12597,#12598);
#10628=AXIS2_PLACEMENT_3D('',#15911,#12600,#12601);
#10629=AXIS2_PLACEMENT_3D('',#15915,#12603,#12604);
#10630=AXIS2_PLACEMENT_3D('',#15918,#12606,#12607);
#10631=AXIS2_PLACEMENT_3D('',#15923,#12609,#12610);
#10632=AXIS2_PLACEMENT_3D('',#15927,#12612,#12613);
#10633=AXIS2_PLACEMENT_3D('',#15931,#12615,#12616);
#10634=AXIS2_PLACEMENT_3D('',#15934,#12618,#12619);
#10635=AXIS2_PLACEMENT_3D('',#15939,#12621,#12622);
#10636=AXIS2_PLACEMENT_3D('',#15943,#12624,#12625);
#10637=AXIS2_PLACEMENT_3D('',#15947,#12627,#12628);
#10638=AXIS2_PLACEMENT_3D('',#15950,#12630,#12631);
#10639=AXIS2_PLACEMENT_3D('',#15955,#12633,#12634);
#10640=AXIS2_PLACEMENT_3D('',#15959,#12636,#12637);
#10641=AXIS2_PLACEMENT_3D('',#15963,#12639,#12640);
#10642=AXIS2_PLACEMENT_3D('',#15966,#12642,#12643);
#10643=AXIS2_PLACEMENT_3D('',#15971,#12645,#12646);
#10644=AXIS2_PLACEMENT_3D('',#15975,#12648,#12649);
#10645=AXIS2_PLACEMENT_3D('',#15979,#12651,#12652);
#10646=AXIS2_PLACEMENT_3D('',#15982,#12654,#12655);
#10647=AXIS2_PLACEMENT_3D('',#15987,#12657,#12658);
#10648=AXIS2_PLACEMENT_3D('',#15991,#12660,#12661);
#10649=AXIS2_PLACEMENT_3D('',#15995,#12663,#12664);
#10650=AXIS2_PLACEMENT_3D('',#15998,#12666,#12667);
#10651=AXIS2_PLACEMENT_3D('',#16003,#12669,#12670);
#10652=AXIS2_PLACEMENT_3D('',#16007,#12672,#12673);
#10653=AXIS2_PLACEMENT_3D('',#16011,#12675,#12676);
#10654=AXIS2_PLACEMENT_3D('',#16014,#12678,#12679);
#10655=AXIS2_PLACEMENT_3D('',#16019,#12681,#12682);
#10656=AXIS2_PLACEMENT_3D('',#16023,#12684,#12685);
#10657=AXIS2_PLACEMENT_3D('',#16027,#12687,#12688);
#10658=AXIS2_PLACEMENT_3D('',#16031,#12690,#12691);
#10659=AXIS2_PLACEMENT_3D('',#16035,#12693,#12694);
#10660=AXIS2_PLACEMENT_3D('',#16038,#12696,#12697);
#10661=AXIS2_PLACEMENT_3D('',#16043,#12699,#12700);
#10662=AXIS2_PLACEMENT_3D('',#16047,#12702,#12703);
#10663=AXIS2_PLACEMENT_3D('',#16051,#12705,#12706);
#10664=AXIS2_PLACEMENT_3D('',#16054,#12708,#12709);
#10665=AXIS2_PLACEMENT_3D('',#16059,#12711,#12712);
#10666=AXIS2_PLACEMENT_3D('',#16063,#12714,#12715);
#10667=AXIS2_PLACEMENT_3D('',#16067,#12717,#12718);
#10668=AXIS2_PLACEMENT_3D('',#16070,#12720,#12721);
#10669=AXIS2_PLACEMENT_3D('',#16075,#12723,#12724);
#10670=AXIS2_PLACEMENT_3D('',#16079,#12726,#12727);
#10671=AXIS2_PLACEMENT_3D('',#16083,#12729,#12730);
#10672=AXIS2_PLACEMENT_3D('',#16086,#12732,#12733);
#10673=AXIS2_PLACEMENT_3D('',#16091,#12735,#12736);
#10674=AXIS2_PLACEMENT_3D('',#16095,#12738,#12739);
#10675=AXIS2_PLACEMENT_3D('',#16099,#12741,#12742);
#10676=AXIS2_PLACEMENT_3D('',#16102,#12744,#12745);
#10677=AXIS2_PLACEMENT_3D('',#16107,#12747,#12748);
#10678=AXIS2_PLACEMENT_3D('',#16111,#12750,#12751);
#10679=AXIS2_PLACEMENT_3D('',#16115,#12753,#12754);
#10680=AXIS2_PLACEMENT_3D('',#16118,#12756,#12757);
#10681=AXIS2_PLACEMENT_3D('',#16123,#12759,#12760);
#10682=AXIS2_PLACEMENT_3D('',#16127,#12762,#12763);
#10683=AXIS2_PLACEMENT_3D('',#16131,#12765,#12766);
#10684=AXIS2_PLACEMENT_3D('',#16134,#12768,#12769);
#10685=AXIS2_PLACEMENT_3D('',#16139,#12771,#12772);
#10686=AXIS2_PLACEMENT_3D('',#16143,#12774,#12775);
#10687=AXIS2_PLACEMENT_3D('',#16147,#12777,#12778);
#10688=AXIS2_PLACEMENT_3D('',#16150,#12780,#12781);
#10689=AXIS2_PLACEMENT_3D('',#16153,#12784,#12785);
#10690=AXIS2_PLACEMENT_3D('',#16155,#12787,#12788);
#10691=AXIS2_PLACEMENT_3D('',#16156,#12789,#12790);
#10692=AXIS2_PLACEMENT_3D('',#16158,#12792,#12793);
#10693=AXIS2_PLACEMENT_3D('',#16159,#12794,#12795);
#10694=AXIS2_PLACEMENT_3D('',#16162,#12798,#12799);
#10695=AXIS2_PLACEMENT_3D('',#16164,#12801,#12802);
#10696=AXIS2_PLACEMENT_3D('',#16166,#12804,#12805);
#10697=AXIS2_PLACEMENT_3D('',#16168,#12807,#12808);
#10698=AXIS2_PLACEMENT_3D('',#16170,#12810,#12811);
#10699=AXIS2_PLACEMENT_3D('',#16172,#12813,#12814);
#10700=AXIS2_PLACEMENT_3D('',#16174,#12816,#12817);
#10701=AXIS2_PLACEMENT_3D('',#16175,#12818,#12819);
#10702=AXIS2_PLACEMENT_3D('',#16178,#12822,#12823);
#10703=AXIS2_PLACEMENT_3D('',#16180,#12825,#12826);
#10704=AXIS2_PLACEMENT_3D('',#16182,#12828,#12829);
#10705=AXIS2_PLACEMENT_3D('',#16184,#12831,#12832);
#10706=AXIS2_PLACEMENT_3D('',#16186,#12834,#12835);
#10707=AXIS2_PLACEMENT_3D('',#16188,#12837,#12838);
#10708=AXIS2_PLACEMENT_3D('',#16190,#12840,#12841);
#10709=AXIS2_PLACEMENT_3D('',#16191,#12842,#12843);
#10710=AXIS2_PLACEMENT_3D('',#16194,#12846,#12847);
#10711=AXIS2_PLACEMENT_3D('',#16196,#12849,#12850);
#10712=AXIS2_PLACEMENT_3D('',#16198,#12852,#12853);
#10713=AXIS2_PLACEMENT_3D('',#16200,#12855,#12856);
#10714=AXIS2_PLACEMENT_3D('',#16202,#12858,#12859);
#10715=AXIS2_PLACEMENT_3D('',#16204,#12861,#12862);
#10716=AXIS2_PLACEMENT_3D('',#16206,#12864,#12865);
#10717=AXIS2_PLACEMENT_3D('',#16207,#12866,#12867);
#10718=AXIS2_PLACEMENT_3D('',#16210,#12870,#12871);
#10719=AXIS2_PLACEMENT_3D('',#16212,#12873,#12874);
#10720=AXIS2_PLACEMENT_3D('',#16214,#12876,#12877);
#10721=AXIS2_PLACEMENT_3D('',#16216,#12879,#12880);
#10722=AXIS2_PLACEMENT_3D('',#16218,#12882,#12883);
#10723=AXIS2_PLACEMENT_3D('',#16220,#12885,#12886);
#10724=AXIS2_PLACEMENT_3D('',#16222,#12888,#12889);
#10725=AXIS2_PLACEMENT_3D('',#16223,#12890,#12891);
#10726=AXIS2_PLACEMENT_3D('',#16225,#12893,#12894);
#10727=AXIS2_PLACEMENT_3D('',#16227,#12896,#12897);
#10728=AXIS2_PLACEMENT_3D('',#16229,#12899,#12900);
#10729=AXIS2_PLACEMENT_3D('',#16231,#12902,#12903);
#10730=AXIS2_PLACEMENT_3D('',#16233,#12905,#12906);
#10731=AXIS2_PLACEMENT_3D('',#16235,#12908,#12909);
#10732=AXIS2_PLACEMENT_3D('',#16237,#12911,#12912);
#10733=AXIS2_PLACEMENT_3D('',#16239,#12914,#12915);
#10734=AXIS2_PLACEMENT_3D('',#16240,#12916,#12917);
#10735=AXIS2_PLACEMENT_3D('',#16243,#12920,#12921);
#10736=AXIS2_PLACEMENT_3D('',#16245,#12923,#12924);
#10737=AXIS2_PLACEMENT_3D('',#16247,#12926,#12927);
#10738=AXIS2_PLACEMENT_3D('',#16249,#12929,#12930);
#10739=AXIS2_PLACEMENT_3D('',#16251,#12932,#12933);
#10740=AXIS2_PLACEMENT_3D('',#16253,#12935,#12936);
#10741=AXIS2_PLACEMENT_3D('',#16255,#12938,#12939);
#10742=AXIS2_PLACEMENT_3D('',#16256,#12940,#12941);
#10743=AXIS2_PLACEMENT_3D('',#16259,#12944,#12945);
#10744=AXIS2_PLACEMENT_3D('',#16261,#12947,#12948);
#10745=AXIS2_PLACEMENT_3D('',#16263,#12950,#12951);
#10746=AXIS2_PLACEMENT_3D('',#16265,#12953,#12954);
#10747=AXIS2_PLACEMENT_3D('',#16267,#12956,#12957);
#10748=AXIS2_PLACEMENT_3D('',#16269,#12959,#12960);
#10749=AXIS2_PLACEMENT_3D('',#16271,#12962,#12963);
#10750=AXIS2_PLACEMENT_3D('',#16272,#12964,#12965);
#10751=AXIS2_PLACEMENT_3D('',#16275,#12968,#12969);
#10752=AXIS2_PLACEMENT_3D('',#16277,#12971,#12972);
#10753=AXIS2_PLACEMENT_3D('',#16279,#12974,#12975);
#10754=AXIS2_PLACEMENT_3D('',#16281,#12977,#12978);
#10755=AXIS2_PLACEMENT_3D('',#16283,#12980,#12981);
#10756=AXIS2_PLACEMENT_3D('',#16285,#12983,#12984);
#10757=AXIS2_PLACEMENT_3D('',#16287,#12986,#12987);
#10758=AXIS2_PLACEMENT_3D('',#16288,#12988,#12989);
#10759=AXIS2_PLACEMENT_3D('',#16291,#12992,#12993);
#10760=AXIS2_PLACEMENT_3D('',#16293,#12995,#12996);
#10761=AXIS2_PLACEMENT_3D('',#16295,#12998,#12999);
#10762=AXIS2_PLACEMENT_3D('',#16297,#13001,#13002);
#10763=AXIS2_PLACEMENT_3D('',#16299,#13004,#13005);
#10764=AXIS2_PLACEMENT_3D('',#16301,#13007,#13008);
#10765=AXIS2_PLACEMENT_3D('',#16303,#13010,#13011);
#10766=AXIS2_PLACEMENT_3D('',#16304,#13012,#13013);
#10767=AXIS2_PLACEMENT_3D('',#16307,#13016,#13017);
#10768=AXIS2_PLACEMENT_3D('',#16309,#13019,#13020);
#10769=AXIS2_PLACEMENT_3D('',#16311,#13022,#13023);
#10770=AXIS2_PLACEMENT_3D('',#16313,#13025,#13026);
#10771=AXIS2_PLACEMENT_3D('',#16315,#13028,#13029);
#10772=AXIS2_PLACEMENT_3D('',#16317,#13031,#13032);
#10773=AXIS2_PLACEMENT_3D('',#16319,#13034,#13035);
#10774=AXIS2_PLACEMENT_3D('',#16320,#13036,#13037);
#10775=AXIS2_PLACEMENT_3D('',#16323,#13040,#13041);
#10776=AXIS2_PLACEMENT_3D('',#16324,#13042,#13043);
#10777=AXIS2_PLACEMENT_3D('',#16326,#13045,#13046);
#10778=AXIS2_PLACEMENT_3D('',#16327,#13047,#13048);
#10779=AXIS2_PLACEMENT_3D('',#16330,#13051,#13052);
#10780=AXIS2_PLACEMENT_3D('',#16332,#13054,#13055);
#10781=AXIS2_PLACEMENT_3D('',#16334,#13057,#13058);
#10782=AXIS2_PLACEMENT_3D('',#16336,#13060,#13061);
#10783=AXIS2_PLACEMENT_3D('',#16338,#13063,#13064);
#10784=AXIS2_PLACEMENT_3D('',#16340,#13066,#13067);
#10785=AXIS2_PLACEMENT_3D('',#16342,#13069,#13070);
#10786=AXIS2_PLACEMENT_3D('',#16343,#13071,#13072);
#10787=AXIS2_PLACEMENT_3D('',#16346,#13075,#13076);
#10788=AXIS2_PLACEMENT_3D('',#16348,#13078,#13079);
#10789=AXIS2_PLACEMENT_3D('',#16350,#13081,#13082);
#10790=AXIS2_PLACEMENT_3D('',#16352,#13084,#13085);
#10791=AXIS2_PLACEMENT_3D('',#16354,#13087,#13088);
#10792=AXIS2_PLACEMENT_3D('',#16356,#13090,#13091);
#10793=AXIS2_PLACEMENT_3D('',#16358,#13093,#13094);
#10794=AXIS2_PLACEMENT_3D('',#16359,#13095,#13096);
#10795=AXIS2_PLACEMENT_3D('',#16362,#13099,#13100);
#10796=AXIS2_PLACEMENT_3D('',#16364,#13102,#13103);
#10797=AXIS2_PLACEMENT_3D('',#16366,#13105,#13106);
#10798=AXIS2_PLACEMENT_3D('',#16368,#13108,#13109);
#10799=AXIS2_PLACEMENT_3D('',#16370,#13111,#13112);
#10800=AXIS2_PLACEMENT_3D('',#16372,#13114,#13115);
#10801=AXIS2_PLACEMENT_3D('',#16374,#13117,#13118);
#10802=AXIS2_PLACEMENT_3D('',#16375,#13119,#13120);
#10803=AXIS2_PLACEMENT_3D('',#16378,#13123,#13124);
#10804=AXIS2_PLACEMENT_3D('',#16380,#13126,#13127);
#10805=AXIS2_PLACEMENT_3D('',#16382,#13129,#13130);
#10806=AXIS2_PLACEMENT_3D('',#16384,#13132,#13133);
#10807=AXIS2_PLACEMENT_3D('',#16386,#13135,#13136);
#10808=AXIS2_PLACEMENT_3D('',#16388,#13138,#13139);
#10809=AXIS2_PLACEMENT_3D('',#16390,#13141,#13142);
#10810=AXIS2_PLACEMENT_3D('',#16391,#13143,#13144);
#10811=AXIS2_PLACEMENT_3D('',#16394,#13147,#13148);
#10812=AXIS2_PLACEMENT_3D('',#16396,#13150,#13151);
#10813=AXIS2_PLACEMENT_3D('',#16398,#13153,#13154);
#10814=AXIS2_PLACEMENT_3D('',#16400,#13156,#13157);
#10815=AXIS2_PLACEMENT_3D('',#16402,#13159,#13160);
#10816=AXIS2_PLACEMENT_3D('',#16404,#13162,#13163);
#10817=AXIS2_PLACEMENT_3D('',#16406,#13165,#13166);
#10818=AXIS2_PLACEMENT_3D('',#16407,#13167,#13168);
#10819=AXIS2_PLACEMENT_3D('',#16409,#13170,#13171);
#10820=AXIS2_PLACEMENT_3D('',#16411,#13173,#13174);
#10821=AXIS2_PLACEMENT_3D('',#16413,#13176,#13177);
#10822=AXIS2_PLACEMENT_3D('',#16414,#13178,#13179);
#10823=AXIS2_PLACEMENT_3D('',#16417,#13182,#13183);
#10824=AXIS2_PLACEMENT_3D('',#16419,#13185,#13186);
#10825=AXIS2_PLACEMENT_3D('',#16421,#13188,#13189);
#10826=AXIS2_PLACEMENT_3D('',#16423,#13191,#13192);
#10827=AXIS2_PLACEMENT_3D('',#16425,#13194,#13195);
#10828=AXIS2_PLACEMENT_3D('',#16427,#13197,#13198);
#10829=AXIS2_PLACEMENT_3D('',#16429,#13200,#13201);
#10830=AXIS2_PLACEMENT_3D('',#16430,#13202,#13203);
#10831=AXIS2_PLACEMENT_3D('',#16433,#13206,#13207);
#10832=AXIS2_PLACEMENT_3D('',#16435,#13209,#13210);
#10833=AXIS2_PLACEMENT_3D('',#16437,#13212,#13213);
#10834=AXIS2_PLACEMENT_3D('',#16439,#13215,#13216);
#10835=AXIS2_PLACEMENT_3D('',#16441,#13218,#13219);
#10836=AXIS2_PLACEMENT_3D('',#16443,#13221,#13222);
#10837=AXIS2_PLACEMENT_3D('',#16445,#13224,#13225);
#10838=AXIS2_PLACEMENT_3D('',#16446,#13226,#13227);
#10839=AXIS2_PLACEMENT_3D('',#16449,#13230,#13231);
#10840=AXIS2_PLACEMENT_3D('',#16451,#13233,#13234);
#10841=AXIS2_PLACEMENT_3D('',#16453,#13236,#13237);
#10842=AXIS2_PLACEMENT_3D('',#16455,#13239,#13240);
#10843=AXIS2_PLACEMENT_3D('',#16457,#13242,#13243);
#10844=AXIS2_PLACEMENT_3D('',#16459,#13245,#13246);
#10845=AXIS2_PLACEMENT_3D('',#16461,#13248,#13249);
#10846=AXIS2_PLACEMENT_3D('',#16462,#13250,#13251);
#10847=AXIS2_PLACEMENT_3D('',#16465,#13254,#13255);
#10848=AXIS2_PLACEMENT_3D('',#16467,#13257,#13258);
#10849=AXIS2_PLACEMENT_3D('',#16469,#13260,#13261);
#10850=AXIS2_PLACEMENT_3D('',#16471,#13263,#13264);
#10851=AXIS2_PLACEMENT_3D('',#16473,#13266,#13267);
#10852=AXIS2_PLACEMENT_3D('',#16475,#13269,#13270);
#10853=AXIS2_PLACEMENT_3D('',#16477,#13272,#13273);
#10854=AXIS2_PLACEMENT_3D('',#16478,#13274,#13275);
#10855=AXIS2_PLACEMENT_3D('',#16481,#13278,#13279);
#10856=AXIS2_PLACEMENT_3D('',#16483,#13281,#13282);
#10857=AXIS2_PLACEMENT_3D('',#16485,#13284,#13285);
#10858=AXIS2_PLACEMENT_3D('',#16487,#13287,#13288);
#10859=AXIS2_PLACEMENT_3D('',#16489,#13290,#13291);
#10860=AXIS2_PLACEMENT_3D('',#16491,#13293,#13294);
#10861=AXIS2_PLACEMENT_3D('',#16493,#13296,#13297);
#10862=AXIS2_PLACEMENT_3D('',#16494,#13298,#13299);
#10863=AXIS2_PLACEMENT_3D('',#16497,#13302,#13303);
#10864=AXIS2_PLACEMENT_3D('',#16499,#13305,#13306);
#10865=AXIS2_PLACEMENT_3D('',#16501,#13308,#13309);
#10866=AXIS2_PLACEMENT_3D('',#16503,#13311,#13312);
#10867=AXIS2_PLACEMENT_3D('',#16505,#13314,#13315);
#10868=AXIS2_PLACEMENT_3D('',#16507,#13317,#13318);
#10869=AXIS2_PLACEMENT_3D('',#16509,#13320,#13321);
#10870=AXIS2_PLACEMENT_3D('',#16510,#13322,#13323);
#10871=AXIS2_PLACEMENT_3D('',#16513,#13326,#13327);
#10872=AXIS2_PLACEMENT_3D('',#16515,#13329,#13330);
#10873=AXIS2_PLACEMENT_3D('',#16517,#13332,#13333);
#10874=AXIS2_PLACEMENT_3D('',#16519,#13335,#13336);
#10875=AXIS2_PLACEMENT_3D('',#16521,#13338,#13339);
#10876=AXIS2_PLACEMENT_3D('',#16523,#13341,#13342);
#10877=AXIS2_PLACEMENT_3D('',#16525,#13344,#13345);
#10878=AXIS2_PLACEMENT_3D('',#16526,#13346,#13347);
#10879=AXIS2_PLACEMENT_3D('',#16529,#13350,#13351);
#10880=AXIS2_PLACEMENT_3D('',#16531,#13353,#13354);
#10881=AXIS2_PLACEMENT_3D('',#16533,#13356,#13357);
#10882=AXIS2_PLACEMENT_3D('',#16535,#13359,#13360);
#10883=AXIS2_PLACEMENT_3D('',#16537,#13362,#13363);
#10884=AXIS2_PLACEMENT_3D('',#16539,#13365,#13366);
#10885=AXIS2_PLACEMENT_3D('',#16541,#13368,#13369);
#10886=AXIS2_PLACEMENT_3D('',#16542,#13370,#13371);
#10887=AXIS2_PLACEMENT_3D('',#16545,#13374,#13375);
#10888=AXIS2_PLACEMENT_3D('',#16546,#13376,#13377);
#10889=AXIS2_PLACEMENT_3D('',#16548,#13379,#13380);
#10890=AXIS2_PLACEMENT_3D('',#16549,#13381,#13382);
#10891=AXIS2_PLACEMENT_3D('',#16552,#13385,#13386);
#10892=AXIS2_PLACEMENT_3D('',#16554,#13388,#13389);
#10893=AXIS2_PLACEMENT_3D('',#16556,#13391,#13392);
#10894=AXIS2_PLACEMENT_3D('',#16558,#13394,#13395);
#10895=AXIS2_PLACEMENT_3D('',#16560,#13397,#13398);
#10896=AXIS2_PLACEMENT_3D('',#16562,#13400,#13401);
#10897=AXIS2_PLACEMENT_3D('',#16564,#13403,#13404);
#10898=AXIS2_PLACEMENT_3D('',#16566,#13406,#13407);
#10899=AXIS2_PLACEMENT_3D('',#16568,#13409,#13410);
#10900=AXIS2_PLACEMENT_3D('',#16570,#13412,#13413);
#10901=AXIS2_PLACEMENT_3D('',#16572,#13415,#13416);
#10902=AXIS2_PLACEMENT_3D('',#16573,#13417,#13418);
#10903=AXIS2_PLACEMENT_3D('',#16576,#13421,#13422);
#10904=AXIS2_PLACEMENT_3D('',#16578,#13424,#13425);
#10905=AXIS2_PLACEMENT_3D('',#16580,#13427,#13428);
#10906=AXIS2_PLACEMENT_3D('',#16582,#13430,#13431);
#10907=AXIS2_PLACEMENT_3D('',#16584,#13433,#13434);
#10908=AXIS2_PLACEMENT_3D('',#16586,#13436,#13437);
#10909=AXIS2_PLACEMENT_3D('',#16588,#13439,#13440);
#10910=AXIS2_PLACEMENT_3D('',#16589,#13441,#13442);
#10911=AXIS2_PLACEMENT_3D('',#16592,#13445,#13446);
#10912=AXIS2_PLACEMENT_3D('',#16594,#13448,#13449);
#10913=AXIS2_PLACEMENT_3D('',#16596,#13451,#13452);
#10914=AXIS2_PLACEMENT_3D('',#16598,#13454,#13455);
#10915=AXIS2_PLACEMENT_3D('',#16600,#13457,#13458);
#10916=AXIS2_PLACEMENT_3D('',#16602,#13460,#13461);
#10917=AXIS2_PLACEMENT_3D('',#16604,#13463,#13464);
#10918=AXIS2_PLACEMENT_3D('',#16605,#13465,#13466);
#10919=AXIS2_PLACEMENT_3D('',#16608,#13469,#13470);
#10920=AXIS2_PLACEMENT_3D('',#16610,#13472,#13473);
#10921=AXIS2_PLACEMENT_3D('',#16612,#13475,#13476);
#10922=AXIS2_PLACEMENT_3D('',#16614,#13478,#13479);
#10923=AXIS2_PLACEMENT_3D('',#16616,#13481,#13482);
#10924=AXIS2_PLACEMENT_3D('',#16618,#13484,#13485);
#10925=AXIS2_PLACEMENT_3D('',#16620,#13487,#13488);
#10926=AXIS2_PLACEMENT_3D('',#16621,#13489,#13490);
#10927=AXIS2_PLACEMENT_3D('',#16624,#13493,#13494);
#10928=AXIS2_PLACEMENT_3D('',#16626,#13496,#13497);
#10929=AXIS2_PLACEMENT_3D('',#16628,#13499,#13500);
#10930=AXIS2_PLACEMENT_3D('',#16630,#13502,#13503);
#10931=AXIS2_PLACEMENT_3D('',#16632,#13505,#13506);
#10932=AXIS2_PLACEMENT_3D('',#16634,#13508,#13509);
#10933=AXIS2_PLACEMENT_3D('',#16636,#13511,#13512);
#10934=AXIS2_PLACEMENT_3D('',#16637,#13513,#13514);
#10935=AXIS2_PLACEMENT_3D('',#16640,#13517,#13518);
#10936=AXIS2_PLACEMENT_3D('',#16642,#13520,#13521);
#10937=AXIS2_PLACEMENT_3D('',#16644,#13523,#13524);
#10938=AXIS2_PLACEMENT_3D('',#16646,#13526,#13527);
#10939=AXIS2_PLACEMENT_3D('',#16648,#13529,#13530);
#10940=AXIS2_PLACEMENT_3D('',#16650,#13532,#13533);
#10941=AXIS2_PLACEMENT_3D('',#16652,#13535,#13536);
#10942=AXIS2_PLACEMENT_3D('',#16653,#13537,#13538);
#10943=AXIS2_PLACEMENT_3D('',#16656,#13541,#13542);
#10944=AXIS2_PLACEMENT_3D('',#16658,#13544,#13545);
#10945=AXIS2_PLACEMENT_3D('',#16660,#13547,#13548);
#10946=AXIS2_PLACEMENT_3D('',#16662,#13550,#13551);
#10947=AXIS2_PLACEMENT_3D('',#16664,#13553,#13554);
#10948=AXIS2_PLACEMENT_3D('',#16666,#13556,#13557);
#10949=AXIS2_PLACEMENT_3D('',#16668,#13559,#13560);
#10950=AXIS2_PLACEMENT_3D('',#16670,#13562,#13563);
#10951=AXIS2_PLACEMENT_3D('',#16672,#13565,#13566);
#10952=AXIS2_PLACEMENT_3D('',#16674,#13568,#13569);
#10953=AXIS2_PLACEMENT_3D('',#16676,#13571,#13572);
#10954=AXIS2_PLACEMENT_3D('',#16677,#13573,#13574);
#10955=AXIS2_PLACEMENT_3D('',#16680,#13577,#13578);
#10956=AXIS2_PLACEMENT_3D('',#16682,#13580,#13581);
#10957=AXIS2_PLACEMENT_3D('',#16684,#13583,#13584);
#10958=AXIS2_PLACEMENT_3D('',#16686,#13586,#13587);
#10959=AXIS2_PLACEMENT_3D('',#16688,#13589,#13590);
#10960=AXIS2_PLACEMENT_3D('',#16690,#13592,#13593);
#10961=AXIS2_PLACEMENT_3D('',#16692,#13595,#13596);
#10962=AXIS2_PLACEMENT_3D('',#16693,#13597,#13598);
#10963=AXIS2_PLACEMENT_3D('',#16696,#13601,#13602);
#10964=AXIS2_PLACEMENT_3D('',#16698,#13604,#13605);
#10965=AXIS2_PLACEMENT_3D('',#16700,#13607,#13608);
#10966=AXIS2_PLACEMENT_3D('',#16702,#13610,#13611);
#10967=AXIS2_PLACEMENT_3D('',#16704,#13613,#13614);
#10968=AXIS2_PLACEMENT_3D('',#16706,#13616,#13617);
#10969=AXIS2_PLACEMENT_3D('',#16708,#13619,#13620);
#10970=AXIS2_PLACEMENT_3D('',#16709,#13621,#13622);
#10971=AXIS2_PLACEMENT_3D('',#16712,#13625,#13626);
#10972=AXIS2_PLACEMENT_3D('',#16714,#13628,#13629);
#10973=AXIS2_PLACEMENT_3D('',#16716,#13631,#13632);
#10974=AXIS2_PLACEMENT_3D('',#16718,#13634,#13635);
#10975=AXIS2_PLACEMENT_3D('',#16720,#13637,#13638);
#10976=AXIS2_PLACEMENT_3D('',#16722,#13640,#13641);
#10977=AXIS2_PLACEMENT_3D('',#16724,#13643,#13644);
#10978=AXIS2_PLACEMENT_3D('',#16725,#13645,#13646);
#10979=AXIS2_PLACEMENT_3D('',#16728,#13649,#13650);
#10980=AXIS2_PLACEMENT_3D('',#16730,#13652,#13653);
#10981=AXIS2_PLACEMENT_3D('',#16732,#13655,#13656);
#10982=AXIS2_PLACEMENT_3D('',#16734,#13658,#13659);
#10983=AXIS2_PLACEMENT_3D('',#16736,#13661,#13662);
#10984=AXIS2_PLACEMENT_3D('',#16738,#13664,#13665);
#10985=AXIS2_PLACEMENT_3D('',#16740,#13667,#13668);
#10986=AXIS2_PLACEMENT_3D('',#16741,#13669,#13670);
#10987=AXIS2_PLACEMENT_3D('',#16744,#13673,#13674);
#10988=AXIS2_PLACEMENT_3D('',#16746,#13676,#13677);
#10989=AXIS2_PLACEMENT_3D('',#16748,#13679,#13680);
#10990=AXIS2_PLACEMENT_3D('',#16750,#13682,#13683);
#10991=AXIS2_PLACEMENT_3D('',#16752,#13685,#13686);
#10992=AXIS2_PLACEMENT_3D('',#16754,#13688,#13689);
#10993=AXIS2_PLACEMENT_3D('',#16756,#13691,#13692);
#10994=AXIS2_PLACEMENT_3D('',#16757,#13693,#13694);
#10995=AXIS2_PLACEMENT_3D('',#16760,#13697,#13698);
#10996=AXIS2_PLACEMENT_3D('',#16762,#13700,#13701);
#10997=AXIS2_PLACEMENT_3D('',#16764,#13703,#13704);
#10998=AXIS2_PLACEMENT_3D('',#16766,#13706,#13707);
#10999=AXIS2_PLACEMENT_3D('',#16768,#13709,#13710);
#11000=AXIS2_PLACEMENT_3D('',#16770,#13712,#13713);
#11001=AXIS2_PLACEMENT_3D('',#16772,#13715,#13716);
#11002=AXIS2_PLACEMENT_3D('',#16773,#13717,#13718);
#11003=AXIS2_PLACEMENT_3D('',#16776,#13721,#13722);
#11004=AXIS2_PLACEMENT_3D('',#16778,#13724,#13725);
#11005=AXIS2_PLACEMENT_3D('',#16780,#13727,#13728);
#11006=AXIS2_PLACEMENT_3D('',#16782,#13730,#13731);
#11007=AXIS2_PLACEMENT_3D('',#16784,#13733,#13734);
#11008=AXIS2_PLACEMENT_3D('',#16786,#13736,#13737);
#11009=AXIS2_PLACEMENT_3D('',#16788,#13739,#13740);
#11010=AXIS2_PLACEMENT_3D('',#16789,#13741,#13742);
#11011=AXIS2_PLACEMENT_3D('',#16792,#13745,#13746);
#11012=AXIS2_PLACEMENT_3D('',#16794,#13748,#13749);
#11013=AXIS2_PLACEMENT_3D('',#16796,#13751,#13752);
#11014=AXIS2_PLACEMENT_3D('',#16798,#13754,#13755);
#11015=AXIS2_PLACEMENT_3D('',#16800,#13757,#13758);
#11016=AXIS2_PLACEMENT_3D('',#16802,#13760,#13761);
#11017=AXIS2_PLACEMENT_3D('',#16804,#13763,#13764);
#11018=AXIS2_PLACEMENT_3D('',#16805,#13765,#13766);
#11019=AXIS2_PLACEMENT_3D('',#16808,#13769,#13770);
#11020=AXIS2_PLACEMENT_3D('',#16810,#13772,#13773);
#11021=AXIS2_PLACEMENT_3D('',#16812,#13775,#13776);
#11022=AXIS2_PLACEMENT_3D('',#16814,#13778,#13779);
#11023=AXIS2_PLACEMENT_3D('',#16816,#13781,#13782);
#11024=AXIS2_PLACEMENT_3D('',#16818,#13784,#13785);
#11025=AXIS2_PLACEMENT_3D('',#16820,#13787,#13788);
#11026=AXIS2_PLACEMENT_3D('',#16821,#13789,#13790);
#11027=AXIS2_PLACEMENT_3D('',#16824,#13793,#13794);
#11028=AXIS2_PLACEMENT_3D('',#16826,#13796,#13797);
#11029=AXIS2_PLACEMENT_3D('',#16828,#13799,#13800);
#11030=AXIS2_PLACEMENT_3D('',#16830,#13802,#13803);
#11031=AXIS2_PLACEMENT_3D('',#16832,#13805,#13806);
#11032=AXIS2_PLACEMENT_3D('',#16834,#13808,#13809);
#11033=AXIS2_PLACEMENT_3D('',#16836,#13811,#13812);
#11034=AXIS2_PLACEMENT_3D('',#16837,#13813,#13814);
#11035=AXIS2_PLACEMENT_3D('',#16840,#13817,#13818);
#11036=AXIS2_PLACEMENT_3D('',#16842,#13820,#13821);
#11037=AXIS2_PLACEMENT_3D('',#16844,#13823,#13824);
#11038=AXIS2_PLACEMENT_3D('',#16846,#13826,#13827);
#11039=AXIS2_PLACEMENT_3D('',#16848,#13829,#13830);
#11040=AXIS2_PLACEMENT_3D('',#16850,#13832,#13833);
#11041=AXIS2_PLACEMENT_3D('',#16852,#13835,#13836);
#11042=AXIS2_PLACEMENT_3D('',#16854,#13838,#13839);
#11043=AXIS2_PLACEMENT_3D('',#16856,#13841,#13842);
#11044=AXIS2_PLACEMENT_3D('',#16858,#13844,#13845);
#11045=AXIS2_PLACEMENT_3D('',#16860,#13847,#13848);
#11046=AXIS2_PLACEMENT_3D('',#16861,#13849,#13850);
#11047=AXIS2_PLACEMENT_3D('',#16864,#13853,#13854);
#11048=AXIS2_PLACEMENT_3D('',#16866,#13856,#13857);
#11049=AXIS2_PLACEMENT_3D('',#16868,#13859,#13860);
#11050=AXIS2_PLACEMENT_3D('',#16870,#13862,#13863);
#11051=AXIS2_PLACEMENT_3D('',#16872,#13865,#13866);
#11052=AXIS2_PLACEMENT_3D('',#16874,#13868,#13869);
#11053=AXIS2_PLACEMENT_3D('',#16876,#13871,#13872);
#11054=AXIS2_PLACEMENT_3D('',#16877,#13873,#13874);
#11055=AXIS2_PLACEMENT_3D('',#16880,#13877,#13878);
#11056=AXIS2_PLACEMENT_3D('',#16882,#13880,#13881);
#11057=AXIS2_PLACEMENT_3D('',#16884,#13883,#13884);
#11058=AXIS2_PLACEMENT_3D('',#16886,#13886,#13887);
#11059=AXIS2_PLACEMENT_3D('',#16888,#13889,#13890);
#11060=AXIS2_PLACEMENT_3D('',#16890,#13892,#13893);
#11061=AXIS2_PLACEMENT_3D('',#16892,#13895,#13896);
#11062=AXIS2_PLACEMENT_3D('',#16893,#13897,#13898);
#11063=AXIS2_PLACEMENT_3D('',#16896,#13901,#13902);
#11064=AXIS2_PLACEMENT_3D('',#16898,#13904,#13905);
#11065=AXIS2_PLACEMENT_3D('',#16900,#13907,#13908);
#11066=AXIS2_PLACEMENT_3D('',#16902,#13910,#13911);
#11067=AXIS2_PLACEMENT_3D('',#16904,#13913,#13914);
#11068=AXIS2_PLACEMENT_3D('',#16906,#13916,#13917);
#11069=AXIS2_PLACEMENT_3D('',#16908,#13919,#13920);
#11070=AXIS2_PLACEMENT_3D('',#16909,#13921,#13922);
#11071=AXIS2_PLACEMENT_3D('',#16912,#13925,#13926);
#11072=AXIS2_PLACEMENT_3D('',#16914,#13928,#13929);
#11073=AXIS2_PLACEMENT_3D('',#16916,#13931,#13932);
#11074=AXIS2_PLACEMENT_3D('',#16918,#13934,#13935);
#11075=AXIS2_PLACEMENT_3D('',#16920,#13937,#13938);
#11076=AXIS2_PLACEMENT_3D('',#16922,#13940,#13941);
#11077=AXIS2_PLACEMENT_3D('',#16924,#13943,#13944);
#11078=AXIS2_PLACEMENT_3D('',#16925,#13945,#13946);
#11079=AXIS2_PLACEMENT_3D('',#16928,#13949,#13950);
#11080=AXIS2_PLACEMENT_3D('',#16930,#13952,#13953);
#11081=AXIS2_PLACEMENT_3D('',#16932,#13955,#13956);
#11082=AXIS2_PLACEMENT_3D('',#16934,#13958,#13959);
#11083=AXIS2_PLACEMENT_3D('',#16936,#13961,#13962);
#11084=AXIS2_PLACEMENT_3D('',#16938,#13964,#13965);
#11085=AXIS2_PLACEMENT_3D('',#16940,#13967,#13968);
#11086=AXIS2_PLACEMENT_3D('',#16941,#13969,#13970);
#11087=AXIS2_PLACEMENT_3D('',#16944,#13973,#13974);
#11088=AXIS2_PLACEMENT_3D('',#16946,#13976,#13977);
#11089=AXIS2_PLACEMENT_3D('',#16948,#13979,#13980);
#11090=AXIS2_PLACEMENT_3D('',#16950,#13982,#13983);
#11091=AXIS2_PLACEMENT_3D('',#16952,#13985,#13986);
#11092=AXIS2_PLACEMENT_3D('',#16954,#13988,#13989);
#11093=AXIS2_PLACEMENT_3D('',#16956,#13991,#13992);
#11094=AXIS2_PLACEMENT_3D('',#16957,#13993,#13994);
#11095=AXIS2_PLACEMENT_3D('',#16960,#13997,#13998);
#11096=AXIS2_PLACEMENT_3D('',#16962,#14000,#14001);
#11097=AXIS2_PLACEMENT_3D('',#16964,#14003,#14004);
#11098=AXIS2_PLACEMENT_3D('',#16966,#14006,#14007);
#11099=AXIS2_PLACEMENT_3D('',#16968,#14009,#14010);
#11100=AXIS2_PLACEMENT_3D('',#16970,#14012,#14013);
#11101=AXIS2_PLACEMENT_3D('',#16972,#14015,#14016);
#11102=AXIS2_PLACEMENT_3D('',#16973,#14017,#14018);
#11103=AXIS2_PLACEMENT_3D('',#16974,#14019,#14020);
#11104=AXIS2_PLACEMENT_3D('',#16975,#14021,#14022);
#11105=DIRECTION('',(0.,0.,1.));
#11106=DIRECTION('',(1.,0.,0.));
#11107=DIRECTION('',(1.,1.0478046094109E-16,6.12323399573677E-17));
#11108=DIRECTION('',(6.12323399573677E-17,0.,-1.));
#11109=DIRECTION('',(0.,0.,1.));
#11110=DIRECTION('',(0.,1.,0.));
#11111=DIRECTION('',(0.,0.,1.));
#11112=DIRECTION('',(0.,1.,0.));
#11113=DIRECTION('',(1.,1.0478046094109E-16,6.12323399573677E-17));
#11114=DIRECTION('',(6.12323399573677E-17,0.,-1.));
#11115=DIRECTION('',(0.,1.,0.));
#11116=DIRECTION('',(0.,0.,1.));
#11117=DIRECTION('',(0.,1.,0.));
#11118=DIRECTION('',(0.,0.,-1.));
#11119=DIRECTION('',(0.,-0.384615384615384,-0.923076923076923));
#11120=DIRECTION('',(1.,1.0478046094109E-16,6.12323399573677E-17));
#11121=DIRECTION('',(6.12323399573677E-17,0.,-1.));
#11122=DIRECTION('',(0.,1.,0.));
#11123=DIRECTION('',(0.,-0.384615384615386,0.923076923076923));
#11124=DIRECTION('',(0.,0.,-1.));
#11125=DIRECTION('',(0.,1.,0.));
#11126=DIRECTION('',(0.,0.,1.));
#11127=DIRECTION('',(1.,1.0478046094109E-16,6.12323399573677E-17));
#11128=DIRECTION('',(6.12323399573677E-17,0.,-1.));
#11129=DIRECTION('',(0.,1.,0.));
#11130=DIRECTION('',(0.,0.,1.));
#11131=DIRECTION('',(0.,1.,0.));
#11132=DIRECTION('',(0.,0.,1.));
#11133=DIRECTION('',(1.,1.0478046094109E-16,6.12323399573677E-17));
#11134=DIRECTION('',(6.12323399573677E-17,0.,-1.));
#11135=DIRECTION('',(0.,1.,0.));
#11136=DIRECTION('',(0.,0.,1.));
#11137=DIRECTION('',(0.,1.,0.));
#11138=DIRECTION('',(0.,0.,1.));
#11139=DIRECTION('',(1.,1.0478046094109E-16,6.12323399573677E-17));
#11140=DIRECTION('',(6.12323399573677E-17,0.,-1.));
#11141=DIRECTION('',(0.,1.,0.));
#11142=DIRECTION('',(0.,0.,1.));
#11143=DIRECTION('',(0.,1.,0.));
#11144=DIRECTION('',(0.,0.,1.));
#11145=DIRECTION('',(1.,1.0478046094109E-16,6.12323399573677E-17));
#11146=DIRECTION('',(6.12323399573677E-17,0.,-1.));
#11147=DIRECTION('',(0.,1.,0.));
#11148=DIRECTION('',(0.,0.,1.));
#11149=DIRECTION('',(0.,1.,0.));
#11150=DIRECTION('',(0.,0.,1.));
#11151=DIRECTION('',(0.,1.,0.));
#11152=DIRECTION('',(-1.,0.,0.));
#11153=DIRECTION('',(1.,0.,0.));
#11154=DIRECTION('',(0.,0.,1.));
#11155=DIRECTION('',(-1.,0.,0.));
#11156=DIRECTION('',(0.,1.,0.));
#11157=DIRECTION('',(-1.,0.,0.));
#11158=DIRECTION('',(1.,0.,0.));
#11159=DIRECTION('',(0.,0.,1.));
#11160=DIRECTION('',(1.,0.,0.));
#11161=DIRECTION('',(0.,-1.,0.));
#11162=DIRECTION('',(-1.,0.,0.));
#11163=DIRECTION('',(1.,0.,0.));
#11164=DIRECTION('',(0.,0.,-1.));
#11165=DIRECTION('',(1.,0.,0.));
#11166=DIRECTION('',(0.,0.923076923076923,0.384615384615386));
#11167=DIRECTION('',(0.,-0.384615384615386,0.923076923076923));
#11168=DIRECTION('',(1.,0.,0.));
#11169=DIRECTION('',(0.,-0.384615384615386,0.923076923076923));
#11170=DIRECTION('',(0.,-1.,0.));
#11171=DIRECTION('',(1.,0.,0.));
#11172=DIRECTION('',(1.,0.,0.));
#11173=DIRECTION('',(0.,0.,1.));
#11174=DIRECTION('',(1.,0.,0.));
#11175=DIRECTION('',(0.,-1.,0.));
#11176=DIRECTION('',(1.,0.,0.));
#11177=DIRECTION('',(1.,0.,0.));
#11178=DIRECTION('',(0.,0.,1.));
#11179=DIRECTION('',(1.,0.,0.));
#11180=DIRECTION('',(0.,-1.,0.));
#11181=DIRECTION('',(1.,0.,0.));
#11182=DIRECTION('',(1.,0.,0.));
#11183=DIRECTION('',(0.,0.,1.));
#11184=DIRECTION('',(1.,0.,0.));
#11185=DIRECTION('',(0.,0.,1.));
#11186=DIRECTION('',(1.,0.,0.));
#11187=DIRECTION('',(1.,0.,0.));
#11188=DIRECTION('',(-0.500000000000006,0.866025403784435,0.));
#11189=DIRECTION('',(0.,0.,-1.));
#11190=DIRECTION('',(-1.,0.,0.));
#11191=DIRECTION('',(0.50000000000002,0.866025403784427,0.));
#11192=DIRECTION('',(1.,0.,0.));
#11193=DIRECTION('',(-0.5,0.866025403784437,0.));
#11194=DIRECTION('',(0.,0.,-1.));
#11195=DIRECTION('',(-1.,0.,0.));
#11196=DIRECTION('',(0.500000000000077,0.866025403784394,0.));
#11197=DIRECTION('',(1.,0.,0.));
#11198=DIRECTION('',(0.,0.,1.));
#11199=DIRECTION('',(1.,0.,0.));
#11200=DIRECTION('',(0.,1.,0.));
#11201=DIRECTION('',(-0.866025403784475,-0.499999999999938,0.));
#11202=DIRECTION('',(0.,0.,-1.));
#11203=DIRECTION('',(-1.,0.,0.));
#11204=DIRECTION('',(-0.866025403784486,0.499999999999918,0.));
#11205=DIRECTION('',(0.,1.,0.));
#11206=DIRECTION('',(-0.866025403784475,-0.499999999999938,0.));
#11207=DIRECTION('',(0.,0.,-1.));
#11208=DIRECTION('',(-1.,0.,0.));
#11209=DIRECTION('',(-0.866025403784469,0.499999999999948,0.));
#11210=DIRECTION('',(0.,1.,0.));
#11211=DIRECTION('',(0.,0.,1.));
#11212=DIRECTION('',(1.,0.,0.));
#11213=DIRECTION('',(1.,0.,0.));
#11214=DIRECTION('',(0.,1.,0.));
#11215=DIRECTION('',(1.,0.,0.));
#11216=DIRECTION('',(0.,1.,0.));
#11217=DIRECTION('',(1.,0.,0.));
#11218=DIRECTION('',(0.,1.,0.));
#11219=DIRECTION('',(1.,0.,0.));
#11220=DIRECTION('',(0.,1.,0.));
#11221=DIRECTION('',(1.,-1.01995606486216E-16,4.24981693692565E-17));
#11222=DIRECTION('',(0.,1.,0.));
#11223=DIRECTION('',(1.,0.,0.));
#11224=DIRECTION('',(0.,0.,1.));
#11225=DIRECTION('',(1.,0.,0.));
#11226=DIRECTION('',(0.,1.,0.));
#11227=DIRECTION('',(0.,0.,1.));
#11228=DIRECTION('',(1.,0.,0.));
#11229=DIRECTION('',(1.,0.,0.));
#11230=DIRECTION('',(1.,0.,0.));
#11231=DIRECTION('',(0.,0.,1.));
#11232=DIRECTION('',(1.,0.,0.));
#11233=DIRECTION('',(0.,1.,0.));
#11234=DIRECTION('',(0.,0.,1.));
#11235=DIRECTION('',(1.,0.,0.));
#11236=DIRECTION('',(1.,0.,0.));
#11237=DIRECTION('',(0.,0.,1.));
#11238=DIRECTION('',(1.,0.,0.));
#11239=DIRECTION('',(0.,1.,0.));
#11240=DIRECTION('',(0.,0.,1.));
#11241=DIRECTION('',(1.,0.,0.));
#11242=DIRECTION('',(1.,0.,0.));
#11243=DIRECTION('',(0.,0.,1.));
#11244=DIRECTION('',(1.,0.,0.));
#11245=DIRECTION('',(0.,1.,0.));
#11246=DIRECTION('',(0.,0.,1.));
#11247=DIRECTION('',(1.,0.,0.));
#11248=DIRECTION('',(1.,0.,0.));
#11249=DIRECTION('',(0.,0.,1.));
#11250=DIRECTION('',(1.,0.,0.));
#11251=DIRECTION('',(0.,1.,0.));
#11252=DIRECTION('',(1.,0.,0.));
#11253=DIRECTION('',(0.,1.,0.));
#11254=DIRECTION('',(0.,0.,1.));
#11255=DIRECTION('',(1.,0.,0.));
#11256=DIRECTION('',(1.,0.,0.));
#11257=DIRECTION('',(0.,0.,1.));
#11258=DIRECTION('',(1.,0.,0.));
#11259=DIRECTION('',(0.,1.,0.));
#11260=DIRECTION('',(0.,0.,1.));
#11261=DIRECTION('',(1.,0.,0.));
#11262=DIRECTION('',(1.,0.,0.));
#11263=DIRECTION('',(0.,1.,0.));
#11264=DIRECTION('',(1.,0.,0.));
#11265=DIRECTION('',(0.,1.,0.));
#11266=DIRECTION('',(0.,1.,0.));
#11267=DIRECTION('',(1.,0.,0.));
#11268=DIRECTION('',(0.,1.,0.));
#11269=DIRECTION('',(1.,0.,0.));
#11270=DIRECTION('',(0.,0.,1.));
#11271=DIRECTION('',(1.,0.,0.));
#11272=DIRECTION('',(0.,1.,0.));
#11273=DIRECTION('',(0.,0.,1.));
#11274=DIRECTION('',(1.,0.,0.));
#11275=DIRECTION('',(1.,0.,0.));
#11276=DIRECTION('',(0.,0.,1.));
#11277=DIRECTION('',(1.,0.,0.));
#11278=DIRECTION('',(0.,1.,0.));
#11279=DIRECTION('',(0.,0.,1.));
#11280=DIRECTION('',(1.,0.,0.));
#11281=DIRECTION('',(1.,0.,0.));
#11282=DIRECTION('',(0.,0.,1.));
#11283=DIRECTION('',(1.,0.,0.));
#11284=DIRECTION('',(1.,0.,0.));
#11285=DIRECTION('',(0.,0.,1.));
#11286=DIRECTION('',(1.,0.,0.));
#11287=DIRECTION('',(0.,1.,0.));
#11288=DIRECTION('',(0.,0.,1.));
#11289=DIRECTION('',(1.,0.,0.));
#11290=DIRECTION('',(1.,0.,0.));
#11291=DIRECTION('',(0.,0.,1.));
#11292=DIRECTION('',(1.,0.,0.));
#11293=DIRECTION('',(0.,1.,0.));
#11294=DIRECTION('',(0.,0.,1.));
#11295=DIRECTION('',(1.,0.,0.));
#11296=DIRECTION('',(1.,0.,0.));
#11297=DIRECTION('',(0.,0.,1.));
#11298=DIRECTION('',(1.,0.,0.));
#11299=DIRECTION('',(0.,1.,0.));
#11300=DIRECTION('',(0.,0.,1.));
#11301=DIRECTION('',(1.,0.,0.));
#11302=DIRECTION('',(1.,0.,0.));
#11303=DIRECTION('',(0.,0.,1.));
#11304=DIRECTION('',(1.,0.,0.));
#11305=DIRECTION('',(0.,1.,0.));
#11306=DIRECTION('',(0.,0.,1.));
#11307=DIRECTION('',(1.,0.,0.));
#11308=DIRECTION('',(1.,0.,0.));
#11309=DIRECTION('',(0.,0.,1.));
#11310=DIRECTION('',(1.,0.,0.));
#11311=DIRECTION('',(0.,1.,0.));
#11312=DIRECTION('',(0.,0.,1.));
#11313=DIRECTION('',(1.,0.,0.));
#11314=DIRECTION('',(1.,0.,0.));
#11315=DIRECTION('',(0.,0.,1.));
#11316=DIRECTION('',(1.,0.,0.));
#11317=DIRECTION('',(0.,1.,0.));
#11318=DIRECTION('',(0.,0.,1.));
#11319=DIRECTION('',(1.,0.,0.));
#11320=DIRECTION('',(1.,0.,0.));
#11321=DIRECTION('',(0.,0.,1.));
#11322=DIRECTION('',(1.,0.,0.));
#11323=DIRECTION('',(0.,1.,0.));
#11324=DIRECTION('',(0.,0.,1.));
#11325=DIRECTION('',(1.,0.,0.));
#11326=DIRECTION('',(1.,0.,0.));
#11327=DIRECTION('',(0.,0.,1.));
#11328=DIRECTION('',(1.,0.,0.));
#11329=DIRECTION('',(0.,1.,0.));
#11330=DIRECTION('',(0.,0.,1.));
#11331=DIRECTION('',(1.,0.,0.));
#11332=DIRECTION('',(1.,0.,0.));
#11333=DIRECTION('',(0.,0.,1.));
#11334=DIRECTION('',(1.,0.,0.));
#11335=DIRECTION('',(0.,1.,0.));
#11336=DIRECTION('',(0.,0.,1.));
#11337=DIRECTION('',(1.,0.,0.));
#11338=DIRECTION('',(1.,0.,0.));
#11339=DIRECTION('',(0.,0.,1.));
#11340=DIRECTION('',(1.,0.,0.));
#11341=DIRECTION('',(0.,1.,0.));
#11342=DIRECTION('',(0.,0.,1.));
#11343=DIRECTION('',(1.,0.,0.));
#11344=DIRECTION('',(1.,0.,0.));
#11345=DIRECTION('',(0.,0.,1.));
#11346=DIRECTION('',(1.,0.,0.));
#11347=DIRECTION('',(0.,1.,0.));
#11348=DIRECTION('',(0.,0.,1.));
#11349=DIRECTION('',(1.,0.,0.));
#11350=DIRECTION('',(1.,0.,0.));
#11351=DIRECTION('',(0.,0.,1.));
#11352=DIRECTION('',(1.,0.,0.));
#11353=DIRECTION('',(0.,1.,0.));
#11354=DIRECTION('',(0.,0.,1.));
#11355=DIRECTION('',(1.,0.,0.));
#11356=DIRECTION('',(1.,0.,0.));
#11357=DIRECTION('',(0.,0.,1.));
#11358=DIRECTION('',(1.,0.,0.));
#11359=DIRECTION('',(0.,1.,0.));
#11360=DIRECTION('',(0.,0.,1.));
#11361=DIRECTION('',(1.,0.,0.));
#11362=DIRECTION('',(1.,0.,0.));
#11363=DIRECTION('',(0.,0.,1.));
#11364=DIRECTION('',(1.,0.,0.));
#11365=DIRECTION('',(1.,0.,0.));
#11366=DIRECTION('',(0.,0.,1.));
#11367=DIRECTION('',(1.,0.,0.));
#11368=DIRECTION('',(1.,0.,0.));
#11369=DIRECTION('',(0.,0.,1.));
#11370=DIRECTION('',(1.,0.,0.));
#11371=DIRECTION('',(0.,1.,0.));
#11372=DIRECTION('',(0.,0.,1.));
#11373=DIRECTION('',(1.,0.,0.));
#11374=DIRECTION('',(1.,0.,0.));
#11375=DIRECTION('',(0.,0.,1.));
#11376=DIRECTION('',(1.,0.,0.));
#11377=DIRECTION('',(0.,1.,0.));
#11378=DIRECTION('',(0.,0.,1.));
#11379=DIRECTION('',(1.,0.,0.));
#11380=DIRECTION('',(1.,0.,0.));
#11381=DIRECTION('',(0.,0.,1.));
#11382=DIRECTION('',(1.,0.,0.));
#11383=DIRECTION('',(0.,1.,0.));
#11384=DIRECTION('',(0.,0.,1.));
#11385=DIRECTION('',(1.,0.,0.));
#11386=DIRECTION('',(0.,1.,0.));
#11387=DIRECTION('',(0.,0.,1.));
#11388=DIRECTION('',(1.,0.,0.));
#11389=DIRECTION('',(1.,0.,0.));
#11390=DIRECTION('',(0.,0.,1.));
#11391=DIRECTION('',(1.,0.,0.));
#11392=DIRECTION('',(0.,1.,0.));
#11393=DIRECTION('',(0.,0.,1.));
#11394=DIRECTION('',(1.,0.,0.));
#11395=DIRECTION('',(1.,0.,0.));
#11396=DIRECTION('',(0.,0.,1.));
#11397=DIRECTION('',(1.,0.,0.));
#11398=DIRECTION('',(1.,0.,0.));
#11399=DIRECTION('',(0.,0.,1.));
#11400=DIRECTION('',(1.,0.,0.));
#11401=DIRECTION('',(0.,1.,0.));
#11402=DIRECTION('',(0.,0.,1.));
#11403=DIRECTION('',(1.,0.,0.));
#11404=DIRECTION('',(1.,0.,0.));
#11405=DIRECTION('',(0.,0.,1.));
#11406=DIRECTION('',(1.,0.,0.));
#11407=DIRECTION('',(0.,1.,0.));
#11408=DIRECTION('',(0.,0.,1.));
#11409=DIRECTION('',(1.,0.,0.));
#11410=DIRECTION('',(1.,0.,0.));
#11411=DIRECTION('',(0.,0.,1.));
#11412=DIRECTION('',(1.,0.,0.));
#11413=DIRECTION('',(0.,1.,0.));
#11414=DIRECTION('',(0.,0.,1.));
#11415=DIRECTION('',(1.,0.,0.));
#11416=DIRECTION('',(1.,0.,0.));
#11417=DIRECTION('',(0.,0.,1.));
#11418=DIRECTION('',(1.,0.,0.));
#11419=DIRECTION('',(0.,1.,0.));
#11420=DIRECTION('',(0.,0.,1.));
#11421=DIRECTION('',(1.,0.,0.));
#11422=DIRECTION('',(1.,0.,0.));
#11423=DIRECTION('',(0.,0.,1.));
#11424=DIRECTION('',(1.,0.,0.));
#11425=DIRECTION('',(0.,1.,0.));
#11426=DIRECTION('',(0.,0.,1.));
#11427=DIRECTION('',(1.,0.,0.));
#11428=DIRECTION('',(1.,0.,0.));
#11429=DIRECTION('',(0.,0.,1.));
#11430=DIRECTION('',(1.,0.,0.));
#11431=DIRECTION('',(0.,1.,0.));
#11432=DIRECTION('',(0.,0.,1.));
#11433=DIRECTION('',(1.,0.,0.));
#11434=DIRECTION('',(1.,0.,0.));
#11435=DIRECTION('',(0.,0.,1.));
#11436=DIRECTION('',(1.,0.,0.));
#11437=DIRECTION('',(0.,1.,0.));
#11438=DIRECTION('',(0.,0.,1.));
#11439=DIRECTION('',(1.,0.,0.));
#11440=DIRECTION('',(1.,0.,0.));
#11441=DIRECTION('',(0.,0.,1.));
#11442=DIRECTION('',(1.,0.,0.));
#11443=DIRECTION('',(0.,1.,0.));
#11444=DIRECTION('',(0.,0.,1.));
#11445=DIRECTION('',(1.,0.,0.));
#11446=DIRECTION('',(1.,0.,0.));
#11447=DIRECTION('',(0.,0.,1.));
#11448=DIRECTION('',(1.,0.,0.));
#11449=DIRECTION('',(0.,1.,0.));
#11450=DIRECTION('',(0.,0.,1.));
#11451=DIRECTION('',(1.,0.,0.));
#11452=DIRECTION('',(1.,0.,0.));
#11453=DIRECTION('',(0.,0.,1.));
#11454=DIRECTION('',(1.,0.,0.));
#11455=DIRECTION('',(0.,1.,0.));
#11456=DIRECTION('',(0.,0.,1.));
#11457=DIRECTION('',(1.,0.,0.));
#11458=DIRECTION('',(1.,0.,0.));
#11459=DIRECTION('',(0.,0.,1.));
#11460=DIRECTION('',(1.,0.,0.));
#11461=DIRECTION('',(0.,1.,0.));
#11462=DIRECTION('',(0.,0.,1.));
#11463=DIRECTION('',(1.,0.,0.));
#11464=DIRECTION('',(1.,0.,0.));
#11465=DIRECTION('',(0.,0.,1.));
#11466=DIRECTION('',(1.,0.,0.));
#11467=DIRECTION('',(0.,1.,0.));
#11468=DIRECTION('',(0.,0.,1.));
#11469=DIRECTION('',(1.,0.,0.));
#11470=DIRECTION('',(1.,0.,0.));
#11471=DIRECTION('',(0.,0.,1.));
#11472=DIRECTION('',(1.,0.,0.));
#11473=DIRECTION('',(0.,1.,0.));
#11474=DIRECTION('',(0.,0.,1.));
#11475=DIRECTION('',(1.,0.,0.));
#11476=DIRECTION('',(1.,0.,0.));
#11477=DIRECTION('',(0.,0.,1.));
#11478=DIRECTION('',(1.,0.,0.));
#11479=DIRECTION('',(0.,1.,0.));
#11480=DIRECTION('',(0.,0.,1.));
#11481=DIRECTION('',(1.,0.,0.));
#11482=DIRECTION('',(0.,1.,0.));
#11483=DIRECTION('',(0.,0.,1.));
#11484=DIRECTION('',(1.,0.,0.));
#11485=DIRECTION('',(1.,0.,0.));
#11486=DIRECTION('',(0.,0.,1.));
#11487=DIRECTION('',(1.,0.,0.));
#11488=DIRECTION('',(0.,1.,0.));
#11489=DIRECTION('',(0.,0.,1.));
#11490=DIRECTION('',(1.,0.,0.));
#11491=DIRECTION('',(1.,0.,0.));
#11492=DIRECTION('',(0.,0.,1.));
#11493=DIRECTION('',(1.,0.,0.));
#11494=DIRECTION('',(0.,1.,0.));
#11495=DIRECTION('',(0.,0.,1.));
#11496=DIRECTION('',(1.,0.,0.));
#11497=DIRECTION('',(1.,0.,0.));
#11498=DIRECTION('',(0.,0.,1.));
#11499=DIRECTION('',(1.,0.,0.));
#11500=DIRECTION('',(1.,0.,0.));
#11501=DIRECTION('',(0.,0.,1.));
#11502=DIRECTION('',(1.,0.,0.));
#11503=DIRECTION('',(1.,0.,0.));
#11504=DIRECTION('',(0.,0.,1.));
#11505=DIRECTION('',(1.,0.,0.));
#11506=DIRECTION('',(0.,1.,0.));
#11507=DIRECTION('',(0.,0.,1.));
#11508=DIRECTION('',(1.,0.,0.));
#11509=DIRECTION('',(1.,0.,0.));
#11510=DIRECTION('',(0.,0.,1.));
#11511=DIRECTION('',(1.,0.,0.));
#11512=DIRECTION('',(1.,0.,0.));
#11513=DIRECTION('',(0.,0.,1.));
#11514=DIRECTION('',(1.,0.,0.));
#11515=DIRECTION('',(0.,1.,0.));
#11516=DIRECTION('',(0.,0.,1.));
#11517=DIRECTION('',(1.,0.,0.));
#11518=DIRECTION('',(1.,0.,0.));
#11519=DIRECTION('',(0.,0.,1.));
#11520=DIRECTION('',(1.,0.,0.));
#11521=DIRECTION('',(0.,1.,0.));
#11522=DIRECTION('',(0.,0.,1.));
#11523=DIRECTION('',(1.,0.,0.));
#11524=DIRECTION('',(1.,0.,0.));
#11525=DIRECTION('',(0.,0.,1.));
#11526=DIRECTION('',(1.,0.,0.));
#11527=DIRECTION('',(0.,1.,0.));
#11528=DIRECTION('',(0.,0.,1.));
#11529=DIRECTION('',(1.,0.,0.));
#11530=DIRECTION('',(1.,0.,0.));
#11531=DIRECTION('',(0.,0.,1.));
#11532=DIRECTION('',(1.,0.,0.));
#11533=DIRECTION('',(0.,1.,0.));
#11534=DIRECTION('',(0.,0.,1.));
#11535=DIRECTION('',(1.,0.,0.));
#11536=DIRECTION('',(1.,0.,0.));
#11537=DIRECTION('',(0.,0.,1.));
#11538=DIRECTION('',(1.,0.,0.));
#11539=DIRECTION('',(0.,1.,0.));
#11540=DIRECTION('',(0.,0.,1.));
#11541=DIRECTION('',(1.,0.,0.));
#11542=DIRECTION('',(1.,0.,0.));
#11543=DIRECTION('',(0.,0.,1.));
#11544=DIRECTION('',(1.,0.,0.));
#11545=DIRECTION('',(0.,1.,0.));
#11546=DIRECTION('',(0.,0.,1.));
#11547=DIRECTION('',(1.,0.,0.));
#11548=DIRECTION('',(1.,0.,0.));
#11549=DIRECTION('',(0.,0.,1.));
#11550=DIRECTION('',(1.,0.,0.));
#11551=DIRECTION('',(0.,1.,0.));
#11552=DIRECTION('',(0.,0.,1.));
#11553=DIRECTION('',(1.,0.,0.));
#11554=DIRECTION('',(1.,0.,0.));
#11555=DIRECTION('',(0.,0.,1.));
#11556=DIRECTION('',(1.,0.,0.));
#11557=DIRECTION('',(0.,1.,0.));
#11558=DIRECTION('',(0.,0.,1.));
#11559=DIRECTION('',(1.,0.,0.));
#11560=DIRECTION('',(1.,0.,0.));
#11561=DIRECTION('',(0.,0.,1.));
#11562=DIRECTION('',(1.,0.,0.));
#11563=DIRECTION('',(0.,1.,0.));
#11564=DIRECTION('',(0.,0.,1.));
#11565=DIRECTION('',(1.,0.,0.));
#11566=DIRECTION('',(1.,0.,0.));
#11567=DIRECTION('',(0.,0.,1.));
#11568=DIRECTION('',(1.,0.,0.));
#11569=DIRECTION('',(0.,1.,0.));
#11570=DIRECTION('',(0.,0.,1.));
#11571=DIRECTION('',(1.,0.,0.));
#11572=DIRECTION('',(0.,1.,0.));
#11573=DIRECTION('',(0.,0.,1.));
#11574=DIRECTION('',(1.,0.,0.));
#11575=DIRECTION('',(1.,0.,0.));
#11576=DIRECTION('',(0.,0.,1.));
#11577=DIRECTION('',(1.,0.,0.));
#11578=DIRECTION('',(1.,0.,0.));
#11579=DIRECTION('',(0.,0.,1.));
#11580=DIRECTION('',(1.,0.,0.));
#11581=DIRECTION('',(1.,0.,0.));
#11582=DIRECTION('',(0.,0.,1.));
#11583=DIRECTION('',(1.,0.,0.));
#11584=DIRECTION('',(0.,1.,0.));
#11585=DIRECTION('',(0.,0.,1.));
#11586=DIRECTION('',(1.,0.,0.));
#11587=DIRECTION('',(1.,0.,0.));
#11588=DIRECTION('',(0.,0.,1.));
#11589=DIRECTION('',(1.,0.,0.));
#11590=DIRECTION('',(1.,0.,0.));
#11591=DIRECTION('',(0.,0.,1.));
#11592=DIRECTION('',(1.,0.,0.));
#11593=DIRECTION('',(0.,1.,0.));
#11594=DIRECTION('',(0.,0.,1.));
#11595=DIRECTION('',(1.,0.,0.));
#11596=DIRECTION('',(1.,0.,0.));
#11597=DIRECTION('',(0.,0.,1.));
#11598=DIRECTION('',(1.,0.,0.));
#11599=DIRECTION('',(0.,1.,0.));
#11600=DIRECTION('',(0.,0.,1.));
#11601=DIRECTION('',(1.,0.,0.));
#11602=DIRECTION('',(1.,0.,0.));
#11603=DIRECTION('',(0.,0.,1.));
#11604=DIRECTION('',(1.,0.,0.));
#11605=DIRECTION('',(0.,1.,0.));
#11606=DIRECTION('',(0.,0.,1.));
#11607=DIRECTION('',(1.,0.,0.));
#11608=DIRECTION('',(1.,0.,0.));
#11609=DIRECTION('',(0.,0.,1.));
#11610=DIRECTION('',(1.,0.,0.));
#11611=DIRECTION('',(0.,1.,0.));
#11612=DIRECTION('',(0.,0.,1.));
#11613=DIRECTION('',(1.,0.,0.));
#11614=DIRECTION('',(1.,0.,0.));
#11615=DIRECTION('',(0.,0.,1.));
#11616=DIRECTION('',(1.,0.,0.));
#11617=DIRECTION('',(0.,1.,0.));
#11618=DIRECTION('',(0.,0.,1.));
#11619=DIRECTION('',(1.,0.,0.));
#11620=DIRECTION('',(1.,0.,0.));
#11621=DIRECTION('',(0.,0.,1.));
#11622=DIRECTION('',(1.,0.,0.));
#11623=DIRECTION('',(0.,1.,0.));
#11624=DIRECTION('',(0.,0.,1.));
#11625=DIRECTION('',(1.,0.,0.));
#11626=DIRECTION('',(0.,1.,0.));
#11627=DIRECTION('',(0.,0.,1.));
#11628=DIRECTION('',(1.,0.,0.));
#11629=DIRECTION('',(1.,0.,0.));
#11630=DIRECTION('',(0.,0.,1.));
#11631=DIRECTION('',(1.,0.,0.));
#11632=DIRECTION('',(0.,1.,0.));
#11633=DIRECTION('',(0.,0.,1.));
#11634=DIRECTION('',(1.,0.,0.));
#11635=DIRECTION('',(1.,0.,0.));
#11636=DIRECTION('',(0.,0.,1.));
#11637=DIRECTION('',(1.,0.,0.));
#11638=DIRECTION('',(0.,1.,0.));
#11639=DIRECTION('',(0.,0.,1.));
#11640=DIRECTION('',(1.,0.,0.));
#11641=DIRECTION('',(1.,0.,0.));
#11642=DIRECTION('',(0.,0.,1.));
#11643=DIRECTION('',(1.,0.,0.));
#11644=DIRECTION('',(0.,1.,0.));
#11645=DIRECTION('',(0.,0.,1.));
#11646=DIRECTION('',(1.,0.,0.));
#11647=DIRECTION('',(1.,0.,0.));
#11648=DIRECTION('',(0.,0.,1.));
#11649=DIRECTION('',(1.,0.,0.));
#11650=DIRECTION('',(1.,0.,0.));
#11651=DIRECTION('',(0.,0.,1.));
#11652=DIRECTION('',(1.,0.,0.));
#11653=DIRECTION('',(0.,1.,0.));
#11654=DIRECTION('',(0.,0.,1.));
#11655=DIRECTION('',(1.,0.,0.));
#11656=DIRECTION('',(1.,0.,0.));
#11657=DIRECTION('',(0.,0.,1.));
#11658=DIRECTION('',(1.,0.,0.));
#11659=DIRECTION('',(0.,1.,0.));
#11660=DIRECTION('',(0.,0.,1.));
#11661=DIRECTION('',(1.,0.,0.));
#11662=DIRECTION('',(1.,0.,0.));
#11663=DIRECTION('',(0.,0.,1.));
#11664=DIRECTION('',(1.,0.,0.));
#11665=DIRECTION('',(0.,1.,0.));
#11666=DIRECTION('',(0.,0.,1.));
#11667=DIRECTION('',(1.,0.,0.));
#11668=DIRECTION('',(1.,0.,0.));
#11669=DIRECTION('',(0.,0.,1.));
#11670=DIRECTION('',(1.,0.,0.));
#11671=DIRECTION('',(0.,1.,0.));
#11672=DIRECTION('',(0.,0.,1.));
#11673=DIRECTION('',(1.,0.,0.));
#11674=DIRECTION('',(0.,1.,0.));
#11675=DIRECTION('',(0.,0.,1.));
#11676=DIRECTION('',(1.,0.,0.));
#11677=DIRECTION('',(1.,0.,0.));
#11678=DIRECTION('',(0.,0.,1.));
#11679=DIRECTION('',(1.,0.,0.));
#11680=DIRECTION('',(0.,1.,0.));
#11681=DIRECTION('',(0.,0.,1.));
#11682=DIRECTION('',(1.,0.,0.));
#11683=DIRECTION('',(1.,0.,0.));
#11684=DIRECTION('',(0.,0.,1.));
#11685=DIRECTION('',(1.,0.,0.));
#11686=DIRECTION('',(1.,0.,0.));
#11687=DIRECTION('',(0.,0.,1.));
#11688=DIRECTION('',(1.,0.,0.));
#11689=DIRECTION('',(0.,1.,0.));
#11690=DIRECTION('',(0.,0.,1.));
#11691=DIRECTION('',(1.,0.,0.));
#11692=DIRECTION('',(1.,0.,0.));
#11693=DIRECTION('',(0.,0.,1.));
#11694=DIRECTION('',(1.,0.,0.));
#11695=DIRECTION('',(0.,1.,0.));
#11696=DIRECTION('',(0.,0.,1.));
#11697=DIRECTION('',(1.,0.,0.));
#11698=DIRECTION('',(1.,0.,0.));
#11699=DIRECTION('',(0.,0.,1.));
#11700=DIRECTION('',(1.,0.,0.));
#11701=DIRECTION('',(0.,1.,0.));
#11702=DIRECTION('',(0.,0.,1.));
#11703=DIRECTION('',(1.,0.,0.));
#11704=DIRECTION('',(1.,0.,0.));
#11705=DIRECTION('',(0.,0.,1.));
#11706=DIRECTION('',(1.,0.,0.));
#11707=DIRECTION('',(0.,1.,0.));
#11708=DIRECTION('',(0.,0.,1.));
#11709=DIRECTION('',(1.,0.,0.));
#11710=DIRECTION('',(1.,0.,0.));
#11711=DIRECTION('',(0.,0.,1.));
#11712=DIRECTION('',(1.,0.,0.));
#11713=DIRECTION('',(0.,1.,0.));
#11714=DIRECTION('',(0.,0.,1.));
#11715=DIRECTION('',(1.,0.,0.));
#11716=DIRECTION('',(1.,0.,0.));
#11717=DIRECTION('',(0.,0.,1.));
#11718=DIRECTION('',(1.,0.,0.));
#11719=DIRECTION('',(0.,1.,0.));
#11720=DIRECTION('',(0.,0.,1.));
#11721=DIRECTION('',(1.,0.,0.));
#11722=DIRECTION('',(1.,0.,0.));
#11723=DIRECTION('',(0.,0.,1.));
#11724=DIRECTION('',(1.,0.,0.));
#11725=DIRECTION('',(0.,1.,0.));
#11726=DIRECTION('',(0.,0.,1.));
#11727=DIRECTION('',(1.,0.,0.));
#11728=DIRECTION('',(1.,0.,0.));
#11729=DIRECTION('',(0.,0.,1.));
#11730=DIRECTION('',(1.,0.,0.));
#11731=DIRECTION('',(0.,1.,0.));
#11732=DIRECTION('',(0.,0.,1.));
#11733=DIRECTION('',(1.,0.,0.));
#11734=DIRECTION('',(0.,1.,0.));
#11735=DIRECTION('',(0.,0.,1.));
#11736=DIRECTION('',(1.,0.,0.));
#11737=DIRECTION('',(1.,0.,0.));
#11738=DIRECTION('',(0.,0.,1.));
#11739=DIRECTION('',(1.,0.,0.));
#11740=DIRECTION('',(0.,1.,0.));
#11741=DIRECTION('',(0.,0.,1.));
#11742=DIRECTION('',(1.,0.,0.));
#11743=DIRECTION('',(1.,0.,0.));
#11744=DIRECTION('',(0.,0.,1.));
#11745=DIRECTION('',(1.,0.,0.));
#11746=DIRECTION('',(1.,0.,0.));
#11747=DIRECTION('',(0.,0.,1.));
#11748=DIRECTION('',(1.,0.,0.));
#11749=DIRECTION('',(0.,1.,0.));
#11750=DIRECTION('',(0.,0.,1.));
#11751=DIRECTION('',(1.,0.,0.));
#11752=DIRECTION('',(1.,0.,0.));
#11753=DIRECTION('',(0.,0.,1.));
#11754=DIRECTION('',(1.,0.,0.));
#11755=DIRECTION('',(0.,1.,0.));
#11756=DIRECTION('',(0.,0.,1.));
#11757=DIRECTION('',(1.,0.,0.));
#11758=DIRECTION('',(1.,0.,0.));
#11759=DIRECTION('',(0.,0.,1.));
#11760=DIRECTION('',(1.,0.,0.));
#11761=DIRECTION('',(0.,1.,0.));
#11762=DIRECTION('',(0.,0.,1.));
#11763=DIRECTION('',(1.,0.,0.));
#11764=DIRECTION('',(1.,0.,0.));
#11765=DIRECTION('',(0.,0.,1.));
#11766=DIRECTION('',(1.,0.,0.));
#11767=DIRECTION('',(0.,1.,0.));
#11768=DIRECTION('',(0.,0.,1.));
#11769=DIRECTION('',(1.,0.,0.));
#11770=DIRECTION('',(1.,0.,0.));
#11771=DIRECTION('',(0.,0.,1.));
#11772=DIRECTION('',(1.,0.,0.));
#11773=DIRECTION('',(0.,1.,0.));
#11774=DIRECTION('',(0.,0.,1.));
#11775=DIRECTION('',(1.,0.,0.));
#11776=DIRECTION('',(1.,0.,0.));
#11777=DIRECTION('',(0.,0.,1.));
#11778=DIRECTION('',(1.,0.,0.));
#11779=DIRECTION('',(0.,1.,0.));
#11780=DIRECTION('',(0.,0.,1.));
#11781=DIRECTION('',(1.,0.,0.));
#11782=DIRECTION('',(1.,0.,0.));
#11783=DIRECTION('',(0.,0.,1.));
#11784=DIRECTION('',(1.,0.,0.));
#11785=DIRECTION('',(0.,1.,0.));
#11786=DIRECTION('',(0.,0.,1.));
#11787=DIRECTION('',(1.,0.,0.));
#11788=DIRECTION('',(1.,0.,0.));
#11789=DIRECTION('',(0.,0.,1.));
#11790=DIRECTION('',(1.,0.,0.));
#11791=DIRECTION('',(0.,1.,0.));
#11792=DIRECTION('',(0.,0.,1.));
#11793=DIRECTION('',(1.,0.,0.));
#11794=DIRECTION('',(1.,0.,0.));
#11795=DIRECTION('',(0.,0.,1.));
#11796=DIRECTION('',(1.,0.,0.));
#11797=DIRECTION('',(0.,1.,0.));
#11798=DIRECTION('',(0.,0.,1.));
#11799=DIRECTION('',(1.,0.,0.));
#11800=DIRECTION('',(1.,0.,0.));
#11801=DIRECTION('',(0.,0.,1.));
#11802=DIRECTION('',(1.,0.,0.));
#11803=DIRECTION('',(0.,1.,0.));
#11804=DIRECTION('',(0.,1.,0.));
#11805=DIRECTION('',(0.,0.,1.));
#11806=DIRECTION('',(1.,0.,0.));
#11807=DIRECTION('',(1.,0.,0.));
#11808=DIRECTION('',(0.,0.,1.));
#11809=DIRECTION('',(1.,0.,0.));
#11810=DIRECTION('',(0.,1.,0.));
#11811=DIRECTION('',(0.,0.,1.));
#11812=DIRECTION('',(1.,0.,0.));
#11813=DIRECTION('',(1.,0.,0.));
#11814=DIRECTION('',(0.,0.,1.));
#11815=DIRECTION('',(1.,0.,0.));
#11816=DIRECTION('',(0.,0.,1.));
#11817=DIRECTION('',(1.,0.,0.));
#11818=DIRECTION('',(1.,0.,0.));
#11819=DIRECTION('',(0.,0.,1.));
#11820=DIRECTION('',(1.,0.,0.));
#11821=DIRECTION('',(0.,1.,0.));
#11822=DIRECTION('',(0.,0.,1.));
#11823=DIRECTION('',(1.,0.,0.));
#11824=DIRECTION('',(1.,0.,0.));
#11825=DIRECTION('',(0.,0.,1.));
#11826=DIRECTION('',(1.,0.,0.));
#11827=DIRECTION('',(0.,1.,0.));
#11828=DIRECTION('',(0.,1.,0.));
#11829=DIRECTION('',(0.,0.,1.));
#11830=DIRECTION('',(1.,0.,0.));
#11831=DIRECTION('',(1.,0.,0.));
#11832=DIRECTION('',(0.,0.,1.));
#11833=DIRECTION('',(1.,0.,0.));
#11834=DIRECTION('',(0.,1.,0.));
#11835=DIRECTION('',(0.,0.,1.));
#11836=DIRECTION('',(1.,0.,0.));
#11837=DIRECTION('',(1.,0.,0.));
#11838=DIRECTION('',(0.,0.,1.));
#11839=DIRECTION('',(1.,0.,0.));
#11840=DIRECTION('',(0.,0.,1.));
#11841=DIRECTION('',(1.,0.,0.));
#11842=DIRECTION('',(1.,0.,0.));
#11843=DIRECTION('',(0.,0.,1.));
#11844=DIRECTION('',(1.,0.,0.));
#11845=DIRECTION('',(0.,1.,0.));
#11846=DIRECTION('',(0.,0.,1.));
#11847=DIRECTION('',(1.,0.,0.));
#11848=DIRECTION('',(1.,0.,0.));
#11849=DIRECTION('',(0.,0.,1.));
#11850=DIRECTION('',(1.,0.,0.));
#11851=DIRECTION('',(0.,1.,0.));
#11852=DIRECTION('',(0.,0.,-1.));
#11853=DIRECTION('',(-1.,0.,0.));
#11854=DIRECTION('',(0.,0.,-1.));
#11855=DIRECTION('',(-1.,0.,0.));
#11856=DIRECTION('',(0.,0.,-1.));
#11857=DIRECTION('',(-1.,0.,0.));
#11858=DIRECTION('',(0.,0.,-1.));
#11859=DIRECTION('',(-1.,0.,0.));
#11860=DIRECTION('',(0.,0.,-1.));
#11861=DIRECTION('',(-1.,0.,0.));
#11862=DIRECTION('',(0.,0.,-1.));
#11863=DIRECTION('',(-1.,0.,0.));
#11864=DIRECTION('',(0.,0.,-1.));
#11865=DIRECTION('',(-1.,0.,0.));
#11866=DIRECTION('',(0.,1.,0.));
#11867=DIRECTION('',(0.,0.,-1.));
#11868=DIRECTION('',(-1.,0.,0.));
#11869=DIRECTION('',(0.,1.,0.));
#11870=DIRECTION('',(0.,0.,-1.));
#11871=DIRECTION('',(-1.,0.,0.));
#11872=DIRECTION('',(0.,1.,0.));
#11873=DIRECTION('',(0.,0.,-1.));
#11874=DIRECTION('',(-1.,0.,0.));
#11875=DIRECTION('',(0.,1.,0.));
#11876=DIRECTION('',(1.,0.,0.));
#11877=DIRECTION('',(0.,0.,-1.));
#11878=DIRECTION('',(-1.,0.,0.));
#11879=DIRECTION('',(1.,0.,0.));
#11880=DIRECTION('',(0.,0.,-1.));
#11881=DIRECTION('',(-1.,0.,0.));
#11882=DIRECTION('',(0.,0.,-1.));
#11883=DIRECTION('',(-1.,0.,0.));
#11884=DIRECTION('',(1.,0.,0.));
#11885=DIRECTION('',(0.,0.,-1.));
#11886=DIRECTION('',(-1.,0.,0.));
#11887=DIRECTION('',(1.,0.,0.));
#11888=DIRECTION('',(6.82353529775482E-16,-1.,0.));
#11889=DIRECTION('',(1.,6.82353529775482E-16,0.));
#11890=DIRECTION('',(1.,6.82353529775482E-16,0.));
#11891=DIRECTION('',(0.,0.,1.));
#11892=DIRECTION('',(0.,0.,-1.));
#11893=DIRECTION('',(0.,1.,0.));
#11894=DIRECTION('',(0.,0.,-1.));
#11895=DIRECTION('',(-1.,0.,0.));
#11896=DIRECTION('',(0.,0.,-1.));
#11897=DIRECTION('',(0.,0.,-1.));
#11898=DIRECTION('',(0.,-1.,0.));
#11899=DIRECTION('',(-1.,0.,0.));
#11900=DIRECTION('',(1.,0.,0.));
#11901=DIRECTION('',(0.,0.,-1.));
#11902=DIRECTION('',(0.,0.,-1.));
#11903=DIRECTION('',(0.,-1.,0.));
#11904=DIRECTION('',(0.,0.,-1.));
#11905=DIRECTION('',(-1.,0.,0.));
#11906=DIRECTION('',(0.,0.,-1.));
#11907=DIRECTION('',(0.,1.,0.));
#11908=DIRECTION('',(1.,0.,0.));
#11909=DIRECTION('',(1.,0.,0.));
#11910=DIRECTION('',(0.,1.,0.));
#11911=DIRECTION('',(1.,0.,0.));
#11912=DIRECTION('',(1.,0.,0.));
#11913=DIRECTION('',(0.,0.,-1.));
#11914=DIRECTION('',(0.,0.,-1.));
#11915=DIRECTION('',(0.,0.,-1.));
#11916=DIRECTION('',(0.,1.,0.));
#11917=DIRECTION('',(0.,0.,-1.));
#11918=DIRECTION('',(-1.,0.,0.));
#11919=DIRECTION('',(0.,0.,-1.));
#11920=DIRECTION('',(0.,-1.,0.));
#11921=DIRECTION('',(-1.,0.,0.));
#11922=DIRECTION('',(1.,0.,0.));
#11923=DIRECTION('',(0.,0.,-1.));
#11924=DIRECTION('',(0.,0.,-1.));
#11925=DIRECTION('',(0.,-1.,0.));
#11926=DIRECTION('',(0.,0.,-1.));
#11927=DIRECTION('',(-1.,0.,0.));
#11928=DIRECTION('',(0.,0.,-1.));
#11929=DIRECTION('',(1.,0.,0.));
#11930=DIRECTION('',(0.,0.,-1.));
#11931=DIRECTION('',(-1.,0.,0.));
#11932=DIRECTION('',(0.,0.,-1.));
#11933=DIRECTION('',(0.,0.,-1.));
#11934=DIRECTION('',(-1.,0.,0.));
#11935=DIRECTION('',(0.,1.,0.));
#11936=DIRECTION('',(0.,1.,0.));
#11937=DIRECTION('',(0.,0.,-1.));
#11938=DIRECTION('',(0.,0.,-1.));
#11939=DIRECTION('',(-1.,0.,0.));
#11940=DIRECTION('',(0.,0.,-1.));
#11941=DIRECTION('',(-1.,0.,0.));
#11942=DIRECTION('',(0.,0.,-1.));
#11943=DIRECTION('',(1.,0.,0.));
#11944=DIRECTION('',(0.,-1.,0.));
#11945=DIRECTION('',(0.,1.,0.));
#11946=DIRECTION('',(0.,0.,-1.));
#11947=DIRECTION('',(-1.,0.,0.));
#11948=DIRECTION('',(0.,0.,-1.));
#11949=DIRECTION('',(-1.,0.,0.));
#11950=DIRECTION('',(0.,0.,-1.));
#11951=DIRECTION('',(0.,0.,-1.));
#11952=DIRECTION('',(1.,0.,0.));
#11953=DIRECTION('',(0.,-1.,0.));
#11954=DIRECTION('',(0.,1.,0.));
#11955=DIRECTION('',(0.,0.,-1.));
#11956=DIRECTION('',(0.,0.,-1.));
#11957=DIRECTION('',(1.,0.,0.));
#11958=DIRECTION('',(0.,0.,-1.));
#11959=DIRECTION('',(-1.,0.,0.));
#11960=DIRECTION('',(0.,0.,-1.));
#11961=DIRECTION('',(-1.,0.,0.));
#11962=DIRECTION('',(0.,1.,0.));
#11963=DIRECTION('',(0.,1.,0.));
#11964=DIRECTION('',(0.,0.,-1.));
#11965=DIRECTION('',(1.,1.22464679914735E-16,0.));
#11966=DIRECTION('',(0.,0.,-1.));
#11967=DIRECTION('',(-1.,0.,0.));
#11968=DIRECTION('',(0.,0.,-1.));
#11969=DIRECTION('',(0.,0.,-1.));
#11970=DIRECTION('',(0.499999999999941,0.866025403784473,0.));
#11971=DIRECTION('',(0.866025403784473,-0.499999999999941,0.));
#11972=DIRECTION('',(0.866025403784473,-0.499999999999941,0.));
#11973=DIRECTION('',(0.,0.,1.));
#11974=DIRECTION('',(0.,0.,-1.));
#11975=DIRECTION('',(-1.,0.,0.));
#11976=DIRECTION('',(0.,0.,-1.));
#11977=DIRECTION('',(-1.,0.,0.));
#11978=DIRECTION('',(0.499999999999938,-0.866025403784475,0.));
#11979=DIRECTION('',(-0.866025403784475,-0.499999999999938,0.));
#11980=DIRECTION('',(-0.866025403784475,-0.499999999999938,0.));
#11981=DIRECTION('',(0.,0.,1.));
#11982=DIRECTION('',(1.,0.,0.));
#11983=DIRECTION('',(0.,1.,0.));
#11984=DIRECTION('',(0.,1.,0.));
#11985=DIRECTION('',(0.,0.,1.));
#11986=DIRECTION('',(1.,0.,0.));
#11987=DIRECTION('',(0.,1.,0.));
#11988=DIRECTION('',(0.,0.,1.));
#11989=DIRECTION('',(0.,1.,0.));
#11990=DIRECTION('',(0.,-1.,0.));
#11991=DIRECTION('',(1.,0.,0.));
#11992=DIRECTION('',(1.,0.,0.));
#11993=DIRECTION('',(0.,0.,1.));
#11994=DIRECTION('',(0.,0.,-1.));
#11995=DIRECTION('',(1.,1.22464679914735E-16,0.));
#11996=DIRECTION('',(0.,0.,-1.));
#11997=DIRECTION('',(-1.,0.,0.));
#11998=DIRECTION('',(0.,0.,-1.));
#11999=DIRECTION('',(0.,0.,-1.));
#12000=DIRECTION('',(0.499999999999942,0.866025403784472,0.));
#12001=DIRECTION('',(0.866025403784472,-0.499999999999942,0.));
#12002=DIRECTION('',(0.866025403784472,-0.499999999999942,0.));
#12003=DIRECTION('',(0.,0.,-1.));
#12004=DIRECTION('',(-1.,0.,0.));
#12005=DIRECTION('',(0.,0.,-1.));
#12006=DIRECTION('',(-1.,0.,0.));
#12007=DIRECTION('',(0.499999999999938,-0.866025403784475,0.));
#12008=DIRECTION('',(-0.866025403784475,-0.499999999999938,0.));
#12009=DIRECTION('',(-0.866025403784475,-0.499999999999938,0.));
#12010=DIRECTION('',(0.,0.,1.));
#12011=DIRECTION('',(1.,0.,0.));
#12012=DIRECTION('',(0.,1.,0.));
#12013=DIRECTION('',(0.,0.,1.));
#12014=DIRECTION('',(0.,1.,0.));
#12015=DIRECTION('',(-0.866025403784435,-0.500000000000006,0.));
#12016=DIRECTION('',(-0.500000000000006,0.866025403784435,0.));
#12017=DIRECTION('',(-0.500000000000006,0.866025403784435,0.));
#12018=DIRECTION('',(0.,0.,-1.));
#12019=DIRECTION('',(0.,0.,-1.));
#12020=DIRECTION('',(-1.,0.,0.));
#12021=DIRECTION('',(0.,0.,-1.));
#12022=DIRECTION('',(-1.,0.,0.));
#12023=DIRECTION('',(0.,0.,-1.));
#12024=DIRECTION('',(-0.866025403784438,-0.5,0.));
#12025=DIRECTION('',(0.,0.,-1.));
#12026=DIRECTION('',(-1.,0.,0.));
#12027=DIRECTION('',(0.,0.,-1.));
#12028=DIRECTION('',(0.86602540378444,-0.5,0.));
#12029=DIRECTION('',(-0.5,-0.86602540378444,0.));
#12030=DIRECTION('',(-0.5,-0.86602540378444,0.));
#12031=DIRECTION('',(0.,0.,1.));
#12032=DIRECTION('',(0.,-1.,0.));
#12033=DIRECTION('',(1.,0.,0.));
#12034=DIRECTION('',(1.,0.,0.));
#12035=DIRECTION('',(0.,0.,1.));
#12036=DIRECTION('',(-0.866025403784437,-0.5,0.));
#12037=DIRECTION('',(-0.5,0.866025403784437,0.));
#12038=DIRECTION('',(-0.5,0.866025403784437,0.));
#12039=DIRECTION('',(0.,0.,-1.));
#12040=DIRECTION('',(0.,0.,-1.));
#12041=DIRECTION('',(-1.,0.,0.));
#12042=DIRECTION('',(0.,0.,-1.));
#12043=DIRECTION('',(-1.,0.,0.));
#12044=DIRECTION('',(0.,0.,-1.));
#12045=DIRECTION('',(-0.86602540378444,-0.5,0.));
#12046=DIRECTION('',(0.,0.,-1.));
#12047=DIRECTION('',(-1.,0.,0.));
#12048=DIRECTION('',(0.,0.,-1.));
#12049=DIRECTION('',(0.866025403784437,-0.5,0.));
#12050=DIRECTION('',(-0.5,-0.866025403784437,0.));
#12051=DIRECTION('',(-0.5,-0.866025403784437,0.));
#12052=DIRECTION('',(0.,0.,1.));
#12053=DIRECTION('',(0.,-1.,0.));
#12054=DIRECTION('',(1.,0.,0.));
#12055=DIRECTION('',(1.,0.,0.));
#12056=DIRECTION('',(0.,0.,1.));
#12057=DIRECTION('',(0.,0.,-1.));
#12058=DIRECTION('',(-1.,0.,0.));
#12059=DIRECTION('',(0.,0.,-1.));
#12060=DIRECTION('',(-1.,0.,0.));
#12061=DIRECTION('',(0.,0.,-1.));
#12062=DIRECTION('',(-1.,0.,0.));
#12063=DIRECTION('',(0.,0.,-1.));
#12064=DIRECTION('',(-1.,0.,0.));
#12065=DIRECTION('',(0.,0.948683298050514,0.316227766016837));
#12066=DIRECTION('',(0.,-0.316227766016837,0.948683298050514));
#12067=DIRECTION('',(-0.301511344577769,0.301511344577762,-0.90453403373329));
#12068=DIRECTION('',(1.,0.,0.));
#12069=DIRECTION('',(-0.301511344577754,-0.301511344577764,0.904534033733294));
#12070=DIRECTION('',(-0.948683298050516,0.,0.316227766016832));
#12071=DIRECTION('',(0.316227766016832,0.,0.948683298050516));
#12072=DIRECTION('',(-0.301511344577769,-0.301511344577762,-0.90453403373329));
#12073=DIRECTION('',(0.,1.,0.));
#12074=DIRECTION('',(0.,-0.948683298050514,0.316227766016837));
#12075=DIRECTION('',(0.,-0.316227766016837,-0.948683298050514));
#12076=DIRECTION('',(0.301511344577754,-0.301511344577764,-0.904534033733294));
#12077=DIRECTION('',(1.,0.,0.));
#12078=DIRECTION('',(0.948683298050516,0.,0.316227766016832));
#12079=DIRECTION('',(0.316227766016832,0.,-0.948683298050516));
#12080=DIRECTION('',(0.,1.,0.));
#12081=DIRECTION('',(-1.,0.,0.));
#12082=DIRECTION('',(0.,1.,0.));
#12083=DIRECTION('',(0.,0.,-1.));
#12084=DIRECTION('',(0.,1.,0.));
#12085=DIRECTION('',(0.,0.,-1.));
#12086=DIRECTION('',(0.,-1.,0.));
#12087=DIRECTION('',(-1.,0.,0.));
#12088=DIRECTION('',(0.,0.,-1.));
#12089=DIRECTION('',(1.,0.,0.));
#12090=DIRECTION('',(-1.10495240360067E-16,-0.923076923076923,0.384615384615384));
#12091=DIRECTION('',(0.,-0.384615384615384,-0.923076923076923));
#12092=DIRECTION('',(1.,-1.01995606486216E-16,4.24981693692565E-17));
#12093=DIRECTION('',(0.,-0.384615384615384,-0.923076923076923));
#12094=DIRECTION('',(1.19703177056739E-16,1.,0.));
#12095=DIRECTION('',(1.,-1.19703177056739E-16,0.));
#12096=DIRECTION('',(1.,0.,0.));
#12097=DIRECTION('',(0.,0.,-1.));
#12098=DIRECTION('',(0.,-1.,0.));
#12099=DIRECTION('',(-1.,0.,0.));
#12100=DIRECTION('',(0.,0.,-1.));
#12101=DIRECTION('',(1.,0.,0.));
#12102=DIRECTION('',(0.,0.,-1.));
#12103=DIRECTION('',(0.,-1.,0.));
#12104=DIRECTION('',(-1.,0.,0.));
#12105=DIRECTION('',(1.,0.,0.));
#12106=DIRECTION('',(0.,0.,-1.));
#12107=DIRECTION('',(0.,0.,-1.));
#12108=DIRECTION('',(1.,0.,0.));
#12109=DIRECTION('',(0.,-1.,0.));
#12110=DIRECTION('',(0.,1.,0.));
#12111=DIRECTION('',(0.,0.,1.));
#12112=DIRECTION('',(-1.,0.,0.));
#12113=DIRECTION('',(0.,1.,0.));
#12114=DIRECTION('',(0.,1.,0.));
#12115=DIRECTION('',(0.,0.,1.));
#12116=DIRECTION('',(-1.,0.,0.));
#12117=DIRECTION('',(0.,1.,0.));
#12118=DIRECTION('',(0.,1.,0.));
#12119=DIRECTION('',(0.,0.,-1.));
#12120=DIRECTION('',(0.,0.,-1.));
#12121=DIRECTION('',(-2.20391667419386E-16,-1.,0.));
#12122=DIRECTION('',(-1.,2.20391667419386E-16,0.));
#12123=DIRECTION('',(1.,0.,0.));
#12124=DIRECTION('',(0.,0.,-1.));
#12125=DIRECTION('',(1.,0.,0.));
#12126=DIRECTION('',(0.,-1.,0.));
#12127=DIRECTION('',(0.,1.,0.));
#12128=DIRECTION('',(0.,0.,-1.));
#12129=DIRECTION('',(2.20391667419386E-16,1.,0.));
#12130=DIRECTION('',(1.,-2.20391667419386E-16,0.));
#12131=DIRECTION('',(1.,0.,0.));
#12132=DIRECTION('',(1.,0.,0.));
#12133=DIRECTION('',(0.,-1.,0.));
#12134=DIRECTION('',(0.,1.,0.));
#12135=DIRECTION('',(0.,0.,1.));
#12136=DIRECTION('',(-1.,0.,0.));
#12137=DIRECTION('',(0.,1.,0.));
#12138=DIRECTION('',(0.,1.,0.));
#12139=DIRECTION('',(1.,0.,0.));
#12140=DIRECTION('',(0.,-1.,0.));
#12141=DIRECTION('',(0.,1.,0.));
#12142=DIRECTION('',(0.,1.,0.));
#12143=DIRECTION('',(1.,0.,0.));
#12144=DIRECTION('',(1.,0.,0.));
#12145=DIRECTION('',(0.,0.,-1.));
#12146=DIRECTION('',(1.,0.,0.));
#12147=DIRECTION('',(0.,-1.,0.));
#12148=DIRECTION('',(0.,1.,0.));
#12149=DIRECTION('',(0.,1.,0.));
#12150=DIRECTION('',(-1.,0.,0.));
#12151=DIRECTION('',(0.,0.,1.));
#12152=DIRECTION('',(1.,0.,0.));
#12153=DIRECTION('',(0.,0.,1.));
#12154=DIRECTION('',(1.,0.,0.));
#12155=DIRECTION('',(0.,0.,1.));
#12156=DIRECTION('',(1.,0.,0.));
#12157=DIRECTION('',(2.5344559677375E-15,-1.,0.));
#12158=DIRECTION('',(0.,0.,1.));
#12159=DIRECTION('',(1.,0.,0.));
#12160=DIRECTION('',(1.,-2.95686529569375E-15,0.));
#12161=DIRECTION('',(0.,0.,1.));
#12162=DIRECTION('',(1.,0.,0.));
#12163=DIRECTION('',(0.,1.,0.));
#12164=DIRECTION('',(1.,0.,0.));
#12165=DIRECTION('',(1.36470705955096E-15,-1.,0.));
#12166=DIRECTION('',(0.,0.,1.));
#12167=DIRECTION('',(1.,0.,0.));
#12168=DIRECTION('',(-1.,0.,0.));
#12169=DIRECTION('',(0.,0.,1.));
#12170=DIRECTION('',(1.,0.,0.));
#12171=DIRECTION('',(0.,-1.,0.));
#12172=DIRECTION('',(0.,0.,1.));
#12173=DIRECTION('',(1.,0.,0.));
#12174=DIRECTION('',(-1.,-1.36470625863693E-15,0.));
#12175=DIRECTION('',(0.,0.,1.));
#12176=DIRECTION('',(1.,0.,0.));
#12177=DIRECTION('',(0.,-1.,0.));
#12178=DIRECTION('',(0.,0.,1.));
#12179=DIRECTION('',(1.,0.,0.));
#12180=DIRECTION('',(-1.,-6.82353529775479E-16,0.));
#12181=DIRECTION('',(0.,0.,1.));
#12182=DIRECTION('',(1.,0.,0.));
#12183=DIRECTION('',(0.,-1.,0.));
#12184=DIRECTION('',(0.,0.,1.));
#12185=DIRECTION('',(1.,0.,0.));
#12186=DIRECTION('',(-1.,-3.41176564659231E-16,0.));
#12187=DIRECTION('',(0.,0.,1.));
#12188=DIRECTION('',(1.,0.,0.));
#12189=DIRECTION('',(0.,-1.,0.));
#12190=DIRECTION('',(0.,0.,1.));
#12191=DIRECTION('',(1.,0.,0.));
#12192=DIRECTION('',(1.,6.82353129318463E-16,0.));
#12193=DIRECTION('',(1.,0.,0.));
#12194=DIRECTION('',(0.,0.,1.));
#12195=DIRECTION('',(1.,0.,0.));
#12196=DIRECTION('',(0.,0.,1.));
#12197=DIRECTION('',(1.,0.,0.));
#12198=DIRECTION('',(0.,0.,1.));
#12199=DIRECTION('',(1.,0.,0.));
#12200=DIRECTION('',(1.36470685932237E-15,-1.,0.));
#12201=DIRECTION('',(0.,0.,1.));
#12202=DIRECTION('',(1.,0.,0.));
#12203=DIRECTION('',(1.,6.82353529775482E-16,0.));
#12204=DIRECTION('',(0.,0.,1.));
#12205=DIRECTION('',(1.,0.,0.));
#12206=DIRECTION('',(0.,1.,0.));
#12207=DIRECTION('',(0.,0.,1.));
#12208=DIRECTION('',(1.,0.,0.));
#12209=DIRECTION('',(-1.,6.82353529775481E-16,0.));
#12210=DIRECTION('',(5.45882823820385E-15,1.,0.));
#12211=DIRECTION('',(0.,0.,1.));
#12212=DIRECTION('',(1.,0.,0.));
#12213=DIRECTION('',(-1.,5.45882823823989E-15,0.));
#12214=DIRECTION('',(0.,0.,1.));
#12215=DIRECTION('',(1.,0.,0.));
#12216=DIRECTION('',(-5.45882823820386E-15,-1.,0.));
#12217=DIRECTION('',(0.,0.,1.));
#12218=DIRECTION('',(1.,0.,0.));
#12219=DIRECTION('',(1.,-5.11765147331612E-15,0.));
#12220=DIRECTION('',(0.,0.,1.));
#12221=DIRECTION('',(1.,0.,0.));
#12222=DIRECTION('',(0.,0.,1.));
#12223=DIRECTION('',(1.,0.,0.));
#12224=DIRECTION('',(0.,-1.,0.));
#12225=DIRECTION('',(0.,0.,1.));
#12226=DIRECTION('',(1.,0.,0.));
#12227=DIRECTION('',(1.,6.82353529775481E-16,0.));
#12228=DIRECTION('',(0.,0.,1.));
#12229=DIRECTION('',(1.,0.,0.));
#12230=DIRECTION('',(0.,1.,0.));
#12231=DIRECTION('',(0.,0.,1.));
#12232=DIRECTION('',(1.,0.,0.));
#12233=DIRECTION('',(-1.,-3.41176764887741E-16,0.));
#12234=DIRECTION('',(5.45882823775101E-15,1.,0.));
#12235=DIRECTION('',(0.,0.,1.));
#12236=DIRECTION('',(1.,0.,0.));
#12237=DIRECTION('',(-1.,4.77647470803211E-15,0.));
#12238=DIRECTION('',(0.,0.,1.));
#12239=DIRECTION('',(1.,0.,0.));
#12240=DIRECTION('',(-5.458828237751E-15,-1.,0.));
#12241=DIRECTION('',(0.,0.,1.));
#12242=DIRECTION('',(1.,0.,0.));
#12243=DIRECTION('',(1.,-5.45882823775101E-15,0.));
#12244=DIRECTION('',(0.,0.,1.));
#12245=DIRECTION('',(1.,0.,0.));
#12246=DIRECTION('',(0.,0.,1.));
#12247=DIRECTION('',(1.,0.,0.));
#12248=DIRECTION('',(0.,-1.,0.));
#12249=DIRECTION('',(0.,0.,1.));
#12250=DIRECTION('',(1.,0.,0.));
#12251=DIRECTION('',(1.,2.04706058932644E-15,0.));
#12252=DIRECTION('',(0.,0.,1.));
#12253=DIRECTION('',(1.,0.,0.));
#12254=DIRECTION('',(2.72941371864473E-15,1.,0.));
#12255=DIRECTION('',(0.,0.,1.));
#12256=DIRECTION('',(1.,0.,0.));
#12257=DIRECTION('',(-1.,6.82353529775479E-16,0.));
#12258=DIRECTION('',(0.,0.,1.));
#12259=DIRECTION('',(1.,0.,0.));
#12260=DIRECTION('',(2.72941411910193E-15,-1.,0.));
#12261=DIRECTION('',(0.,0.,1.));
#12262=DIRECTION('',(1.,0.,0.));
#12263=DIRECTION('',(1.,1.36470705955096E-15,0.));
#12264=DIRECTION('',(0.,0.,1.));
#12265=DIRECTION('',(1.,0.,0.));
#12266=DIRECTION('',(2.72941411910193E-15,1.,0.));
#12267=DIRECTION('',(0.,0.,1.));
#12268=DIRECTION('',(1.,0.,0.));
#12269=DIRECTION('',(-1.,0.,0.));
#12270=DIRECTION('',(0.,0.,1.));
#12271=DIRECTION('',(1.,0.,0.));
#12272=DIRECTION('',(0.,-1.,0.));
#12273=DIRECTION('',(0.,0.,1.));
#12274=DIRECTION('',(1.,0.,0.));
#12275=DIRECTION('',(1.,0.,0.));
#12276=DIRECTION('',(0.,0.,1.));
#12277=DIRECTION('',(1.,0.,0.));
#12278=DIRECTION('',(-2.72941411910193E-15,1.,0.));
#12279=DIRECTION('',(0.,0.,1.));
#12280=DIRECTION('',(1.,0.,0.));
#12281=DIRECTION('',(-1.,1.36470705955096E-15,0.));
#12282=DIRECTION('',(0.,0.,1.));
#12283=DIRECTION('',(1.,0.,0.));
#12284=DIRECTION('',(0.,-1.,0.));
#12285=DIRECTION('',(0.,0.,1.));
#12286=DIRECTION('',(1.,0.,0.));
#12287=DIRECTION('',(1.,-6.82353529775481E-16,0.));
#12288=DIRECTION('',(0.,0.,1.));
#12289=DIRECTION('',(1.,0.,0.));
#12290=DIRECTION('',(-2.72941421921624E-15,1.,0.));
#12291=DIRECTION('',(0.,0.,1.));
#12292=DIRECTION('',(1.,0.,0.));
#12293=DIRECTION('',(-1.,1.02353029466322E-15,0.));
#12294=DIRECTION('',(0.,0.,1.));
#12295=DIRECTION('',(1.,0.,0.));
#12296=DIRECTION('',(0.,-1.,0.));
#12297=DIRECTION('',(0.,0.,1.));
#12298=DIRECTION('',(1.,0.,0.));
#12299=DIRECTION('',(1.,-6.82353529775482E-16,0.));
#12300=DIRECTION('',(0.,0.,1.));
#12301=DIRECTION('',(1.,0.,0.));
#12302=DIRECTION('',(-1.36470685932237E-15,1.,0.));
#12303=DIRECTION('',(0.,0.,1.));
#12304=DIRECTION('',(1.,0.,0.));
#12305=DIRECTION('',(-1.,6.8235352977548E-16,0.));
#12306=DIRECTION('',(0.,0.,1.));
#12307=DIRECTION('',(1.,0.,0.));
#12308=DIRECTION('',(1.,-1.36470705955096E-15,0.));
#12309=DIRECTION('',(0.,0.,1.));
#12310=DIRECTION('',(1.,0.,0.));
#12311=DIRECTION('',(0.,1.,0.));
#12312=DIRECTION('',(0.,0.,1.));
#12313=DIRECTION('',(1.,0.,0.));
#12314=DIRECTION('',(-1.,0.,0.));
#12315=DIRECTION('',(0.,0.,1.));
#12316=DIRECTION('',(1.,0.,0.));
#12317=DIRECTION('',(2.72941411910193E-15,-1.,0.));
#12318=DIRECTION('',(0.,0.,1.));
#12319=DIRECTION('',(1.,0.,0.));
#12320=DIRECTION('',(2.72941411910193E-15,-1.,0.));
#12321=DIRECTION('',(0.,0.,1.));
#12322=DIRECTION('',(1.,0.,0.));
#12323=DIRECTION('',(1.,-1.36470705955096E-15,0.));
#12324=DIRECTION('',(0.,0.,1.));
#12325=DIRECTION('',(1.,0.,0.));
#12326=DIRECTION('',(0.,1.,0.));
#12327=DIRECTION('',(0.,0.,1.));
#12328=DIRECTION('',(1.,0.,0.));
#12329=DIRECTION('',(-1.,0.,0.));
#12330=DIRECTION('',(0.,0.,1.));
#12331=DIRECTION('',(1.,0.,0.));
#12332=DIRECTION('',(0.,-1.,0.));
#12333=DIRECTION('',(0.,0.,1.));
#12334=DIRECTION('',(1.,0.,0.));
#12335=DIRECTION('',(1.,0.,0.));
#12336=DIRECTION('',(0.,0.,1.));
#12337=DIRECTION('',(1.,0.,0.));
#12338=DIRECTION('',(-2.72941411910193E-15,1.,0.));
#12339=DIRECTION('',(0.,0.,1.));
#12340=DIRECTION('',(1.,0.,0.));
#12341=DIRECTION('',(-1.,1.36470705955096E-15,0.));
#12342=DIRECTION('',(0.,0.,1.));
#12343=DIRECTION('',(1.,0.,0.));
#12344=DIRECTION('',(-2.72941411910193E-15,-1.,0.));
#12345=DIRECTION('',(0.,0.,1.));
#12346=DIRECTION('',(1.,0.,0.));
#12347=DIRECTION('',(1.,-5.45882823820391E-15,0.));
#12348=DIRECTION('',(0.,0.,1.));
#12349=DIRECTION('',(1.,0.,0.));
#12350=DIRECTION('',(5.45882823820386E-15,1.,0.));
#12351=DIRECTION('',(0.,0.,1.));
#12352=DIRECTION('',(1.,0.,0.));
#12353=DIRECTION('',(-1.,5.45882823820385E-15,0.));
#12354=DIRECTION('',(0.,0.,1.));
#12355=DIRECTION('',(1.,0.,0.));
#12356=DIRECTION('',(0.,1.,0.));
#12357=DIRECTION('',(0.,0.,1.));
#12358=DIRECTION('',(1.,0.,0.));
#12359=DIRECTION('',(-1.,-1.36470705955096E-15,0.));
#12360=DIRECTION('',(0.,0.,1.));
#12361=DIRECTION('',(1.,0.,0.));
#12362=DIRECTION('',(0.,-1.,0.));
#12363=DIRECTION('',(0.,0.,1.));
#12364=DIRECTION('',(1.,0.,0.));
#12365=DIRECTION('',(1.,0.,0.));
#12366=DIRECTION('',(0.,0.,1.));
#12367=DIRECTION('',(1.,0.,0.));
#12368=DIRECTION('',(1.,-6.82353529775481E-16,0.));
#12369=DIRECTION('',(0.,0.,1.));
#12370=DIRECTION('',(1.,0.,0.));
#12371=DIRECTION('',(-2.72941421921624E-15,1.,0.));
#12372=DIRECTION('',(0.,0.,1.));
#12373=DIRECTION('',(1.,0.,0.));
#12374=DIRECTION('',(-1.,1.02353029466322E-15,0.));
#12375=DIRECTION('',(0.,0.,1.));
#12376=DIRECTION('',(1.,0.,0.));
#12377=DIRECTION('',(0.,-1.,0.));
#12378=DIRECTION('',(0.,0.,1.));
#12379=DIRECTION('',(1.,0.,0.));
#12380=DIRECTION('',(0.,1.,0.));
#12381=DIRECTION('',(0.,0.,1.));
#12382=DIRECTION('',(1.,0.,0.));
#12383=DIRECTION('',(-1.,0.,0.));
#12384=DIRECTION('',(0.,0.,1.));
#12385=DIRECTION('',(1.,0.,0.));
#12386=DIRECTION('',(2.72941411910193E-15,-1.,0.));
#12387=DIRECTION('',(0.,0.,1.));
#12388=DIRECTION('',(1.,0.,0.));
#12389=DIRECTION('',(1.,-1.36470705955096E-15,0.));
#12390=DIRECTION('',(0.,0.,1.));
#12391=DIRECTION('',(1.,0.,0.));
#12392=DIRECTION('',(2.72941411910193E-15,-1.,0.));
#12393=DIRECTION('',(0.,0.,1.));
#12394=DIRECTION('',(1.,0.,0.));
#12395=DIRECTION('',(1.,1.36470705955096E-15,0.));
#12396=DIRECTION('',(0.,0.,1.));
#12397=DIRECTION('',(1.,0.,0.));
#12398=DIRECTION('',(2.72941411910193E-15,1.,0.));
#12399=DIRECTION('',(0.,0.,1.));
#12400=DIRECTION('',(1.,0.,0.));
#12401=DIRECTION('',(-1.,0.,0.));
#12402=DIRECTION('',(0.,0.,1.));
#12403=DIRECTION('',(1.,0.,0.));
#12404=DIRECTION('',(1.,1.36470705955096E-15,0.));
#12405=DIRECTION('',(0.,0.,1.));
#12406=DIRECTION('',(1.,0.,0.));
#12407=DIRECTION('',(2.72941411910193E-15,1.,0.));
#12408=DIRECTION('',(0.,0.,1.));
#12409=DIRECTION('',(1.,0.,0.));
#12410=DIRECTION('',(-1.,0.,0.));
#12411=DIRECTION('',(0.,0.,1.));
#12412=DIRECTION('',(1.,0.,0.));
#12413=DIRECTION('',(2.72941411910193E-15,-1.,0.));
#12414=DIRECTION('',(0.,0.,1.));
#12415=DIRECTION('',(1.,0.,0.));
#12416=DIRECTION('',(-1.,1.02353029466322E-15,0.));
#12417=DIRECTION('',(0.,0.,1.));
#12418=DIRECTION('',(1.,0.,0.));
#12419=DIRECTION('',(0.,-1.,0.));
#12420=DIRECTION('',(0.,0.,1.));
#12421=DIRECTION('',(1.,0.,0.));
#12422=DIRECTION('',(1.,2.04706058932644E-15,0.));
#12423=DIRECTION('',(0.,0.,1.));
#12424=DIRECTION('',(1.,0.,0.));
#12425=DIRECTION('',(0.,1.,0.));
#12426=DIRECTION('',(0.,0.,1.));
#12427=DIRECTION('',(1.,0.,0.));
#12428=DIRECTION('',(6.5833468552755E-12,-1.,0.));
#12429=DIRECTION('',(0.,0.,1.));
#12430=DIRECTION('',(1.,0.,0.));
#12431=DIRECTION('',(1.,-5.45882823823986E-15,0.));
#12432=DIRECTION('',(0.,0.,1.));
#12433=DIRECTION('',(1.,0.,0.));
#12434=DIRECTION('',(5.45882823820387E-15,1.,0.));
#12435=DIRECTION('',(0.,0.,1.));
#12436=DIRECTION('',(1.,0.,0.));
#12437=DIRECTION('',(-1.,5.45882823820389E-15,0.));
#12438=DIRECTION('',(0.,0.,1.));
#12439=DIRECTION('',(1.,0.,0.));
#12440=DIRECTION('',(0.,-1.,0.));
#12441=DIRECTION('',(0.,0.,1.));
#12442=DIRECTION('',(1.,0.,0.));
#12443=DIRECTION('',(1.,-6.82353529775481E-16,0.));
#12444=DIRECTION('',(0.,0.,1.));
#12445=DIRECTION('',(1.,0.,0.));
#12446=DIRECTION('',(-2.72941421921624E-15,1.,0.));
#12447=DIRECTION('',(0.,0.,1.));
#12448=DIRECTION('',(1.,0.,0.));
#12449=DIRECTION('',(-1.,1.02353029466322E-15,0.));
#12450=DIRECTION('',(0.,0.,1.));
#12451=DIRECTION('',(1.,0.,0.));
#12452=DIRECTION('',(0.,-1.,0.));
#12453=DIRECTION('',(0.,0.,1.));
#12454=DIRECTION('',(1.,0.,0.));
#12455=DIRECTION('',(1.,-1.36470705955095E-15,0.));
#12456=DIRECTION('',(0.,0.,1.));
#12457=DIRECTION('',(1.,0.,0.));
#12458=DIRECTION('',(-2.72941411910193E-15,1.,0.));
#12459=DIRECTION('',(0.,0.,1.));
#12460=DIRECTION('',(1.,0.,0.));
#12461=DIRECTION('',(-1.,-1.36470705955096E-15,0.));
#12462=DIRECTION('',(0.,0.,1.));
#12463=DIRECTION('',(1.,0.,0.));
#12464=DIRECTION('',(-1.,0.,0.));
#12465=DIRECTION('',(0.,0.,1.));
#12466=DIRECTION('',(1.,0.,0.));
#12467=DIRECTION('',(2.5344559677375E-15,-1.,0.));
#12468=DIRECTION('',(0.,0.,1.));
#12469=DIRECTION('',(1.,0.,0.));
#12470=DIRECTION('',(1.,2.95686529569375E-15,0.));
#12471=DIRECTION('',(0.,0.,1.));
#12472=DIRECTION('',(1.,0.,0.));
#12473=DIRECTION('',(1.,0.,0.));
#12474=DIRECTION('',(0.,0.,1.));
#12475=DIRECTION('',(1.,0.,0.));
#12476=DIRECTION('',(1.,0.,0.));
#12477=DIRECTION('',(0.,0.,1.));
#12478=DIRECTION('',(1.,0.,0.));
#12479=DIRECTION('',(2.5344559677375E-15,1.,0.));
#12480=DIRECTION('',(0.,0.,1.));
#12481=DIRECTION('',(1.,0.,0.));
#12482=DIRECTION('',(2.72941411910193E-15,-1.,0.));
#12483=DIRECTION('',(0.,0.,1.));
#12484=DIRECTION('',(1.,0.,0.));
#12485=DIRECTION('',(1.,-1.36470705955095E-15,0.));
#12486=DIRECTION('',(0.,0.,1.));
#12487=DIRECTION('',(1.,0.,0.));
#12488=DIRECTION('',(-2.72941411910193E-15,1.,0.));
#12489=DIRECTION('',(0.,0.,1.));
#12490=DIRECTION('',(1.,0.,0.));
#12491=DIRECTION('',(-1.,1.36470705955095E-15,0.));
#12492=DIRECTION('',(0.,0.,1.));
#12493=DIRECTION('',(1.,0.,0.));
#12494=DIRECTION('',(0.,1.,0.));
#12495=DIRECTION('',(0.,0.,1.));
#12496=DIRECTION('',(1.,0.,0.));
#12497=DIRECTION('',(-1.,6.82353529775479E-16,0.));
#12498=DIRECTION('',(0.,0.,1.));
#12499=DIRECTION('',(1.,0.,0.));
#12500=DIRECTION('',(0.,-1.,0.));
#12501=DIRECTION('',(0.,0.,1.));
#12502=DIRECTION('',(1.,0.,0.));
#12503=DIRECTION('',(1.,-6.82353529775481E-16,0.));
#12504=DIRECTION('',(0.,0.,1.));
#12505=DIRECTION('',(1.,0.,0.));
#12506=DIRECTION('',(1.36470705955096E-15,-1.,0.));
#12507=DIRECTION('',(0.,0.,1.));
#12508=DIRECTION('',(1.,0.,0.));
#12509=DIRECTION('',(1.,0.,0.));
#12510=DIRECTION('',(0.,0.,1.));
#12511=DIRECTION('',(1.,0.,0.));
#12512=DIRECTION('',(0.,1.,0.));
#12513=DIRECTION('',(0.,0.,1.));
#12514=DIRECTION('',(1.,0.,0.));
#12515=DIRECTION('',(-1.,1.36470705955096E-15,0.));
#12516=DIRECTION('',(0.,0.,1.));
#12517=DIRECTION('',(1.,0.,0.));
#12518=DIRECTION('',(2.72941411910193E-15,-1.,0.));
#12519=DIRECTION('',(0.,0.,1.));
#12520=DIRECTION('',(1.,0.,0.));
#12521=DIRECTION('',(1.,1.36470705955096E-15,0.));
#12522=DIRECTION('',(0.,0.,1.));
#12523=DIRECTION('',(1.,0.,0.));
#12524=DIRECTION('',(2.72941411910193E-15,1.,0.));
#12525=DIRECTION('',(0.,0.,1.));
#12526=DIRECTION('',(1.,0.,0.));
#12527=DIRECTION('',(-1.,0.,0.));
#12528=DIRECTION('',(0.,0.,1.));
#12529=DIRECTION('',(1.,0.,0.));
#12530=DIRECTION('',(0.,1.,0.));
#12531=DIRECTION('',(0.,0.,1.));
#12532=DIRECTION('',(1.,0.,0.));
#12533=DIRECTION('',(-1.,6.82353529775479E-16,0.));
#12534=DIRECTION('',(0.,0.,1.));
#12535=DIRECTION('',(1.,0.,0.));
#12536=DIRECTION('',(0.,-1.,0.));
#12537=DIRECTION('',(0.,0.,1.));
#12538=DIRECTION('',(1.,0.,0.));
#12539=DIRECTION('',(1.,-6.82353529775481E-16,0.));
#12540=DIRECTION('',(0.,0.,1.));
#12541=DIRECTION('',(1.,0.,0.));
#12542=DIRECTION('',(-1.,1.47843264784687E-15,0.));
#12543=DIRECTION('',(0.,0.,1.));
#12544=DIRECTION('',(1.,0.,0.));
#12545=DIRECTION('',(0.,-1.,0.));
#12546=DIRECTION('',(0.,0.,1.));
#12547=DIRECTION('',(1.,0.,0.));
#12548=DIRECTION('',(1.,-4.43529794354065E-15,0.));
#12549=DIRECTION('',(0.,0.,1.));
#12550=DIRECTION('',(1.,0.,0.));
#12551=DIRECTION('',(1.,-6.82353529775481E-16,0.));
#12552=DIRECTION('',(0.,0.,1.));
#12553=DIRECTION('',(1.,0.,0.));
#12554=DIRECTION('',(1.,0.,0.));
#12555=DIRECTION('',(0.,0.,1.));
#12556=DIRECTION('',(1.,0.,0.));
#12557=DIRECTION('',(2.53445562244533E-15,1.,0.));
#12558=DIRECTION('',(0.,0.,1.));
#12559=DIRECTION('',(1.,0.,0.));
#12560=DIRECTION('',(1.,0.,0.));
#12561=DIRECTION('',(0.,0.,1.));
#12562=DIRECTION('',(1.,0.,0.));
#12563=DIRECTION('',(-2.72941411910193E-15,1.,0.));
#12564=DIRECTION('',(0.,0.,1.));
#12565=DIRECTION('',(1.,0.,0.));
#12566=DIRECTION('',(-1.,-1.36470705955096E-15,0.));
#12567=DIRECTION('',(0.,0.,1.));
#12568=DIRECTION('',(1.,0.,0.));
#12569=DIRECTION('',(-2.72941411910193E-15,-1.,0.));
#12570=DIRECTION('',(0.,0.,1.));
#12571=DIRECTION('',(1.,0.,0.));
#12572=DIRECTION('',(0.,-1.,0.));
#12573=DIRECTION('',(0.,0.,1.));
#12574=DIRECTION('',(1.,0.,0.));
#12575=DIRECTION('',(1.,-1.36470705955096E-15,0.));
#12576=DIRECTION('',(0.,0.,1.));
#12577=DIRECTION('',(1.,0.,0.));
#12578=DIRECTION('',(0.,1.,0.));
#12579=DIRECTION('',(0.,0.,1.));
#12580=DIRECTION('',(1.,0.,0.));
#12581=DIRECTION('',(-1.,-2.72941411910192E-15,0.));
#12582=DIRECTION('',(0.,0.,1.));
#12583=DIRECTION('',(1.,0.,0.));
#12584=DIRECTION('',(2.72941411910193E-15,-1.,0.));
#12585=DIRECTION('',(0.,0.,1.));
#12586=DIRECTION('',(1.,0.,0.));
#12587=DIRECTION('',(1.,1.36470705955096E-15,0.));
#12588=DIRECTION('',(0.,0.,1.));
#12589=DIRECTION('',(1.,0.,0.));
#12590=DIRECTION('',(2.72941411910193E-15,1.,0.));
#12591=DIRECTION('',(0.,0.,1.));
#12592=DIRECTION('',(1.,0.,0.));
#12593=DIRECTION('',(-1.,0.,0.));
#12594=DIRECTION('',(0.,0.,1.));
#12595=DIRECTION('',(1.,0.,0.));
#12596=DIRECTION('',(0.,1.,0.));
#12597=DIRECTION('',(0.,0.,1.));
#12598=DIRECTION('',(1.,0.,0.));
#12599=DIRECTION('',(-1.,0.,0.));
#12600=DIRECTION('',(0.,0.,1.));
#12601=DIRECTION('',(1.,0.,0.));
#12602=DIRECTION('',(2.72941411910193E-15,-1.,0.));
#12603=DIRECTION('',(0.,0.,1.));
#12604=DIRECTION('',(1.,0.,0.));
#12605=DIRECTION('',(1.,-1.36470705955096E-15,0.));
#12606=DIRECTION('',(0.,0.,1.));
#12607=DIRECTION('',(1.,0.,0.));
#12608=DIRECTION('',(0.,-1.,0.));
#12609=DIRECTION('',(0.,0.,1.));
#12610=DIRECTION('',(1.,0.,0.));
#12611=DIRECTION('',(1.,-1.36470705955095E-15,0.));
#12612=DIRECTION('',(0.,0.,1.));
#12613=DIRECTION('',(1.,0.,0.));
#12614=DIRECTION('',(-2.72941411910193E-15,1.,0.));
#12615=DIRECTION('',(0.,0.,1.));
#12616=DIRECTION('',(1.,0.,0.));
#12617=DIRECTION('',(-1.,-1.36470705955096E-15,0.));
#12618=DIRECTION('',(0.,0.,1.));
#12619=DIRECTION('',(1.,0.,0.));
#12620=DIRECTION('',(2.72941411910193E-15,-1.,0.));
#12621=DIRECTION('',(0.,0.,1.));
#12622=DIRECTION('',(1.,0.,0.));
#12623=DIRECTION('',(1.,-1.36470705955096E-15,0.));
#12624=DIRECTION('',(0.,0.,1.));
#12625=DIRECTION('',(1.,0.,0.));
#12626=DIRECTION('',(0.,1.,0.));
#12627=DIRECTION('',(0.,0.,1.));
#12628=DIRECTION('',(1.,0.,0.));
#12629=DIRECTION('',(-1.,0.,0.));
#12630=DIRECTION('',(0.,0.,1.));
#12631=DIRECTION('',(1.,0.,0.));
#12632=DIRECTION('',(-2.72941411910193E-15,-1.,0.));
#12633=DIRECTION('',(0.,0.,1.));
#12634=DIRECTION('',(1.,0.,0.));
#12635=DIRECTION('',(1.,0.,0.));
#12636=DIRECTION('',(0.,0.,1.));
#12637=DIRECTION('',(1.,0.,0.));
#12638=DIRECTION('',(-2.72941411910193E-15,1.,0.));
#12639=DIRECTION('',(0.,0.,1.));
#12640=DIRECTION('',(1.,0.,0.));
#12641=DIRECTION('',(-1.,-1.36470705955096E-15,0.));
#12642=DIRECTION('',(0.,0.,1.));
#12643=DIRECTION('',(1.,0.,0.));
#12644=DIRECTION('',(-2.72941421921624E-15,-1.,0.));
#12645=DIRECTION('',(0.,0.,1.));
#12646=DIRECTION('',(1.,0.,0.));
#12647=DIRECTION('',(1.,-6.82353529775481E-16,0.));
#12648=DIRECTION('',(0.,0.,1.));
#12649=DIRECTION('',(1.,0.,0.));
#12650=DIRECTION('',(-2.72941421921624E-15,1.,0.));
#12651=DIRECTION('',(0.,0.,1.));
#12652=DIRECTION('',(1.,0.,0.));
#12653=DIRECTION('',(-1.,-1.7058838244387E-15,0.));
#12654=DIRECTION('',(0.,0.,1.));
#12655=DIRECTION('',(1.,0.,0.));
#12656=DIRECTION('',(1.,-6.82353529775481E-16,0.));
#12657=DIRECTION('',(0.,0.,1.));
#12658=DIRECTION('',(1.,0.,0.));
#12659=DIRECTION('',(-2.72941421921624E-15,1.,0.));
#12660=DIRECTION('',(0.,0.,1.));
#12661=DIRECTION('',(1.,0.,0.));
#12662=DIRECTION('',(-1.,-1.7058838244387E-15,0.));
#12663=DIRECTION('',(0.,0.,1.));
#12664=DIRECTION('',(1.,0.,0.));
#12665=DIRECTION('',(-2.72941421921624E-15,-1.,0.));
#12666=DIRECTION('',(0.,0.,1.));
#12667=DIRECTION('',(1.,0.,0.));
#12668=DIRECTION('',(-1.36470705955096E-15,-1.,0.));
#12669=DIRECTION('',(0.,0.,1.));
#12670=DIRECTION('',(1.,0.,0.));
#12671=DIRECTION('',(1.,1.36470705955096E-15,0.));
#12672=DIRECTION('',(0.,0.,1.));
#12673=DIRECTION('',(1.,0.,0.));
#12674=DIRECTION('',(0.,1.,0.));
#12675=DIRECTION('',(0.,0.,1.));
#12676=DIRECTION('',(1.,0.,0.));
#12677=DIRECTION('',(-1.,0.,0.));
#12678=DIRECTION('',(0.,0.,1.));
#12679=DIRECTION('',(1.,0.,0.));
#12680=DIRECTION('',(2.5344559677375E-15,-1.,0.));
#12681=DIRECTION('',(0.,0.,1.));
#12682=DIRECTION('',(1.,0.,0.));
#12683=DIRECTION('',(1.,2.95686529569375E-15,0.));
#12684=DIRECTION('',(0.,0.,1.));
#12685=DIRECTION('',(1.,0.,0.));
#12686=DIRECTION('',(1.,0.,0.));
#12687=DIRECTION('',(0.,0.,1.));
#12688=DIRECTION('',(1.,0.,0.));
#12689=DIRECTION('',(1.,0.,0.));
#12690=DIRECTION('',(0.,0.,1.));
#12691=DIRECTION('',(1.,0.,0.));
#12692=DIRECTION('',(2.5344559677375E-15,1.,0.));
#12693=DIRECTION('',(0.,0.,1.));
#12694=DIRECTION('',(1.,0.,0.));
#12695=DIRECTION('',(-1.,0.,0.));
#12696=DIRECTION('',(0.,0.,1.));
#12697=DIRECTION('',(1.,0.,0.));
#12698=DIRECTION('',(2.72941411910193E-15,1.,0.));
#12699=DIRECTION('',(0.,0.,1.));
#12700=DIRECTION('',(1.,0.,0.));
#12701=DIRECTION('',(-1.,0.,0.));
#12702=DIRECTION('',(0.,0.,1.));
#12703=DIRECTION('',(1.,0.,0.));
#12704=DIRECTION('',(2.72941411910193E-15,-1.,0.));
#12705=DIRECTION('',(0.,0.,1.));
#12706=DIRECTION('',(1.,0.,0.));
#12707=DIRECTION('',(1.,1.36470705955096E-15,0.));
#12708=DIRECTION('',(0.,0.,1.));
#12709=DIRECTION('',(1.,0.,0.));
#12710=DIRECTION('',(0.,-1.,0.));
#12711=DIRECTION('',(0.,0.,1.));
#12712=DIRECTION('',(1.,0.,0.));
#12713=DIRECTION('',(1.,1.36470705955096E-15,0.));
#12714=DIRECTION('',(0.,0.,1.));
#12715=DIRECTION('',(1.,0.,0.));
#12716=DIRECTION('',(0.,1.,0.));
#12717=DIRECTION('',(0.,0.,1.));
#12718=DIRECTION('',(1.,0.,0.));
#12719=DIRECTION('',(-1.,1.36470705955096E-15,0.));
#12720=DIRECTION('',(0.,0.,1.));
#12721=DIRECTION('',(1.,0.,0.));
#12722=DIRECTION('',(0.,-1.,0.));
#12723=DIRECTION('',(0.,0.,1.));
#12724=DIRECTION('',(1.,0.,0.));
#12725=DIRECTION('',(1.,-1.36470705955095E-15,0.));
#12726=DIRECTION('',(0.,0.,1.));
#12727=DIRECTION('',(1.,0.,0.));
#12728=DIRECTION('',(-1.36470705955096E-15,1.,0.));
#12729=DIRECTION('',(0.,0.,1.));
#12730=DIRECTION('',(1.,0.,0.));
#12731=DIRECTION('',(-1.,-1.36470705955096E-15,0.));
#12732=DIRECTION('',(0.,0.,1.));
#12733=DIRECTION('',(1.,0.,0.));
#12734=DIRECTION('',(2.72941371864473E-15,1.,0.));
#12735=DIRECTION('',(0.,0.,1.));
#12736=DIRECTION('',(1.,0.,0.));
#12737=DIRECTION('',(-1.,6.82353529775479E-16,0.));
#12738=DIRECTION('',(0.,0.,1.));
#12739=DIRECTION('',(1.,0.,0.));
#12740=DIRECTION('',(0.,-1.,0.));
#12741=DIRECTION('',(0.,0.,1.));
#12742=DIRECTION('',(1.,0.,0.));
#12743=DIRECTION('',(1.,2.04706058932644E-15,0.));
#12744=DIRECTION('',(0.,0.,1.));
#12745=DIRECTION('',(1.,0.,0.));
#12746=DIRECTION('',(-5.45882823820388E-15,-1.,0.));
#12747=DIRECTION('',(0.,0.,1.));
#12748=DIRECTION('',(1.,0.,0.));
#12749=DIRECTION('',(1.,-4.09412117865295E-15,0.));
#12750=DIRECTION('',(0.,0.,1.));
#12751=DIRECTION('',(1.,0.,0.));
#12752=DIRECTION('',(2.72941411910194E-15,1.,0.));
#12753=DIRECTION('',(0.,0.,1.));
#12754=DIRECTION('',(1.,0.,0.));
#12755=DIRECTION('',(-1.,5.45882823820382E-15,0.));
#12756=DIRECTION('',(0.,0.,1.));
#12757=DIRECTION('',(1.,0.,0.));
#12758=DIRECTION('',(-5.45882823823985E-15,-1.,0.));
#12759=DIRECTION('',(0.,0.,1.));
#12760=DIRECTION('',(1.,0.,0.));
#12761=DIRECTION('',(1.,-5.45882823820383E-15,0.));
#12762=DIRECTION('',(0.,0.,1.));
#12763=DIRECTION('',(1.,0.,0.));
#12764=DIRECTION('',(5.45882823823987E-15,1.,0.));
#12765=DIRECTION('',(0.,0.,1.));
#12766=DIRECTION('',(1.,0.,0.));
#12767=DIRECTION('',(-1.,5.45882823820386E-15,0.));
#12768=DIRECTION('',(0.,0.,1.));
#12769=DIRECTION('',(1.,0.,0.));
#12770=DIRECTION('',(1.,1.36470705955096E-15,0.));
#12771=DIRECTION('',(0.,0.,1.));
#12772=DIRECTION('',(1.,0.,0.));
#12773=DIRECTION('',(0.,1.,0.));
#12774=DIRECTION('',(0.,0.,1.));
#12775=DIRECTION('',(1.,0.,0.));
#12776=DIRECTION('',(-1.,1.36470705955095E-15,0.));
#12777=DIRECTION('',(0.,0.,1.));
#12778=DIRECTION('',(1.,0.,0.));
#12779=DIRECTION('',(2.72941411910193E-15,-1.,0.));
#12780=DIRECTION('',(-1.,0.,0.));
#12781=DIRECTION('',(0.,-1.,0.));
#12782=DIRECTION('',(0.,0.,1.));
#12783=DIRECTION('',(0.,0.,1.));
#12784=DIRECTION('',(0.,0.,1.));
#12785=DIRECTION('',(1.,0.,0.));
#12786=DIRECTION('',(0.,0.,1.));
#12787=DIRECTION('',(6.82353129318463E-16,-1.,0.));
#12788=DIRECTION('',(1.,6.82353129318463E-16,0.));
#12789=DIRECTION('',(-3.41176564659231E-16,1.,0.));
#12790=DIRECTION('',(-1.,-3.41176564659231E-16,0.));
#12791=DIRECTION('',(0.,0.,1.));
#12792=DIRECTION('',(0.,0.,1.));
#12793=DIRECTION('',(1.77523730327307E-14,-1.,0.));
#12794=DIRECTION('',(-1.,-1.36470685932237E-15,0.));
#12795=DIRECTION('',(1.36470685932237E-15,-1.,0.));
#12796=DIRECTION('',(0.,0.,1.));
#12797=DIRECTION('',(0.,0.,1.));
#12798=DIRECTION('',(0.,0.,1.));
#12799=DIRECTION('',(1.,0.,0.));
#12800=DIRECTION('',(0.,0.,1.));
#12801=DIRECTION('',(6.82353529775482E-16,-1.,0.));
#12802=DIRECTION('',(1.,6.82353529775482E-16,0.));
#12803=DIRECTION('',(0.,0.,1.));
#12804=DIRECTION('',(0.,0.,1.));
#12805=DIRECTION('',(0.,1.,0.));
#12806=DIRECTION('',(0.,0.,1.));
#12807=DIRECTION('',(1.,0.,0.));
#12808=DIRECTION('',(0.,1.,0.));
#12809=DIRECTION('',(0.,0.,1.));
#12810=DIRECTION('',(0.,0.,1.));
#12811=DIRECTION('',(-1.,0.,0.));
#12812=DIRECTION('',(0.,0.,1.));
#12813=DIRECTION('',(6.82353529775481E-16,1.,0.));
#12814=DIRECTION('',(-1.,6.82353529775481E-16,0.));
#12815=DIRECTION('',(0.,0.,1.));
#12816=DIRECTION('',(0.,0.,1.));
#12817=DIRECTION('',(1.77523730327304E-14,-1.,0.));
#12818=DIRECTION('',(0.,0.,1.));
#12819=DIRECTION('',(0.,-1.,0.));
#12820=DIRECTION('',(0.,0.,1.));
#12821=DIRECTION('',(0.,0.,1.));
#12822=DIRECTION('',(5.45882823823989E-15,1.,0.));
#12823=DIRECTION('',(-1.,5.45882823823989E-15,0.));
#12824=DIRECTION('',(0.,0.,1.));
#12825=DIRECTION('',(0.,0.,1.));
#12826=DIRECTION('',(1.,-8.87059588708104E-15,0.));
#12827=DIRECTION('',(0.,0.,1.));
#12828=DIRECTION('',(-1.,5.45882823820386E-15,0.));
#12829=DIRECTION('',(-5.45882823820386E-15,-1.,0.));
#12830=DIRECTION('',(0.,0.,1.));
#12831=DIRECTION('',(0.,0.,1.));
#12832=DIRECTION('',(0.,1.,0.));
#12833=DIRECTION('',(0.,0.,1.));
#12834=DIRECTION('',(-5.11765147331612E-15,-1.,0.));
#12835=DIRECTION('',(1.,-5.11765147331612E-15,0.));
#12836=DIRECTION('',(0.,0.,1.));
#12837=DIRECTION('',(0.,0.,1.));
#12838=DIRECTION('',(-1.,8.87059588784147E-15,0.));
#12839=DIRECTION('',(0.,0.,1.));
#12840=DIRECTION('',(1.,-5.45882823820385E-15,0.));
#12841=DIRECTION('',(5.45882823820385E-15,1.,0.));
#12842=DIRECTION('',(-1.,0.,0.));
#12843=DIRECTION('',(0.,-1.,0.));
#12844=DIRECTION('',(0.,0.,1.));
#12845=DIRECTION('',(0.,0.,1.));
#12846=DIRECTION('',(0.,0.,1.));
#12847=DIRECTION('',(1.,0.,0.));
#12848=DIRECTION('',(0.,0.,1.));
#12849=DIRECTION('',(6.82353529775481E-16,-1.,0.));
#12850=DIRECTION('',(1.,6.82353529775481E-16,0.));
#12851=DIRECTION('',(0.,0.,1.));
#12852=DIRECTION('',(0.,0.,1.));
#12853=DIRECTION('',(-1.77523730327307E-14,1.,0.));
#12854=DIRECTION('',(0.,0.,1.));
#12855=DIRECTION('',(1.,0.,0.));
#12856=DIRECTION('',(0.,1.,0.));
#12857=DIRECTION('',(0.,0.,1.));
#12858=DIRECTION('',(0.,0.,1.));
#12859=DIRECTION('',(-1.,0.,0.));
#12860=DIRECTION('',(0.,0.,1.));
#12861=DIRECTION('',(-3.41176764887741E-16,1.,0.));
#12862=DIRECTION('',(-1.,-3.41176764887741E-16,0.));
#12863=DIRECTION('',(0.,0.,1.));
#12864=DIRECTION('',(0.,0.,1.));
#12865=DIRECTION('',(1.77523730327307E-14,-1.,0.));
#12866=DIRECTION('',(0.,0.,1.));
#12867=DIRECTION('',(1.41929534193299E-13,-1.,0.));
#12868=DIRECTION('',(0.,0.,1.));
#12869=DIRECTION('',(0.,0.,1.));
#12870=DIRECTION('',(4.77647470803211E-15,1.,0.));
#12871=DIRECTION('',(-1.,4.77647470803211E-15,0.));
#12872=DIRECTION('',(0.,0.,1.));
#12873=DIRECTION('',(0.,0.,1.));
#12874=DIRECTION('',(1.,0.,0.));
#12875=DIRECTION('',(0.,0.,1.));
#12876=DIRECTION('',(-1.,5.458828237751E-15,0.));
#12877=DIRECTION('',(-5.458828237751E-15,-1.,0.));
#12878=DIRECTION('',(0.,0.,1.));
#12879=DIRECTION('',(0.,0.,1.));
#12880=DIRECTION('',(0.,1.,0.));
#12881=DIRECTION('',(0.,0.,1.));
#12882=DIRECTION('',(-5.45882823775101E-15,-1.,0.));
#12883=DIRECTION('',(1.,-5.45882823775101E-15,0.));
#12884=DIRECTION('',(0.,0.,1.));
#12885=DIRECTION('',(0.,0.,1.));
#12886=DIRECTION('',(-1.,0.,0.));
#12887=DIRECTION('',(0.,0.,1.));
#12888=DIRECTION('',(1.,-5.45882823775101E-15,0.));
#12889=DIRECTION('',(5.45882823775101E-15,1.,0.));
#12890=DIRECTION('',(0.,0.,1.));
#12891=DIRECTION('',(0.,-1.,0.));
#12892=DIRECTION('',(0.,0.,1.));
#12893=DIRECTION('',(-1.,-2.5344559677375E-15,0.));
#12894=DIRECTION('',(2.5344559677375E-15,-1.,0.));
#12895=DIRECTION('',(0.,0.,1.));
#12896=DIRECTION('',(0.,0.,1.));
#12897=DIRECTION('',(1.,0.,0.));
#12898=DIRECTION('',(0.,0.,1.));
#12899=DIRECTION('',(-2.95686529569375E-15,-1.,0.));
#12900=DIRECTION('',(1.,-2.95686529569375E-15,0.));
#12901=DIRECTION('',(0.,0.,1.));
#12902=DIRECTION('',(0.,0.,1.));
#12903=DIRECTION('',(0.,1.,0.));
#12904=DIRECTION('',(0.,0.,1.));
#12905=DIRECTION('',(1.,0.,0.));
#12906=DIRECTION('',(0.,1.,0.));
#12907=DIRECTION('',(0.,0.,1.));
#12908=DIRECTION('',(0.,-1.,0.));
#12909=DIRECTION('',(1.,0.,0.));
#12910=DIRECTION('',(0.,0.,1.));
#12911=DIRECTION('',(-1.,-1.36470705955096E-15,0.));
#12912=DIRECTION('',(1.36470705955096E-15,-1.,0.));
#12913=DIRECTION('',(0.,0.,1.));
#12914=DIRECTION('',(0.,0.,1.));
#12915=DIRECTION('',(1.,0.,0.));
#12916=DIRECTION('',(-1.,0.,0.));
#12917=DIRECTION('',(0.,-1.,0.));
#12918=DIRECTION('',(0.,0.,1.));
#12919=DIRECTION('',(0.,0.,1.));
#12920=DIRECTION('',(0.,0.,1.));
#12921=DIRECTION('',(1.,0.,0.));
#12922=DIRECTION('',(0.,0.,1.));
#12923=DIRECTION('',(2.04706058932644E-15,-1.,0.));
#12924=DIRECTION('',(1.,2.04706058932644E-15,0.));
#12925=DIRECTION('',(0.,0.,1.));
#12926=DIRECTION('',(0.,0.,1.));
#12927=DIRECTION('',(0.,1.,0.));
#12928=DIRECTION('',(0.,0.,1.));
#12929=DIRECTION('',(1.,-2.72941371864473E-15,0.));
#12930=DIRECTION('',(2.72941371864473E-15,1.,0.));
#12931=DIRECTION('',(0.,0.,1.));
#12932=DIRECTION('',(0.,0.,1.));
#12933=DIRECTION('',(-1.,0.,0.));
#12934=DIRECTION('',(0.,0.,1.));
#12935=DIRECTION('',(6.82353529775479E-16,1.,0.));
#12936=DIRECTION('',(-1.,6.82353529775479E-16,0.));
#12937=DIRECTION('',(0.,0.,1.));
#12938=DIRECTION('',(0.,0.,1.));
#12939=DIRECTION('',(3.55047460654609E-14,-1.,0.));
#12940=DIRECTION('',(-1.,-2.72941411910193E-15,0.));
#12941=DIRECTION('',(2.72941411910193E-15,-1.,0.));
#12942=DIRECTION('',(0.,0.,1.));
#12943=DIRECTION('',(0.,0.,1.));
#12944=DIRECTION('',(0.,0.,1.));
#12945=DIRECTION('',(1.,0.,0.));
#12946=DIRECTION('',(0.,0.,1.));
#12947=DIRECTION('',(1.36470705955096E-15,-1.,0.));
#12948=DIRECTION('',(1.,1.36470705955096E-15,0.));
#12949=DIRECTION('',(0.,0.,1.));
#12950=DIRECTION('',(0.,0.,1.));
#12951=DIRECTION('',(0.,1.,0.));
#12952=DIRECTION('',(0.,0.,1.));
#12953=DIRECTION('',(1.,-2.72941411910193E-15,0.));
#12954=DIRECTION('',(2.72941411910193E-15,1.,0.));
#12955=DIRECTION('',(0.,0.,1.));
#12956=DIRECTION('',(0.,0.,1.));
#12957=DIRECTION('',(-1.,0.,0.));
#12958=DIRECTION('',(0.,0.,1.));
#12959=DIRECTION('',(0.,1.,0.));
#12960=DIRECTION('',(-1.,0.,0.));
#12961=DIRECTION('',(0.,0.,1.));
#12962=DIRECTION('',(0.,0.,1.));
#12963=DIRECTION('',(0.,-1.,0.));
#12964=DIRECTION('',(-1.,0.,0.));
#12965=DIRECTION('',(0.,-1.,0.));
#12966=DIRECTION('',(0.,0.,1.));
#12967=DIRECTION('',(0.,0.,1.));
#12968=DIRECTION('',(0.,0.,1.));
#12969=DIRECTION('',(1.,0.,0.));
#12970=DIRECTION('',(0.,0.,1.));
#12971=DIRECTION('',(0.,-1.,0.));
#12972=DIRECTION('',(1.,0.,0.));
#12973=DIRECTION('',(0.,0.,1.));
#12974=DIRECTION('',(0.,0.,1.));
#12975=DIRECTION('',(0.,1.,0.));
#12976=DIRECTION('',(0.,0.,1.));
#12977=DIRECTION('',(1.,2.72941411910193E-15,0.));
#12978=DIRECTION('',(-2.72941411910193E-15,1.,0.));
#12979=DIRECTION('',(0.,0.,1.));
#12980=DIRECTION('',(0.,0.,1.));
#12981=DIRECTION('',(-1.,0.,0.));
#12982=DIRECTION('',(0.,0.,1.));
#12983=DIRECTION('',(1.36470705955096E-15,1.,0.));
#12984=DIRECTION('',(-1.,1.36470705955096E-15,0.));
#12985=DIRECTION('',(0.,0.,1.));
#12986=DIRECTION('',(0.,0.,1.));
#12987=DIRECTION('',(0.,-1.,0.));
#12988=DIRECTION('',(-1.,0.,0.));
#12989=DIRECTION('',(0.,-1.,0.));
#12990=DIRECTION('',(0.,0.,1.));
#12991=DIRECTION('',(0.,0.,1.));
#12992=DIRECTION('',(0.,0.,1.));
#12993=DIRECTION('',(1.,0.,0.));
#12994=DIRECTION('',(0.,0.,1.));
#12995=DIRECTION('',(-6.82353529775481E-16,-1.,0.));
#12996=DIRECTION('',(1.,-6.82353529775481E-16,0.));
#12997=DIRECTION('',(0.,0.,1.));
#12998=DIRECTION('',(0.,0.,1.));
#12999=DIRECTION('',(0.,1.,0.));
#13000=DIRECTION('',(0.,0.,1.));
#13001=DIRECTION('',(1.,2.72941421921624E-15,0.));
#13002=DIRECTION('',(-2.72941421921624E-15,1.,0.));
#13003=DIRECTION('',(0.,0.,1.));
#13004=DIRECTION('',(0.,0.,1.));
#13005=DIRECTION('',(-1.,0.,0.));
#13006=DIRECTION('',(0.,0.,1.));
#13007=DIRECTION('',(1.02353029466322E-15,1.,0.));
#13008=DIRECTION('',(-1.,1.02353029466322E-15,0.));
#13009=DIRECTION('',(0.,0.,1.));
#13010=DIRECTION('',(0.,0.,1.));
#13011=DIRECTION('',(0.,-1.,0.));
#13012=DIRECTION('',(-1.,0.,0.));
#13013=DIRECTION('',(0.,-1.,0.));
#13014=DIRECTION('',(0.,0.,1.));
#13015=DIRECTION('',(0.,0.,1.));
#13016=DIRECTION('',(0.,0.,1.));
#13017=DIRECTION('',(1.,0.,0.));
#13018=DIRECTION('',(0.,0.,1.));
#13019=DIRECTION('',(-6.82353529775482E-16,-1.,0.));
#13020=DIRECTION('',(1.,-6.82353529775482E-16,0.));
#13021=DIRECTION('',(0.,0.,1.));
#13022=DIRECTION('',(0.,0.,1.));
#13023=DIRECTION('',(0.,1.,0.));
#13024=DIRECTION('',(0.,0.,1.));
#13025=DIRECTION('',(1.,1.36470685932237E-15,0.));
#13026=DIRECTION('',(-1.36470685932237E-15,1.,0.));
#13027=DIRECTION('',(0.,0.,1.));
#13028=DIRECTION('',(0.,0.,1.));
#13029=DIRECTION('',(-1.,0.,0.));
#13030=DIRECTION('',(0.,0.,1.));
#13031=DIRECTION('',(6.8235352977548E-16,1.,0.));
#13032=DIRECTION('',(-1.,6.8235352977548E-16,0.));
#13033=DIRECTION('',(0.,0.,1.));
#13034=DIRECTION('',(0.,0.,1.));
#13035=DIRECTION('',(3.55047460654609E-14,-1.,0.));
#13036=DIRECTION('',(-1.,0.,0.));
#13037=DIRECTION('',(0.,-1.,0.));
#13038=DIRECTION('',(0.,0.,1.));
#13039=DIRECTION('',(0.,0.,1.));
#13040=DIRECTION('',(0.,0.,1.));
#13041=DIRECTION('',(1.,0.,0.));
#13042=DIRECTION('',(-6.82353529775479E-16,1.,0.));
#13043=DIRECTION('',(-1.,-6.82353529775479E-16,0.));
#13044=DIRECTION('',(0.,0.,1.));
#13045=DIRECTION('',(0.,0.,1.));
#13046=DIRECTION('',(5.32571190981922E-14,-1.,0.));
#13047=DIRECTION('',(-1.36470705955096E-15,-1.,0.));
#13048=DIRECTION('',(1.,-1.36470705955096E-15,0.));
#13049=DIRECTION('',(0.,0.,1.));
#13050=DIRECTION('',(0.,0.,1.));
#13051=DIRECTION('',(0.,0.,1.));
#13052=DIRECTION('',(0.,1.,0.));
#13053=DIRECTION('',(0.,0.,1.));
#13054=DIRECTION('',(1.,0.,0.));
#13055=DIRECTION('',(0.,1.,0.));
#13056=DIRECTION('',(0.,0.,1.));
#13057=DIRECTION('',(0.,0.,1.));
#13058=DIRECTION('',(-1.,0.,0.));
#13059=DIRECTION('',(0.,0.,1.));
#13060=DIRECTION('',(0.,1.,0.));
#13061=DIRECTION('',(-1.,0.,0.));
#13062=DIRECTION('',(0.,0.,1.));
#13063=DIRECTION('',(0.,0.,1.));
#13064=DIRECTION('',(0.,-1.,0.));
#13065=DIRECTION('',(0.,0.,1.));
#13066=DIRECTION('',(-1.,-2.72941411910193E-15,0.));
#13067=DIRECTION('',(2.72941411910193E-15,-1.,0.));
#13068=DIRECTION('',(0.,0.,1.));
#13069=DIRECTION('',(0.,0.,1.));
#13070=DIRECTION('',(1.,0.,0.));
#13071=DIRECTION('',(-1.,-2.72941411910193E-15,0.));
#13072=DIRECTION('',(2.72941411910193E-15,-1.,0.));
#13073=DIRECTION('',(0.,0.,1.));
#13074=DIRECTION('',(0.,0.,1.));
#13075=DIRECTION('',(0.,0.,1.));
#13076=DIRECTION('',(1.,0.,0.));
#13077=DIRECTION('',(0.,0.,1.));
#13078=DIRECTION('',(-1.36470705955096E-15,-1.,0.));
#13079=DIRECTION('',(1.,-1.36470705955096E-15,0.));
#13080=DIRECTION('',(0.,0.,1.));
#13081=DIRECTION('',(0.,0.,1.));
#13082=DIRECTION('',(0.,1.,0.));
#13083=DIRECTION('',(0.,0.,1.));
#13084=DIRECTION('',(1.,0.,0.));
#13085=DIRECTION('',(0.,1.,0.));
#13086=DIRECTION('',(0.,0.,1.));
#13087=DIRECTION('',(0.,0.,1.));
#13088=DIRECTION('',(-1.,0.,0.));
#13089=DIRECTION('',(0.,0.,1.));
#13090=DIRECTION('',(0.,1.,0.));
#13091=DIRECTION('',(-1.,0.,0.));
#13092=DIRECTION('',(0.,0.,1.));
#13093=DIRECTION('',(0.,0.,1.));
#13094=DIRECTION('',(0.,-1.,0.));
#13095=DIRECTION('',(-1.,0.,0.));
#13096=DIRECTION('',(0.,-1.,0.));
#13097=DIRECTION('',(0.,0.,1.));
#13098=DIRECTION('',(0.,0.,1.));
#13099=DIRECTION('',(0.,0.,1.));
#13100=DIRECTION('',(1.,0.,0.));
#13101=DIRECTION('',(0.,0.,1.));
#13102=DIRECTION('',(0.,-1.,0.));
#13103=DIRECTION('',(1.,0.,0.));
#13104=DIRECTION('',(0.,0.,1.));
#13105=DIRECTION('',(0.,0.,1.));
#13106=DIRECTION('',(0.,1.,0.));
#13107=DIRECTION('',(0.,0.,1.));
#13108=DIRECTION('',(1.,2.72941411910193E-15,0.));
#13109=DIRECTION('',(-2.72941411910193E-15,1.,0.));
#13110=DIRECTION('',(0.,0.,1.));
#13111=DIRECTION('',(0.,0.,1.));
#13112=DIRECTION('',(-1.,0.,0.));
#13113=DIRECTION('',(0.,0.,1.));
#13114=DIRECTION('',(1.36470705955096E-15,1.,0.));
#13115=DIRECTION('',(-1.,1.36470705955096E-15,0.));
#13116=DIRECTION('',(0.,0.,1.));
#13117=DIRECTION('',(0.,0.,1.));
#13118=DIRECTION('',(0.,-1.,0.));
#13119=DIRECTION('',(-1.,2.72941411910193E-15,0.));
#13120=DIRECTION('',(-2.72941411910193E-15,-1.,0.));
#13121=DIRECTION('',(0.,0.,1.));
#13122=DIRECTION('',(0.,0.,1.));
#13123=DIRECTION('',(0.,0.,1.));
#13124=DIRECTION('',(1.,-3.55047460654618E-14,0.));
#13125=DIRECTION('',(0.,0.,1.));
#13126=DIRECTION('',(-5.45882823820391E-15,-1.,0.));
#13127=DIRECTION('',(1.,-5.45882823820391E-15,0.));
#13128=DIRECTION('',(0.,0.,1.));
#13129=DIRECTION('',(0.,0.,1.));
#13130=DIRECTION('',(1.42018984261842E-13,1.,0.));
#13131=DIRECTION('',(0.,0.,1.));
#13132=DIRECTION('',(1.,-5.45882823820386E-15,0.));
#13133=DIRECTION('',(5.45882823820386E-15,1.,0.));
#13134=DIRECTION('',(0.,0.,1.));
#13135=DIRECTION('',(0.,0.,1.));
#13136=DIRECTION('',(-1.,0.,0.));
#13137=DIRECTION('',(0.,0.,1.));
#13138=DIRECTION('',(5.45882823820385E-15,1.,0.));
#13139=DIRECTION('',(-1.,5.45882823820385E-15,0.));
#13140=DIRECTION('',(0.,0.,1.));
#13141=DIRECTION('',(0.,0.,1.));
#13142=DIRECTION('',(0.,-1.,0.));
#13143=DIRECTION('',(1.,0.,0.));
#13144=DIRECTION('',(0.,1.,0.));
#13145=DIRECTION('',(0.,0.,1.));
#13146=DIRECTION('',(0.,0.,1.));
#13147=DIRECTION('',(0.,0.,1.));
#13148=DIRECTION('',(-1.,0.,0.));
#13149=DIRECTION('',(0.,0.,1.));
#13150=DIRECTION('',(-1.36470705955096E-15,1.,0.));
#13151=DIRECTION('',(-1.,-1.36470705955096E-15,0.));
#13152=DIRECTION('',(0.,0.,1.));
#13153=DIRECTION('',(0.,0.,1.));
#13154=DIRECTION('',(0.,-1.,0.));
#13155=DIRECTION('',(0.,0.,1.));
#13156=DIRECTION('',(-1.,0.,0.));
#13157=DIRECTION('',(0.,-1.,0.));
#13158=DIRECTION('',(0.,0.,1.));
#13159=DIRECTION('',(0.,0.,1.));
#13160=DIRECTION('',(1.,0.,0.));
#13161=DIRECTION('',(0.,0.,1.));
#13162=DIRECTION('',(0.,-1.,0.));
#13163=DIRECTION('',(1.,0.,0.));
#13164=DIRECTION('',(0.,0.,1.));
#13165=DIRECTION('',(0.,0.,1.));
#13166=DIRECTION('',(0.,1.,0.));
#13167=DIRECTION('',(-1.36470625863693E-15,1.,0.));
#13168=DIRECTION('',(-1.,-1.36470625863693E-15,0.));
#13169=DIRECTION('',(0.,0.,1.));
#13170=DIRECTION('',(0.,0.,1.));
#13171=DIRECTION('',(0.,-1.,0.));
#13172=DIRECTION('',(0.,0.,1.));
#13173=DIRECTION('',(-1.,0.,0.));
#13174=DIRECTION('',(0.,-1.,0.));
#13175=DIRECTION('',(0.,0.,1.));
#13176=DIRECTION('',(0.,0.,1.));
#13177=DIRECTION('',(1.,0.,0.));
#13178=DIRECTION('',(-6.82353529775481E-16,-1.,0.));
#13179=DIRECTION('',(1.,-6.82353529775481E-16,0.));
#13180=DIRECTION('',(0.,0.,1.));
#13181=DIRECTION('',(0.,0.,1.));
#13182=DIRECTION('',(0.,0.,1.));
#13183=DIRECTION('',(0.,1.,0.));
#13184=DIRECTION('',(0.,0.,1.));
#13185=DIRECTION('',(1.,2.72941421921624E-15,0.));
#13186=DIRECTION('',(-2.72941421921624E-15,1.,0.));
#13187=DIRECTION('',(0.,0.,1.));
#13188=DIRECTION('',(0.,0.,1.));
#13189=DIRECTION('',(-1.,0.,0.));
#13190=DIRECTION('',(0.,0.,1.));
#13191=DIRECTION('',(1.02353029466322E-15,1.,0.));
#13192=DIRECTION('',(-1.,1.02353029466322E-15,0.));
#13193=DIRECTION('',(0.,0.,1.));
#13194=DIRECTION('',(0.,0.,1.));
#13195=DIRECTION('',(0.,-1.,0.));
#13196=DIRECTION('',(0.,0.,1.));
#13197=DIRECTION('',(-1.,0.,0.));
#13198=DIRECTION('',(0.,-1.,0.));
#13199=DIRECTION('',(0.,0.,1.));
#13200=DIRECTION('',(0.,0.,1.));
#13201=DIRECTION('',(1.,0.,0.));
#13202=DIRECTION('',(1.,0.,0.));
#13203=DIRECTION('',(0.,1.,0.));
#13204=DIRECTION('',(0.,0.,1.));
#13205=DIRECTION('',(0.,0.,1.));
#13206=DIRECTION('',(0.,0.,1.));
#13207=DIRECTION('',(-1.,0.,0.));
#13208=DIRECTION('',(0.,0.,1.));
#13209=DIRECTION('',(0.,1.,0.));
#13210=DIRECTION('',(-1.,0.,0.));
#13211=DIRECTION('',(0.,0.,1.));
#13212=DIRECTION('',(0.,0.,1.));
#13213=DIRECTION('',(0.,-1.,0.));
#13214=DIRECTION('',(0.,0.,1.));
#13215=DIRECTION('',(-1.,-2.72941411910193E-15,0.));
#13216=DIRECTION('',(2.72941411910193E-15,-1.,0.));
#13217=DIRECTION('',(0.,0.,1.));
#13218=DIRECTION('',(0.,0.,1.));
#13219=DIRECTION('',(1.,0.,0.));
#13220=DIRECTION('',(0.,0.,1.));
#13221=DIRECTION('',(-1.36470705955096E-15,-1.,0.));
#13222=DIRECTION('',(1.,-1.36470705955096E-15,0.));
#13223=DIRECTION('',(0.,0.,1.));
#13224=DIRECTION('',(0.,0.,1.));
#13225=DIRECTION('',(0.,1.,0.));
#13226=DIRECTION('',(-1.,-2.72941411910193E-15,0.));
#13227=DIRECTION('',(2.72941411910193E-15,-1.,0.));
#13228=DIRECTION('',(0.,0.,1.));
#13229=DIRECTION('',(0.,0.,1.));
#13230=DIRECTION('',(0.,0.,1.));
#13231=DIRECTION('',(1.,0.,0.));
#13232=DIRECTION('',(0.,0.,1.));
#13233=DIRECTION('',(1.36470705955096E-15,-1.,0.));
#13234=DIRECTION('',(1.,1.36470705955096E-15,0.));
#13235=DIRECTION('',(0.,0.,1.));
#13236=DIRECTION('',(0.,0.,1.));
#13237=DIRECTION('',(0.,1.,0.));
#13238=DIRECTION('',(0.,0.,1.));
#13239=DIRECTION('',(1.,-2.72941411910193E-15,0.));
#13240=DIRECTION('',(2.72941411910193E-15,1.,0.));
#13241=DIRECTION('',(0.,0.,1.));
#13242=DIRECTION('',(0.,0.,1.));
#13243=DIRECTION('',(-1.,0.,0.));
#13244=DIRECTION('',(0.,0.,1.));
#13245=DIRECTION('',(0.,1.,0.));
#13246=DIRECTION('',(-1.,0.,0.));
#13247=DIRECTION('',(0.,0.,1.));
#13248=DIRECTION('',(0.,0.,1.));
#13249=DIRECTION('',(0.,-1.,0.));
#13250=DIRECTION('',(1.36470705955096E-15,-1.,0.));
#13251=DIRECTION('',(1.,1.36470705955096E-15,0.));
#13252=DIRECTION('',(0.,0.,1.));
#13253=DIRECTION('',(0.,0.,1.));
#13254=DIRECTION('',(0.,0.,1.));
#13255=DIRECTION('',(0.,1.,0.));
#13256=DIRECTION('',(0.,0.,1.));
#13257=DIRECTION('',(1.,-2.72941411910193E-15,0.));
#13258=DIRECTION('',(2.72941411910193E-15,1.,0.));
#13259=DIRECTION('',(0.,0.,1.));
#13260=DIRECTION('',(0.,0.,1.));
#13261=DIRECTION('',(-1.,0.,0.));
#13262=DIRECTION('',(0.,0.,1.));
#13263=DIRECTION('',(0.,1.,0.));
#13264=DIRECTION('',(-1.,0.,0.));
#13265=DIRECTION('',(0.,0.,1.));
#13266=DIRECTION('',(0.,0.,1.));
#13267=DIRECTION('',(0.,-1.,0.));
#13268=DIRECTION('',(0.,0.,1.));
#13269=DIRECTION('',(-1.,-2.72941411910193E-15,0.));
#13270=DIRECTION('',(2.72941411910193E-15,-1.,0.));
#13271=DIRECTION('',(0.,0.,1.));
#13272=DIRECTION('',(0.,0.,1.));
#13273=DIRECTION('',(1.,0.,0.));
#13274=DIRECTION('',(1.02353029466322E-15,1.,0.));
#13275=DIRECTION('',(-1.,1.02353029466322E-15,0.));
#13276=DIRECTION('',(0.,0.,1.));
#13277=DIRECTION('',(0.,0.,1.));
#13278=DIRECTION('',(0.,0.,1.));
#13279=DIRECTION('',(0.,-1.,0.));
#13280=DIRECTION('',(0.,0.,1.));
#13281=DIRECTION('',(-1.,0.,0.));
#13282=DIRECTION('',(0.,-1.,0.));
#13283=DIRECTION('',(0.,0.,1.));
#13284=DIRECTION('',(0.,0.,1.));
#13285=DIRECTION('',(1.,0.,0.));
#13286=DIRECTION('',(0.,0.,1.));
#13287=DIRECTION('',(2.04706058932644E-15,-1.,0.));
#13288=DIRECTION('',(1.,2.04706058932644E-15,0.));
#13289=DIRECTION('',(0.,0.,1.));
#13290=DIRECTION('',(0.,0.,1.));
#13291=DIRECTION('',(0.,1.,0.));
#13292=DIRECTION('',(0.,0.,1.));
#13293=DIRECTION('',(1.,0.,0.));
#13294=DIRECTION('',(0.,1.,0.));
#13295=DIRECTION('',(0.,0.,1.));
#13296=DIRECTION('',(0.,0.,1.));
#13297=DIRECTION('',(-1.,0.,0.));
#13298=DIRECTION('',(-1.,-6.5833468552755E-12,0.));
#13299=DIRECTION('',(6.5833468552755E-12,-1.,0.));
#13300=DIRECTION('',(0.,0.,1.));
#13301=DIRECTION('',(0.,0.,1.));
#13302=DIRECTION('',(0.,0.,1.));
#13303=DIRECTION('',(1.,0.,0.));
#13304=DIRECTION('',(0.,0.,1.));
#13305=DIRECTION('',(-5.45882823823986E-15,-1.,0.));
#13306=DIRECTION('',(1.,-5.45882823823986E-15,0.));
#13307=DIRECTION('',(0.,0.,1.));
#13308=DIRECTION('',(0.,0.,1.));
#13309=DIRECTION('',(0.,1.,0.));
#13310=DIRECTION('',(0.,0.,1.));
#13311=DIRECTION('',(1.,-5.45882823820387E-15,0.));
#13312=DIRECTION('',(5.45882823820387E-15,1.,0.));
#13313=DIRECTION('',(0.,0.,1.));
#13314=DIRECTION('',(0.,0.,1.));
#13315=DIRECTION('',(-1.,0.,0.));
#13316=DIRECTION('',(0.,0.,1.));
#13317=DIRECTION('',(5.45882823820389E-15,1.,0.));
#13318=DIRECTION('',(-1.,5.45882823820389E-15,0.));
#13319=DIRECTION('',(0.,0.,1.));
#13320=DIRECTION('',(0.,0.,1.));
#13321=DIRECTION('',(-1.42018984261852E-13,-1.,0.));
#13322=DIRECTION('',(-1.,0.,0.));
#13323=DIRECTION('',(0.,-1.,0.));
#13324=DIRECTION('',(0.,0.,1.));
#13325=DIRECTION('',(0.,0.,1.));
#13326=DIRECTION('',(0.,0.,1.));
#13327=DIRECTION('',(1.,0.,0.));
#13328=DIRECTION('',(0.,0.,1.));
#13329=DIRECTION('',(-6.82353529775481E-16,-1.,0.));
#13330=DIRECTION('',(1.,-6.82353529775481E-16,0.));
#13331=DIRECTION('',(0.,0.,1.));
#13332=DIRECTION('',(0.,0.,1.));
#13333=DIRECTION('',(0.,1.,0.));
#13334=DIRECTION('',(0.,0.,1.));
#13335=DIRECTION('',(1.,2.72941421921624E-15,0.));
#13336=DIRECTION('',(-2.72941421921624E-15,1.,0.));
#13337=DIRECTION('',(0.,0.,1.));
#13338=DIRECTION('',(0.,0.,1.));
#13339=DIRECTION('',(-1.,0.,0.));
#13340=DIRECTION('',(0.,0.,1.));
#13341=DIRECTION('',(1.02353029466322E-15,1.,0.));
#13342=DIRECTION('',(-1.,1.02353029466322E-15,0.));
#13343=DIRECTION('',(0.,0.,1.));
#13344=DIRECTION('',(0.,0.,1.));
#13345=DIRECTION('',(0.,-1.,0.));
#13346=DIRECTION('',(-1.,0.,0.));
#13347=DIRECTION('',(0.,-1.,0.));
#13348=DIRECTION('',(0.,0.,1.));
#13349=DIRECTION('',(0.,0.,1.));
#13350=DIRECTION('',(0.,0.,1.));
#13351=DIRECTION('',(1.,0.,0.));
#13352=DIRECTION('',(0.,0.,1.));
#13353=DIRECTION('',(-1.36470705955095E-15,-1.,0.));
#13354=DIRECTION('',(1.,-1.36470705955095E-15,0.));
#13355=DIRECTION('',(0.,0.,1.));
#13356=DIRECTION('',(0.,0.,1.));
#13357=DIRECTION('',(-7.10094921309211E-14,1.,0.));
#13358=DIRECTION('',(0.,0.,1.));
#13359=DIRECTION('',(1.,2.72941411910193E-15,0.));
#13360=DIRECTION('',(-2.72941411910193E-15,1.,0.));
#13361=DIRECTION('',(0.,0.,1.));
#13362=DIRECTION('',(0.,0.,1.));
#13363=DIRECTION('',(-1.,0.,0.));
#13364=DIRECTION('',(0.,0.,1.));
#13365=DIRECTION('',(-1.36470705955096E-15,1.,0.));
#13366=DIRECTION('',(-1.,-1.36470705955096E-15,0.));
#13367=DIRECTION('',(0.,0.,1.));
#13368=DIRECTION('',(0.,0.,1.));
#13369=DIRECTION('',(0.,-1.,0.));
#13370=DIRECTION('',(-1.,0.,0.));
#13371=DIRECTION('',(0.,-1.,0.));
#13372=DIRECTION('',(0.,0.,1.));
#13373=DIRECTION('',(0.,0.,1.));
#13374=DIRECTION('',(0.,0.,1.));
#13375=DIRECTION('',(1.,0.,0.));
#13376=DIRECTION('',(0.,1.,0.));
#13377=DIRECTION('',(-1.,0.,0.));
#13378=DIRECTION('',(0.,0.,1.));
#13379=DIRECTION('',(0.,0.,1.));
#13380=DIRECTION('',(0.,-1.,0.));
#13381=DIRECTION('',(0.,1.,0.));
#13382=DIRECTION('',(-1.,0.,0.));
#13383=DIRECTION('',(0.,0.,1.));
#13384=DIRECTION('',(0.,0.,1.));
#13385=DIRECTION('',(0.,0.,1.));
#13386=DIRECTION('',(0.,-1.,0.));
#13387=DIRECTION('',(0.,0.,1.));
#13388=DIRECTION('',(-1.,-2.5344559677375E-15,0.));
#13389=DIRECTION('',(2.5344559677375E-15,-1.,0.));
#13390=DIRECTION('',(0.,0.,1.));
#13391=DIRECTION('',(0.,0.,1.));
#13392=DIRECTION('',(1.,0.,0.));
#13393=DIRECTION('',(0.,0.,1.));
#13394=DIRECTION('',(2.95686529569375E-15,-1.,0.));
#13395=DIRECTION('',(1.,2.95686529569375E-15,0.));
#13396=DIRECTION('',(0.,0.,1.));
#13397=DIRECTION('',(0.,0.,1.));
#13398=DIRECTION('',(0.999999801397059,-0.000630242685491521,0.));
#13399=DIRECTION('',(0.,0.,1.));
#13400=DIRECTION('',(0.,-1.,0.));
#13401=DIRECTION('',(1.,0.,0.));
#13402=DIRECTION('',(0.,0.,1.));
#13403=DIRECTION('',(0.,0.,1.));
#13404=DIRECTION('',(0.,1.,0.));
#13405=DIRECTION('',(0.,0.,1.));
#13406=DIRECTION('',(0.,-1.,0.));
#13407=DIRECTION('',(1.,0.,0.));
#13408=DIRECTION('',(0.,0.,1.));
#13409=DIRECTION('',(0.,0.,1.));
#13410=DIRECTION('',(0.,1.,0.));
#13411=DIRECTION('',(0.,0.,1.));
#13412=DIRECTION('',(1.,-2.5344559677375E-15,0.));
#13413=DIRECTION('',(2.5344559677375E-15,1.,0.));
#13414=DIRECTION('',(0.,0.,1.));
#13415=DIRECTION('',(0.,0.,1.));
#13416=DIRECTION('',(-1.,0.,0.));
#13417=DIRECTION('',(-1.,-2.72941411910193E-15,0.));
#13418=DIRECTION('',(2.72941411910193E-15,-1.,0.));
#13419=DIRECTION('',(0.,0.,1.));
#13420=DIRECTION('',(0.,0.,1.));
#13421=DIRECTION('',(0.,0.,1.));
#13422=DIRECTION('',(1.,0.,0.));
#13423=DIRECTION('',(0.,0.,1.));
#13424=DIRECTION('',(-1.36470705955095E-15,-1.,0.));
#13425=DIRECTION('',(1.,-1.36470705955095E-15,0.));
#13426=DIRECTION('',(0.,0.,1.));
#13427=DIRECTION('',(0.,0.,1.));
#13428=DIRECTION('',(-7.10094921309211E-14,1.,0.));
#13429=DIRECTION('',(0.,0.,1.));
#13430=DIRECTION('',(1.,2.72941411910193E-15,0.));
#13431=DIRECTION('',(-2.72941411910193E-15,1.,0.));
#13432=DIRECTION('',(0.,0.,1.));
#13433=DIRECTION('',(0.,0.,1.));
#13434=DIRECTION('',(-1.,0.,0.));
#13435=DIRECTION('',(0.,0.,1.));
#13436=DIRECTION('',(1.36470705955095E-15,1.,0.));
#13437=DIRECTION('',(-1.,1.36470705955095E-15,0.));
#13438=DIRECTION('',(0.,0.,1.));
#13439=DIRECTION('',(0.,0.,1.));
#13440=DIRECTION('',(7.10094921309211E-14,-1.,0.));
#13441=DIRECTION('',(1.,0.,0.));
#13442=DIRECTION('',(0.,1.,0.));
#13443=DIRECTION('',(0.,0.,1.));
#13444=DIRECTION('',(0.,0.,1.));
#13445=DIRECTION('',(0.,0.,1.));
#13446=DIRECTION('',(-1.,0.,0.));
#13447=DIRECTION('',(0.,0.,1.));
#13448=DIRECTION('',(6.82353529775479E-16,1.,0.));
#13449=DIRECTION('',(-1.,6.82353529775479E-16,0.));
#13450=DIRECTION('',(0.,0.,1.));
#13451=DIRECTION('',(0.,0.,1.));
#13452=DIRECTION('',(3.55047460654609E-14,-1.,0.));
#13453=DIRECTION('',(0.,0.,1.));
#13454=DIRECTION('',(-1.,0.,0.));
#13455=DIRECTION('',(0.,-1.,0.));
#13456=DIRECTION('',(0.,0.,1.));
#13457=DIRECTION('',(0.,0.,1.));
#13458=DIRECTION('',(1.,0.,0.));
#13459=DIRECTION('',(0.,0.,1.));
#13460=DIRECTION('',(-6.82353529775481E-16,-1.,0.));
#13461=DIRECTION('',(1.,-6.82353529775481E-16,0.));
#13462=DIRECTION('',(0.,0.,1.));
#13463=DIRECTION('',(0.,0.,1.));
#13464=DIRECTION('',(0.,1.,0.));
#13465=DIRECTION('',(-1.,-1.36470705955096E-15,0.));
#13466=DIRECTION('',(1.36470705955096E-15,-1.,0.));
#13467=DIRECTION('',(0.,0.,1.));
#13468=DIRECTION('',(0.,0.,1.));
#13469=DIRECTION('',(0.,0.,1.));
#13470=DIRECTION('',(1.,0.,0.));
#13471=DIRECTION('',(0.,0.,1.));
#13472=DIRECTION('',(0.,-1.,0.));
#13473=DIRECTION('',(1.,0.,0.));
#13474=DIRECTION('',(0.,0.,1.));
#13475=DIRECTION('',(0.,0.,1.));
#13476=DIRECTION('',(0.,1.,0.));
#13477=DIRECTION('',(0.,0.,1.));
#13478=DIRECTION('',(1.,0.,0.));
#13479=DIRECTION('',(0.,1.,0.));
#13480=DIRECTION('',(0.,0.,1.));
#13481=DIRECTION('',(0.,0.,1.));
#13482=DIRECTION('',(-1.,0.,0.));
#13483=DIRECTION('',(0.,0.,1.));
#13484=DIRECTION('',(1.36470705955096E-15,1.,0.));
#13485=DIRECTION('',(-1.,1.36470705955096E-15,0.));
#13486=DIRECTION('',(0.,0.,1.));
#13487=DIRECTION('',(0.,0.,1.));
#13488=DIRECTION('',(0.,-1.,0.));
#13489=DIRECTION('',(-1.,-2.72941411910193E-15,0.));
#13490=DIRECTION('',(2.72941411910193E-15,-1.,0.));
#13491=DIRECTION('',(0.,0.,1.));
#13492=DIRECTION('',(0.,0.,1.));
#13493=DIRECTION('',(0.,0.,1.));
#13494=DIRECTION('',(1.,0.,0.));
#13495=DIRECTION('',(0.,0.,1.));
#13496=DIRECTION('',(1.36470705955096E-15,-1.,0.));
#13497=DIRECTION('',(1.,1.36470705955096E-15,0.));
#13498=DIRECTION('',(0.,0.,1.));
#13499=DIRECTION('',(0.,0.,1.));
#13500=DIRECTION('',(0.,1.,0.));
#13501=DIRECTION('',(0.,0.,1.));
#13502=DIRECTION('',(1.,-2.72941411910193E-15,0.));
#13503=DIRECTION('',(2.72941411910193E-15,1.,0.));
#13504=DIRECTION('',(0.,0.,1.));
#13505=DIRECTION('',(0.,0.,1.));
#13506=DIRECTION('',(-1.,0.,0.));
#13507=DIRECTION('',(0.,0.,1.));
#13508=DIRECTION('',(0.,1.,0.));
#13509=DIRECTION('',(-1.,0.,0.));
#13510=DIRECTION('',(0.,0.,1.));
#13511=DIRECTION('',(0.,0.,1.));
#13512=DIRECTION('',(0.,-1.,0.));
#13513=DIRECTION('',(1.,0.,0.));
#13514=DIRECTION('',(0.,1.,0.));
#13515=DIRECTION('',(0.,0.,1.));
#13516=DIRECTION('',(0.,0.,1.));
#13517=DIRECTION('',(0.,0.,1.));
#13518=DIRECTION('',(-1.,0.,0.));
#13519=DIRECTION('',(0.,0.,1.));
#13520=DIRECTION('',(6.82353529775479E-16,1.,0.));
#13521=DIRECTION('',(-1.,6.82353529775479E-16,0.));
#13522=DIRECTION('',(0.,0.,1.));
#13523=DIRECTION('',(0.,0.,1.));
#13524=DIRECTION('',(3.55047460654609E-14,-1.,0.));
#13525=DIRECTION('',(0.,0.,1.));
#13526=DIRECTION('',(-1.,0.,0.));
#13527=DIRECTION('',(0.,-1.,0.));
#13528=DIRECTION('',(0.,0.,1.));
#13529=DIRECTION('',(0.,0.,1.));
#13530=DIRECTION('',(1.,0.,0.));
#13531=DIRECTION('',(0.,0.,1.));
#13532=DIRECTION('',(-6.82353529775481E-16,-1.,0.));
#13533=DIRECTION('',(1.,-6.82353529775481E-16,0.));
#13534=DIRECTION('',(0.,0.,1.));
#13535=DIRECTION('',(0.,0.,1.));
#13536=DIRECTION('',(0.,1.,0.));
#13537=DIRECTION('',(1.47843264784687E-15,1.,0.));
#13538=DIRECTION('',(-1.,1.47843264784687E-15,0.));
#13539=DIRECTION('',(0.,0.,1.));
#13540=DIRECTION('',(0.,0.,1.));
#13541=DIRECTION('',(0.,0.,1.));
#13542=DIRECTION('',(0.,-1.,0.));
#13543=DIRECTION('',(0.,0.,1.));
#13544=DIRECTION('',(-1.,0.,0.));
#13545=DIRECTION('',(0.,-1.,0.));
#13546=DIRECTION('',(0.,0.,1.));
#13547=DIRECTION('',(0.,0.,1.));
#13548=DIRECTION('',(1.,0.,0.));
#13549=DIRECTION('',(0.,0.,1.));
#13550=DIRECTION('',(-4.43529794354065E-15,-1.,0.));
#13551=DIRECTION('',(1.,-4.43529794354065E-15,0.));
#13552=DIRECTION('',(0.,0.,1.));
#13553=DIRECTION('',(0.,0.,1.));
#13554=DIRECTION('',(0.999999801397059,-0.000630242685456017,0.));
#13555=DIRECTION('',(0.,0.,1.));
#13556=DIRECTION('',(-6.82353529775481E-16,-1.,0.));
#13557=DIRECTION('',(1.,-6.82353529775481E-16,0.));
#13558=DIRECTION('',(0.,0.,1.));
#13559=DIRECTION('',(0.,0.,1.));
#13560=DIRECTION('',(0.,1.,0.));
#13561=DIRECTION('',(0.,0.,1.));
#13562=DIRECTION('',(0.,-1.,0.));
#13563=DIRECTION('',(1.,0.,0.));
#13564=DIRECTION('',(0.,0.,1.));
#13565=DIRECTION('',(0.,0.,1.));
#13566=DIRECTION('',(0.,1.,0.));
#13567=DIRECTION('',(0.,0.,1.));
#13568=DIRECTION('',(1.,-2.53445562244533E-15,0.));
#13569=DIRECTION('',(2.53445562244533E-15,1.,0.));
#13570=DIRECTION('',(0.,0.,1.));
#13571=DIRECTION('',(0.,0.,1.));
#13572=DIRECTION('',(-1.,0.,0.));
#13573=DIRECTION('',(0.,-1.,0.));
#13574=DIRECTION('',(1.,0.,0.));
#13575=DIRECTION('',(0.,0.,1.));
#13576=DIRECTION('',(0.,0.,1.));
#13577=DIRECTION('',(0.,0.,1.));
#13578=DIRECTION('',(0.,1.,0.));
#13579=DIRECTION('',(0.,0.,1.));
#13580=DIRECTION('',(1.,2.72941411910193E-15,0.));
#13581=DIRECTION('',(-2.72941411910193E-15,1.,0.));
#13582=DIRECTION('',(0.,0.,1.));
#13583=DIRECTION('',(0.,0.,1.));
#13584=DIRECTION('',(-1.,0.,0.));
#13585=DIRECTION('',(0.,0.,1.));
#13586=DIRECTION('',(-1.36470705955096E-15,1.,0.));
#13587=DIRECTION('',(-1.,-1.36470705955096E-15,0.));
#13588=DIRECTION('',(0.,0.,1.));
#13589=DIRECTION('',(0.,0.,1.));
#13590=DIRECTION('',(0.,-1.,0.));
#13591=DIRECTION('',(0.,0.,1.));
#13592=DIRECTION('',(-1.,2.72941411910193E-15,0.));
#13593=DIRECTION('',(-2.72941411910193E-15,-1.,0.));
#13594=DIRECTION('',(0.,0.,1.));
#13595=DIRECTION('',(0.,0.,1.));
#13596=DIRECTION('',(1.,0.,0.));
#13597=DIRECTION('',(-1.,0.,0.));
#13598=DIRECTION('',(0.,-1.,0.));
#13599=DIRECTION('',(0.,0.,1.));
#13600=DIRECTION('',(0.,0.,1.));
#13601=DIRECTION('',(0.,0.,1.));
#13602=DIRECTION('',(1.,0.,0.));
#13603=DIRECTION('',(0.,0.,1.));
#13604=DIRECTION('',(-1.36470705955096E-15,-1.,0.));
#13605=DIRECTION('',(1.,-1.36470705955096E-15,0.));
#13606=DIRECTION('',(0.,0.,1.));
#13607=DIRECTION('',(0.,0.,1.));
#13608=DIRECTION('',(0.,1.,0.));
#13609=DIRECTION('',(0.,0.,1.));
#13610=DIRECTION('',(1.,0.,0.));
#13611=DIRECTION('',(0.,1.,0.));
#13612=DIRECTION('',(0.,0.,1.));
#13613=DIRECTION('',(0.,0.,1.));
#13614=DIRECTION('',(-1.,0.,0.));
#13615=DIRECTION('',(0.,0.,1.));
#13616=DIRECTION('',(-2.72941411910192E-15,1.,0.));
#13617=DIRECTION('',(-1.,-2.72941411910192E-15,0.));
#13618=DIRECTION('',(0.,0.,1.));
#13619=DIRECTION('',(0.,0.,1.));
#13620=DIRECTION('',(0.,-1.,0.));
#13621=DIRECTION('',(-1.,-2.72941411910193E-15,0.));
#13622=DIRECTION('',(2.72941411910193E-15,-1.,0.));
#13623=DIRECTION('',(0.,0.,1.));
#13624=DIRECTION('',(0.,0.,1.));
#13625=DIRECTION('',(0.,0.,1.));
#13626=DIRECTION('',(1.,0.,0.));
#13627=DIRECTION('',(0.,0.,1.));
#13628=DIRECTION('',(1.36470705955096E-15,-1.,0.));
#13629=DIRECTION('',(1.,1.36470705955096E-15,0.));
#13630=DIRECTION('',(0.,0.,1.));
#13631=DIRECTION('',(0.,0.,1.));
#13632=DIRECTION('',(0.,1.,0.));
#13633=DIRECTION('',(0.,0.,1.));
#13634=DIRECTION('',(1.,-2.72941411910193E-15,0.));
#13635=DIRECTION('',(2.72941411910193E-15,1.,0.));
#13636=DIRECTION('',(0.,0.,1.));
#13637=DIRECTION('',(0.,0.,1.));
#13638=DIRECTION('',(-1.,0.,0.));
#13639=DIRECTION('',(0.,0.,1.));
#13640=DIRECTION('',(0.,1.,0.));
#13641=DIRECTION('',(-1.,0.,0.));
#13642=DIRECTION('',(0.,0.,1.));
#13643=DIRECTION('',(0.,0.,1.));
#13644=DIRECTION('',(0.,-1.,0.));
#13645=DIRECTION('',(1.,0.,0.));
#13646=DIRECTION('',(0.,1.,0.));
#13647=DIRECTION('',(0.,0.,1.));
#13648=DIRECTION('',(0.,0.,1.));
#13649=DIRECTION('',(0.,0.,1.));
#13650=DIRECTION('',(-1.,0.,0.));
#13651=DIRECTION('',(0.,0.,1.));
#13652=DIRECTION('',(0.,1.,0.));
#13653=DIRECTION('',(-1.,0.,0.));
#13654=DIRECTION('',(0.,0.,1.));
#13655=DIRECTION('',(0.,0.,1.));
#13656=DIRECTION('',(0.,-1.,0.));
#13657=DIRECTION('',(0.,0.,1.));
#13658=DIRECTION('',(-1.,-2.72941411910193E-15,0.));
#13659=DIRECTION('',(2.72941411910193E-15,-1.,0.));
#13660=DIRECTION('',(0.,0.,1.));
#13661=DIRECTION('',(0.,0.,1.));
#13662=DIRECTION('',(1.,0.,0.));
#13663=DIRECTION('',(0.,0.,1.));
#13664=DIRECTION('',(-1.36470705955096E-15,-1.,0.));
#13665=DIRECTION('',(1.,-1.36470705955096E-15,0.));
#13666=DIRECTION('',(0.,0.,1.));
#13667=DIRECTION('',(0.,0.,1.));
#13668=DIRECTION('',(0.,1.,0.));
#13669=DIRECTION('',(-1.,0.,0.));
#13670=DIRECTION('',(0.,-1.,0.));
#13671=DIRECTION('',(0.,0.,1.));
#13672=DIRECTION('',(0.,0.,1.));
#13673=DIRECTION('',(0.,0.,1.));
#13674=DIRECTION('',(1.,0.,0.));
#13675=DIRECTION('',(0.,0.,1.));
#13676=DIRECTION('',(-1.36470705955095E-15,-1.,0.));
#13677=DIRECTION('',(1.,-1.36470705955095E-15,0.));
#13678=DIRECTION('',(0.,0.,1.));
#13679=DIRECTION('',(0.,0.,1.));
#13680=DIRECTION('',(-7.10094921309211E-14,1.,0.));
#13681=DIRECTION('',(0.,0.,1.));
#13682=DIRECTION('',(1.,2.72941411910193E-15,0.));
#13683=DIRECTION('',(-2.72941411910193E-15,1.,0.));
#13684=DIRECTION('',(0.,0.,1.));
#13685=DIRECTION('',(0.,0.,1.));
#13686=DIRECTION('',(-1.,0.,0.));
#13687=DIRECTION('',(0.,0.,1.));
#13688=DIRECTION('',(-1.36470705955096E-15,1.,0.));
#13689=DIRECTION('',(-1.,-1.36470705955096E-15,0.));
#13690=DIRECTION('',(0.,0.,1.));
#13691=DIRECTION('',(0.,0.,1.));
#13692=DIRECTION('',(0.,-1.,0.));
#13693=DIRECTION('',(-1.,-2.72941411910193E-15,0.));
#13694=DIRECTION('',(2.72941411910193E-15,-1.,0.));
#13695=DIRECTION('',(0.,0.,1.));
#13696=DIRECTION('',(0.,0.,1.));
#13697=DIRECTION('',(0.,0.,1.));
#13698=DIRECTION('',(1.,0.,0.));
#13699=DIRECTION('',(0.,0.,1.));
#13700=DIRECTION('',(-1.36470705955096E-15,-1.,0.));
#13701=DIRECTION('',(1.,-1.36470705955096E-15,0.));
#13702=DIRECTION('',(0.,0.,1.));
#13703=DIRECTION('',(0.,0.,1.));
#13704=DIRECTION('',(0.,1.,0.));
#13705=DIRECTION('',(0.,0.,1.));
#13706=DIRECTION('',(1.,0.,0.));
#13707=DIRECTION('',(0.,1.,0.));
#13708=DIRECTION('',(0.,0.,1.));
#13709=DIRECTION('',(0.,0.,1.));
#13710=DIRECTION('',(-1.,0.,0.));
#13711=DIRECTION('',(0.,0.,1.));
#13712=DIRECTION('',(0.,1.,0.));
#13713=DIRECTION('',(-1.,0.,0.));
#13714=DIRECTION('',(0.,0.,1.));
#13715=DIRECTION('',(0.,0.,1.));
#13716=DIRECTION('',(0.,-1.,0.));
#13717=DIRECTION('',(-1.,2.72941411910193E-15,0.));
#13718=DIRECTION('',(-2.72941411910193E-15,-1.,0.));
#13719=DIRECTION('',(0.,0.,1.));
#13720=DIRECTION('',(0.,0.,1.));
#13721=DIRECTION('',(0.,0.,1.));
#13722=DIRECTION('',(1.,0.,0.));
#13723=DIRECTION('',(0.,0.,1.));
#13724=DIRECTION('',(0.,-1.,0.));
#13725=DIRECTION('',(1.,0.,0.));
#13726=DIRECTION('',(0.,0.,1.));
#13727=DIRECTION('',(0.,0.,1.));
#13728=DIRECTION('',(0.,1.,0.));
#13729=DIRECTION('',(0.,0.,1.));
#13730=DIRECTION('',(1.,2.72941411910193E-15,0.));
#13731=DIRECTION('',(-2.72941411910193E-15,1.,0.));
#13732=DIRECTION('',(0.,0.,1.));
#13733=DIRECTION('',(0.,0.,1.));
#13734=DIRECTION('',(-1.,0.,0.));
#13735=DIRECTION('',(0.,0.,1.));
#13736=DIRECTION('',(-1.36470705955096E-15,1.,0.));
#13737=DIRECTION('',(-1.,-1.36470705955096E-15,0.));
#13738=DIRECTION('',(0.,0.,1.));
#13739=DIRECTION('',(0.,0.,1.));
#13740=DIRECTION('',(0.,-1.,0.));
#13741=DIRECTION('',(-1.,2.72941421921624E-15,0.));
#13742=DIRECTION('',(-2.72941421921624E-15,-1.,0.));
#13743=DIRECTION('',(0.,0.,1.));
#13744=DIRECTION('',(0.,0.,1.));
#13745=DIRECTION('',(0.,0.,1.));
#13746=DIRECTION('',(1.,0.,0.));
#13747=DIRECTION('',(0.,0.,1.));
#13748=DIRECTION('',(-6.82353529775481E-16,-1.,0.));
#13749=DIRECTION('',(1.,-6.82353529775481E-16,0.));
#13750=DIRECTION('',(0.,0.,1.));
#13751=DIRECTION('',(0.,0.,1.));
#13752=DIRECTION('',(0.,1.,0.));
#13753=DIRECTION('',(0.,0.,1.));
#13754=DIRECTION('',(1.,2.72941421921624E-15,0.));
#13755=DIRECTION('',(-2.72941421921624E-15,1.,0.));
#13756=DIRECTION('',(0.,0.,1.));
#13757=DIRECTION('',(0.,0.,1.));
#13758=DIRECTION('',(-1.,0.,0.));
#13759=DIRECTION('',(0.,0.,1.));
#13760=DIRECTION('',(-1.7058838244387E-15,1.,0.));
#13761=DIRECTION('',(-1.,-1.7058838244387E-15,0.));
#13762=DIRECTION('',(0.,0.,1.));
#13763=DIRECTION('',(0.,0.,1.));
#13764=DIRECTION('',(0.,-1.,0.));
#13765=DIRECTION('',(-6.82353529775481E-16,-1.,0.));
#13766=DIRECTION('',(1.,-6.82353529775481E-16,0.));
#13767=DIRECTION('',(0.,0.,1.));
#13768=DIRECTION('',(0.,0.,1.));
#13769=DIRECTION('',(0.,0.,1.));
#13770=DIRECTION('',(0.,1.,0.));
#13771=DIRECTION('',(0.,0.,1.));
#13772=DIRECTION('',(1.,2.72941421921624E-15,0.));
#13773=DIRECTION('',(-2.72941421921624E-15,1.,0.));
#13774=DIRECTION('',(0.,0.,1.));
#13775=DIRECTION('',(0.,0.,1.));
#13776=DIRECTION('',(-1.,0.,0.));
#13777=DIRECTION('',(0.,0.,1.));
#13778=DIRECTION('',(-1.7058838244387E-15,1.,0.));
#13779=DIRECTION('',(-1.,-1.7058838244387E-15,0.));
#13780=DIRECTION('',(0.,0.,1.));
#13781=DIRECTION('',(0.,0.,1.));
#13782=DIRECTION('',(0.,-1.,0.));
#13783=DIRECTION('',(0.,0.,1.));
#13784=DIRECTION('',(-1.,2.72941421921624E-15,0.));
#13785=DIRECTION('',(-2.72941421921624E-15,-1.,0.));
#13786=DIRECTION('',(0.,0.,1.));
#13787=DIRECTION('',(0.,0.,1.));
#13788=DIRECTION('',(1.,0.,0.));
#13789=DIRECTION('',(-1.,1.36470705955096E-15,0.));
#13790=DIRECTION('',(-1.36470705955096E-15,-1.,0.));
#13791=DIRECTION('',(0.,0.,1.));
#13792=DIRECTION('',(0.,0.,1.));
#13793=DIRECTION('',(0.,0.,1.));
#13794=DIRECTION('',(1.,0.,0.));
#13795=DIRECTION('',(0.,0.,1.));
#13796=DIRECTION('',(1.36470705955096E-15,-1.,0.));
#13797=DIRECTION('',(1.,1.36470705955096E-15,0.));
#13798=DIRECTION('',(0.,0.,1.));
#13799=DIRECTION('',(0.,0.,1.));
#13800=DIRECTION('',(0.,1.,0.));
#13801=DIRECTION('',(0.,0.,1.));
#13802=DIRECTION('',(1.,0.,0.));
#13803=DIRECTION('',(0.,1.,0.));
#13804=DIRECTION('',(0.,0.,1.));
#13805=DIRECTION('',(0.,0.,1.));
#13806=DIRECTION('',(-1.,0.,0.));
#13807=DIRECTION('',(0.,0.,1.));
#13808=DIRECTION('',(0.,1.,0.));
#13809=DIRECTION('',(-1.,0.,0.));
#13810=DIRECTION('',(0.,0.,1.));
#13811=DIRECTION('',(0.,0.,1.));
#13812=DIRECTION('',(0.,-1.,0.));
#13813=DIRECTION('',(-1.,-2.5344559677375E-15,0.));
#13814=DIRECTION('',(2.5344559677375E-15,-1.,0.));
#13815=DIRECTION('',(0.,0.,1.));
#13816=DIRECTION('',(0.,0.,1.));
#13817=DIRECTION('',(0.,0.,1.));
#13818=DIRECTION('',(1.,0.,0.));
#13819=DIRECTION('',(0.,0.,1.));
#13820=DIRECTION('',(2.95686529569375E-15,-1.,0.));
#13821=DIRECTION('',(1.,2.95686529569375E-15,0.));
#13822=DIRECTION('',(0.,0.,1.));
#13823=DIRECTION('',(0.,0.,1.));
#13824=DIRECTION('',(0.999999801397059,-0.000630242685491521,0.));
#13825=DIRECTION('',(0.,0.,1.));
#13826=DIRECTION('',(0.,-1.,0.));
#13827=DIRECTION('',(1.,0.,0.));
#13828=DIRECTION('',(0.,0.,1.));
#13829=DIRECTION('',(0.,0.,1.));
#13830=DIRECTION('',(0.,1.,0.));
#13831=DIRECTION('',(0.,0.,1.));
#13832=DIRECTION('',(0.,-1.,0.));
#13833=DIRECTION('',(1.,0.,0.));
#13834=DIRECTION('',(0.,0.,1.));
#13835=DIRECTION('',(0.,0.,1.));
#13836=DIRECTION('',(0.,1.,0.));
#13837=DIRECTION('',(0.,0.,1.));
#13838=DIRECTION('',(1.,-2.5344559677375E-15,0.));
#13839=DIRECTION('',(2.5344559677375E-15,1.,0.));
#13840=DIRECTION('',(0.,0.,1.));
#13841=DIRECTION('',(0.,0.,1.));
#13842=DIRECTION('',(-1.,0.,0.));
#13843=DIRECTION('',(0.,0.,1.));
#13844=DIRECTION('',(0.,1.,0.));
#13845=DIRECTION('',(-1.,0.,0.));
#13846=DIRECTION('',(0.,0.,1.));
#13847=DIRECTION('',(0.,0.,1.));
#13848=DIRECTION('',(0.,-1.,0.));
#13849=DIRECTION('',(1.,-2.72941411910193E-15,0.));
#13850=DIRECTION('',(2.72941411910193E-15,1.,0.));
#13851=DIRECTION('',(0.,0.,1.));
#13852=DIRECTION('',(0.,0.,1.));
#13853=DIRECTION('',(0.,0.,1.));
#13854=DIRECTION('',(-1.,0.,0.));
#13855=DIRECTION('',(0.,0.,1.));
#13856=DIRECTION('',(0.,1.,0.));
#13857=DIRECTION('',(-1.,0.,0.));
#13858=DIRECTION('',(0.,0.,1.));
#13859=DIRECTION('',(0.,0.,1.));
#13860=DIRECTION('',(0.,-1.,0.));
#13861=DIRECTION('',(0.,0.,1.));
#13862=DIRECTION('',(-1.,-2.72941411910193E-15,0.));
#13863=DIRECTION('',(2.72941411910193E-15,-1.,0.));
#13864=DIRECTION('',(0.,0.,1.));
#13865=DIRECTION('',(0.,0.,1.));
#13866=DIRECTION('',(1.,0.,0.));
#13867=DIRECTION('',(0.,0.,1.));
#13868=DIRECTION('',(1.36470705955096E-15,-1.,0.));
#13869=DIRECTION('',(1.,1.36470705955096E-15,0.));
#13870=DIRECTION('',(0.,0.,1.));
#13871=DIRECTION('',(0.,0.,1.));
#13872=DIRECTION('',(0.,1.,0.));
#13873=DIRECTION('',(-1.,0.,0.));
#13874=DIRECTION('',(0.,-1.,0.));
#13875=DIRECTION('',(0.,0.,1.));
#13876=DIRECTION('',(0.,0.,1.));
#13877=DIRECTION('',(0.,0.,1.));
#13878=DIRECTION('',(1.,0.,0.));
#13879=DIRECTION('',(0.,0.,1.));
#13880=DIRECTION('',(1.36470705955096E-15,-1.,0.));
#13881=DIRECTION('',(1.,1.36470705955096E-15,0.));
#13882=DIRECTION('',(0.,0.,1.));
#13883=DIRECTION('',(0.,0.,1.));
#13884=DIRECTION('',(0.,1.,0.));
#13885=DIRECTION('',(0.,0.,1.));
#13886=DIRECTION('',(1.,0.,0.));
#13887=DIRECTION('',(0.,1.,0.));
#13888=DIRECTION('',(0.,0.,1.));
#13889=DIRECTION('',(0.,0.,1.));
#13890=DIRECTION('',(-1.,0.,0.));
#13891=DIRECTION('',(0.,0.,1.));
#13892=DIRECTION('',(1.36470705955096E-15,1.,0.));
#13893=DIRECTION('',(-1.,1.36470705955096E-15,0.));
#13894=DIRECTION('',(0.,0.,1.));
#13895=DIRECTION('',(0.,0.,1.));
#13896=DIRECTION('',(0.,-1.,0.));
#13897=DIRECTION('',(-1.,0.,0.));
#13898=DIRECTION('',(0.,-1.,0.));
#13899=DIRECTION('',(0.,0.,1.));
#13900=DIRECTION('',(0.,0.,1.));
#13901=DIRECTION('',(0.,0.,1.));
#13902=DIRECTION('',(1.,0.,0.));
#13903=DIRECTION('',(0.,0.,1.));
#13904=DIRECTION('',(-1.36470705955095E-15,-1.,0.));
#13905=DIRECTION('',(1.,-1.36470705955095E-15,0.));
#13906=DIRECTION('',(0.,0.,1.));
#13907=DIRECTION('',(0.,0.,1.));
#13908=DIRECTION('',(-7.10094921309211E-14,1.,0.));
#13909=DIRECTION('',(0.,0.,1.));
#13910=DIRECTION('',(1.,1.36470705955096E-15,0.));
#13911=DIRECTION('',(-1.36470705955096E-15,1.,0.));
#13912=DIRECTION('',(0.,0.,1.));
#13913=DIRECTION('',(0.,0.,1.));
#13914=DIRECTION('',(-1.,0.,0.));
#13915=DIRECTION('',(0.,0.,1.));
#13916=DIRECTION('',(-1.36470705955096E-15,1.,0.));
#13917=DIRECTION('',(-1.,-1.36470705955096E-15,0.));
#13918=DIRECTION('',(0.,0.,1.));
#13919=DIRECTION('',(0.,0.,1.));
#13920=DIRECTION('',(0.,-1.,0.));
#13921=DIRECTION('',(1.,-2.72941371864473E-15,0.));
#13922=DIRECTION('',(2.72941371864473E-15,1.,0.));
#13923=DIRECTION('',(0.,0.,1.));
#13924=DIRECTION('',(0.,0.,1.));
#13925=DIRECTION('',(0.,0.,1.));
#13926=DIRECTION('',(-1.,0.,0.));
#13927=DIRECTION('',(0.,0.,1.));
#13928=DIRECTION('',(6.82353529775479E-16,1.,0.));
#13929=DIRECTION('',(-1.,6.82353529775479E-16,0.));
#13930=DIRECTION('',(0.,0.,1.));
#13931=DIRECTION('',(0.,0.,1.));
#13932=DIRECTION('',(3.55047460654609E-14,-1.,0.));
#13933=DIRECTION('',(0.,0.,1.));
#13934=DIRECTION('',(-1.,0.,0.));
#13935=DIRECTION('',(0.,-1.,0.));
#13936=DIRECTION('',(0.,0.,1.));
#13937=DIRECTION('',(0.,0.,1.));
#13938=DIRECTION('',(1.,0.,0.));
#13939=DIRECTION('',(0.,0.,1.));
#13940=DIRECTION('',(2.04706058932644E-15,-1.,0.));
#13941=DIRECTION('',(1.,2.04706058932644E-15,0.));
#13942=DIRECTION('',(0.,0.,1.));
#13943=DIRECTION('',(0.,0.,1.));
#13944=DIRECTION('',(0.,1.,0.));
#13945=DIRECTION('',(-1.,5.45882823820388E-15,0.));
#13946=DIRECTION('',(-5.45882823820388E-15,-1.,0.));
#13947=DIRECTION('',(0.,0.,1.));
#13948=DIRECTION('',(0.,0.,1.));
#13949=DIRECTION('',(0.,0.,1.));
#13950=DIRECTION('',(1.,0.,0.));
#13951=DIRECTION('',(0.,0.,1.));
#13952=DIRECTION('',(-4.09412117865295E-15,-1.,0.));
#13953=DIRECTION('',(1.,-4.09412117865295E-15,0.));
#13954=DIRECTION('',(0.,0.,1.));
#13955=DIRECTION('',(0.,0.,1.));
#13956=DIRECTION('',(2.84037968523684E-13,1.,0.));
#13957=DIRECTION('',(0.,0.,1.));
#13958=DIRECTION('',(1.,-2.72941411910194E-15,0.));
#13959=DIRECTION('',(2.72941411910194E-15,1.,0.));
#13960=DIRECTION('',(0.,0.,1.));
#13961=DIRECTION('',(0.,0.,1.));
#13962=DIRECTION('',(-1.,0.,0.));
#13963=DIRECTION('',(0.,0.,1.));
#13964=DIRECTION('',(5.45882823820382E-15,1.,0.));
#13965=DIRECTION('',(-1.,5.45882823820382E-15,0.));
#13966=DIRECTION('',(0.,0.,1.));
#13967=DIRECTION('',(0.,0.,1.));
#13968=DIRECTION('',(0.,-1.,0.));
#13969=DIRECTION('',(-1.,5.45882823823985E-15,0.));
#13970=DIRECTION('',(-5.45882823823985E-15,-1.,0.));
#13971=DIRECTION('',(0.,0.,1.));
#13972=DIRECTION('',(0.,0.,1.));
#13973=DIRECTION('',(0.,0.,1.));
#13974=DIRECTION('',(1.,0.,0.));
#13975=DIRECTION('',(0.,0.,1.));
#13976=DIRECTION('',(-5.45882823820383E-15,-1.,0.));
#13977=DIRECTION('',(1.,-5.45882823820383E-15,0.));
#13978=DIRECTION('',(0.,0.,1.));
#13979=DIRECTION('',(0.,0.,1.));
#13980=DIRECTION('',(-1.42018984261843E-13,1.,0.));
#13981=DIRECTION('',(0.,0.,1.));
#13982=DIRECTION('',(1.,-5.45882823823987E-15,0.));
#13983=DIRECTION('',(5.45882823823987E-15,1.,0.));
#13984=DIRECTION('',(0.,0.,1.));
#13985=DIRECTION('',(0.,0.,1.));
#13986=DIRECTION('',(-1.,0.,0.));
#13987=DIRECTION('',(0.,0.,1.));
#13988=DIRECTION('',(5.45882823820386E-15,1.,0.));
#13989=DIRECTION('',(-1.,5.45882823820386E-15,0.));
#13990=DIRECTION('',(0.,0.,1.));
#13991=DIRECTION('',(0.,0.,1.));
#13992=DIRECTION('',(0.,-1.,0.));
#13993=DIRECTION('',(1.36470705955096E-15,-1.,0.));
#13994=DIRECTION('',(1.,1.36470705955096E-15,0.));
#13995=DIRECTION('',(0.,0.,1.));
#13996=DIRECTION('',(0.,0.,1.));
#13997=DIRECTION('',(0.,0.,1.));
#13998=DIRECTION('',(0.,1.,0.));
#13999=DIRECTION('',(0.,0.,1.));
#14000=DIRECTION('',(1.,0.,0.));
#14001=DIRECTION('',(0.,1.,0.));
#14002=DIRECTION('',(0.,0.,1.));
#14003=DIRECTION('',(0.,0.,1.));
#14004=DIRECTION('',(-1.,0.,0.));
#14005=DIRECTION('',(0.,0.,1.));
#14006=DIRECTION('',(1.36470705955095E-15,1.,0.));
#14007=DIRECTION('',(-1.,1.36470705955095E-15,0.));
#14008=DIRECTION('',(0.,0.,1.));
#14009=DIRECTION('',(0.,0.,1.));
#14010=DIRECTION('',(7.10094921309211E-14,-1.,0.));
#14011=DIRECTION('',(0.,0.,1.));
#14012=DIRECTION('',(-1.,-2.72941411910193E-15,0.));
#14013=DIRECTION('',(2.72941411910193E-15,-1.,0.));
#14014=DIRECTION('',(0.,0.,1.));
#14015=DIRECTION('',(0.,0.,1.));
#14016=DIRECTION('',(1.,0.,0.));
#14017=DIRECTION('',(0.,1.,0.));
#14018=DIRECTION('',(-1.,0.,0.));
#14019=DIRECTION('',(0.,0.,1.));
#14020=DIRECTION('',(1.,1.77635683940025E-15,0.));
#14021=DIRECTION('',(0.,0.,1.));
#14022=DIRECTION('',(0.,-1.,0.));
#14023=CARTESIAN_POINT('',(0.,0.,0.));
#14024=CARTESIAN_POINT('',(0.128604254573079,-0.07451,0.0046355));
#14025=CARTESIAN_POINT('',(0.128604254573079,-0.14651,0.003048));
#14026=CARTESIAN_POINT('',(0.128604254573079,-0.14651,0.006223));
#14027=CARTESIAN_POINT('',(0.128604254573079,-0.14651,0.003048));
#14028=CARTESIAN_POINT('',(0.128604254573079,-0.07197,0.006223));
#14029=CARTESIAN_POINT('',(0.128604254573079,-0.139507511688675,0.006223));
#14030=CARTESIAN_POINT('',(0.128604254573079,-0.139507511688675,0.003048));
#14031=CARTESIAN_POINT('',(0.128604254573079,-0.139507511688675,0.003048));
#14032=CARTESIAN_POINT('',(0.128604254573079,-0.07197,0.003048));
#14033=CARTESIAN_POINT('',(0.128604254573079,-0.07451,0.0046355));
#14034=CARTESIAN_POINT('',(0.128604254573079,-0.07197,0.006223));
#14035=CARTESIAN_POINT('',(0.128604254573079,0.00257000000000008,0.006223));
#14036=CARTESIAN_POINT('',(0.128604254573079,-0.00519999999999993,0.006223));
#14037=CARTESIAN_POINT('',(0.128604254573079,0.00257000000000008,0.003048));
#14038=CARTESIAN_POINT('',(0.128604254573079,0.00257000000000008,0.003048));
#14039=CARTESIAN_POINT('',(0.128604254573079,-0.07197,0.003048));
#14040=CARTESIAN_POINT('',(0.128604254573079,-0.00646999999999992,0.003048));
#14041=CARTESIAN_POINT('',(0.128604254573079,-0.00646999999999991,0.006223));
#14042=CARTESIAN_POINT('',(0.128604254573079,-0.00646999999999992,0.003175));
#14043=CARTESIAN_POINT('',(0.128604254573079,-0.00583499999999993,0.004699));
#14044=CARTESIAN_POINT('',(0.128604254573079,-0.07451,0.0046355));
#14045=CARTESIAN_POINT('',(0.128604254573079,-0.07197,0.006223));
#14046=CARTESIAN_POINT('',(0.128604254573079,-0.01374,0.006223));
#14047=CARTESIAN_POINT('',(0.128604254573079,-0.0223481848288368,0.006223));
#14048=CARTESIAN_POINT('',(0.128604254573079,-0.013105,0.004699));
#14049=CARTESIAN_POINT('',(0.128604254573079,-0.01247,0.003175));
#14050=CARTESIAN_POINT('',(0.128604254573079,-0.01247,0.006223));
#14051=CARTESIAN_POINT('',(0.128604254573079,-0.01247,0.003048));
#14052=CARTESIAN_POINT('',(0.128604254573079,-0.07197,0.003048));
#14053=CARTESIAN_POINT('',(0.128604254573079,-0.0223481848288368,0.003048));
#14054=CARTESIAN_POINT('',(0.128604254573079,-0.0223481848288368,0.003048));
#14055=CARTESIAN_POINT('',(0.128604254573079,-0.07451,0.0046355));
#14056=CARTESIAN_POINT('',(0.128604254573079,-0.07197,0.003048));
#14057=CARTESIAN_POINT('',(0.128604254573079,-0.122487331200126,0.003048));
#14058=CARTESIAN_POINT('',(0.128604254573079,-0.118430958677821,0.003048));
#14059=CARTESIAN_POINT('',(0.128604254573079,-0.122487331200126,0.003048));
#14060=CARTESIAN_POINT('',(0.128604254573079,-0.122487331200126,0.006223));
#14061=CARTESIAN_POINT('',(0.128604254573079,-0.07197,0.006223));
#14062=CARTESIAN_POINT('',(0.128604254573079,-0.118430958677821,0.006223));
#14063=CARTESIAN_POINT('',(0.128604254573079,-0.118430958677821,0.003048));
#14064=CARTESIAN_POINT('',(0.128604254573079,-0.07451,0.0046355));
#14065=CARTESIAN_POINT('',(0.128604254573079,-0.07197,0.003048));
#14066=CARTESIAN_POINT('',(0.128604254573079,-0.103413300750341,0.003048));
#14067=CARTESIAN_POINT('',(0.128604254573079,-0.0802829054172678,0.003048));
#14068=CARTESIAN_POINT('',(0.128604254573079,-0.103413300750341,0.003048));
#14069=CARTESIAN_POINT('',(0.128604254573079,-0.103413300750341,0.006223));
#14070=CARTESIAN_POINT('',(0.128604254573079,-0.07197,0.006223));
#14071=CARTESIAN_POINT('',(0.128604254573079,-0.0802829054172679,0.006223));
#14072=CARTESIAN_POINT('',(0.128604254573079,-0.0802829054172678,0.003048));
#14073=CARTESIAN_POINT('',(0.128604254573079,-0.07451,0.0046355));
#14074=CARTESIAN_POINT('',(0.128604254573079,-0.07197,0.003048));
#14075=CARTESIAN_POINT('',(0.128604254573079,-0.0652652474897878,0.003048));
#14076=CARTESIAN_POINT('',(0.128604254573079,-0.0612088787869912,0.003048));
#14077=CARTESIAN_POINT('',(0.128604254573079,-0.0652652474897878,0.003048));
#14078=CARTESIAN_POINT('',(0.128604254573079,-0.0652652474897878,0.006223));
#14079=CARTESIAN_POINT('',(0.128604254573079,-0.07197,0.006223));
#14080=CARTESIAN_POINT('',(0.128604254573079,-0.0612088787869913,0.006223));
#14081=CARTESIAN_POINT('',(0.128604254573079,-0.0612088787869912,0.003048));
#14082=CARTESIAN_POINT('',(0.128604254573079,-0.07451,0.0046355));
#14083=CARTESIAN_POINT('',(0.128604254573079,-0.07197,0.003048));
#14084=CARTESIAN_POINT('',(0.128604254573079,-0.0461912189497568,0.003048));
#14085=CARTESIAN_POINT('',(0.128604254573079,-0.0373658422788785,0.003048));
#14086=CARTESIAN_POINT('',(0.128604254573079,-0.0461912189497568,0.003048));
#14087=CARTESIAN_POINT('',(0.128604254573079,-0.0461912189497568,0.006223));
#14088=CARTESIAN_POINT('',(0.128604254573079,-0.07197,0.006223));
#14089=CARTESIAN_POINT('',(0.128604254573079,-0.0373658422788785,0.006223));
#14090=CARTESIAN_POINT('',(0.128604254573079,-0.0373658422788785,0.003048));
#14091=CARTESIAN_POINT('',(0.184201030651849,-0.139507511688675,0.003048));
#14092=CARTESIAN_POINT('',(0.170242,-0.139507511688675,0.006223));
#14093=CARTESIAN_POINT('',(0.184201030651849,-0.139507511688675,0.006223));
#14094=CARTESIAN_POINT('',(0.184201030651849,-0.139507511688675,0.003048));
#14095=CARTESIAN_POINT('',(0.184201030651849,-0.139507511688675,0.003048));
#14096=CARTESIAN_POINT('',(0.184201030651849,-0.139507511688675,0.003048));
#14097=CARTESIAN_POINT('',(0.335492,0.00257000000000008,0.003048));
#14098=CARTESIAN_POINT('',(0.170242,0.00257000000000007,0.006223));
#14099=CARTESIAN_POINT('',(0.15685,0.00257000000000007,0.006223));
#14100=CARTESIAN_POINT('',(0.15685,0.00257000000000008,0.003048));
#14101=CARTESIAN_POINT('',(0.15685,0.00257000000000007,0.003048));
#14102=CARTESIAN_POINT('',(0.170242,0.00257000000000007,0.003048));
#14103=CARTESIAN_POINT('',(0.146742,-0.01247,0.006223));
#14104=CARTESIAN_POINT('',(0.158492,-0.01247,0.003175));
#14105=CARTESIAN_POINT('',(0.146742,-0.01247,0.003175));
#14106=CARTESIAN_POINT('',(0.146742,-0.01247,0.006223));
#14107=CARTESIAN_POINT('',(0.146742,-0.01247,0.003048));
#14108=CARTESIAN_POINT('',(0.170242,-0.01247,0.003048));
#14109=CARTESIAN_POINT('',(0.158492,-0.013105,0.004699));
#14110=CARTESIAN_POINT('',(0.158492,-0.01374,0.006223));
#14111=CARTESIAN_POINT('',(0.146742,-0.01374,0.006223));
#14112=CARTESIAN_POINT('',(0.146742,-0.013105,0.004699));
#14113=CARTESIAN_POINT('',(0.124625992099075,-0.122487331200126,0.003048));
#14114=CARTESIAN_POINT('',(0.124625992099075,-0.122487331200126,0.003048));
#14115=CARTESIAN_POINT('',(0.137642381107004,-0.122487331200126,0.003048));
#14116=CARTESIAN_POINT('',(0.137642381107004,-0.122487331200126,0.003048));
#14117=CARTESIAN_POINT('',(0.137642381107004,-0.122487331200126,0.006223));
#14118=CARTESIAN_POINT('',(0.170242,-0.122487331200126,0.006223));
#14119=CARTESIAN_POINT('',(0.122241984651161,-0.103413300750341,0.003048));
#14120=CARTESIAN_POINT('',(0.122241984651161,-0.103413300750341,0.003048));
#14121=CARTESIAN_POINT('',(0.135258381298107,-0.103413300750341,0.003048));
#14122=CARTESIAN_POINT('',(0.135258381298107,-0.103413300750341,0.003048));
#14123=CARTESIAN_POINT('',(0.135258381298107,-0.103413300750341,0.006223));
#14124=CARTESIAN_POINT('',(0.170242,-0.103413300750341,0.006223));
#14125=CARTESIAN_POINT('',(0.127009991907972,-0.0652652474897878,0.003048));
#14126=CARTESIAN_POINT('',(0.127009991907972,-0.0652652474897878,0.003048));
#14127=CARTESIAN_POINT('',(0.140026396193935,-0.0652652474897878,0.003048));
#14128=CARTESIAN_POINT('',(0.140026396193935,-0.0652652474897878,0.003048));
#14129=CARTESIAN_POINT('',(0.140026396193935,-0.0652652474897878,0.006223));
#14130=CARTESIAN_POINT('',(0.170242,-0.0652652474897878,0.006223));
#14131=CARTESIAN_POINT('',(0.170242,-0.07197,0.006223));
#14132=CARTESIAN_POINT('',(0.170242,-0.14651,0.006223));
#14133=CARTESIAN_POINT('',(0.165109356106904,-0.14651,0.006223));
#14134=CARTESIAN_POINT('',(0.166942443211581,-0.149685,0.006223));
#14135=CARTESIAN_POINT('',(0.166942443211582,-0.149685,0.006223));
#14136=CARTESIAN_POINT('',(0.170242,-0.14778,0.006223));
#14137=CARTESIAN_POINT('',(0.173541556788418,-0.149685,0.006223));
#14138=CARTESIAN_POINT('',(0.173541556788418,-0.149685,0.006223));
#14139=CARTESIAN_POINT('',(0.175374643893096,-0.14651,0.006223));
#14140=CARTESIAN_POINT('',(0.170242,-0.14651,0.006223));
#14141=CARTESIAN_POINT('',(0.280679356106903,-0.14651,0.006223));
#14142=CARTESIAN_POINT('',(0.28251244321158,-0.149685,0.006223));
#14143=CARTESIAN_POINT('',(0.282512443211581,-0.149685,0.006223));
#14144=CARTESIAN_POINT('',(0.285812,-0.14778,0.006223));
#14145=CARTESIAN_POINT('',(0.289111556788419,-0.149685,0.006223));
#14146=CARTESIAN_POINT('',(0.289111556788419,-0.149685,0.006223));
#14147=CARTESIAN_POINT('',(0.290944643893097,-0.14651,0.006223));
#14148=CARTESIAN_POINT('',(0.170242,-0.14651,0.006223));
#14149=CARTESIAN_POINT('',(0.335492,-0.14651,0.006223));
#14150=CARTESIAN_POINT('',(0.335492,-0.13897,0.006223));
#14151=CARTESIAN_POINT('',(0.343032,-0.13897,0.006223));
#14152=CARTESIAN_POINT('',(0.343032,-0.07197,0.006223));
#14153=CARTESIAN_POINT('',(0.343032,-0.111082643893095,0.006223));
#14154=CARTESIAN_POINT('',(0.346207,-0.109249556788418,0.006223));
#14155=CARTESIAN_POINT('',(0.346207,-0.109249556788418,0.006223));
#14156=CARTESIAN_POINT('',(0.344302,-0.10595,0.006223));
#14157=CARTESIAN_POINT('',(0.346207,-0.102650443211581,0.006223));
#14158=CARTESIAN_POINT('',(0.346207,-0.102650443211581,0.006223));
#14159=CARTESIAN_POINT('',(0.343032,-0.100817356106904,0.006223));
#14160=CARTESIAN_POINT('',(0.343032,-0.07197,0.006223));
#14161=CARTESIAN_POINT('',(0.343032,-0.0431226438930953,0.006223));
#14162=CARTESIAN_POINT('',(0.346207,-0.0412895567884185,0.006223));
#14163=CARTESIAN_POINT('',(0.346207,-0.0412895567884186,0.006223));
#14164=CARTESIAN_POINT('',(0.344302,-0.03799,0.006223));
#14165=CARTESIAN_POINT('',(0.346207,-0.0346904432115811,0.006223));
#14166=CARTESIAN_POINT('',(0.346207,-0.0346904432115811,0.006223));
#14167=CARTESIAN_POINT('',(0.343032,-0.0328573561069044,0.006223));
#14168=CARTESIAN_POINT('',(0.343032,-0.07197,0.006223));
#14169=CARTESIAN_POINT('',(0.343032,-0.00496999999999991,0.006223));
#14170=CARTESIAN_POINT('',(0.335492,-0.00496999999999993,0.006223));
#14171=CARTESIAN_POINT('',(0.335492,0.00257000000000006,0.006223));
#14172=CARTESIAN_POINT('',(0.170242,0.00257000000000007,0.006223));
#14173=CARTESIAN_POINT('',(0.315992,0.00257000000000007,0.006223));
#14174=CARTESIAN_POINT('',(0.315992,-0.07197,0.006223));
#14175=CARTESIAN_POINT('',(0.315992,-0.05222,0.006223));
#14176=CARTESIAN_POINT('',(0.170242,-0.05222,0.006223));
#14177=CARTESIAN_POINT('',(0.292992,-0.05222,0.006223));
#14178=CARTESIAN_POINT('',(0.292992,-0.07197,0.006223));
#14179=CARTESIAN_POINT('',(0.292992,0.00257000000000008,0.006223));
#14180=CARTESIAN_POINT('',(0.170242,0.00257000000000007,0.006223));
#14181=CARTESIAN_POINT('',(0.277574,0.00257000000000007,0.006223));
#14182=CARTESIAN_POINT('',(0.277574,-0.07197,0.006223));
#14183=CARTESIAN_POINT('',(0.277574,-0.017124,0.006223));
#14184=CARTESIAN_POINT('',(0.170242,-0.017124,0.006223));
#14185=CARTESIAN_POINT('',(0.15685,-0.017124,0.006223));
#14186=CARTESIAN_POINT('',(0.15685,-0.07197,0.006223));
#14187=CARTESIAN_POINT('',(0.102690958332857,-0.00519999999999993,0.006223));
#14188=CARTESIAN_POINT('',(0.146742,-0.00519999999999993,0.006223));
#14189=CARTESIAN_POINT('',(0.146742,-0.07197,0.006223));
#14190=CARTESIAN_POINT('',(0.170242,-0.0223481848288368,0.006223));
#14191=CARTESIAN_POINT('',(0.140026396193935,-0.0223481848288368,0.006223));
#14192=CARTESIAN_POINT('',(0.140026396193935,-0.023348815469104,0.006223));
#14193=CARTESIAN_POINT('',(0.141027026834202,-0.023348815469104,0.006223));
#14194=CARTESIAN_POINT('',(0.141027026834202,-0.07197,0.006223));
#14195=CARTESIAN_POINT('',(0.141027026834202,-0.0363652116386114,0.006223));
#14196=CARTESIAN_POINT('',(0.140026396193935,-0.0363652116386114,0.006223));
#14197=CARTESIAN_POINT('',(0.140026396193935,-0.0373658422788785,0.006223));
#14198=CARTESIAN_POINT('',(0.170242,-0.0373658422788785,0.006223));
#14199=CARTESIAN_POINT('',(0.170242,-0.0461912189497568,0.006223));
#14200=CARTESIAN_POINT('',(0.130489373330025,-0.0461912189497568,0.006223));
#14201=CARTESIAN_POINT('',(0.130489373330025,-0.0471918495900239,0.006223));
#14202=CARTESIAN_POINT('',(0.131490003970292,-0.0471918495900239,0.006223));
#14203=CARTESIAN_POINT('',(0.131490003970292,-0.07197,0.006223));
#14204=CARTESIAN_POINT('',(0.131490003970292,-0.0602082481467241,0.006223));
#14205=CARTESIAN_POINT('',(0.130489373330025,-0.0602082481467241,0.006223));
#14206=CARTESIAN_POINT('',(0.130489373330025,-0.0612088787869913,0.006223));
#14207=CARTESIAN_POINT('',(0.170242,-0.0612088787869913,0.006223));
#14208=CARTESIAN_POINT('',(0.140026396193935,-0.0662658781300549,0.006223));
#14209=CARTESIAN_POINT('',(0.141027026834202,-0.0662658781300549,0.006223));
#14210=CARTESIAN_POINT('',(0.141027026834202,-0.07197,0.006223));
#14211=CARTESIAN_POINT('',(0.141027026834202,-0.0792822747770007,0.006223));
#14212=CARTESIAN_POINT('',(0.140026396193935,-0.0792822747770007,0.006223));
#14213=CARTESIAN_POINT('',(0.140026396193935,-0.0802829054172679,0.006223));
#14214=CARTESIAN_POINT('',(0.170242,-0.0802829054172679,0.006223));
#14215=CARTESIAN_POINT('',(0.135258381298107,-0.104413931390608,0.006223));
#14216=CARTESIAN_POINT('',(0.136259011938374,-0.104413931390608,0.006223));
#14217=CARTESIAN_POINT('',(0.136259011938374,-0.07197,0.006223));
#14218=CARTESIAN_POINT('',(0.136259011938374,-0.117430328037554,0.006223));
#14219=CARTESIAN_POINT('',(0.135258381298107,-0.117430328037554,0.006223));
#14220=CARTESIAN_POINT('',(0.135258381298107,-0.118430958677821,0.006223));
#14221=CARTESIAN_POINT('',(0.170242,-0.118430958677821,0.006223));
#14222=CARTESIAN_POINT('',(0.137642381107004,-0.123487961840393,0.006223));
#14223=CARTESIAN_POINT('',(0.138643011747271,-0.123487961840393,0.006223));
#14224=CARTESIAN_POINT('',(0.138643011747271,-0.07197,0.006223));
#14225=CARTESIAN_POINT('',(0.138643011747271,-0.136504358487339,0.006223));
#14226=CARTESIAN_POINT('',(0.170242,-0.136504358487339,0.006223));
#14227=CARTESIAN_POINT('',(0.177192832328376,-0.136504358487339,0.006223));
#14228=CARTESIAN_POINT('',(0.177192832328376,-0.07197,0.006223));
#14229=CARTESIAN_POINT('',(0.177192832328376,-0.124489223120928,0.006223));
#14230=CARTESIAN_POINT('',(0.178193462968643,-0.124489223120928,0.006223));
#14231=CARTESIAN_POINT('',(0.178193462968643,-0.123488592480661,0.006223));
#14232=CARTESIAN_POINT('',(0.170242,-0.123488592480661,0.006223));
#14233=CARTESIAN_POINT('',(0.184201030651849,-0.123488592480661,0.006223));
#14234=CARTESIAN_POINT('',(0.184201030651849,-0.124489223120928,0.006223));
#14235=CARTESIAN_POINT('',(0.185201661292116,-0.124489223120928,0.006223));
#14236=CARTESIAN_POINT('',(0.185201661292116,-0.07197,0.006223));
#14237=CARTESIAN_POINT('',(0.185201661292116,-0.138506881048408,0.006223));
#14238=CARTESIAN_POINT('',(0.184201030651849,-0.138506881048408,0.006223));
#14239=CARTESIAN_POINT('',(0.251117,-0.011486,0.006223));
#14240=CARTESIAN_POINT('',(0.324976,-0.011486,0.006223));
#14241=CARTESIAN_POINT('',(0.333008,-0.011486,0.006223));
#14242=CARTESIAN_POINT('',(0.324976,-0.04122,0.006223));
#14243=CARTESIAN_POINT('',(0.324976,-0.0034539999999999,0.006223));
#14244=CARTESIAN_POINT('',(0.248117,-0.0034539999999999,0.006223));
#14245=CARTESIAN_POINT('',(0.333008,-0.0034539999999999,0.006223));
#14246=CARTESIAN_POINT('',(0.333008,-0.03822,0.006223));
#14247=CARTESIAN_POINT('',(0.327847,-0.07197,0.006223));
#14248=CARTESIAN_POINT('',(0.327847,-0.057285,0.006223));
#14249=CARTESIAN_POINT('',(0.327847,-0.071385,0.006223));
#14250=CARTESIAN_POINT('',(0.170242,-0.071385,0.006223));
#14251=CARTESIAN_POINT('',(0.287547,-0.071385,0.006223));
#14252=CARTESIAN_POINT('',(0.287547,-0.07197,0.006223));
#14253=CARTESIAN_POINT('',(0.287547,-0.057285,0.006223));
#14254=CARTESIAN_POINT('',(0.170242,-0.057285,0.006223));
#14255=CARTESIAN_POINT('',(0.292618609236147,-0.109181938647419,0.006223));
#14256=CARTESIAN_POINT('',(0.292618609236147,-0.108181308007152,0.006223));
#14257=CARTESIAN_POINT('',(0.293619239876415,-0.109181938647419,0.006223));
#14258=CARTESIAN_POINT('',(0.293619239876415,-0.07197,0.006223));
#14259=CARTESIAN_POINT('',(0.293619239876416,-0.122198335294365,0.006223));
#14260=CARTESIAN_POINT('',(0.292618609236147,-0.122198335294365,0.006223));
#14261=CARTESIAN_POINT('',(0.292618609236147,-0.123198965934632,0.006223));
#14262=CARTESIAN_POINT('',(0.170242,-0.123198965934632,0.006223));
#14263=CARTESIAN_POINT('',(0.279602212589201,-0.123198965934632,0.006223));
#14264=CARTESIAN_POINT('',(0.279602212589201,-0.122198335294365,0.006223));
#14265=CARTESIAN_POINT('',(0.278601581948934,-0.122198335294365,0.006223));
#14266=CARTESIAN_POINT('',(0.278601581948934,-0.07197,0.006223));
#14267=CARTESIAN_POINT('',(0.278601581948934,-0.109181938647419,0.006223));
#14268=CARTESIAN_POINT('',(0.279602212589201,-0.109181938647419,0.006223));
#14269=CARTESIAN_POINT('',(0.279602212589201,-0.108181308007152,0.006223));
#14270=CARTESIAN_POINT('',(0.170242,-0.108181308007152,0.006223));
#14271=CARTESIAN_POINT('',(0.337370856343816,-0.0913835142994253,0.006223));
#14272=CARTESIAN_POINT('',(0.338371486984082,-0.0913835142994253,0.006223));
#14273=CARTESIAN_POINT('',(0.337370856343816,-0.0923841449396924,0.006223));
#14274=CARTESIAN_POINT('',(0.170242,-0.0923841449396924,0.006223));
#14275=CARTESIAN_POINT('',(0.324354459696869,-0.0923841449396923,0.006223));
#14276=CARTESIAN_POINT('',(0.32435445969687,-0.091383514299425,0.006223));
#14277=CARTESIAN_POINT('',(0.323353829056603,-0.091383514299425,0.006223));
#14278=CARTESIAN_POINT('',(0.323353829056603,-0.07197,0.006223));
#14279=CARTESIAN_POINT('',(0.323353829056603,-0.078367117652565,0.006223));
#14280=CARTESIAN_POINT('',(0.32435445969687,-0.078367117652565,0.006223));
#14281=CARTESIAN_POINT('',(0.324354459696869,-0.0773664870122979,0.006223));
#14282=CARTESIAN_POINT('',(0.170242,-0.0773664870122979,0.006223));
#14283=CARTESIAN_POINT('',(0.337370856343816,-0.0773664870122979,0.006223));
#14284=CARTESIAN_POINT('',(0.337370856343816,-0.0783671176525653,0.006223));
#14285=CARTESIAN_POINT('',(0.338371486984083,-0.0783671176525653,0.006223));
#14286=CARTESIAN_POINT('',(0.338371486984083,-0.07197,0.006223));
#14287=CARTESIAN_POINT('',(0.318296841173215,-0.115225544366285,0.006223));
#14288=CARTESIAN_POINT('',(0.319297471813483,-0.115225544366285,0.006223));
#14289=CARTESIAN_POINT('',(0.318296841173215,-0.116226175006552,0.006223));
#14290=CARTESIAN_POINT('',(0.170242,-0.116226175006552,0.006223));
#14291=CARTESIAN_POINT('',(0.305280444526269,-0.116226175006552,0.006223));
#14292=CARTESIAN_POINT('',(0.305280444526269,-0.115225544366285,0.006223));
#14293=CARTESIAN_POINT('',(0.304279813886003,-0.115225544366285,0.006223));
#14294=CARTESIAN_POINT('',(0.304279813886003,-0.07197,0.006223));
#14295=CARTESIAN_POINT('',(0.304279813886003,-0.102209147719339,0.006223));
#14296=CARTESIAN_POINT('',(0.305280444526269,-0.102209147719339,0.006223));
#14297=CARTESIAN_POINT('',(0.305280444526269,-0.101208517079072,0.006223));
#14298=CARTESIAN_POINT('',(0.170242,-0.101208517079072,0.006223));
#14299=CARTESIAN_POINT('',(0.318296841173215,-0.101208517079072,0.006223));
#14300=CARTESIAN_POINT('',(0.318296841173215,-0.102209147719339,0.006223));
#14301=CARTESIAN_POINT('',(0.319297471813483,-0.102209147719339,0.006223));
#14302=CARTESIAN_POINT('',(0.319297471813483,-0.07197,0.006223));
#14303=CARTESIAN_POINT('',(0.231917144103756,-0.0471918495900239,0.006223));
#14304=CARTESIAN_POINT('',(0.230916513463489,-0.0471918495900239,0.006223));
#14305=CARTESIAN_POINT('',(0.231917144103756,-0.0461912189497568,0.006223));
#14306=CARTESIAN_POINT('',(0.170242,-0.0461912189497568,0.006223));
#14307=CARTESIAN_POINT('',(0.244933540750703,-0.0461912189497568,0.006223));
#14308=CARTESIAN_POINT('',(0.244933540750703,-0.0471918495900239,0.006223));
#14309=CARTESIAN_POINT('',(0.24593417139097,-0.0471918495900239,0.006223));
#14310=CARTESIAN_POINT('',(0.24593417139097,-0.07197,0.006223));
#14311=CARTESIAN_POINT('',(0.24593417139097,-0.0602082481467241,0.006223));
#14312=CARTESIAN_POINT('',(0.244933540750703,-0.0602082481467241,0.006223));
#14313=CARTESIAN_POINT('',(0.244933540750703,-0.0612088787869913,0.006223));
#14314=CARTESIAN_POINT('',(0.170242,-0.0612088787869913,0.006223));
#14315=CARTESIAN_POINT('',(0.231917144103756,-0.0612088787869912,0.006223));
#14316=CARTESIAN_POINT('',(0.231917144103756,-0.0602082481467241,0.006223));
#14317=CARTESIAN_POINT('',(0.230916513463489,-0.0602082481467241,0.006223));
#14318=CARTESIAN_POINT('',(0.230916513463489,-0.07197,0.006223));
#14319=CARTESIAN_POINT('',(0.173406442197678,-0.117430328037554,0.006223));
#14320=CARTESIAN_POINT('',(0.174407072837945,-0.117430328037554,0.006223));
#14321=CARTESIAN_POINT('',(0.173406442197678,-0.118430958677821,0.006223));
#14322=CARTESIAN_POINT('',(0.170242,-0.118430958677821,0.006223));
#14323=CARTESIAN_POINT('',(0.160390045550732,-0.118430958677821,0.006223));
#14324=CARTESIAN_POINT('',(0.160390045550732,-0.117430328037554,0.006223));
#14325=CARTESIAN_POINT('',(0.159389414910465,-0.117430328037554,0.006223));
#14326=CARTESIAN_POINT('',(0.159389414910465,-0.07197,0.006223));
#14327=CARTESIAN_POINT('',(0.159389414910465,-0.104413931390608,0.006223));
#14328=CARTESIAN_POINT('',(0.160390045550732,-0.104413931390608,0.006223));
#14329=CARTESIAN_POINT('',(0.160390045550732,-0.103413300750341,0.006223));
#14330=CARTESIAN_POINT('',(0.170242,-0.103413300750341,0.006223));
#14331=CARTESIAN_POINT('',(0.173406442197678,-0.103413300750341,0.006223));
#14332=CARTESIAN_POINT('',(0.173406442197678,-0.104413931390608,0.006223));
#14333=CARTESIAN_POINT('',(0.174407072837945,-0.104413931390608,0.006223));
#14334=CARTESIAN_POINT('',(0.174407072837945,-0.07197,0.006223));
#14335=CARTESIAN_POINT('',(0.163869419333768,-0.098356305226786,0.006223));
#14336=CARTESIAN_POINT('',(0.164870049974035,-0.0983563052267861,0.006223));
#14337=CARTESIAN_POINT('',(0.163869419333768,-0.0993569358670532,0.006223));
#14338=CARTESIAN_POINT('',(0.170242,-0.0993569358670532,0.006223));
#14339=CARTESIAN_POINT('',(0.150853022686822,-0.0993569358670532,0.006223));
#14340=CARTESIAN_POINT('',(0.150853022686822,-0.098356305226786,0.006223));
#14341=CARTESIAN_POINT('',(0.149852392046555,-0.098356305226786,0.006223));
#14342=CARTESIAN_POINT('',(0.149852392046555,-0.07197,0.006223));
#14343=CARTESIAN_POINT('',(0.149852392046555,-0.0853399085798402,0.006223));
#14344=CARTESIAN_POINT('',(0.150853022686822,-0.0853399085798402,0.006223));
#14345=CARTESIAN_POINT('',(0.150853022686822,-0.0843392779395731,0.006223));
#14346=CARTESIAN_POINT('',(0.170242,-0.0843392779395731,0.006223));
#14347=CARTESIAN_POINT('',(0.163869419333768,-0.0843392779395731,0.006223));
#14348=CARTESIAN_POINT('',(0.163869419333768,-0.0853399085798402,0.006223));
#14349=CARTESIAN_POINT('',(0.164870049974035,-0.0853399085798402,0.006223));
#14350=CARTESIAN_POINT('',(0.164870049974035,-0.07197,0.006223));
#14351=CARTESIAN_POINT('',(0.222380136517881,-0.0662658781300549,0.006223));
#14352=CARTESIAN_POINT('',(0.221379505877614,-0.0662658781300549,0.006223));
#14353=CARTESIAN_POINT('',(0.222380136517881,-0.0652652474897878,0.006223));
#14354=CARTESIAN_POINT('',(0.170242,-0.0652652474897878,0.006223));
#14355=CARTESIAN_POINT('',(0.235396533164827,-0.0652652474897878,0.006223));
#14356=CARTESIAN_POINT('',(0.235396533164827,-0.0662658781300549,0.006223));
#14357=CARTESIAN_POINT('',(0.236397163805094,-0.0662658781300549,0.006223));
#14358=CARTESIAN_POINT('',(0.236397163805094,-0.07197,0.006223));
#14359=CARTESIAN_POINT('',(0.236397163805094,-0.0792822747770007,0.006223));
#14360=CARTESIAN_POINT('',(0.235396533164827,-0.0792822747770007,0.006223));
#14361=CARTESIAN_POINT('',(0.235396533164827,-0.0802829054172679,0.006223));
#14362=CARTESIAN_POINT('',(0.170242,-0.0802829054172679,0.006223));
#14363=CARTESIAN_POINT('',(0.222380136517881,-0.0802829054172678,0.006223));
#14364=CARTESIAN_POINT('',(0.222380136517881,-0.0792822747770007,0.006223));
#14365=CARTESIAN_POINT('',(0.221379505877614,-0.0792822747770007,0.006223));
#14366=CARTESIAN_POINT('',(0.221379505877614,-0.07197,0.006223));
#14367=CARTESIAN_POINT('',(0.265303194375126,-0.119432850598623,0.006223));
#14368=CARTESIAN_POINT('',(0.266303825015394,-0.119432850598623,0.006223));
#14369=CARTESIAN_POINT('',(0.265303194375126,-0.12043348123889,0.006223));
#14370=CARTESIAN_POINT('',(0.170242,-0.12043348123889,0.006223));
#14371=CARTESIAN_POINT('',(0.23538952054691,-0.12043348123889,0.006223));
#14372=CARTESIAN_POINT('',(0.23538952054691,-0.119432850598623,0.006223));
#14373=CARTESIAN_POINT('',(0.234388889906643,-0.119432850598623,0.006223));
#14374=CARTESIAN_POINT('',(0.234388889906643,-0.07197,0.006223));
#14375=CARTESIAN_POINT('',(0.234388889906643,-0.105415192671142,0.006223));
#14376=CARTESIAN_POINT('',(0.23538952054691,-0.105415192671142,0.006223));
#14377=CARTESIAN_POINT('',(0.23538952054691,-0.104414562030875,0.006223));
#14378=CARTESIAN_POINT('',(0.170242,-0.104414562030875,0.006223));
#14379=CARTESIAN_POINT('',(0.24283753623566,-0.104414562030875,0.006223));
#14380=CARTESIAN_POINT('',(0.243838166776563,-0.104413931390608,0.006223));
#14381=CARTESIAN_POINT('',(0.243838166776563,-0.103413300750341,0.006223));
#14382=CARTESIAN_POINT('',(0.170242,-0.103413300750341,0.006223));
#14383=CARTESIAN_POINT('',(0.256854563423508,-0.103413300750341,0.006223));
#14384=CARTESIAN_POINT('',(0.256854563423508,-0.104413931390608,0.006223));
#14385=CARTESIAN_POINT('',(0.257855194063775,-0.104414562030875,0.006223));
#14386=CARTESIAN_POINT('',(0.170242,-0.104414562030875,0.006223));
#14387=CARTESIAN_POINT('',(0.265303194375126,-0.104414562030875,0.006223));
#14388=CARTESIAN_POINT('',(0.265303194375126,-0.105415192671142,0.006223));
#14389=CARTESIAN_POINT('',(0.266303825015393,-0.105415192671142,0.006223));
#14390=CARTESIAN_POINT('',(0.266303825015394,-0.07197,0.006223));
#14391=CARTESIAN_POINT('',(0.144795404162017,-0.098356305226786,0.006223));
#14392=CARTESIAN_POINT('',(0.145796034802284,-0.0983563052267861,0.006223));
#14393=CARTESIAN_POINT('',(0.144795404162017,-0.0993569358670532,0.006223));
#14394=CARTESIAN_POINT('',(0.170242,-0.0993569358670532,0.006223));
#14395=CARTESIAN_POINT('',(0.131779007515071,-0.0993569358670532,0.006223));
#14396=CARTESIAN_POINT('',(0.131779007515071,-0.098356305226786,0.006223));
#14397=CARTESIAN_POINT('',(0.130778376874804,-0.098356305226786,0.006223));
#14398=CARTESIAN_POINT('',(0.130778376874804,-0.07197,0.006223));
#14399=CARTESIAN_POINT('',(0.130778376874804,-0.0853399085798402,0.006223));
#14400=CARTESIAN_POINT('',(0.131779007515071,-0.0853399085798402,0.006223));
#14401=CARTESIAN_POINT('',(0.131779007515071,-0.0843392779395731,0.006223));
#14402=CARTESIAN_POINT('',(0.170242,-0.0843392779395731,0.006223));
#14403=CARTESIAN_POINT('',(0.144795404162017,-0.0843392779395731,0.006223));
#14404=CARTESIAN_POINT('',(0.144795404162017,-0.0853399085798402,0.006223));
#14405=CARTESIAN_POINT('',(0.145796034802284,-0.0853399085798402,0.006223));
#14406=CARTESIAN_POINT('',(0.145796034802284,-0.07197,0.006223));
#14407=CARTESIAN_POINT('',(0.259239556304659,-0.023348815469104,0.006223));
#14408=CARTESIAN_POINT('',(0.259239556304659,-0.0223481848288368,0.006223));
#14409=CARTESIAN_POINT('',(0.260240186944927,-0.023348815469104,0.006223));
#14410=CARTESIAN_POINT('',(0.260240186944927,-0.07197,0.006223));
#14411=CARTESIAN_POINT('',(0.260240186944927,-0.0363652116386114,0.006223));
#14412=CARTESIAN_POINT('',(0.259239556304659,-0.0363652116386114,0.006223));
#14413=CARTESIAN_POINT('',(0.259239556304659,-0.0373658422788785,0.006223));
#14414=CARTESIAN_POINT('',(0.170242,-0.0373658422788785,0.006223));
#14415=CARTESIAN_POINT('',(0.246223159657714,-0.0373658422788785,0.006223));
#14416=CARTESIAN_POINT('',(0.246223159657714,-0.0363652116386114,0.006223));
#14417=CARTESIAN_POINT('',(0.245222529017446,-0.0363652116386114,0.006223));
#14418=CARTESIAN_POINT('',(0.245222529017446,-0.07197,0.006223));
#14419=CARTESIAN_POINT('',(0.245222529017446,-0.023348815469104,0.006223));
#14420=CARTESIAN_POINT('',(0.246223159657714,-0.023348815469104,0.006223));
#14421=CARTESIAN_POINT('',(0.246223159657714,-0.0223481848288368,0.006223));
#14422=CARTESIAN_POINT('',(0.170242,-0.0223481848288368,0.006223));
#14423=CARTESIAN_POINT('',(0.202017480233338,-0.0363652116386114,0.006223));
#14424=CARTESIAN_POINT('',(0.203018110873606,-0.0363652116386114,0.006223));
#14425=CARTESIAN_POINT('',(0.202017480233338,-0.0373658422788785,0.006223));
#14426=CARTESIAN_POINT('',(0.170242,-0.0373658422788785,0.006223));
#14427=CARTESIAN_POINT('',(0.189001083586393,-0.0373658422788785,0.006223));
#14428=CARTESIAN_POINT('',(0.189001083586393,-0.0363652116386114,0.006223));
#14429=CARTESIAN_POINT('',(0.188000452946125,-0.0363652116386114,0.006223));
#14430=CARTESIAN_POINT('',(0.188000452946125,-0.07197,0.006223));
#14431=CARTESIAN_POINT('',(0.188000452946125,-0.023348815469104,0.006223));
#14432=CARTESIAN_POINT('',(0.189001083586393,-0.023348815469104,0.006223));
#14433=CARTESIAN_POINT('',(0.189001083586393,-0.0223481848288368,0.006223));
#14434=CARTESIAN_POINT('',(0.170242,-0.0223481848288368,0.006223));
#14435=CARTESIAN_POINT('',(0.202017480233338,-0.0223481848288368,0.006223));
#14436=CARTESIAN_POINT('',(0.202017480233338,-0.023348815469104,0.006223));
#14437=CARTESIAN_POINT('',(0.203018110873606,-0.023348815469104,0.006223));
#14438=CARTESIAN_POINT('',(0.203018110873606,-0.07197,0.006223));
#14439=CARTESIAN_POINT('',(0.202017480233338,-0.098356305226786,0.006223));
#14440=CARTESIAN_POINT('',(0.203018110873606,-0.0983563052267861,0.006223));
#14441=CARTESIAN_POINT('',(0.202017480233338,-0.0993569358670532,0.006223));
#14442=CARTESIAN_POINT('',(0.170242,-0.0993569358670532,0.006223));
#14443=CARTESIAN_POINT('',(0.189001083586393,-0.0993569358670532,0.006223));
#14444=CARTESIAN_POINT('',(0.189001083586393,-0.098356305226786,0.006223));
#14445=CARTESIAN_POINT('',(0.188000452946125,-0.098356305226786,0.006223));
#14446=CARTESIAN_POINT('',(0.188000452946125,-0.07197,0.006223));
#14447=CARTESIAN_POINT('',(0.188000452946125,-0.0853399085798402,0.006223));
#14448=CARTESIAN_POINT('',(0.189001083586393,-0.0853399085798402,0.006223));
#14449=CARTESIAN_POINT('',(0.189001083586393,-0.0843392779395731,0.006223));
#14450=CARTESIAN_POINT('',(0.170242,-0.0843392779395731,0.006223));
#14451=CARTESIAN_POINT('',(0.202017480233338,-0.0843392779395731,0.006223));
#14452=CARTESIAN_POINT('',(0.202017480233338,-0.0853399085798402,0.006223));
#14453=CARTESIAN_POINT('',(0.203018110873606,-0.0853399085798402,0.006223));
#14454=CARTESIAN_POINT('',(0.203018110873606,-0.07197,0.006223));
#14455=CARTESIAN_POINT('',(0.311692624407898,-0.14127236574415,0.006223));
#14456=CARTESIAN_POINT('',(0.312693255048165,-0.14127236574415,0.006223));
#14457=CARTESIAN_POINT('',(0.311692624407898,-0.142272996384417,0.006223));
#14458=CARTESIAN_POINT('',(0.170242,-0.142272996384417,0.006223));
#14459=CARTESIAN_POINT('',(0.298676227760953,-0.142272996384417,0.006223));
#14460=CARTESIAN_POINT('',(0.298676227760953,-0.14127236574415,0.006223));
#14461=CARTESIAN_POINT('',(0.297675597120686,-0.14127236574415,0.006223));
#14462=CARTESIAN_POINT('',(0.297675597120686,-0.07197,0.006223));
#14463=CARTESIAN_POINT('',(0.297675597120686,-0.128255969097204,0.006223));
#14464=CARTESIAN_POINT('',(0.298676227760953,-0.128255969097204,0.006223));
#14465=CARTESIAN_POINT('',(0.298676227760953,-0.127255338456937,0.006223));
#14466=CARTESIAN_POINT('',(0.170242,-0.127255338456937,0.006223));
#14467=CARTESIAN_POINT('',(0.311692624407898,-0.127255338456937,0.006223));
#14468=CARTESIAN_POINT('',(0.311692624407898,-0.128255969097204,0.006223));
#14469=CARTESIAN_POINT('',(0.312693255048166,-0.128255969097204,0.006223));
#14470=CARTESIAN_POINT('',(0.312693255048166,-0.07197,0.006223));
#14471=CARTESIAN_POINT('',(0.211554487819213,-0.117430328037554,0.006223));
#14472=CARTESIAN_POINT('',(0.212555118459481,-0.117430328037554,0.006223));
#14473=CARTESIAN_POINT('',(0.211554487819213,-0.118430958677821,0.006223));
#14474=CARTESIAN_POINT('',(0.170242,-0.118430958677821,0.006223));
#14475=CARTESIAN_POINT('',(0.198538091172268,-0.118430958677821,0.006223));
#14476=CARTESIAN_POINT('',(0.198538091172268,-0.117430328037554,0.006223));
#14477=CARTESIAN_POINT('',(0.197537460532001,-0.117430328037554,0.006223));
#14478=CARTESIAN_POINT('',(0.197537460532001,-0.07197,0.006223));
#14479=CARTESIAN_POINT('',(0.197537460532001,-0.104413931390608,0.006223));
#14480=CARTESIAN_POINT('',(0.198538091172268,-0.104413931390608,0.006223));
#14481=CARTESIAN_POINT('',(0.198538091172268,-0.103413300750341,0.006223));
#14482=CARTESIAN_POINT('',(0.170242,-0.103413300750341,0.006223));
#14483=CARTESIAN_POINT('',(0.211554487819213,-0.103413300750341,0.006223));
#14484=CARTESIAN_POINT('',(0.211554487819213,-0.104413931390608,0.006223));
#14485=CARTESIAN_POINT('',(0.212555118459481,-0.104413931390608,0.006223));
#14486=CARTESIAN_POINT('',(0.212555118459481,-0.07197,0.006223));
#14487=CARTESIAN_POINT('',(0.165158045168526,-0.0662658781300549,0.006223));
#14488=CARTESIAN_POINT('',(0.164157414528258,-0.0662658781300549,0.006223));
#14489=CARTESIAN_POINT('',(0.165158045168526,-0.0652652474897877,0.006223));
#14490=CARTESIAN_POINT('',(0.170242,-0.0652652474897877,0.006223));
#14491=CARTESIAN_POINT('',(0.178174441815471,-0.0652652474897878,0.006223));
#14492=CARTESIAN_POINT('',(0.178174441815471,-0.0662658781300549,0.006223));
#14493=CARTESIAN_POINT('',(0.179175072455738,-0.0662658781300549,0.006223));
#14494=CARTESIAN_POINT('',(0.179175072455738,-0.07197,0.006223));
#14495=CARTESIAN_POINT('',(0.179175072455738,-0.0792822747770007,0.006223));
#14496=CARTESIAN_POINT('',(0.178174441815471,-0.0792822747770007,0.006223));
#14497=CARTESIAN_POINT('',(0.178174441815471,-0.0802829054172679,0.006223));
#14498=CARTESIAN_POINT('',(0.170242,-0.0802829054172679,0.006223));
#14499=CARTESIAN_POINT('',(0.165158045168526,-0.0802829054172678,0.006223));
#14500=CARTESIAN_POINT('',(0.165158045168526,-0.0792822747770007,0.006223));
#14501=CARTESIAN_POINT('',(0.164157414528258,-0.0792822747770007,0.006223));
#14502=CARTESIAN_POINT('',(0.164157414528258,-0.07197,0.006223));
#14503=CARTESIAN_POINT('',(0.197248472265256,-0.0792822747770007,0.006223));
#14504=CARTESIAN_POINT('',(0.198249102905523,-0.0792822747770007,0.006223));
#14505=CARTESIAN_POINT('',(0.197248472265256,-0.0802829054172679,0.006223));
#14506=CARTESIAN_POINT('',(0.170242,-0.0802829054172679,0.006223));
#14507=CARTESIAN_POINT('',(0.18423207561831,-0.0802829054172678,0.006223));
#14508=CARTESIAN_POINT('',(0.18423207561831,-0.0792822747770007,0.006223));
#14509=CARTESIAN_POINT('',(0.183231444978044,-0.0792822747770007,0.006223));
#14510=CARTESIAN_POINT('',(0.183231444978044,-0.07197,0.006223));
#14511=CARTESIAN_POINT('',(0.183231444978044,-0.0662658781300549,0.006223));
#14512=CARTESIAN_POINT('',(0.18423207561831,-0.0662658781300549,0.006223));
#14513=CARTESIAN_POINT('',(0.18423207561831,-0.0652652474897878,0.006223));
#14514=CARTESIAN_POINT('',(0.170242,-0.0652652474897878,0.006223));
#14515=CARTESIAN_POINT('',(0.197248472265256,-0.0652652474897878,0.006223));
#14516=CARTESIAN_POINT('',(0.197248472265256,-0.0662658781300549,0.006223));
#14517=CARTESIAN_POINT('',(0.198249102905523,-0.0662658781300549,0.006223));
#14518=CARTESIAN_POINT('',(0.198249102905523,-0.07197,0.006223));
#14519=CARTESIAN_POINT('',(0.273544594064399,-0.14127236574415,0.006223));
#14520=CARTESIAN_POINT('',(0.274545224704665,-0.14127236574415,0.006223));
#14521=CARTESIAN_POINT('',(0.273544594064399,-0.142272996384417,0.006223));
#14522=CARTESIAN_POINT('',(0.170242,-0.142272996384417,0.006223));
#14523=CARTESIAN_POINT('',(0.260528197417453,-0.142272996384417,0.006223));
#14524=CARTESIAN_POINT('',(0.260528197417453,-0.14127236574415,0.006223));
#14525=CARTESIAN_POINT('',(0.259527566777185,-0.14127236574415,0.006223));
#14526=CARTESIAN_POINT('',(0.259527566777184,-0.07197,0.006223));
#14527=CARTESIAN_POINT('',(0.259527566777184,-0.128255969097204,0.006223));
#14528=CARTESIAN_POINT('',(0.260528197417453,-0.128255969097204,0.006223));
#14529=CARTESIAN_POINT('',(0.260528197417453,-0.127255338456937,0.006223));
#14530=CARTESIAN_POINT('',(0.170242,-0.127255338456937,0.006223));
#14531=CARTESIAN_POINT('',(0.273544594064399,-0.127255338456937,0.006223));
#14532=CARTESIAN_POINT('',(0.273544594064399,-0.128255969097204,0.006223));
#14533=CARTESIAN_POINT('',(0.274545224704666,-0.128255969097204,0.006223));
#14534=CARTESIAN_POINT('',(0.274545224704665,-0.07197,0.006223));
#14535=CARTESIAN_POINT('',(0.182943449783553,-0.0853399085798402,0.006223));
#14536=CARTESIAN_POINT('',(0.182943449783553,-0.0843392779395731,0.006223));
#14537=CARTESIAN_POINT('',(0.18394408042382,-0.0853399085798402,0.006223));
#14538=CARTESIAN_POINT('',(0.18394408042382,-0.07197,0.006223));
#14539=CARTESIAN_POINT('',(0.18394408042382,-0.0983563052267861,0.006223));
#14540=CARTESIAN_POINT('',(0.182943449783553,-0.098356305226786,0.006223));
#14541=CARTESIAN_POINT('',(0.182943449783553,-0.0993569358670532,0.006223));
#14542=CARTESIAN_POINT('',(0.170242,-0.0993569358670532,0.006223));
#14543=CARTESIAN_POINT('',(0.169927053136607,-0.0993569358670532,0.006223));
#14544=CARTESIAN_POINT('',(0.169927053136607,-0.098356305226786,0.006223));
#14545=CARTESIAN_POINT('',(0.16892642249634,-0.098356305226786,0.006223));
#14546=CARTESIAN_POINT('',(0.16892642249634,-0.07197,0.006223));
#14547=CARTESIAN_POINT('',(0.16892642249634,-0.0853399085798402,0.006223));
#14548=CARTESIAN_POINT('',(0.169927053136607,-0.0853399085798402,0.006223));
#14549=CARTESIAN_POINT('',(0.169927053136607,-0.0843392779395731,0.006223));
#14550=CARTESIAN_POINT('',(0.170242,-0.0843392779395731,0.006223));
#14551=CARTESIAN_POINT('',(0.252079535909765,-0.0622107707077927,0.006223));
#14552=CARTESIAN_POINT('',(0.252079535909765,-0.0632114013480599,0.006223));
#14553=CARTESIAN_POINT('',(0.251078905269497,-0.0622107707077927,0.006223));
#14554=CARTESIAN_POINT('',(0.251078905269497,-0.07197,0.006223));
#14555=CARTESIAN_POINT('',(0.251078905269497,-0.0481931108705583,0.006223));
#14556=CARTESIAN_POINT('',(0.252079535909765,-0.0481931108705583,0.006223));
#14557=CARTESIAN_POINT('',(0.252079535909765,-0.0471924802302912,0.006223));
#14558=CARTESIAN_POINT('',(0.170242,-0.0471924802302912,0.006223));
#14559=CARTESIAN_POINT('',(0.259527566876548,-0.0471924802302912,0.006223));
#14560=CARTESIAN_POINT('',(0.260528197417453,-0.0471918495900239,0.006223));
#14561=CARTESIAN_POINT('',(0.260528197417453,-0.0461912189497568,0.006223));
#14562=CARTESIAN_POINT('',(0.170242,-0.0461912189497568,0.006223));
#14563=CARTESIAN_POINT('',(0.273544594064399,-0.0461912189497568,0.006223));
#14564=CARTESIAN_POINT('',(0.273544594064399,-0.0471918495900239,0.006223));
#14565=CARTESIAN_POINT('',(0.274545224704666,-0.0471924802302911,0.006223));
#14566=CARTESIAN_POINT('',(0.170242,-0.0471924802302911,0.006223));
#14567=CARTESIAN_POINT('',(0.281993225016016,-0.0471924802302912,0.006223));
#14568=CARTESIAN_POINT('',(0.281993225016016,-0.0481931108705583,0.006223));
#14569=CARTESIAN_POINT('',(0.282993855656283,-0.0481931108705583,0.006223));
#14570=CARTESIAN_POINT('',(0.282993855656283,-0.07197,0.006223));
#14571=CARTESIAN_POINT('',(0.282993855656282,-0.0622107707077927,0.006223));
#14572=CARTESIAN_POINT('',(0.281993225016016,-0.0622107707077927,0.006223));
#14573=CARTESIAN_POINT('',(0.281993225016016,-0.0632114013480598,0.006223));
#14574=CARTESIAN_POINT('',(0.170242,-0.0632114013480598,0.006223));
#14575=CARTESIAN_POINT('',(0.193769083204186,-0.0471918495900239,0.006223));
#14576=CARTESIAN_POINT('',(0.192768452563919,-0.0471918495900239,0.006223));
#14577=CARTESIAN_POINT('',(0.193769083204186,-0.0461912189497568,0.006223));
#14578=CARTESIAN_POINT('',(0.170242,-0.0461912189497568,0.006223));
#14579=CARTESIAN_POINT('',(0.206785479851132,-0.0461912189497568,0.006223));
#14580=CARTESIAN_POINT('',(0.206785479851132,-0.0471918495900239,0.006223));
#14581=CARTESIAN_POINT('',(0.207786110491399,-0.0471918495900239,0.006223));
#14582=CARTESIAN_POINT('',(0.207786110491399,-0.07197,0.006223));
#14583=CARTESIAN_POINT('',(0.207786110491399,-0.0602082481467241,0.006223));
#14584=CARTESIAN_POINT('',(0.206785479851132,-0.0602082481467241,0.006223));
#14585=CARTESIAN_POINT('',(0.206785479851132,-0.0612088787869913,0.006223));
#14586=CARTESIAN_POINT('',(0.170242,-0.0612088787869913,0.006223));
#14587=CARTESIAN_POINT('',(0.193769083204186,-0.0612088787869912,0.006223));
#14588=CARTESIAN_POINT('',(0.193769083204186,-0.0602082481467241,0.006223));
#14589=CARTESIAN_POINT('',(0.192768452563919,-0.0602082481467241,0.006223));
#14590=CARTESIAN_POINT('',(0.192768452563919,-0.07197,0.006223));
#14591=CARTESIAN_POINT('',(0.27831360203248,-0.0792822747770007,0.006223));
#14592=CARTESIAN_POINT('',(0.279314232672747,-0.0792822747770007,0.006223));
#14593=CARTESIAN_POINT('',(0.27831360203248,-0.0802829054172679,0.006223));
#14594=CARTESIAN_POINT('',(0.170242,-0.0802829054172679,0.006223));
#14595=CARTESIAN_POINT('',(0.265297205385534,-0.0802829054172678,0.006223));
#14596=CARTESIAN_POINT('',(0.265297205385534,-0.0792822747770007,0.006223));
#14597=CARTESIAN_POINT('',(0.264296574745267,-0.0792822747770007,0.006223));
#14598=CARTESIAN_POINT('',(0.264296574745267,-0.07197,0.006223));
#14599=CARTESIAN_POINT('',(0.264296574745268,-0.0662658781300549,0.006223));
#14600=CARTESIAN_POINT('',(0.265297205385534,-0.0662658781300549,0.006223));
#14601=CARTESIAN_POINT('',(0.265297205385534,-0.0652652474897878,0.006223));
#14602=CARTESIAN_POINT('',(0.170242,-0.0652652474897878,0.006223));
#14603=CARTESIAN_POINT('',(0.278313602032481,-0.0652652474897878,0.006223));
#14604=CARTESIAN_POINT('',(0.27831360203248,-0.0662658781300549,0.006223));
#14605=CARTESIAN_POINT('',(0.279314232672747,-0.0662658781300549,0.006223));
#14606=CARTESIAN_POINT('',(0.279314232672747,-0.07197,0.006223));
#14607=CARTESIAN_POINT('',(0.154332411747893,-0.117430328037554,0.006223));
#14608=CARTESIAN_POINT('',(0.15533304238816,-0.117430328037554,0.006223));
#14609=CARTESIAN_POINT('',(0.154332411747893,-0.118430958677821,0.006223));
#14610=CARTESIAN_POINT('',(0.170242,-0.118430958677821,0.006223));
#14611=CARTESIAN_POINT('',(0.141316015100947,-0.118430958677821,0.006223));
#14612=CARTESIAN_POINT('',(0.141316015100947,-0.117430328037554,0.006223));
#14613=CARTESIAN_POINT('',(0.14031538446068,-0.117430328037554,0.006223));
#14614=CARTESIAN_POINT('',(0.14031538446068,-0.07197,0.006223));
#14615=CARTESIAN_POINT('',(0.14031538446068,-0.104413931390608,0.006223));
#14616=CARTESIAN_POINT('',(0.141316015100947,-0.104413931390608,0.006223));
#14617=CARTESIAN_POINT('',(0.141316015100947,-0.103413300750341,0.006223));
#14618=CARTESIAN_POINT('',(0.170242,-0.103413300750341,0.006223));
#14619=CARTESIAN_POINT('',(0.154332411747893,-0.103413300750341,0.006223));
#14620=CARTESIAN_POINT('',(0.154332411747893,-0.104413931390608,0.006223));
#14621=CARTESIAN_POINT('',(0.15533304238816,-0.104413931390608,0.006223));
#14622=CARTESIAN_POINT('',(0.15533304238816,-0.07197,0.006223));
#14623=CARTESIAN_POINT('',(0.212843113653971,-0.0471918495900239,0.006223));
#14624=CARTESIAN_POINT('',(0.211842483013704,-0.0471918495900239,0.006223));
#14625=CARTESIAN_POINT('',(0.212843113653971,-0.0461912189497568,0.006223));
#14626=CARTESIAN_POINT('',(0.170242,-0.0461912189497568,0.006223));
#14627=CARTESIAN_POINT('',(0.225859510300917,-0.0461912189497568,0.006223));
#14628=CARTESIAN_POINT('',(0.225859510300917,-0.0471918495900239,0.006223));
#14629=CARTESIAN_POINT('',(0.226860140941184,-0.0471918495900239,0.006223));
#14630=CARTESIAN_POINT('',(0.226860140941184,-0.07197,0.006223));
#14631=CARTESIAN_POINT('',(0.226860140941184,-0.0602082481467241,0.006223));
#14632=CARTESIAN_POINT('',(0.225859510300917,-0.0602082481467241,0.006223));
#14633=CARTESIAN_POINT('',(0.225859510300917,-0.0612088787869913,0.006223));
#14634=CARTESIAN_POINT('',(0.170242,-0.0612088787869913,0.006223));
#14635=CARTESIAN_POINT('',(0.212843113653971,-0.0612088787869912,0.006223));
#14636=CARTESIAN_POINT('',(0.212843113653971,-0.0602082481467241,0.006223));
#14637=CARTESIAN_POINT('',(0.211842483013704,-0.0602082481467241,0.006223));
#14638=CARTESIAN_POINT('',(0.211842483013704,-0.07197,0.006223));
#14639=CARTESIAN_POINT('',(0.192480472647463,-0.117430328037554,0.006223));
#14640=CARTESIAN_POINT('',(0.19348110328773,-0.117430328037554,0.006223));
#14641=CARTESIAN_POINT('',(0.192480472647463,-0.118430958677821,0.006223));
#14642=CARTESIAN_POINT('',(0.170242,-0.118430958677821,0.006223));
#14643=CARTESIAN_POINT('',(0.179464076000517,-0.118430958677821,0.006223));
#14644=CARTESIAN_POINT('',(0.179464076000517,-0.117430328037554,0.006223));
#14645=CARTESIAN_POINT('',(0.17846344536025,-0.117430328037554,0.006223));
#14646=CARTESIAN_POINT('',(0.17846344536025,-0.07197,0.006223));
#14647=CARTESIAN_POINT('',(0.17846344536025,-0.104413931390608,0.006223));
#14648=CARTESIAN_POINT('',(0.179464076000517,-0.104413931390608,0.006223));
#14649=CARTESIAN_POINT('',(0.179464076000517,-0.103413300750341,0.006223));
#14650=CARTESIAN_POINT('',(0.170242,-0.103413300750341,0.006223));
#14651=CARTESIAN_POINT('',(0.192480472647463,-0.103413300750341,0.006223));
#14652=CARTESIAN_POINT('',(0.192480472647463,-0.104413931390608,0.006223));
#14653=CARTESIAN_POINT('',(0.19348110328773,-0.104413931390608,0.006223));
#14654=CARTESIAN_POINT('',(0.19348110328773,-0.07197,0.006223));
#14655=CARTESIAN_POINT('',(0.249695536100868,-0.100358827787855,0.006223));
#14656=CARTESIAN_POINT('',(0.249695536100868,-0.101359458428122,0.006223));
#14657=CARTESIAN_POINT('',(0.248694905460601,-0.100358827787855,0.006223));
#14658=CARTESIAN_POINT('',(0.248694905460601,-0.07197,0.006223));
#14659=CARTESIAN_POINT('',(0.248694905460601,-0.0863411698603746,0.006223));
#14660=CARTESIAN_POINT('',(0.249695536100868,-0.0863411698603746,0.006223));
#14661=CARTESIAN_POINT('',(0.249695536100868,-0.0853405392201075,0.006223));
#14662=CARTESIAN_POINT('',(0.170242,-0.0853405392201075,0.006223));
#14663=CARTESIAN_POINT('',(0.257143551789618,-0.0853405392201074,0.006223));
#14664=CARTESIAN_POINT('',(0.258144182330521,-0.0853399085798402,0.006223));
#14665=CARTESIAN_POINT('',(0.258144182330521,-0.0843392779395731,0.006223));
#14666=CARTESIAN_POINT('',(0.170242,-0.0843392779395731,0.006223));
#14667=CARTESIAN_POINT('',(0.271160578977465,-0.0843392779395731,0.006223));
#14668=CARTESIAN_POINT('',(0.271160578977465,-0.0853399085798402,0.006223));
#14669=CARTESIAN_POINT('',(0.272161209617732,-0.0853405392201074,0.006223));
#14670=CARTESIAN_POINT('',(0.170242,-0.0853405392201074,0.006223));
#14671=CARTESIAN_POINT('',(0.279609209929085,-0.0853405392201074,0.006223));
#14672=CARTESIAN_POINT('',(0.279609209929085,-0.0863411698603746,0.006223));
#14673=CARTESIAN_POINT('',(0.280609840569352,-0.0863411698603746,0.006223));
#14674=CARTESIAN_POINT('',(0.280609840569352,-0.07197,0.006223));
#14675=CARTESIAN_POINT('',(0.280609840569352,-0.100358827787855,0.006223));
#14676=CARTESIAN_POINT('',(0.279609209929085,-0.100358827787855,0.006223));
#14677=CARTESIAN_POINT('',(0.279609209929085,-0.101359458428122,0.006223));
#14678=CARTESIAN_POINT('',(0.170242,-0.101359458428122,0.006223));
#14679=CARTESIAN_POINT('',(0.230628518268999,-0.117430328037554,0.006223));
#14680=CARTESIAN_POINT('',(0.231629148909266,-0.117430328037554,0.006223));
#14681=CARTESIAN_POINT('',(0.230628518268999,-0.118430958677821,0.006223));
#14682=CARTESIAN_POINT('',(0.170242,-0.118430958677821,0.006223));
#14683=CARTESIAN_POINT('',(0.217612121622053,-0.118430958677821,0.006223));
#14684=CARTESIAN_POINT('',(0.217612121622053,-0.117430328037554,0.006223));
#14685=CARTESIAN_POINT('',(0.216611490981786,-0.117430328037554,0.006223));
#14686=CARTESIAN_POINT('',(0.216611490981786,-0.07197,0.006223));
#14687=CARTESIAN_POINT('',(0.216611490981786,-0.104413931390608,0.006223));
#14688=CARTESIAN_POINT('',(0.217612121622053,-0.104413931390608,0.006223));
#14689=CARTESIAN_POINT('',(0.217612121622053,-0.103413300750341,0.006223));
#14690=CARTESIAN_POINT('',(0.170242,-0.103413300750341,0.006223));
#14691=CARTESIAN_POINT('',(0.230628518268999,-0.103413300750341,0.006223));
#14692=CARTESIAN_POINT('',(0.230628518268999,-0.104413931390608,0.006223));
#14693=CARTESIAN_POINT('',(0.231629148909266,-0.104413931390608,0.006223));
#14694=CARTESIAN_POINT('',(0.231629148909266,-0.07197,0.006223));
#14695=CARTESIAN_POINT('',(0.221091510683123,-0.0363652116386114,0.006223));
#14696=CARTESIAN_POINT('',(0.222092141323391,-0.0363652116386114,0.006223));
#14697=CARTESIAN_POINT('',(0.221091510683123,-0.0373658422788785,0.006223));
#14698=CARTESIAN_POINT('',(0.170242,-0.0373658422788785,0.006223));
#14699=CARTESIAN_POINT('',(0.208075114036178,-0.0373658422788785,0.006223));
#14700=CARTESIAN_POINT('',(0.208075114036178,-0.0363652116386114,0.006223));
#14701=CARTESIAN_POINT('',(0.207074483395911,-0.0363652116386114,0.006223));
#14702=CARTESIAN_POINT('',(0.207074483395911,-0.07197,0.006223));
#14703=CARTESIAN_POINT('',(0.207074483395911,-0.023348815469104,0.006223));
#14704=CARTESIAN_POINT('',(0.208075114036178,-0.023348815469104,0.006223));
#14705=CARTESIAN_POINT('',(0.208075114036178,-0.0223481848288368,0.006223));
#14706=CARTESIAN_POINT('',(0.170242,-0.0223481848288368,0.006223));
#14707=CARTESIAN_POINT('',(0.221091510683123,-0.0223481848288368,0.006223));
#14708=CARTESIAN_POINT('',(0.221091510683123,-0.023348815469104,0.006223));
#14709=CARTESIAN_POINT('',(0.222092141323391,-0.023348815469104,0.006223));
#14710=CARTESIAN_POINT('',(0.222092141323391,-0.07197,0.006223));
#14711=CARTESIAN_POINT('',(0.337370856343816,-0.110457544748125,0.006223));
#14712=CARTESIAN_POINT('',(0.338371486984039,-0.110457544748124,0.006223));
#14713=CARTESIAN_POINT('',(0.337370856343816,-0.111458175388392,0.006223));
#14714=CARTESIAN_POINT('',(0.170242,-0.111458175388392,0.006223));
#14715=CARTESIAN_POINT('',(0.324354459696869,-0.111458175388392,0.006223));
#14716=CARTESIAN_POINT('',(0.32435445969687,-0.110457544748125,0.006223));
#14717=CARTESIAN_POINT('',(0.323353829056602,-0.110457544748125,0.006223));
#14718=CARTESIAN_POINT('',(0.323353829056602,-0.07197,0.006223));
#14719=CARTESIAN_POINT('',(0.323353829056601,-0.0974411481011794,0.006223));
#14720=CARTESIAN_POINT('',(0.32435445969687,-0.0974411481011794,0.006223));
#14721=CARTESIAN_POINT('',(0.32435445969687,-0.0964405174609122,0.006223));
#14722=CARTESIAN_POINT('',(0.170242,-0.0964405174609123,0.006223));
#14723=CARTESIAN_POINT('',(0.33737085634373,-0.0964405174609123,0.006223));
#14724=CARTESIAN_POINT('',(0.33737085634373,-0.0974411481011794,0.006223));
#14725=CARTESIAN_POINT('',(0.338371486983997,-0.0974411481011794,0.006223));
#14726=CARTESIAN_POINT('',(0.338371486983996,-0.07197,0.006223));
#14727=CARTESIAN_POINT('',(0.270065205003328,-0.0363652116386114,0.006223));
#14728=CARTESIAN_POINT('',(0.270065205003328,-0.0373658422788785,0.006223));
#14729=CARTESIAN_POINT('',(0.269064574363061,-0.0363652116386114,0.006223));
#14730=CARTESIAN_POINT('',(0.26906457436306,-0.07197,0.006223));
#14731=CARTESIAN_POINT('',(0.26906457436306,-0.023348815469104,0.006223));
#14732=CARTESIAN_POINT('',(0.270065205003328,-0.023348815469104,0.006223));
#14733=CARTESIAN_POINT('',(0.270065205003328,-0.0223481848288368,0.006223));
#14734=CARTESIAN_POINT('',(0.170242,-0.0223481848288368,0.006223));
#14735=CARTESIAN_POINT('',(0.283081601650272,-0.0223481848288368,0.006223));
#14736=CARTESIAN_POINT('',(0.283081601650272,-0.023348815469104,0.006223));
#14737=CARTESIAN_POINT('',(0.284082232290539,-0.023348815469104,0.006223));
#14738=CARTESIAN_POINT('',(0.28408223229054,-0.07197,0.006223));
#14739=CARTESIAN_POINT('',(0.28408223229054,-0.0363652116386114,0.006223));
#14740=CARTESIAN_POINT('',(0.283081601650272,-0.0363652116386114,0.006223));
#14741=CARTESIAN_POINT('',(0.283081601650272,-0.0373658422788785,0.006223));
#14742=CARTESIAN_POINT('',(0.170242,-0.0373658422788785,0.006223));
#14743=CARTESIAN_POINT('',(0.216322502715041,-0.0662658781300549,0.006223));
#14744=CARTESIAN_POINT('',(0.216322502715041,-0.0652652474897878,0.006223));
#14745=CARTESIAN_POINT('',(0.217323133355309,-0.0662658781300549,0.006223));
#14746=CARTESIAN_POINT('',(0.217323133355309,-0.07197,0.006223));
#14747=CARTESIAN_POINT('',(0.217323133355309,-0.0792822747770007,0.006223));
#14748=CARTESIAN_POINT('',(0.216322502715041,-0.0792822747770007,0.006223));
#14749=CARTESIAN_POINT('',(0.216322502715041,-0.0802829054172679,0.006223));
#14750=CARTESIAN_POINT('',(0.170242,-0.0802829054172679,0.006223));
#14751=CARTESIAN_POINT('',(0.203306106068096,-0.0802829054172678,0.006223));
#14752=CARTESIAN_POINT('',(0.203306106068096,-0.0792822747770007,0.006223));
#14753=CARTESIAN_POINT('',(0.202305475427828,-0.0792822747770007,0.006223));
#14754=CARTESIAN_POINT('',(0.202305475427828,-0.07197,0.006223));
#14755=CARTESIAN_POINT('',(0.202305475427828,-0.0662658781300549,0.006223));
#14756=CARTESIAN_POINT('',(0.203306106068096,-0.0662658781300549,0.006223));
#14757=CARTESIAN_POINT('',(0.203306106068096,-0.0652652474897878,0.006223));
#14758=CARTESIAN_POINT('',(0.170242,-0.0652652474897878,0.006223));
#14759=CARTESIAN_POINT('',(0.292618609236147,-0.14127236574415,0.006223));
#14760=CARTESIAN_POINT('',(0.293619239876416,-0.14127236574415,0.006223));
#14761=CARTESIAN_POINT('',(0.292618609236147,-0.142272996384417,0.006223));
#14762=CARTESIAN_POINT('',(0.170242,-0.142272996384417,0.006223));
#14763=CARTESIAN_POINT('',(0.279602212589201,-0.142272996384417,0.006223));
#14764=CARTESIAN_POINT('',(0.279602212589201,-0.14127236574415,0.006223));
#14765=CARTESIAN_POINT('',(0.278601581948934,-0.14127236574415,0.006223));
#14766=CARTESIAN_POINT('',(0.278601581948934,-0.07197,0.006223));
#14767=CARTESIAN_POINT('',(0.278601581948934,-0.128255969097204,0.006223));
#14768=CARTESIAN_POINT('',(0.279602212589201,-0.128255969097204,0.006223));
#14769=CARTESIAN_POINT('',(0.279602212589201,-0.127255338456937,0.006223));
#14770=CARTESIAN_POINT('',(0.170242,-0.127255338456937,0.006223));
#14771=CARTESIAN_POINT('',(0.292618609236147,-0.127255338456937,0.006223));
#14772=CARTESIAN_POINT('',(0.292618609236147,-0.128255969097204,0.006223));
#14773=CARTESIAN_POINT('',(0.293619239876415,-0.128255969097204,0.006223));
#14774=CARTESIAN_POINT('',(0.293619239876415,-0.07197,0.006223));
#14775=CARTESIAN_POINT('',(0.241454151689631,-0.0662658781300549,0.006223));
#14776=CARTESIAN_POINT('',(0.240453521049365,-0.0662658781300549,0.006223));
#14777=CARTESIAN_POINT('',(0.241454151689631,-0.0652652474897877,0.006223));
#14778=CARTESIAN_POINT('',(0.170242,-0.0652652474897877,0.006223));
#14779=CARTESIAN_POINT('',(0.254470548336578,-0.0652652474897878,0.006223));
#14780=CARTESIAN_POINT('',(0.254470548336578,-0.0662658781300549,0.006223));
#14781=CARTESIAN_POINT('',(0.255471178976845,-0.0662658781300549,0.006223));
#14782=CARTESIAN_POINT('',(0.255471178976844,-0.07197,0.006223));
#14783=CARTESIAN_POINT('',(0.255471178976844,-0.0792822747770007,0.006223));
#14784=CARTESIAN_POINT('',(0.254470548336578,-0.0792822747770007,0.006223));
#14785=CARTESIAN_POINT('',(0.254470548336578,-0.0802829054172679,0.006223));
#14786=CARTESIAN_POINT('',(0.170242,-0.0802829054172679,0.006223));
#14787=CARTESIAN_POINT('',(0.241454151689632,-0.0802829054172678,0.006223));
#14788=CARTESIAN_POINT('',(0.241454151689631,-0.0792822747770007,0.006223));
#14789=CARTESIAN_POINT('',(0.240453521049365,-0.0792822747770007,0.006223));
#14790=CARTESIAN_POINT('',(0.240453521049365,-0.07197,0.006223));
#14791=CARTESIAN_POINT('',(0.240165541132909,-0.023348815469104,0.006223));
#14792=CARTESIAN_POINT('',(0.240165541132909,-0.0223481848288368,0.006223));
#14793=CARTESIAN_POINT('',(0.241166171773176,-0.023348815469104,0.006223));
#14794=CARTESIAN_POINT('',(0.241166171773176,-0.07197,0.006223));
#14795=CARTESIAN_POINT('',(0.241166171773176,-0.0363652116386114,0.006223));
#14796=CARTESIAN_POINT('',(0.240165541132909,-0.0363652116386114,0.006223));
#14797=CARTESIAN_POINT('',(0.240165541132909,-0.0373658422788785,0.006223));
#14798=CARTESIAN_POINT('',(0.170242,-0.0373658422788785,0.006223));
#14799=CARTESIAN_POINT('',(0.227149144485963,-0.0373658422788785,0.006223));
#14800=CARTESIAN_POINT('',(0.227149144485963,-0.0363652116386114,0.006223));
#14801=CARTESIAN_POINT('',(0.226148513845696,-0.0363652116386114,0.006223));
#14802=CARTESIAN_POINT('',(0.226148513845696,-0.07197,0.006223));
#14803=CARTESIAN_POINT('',(0.226148513845696,-0.023348815469104,0.006223));
#14804=CARTESIAN_POINT('',(0.227149144485963,-0.023348815469104,0.006223));
#14805=CARTESIAN_POINT('',(0.227149144485963,-0.0223481848288368,0.006223));
#14806=CARTESIAN_POINT('',(0.170242,-0.0223481848288368,0.006223));
#14807=CARTESIAN_POINT('',(0.14608401471874,-0.0662658781300549,0.006223));
#14808=CARTESIAN_POINT('',(0.145083384078473,-0.0662658781300549,0.006223));
#14809=CARTESIAN_POINT('',(0.14608401471874,-0.0652652474897877,0.006223));
#14810=CARTESIAN_POINT('',(0.170242,-0.0652652474897877,0.006223));
#14811=CARTESIAN_POINT('',(0.159100411365686,-0.0652652474897878,0.006223));
#14812=CARTESIAN_POINT('',(0.159100411365686,-0.0662658781300549,0.006223));
#14813=CARTESIAN_POINT('',(0.160101042005953,-0.0662658781300549,0.006223));
#14814=CARTESIAN_POINT('',(0.160101042005953,-0.07197,0.006223));
#14815=CARTESIAN_POINT('',(0.160101042005953,-0.0792822747770007,0.006223));
#14816=CARTESIAN_POINT('',(0.159100411365686,-0.0792822747770007,0.006223));
#14817=CARTESIAN_POINT('',(0.159100411365686,-0.0802829054172679,0.006223));
#14818=CARTESIAN_POINT('',(0.170242,-0.0802829054172679,0.006223));
#14819=CARTESIAN_POINT('',(0.14608401471874,-0.0802829054172679,0.006223));
#14820=CARTESIAN_POINT('',(0.14608401471874,-0.0792822747770007,0.006223));
#14821=CARTESIAN_POINT('',(0.145083384078473,-0.0792822747770007,0.006223));
#14822=CARTESIAN_POINT('',(0.145083384078473,-0.07197,0.006223));
#14823=CARTESIAN_POINT('',(0.318296841173215,-0.096151521555365,0.006223));
#14824=CARTESIAN_POINT('',(0.319297471813483,-0.096151521555365,0.006223));
#14825=CARTESIAN_POINT('',(0.318296841173215,-0.0971521521956322,0.006223));
#14826=CARTESIAN_POINT('',(0.170242,-0.0971521521956321,0.006223));
#14827=CARTESIAN_POINT('',(0.305280444526269,-0.0971521521956321,0.006223));
#14828=CARTESIAN_POINT('',(0.305280444526269,-0.096151521555365,0.006223));
#14829=CARTESIAN_POINT('',(0.304279813886003,-0.096151521555365,0.006223));
#14830=CARTESIAN_POINT('',(0.304279813886003,-0.07197,0.006223));
#14831=CARTESIAN_POINT('',(0.304279813886003,-0.0831351249084192,0.006223));
#14832=CARTESIAN_POINT('',(0.305280444526269,-0.0831351249084192,0.006223));
#14833=CARTESIAN_POINT('',(0.305280444526269,-0.082134494268152,0.006223));
#14834=CARTESIAN_POINT('',(0.170242,-0.082134494268152,0.006223));
#14835=CARTESIAN_POINT('',(0.318296841173215,-0.0821344942681521,0.006223));
#14836=CARTESIAN_POINT('',(0.318296841173215,-0.0831351249084192,0.006223));
#14837=CARTESIAN_POINT('',(0.319297471813483,-0.0831351249084192,0.006223));
#14838=CARTESIAN_POINT('',(0.319297471813483,-0.07197,0.006223));
#14839=CARTESIAN_POINT('',(0.240165541132909,-0.098356305226786,0.006223));
#14840=CARTESIAN_POINT('',(0.241166171773176,-0.0983563052267861,0.006223));
#14841=CARTESIAN_POINT('',(0.240165541132909,-0.0993569358670532,0.006223));
#14842=CARTESIAN_POINT('',(0.170242,-0.0993569358670532,0.006223));
#14843=CARTESIAN_POINT('',(0.227149144485963,-0.0993569358670532,0.006223));
#14844=CARTESIAN_POINT('',(0.227149144485963,-0.098356305226786,0.006223));
#14845=CARTESIAN_POINT('',(0.226148513845696,-0.098356305226786,0.006223));
#14846=CARTESIAN_POINT('',(0.226148513845696,-0.07197,0.006223));
#14847=CARTESIAN_POINT('',(0.226148513845696,-0.0853399085798402,0.006223));
#14848=CARTESIAN_POINT('',(0.227149144485963,-0.0853399085798402,0.006223));
#14849=CARTESIAN_POINT('',(0.227149144485963,-0.0843392779395731,0.006223));
#14850=CARTESIAN_POINT('',(0.170242,-0.0843392779395731,0.006223));
#14851=CARTESIAN_POINT('',(0.240165541132909,-0.0843392779395731,0.006223));
#14852=CARTESIAN_POINT('',(0.240165541132909,-0.0853399085798402,0.006223));
#14853=CARTESIAN_POINT('',(0.241166171773176,-0.0853399085798402,0.006223));
#14854=CARTESIAN_POINT('',(0.241166171773176,-0.07197,0.006223));
#14855=CARTESIAN_POINT('',(0.206785479851132,-0.136504358487339,0.006223));
#14856=CARTESIAN_POINT('',(0.207786110491399,-0.136504358487339,0.006223));
#14857=CARTESIAN_POINT('',(0.206785479851132,-0.137504989127606,0.006223));
#14858=CARTESIAN_POINT('',(0.170242,-0.137504989127606,0.006223));
#14859=CARTESIAN_POINT('',(0.193769083204186,-0.137504989127607,0.006223));
#14860=CARTESIAN_POINT('',(0.193769083204186,-0.136504358487339,0.006223));
#14861=CARTESIAN_POINT('',(0.192768452563919,-0.136504358487339,0.006223));
#14862=CARTESIAN_POINT('',(0.192768452563919,-0.07197,0.006223));
#14863=CARTESIAN_POINT('',(0.192768452563919,-0.123487961840393,0.006223));
#14864=CARTESIAN_POINT('',(0.193769083204186,-0.123487961840393,0.006223));
#14865=CARTESIAN_POINT('',(0.193769083204186,-0.122487331200126,0.006223));
#14866=CARTESIAN_POINT('',(0.170242,-0.122487331200126,0.006223));
#14867=CARTESIAN_POINT('',(0.206785479851132,-0.122487331200126,0.006223));
#14868=CARTESIAN_POINT('',(0.206785479851132,-0.123487961840393,0.006223));
#14869=CARTESIAN_POINT('',(0.207786110491399,-0.123487961840393,0.006223));
#14870=CARTESIAN_POINT('',(0.207786110491399,-0.07197,0.006223));
#14871=CARTESIAN_POINT('',(0.225859510300917,-0.123487961840393,0.006223));
#14872=CARTESIAN_POINT('',(0.225859510300917,-0.122487331200126,0.006223));
#14873=CARTESIAN_POINT('',(0.226860140941184,-0.123487961840393,0.006223));
#14874=CARTESIAN_POINT('',(0.226860140941184,-0.07197,0.006223));
#14875=CARTESIAN_POINT('',(0.226860140941184,-0.136504358487339,0.006223));
#14876=CARTESIAN_POINT('',(0.225859510300917,-0.136504358487339,0.006223));
#14877=CARTESIAN_POINT('',(0.225859510300917,-0.137504989127606,0.006223));
#14878=CARTESIAN_POINT('',(0.170242,-0.137504989127606,0.006223));
#14879=CARTESIAN_POINT('',(0.212843113653971,-0.137504989127607,0.006223));
#14880=CARTESIAN_POINT('',(0.212843113653971,-0.136504358487339,0.006223));
#14881=CARTESIAN_POINT('',(0.211842483013704,-0.136504358487339,0.006223));
#14882=CARTESIAN_POINT('',(0.211842483013704,-0.07197,0.006223));
#14883=CARTESIAN_POINT('',(0.211842483013704,-0.123487961840393,0.006223));
#14884=CARTESIAN_POINT('',(0.212843113653971,-0.123487961840393,0.006223));
#14885=CARTESIAN_POINT('',(0.212843113653971,-0.122487331200126,0.006223));
#14886=CARTESIAN_POINT('',(0.170242,-0.122487331200126,0.006223));
#14887=CARTESIAN_POINT('',(0.168637434229596,-0.0602082481467241,0.006223));
#14888=CARTESIAN_POINT('',(0.169638064869863,-0.0602082481467241,0.006223));
#14889=CARTESIAN_POINT('',(0.168637434229596,-0.0612088787869913,0.006223));
#14890=CARTESIAN_POINT('',(0.170242,-0.0612088787869913,0.006223));
#14891=CARTESIAN_POINT('',(0.15562103758265,-0.0612088787869912,0.006223));
#14892=CARTESIAN_POINT('',(0.15562103758265,-0.0602082481467241,0.006223));
#14893=CARTESIAN_POINT('',(0.154620406942383,-0.0602082481467241,0.006223));
#14894=CARTESIAN_POINT('',(0.154620406942383,-0.07197,0.006223));
#14895=CARTESIAN_POINT('',(0.154620406942383,-0.0471918495900239,0.006223));
#14896=CARTESIAN_POINT('',(0.15562103758265,-0.0471918495900239,0.006223));
#14897=CARTESIAN_POINT('',(0.15562103758265,-0.0461912189497568,0.006223));
#14898=CARTESIAN_POINT('',(0.170242,-0.0461912189497568,0.006223));
#14899=CARTESIAN_POINT('',(0.168637434229596,-0.0461912189497568,0.006223));
#14900=CARTESIAN_POINT('',(0.168637434229596,-0.0471918495900239,0.006223));
#14901=CARTESIAN_POINT('',(0.169638064869863,-0.0471918495900239,0.006223));
#14902=CARTESIAN_POINT('',(0.169638064869863,-0.07197,0.006223));
#14903=CARTESIAN_POINT('',(0.178174441815471,-0.0363652116386114,0.006223));
#14904=CARTESIAN_POINT('',(0.179175072455738,-0.0363652116386114,0.006223));
#14905=CARTESIAN_POINT('',(0.178174441815471,-0.0373658422788785,0.006223));
#14906=CARTESIAN_POINT('',(0.170242,-0.0373658422788785,0.006223));
#14907=CARTESIAN_POINT('',(0.165158045168526,-0.0373658422788785,0.006223));
#14908=CARTESIAN_POINT('',(0.165158045168526,-0.0363652116386114,0.006223));
#14909=CARTESIAN_POINT('',(0.164157414528258,-0.0363652116386114,0.006223));
#14910=CARTESIAN_POINT('',(0.164157414528258,-0.07197,0.006223));
#14911=CARTESIAN_POINT('',(0.164157414528258,-0.023348815469104,0.006223));
#14912=CARTESIAN_POINT('',(0.165158045168526,-0.023348815469104,0.006223));
#14913=CARTESIAN_POINT('',(0.165158045168526,-0.0223481848288368,0.006223));
#14914=CARTESIAN_POINT('',(0.170242,-0.0223481848288368,0.006223));
#14915=CARTESIAN_POINT('',(0.178174441815471,-0.0223481848288368,0.006223));
#14916=CARTESIAN_POINT('',(0.178174441815471,-0.023348815469104,0.006223));
#14917=CARTESIAN_POINT('',(0.179175072455738,-0.023348815469104,0.006223));
#14918=CARTESIAN_POINT('',(0.179175072455738,-0.07197,0.006223));
#14919=CARTESIAN_POINT('',(0.221091510683123,-0.098356305226786,0.006223));
#14920=CARTESIAN_POINT('',(0.222092141323391,-0.0983563052267861,0.006223));
#14921=CARTESIAN_POINT('',(0.221091510683123,-0.0993569358670532,0.006223));
#14922=CARTESIAN_POINT('',(0.170242,-0.0993569358670532,0.006223));
#14923=CARTESIAN_POINT('',(0.208075114036178,-0.0993569358670532,0.006223));
#14924=CARTESIAN_POINT('',(0.208075114036178,-0.098356305226786,0.006223));
#14925=CARTESIAN_POINT('',(0.207074483395911,-0.098356305226786,0.006223));
#14926=CARTESIAN_POINT('',(0.207074483395911,-0.07197,0.006223));
#14927=CARTESIAN_POINT('',(0.207074483395911,-0.0853399085798402,0.006223));
#14928=CARTESIAN_POINT('',(0.208075114036178,-0.0853399085798402,0.006223));
#14929=CARTESIAN_POINT('',(0.208075114036178,-0.0843392779395731,0.006223));
#14930=CARTESIAN_POINT('',(0.170242,-0.0843392779395731,0.006223));
#14931=CARTESIAN_POINT('',(0.221091510683123,-0.0843392779395731,0.006223));
#14932=CARTESIAN_POINT('',(0.221091510683123,-0.0853399085798402,0.006223));
#14933=CARTESIAN_POINT('',(0.222092141323391,-0.0853399085798402,0.006223));
#14934=CARTESIAN_POINT('',(0.222092141323391,-0.07197,0.006223));
#14935=CARTESIAN_POINT('',(0.244933540750703,-0.136504358487339,0.006223));
#14936=CARTESIAN_POINT('',(0.24593417139097,-0.136504358487339,0.006223));
#14937=CARTESIAN_POINT('',(0.244933540750703,-0.137504989127606,0.006223));
#14938=CARTESIAN_POINT('',(0.170242,-0.137504989127606,0.006223));
#14939=CARTESIAN_POINT('',(0.231917144103756,-0.137504989127607,0.006223));
#14940=CARTESIAN_POINT('',(0.231917144103756,-0.136504358487339,0.006223));
#14941=CARTESIAN_POINT('',(0.230916513463489,-0.136504358487339,0.006223));
#14942=CARTESIAN_POINT('',(0.230916513463489,-0.07197,0.006223));
#14943=CARTESIAN_POINT('',(0.230916513463489,-0.123487961840393,0.006223));
#14944=CARTESIAN_POINT('',(0.231917144103756,-0.123487961840393,0.006223));
#14945=CARTESIAN_POINT('',(0.231917144103756,-0.122487331200126,0.006223));
#14946=CARTESIAN_POINT('',(0.170242,-0.122487331200126,0.006223));
#14947=CARTESIAN_POINT('',(0.244933540750703,-0.122487331200126,0.006223));
#14948=CARTESIAN_POINT('',(0.244933540750703,-0.123487961840393,0.006223));
#14949=CARTESIAN_POINT('',(0.24593417139097,-0.123487961840393,0.006223));
#14950=CARTESIAN_POINT('',(0.24593417139097,-0.07197,0.006223));
#14951=CARTESIAN_POINT('',(0.187711464679381,-0.0602082481467241,0.006223));
#14952=CARTESIAN_POINT('',(0.188712095319648,-0.0602082481467241,0.006223));
#14953=CARTESIAN_POINT('',(0.187711464679381,-0.0612088787869913,0.006223));
#14954=CARTESIAN_POINT('',(0.170242,-0.0612088787869913,0.006223));
#14955=CARTESIAN_POINT('',(0.174695068032436,-0.0612088787869912,0.006223));
#14956=CARTESIAN_POINT('',(0.174695068032436,-0.0602082481467241,0.006223));
#14957=CARTESIAN_POINT('',(0.173694437392168,-0.0602082481467241,0.006223));
#14958=CARTESIAN_POINT('',(0.173694437392168,-0.07197,0.006223));
#14959=CARTESIAN_POINT('',(0.173694437392168,-0.0471918495900239,0.006223));
#14960=CARTESIAN_POINT('',(0.174695068032436,-0.0471918495900239,0.006223));
#14961=CARTESIAN_POINT('',(0.174695068032436,-0.0461912189497568,0.006223));
#14962=CARTESIAN_POINT('',(0.170242,-0.0461912189497568,0.006223));
#14963=CARTESIAN_POINT('',(0.187711464679381,-0.0461912189497568,0.006223));
#14964=CARTESIAN_POINT('',(0.187711464679381,-0.0471918495900239,0.006223));
#14965=CARTESIAN_POINT('',(0.188712095319648,-0.0471918495900239,0.006223));
#14966=CARTESIAN_POINT('',(0.188712095319648,-0.07197,0.006223));
#14967=CARTESIAN_POINT('',(0.324234829056602,-0.07197,0.006223));
#14968=CARTESIAN_POINT('',(0.324234829056603,-0.0517255443662853,0.006223));
#14969=CARTESIAN_POINT('',(0.324234829056602,-0.0387091477182597,0.006223));
#14970=CARTESIAN_POINT('',(0.32473545969687,-0.0387091477182597,0.006223));
#14971=CARTESIAN_POINT('',(0.32473545969687,-0.0382085170779925,0.006223));
#14972=CARTESIAN_POINT('',(0.170242,-0.0382085170779924,0.006223));
#14973=CARTESIAN_POINT('',(0.337751856344896,-0.0382085170779924,0.006223));
#14974=CARTESIAN_POINT('',(0.337751856344896,-0.0387091477182597,0.006223));
#14975=CARTESIAN_POINT('',(0.338252486985163,-0.0387091477182597,0.006223));
#14976=CARTESIAN_POINT('',(0.338252486985162,-0.07197,0.006223));
#14977=CARTESIAN_POINT('',(0.338252486985162,-0.0517255443662853,0.006223));
#14978=CARTESIAN_POINT('',(0.337751856344896,-0.0517255443662853,0.006223));
#14979=CARTESIAN_POINT('',(0.337751856344896,-0.0522261750065523,0.006223));
#14980=CARTESIAN_POINT('',(0.170242,-0.0522261750065523,0.006223));
#14981=CARTESIAN_POINT('',(0.32473545969687,-0.0522261750065523,0.006223));
#14982=CARTESIAN_POINT('',(0.32473545969687,-0.0517255443662853,0.006223));
#14983=CARTESIAN_POINT('',(0.159100411365686,-0.0363652116386114,0.006223));
#14984=CARTESIAN_POINT('',(0.160101042005953,-0.0363652116386114,0.006223));
#14985=CARTESIAN_POINT('',(0.159100411365686,-0.0373658422788785,0.006223));
#14986=CARTESIAN_POINT('',(0.170242,-0.0373658422788785,0.006223));
#14987=CARTESIAN_POINT('',(0.14608401471874,-0.0373658422788785,0.006223));
#14988=CARTESIAN_POINT('',(0.14608401471874,-0.0363652116386114,0.006223));
#14989=CARTESIAN_POINT('',(0.145083384078473,-0.0363652116386114,0.006223));
#14990=CARTESIAN_POINT('',(0.145083384078473,-0.07197,0.006223));
#14991=CARTESIAN_POINT('',(0.145083384078473,-0.023348815469104,0.006223));
#14992=CARTESIAN_POINT('',(0.14608401471874,-0.023348815469104,0.006223));
#14993=CARTESIAN_POINT('',(0.14608401471874,-0.0223481848288368,0.006223));
#14994=CARTESIAN_POINT('',(0.170242,-0.0223481848288368,0.006223));
#14995=CARTESIAN_POINT('',(0.159100411365686,-0.0223481848288368,0.006223));
#14996=CARTESIAN_POINT('',(0.159100411365686,-0.023348815469104,0.006223));
#14997=CARTESIAN_POINT('',(0.160101042005953,-0.023348815469104,0.006223));
#14998=CARTESIAN_POINT('',(0.160101042005953,-0.07197,0.006223));
#14999=CARTESIAN_POINT('',(0.324234829056602,-0.07197,0.006223));
#15000=CARTESIAN_POINT('',(0.324234829056603,-0.0326515158240453,0.006223));
#15001=CARTESIAN_POINT('',(0.324234829056602,-0.0196351191770994,0.006223));
#15002=CARTESIAN_POINT('',(0.324735459696826,-0.0196351191770994,0.006223));
#15003=CARTESIAN_POINT('',(0.324735459696826,-0.0191344885368752,0.006223));
#15004=CARTESIAN_POINT('',(0.170242,-0.0191344885368752,0.006223));
#15005=CARTESIAN_POINT('',(0.337751856343773,-0.0191344885368752,0.006223));
#15006=CARTESIAN_POINT('',(0.337751856343773,-0.0196351191770995,0.006223));
#15007=CARTESIAN_POINT('',(0.338252486983997,-0.0196351191770995,0.006223));
#15008=CARTESIAN_POINT('',(0.338252486983997,-0.07197,0.006223));
#15009=CARTESIAN_POINT('',(0.338252486983996,-0.0326515158240453,0.006223));
#15010=CARTESIAN_POINT('',(0.33775185634373,-0.0326515158240453,0.006223));
#15011=CARTESIAN_POINT('',(0.33775185634373,-0.0331521464643124,0.006223));
#15012=CARTESIAN_POINT('',(0.170242,-0.0331521464643125,0.006223));
#15013=CARTESIAN_POINT('',(0.32473545969687,-0.0331521464643125,0.006223));
#15014=CARTESIAN_POINT('',(0.32473545969687,-0.0326515158240453,0.006223));
#15015=CARTESIAN_POINT('',(0.149563403779811,-0.0602082481467241,0.006223));
#15016=CARTESIAN_POINT('',(0.150564034420077,-0.0602082481467241,0.006223));
#15017=CARTESIAN_POINT('',(0.149563403779811,-0.0612088787869913,0.006223));
#15018=CARTESIAN_POINT('',(0.170242,-0.0612088787869913,0.006223));
#15019=CARTESIAN_POINT('',(0.136547007132865,-0.0612088787869912,0.006223));
#15020=CARTESIAN_POINT('',(0.136547007132865,-0.0602082481467241,0.006223));
#15021=CARTESIAN_POINT('',(0.135546376492598,-0.0602082481467241,0.006223));
#15022=CARTESIAN_POINT('',(0.135546376492598,-0.07197,0.006223));
#15023=CARTESIAN_POINT('',(0.135546376492598,-0.0471918495900239,0.006223));
#15024=CARTESIAN_POINT('',(0.136547007132865,-0.0471918495900239,0.006223));
#15025=CARTESIAN_POINT('',(0.136547007132865,-0.0461912189497568,0.006223));
#15026=CARTESIAN_POINT('',(0.170242,-0.0461912189497568,0.006223));
#15027=CARTESIAN_POINT('',(0.149563403779811,-0.0461912189497568,0.006223));
#15028=CARTESIAN_POINT('',(0.149563403779811,-0.0471918495900239,0.006223));
#15029=CARTESIAN_POINT('',(0.150564034420077,-0.0471918495900239,0.006223));
#15030=CARTESIAN_POINT('',(0.150564034420077,-0.07197,0.006223));
#15031=CARTESIAN_POINT('',(0.320742,-0.00421999999999991,0.006223));
#15032=CARTESIAN_POINT('',(0.318456,-0.00421999999999991,0.006223));
#15033=CARTESIAN_POINT('',(0.151992,-0.00421999999999991,0.006223));
#15034=CARTESIAN_POINT('',(0.149706,-0.00421999999999991,0.006223));
#15035=CARTESIAN_POINT('',(0.285812,-0.14778,0.006223));
#15036=CARTESIAN_POINT('',(0.283526,-0.14778,0.006223));
#15037=CARTESIAN_POINT('',(0.170242,-0.14778,0.006223));
#15038=CARTESIAN_POINT('',(0.167956,-0.14778,0.006223));
#15039=CARTESIAN_POINT('',(0.344302,-0.10595,0.006223));
#15040=CARTESIAN_POINT('',(0.342016,-0.10595,0.006223));
#15041=CARTESIAN_POINT('',(0.344302,-0.03799,0.006223));
#15042=CARTESIAN_POINT('',(0.342016,-0.03799,0.006223));
#15043=CARTESIAN_POINT('',(0.340492,-0.01894,0.006223));
#15044=CARTESIAN_POINT('',(0.340111,-0.01894,0.006223));
#15045=CARTESIAN_POINT('',(0.340873,-0.01894,0.006223));
#15046=CARTESIAN_POINT('',(0.340873,-0.07197,0.006223));
#15047=CARTESIAN_POINT('',(0.340873,-0.05704,0.006223));
#15048=CARTESIAN_POINT('',(0.340492,-0.05704,0.006223));
#15049=CARTESIAN_POINT('',(0.340111,-0.05704,0.006223));
#15050=CARTESIAN_POINT('',(0.340111,-0.07197,0.006223));
#15051=CARTESIAN_POINT('',(0.340492,-0.125,0.006223));
#15052=CARTESIAN_POINT('',(0.340873,-0.125,0.006223));
#15053=CARTESIAN_POINT('',(0.340111,-0.125,0.006223));
#15054=CARTESIAN_POINT('',(0.340111,-0.07197,0.006223));
#15055=CARTESIAN_POINT('',(0.340111,-0.0869,0.006223));
#15056=CARTESIAN_POINT('',(0.340492,-0.0869,0.006223));
#15057=CARTESIAN_POINT('',(0.340873,-0.0869,0.006223));
#15058=CARTESIAN_POINT('',(0.340873,-0.07197,0.006223));
#15059=CARTESIAN_POINT('',(0.170242,-0.143589,0.006223));
#15060=CARTESIAN_POINT('',(0.195642,-0.143589,0.006223));
#15061=CARTESIAN_POINT('',(0.144842,-0.143589,0.006223));
#15062=CARTESIAN_POINT('',(0.144842,-0.142954,0.006223));
#15063=CARTESIAN_POINT('',(0.144842,-0.142319,0.006223));
#15064=CARTESIAN_POINT('',(0.170242,-0.142319,0.006223));
#15065=CARTESIAN_POINT('',(0.195642,-0.142319,0.006223));
#15066=CARTESIAN_POINT('',(0.195642,-0.142954,0.006223));
#15067=CARTESIAN_POINT('',(0.311212,-0.144224,0.006223));
#15068=CARTESIAN_POINT('',(0.311212,-0.143843,0.006223));
#15069=CARTESIAN_POINT('',(0.311212,-0.144605,0.006223));
#15070=CARTESIAN_POINT('',(0.170242,-0.144605,0.006223));
#15071=CARTESIAN_POINT('',(0.260412,-0.144605,0.006223));
#15072=CARTESIAN_POINT('',(0.260412,-0.144224,0.006223));
#15073=CARTESIAN_POINT('',(0.260412,-0.143843,0.006223));
#15074=CARTESIAN_POINT('',(0.170242,-0.143843,0.006223));
#15075=CARTESIAN_POINT('',(0.117472976683079,-0.0461912189497568,0.003048));
#15076=CARTESIAN_POINT('',(0.117472976683079,-0.0461912189497568,0.003048));
#15077=CARTESIAN_POINT('',(0.130489373330025,-0.0461912189497568,0.003048));
#15078=CARTESIAN_POINT('',(0.130489373330025,-0.0461912189497568,0.003048));
#15079=CARTESIAN_POINT('',(0.260412,-0.144224,0.006223));
#15080=CARTESIAN_POINT('',(0.260412,-0.144224,0.003048));
#15081=CARTESIAN_POINT('',(0.260412,-0.143843,0.003048));
#15082=CARTESIAN_POINT('',(0.260412,-0.144605,0.003048));
#15083=CARTESIAN_POINT('',(0.260412,-0.143843,0.006223));
#15084=CARTESIAN_POINT('',(0.260412,-0.144605,0.006223));
#15085=CARTESIAN_POINT('',(0.311212,-0.144605,0.006223));
#15086=CARTESIAN_POINT('',(0.170242,-0.144605,0.003048));
#15087=CARTESIAN_POINT('',(0.311212,-0.144605,0.003048));
#15088=CARTESIAN_POINT('',(0.311212,-0.144605,0.006223));
#15089=CARTESIAN_POINT('',(0.311212,-0.144224,0.006223));
#15090=CARTESIAN_POINT('',(0.311212,-0.144224,0.003048));
#15091=CARTESIAN_POINT('',(0.311212,-0.143843,0.003048));
#15092=CARTESIAN_POINT('',(0.311212,-0.143843,0.006223));
#15093=CARTESIAN_POINT('',(0.260412,-0.143843,0.006223));
#15094=CARTESIAN_POINT('',(0.170242,-0.143843,0.003048));
#15095=CARTESIAN_POINT('',(0.144842,-0.142319,0.006223));
#15096=CARTESIAN_POINT('',(0.170242,-0.142319,0.003048));
#15097=CARTESIAN_POINT('',(0.195642,-0.142319,0.003048));
#15098=CARTESIAN_POINT('',(0.144842,-0.142319,0.003048));
#15099=CARTESIAN_POINT('',(0.195642,-0.142319,0.006223));
#15100=CARTESIAN_POINT('',(0.144842,-0.142319,0.006223));
#15101=CARTESIAN_POINT('',(0.144842,-0.142954,0.006223));
#15102=CARTESIAN_POINT('',(0.144842,-0.142954,0.003048));
#15103=CARTESIAN_POINT('',(0.144842,-0.143589,0.003048));
#15104=CARTESIAN_POINT('',(0.144842,-0.143589,0.006223));
#15105=CARTESIAN_POINT('',(0.195642,-0.143589,0.006223));
#15106=CARTESIAN_POINT('',(0.170242,-0.143589,0.003048));
#15107=CARTESIAN_POINT('',(0.195642,-0.143589,0.003048));
#15108=CARTESIAN_POINT('',(0.195642,-0.143589,0.006223));
#15109=CARTESIAN_POINT('',(0.195642,-0.142954,0.006223));
#15110=CARTESIAN_POINT('',(0.195642,-0.142954,0.003048));
#15111=CARTESIAN_POINT('',(0.340492,-0.0869,0.006223));
#15112=CARTESIAN_POINT('',(0.340492,-0.0869,0.003048));
#15113=CARTESIAN_POINT('',(0.340873,-0.0869,0.003048));
#15114=CARTESIAN_POINT('',(0.340111,-0.0869,0.003048));
#15115=CARTESIAN_POINT('',(0.340873,-0.0869,0.006223));
#15116=CARTESIAN_POINT('',(0.340111,-0.0869,0.006223));
#15117=CARTESIAN_POINT('',(0.340111,-0.125,0.006223));
#15118=CARTESIAN_POINT('',(0.340111,-0.07197,0.003048));
#15119=CARTESIAN_POINT('',(0.340111,-0.125,0.003048));
#15120=CARTESIAN_POINT('',(0.340111,-0.125,0.006223));
#15121=CARTESIAN_POINT('',(0.340492,-0.125,0.006223));
#15122=CARTESIAN_POINT('',(0.340492,-0.125,0.003048));
#15123=CARTESIAN_POINT('',(0.340873,-0.125,0.003048));
#15124=CARTESIAN_POINT('',(0.340873,-0.125,0.006223));
#15125=CARTESIAN_POINT('',(0.340873,-0.0869,0.006223));
#15126=CARTESIAN_POINT('',(0.340873,-0.07197,0.003048));
#15127=CARTESIAN_POINT('',(0.340492,-0.05704,0.006223));
#15128=CARTESIAN_POINT('',(0.340492,-0.05704,0.003048));
#15129=CARTESIAN_POINT('',(0.340111,-0.05704,0.003048));
#15130=CARTESIAN_POINT('',(0.340873,-0.05704,0.003048));
#15131=CARTESIAN_POINT('',(0.340111,-0.05704,0.006223));
#15132=CARTESIAN_POINT('',(0.340873,-0.05704,0.006223));
#15133=CARTESIAN_POINT('',(0.340873,-0.01894,0.006223));
#15134=CARTESIAN_POINT('',(0.340873,-0.07197,0.003048));
#15135=CARTESIAN_POINT('',(0.340873,-0.01894,0.003048));
#15136=CARTESIAN_POINT('',(0.340873,-0.01894,0.006223));
#15137=CARTESIAN_POINT('',(0.340492,-0.01894,0.006223));
#15138=CARTESIAN_POINT('',(0.340492,-0.01894,0.003048));
#15139=CARTESIAN_POINT('',(0.340111,-0.01894,0.003048));
#15140=CARTESIAN_POINT('',(0.340111,-0.01894,0.006223));
#15141=CARTESIAN_POINT('',(0.340111,-0.05704,0.006223));
#15142=CARTESIAN_POINT('',(0.340111,-0.07197,0.003048));
#15143=CARTESIAN_POINT('',(0.344302,-0.03799,0.006223));
#15144=CARTESIAN_POINT('',(0.344302,-0.03799,0.003048));
#15145=CARTESIAN_POINT('',(0.346207,-0.0412895567884186,0.003048));
#15146=CARTESIAN_POINT('',(0.346207,-0.0346904432115811,0.003048));
#15147=CARTESIAN_POINT('',(0.346207,-0.0346904432115812,0.006223));
#15148=CARTESIAN_POINT('',(0.346207,-0.0412895567884186,0.006223));
#15149=CARTESIAN_POINT('',(0.340492,-0.031390886423163,0.006223));
#15150=CARTESIAN_POINT('',(0.340492,-0.031390886423163,0.003048));
#15151=CARTESIAN_POINT('',(0.343032,-0.0328573561069044,0.003048));
#15152=CARTESIAN_POINT('',(0.343032,-0.0328573561069044,0.003048));
#15153=CARTESIAN_POINT('',(0.344302,-0.03799,0.006223));
#15154=CARTESIAN_POINT('',(0.344302,-0.03799,0.003048));
#15155=CARTESIAN_POINT('',(0.342016,-0.03799,0.003048));
#15156=CARTESIAN_POINT('',(0.346207,-0.0412895567884185,0.006223));
#15157=CARTESIAN_POINT('',(0.346207,-0.0412895567884185,0.003048));
#15158=CARTESIAN_POINT('',(0.343032,-0.0431226438930953,0.003048));
#15159=CARTESIAN_POINT('',(0.343032,-0.0431226438930954,0.003048));
#15160=CARTESIAN_POINT('',(0.343032,-0.13897,0.003048));
#15161=CARTESIAN_POINT('',(0.343032,-0.07197,0.003048));
#15162=CARTESIAN_POINT('',(0.343032,-0.00496999999999991,0.003048));
#15163=CARTESIAN_POINT('',(0.343032,-0.00496999999999989,0.003048));
#15164=CARTESIAN_POINT('',(0.343032,-0.13897,0.003048));
#15165=CARTESIAN_POINT('',(0.343032,-0.100817356106904,0.003048));
#15166=CARTESIAN_POINT('',(0.343032,-0.100817356106904,0.003048));
#15167=CARTESIAN_POINT('',(0.343032,-0.07197,0.003048));
#15168=CARTESIAN_POINT('',(0.004992,-0.14651,0.003048));
#15169=CARTESIAN_POINT('',(0.170242,-0.14651,0.003048));
#15170=CARTESIAN_POINT('',(0.165109356106904,-0.14651,0.003048));
#15171=CARTESIAN_POINT('',(0.165109356106904,-0.14651,0.003048));
#15172=CARTESIAN_POINT('',(0.344302,-0.10595,0.006223));
#15173=CARTESIAN_POINT('',(0.344302,-0.10595,0.003048));
#15174=CARTESIAN_POINT('',(0.346207,-0.109249556788418,0.003048));
#15175=CARTESIAN_POINT('',(0.346207,-0.102650443211581,0.003048));
#15176=CARTESIAN_POINT('',(0.346207,-0.102650443211581,0.006223));
#15177=CARTESIAN_POINT('',(0.346207,-0.109249556788418,0.006223));
#15178=CARTESIAN_POINT('',(0.340492,-0.0993508864231627,0.006223));
#15179=CARTESIAN_POINT('',(0.340492,-0.0993508864231627,0.003048));
#15180=CARTESIAN_POINT('',(0.344302,-0.10595,0.006223));
#15181=CARTESIAN_POINT('',(0.344302,-0.10595,0.003048));
#15182=CARTESIAN_POINT('',(0.342016,-0.10595,0.003048));
#15183=CARTESIAN_POINT('',(0.346207,-0.109249556788418,0.006223));
#15184=CARTESIAN_POINT('',(0.346207,-0.109249556788418,0.003048));
#15185=CARTESIAN_POINT('',(0.343032,-0.111082643893095,0.003048));
#15186=CARTESIAN_POINT('',(0.343032,-0.111082643893095,0.003048));
#15187=CARTESIAN_POINT('',(0.343032,-0.13897,0.003048));
#15188=CARTESIAN_POINT('',(0.343032,-0.13897,0.003048));
#15189=CARTESIAN_POINT('',(0.343032,-0.13897,0.003048));
#15190=CARTESIAN_POINT('',(0.343032,-0.07197,0.003048));
#15191=CARTESIAN_POINT('',(0.166942443211581,-0.149685,0.006223));
#15192=CARTESIAN_POINT('',(0.166942443211581,-0.149685,0.003048));
#15193=CARTESIAN_POINT('',(0.166942443211582,-0.149685,0.003048));
#15194=CARTESIAN_POINT('',(0.166942443211582,-0.149685,0.006223));
#15195=CARTESIAN_POINT('',(0.170242,-0.14778,0.006223));
#15196=CARTESIAN_POINT('',(0.170242,-0.14778,0.003048));
#15197=CARTESIAN_POINT('',(0.167956,-0.14778,0.003048));
#15198=CARTESIAN_POINT('',(0.170242,-0.14778,0.006223));
#15199=CARTESIAN_POINT('',(0.170242,-0.14778,0.003048));
#15200=CARTESIAN_POINT('',(0.173541556788418,-0.149685,0.003048));
#15201=CARTESIAN_POINT('',(0.173541556788418,-0.149685,0.006223));
#15202=CARTESIAN_POINT('',(0.176841113576838,-0.14397,0.006223));
#15203=CARTESIAN_POINT('',(0.176841113576838,-0.14397,0.003048));
#15204=CARTESIAN_POINT('',(0.175374643893096,-0.14651,0.003048));
#15205=CARTESIAN_POINT('',(0.175374643893096,-0.14651,0.003048));
#15206=CARTESIAN_POINT('',(0.004992,-0.14651,0.003048));
#15207=CARTESIAN_POINT('',(0.170242,-0.14651,0.003048));
#15208=CARTESIAN_POINT('',(0.280679356106903,-0.14651,0.003048));
#15209=CARTESIAN_POINT('',(0.280679356106903,-0.14651,0.003048));
#15210=CARTESIAN_POINT('',(0.28251244321158,-0.149685,0.006223));
#15211=CARTESIAN_POINT('',(0.28251244321158,-0.149685,0.003048));
#15212=CARTESIAN_POINT('',(0.282512443211581,-0.149685,0.003048));
#15213=CARTESIAN_POINT('',(0.282512443211581,-0.149685,0.006223));
#15214=CARTESIAN_POINT('',(0.285812,-0.14778,0.006223));
#15215=CARTESIAN_POINT('',(0.285812,-0.14778,0.003048));
#15216=CARTESIAN_POINT('',(0.283526,-0.14778,0.003048));
#15217=CARTESIAN_POINT('',(0.285812,-0.14778,0.006223));
#15218=CARTESIAN_POINT('',(0.285812,-0.14778,0.003048));
#15219=CARTESIAN_POINT('',(0.289111556788418,-0.149685,0.003048));
#15220=CARTESIAN_POINT('',(0.289111556788418,-0.149685,0.006223));
#15221=CARTESIAN_POINT('',(0.292411113576837,-0.14397,0.006223));
#15222=CARTESIAN_POINT('',(0.292411113576837,-0.14397,0.003048));
#15223=CARTESIAN_POINT('',(0.290944643893096,-0.14651,0.003048));
#15224=CARTESIAN_POINT('',(0.290944643893097,-0.14651,0.003048));
#15225=CARTESIAN_POINT('',(0.004992,-0.14651,0.003048));
#15226=CARTESIAN_POINT('',(0.170242,-0.14651,0.003048));
#15227=CARTESIAN_POINT('',(0.335492,-0.14651,0.003048));
#15228=CARTESIAN_POINT('',(0.335492,-0.14651,0.003048));
#15229=CARTESIAN_POINT('',(0.151992,-0.00421999999999991,0.006223));
#15230=CARTESIAN_POINT('',(0.151992,-0.00421999999999991,0.003048));
#15231=CARTESIAN_POINT('',(0.149706,-0.00421999999999991,0.003048));
#15232=CARTESIAN_POINT('',(0.320742,-0.00421999999999991,0.006223));
#15233=CARTESIAN_POINT('',(0.320742,-0.00421999999999991,0.003048));
#15234=CARTESIAN_POINT('',(0.318456,-0.00421999999999991,0.003048));
#15235=CARTESIAN_POINT('',(0.251117,-0.010978,0.004699));
#15236=CARTESIAN_POINT('',(0.333008,-0.011486,0.006223));
#15237=CARTESIAN_POINT('',(0.331992,-0.01047,0.00317500000000004));
#15238=CARTESIAN_POINT('',(0.251117,-0.01047,0.003175));
#15239=CARTESIAN_POINT('',(0.325992,-0.01047,0.003175));
#15240=CARTESIAN_POINT('',(0.325992,-0.01047,0.003175));
#15241=CARTESIAN_POINT('',(0.3325,-0.03822,0.004699));
#15242=CARTESIAN_POINT('',(0.333008,-0.0034539999999999,0.006223));
#15243=CARTESIAN_POINT('',(0.331992,-0.0044699999999999,0.003175));
#15244=CARTESIAN_POINT('',(0.331992,-0.03822,0.003175));
#15245=CARTESIAN_POINT('',(0.248117,-0.0039619999999999,0.004699));
#15246=CARTESIAN_POINT('',(0.324976,-0.0034539999999999,0.006223));
#15247=CARTESIAN_POINT('',(0.325992,-0.0044699999999999,0.003175));
#15248=CARTESIAN_POINT('',(0.248117,-0.0044699999999999,0.003175));
#15249=CARTESIAN_POINT('',(0.325484,-0.04122,0.004699));
#15250=CARTESIAN_POINT('',(0.325992,-0.04122,0.003175));
#15251=CARTESIAN_POINT('',(0.325992,-0.01047,0.006223));
#15252=CARTESIAN_POINT('',(0.325992,-0.01047,0.006223));
#15253=CARTESIAN_POINT('',(0.325992,-0.01047,0.003048));
#15254=CARTESIAN_POINT('',(0.325992,-0.07197,0.003048));
#15255=CARTESIAN_POINT('',(0.325992,-0.0044699999999999,0.003048));
#15256=CARTESIAN_POINT('',(0.325992,-0.0044699999999999,0.006223));
#15257=CARTESIAN_POINT('',(0.331992,-0.01047,0.006223));
#15258=CARTESIAN_POINT('',(0.331992,-0.01047,0.006223));
#15259=CARTESIAN_POINT('',(0.331992,-0.01047,0.003048));
#15260=CARTESIAN_POINT('',(0.170242,-0.01047,0.003048));
#15261=CARTESIAN_POINT('',(0.102690958332857,-0.00583499999999993,0.004699));
#15262=CARTESIAN_POINT('',(0.102690958332857,-0.00646999999999993,0.003175));
#15263=CARTESIAN_POINT('',(0.146742,-0.00646999999999993,0.003175));
#15264=CARTESIAN_POINT('',(0.146742,-0.00583499999999993,0.004699));
#15265=CARTESIAN_POINT('',(0.0351399166657147,-0.0064699999999999,0.006223));
#15266=CARTESIAN_POINT('',(0.170242,-0.00646999999999993,0.003048));
#15267=CARTESIAN_POINT('',(0.146742,-0.00646999999999993,0.003048));
#15268=CARTESIAN_POINT('',(0.146742,-0.00646999999999993,0.006223));
#15269=CARTESIAN_POINT('',(0.284432,-0.017124,0.006223));
#15270=CARTESIAN_POINT('',(0.277574,-0.017124,0.006223));
#15271=CARTESIAN_POINT('',(0.277574,-0.017124,0.003048));
#15272=CARTESIAN_POINT('',(0.170242,-0.017124,0.003048));
#15273=CARTESIAN_POINT('',(0.15685,-0.017124,0.003048));
#15274=CARTESIAN_POINT('',(0.15685,-0.017124,0.006223));
#15275=CARTESIAN_POINT('',(0.315992,-0.05222,0.006223));
#15276=CARTESIAN_POINT('',(0.170242,-0.05222,0.003048));
#15277=CARTESIAN_POINT('',(0.292992,-0.05222,0.003048));
#15278=CARTESIAN_POINT('',(0.315992,-0.05222,0.003048));
#15279=CARTESIAN_POINT('',(0.292992,-0.05222,0.006223));
#15280=CARTESIAN_POINT('',(0.315992,-0.05222,0.006223));
#15281=CARTESIAN_POINT('',(0.315992,3.00000000000723E-5,0.006223));
#15282=CARTESIAN_POINT('',(0.315992,-0.07197,0.003048));
#15283=CARTESIAN_POINT('',(0.315992,0.00257000000000008,0.003048));
#15284=CARTESIAN_POINT('',(0.315992,0.00257000000000008,0.003048));
#15285=CARTESIAN_POINT('',(0.292992,-0.05222,0.006223));
#15286=CARTESIAN_POINT('',(0.292992,-0.07197,0.003048));
#15287=CARTESIAN_POINT('',(0.292992,0.00257000000000008,0.003048));
#15288=CARTESIAN_POINT('',(0.292992,0.00257000000000008,0.003048));
#15289=CARTESIAN_POINT('',(0.287547,-0.071385,0.006223));
#15290=CARTESIAN_POINT('',(0.287547,-0.07197,0.003048));
#15291=CARTESIAN_POINT('',(0.287547,-0.057285,0.003048));
#15292=CARTESIAN_POINT('',(0.287547,-0.071385,0.003048));
#15293=CARTESIAN_POINT('',(0.287547,-0.057285,0.006223));
#15294=CARTESIAN_POINT('',(0.287547,-0.071385,0.006223));
#15295=CARTESIAN_POINT('',(0.327847,-0.071385,0.006223));
#15296=CARTESIAN_POINT('',(0.170242,-0.071385,0.003048));
#15297=CARTESIAN_POINT('',(0.327847,-0.071385,0.003048));
#15298=CARTESIAN_POINT('',(0.327847,-0.071385,0.006223));
#15299=CARTESIAN_POINT('',(0.327847,-0.057285,0.006223));
#15300=CARTESIAN_POINT('',(0.327847,-0.07197,0.003048));
#15301=CARTESIAN_POINT('',(0.327847,-0.057285,0.003048));
#15302=CARTESIAN_POINT('',(0.327847,-0.057285,0.006223));
#15303=CARTESIAN_POINT('',(0.287547,-0.057285,0.006223));
#15304=CARTESIAN_POINT('',(0.170242,-0.057285,0.003048));
#15305=CARTESIAN_POINT('',(0.277574,3.00000000000723E-5,0.006223));
#15306=CARTESIAN_POINT('',(0.277574,-0.07197,0.003048));
#15307=CARTESIAN_POINT('',(0.277574,0.00257000000000008,0.003048));
#15308=CARTESIAN_POINT('',(0.277574,0.00257000000000008,0.003048));
#15309=CARTESIAN_POINT('',(0.15685,-0.008996,0.006223));
#15310=CARTESIAN_POINT('',(0.15685,-0.07197,0.003048));
#15311=CARTESIAN_POINT('',(0.146742,-0.00646999999999993,0.006223));
#15312=CARTESIAN_POINT('',(0.146742,-0.07197,0.003048));
#15313=CARTESIAN_POINT('',(0.325992,-0.0044699999999999,0.006223));
#15314=CARTESIAN_POINT('',(0.170242,-0.00446999999999989,0.003048));
#15315=CARTESIAN_POINT('',(0.331992,-0.0044699999999999,0.003048));
#15316=CARTESIAN_POINT('',(0.331992,-0.0044699999999999,0.006223));
#15317=CARTESIAN_POINT('',(0.331992,-0.0044699999999999,0.006223));
#15318=CARTESIAN_POINT('',(0.331992,-0.07197,0.003048));
#15319=CARTESIAN_POINT('',(0.335492,0.00257000000000008,0.003048));
#15320=CARTESIAN_POINT('',(0.335492,0.00257000000000005,0.003048));
#15321=CARTESIAN_POINT('',(0.335492,0.00257000000000007,0.003048));
#15322=CARTESIAN_POINT('',(0.170242,0.00257000000000008,0.003048));
#15323=CARTESIAN_POINT('',(0.170242,-0.07197,0.003048));
#15324=CARTESIAN_POINT('',(0.184201030651849,-0.138506881048408,0.003048));
#15325=CARTESIAN_POINT('',(0.185201661292116,-0.138506881048408,0.003048));
#15326=CARTESIAN_POINT('',(0.185201661292116,-0.124489223120928,0.003048));
#15327=CARTESIAN_POINT('',(0.185201661292116,-0.124489223120928,0.003048));
#15328=CARTESIAN_POINT('',(0.184201030651849,-0.124489223120928,0.003048));
#15329=CARTESIAN_POINT('',(0.184201030651849,-0.123488592480661,0.003048));
#15330=CARTESIAN_POINT('',(0.178193462968643,-0.123488592480661,0.003048));
#15331=CARTESIAN_POINT('',(0.178193462968643,-0.123488592480661,0.003048));
#15332=CARTESIAN_POINT('',(0.178193462968643,-0.124489223120928,0.003048));
#15333=CARTESIAN_POINT('',(0.177192832328376,-0.124489223120928,0.003048));
#15334=CARTESIAN_POINT('',(0.177192832328376,-0.136504358487339,0.003048));
#15335=CARTESIAN_POINT('',(0.177192832328376,-0.136504358487339,0.003048));
#15336=CARTESIAN_POINT('',(0.138643011747271,-0.136504358487339,0.003048));
#15337=CARTESIAN_POINT('',(0.138643011747271,-0.136504358487339,0.003048));
#15338=CARTESIAN_POINT('',(0.138643011747271,-0.123487961840393,0.003048));
#15339=CARTESIAN_POINT('',(0.138643011747271,-0.123487961840393,0.003048));
#15340=CARTESIAN_POINT('',(0.137642381107004,-0.123487961840393,0.003048));
#15341=CARTESIAN_POINT('',(0.135258381298107,-0.118430958677821,0.003048));
#15342=CARTESIAN_POINT('',(0.135258381298107,-0.118430958677821,0.003048));
#15343=CARTESIAN_POINT('',(0.135258381298107,-0.117430328037554,0.003048));
#15344=CARTESIAN_POINT('',(0.136259011938374,-0.117430328037554,0.003048));
#15345=CARTESIAN_POINT('',(0.136259011938374,-0.104413931390608,0.003048));
#15346=CARTESIAN_POINT('',(0.136259011938374,-0.104413931390608,0.003048));
#15347=CARTESIAN_POINT('',(0.135258381298107,-0.104413931390608,0.003048));
#15348=CARTESIAN_POINT('',(0.140026396193935,-0.0802829054172678,0.003048));
#15349=CARTESIAN_POINT('',(0.140026396193935,-0.0802829054172679,0.003048));
#15350=CARTESIAN_POINT('',(0.140026396193935,-0.0792822747770007,0.003048));
#15351=CARTESIAN_POINT('',(0.141027026834202,-0.0792822747770007,0.003048));
#15352=CARTESIAN_POINT('',(0.141027026834202,-0.0662658781300549,0.003048));
#15353=CARTESIAN_POINT('',(0.141027026834202,-0.0662658781300549,0.003048));
#15354=CARTESIAN_POINT('',(0.140026396193935,-0.0662658781300549,0.003048));
#15355=CARTESIAN_POINT('',(0.130489373330025,-0.0612088787869912,0.003048));
#15356=CARTESIAN_POINT('',(0.130489373330025,-0.0612088787869913,0.003048));
#15357=CARTESIAN_POINT('',(0.130489373330025,-0.0602082481467241,0.003048));
#15358=CARTESIAN_POINT('',(0.131490003970292,-0.0602082481467241,0.003048));
#15359=CARTESIAN_POINT('',(0.131490003970292,-0.0471918495900239,0.003048));
#15360=CARTESIAN_POINT('',(0.131490003970292,-0.0471918495900239,0.003048));
#15361=CARTESIAN_POINT('',(0.130489373330025,-0.0471918495900239,0.003048));
#15362=CARTESIAN_POINT('',(0.140026396193935,-0.0373658422788785,0.003048));
#15363=CARTESIAN_POINT('',(0.140026396193935,-0.0373658422788785,0.003048));
#15364=CARTESIAN_POINT('',(0.140026396193935,-0.0363652116386114,0.003048));
#15365=CARTESIAN_POINT('',(0.141027026834202,-0.0363652116386114,0.003048));
#15366=CARTESIAN_POINT('',(0.141027026834202,-0.023348815469104,0.003048));
#15367=CARTESIAN_POINT('',(0.141027026834202,-0.023348815469104,0.003048));
#15368=CARTESIAN_POINT('',(0.140026396193935,-0.023348815469104,0.003048));
#15369=CARTESIAN_POINT('',(0.140026396193935,-0.0223481848288368,0.003048));
#15370=CARTESIAN_POINT('',(0.127009991907972,-0.0223481848288368,0.003048));
#15371=CARTESIAN_POINT('',(0.170242,0.00257000000000008,0.003048));
#15372=CARTESIAN_POINT('',(0.335492,-0.00496999999999993,0.003048));
#15373=CARTESIAN_POINT('',(0.335492,-0.13897,0.003048));
#15374=CARTESIAN_POINT('',(0.149563403779811,-0.0602082481467241,0.003048));
#15375=CARTESIAN_POINT('',(0.150564034420077,-0.0602082481467241,0.003048));
#15376=CARTESIAN_POINT('',(0.149563403779811,-0.0612088787869913,0.003048));
#15377=CARTESIAN_POINT('',(0.150564034420077,-0.0471918495900239,0.003048));
#15378=CARTESIAN_POINT('',(0.150564034420077,-0.0471918495900239,0.003048));
#15379=CARTESIAN_POINT('',(0.149563403779811,-0.0471918495900239,0.003048));
#15380=CARTESIAN_POINT('',(0.149563403779811,-0.0461912189497568,0.003048));
#15381=CARTESIAN_POINT('',(0.136547007132865,-0.0461912189497568,0.003048));
#15382=CARTESIAN_POINT('',(0.136547007132865,-0.0461912189497568,0.003048));
#15383=CARTESIAN_POINT('',(0.136547007132865,-0.0471918495900239,0.003048));
#15384=CARTESIAN_POINT('',(0.135546376492598,-0.0471918495900239,0.003048));
#15385=CARTESIAN_POINT('',(0.135546376492598,-0.0602082481467241,0.003048));
#15386=CARTESIAN_POINT('',(0.135546376492598,-0.0602082481467241,0.003048));
#15387=CARTESIAN_POINT('',(0.136547007132865,-0.0602082481467241,0.003048));
#15388=CARTESIAN_POINT('',(0.136547007132865,-0.0612088787869912,0.003048));
#15389=CARTESIAN_POINT('',(0.149563403779811,-0.0612088787869912,0.003048));
#15390=CARTESIAN_POINT('',(0.324234829056602,-0.0326515158240453,0.003048));
#15391=CARTESIAN_POINT('',(0.324234829056602,-0.0326515158240453,0.003048));
#15392=CARTESIAN_POINT('',(0.324234829056602,-0.0196351191770994,0.003048));
#15393=CARTESIAN_POINT('',(0.32473545969687,-0.0326515158240453,0.003048));
#15394=CARTESIAN_POINT('',(0.32473545969687,-0.0331521464643125,0.003048));
#15395=CARTESIAN_POINT('',(0.33775185634373,-0.0331521464643126,0.003048));
#15396=CARTESIAN_POINT('',(0.33775185634373,-0.0331521464643125,0.003048));
#15397=CARTESIAN_POINT('',(0.33775185634373,-0.0326515158240453,0.003048));
#15398=CARTESIAN_POINT('',(0.338252486983996,-0.0326515158240453,0.003048));
#15399=CARTESIAN_POINT('',(0.338252486983996,-0.0196351191770995,0.003048));
#15400=CARTESIAN_POINT('',(0.338252486983997,-0.0196351191770995,0.003048));
#15401=CARTESIAN_POINT('',(0.337751856343773,-0.0196351191770995,0.003048));
#15402=CARTESIAN_POINT('',(0.337751856343773,-0.0191344885368753,0.003048));
#15403=CARTESIAN_POINT('',(0.324735459696826,-0.0191344885368752,0.003048));
#15404=CARTESIAN_POINT('',(0.324735459696826,-0.0191344885368752,0.003048));
#15405=CARTESIAN_POINT('',(0.324735459696826,-0.0196351191770994,0.003048));
#15406=CARTESIAN_POINT('',(0.159100411365686,-0.0363652116386114,0.003048));
#15407=CARTESIAN_POINT('',(0.160101042005953,-0.0363652116386114,0.003048));
#15408=CARTESIAN_POINT('',(0.159100411365686,-0.0373658422788785,0.003048));
#15409=CARTESIAN_POINT('',(0.160101042005953,-0.023348815469104,0.003048));
#15410=CARTESIAN_POINT('',(0.160101042005953,-0.023348815469104,0.003048));
#15411=CARTESIAN_POINT('',(0.159100411365686,-0.023348815469104,0.003048));
#15412=CARTESIAN_POINT('',(0.159100411365686,-0.0223481848288368,0.003048));
#15413=CARTESIAN_POINT('',(0.14608401471874,-0.0223481848288368,0.003048));
#15414=CARTESIAN_POINT('',(0.14608401471874,-0.0223481848288368,0.003048));
#15415=CARTESIAN_POINT('',(0.14608401471874,-0.023348815469104,0.003048));
#15416=CARTESIAN_POINT('',(0.145083384078473,-0.023348815469104,0.003048));
#15417=CARTESIAN_POINT('',(0.145083384078473,-0.0363652116386114,0.003048));
#15418=CARTESIAN_POINT('',(0.145083384078473,-0.0363652116386114,0.003048));
#15419=CARTESIAN_POINT('',(0.14608401471874,-0.0363652116386114,0.003048));
#15420=CARTESIAN_POINT('',(0.14608401471874,-0.0373658422788785,0.003048));
#15421=CARTESIAN_POINT('',(0.159100411365686,-0.0373658422788785,0.003048));
#15422=CARTESIAN_POINT('',(0.324234829056602,-0.0517255443662853,0.003048));
#15423=CARTESIAN_POINT('',(0.324234829056602,-0.0517255443662853,0.003048));
#15424=CARTESIAN_POINT('',(0.324234829056602,-0.0387091477182597,0.003048));
#15425=CARTESIAN_POINT('',(0.32473545969687,-0.0517255443662853,0.003048));
#15426=CARTESIAN_POINT('',(0.32473545969687,-0.0522261750065523,0.003048));
#15427=CARTESIAN_POINT('',(0.337751856344896,-0.0522261750065523,0.003048));
#15428=CARTESIAN_POINT('',(0.337751856344896,-0.0522261750065523,0.003048));
#15429=CARTESIAN_POINT('',(0.337751856344896,-0.0517255443662853,0.003048));
#15430=CARTESIAN_POINT('',(0.338252486985162,-0.0517255443662853,0.003048));
#15431=CARTESIAN_POINT('',(0.338252486985162,-0.0387091477182597,0.003048));
#15432=CARTESIAN_POINT('',(0.338252486985162,-0.0387091477182597,0.003048));
#15433=CARTESIAN_POINT('',(0.337751856344896,-0.0387091477182597,0.003048));
#15434=CARTESIAN_POINT('',(0.337751856344896,-0.0382085170779924,0.003048));
#15435=CARTESIAN_POINT('',(0.32473545969687,-0.0382085170779923,0.003048));
#15436=CARTESIAN_POINT('',(0.32473545969687,-0.0382085170779924,0.003048));
#15437=CARTESIAN_POINT('',(0.32473545969687,-0.0387091477182597,0.003048));
#15438=CARTESIAN_POINT('',(0.187711464679381,-0.0602082481467241,0.003048));
#15439=CARTESIAN_POINT('',(0.188712095319648,-0.0602082481467241,0.003048));
#15440=CARTESIAN_POINT('',(0.187711464679381,-0.0612088787869913,0.003048));
#15441=CARTESIAN_POINT('',(0.188712095319648,-0.0471918495900239,0.003048));
#15442=CARTESIAN_POINT('',(0.188712095319648,-0.0471918495900239,0.003048));
#15443=CARTESIAN_POINT('',(0.187711464679381,-0.0471918495900239,0.003048));
#15444=CARTESIAN_POINT('',(0.187711464679381,-0.0461912189497568,0.003048));
#15445=CARTESIAN_POINT('',(0.174695068032436,-0.0461912189497568,0.003048));
#15446=CARTESIAN_POINT('',(0.174695068032436,-0.0461912189497568,0.003048));
#15447=CARTESIAN_POINT('',(0.174695068032436,-0.0471918495900239,0.003048));
#15448=CARTESIAN_POINT('',(0.173694437392168,-0.0471918495900239,0.003048));
#15449=CARTESIAN_POINT('',(0.173694437392168,-0.0602082481467241,0.003048));
#15450=CARTESIAN_POINT('',(0.173694437392168,-0.0602082481467241,0.003048));
#15451=CARTESIAN_POINT('',(0.174695068032436,-0.0602082481467241,0.003048));
#15452=CARTESIAN_POINT('',(0.174695068032436,-0.0612088787869912,0.003048));
#15453=CARTESIAN_POINT('',(0.187711464679381,-0.0612088787869912,0.003048));
#15454=CARTESIAN_POINT('',(0.244933540750703,-0.136504358487339,0.003048));
#15455=CARTESIAN_POINT('',(0.24593417139097,-0.136504358487339,0.003048));
#15456=CARTESIAN_POINT('',(0.244933540750703,-0.137504989127606,0.003048));
#15457=CARTESIAN_POINT('',(0.24593417139097,-0.123487961840393,0.003048));
#15458=CARTESIAN_POINT('',(0.24593417139097,-0.123487961840393,0.003048));
#15459=CARTESIAN_POINT('',(0.244933540750703,-0.123487961840393,0.003048));
#15460=CARTESIAN_POINT('',(0.244933540750703,-0.122487331200126,0.003048));
#15461=CARTESIAN_POINT('',(0.231917144103756,-0.122487331200126,0.003048));
#15462=CARTESIAN_POINT('',(0.231917144103756,-0.122487331200126,0.003048));
#15463=CARTESIAN_POINT('',(0.231917144103756,-0.123487961840393,0.003048));
#15464=CARTESIAN_POINT('',(0.230916513463489,-0.123487961840393,0.003048));
#15465=CARTESIAN_POINT('',(0.230916513463489,-0.136504358487339,0.003048));
#15466=CARTESIAN_POINT('',(0.230916513463489,-0.136504358487339,0.003048));
#15467=CARTESIAN_POINT('',(0.231917144103756,-0.136504358487339,0.003048));
#15468=CARTESIAN_POINT('',(0.231917144103756,-0.137504989127607,0.003048));
#15469=CARTESIAN_POINT('',(0.244933540750703,-0.137504989127607,0.003048));
#15470=CARTESIAN_POINT('',(0.221091510683123,-0.098356305226786,0.003048));
#15471=CARTESIAN_POINT('',(0.222092141323391,-0.0983563052267861,0.003048));
#15472=CARTESIAN_POINT('',(0.221091510683123,-0.0993569358670532,0.003048));
#15473=CARTESIAN_POINT('',(0.222092141323391,-0.0853399085798402,0.003048));
#15474=CARTESIAN_POINT('',(0.222092141323391,-0.0853399085798402,0.003048));
#15475=CARTESIAN_POINT('',(0.221091510683123,-0.0853399085798402,0.003048));
#15476=CARTESIAN_POINT('',(0.221091510683123,-0.0843392779395731,0.003048));
#15477=CARTESIAN_POINT('',(0.208075114036178,-0.0843392779395731,0.003048));
#15478=CARTESIAN_POINT('',(0.208075114036178,-0.0843392779395731,0.003048));
#15479=CARTESIAN_POINT('',(0.208075114036178,-0.0853399085798402,0.003048));
#15480=CARTESIAN_POINT('',(0.207074483395911,-0.0853399085798402,0.003048));
#15481=CARTESIAN_POINT('',(0.207074483395911,-0.098356305226786,0.003048));
#15482=CARTESIAN_POINT('',(0.207074483395911,-0.098356305226786,0.003048));
#15483=CARTESIAN_POINT('',(0.208075114036178,-0.098356305226786,0.003048));
#15484=CARTESIAN_POINT('',(0.208075114036178,-0.0993569358670531,0.003048));
#15485=CARTESIAN_POINT('',(0.221091510683123,-0.0993569358670532,0.003048));
#15486=CARTESIAN_POINT('',(0.178174441815471,-0.0363652116386114,0.003048));
#15487=CARTESIAN_POINT('',(0.179175072455738,-0.0363652116386114,0.003048));
#15488=CARTESIAN_POINT('',(0.178174441815471,-0.0373658422788785,0.003048));
#15489=CARTESIAN_POINT('',(0.179175072455738,-0.023348815469104,0.003048));
#15490=CARTESIAN_POINT('',(0.179175072455738,-0.023348815469104,0.003048));
#15491=CARTESIAN_POINT('',(0.178174441815471,-0.023348815469104,0.003048));
#15492=CARTESIAN_POINT('',(0.178174441815471,-0.0223481848288368,0.003048));
#15493=CARTESIAN_POINT('',(0.165158045168526,-0.0223481848288368,0.003048));
#15494=CARTESIAN_POINT('',(0.165158045168526,-0.0223481848288368,0.003048));
#15495=CARTESIAN_POINT('',(0.165158045168526,-0.023348815469104,0.003048));
#15496=CARTESIAN_POINT('',(0.164157414528258,-0.023348815469104,0.003048));
#15497=CARTESIAN_POINT('',(0.164157414528258,-0.0363652116386114,0.003048));
#15498=CARTESIAN_POINT('',(0.164157414528258,-0.0363652116386114,0.003048));
#15499=CARTESIAN_POINT('',(0.165158045168526,-0.0363652116386114,0.003048));
#15500=CARTESIAN_POINT('',(0.165158045168526,-0.0373658422788785,0.003048));
#15501=CARTESIAN_POINT('',(0.178174441815471,-0.0373658422788785,0.003048));
#15502=CARTESIAN_POINT('',(0.168637434229596,-0.0602082481467241,0.003048));
#15503=CARTESIAN_POINT('',(0.169638064869863,-0.0602082481467241,0.003048));
#15504=CARTESIAN_POINT('',(0.168637434229596,-0.0612088787869913,0.003048));
#15505=CARTESIAN_POINT('',(0.169638064869863,-0.0471918495900239,0.003048));
#15506=CARTESIAN_POINT('',(0.169638064869863,-0.0471918495900239,0.003048));
#15507=CARTESIAN_POINT('',(0.168637434229596,-0.0471918495900239,0.003048));
#15508=CARTESIAN_POINT('',(0.168637434229596,-0.0461912189497568,0.003048));
#15509=CARTESIAN_POINT('',(0.15562103758265,-0.0461912189497568,0.003048));
#15510=CARTESIAN_POINT('',(0.15562103758265,-0.0461912189497568,0.003048));
#15511=CARTESIAN_POINT('',(0.15562103758265,-0.0471918495900239,0.003048));
#15512=CARTESIAN_POINT('',(0.154620406942383,-0.0471918495900239,0.003048));
#15513=CARTESIAN_POINT('',(0.154620406942383,-0.0602082481467241,0.003048));
#15514=CARTESIAN_POINT('',(0.154620406942383,-0.0602082481467241,0.003048));
#15515=CARTESIAN_POINT('',(0.15562103758265,-0.0602082481467241,0.003048));
#15516=CARTESIAN_POINT('',(0.15562103758265,-0.0612088787869912,0.003048));
#15517=CARTESIAN_POINT('',(0.168637434229596,-0.0612088787869912,0.003048));
#15518=CARTESIAN_POINT('',(0.225859510300917,-0.123487961840393,0.003048));
#15519=CARTESIAN_POINT('',(0.225859510300917,-0.122487331200126,0.003048));
#15520=CARTESIAN_POINT('',(0.226860140941184,-0.123487961840393,0.003048));
#15521=CARTESIAN_POINT('',(0.212843113653971,-0.122487331200126,0.003048));
#15522=CARTESIAN_POINT('',(0.212843113653971,-0.122487331200126,0.003048));
#15523=CARTESIAN_POINT('',(0.212843113653971,-0.123487961840393,0.003048));
#15524=CARTESIAN_POINT('',(0.211842483013704,-0.123487961840393,0.003048));
#15525=CARTESIAN_POINT('',(0.211842483013704,-0.136504358487339,0.003048));
#15526=CARTESIAN_POINT('',(0.211842483013704,-0.136504358487339,0.003048));
#15527=CARTESIAN_POINT('',(0.212843113653971,-0.136504358487339,0.003048));
#15528=CARTESIAN_POINT('',(0.212843113653971,-0.137504989127607,0.003048));
#15529=CARTESIAN_POINT('',(0.225859510300917,-0.137504989127607,0.003048));
#15530=CARTESIAN_POINT('',(0.225859510300917,-0.137504989127606,0.003048));
#15531=CARTESIAN_POINT('',(0.225859510300917,-0.136504358487339,0.003048));
#15532=CARTESIAN_POINT('',(0.226860140941184,-0.136504358487339,0.003048));
#15533=CARTESIAN_POINT('',(0.226860140941184,-0.123487961840393,0.003048));
#15534=CARTESIAN_POINT('',(0.206785479851132,-0.136504358487339,0.003048));
#15535=CARTESIAN_POINT('',(0.207786110491399,-0.136504358487339,0.003048));
#15536=CARTESIAN_POINT('',(0.206785479851132,-0.137504989127606,0.003048));
#15537=CARTESIAN_POINT('',(0.207786110491399,-0.123487961840393,0.003048));
#15538=CARTESIAN_POINT('',(0.207786110491399,-0.123487961840393,0.003048));
#15539=CARTESIAN_POINT('',(0.206785479851132,-0.123487961840393,0.003048));
#15540=CARTESIAN_POINT('',(0.206785479851132,-0.122487331200126,0.003048));
#15541=CARTESIAN_POINT('',(0.193769083204186,-0.122487331200126,0.003048));
#15542=CARTESIAN_POINT('',(0.193769083204186,-0.122487331200126,0.003048));
#15543=CARTESIAN_POINT('',(0.193769083204186,-0.123487961840393,0.003048));
#15544=CARTESIAN_POINT('',(0.192768452563919,-0.123487961840393,0.003048));
#15545=CARTESIAN_POINT('',(0.192768452563919,-0.136504358487339,0.003048));
#15546=CARTESIAN_POINT('',(0.192768452563919,-0.136504358487339,0.003048));
#15547=CARTESIAN_POINT('',(0.193769083204186,-0.136504358487339,0.003048));
#15548=CARTESIAN_POINT('',(0.193769083204186,-0.137504989127607,0.003048));
#15549=CARTESIAN_POINT('',(0.206785479851132,-0.137504989127607,0.003048));
#15550=CARTESIAN_POINT('',(0.240165541132909,-0.098356305226786,0.003048));
#15551=CARTESIAN_POINT('',(0.241166171773176,-0.0983563052267861,0.003048));
#15552=CARTESIAN_POINT('',(0.240165541132909,-0.0993569358670532,0.003048));
#15553=CARTESIAN_POINT('',(0.241166171773176,-0.0853399085798402,0.003048));
#15554=CARTESIAN_POINT('',(0.241166171773176,-0.0853399085798402,0.003048));
#15555=CARTESIAN_POINT('',(0.240165541132909,-0.0853399085798402,0.003048));
#15556=CARTESIAN_POINT('',(0.240165541132909,-0.0843392779395731,0.003048));
#15557=CARTESIAN_POINT('',(0.227149144485963,-0.0843392779395731,0.003048));
#15558=CARTESIAN_POINT('',(0.227149144485963,-0.0843392779395731,0.003048));
#15559=CARTESIAN_POINT('',(0.227149144485963,-0.0853399085798402,0.003048));
#15560=CARTESIAN_POINT('',(0.226148513845696,-0.0853399085798402,0.003048));
#15561=CARTESIAN_POINT('',(0.226148513845696,-0.098356305226786,0.003048));
#15562=CARTESIAN_POINT('',(0.226148513845696,-0.098356305226786,0.003048));
#15563=CARTESIAN_POINT('',(0.227149144485963,-0.098356305226786,0.003048));
#15564=CARTESIAN_POINT('',(0.227149144485963,-0.0993569358670531,0.003048));
#15565=CARTESIAN_POINT('',(0.240165541132909,-0.0993569358670532,0.003048));
#15566=CARTESIAN_POINT('',(0.318296841173215,-0.096151521555365,0.003048));
#15567=CARTESIAN_POINT('',(0.319297471813482,-0.096151521555365,0.003048));
#15568=CARTESIAN_POINT('',(0.318296841173215,-0.0971521521956322,0.003048));
#15569=CARTESIAN_POINT('',(0.319297471813482,-0.0831351249084192,0.003048));
#15570=CARTESIAN_POINT('',(0.319297471813483,-0.0831351249084192,0.003048));
#15571=CARTESIAN_POINT('',(0.318296841173215,-0.0831351249084192,0.003048));
#15572=CARTESIAN_POINT('',(0.318296841173215,-0.0821344942681521,0.003048));
#15573=CARTESIAN_POINT('',(0.305280444526269,-0.0821344942681521,0.003048));
#15574=CARTESIAN_POINT('',(0.305280444526269,-0.082134494268152,0.003048));
#15575=CARTESIAN_POINT('',(0.305280444526269,-0.0831351249084192,0.003048));
#15576=CARTESIAN_POINT('',(0.304279813886003,-0.0831351249084192,0.003048));
#15577=CARTESIAN_POINT('',(0.304279813886003,-0.096151521555365,0.003048));
#15578=CARTESIAN_POINT('',(0.304279813886003,-0.096151521555365,0.003048));
#15579=CARTESIAN_POINT('',(0.305280444526269,-0.096151521555365,0.003048));
#15580=CARTESIAN_POINT('',(0.305280444526269,-0.097152152195632,0.003048));
#15581=CARTESIAN_POINT('',(0.318296841173215,-0.0971521521956321,0.003048));
#15582=CARTESIAN_POINT('',(0.14608401471874,-0.0662658781300549,0.003048));
#15583=CARTESIAN_POINT('',(0.145083384078473,-0.0662658781300549,0.003048));
#15584=CARTESIAN_POINT('',(0.14608401471874,-0.0652652474897877,0.003048));
#15585=CARTESIAN_POINT('',(0.145083384078473,-0.0792822747770007,0.003048));
#15586=CARTESIAN_POINT('',(0.145083384078473,-0.0792822747770007,0.003048));
#15587=CARTESIAN_POINT('',(0.14608401471874,-0.0792822747770007,0.003048));
#15588=CARTESIAN_POINT('',(0.14608401471874,-0.0802829054172678,0.003048));
#15589=CARTESIAN_POINT('',(0.159100411365686,-0.0802829054172678,0.003048));
#15590=CARTESIAN_POINT('',(0.159100411365686,-0.0802829054172679,0.003048));
#15591=CARTESIAN_POINT('',(0.159100411365686,-0.0792822747770007,0.003048));
#15592=CARTESIAN_POINT('',(0.160101042005953,-0.0792822747770007,0.003048));
#15593=CARTESIAN_POINT('',(0.160101042005953,-0.0662658781300549,0.003048));
#15594=CARTESIAN_POINT('',(0.160101042005953,-0.0662658781300549,0.003048));
#15595=CARTESIAN_POINT('',(0.159100411365686,-0.0662658781300549,0.003048));
#15596=CARTESIAN_POINT('',(0.159100411365686,-0.0652652474897878,0.003048));
#15597=CARTESIAN_POINT('',(0.14608401471874,-0.0652652474897878,0.003048));
#15598=CARTESIAN_POINT('',(0.240165541132909,-0.023348815469104,0.003048));
#15599=CARTESIAN_POINT('',(0.240165541132909,-0.0223481848288368,0.003048));
#15600=CARTESIAN_POINT('',(0.241166171773176,-0.023348815469104,0.003048));
#15601=CARTESIAN_POINT('',(0.227149144485963,-0.0223481848288368,0.003048));
#15602=CARTESIAN_POINT('',(0.227149144485963,-0.0223481848288368,0.003048));
#15603=CARTESIAN_POINT('',(0.227149144485963,-0.023348815469104,0.003048));
#15604=CARTESIAN_POINT('',(0.226148513845696,-0.023348815469104,0.003048));
#15605=CARTESIAN_POINT('',(0.226148513845696,-0.0363652116386114,0.003048));
#15606=CARTESIAN_POINT('',(0.226148513845696,-0.0363652116386114,0.003048));
#15607=CARTESIAN_POINT('',(0.227149144485963,-0.0363652116386114,0.003048));
#15608=CARTESIAN_POINT('',(0.227149144485963,-0.0373658422788785,0.003048));
#15609=CARTESIAN_POINT('',(0.240165541132909,-0.0373658422788785,0.003048));
#15610=CARTESIAN_POINT('',(0.240165541132909,-0.0373658422788785,0.003048));
#15611=CARTESIAN_POINT('',(0.240165541132909,-0.0363652116386114,0.003048));
#15612=CARTESIAN_POINT('',(0.241166171773176,-0.0363652116386114,0.003048));
#15613=CARTESIAN_POINT('',(0.241166171773176,-0.023348815469104,0.003048));
#15614=CARTESIAN_POINT('',(0.241454151689631,-0.0662658781300549,0.003048));
#15615=CARTESIAN_POINT('',(0.240453521049365,-0.0662658781300549,0.003048));
#15616=CARTESIAN_POINT('',(0.241454151689631,-0.0652652474897877,0.003048));
#15617=CARTESIAN_POINT('',(0.240453521049365,-0.0792822747770007,0.003048));
#15618=CARTESIAN_POINT('',(0.240453521049365,-0.0792822747770007,0.003048));
#15619=CARTESIAN_POINT('',(0.241454151689631,-0.0792822747770007,0.003048));
#15620=CARTESIAN_POINT('',(0.241454151689632,-0.0802829054172678,0.003048));
#15621=CARTESIAN_POINT('',(0.254470548336578,-0.0802829054172678,0.003048));
#15622=CARTESIAN_POINT('',(0.254470548336578,-0.0802829054172679,0.003048));
#15623=CARTESIAN_POINT('',(0.254470548336578,-0.0792822747770007,0.003048));
#15624=CARTESIAN_POINT('',(0.255471178976844,-0.0792822747770007,0.003048));
#15625=CARTESIAN_POINT('',(0.255471178976844,-0.0662658781300549,0.003048));
#15626=CARTESIAN_POINT('',(0.255471178976844,-0.0662658781300549,0.003048));
#15627=CARTESIAN_POINT('',(0.254470548336578,-0.0662658781300549,0.003048));
#15628=CARTESIAN_POINT('',(0.254470548336578,-0.0652652474897878,0.003048));
#15629=CARTESIAN_POINT('',(0.241454151689631,-0.0652652474897878,0.003048));
#15630=CARTESIAN_POINT('',(0.292618609236147,-0.14127236574415,0.003048));
#15631=CARTESIAN_POINT('',(0.293619239876416,-0.14127236574415,0.003048));
#15632=CARTESIAN_POINT('',(0.292618609236147,-0.142272996384417,0.003048));
#15633=CARTESIAN_POINT('',(0.293619239876416,-0.128255969097204,0.003048));
#15634=CARTESIAN_POINT('',(0.293619239876415,-0.128255969097204,0.003048));
#15635=CARTESIAN_POINT('',(0.292618609236147,-0.128255969097204,0.003048));
#15636=CARTESIAN_POINT('',(0.292618609236147,-0.127255338456937,0.003048));
#15637=CARTESIAN_POINT('',(0.279602212589201,-0.127255338456937,0.003048));
#15638=CARTESIAN_POINT('',(0.279602212589201,-0.127255338456937,0.003048));
#15639=CARTESIAN_POINT('',(0.279602212589201,-0.128255969097204,0.003048));
#15640=CARTESIAN_POINT('',(0.278601581948935,-0.128255969097204,0.003048));
#15641=CARTESIAN_POINT('',(0.278601581948935,-0.14127236574415,0.003048));
#15642=CARTESIAN_POINT('',(0.278601581948934,-0.14127236574415,0.003048));
#15643=CARTESIAN_POINT('',(0.279602212589201,-0.14127236574415,0.003048));
#15644=CARTESIAN_POINT('',(0.279602212589201,-0.142272996384417,0.003048));
#15645=CARTESIAN_POINT('',(0.292618609236147,-0.142272996384417,0.003048));
#15646=CARTESIAN_POINT('',(0.216322502715041,-0.0662658781300549,0.003048));
#15647=CARTESIAN_POINT('',(0.216322502715041,-0.0652652474897878,0.003048));
#15648=CARTESIAN_POINT('',(0.217323133355309,-0.0662658781300549,0.003048));
#15649=CARTESIAN_POINT('',(0.203306106068096,-0.0652652474897878,0.003048));
#15650=CARTESIAN_POINT('',(0.203306106068096,-0.0652652474897878,0.003048));
#15651=CARTESIAN_POINT('',(0.203306106068096,-0.0662658781300549,0.003048));
#15652=CARTESIAN_POINT('',(0.202305475427828,-0.0662658781300549,0.003048));
#15653=CARTESIAN_POINT('',(0.202305475427828,-0.0792822747770007,0.003048));
#15654=CARTESIAN_POINT('',(0.202305475427828,-0.0792822747770007,0.003048));
#15655=CARTESIAN_POINT('',(0.203306106068096,-0.0792822747770007,0.003048));
#15656=CARTESIAN_POINT('',(0.203306106068096,-0.0802829054172678,0.003048));
#15657=CARTESIAN_POINT('',(0.216322502715041,-0.0802829054172678,0.003048));
#15658=CARTESIAN_POINT('',(0.216322502715041,-0.0802829054172679,0.003048));
#15659=CARTESIAN_POINT('',(0.216322502715041,-0.0792822747770007,0.003048));
#15660=CARTESIAN_POINT('',(0.217323133355309,-0.0792822747770007,0.003048));
#15661=CARTESIAN_POINT('',(0.217323133355309,-0.0662658781300549,0.003048));
#15662=CARTESIAN_POINT('',(0.270065205003328,-0.0363652116386114,0.003048));
#15663=CARTESIAN_POINT('',(0.270065205003328,-0.0373658422788785,0.003048));
#15664=CARTESIAN_POINT('',(0.26906457436306,-0.0363652116386114,0.003048));
#15665=CARTESIAN_POINT('',(0.283081601650272,-0.0373658422788785,0.003048));
#15666=CARTESIAN_POINT('',(0.283081601650272,-0.0373658422788785,0.003048));
#15667=CARTESIAN_POINT('',(0.283081601650272,-0.0363652116386114,0.003048));
#15668=CARTESIAN_POINT('',(0.284082232290541,-0.0363652116386114,0.003048));
#15669=CARTESIAN_POINT('',(0.284082232290541,-0.023348815469104,0.003048));
#15670=CARTESIAN_POINT('',(0.28408223229054,-0.023348815469104,0.003048));
#15671=CARTESIAN_POINT('',(0.283081601650272,-0.023348815469104,0.003048));
#15672=CARTESIAN_POINT('',(0.283081601650272,-0.0223481848288368,0.003048));
#15673=CARTESIAN_POINT('',(0.270065205003328,-0.0223481848288368,0.003048));
#15674=CARTESIAN_POINT('',(0.270065205003328,-0.0223481848288368,0.003048));
#15675=CARTESIAN_POINT('',(0.270065205003328,-0.023348815469104,0.003048));
#15676=CARTESIAN_POINT('',(0.26906457436306,-0.023348815469104,0.003048));
#15677=CARTESIAN_POINT('',(0.26906457436306,-0.0363652116386114,0.003048));
#15678=CARTESIAN_POINT('',(0.337370856343816,-0.110457544748125,0.003048));
#15679=CARTESIAN_POINT('',(0.338371486984082,-0.110457544748121,0.003048));
#15680=CARTESIAN_POINT('',(0.337370856343816,-0.111458175388392,0.003048));
#15681=CARTESIAN_POINT('',(0.338371486983996,-0.0974411481011794,0.003048));
#15682=CARTESIAN_POINT('',(0.338371486983996,-0.0974411481011761,0.003048));
#15683=CARTESIAN_POINT('',(0.33737085634373,-0.0974411481011794,0.003048));
#15684=CARTESIAN_POINT('',(0.33737085634373,-0.0964405174609124,0.003048));
#15685=CARTESIAN_POINT('',(0.32435445969687,-0.0964405174609123,0.003048));
#15686=CARTESIAN_POINT('',(0.32435445969687,-0.0964405174609123,0.003048));
#15687=CARTESIAN_POINT('',(0.32435445969687,-0.0974411481011794,0.003048));
#15688=CARTESIAN_POINT('',(0.323353829056601,-0.0974411481011794,0.003048));
#15689=CARTESIAN_POINT('',(0.323353829056601,-0.110457544748125,0.003048));
#15690=CARTESIAN_POINT('',(0.323353829056602,-0.110457544748125,0.003048));
#15691=CARTESIAN_POINT('',(0.32435445969687,-0.110457544748125,0.003048));
#15692=CARTESIAN_POINT('',(0.324354459696869,-0.111458175388392,0.003048));
#15693=CARTESIAN_POINT('',(0.337370856343816,-0.111458175388392,0.003048));
#15694=CARTESIAN_POINT('',(0.221091510683123,-0.0363652116386114,0.003048));
#15695=CARTESIAN_POINT('',(0.222092141323391,-0.0363652116386114,0.003048));
#15696=CARTESIAN_POINT('',(0.221091510683123,-0.0373658422788785,0.003048));
#15697=CARTESIAN_POINT('',(0.222092141323391,-0.023348815469104,0.003048));
#15698=CARTESIAN_POINT('',(0.222092141323391,-0.023348815469104,0.003048));
#15699=CARTESIAN_POINT('',(0.221091510683123,-0.023348815469104,0.003048));
#15700=CARTESIAN_POINT('',(0.221091510683123,-0.0223481848288368,0.003048));
#15701=CARTESIAN_POINT('',(0.208075114036178,-0.0223481848288368,0.003048));
#15702=CARTESIAN_POINT('',(0.208075114036178,-0.0223481848288368,0.003048));
#15703=CARTESIAN_POINT('',(0.208075114036178,-0.023348815469104,0.003048));
#15704=CARTESIAN_POINT('',(0.207074483395911,-0.023348815469104,0.003048));
#15705=CARTESIAN_POINT('',(0.207074483395911,-0.0363652116386114,0.003048));
#15706=CARTESIAN_POINT('',(0.207074483395911,-0.0363652116386114,0.003048));
#15707=CARTESIAN_POINT('',(0.208075114036178,-0.0363652116386114,0.003048));
#15708=CARTESIAN_POINT('',(0.208075114036178,-0.0373658422788785,0.003048));
#15709=CARTESIAN_POINT('',(0.221091510683123,-0.0373658422788785,0.003048));
#15710=CARTESIAN_POINT('',(0.230628518268999,-0.117430328037554,0.003048));
#15711=CARTESIAN_POINT('',(0.231629148909266,-0.117430328037554,0.003048));
#15712=CARTESIAN_POINT('',(0.230628518268999,-0.118430958677821,0.003048));
#15713=CARTESIAN_POINT('',(0.231629148909266,-0.104413931390608,0.003048));
#15714=CARTESIAN_POINT('',(0.231629148909266,-0.104413931390608,0.003048));
#15715=CARTESIAN_POINT('',(0.230628518268999,-0.104413931390608,0.003048));
#15716=CARTESIAN_POINT('',(0.230628518268999,-0.103413300750341,0.003048));
#15717=CARTESIAN_POINT('',(0.217612121622053,-0.103413300750341,0.003048));
#15718=CARTESIAN_POINT('',(0.217612121622053,-0.103413300750341,0.003048));
#15719=CARTESIAN_POINT('',(0.217612121622053,-0.104413931390608,0.003048));
#15720=CARTESIAN_POINT('',(0.216611490981786,-0.104413931390608,0.003048));
#15721=CARTESIAN_POINT('',(0.216611490981786,-0.117430328037554,0.003048));
#15722=CARTESIAN_POINT('',(0.216611490981786,-0.117430328037554,0.003048));
#15723=CARTESIAN_POINT('',(0.217612121622053,-0.117430328037554,0.003048));
#15724=CARTESIAN_POINT('',(0.217612121622053,-0.118430958677821,0.003048));
#15725=CARTESIAN_POINT('',(0.230628518268999,-0.118430958677821,0.003048));
#15726=CARTESIAN_POINT('',(0.249695536100868,-0.100358827787855,0.003048));
#15727=CARTESIAN_POINT('',(0.249695536100868,-0.101359458428122,0.003048));
#15728=CARTESIAN_POINT('',(0.248694905460601,-0.100358827787855,0.003048));
#15729=CARTESIAN_POINT('',(0.279609209929085,-0.101359458428122,0.003048));
#15730=CARTESIAN_POINT('',(0.279609209929085,-0.101359458428122,0.003048));
#15731=CARTESIAN_POINT('',(0.279609209929085,-0.100358827787855,0.003048));
#15732=CARTESIAN_POINT('',(0.280609840569352,-0.100358827787855,0.003048));
#15733=CARTESIAN_POINT('',(0.280609840569352,-0.0863411698603746,0.003048));
#15734=CARTESIAN_POINT('',(0.280609840569352,-0.0863411698603746,0.003048));
#15735=CARTESIAN_POINT('',(0.279609209929085,-0.0863411698603746,0.003048));
#15736=CARTESIAN_POINT('',(0.279609209929085,-0.0853405392201075,0.003048));
#15737=CARTESIAN_POINT('',(0.272161209617734,-0.0853405392201075,0.003048));
#15738=CARTESIAN_POINT('',(0.272161209617732,-0.0853405392201074,0.003048));
#15739=CARTESIAN_POINT('',(0.271160578977465,-0.0853399085798402,0.003048));
#15740=CARTESIAN_POINT('',(0.271160578977465,-0.0843392779395731,0.003048));
#15741=CARTESIAN_POINT('',(0.258144182330521,-0.0843392779395731,0.003048));
#15742=CARTESIAN_POINT('',(0.258144182330521,-0.0843392779395731,0.003048));
#15743=CARTESIAN_POINT('',(0.258144182330521,-0.0853399085798402,0.003048));
#15744=CARTESIAN_POINT('',(0.257143551789618,-0.0853405392201072,0.003048));
#15745=CARTESIAN_POINT('',(0.249695536100868,-0.0853405392201072,0.003048));
#15746=CARTESIAN_POINT('',(0.249695536100868,-0.0853405392201073,0.003048));
#15747=CARTESIAN_POINT('',(0.249695536100868,-0.0863411698603746,0.003048));
#15748=CARTESIAN_POINT('',(0.2486949054606,-0.0863411698603746,0.003048));
#15749=CARTESIAN_POINT('',(0.2486949054606,-0.100358827787855,0.003048));
#15750=CARTESIAN_POINT('',(0.192480472647463,-0.117430328037554,0.003048));
#15751=CARTESIAN_POINT('',(0.19348110328773,-0.117430328037554,0.003048));
#15752=CARTESIAN_POINT('',(0.192480472647463,-0.118430958677821,0.003048));
#15753=CARTESIAN_POINT('',(0.19348110328773,-0.104413931390608,0.003048));
#15754=CARTESIAN_POINT('',(0.19348110328773,-0.104413931390608,0.003048));
#15755=CARTESIAN_POINT('',(0.192480472647463,-0.104413931390608,0.003048));
#15756=CARTESIAN_POINT('',(0.192480472647463,-0.103413300750341,0.003048));
#15757=CARTESIAN_POINT('',(0.179464076000517,-0.103413300750341,0.003048));
#15758=CARTESIAN_POINT('',(0.179464076000517,-0.103413300750341,0.003048));
#15759=CARTESIAN_POINT('',(0.179464076000517,-0.104413931390608,0.003048));
#15760=CARTESIAN_POINT('',(0.17846344536025,-0.104413931390608,0.003048));
#15761=CARTESIAN_POINT('',(0.17846344536025,-0.117430328037554,0.003048));
#15762=CARTESIAN_POINT('',(0.17846344536025,-0.117430328037554,0.003048));
#15763=CARTESIAN_POINT('',(0.179464076000517,-0.117430328037554,0.003048));
#15764=CARTESIAN_POINT('',(0.179464076000517,-0.118430958677821,0.003048));
#15765=CARTESIAN_POINT('',(0.192480472647463,-0.118430958677821,0.003048));
#15766=CARTESIAN_POINT('',(0.212843113653971,-0.0471918495900239,0.003048));
#15767=CARTESIAN_POINT('',(0.211842483013704,-0.0471918495900239,0.003048));
#15768=CARTESIAN_POINT('',(0.212843113653971,-0.0461912189497568,0.003048));
#15769=CARTESIAN_POINT('',(0.211842483013704,-0.0602082481467241,0.003048));
#15770=CARTESIAN_POINT('',(0.211842483013704,-0.0602082481467241,0.003048));
#15771=CARTESIAN_POINT('',(0.212843113653971,-0.0602082481467241,0.003048));
#15772=CARTESIAN_POINT('',(0.212843113653971,-0.0612088787869912,0.003048));
#15773=CARTESIAN_POINT('',(0.225859510300917,-0.0612088787869912,0.003048));
#15774=CARTESIAN_POINT('',(0.225859510300917,-0.0612088787869913,0.003048));
#15775=CARTESIAN_POINT('',(0.225859510300917,-0.0602082481467241,0.003048));
#15776=CARTESIAN_POINT('',(0.226860140941184,-0.0602082481467241,0.003048));
#15777=CARTESIAN_POINT('',(0.226860140941184,-0.0471918495900239,0.003048));
#15778=CARTESIAN_POINT('',(0.226860140941184,-0.0471918495900239,0.003048));
#15779=CARTESIAN_POINT('',(0.225859510300917,-0.0471918495900239,0.003048));
#15780=CARTESIAN_POINT('',(0.225859510300917,-0.0461912189497568,0.003048));
#15781=CARTESIAN_POINT('',(0.212843113653971,-0.0461912189497568,0.003048));
#15782=CARTESIAN_POINT('',(0.154332411747893,-0.117430328037554,0.003048));
#15783=CARTESIAN_POINT('',(0.15533304238816,-0.117430328037554,0.003048));
#15784=CARTESIAN_POINT('',(0.154332411747893,-0.118430958677821,0.003048));
#15785=CARTESIAN_POINT('',(0.15533304238816,-0.104413931390608,0.003048));
#15786=CARTESIAN_POINT('',(0.15533304238816,-0.104413931390608,0.003048));
#15787=CARTESIAN_POINT('',(0.154332411747893,-0.104413931390608,0.003048));
#15788=CARTESIAN_POINT('',(0.154332411747893,-0.103413300750341,0.003048));
#15789=CARTESIAN_POINT('',(0.141316015100947,-0.103413300750341,0.003048));
#15790=CARTESIAN_POINT('',(0.141316015100947,-0.103413300750341,0.003048));
#15791=CARTESIAN_POINT('',(0.141316015100947,-0.104413931390608,0.003048));
#15792=CARTESIAN_POINT('',(0.140315384460679,-0.104413931390608,0.003048));
#15793=CARTESIAN_POINT('',(0.140315384460679,-0.117430328037554,0.003048));
#15794=CARTESIAN_POINT('',(0.14031538446068,-0.117430328037554,0.003048));
#15795=CARTESIAN_POINT('',(0.141316015100947,-0.117430328037554,0.003048));
#15796=CARTESIAN_POINT('',(0.141316015100947,-0.118430958677821,0.003048));
#15797=CARTESIAN_POINT('',(0.154332411747893,-0.118430958677821,0.003048));
#15798=CARTESIAN_POINT('',(0.27831360203248,-0.0792822747770007,0.003048));
#15799=CARTESIAN_POINT('',(0.279314232672747,-0.0792822747770007,0.003048));
#15800=CARTESIAN_POINT('',(0.27831360203248,-0.0802829054172679,0.003048));
#15801=CARTESIAN_POINT('',(0.279314232672747,-0.0662658781300549,0.003048));
#15802=CARTESIAN_POINT('',(0.279314232672747,-0.0662658781300549,0.003048));
#15803=CARTESIAN_POINT('',(0.27831360203248,-0.0662658781300549,0.003048));
#15804=CARTESIAN_POINT('',(0.278313602032481,-0.0652652474897878,0.003048));
#15805=CARTESIAN_POINT('',(0.265297205385534,-0.0652652474897878,0.003048));
#15806=CARTESIAN_POINT('',(0.265297205385534,-0.0652652474897878,0.003048));
#15807=CARTESIAN_POINT('',(0.265297205385534,-0.0662658781300549,0.003048));
#15808=CARTESIAN_POINT('',(0.264296574745268,-0.0662658781300549,0.003048));
#15809=CARTESIAN_POINT('',(0.264296574745268,-0.0792822747770007,0.003048));
#15810=CARTESIAN_POINT('',(0.264296574745267,-0.0792822747770007,0.003048));
#15811=CARTESIAN_POINT('',(0.265297205385534,-0.0792822747770007,0.003048));
#15812=CARTESIAN_POINT('',(0.265297205385534,-0.0802829054172678,0.003048));
#15813=CARTESIAN_POINT('',(0.27831360203248,-0.0802829054172678,0.003048));
#15814=CARTESIAN_POINT('',(0.193769083204186,-0.0471918495900239,0.003048));
#15815=CARTESIAN_POINT('',(0.192768452563919,-0.0471918495900239,0.003048));
#15816=CARTESIAN_POINT('',(0.193769083204186,-0.0461912189497568,0.003048));
#15817=CARTESIAN_POINT('',(0.192768452563919,-0.0602082481467241,0.003048));
#15818=CARTESIAN_POINT('',(0.192768452563919,-0.0602082481467241,0.003048));
#15819=CARTESIAN_POINT('',(0.193769083204186,-0.0602082481467241,0.003048));
#15820=CARTESIAN_POINT('',(0.193769083204186,-0.0612088787869912,0.003048));
#15821=CARTESIAN_POINT('',(0.206785479851132,-0.0612088787869912,0.003048));
#15822=CARTESIAN_POINT('',(0.206785479851132,-0.0612088787869913,0.003048));
#15823=CARTESIAN_POINT('',(0.206785479851132,-0.0602082481467241,0.003048));
#15824=CARTESIAN_POINT('',(0.207786110491399,-0.0602082481467241,0.003048));
#15825=CARTESIAN_POINT('',(0.207786110491399,-0.0471918495900239,0.003048));
#15826=CARTESIAN_POINT('',(0.207786110491399,-0.0471918495900239,0.003048));
#15827=CARTESIAN_POINT('',(0.206785479851132,-0.0471918495900239,0.003048));
#15828=CARTESIAN_POINT('',(0.206785479851132,-0.0461912189497568,0.003048));
#15829=CARTESIAN_POINT('',(0.193769083204186,-0.0461912189497568,0.003048));
#15830=CARTESIAN_POINT('',(0.252079535909765,-0.0622107707077927,0.003048));
#15831=CARTESIAN_POINT('',(0.252079535909765,-0.06321140134806,0.003048));
#15832=CARTESIAN_POINT('',(0.251078905269497,-0.0622107707077927,0.003048));
#15833=CARTESIAN_POINT('',(0.281993225016016,-0.06321140134806,0.003048));
#15834=CARTESIAN_POINT('',(0.281993225016016,-0.0632114013480599,0.003048));
#15835=CARTESIAN_POINT('',(0.281993225016016,-0.0622107707077927,0.003048));
#15836=CARTESIAN_POINT('',(0.282993855656282,-0.0622107707077927,0.003048));
#15837=CARTESIAN_POINT('',(0.282993855656282,-0.0481931108705583,0.003048));
#15838=CARTESIAN_POINT('',(0.282993855656283,-0.0481931108705583,0.003048));
#15839=CARTESIAN_POINT('',(0.281993225016016,-0.0481931108705583,0.003048));
#15840=CARTESIAN_POINT('',(0.281993225016016,-0.0471924802302912,0.003048));
#15841=CARTESIAN_POINT('',(0.274545224704665,-0.0471924802302912,0.003048));
#15842=CARTESIAN_POINT('',(0.274545224704666,-0.0471924802302911,0.003048));
#15843=CARTESIAN_POINT('',(0.273544594064399,-0.0471918495900239,0.003048));
#15844=CARTESIAN_POINT('',(0.273544594064399,-0.0461912189497568,0.003048));
#15845=CARTESIAN_POINT('',(0.260528197417453,-0.0461912189497568,0.003048));
#15846=CARTESIAN_POINT('',(0.260528197417453,-0.0461912189497568,0.003048));
#15847=CARTESIAN_POINT('',(0.260528197417453,-0.0471918495900239,0.003048));
#15848=CARTESIAN_POINT('',(0.259527566876548,-0.0471924802302912,0.003048));
#15849=CARTESIAN_POINT('',(0.252079535909765,-0.0471924802302912,0.003048));
#15850=CARTESIAN_POINT('',(0.252079535909765,-0.0471924802302912,0.003048));
#15851=CARTESIAN_POINT('',(0.252079535909765,-0.0481931108705583,0.003048));
#15852=CARTESIAN_POINT('',(0.251078905269497,-0.0481931108705583,0.003048));
#15853=CARTESIAN_POINT('',(0.251078905269497,-0.0622107707077927,0.003048));
#15854=CARTESIAN_POINT('',(0.182943449783553,-0.0853399085798402,0.003048));
#15855=CARTESIAN_POINT('',(0.182943449783553,-0.0843392779395731,0.003048));
#15856=CARTESIAN_POINT('',(0.18394408042382,-0.0853399085798402,0.003048));
#15857=CARTESIAN_POINT('',(0.169927053136607,-0.0843392779395731,0.003048));
#15858=CARTESIAN_POINT('',(0.169927053136607,-0.0843392779395731,0.003048));
#15859=CARTESIAN_POINT('',(0.169927053136607,-0.0853399085798402,0.003048));
#15860=CARTESIAN_POINT('',(0.16892642249634,-0.0853399085798402,0.003048));
#15861=CARTESIAN_POINT('',(0.16892642249634,-0.098356305226786,0.003048));
#15862=CARTESIAN_POINT('',(0.16892642249634,-0.098356305226786,0.003048));
#15863=CARTESIAN_POINT('',(0.169927053136607,-0.098356305226786,0.003048));
#15864=CARTESIAN_POINT('',(0.169927053136607,-0.0993569358670532,0.003048));
#15865=CARTESIAN_POINT('',(0.182943449783553,-0.0993569358670532,0.003048));
#15866=CARTESIAN_POINT('',(0.182943449783553,-0.0993569358670532,0.003048));
#15867=CARTESIAN_POINT('',(0.182943449783553,-0.098356305226786,0.003048));
#15868=CARTESIAN_POINT('',(0.18394408042382,-0.0983563052267861,0.003048));
#15869=CARTESIAN_POINT('',(0.18394408042382,-0.0853399085798402,0.003048));
#15870=CARTESIAN_POINT('',(0.273544594064399,-0.14127236574415,0.003048));
#15871=CARTESIAN_POINT('',(0.274545224704665,-0.14127236574415,0.003048));
#15872=CARTESIAN_POINT('',(0.273544594064399,-0.142272996384417,0.003048));
#15873=CARTESIAN_POINT('',(0.274545224704665,-0.128255969097204,0.003048));
#15874=CARTESIAN_POINT('',(0.274545224704665,-0.128255969097204,0.003048));
#15875=CARTESIAN_POINT('',(0.273544594064399,-0.128255969097204,0.003048));
#15876=CARTESIAN_POINT('',(0.273544594064399,-0.127255338456937,0.003048));
#15877=CARTESIAN_POINT('',(0.260528197417453,-0.127255338456937,0.003048));
#15878=CARTESIAN_POINT('',(0.260528197417453,-0.127255338456937,0.003048));
#15879=CARTESIAN_POINT('',(0.260528197417453,-0.128255969097204,0.003048));
#15880=CARTESIAN_POINT('',(0.259527566777183,-0.128255969097204,0.003048));
#15881=CARTESIAN_POINT('',(0.259527566777183,-0.14127236574415,0.003048));
#15882=CARTESIAN_POINT('',(0.259527566777184,-0.14127236574415,0.003048));
#15883=CARTESIAN_POINT('',(0.260528197417453,-0.14127236574415,0.003048));
#15884=CARTESIAN_POINT('',(0.260528197417453,-0.142272996384417,0.003048));
#15885=CARTESIAN_POINT('',(0.273544594064399,-0.142272996384417,0.003048));
#15886=CARTESIAN_POINT('',(0.197248472265256,-0.0792822747770007,0.003048));
#15887=CARTESIAN_POINT('',(0.198249102905523,-0.0792822747770007,0.003048));
#15888=CARTESIAN_POINT('',(0.197248472265256,-0.0802829054172679,0.003048));
#15889=CARTESIAN_POINT('',(0.198249102905523,-0.0662658781300549,0.003048));
#15890=CARTESIAN_POINT('',(0.198249102905523,-0.0662658781300549,0.003048));
#15891=CARTESIAN_POINT('',(0.197248472265256,-0.0662658781300549,0.003048));
#15892=CARTESIAN_POINT('',(0.197248472265256,-0.0652652474897878,0.003048));
#15893=CARTESIAN_POINT('',(0.18423207561831,-0.0652652474897878,0.003048));
#15894=CARTESIAN_POINT('',(0.18423207561831,-0.0652652474897878,0.003048));
#15895=CARTESIAN_POINT('',(0.18423207561831,-0.0662658781300549,0.003048));
#15896=CARTESIAN_POINT('',(0.183231444978044,-0.0662658781300549,0.003048));
#15897=CARTESIAN_POINT('',(0.183231444978044,-0.0792822747770007,0.003048));
#15898=CARTESIAN_POINT('',(0.183231444978044,-0.0792822747770007,0.003048));
#15899=CARTESIAN_POINT('',(0.18423207561831,-0.0792822747770007,0.003048));
#15900=CARTESIAN_POINT('',(0.18423207561831,-0.0802829054172678,0.003048));
#15901=CARTESIAN_POINT('',(0.197248472265256,-0.0802829054172678,0.003048));
#15902=CARTESIAN_POINT('',(0.165158045168526,-0.0662658781300549,0.003048));
#15903=CARTESIAN_POINT('',(0.164157414528258,-0.0662658781300549,0.003048));
#15904=CARTESIAN_POINT('',(0.165158045168526,-0.0652652474897877,0.003048));
#15905=CARTESIAN_POINT('',(0.164157414528258,-0.0792822747770007,0.003048));
#15906=CARTESIAN_POINT('',(0.164157414528258,-0.0792822747770007,0.003048));
#15907=CARTESIAN_POINT('',(0.165158045168526,-0.0792822747770007,0.003048));
#15908=CARTESIAN_POINT('',(0.165158045168526,-0.0802829054172678,0.003048));
#15909=CARTESIAN_POINT('',(0.178174441815471,-0.0802829054172678,0.003048));
#15910=CARTESIAN_POINT('',(0.178174441815471,-0.0802829054172679,0.003048));
#15911=CARTESIAN_POINT('',(0.178174441815471,-0.0792822747770007,0.003048));
#15912=CARTESIAN_POINT('',(0.179175072455738,-0.0792822747770007,0.003048));
#15913=CARTESIAN_POINT('',(0.179175072455738,-0.0662658781300549,0.003048));
#15914=CARTESIAN_POINT('',(0.179175072455738,-0.0662658781300549,0.003048));
#15915=CARTESIAN_POINT('',(0.178174441815471,-0.0662658781300549,0.003048));
#15916=CARTESIAN_POINT('',(0.178174441815471,-0.0652652474897878,0.003048));
#15917=CARTESIAN_POINT('',(0.165158045168526,-0.0652652474897878,0.003048));
#15918=CARTESIAN_POINT('',(0.211554487819213,-0.117430328037554,0.003048));
#15919=CARTESIAN_POINT('',(0.212555118459481,-0.117430328037554,0.003048));
#15920=CARTESIAN_POINT('',(0.211554487819213,-0.118430958677821,0.003048));
#15921=CARTESIAN_POINT('',(0.212555118459481,-0.104413931390608,0.003048));
#15922=CARTESIAN_POINT('',(0.212555118459481,-0.104413931390608,0.003048));
#15923=CARTESIAN_POINT('',(0.211554487819213,-0.104413931390608,0.003048));
#15924=CARTESIAN_POINT('',(0.211554487819213,-0.103413300750341,0.003048));
#15925=CARTESIAN_POINT('',(0.198538091172268,-0.103413300750341,0.003048));
#15926=CARTESIAN_POINT('',(0.198538091172268,-0.103413300750341,0.003048));
#15927=CARTESIAN_POINT('',(0.198538091172268,-0.104413931390608,0.003048));
#15928=CARTESIAN_POINT('',(0.197537460532001,-0.104413931390608,0.003048));
#15929=CARTESIAN_POINT('',(0.197537460532001,-0.117430328037554,0.003048));
#15930=CARTESIAN_POINT('',(0.197537460532001,-0.117430328037554,0.003048));
#15931=CARTESIAN_POINT('',(0.198538091172268,-0.117430328037554,0.003048));
#15932=CARTESIAN_POINT('',(0.198538091172268,-0.118430958677821,0.003048));
#15933=CARTESIAN_POINT('',(0.211554487819213,-0.118430958677821,0.003048));
#15934=CARTESIAN_POINT('',(0.311692624407898,-0.14127236574415,0.003048));
#15935=CARTESIAN_POINT('',(0.312693255048165,-0.14127236574415,0.003048));
#15936=CARTESIAN_POINT('',(0.311692624407898,-0.142272996384417,0.003048));
#15937=CARTESIAN_POINT('',(0.312693255048165,-0.128255969097204,0.003048));
#15938=CARTESIAN_POINT('',(0.312693255048166,-0.128255969097204,0.003048));
#15939=CARTESIAN_POINT('',(0.311692624407898,-0.128255969097204,0.003048));
#15940=CARTESIAN_POINT('',(0.311692624407898,-0.127255338456937,0.003048));
#15941=CARTESIAN_POINT('',(0.298676227760953,-0.127255338456937,0.003048));
#15942=CARTESIAN_POINT('',(0.298676227760953,-0.127255338456937,0.003048));
#15943=CARTESIAN_POINT('',(0.298676227760953,-0.128255969097204,0.003048));
#15944=CARTESIAN_POINT('',(0.297675597120686,-0.128255969097204,0.003048));
#15945=CARTESIAN_POINT('',(0.297675597120686,-0.14127236574415,0.003048));
#15946=CARTESIAN_POINT('',(0.297675597120686,-0.14127236574415,0.003048));
#15947=CARTESIAN_POINT('',(0.298676227760953,-0.14127236574415,0.003048));
#15948=CARTESIAN_POINT('',(0.298676227760953,-0.142272996384417,0.003048));
#15949=CARTESIAN_POINT('',(0.311692624407898,-0.142272996384417,0.003048));
#15950=CARTESIAN_POINT('',(0.202017480233338,-0.098356305226786,0.003048));
#15951=CARTESIAN_POINT('',(0.203018110873606,-0.0983563052267861,0.003048));
#15952=CARTESIAN_POINT('',(0.202017480233338,-0.0993569358670532,0.003048));
#15953=CARTESIAN_POINT('',(0.203018110873606,-0.0853399085798402,0.003048));
#15954=CARTESIAN_POINT('',(0.203018110873606,-0.0853399085798402,0.003048));
#15955=CARTESIAN_POINT('',(0.202017480233338,-0.0853399085798402,0.003048));
#15956=CARTESIAN_POINT('',(0.202017480233338,-0.0843392779395731,0.003048));
#15957=CARTESIAN_POINT('',(0.189001083586393,-0.0843392779395731,0.003048));
#15958=CARTESIAN_POINT('',(0.189001083586393,-0.0843392779395731,0.003048));
#15959=CARTESIAN_POINT('',(0.189001083586393,-0.0853399085798402,0.003048));
#15960=CARTESIAN_POINT('',(0.188000452946125,-0.0853399085798402,0.003048));
#15961=CARTESIAN_POINT('',(0.188000452946125,-0.098356305226786,0.003048));
#15962=CARTESIAN_POINT('',(0.188000452946125,-0.098356305226786,0.003048));
#15963=CARTESIAN_POINT('',(0.189001083586393,-0.098356305226786,0.003048));
#15964=CARTESIAN_POINT('',(0.189001083586393,-0.0993569358670532,0.003048));
#15965=CARTESIAN_POINT('',(0.202017480233338,-0.0993569358670532,0.003048));
#15966=CARTESIAN_POINT('',(0.202017480233338,-0.0363652116386114,0.003048));
#15967=CARTESIAN_POINT('',(0.203018110873606,-0.0363652116386114,0.003048));
#15968=CARTESIAN_POINT('',(0.202017480233338,-0.0373658422788785,0.003048));
#15969=CARTESIAN_POINT('',(0.203018110873606,-0.023348815469104,0.003048));
#15970=CARTESIAN_POINT('',(0.203018110873606,-0.023348815469104,0.003048));
#15971=CARTESIAN_POINT('',(0.202017480233338,-0.023348815469104,0.003048));
#15972=CARTESIAN_POINT('',(0.202017480233338,-0.0223481848288368,0.003048));
#15973=CARTESIAN_POINT('',(0.189001083586393,-0.0223481848288368,0.003048));
#15974=CARTESIAN_POINT('',(0.189001083586393,-0.0223481848288368,0.003048));
#15975=CARTESIAN_POINT('',(0.189001083586393,-0.023348815469104,0.003048));
#15976=CARTESIAN_POINT('',(0.188000452946125,-0.023348815469104,0.003048));
#15977=CARTESIAN_POINT('',(0.188000452946125,-0.0363652116386114,0.003048));
#15978=CARTESIAN_POINT('',(0.188000452946125,-0.0363652116386114,0.003048));
#15979=CARTESIAN_POINT('',(0.189001083586393,-0.0363652116386114,0.003048));
#15980=CARTESIAN_POINT('',(0.189001083586393,-0.0373658422788785,0.003048));
#15981=CARTESIAN_POINT('',(0.202017480233338,-0.0373658422788785,0.003048));
#15982=CARTESIAN_POINT('',(0.259239556304659,-0.023348815469104,0.003048));
#15983=CARTESIAN_POINT('',(0.259239556304659,-0.0223481848288368,0.003048));
#15984=CARTESIAN_POINT('',(0.260240186944927,-0.023348815469104,0.003048));
#15985=CARTESIAN_POINT('',(0.246223159657714,-0.0223481848288368,0.003048));
#15986=CARTESIAN_POINT('',(0.246223159657714,-0.0223481848288368,0.003048));
#15987=CARTESIAN_POINT('',(0.246223159657714,-0.023348815469104,0.003048));
#15988=CARTESIAN_POINT('',(0.245222529017446,-0.023348815469104,0.003048));
#15989=CARTESIAN_POINT('',(0.245222529017446,-0.0363652116386114,0.003048));
#15990=CARTESIAN_POINT('',(0.245222529017446,-0.0363652116386114,0.003048));
#15991=CARTESIAN_POINT('',(0.246223159657714,-0.0363652116386114,0.003048));
#15992=CARTESIAN_POINT('',(0.246223159657714,-0.0373658422788785,0.003048));
#15993=CARTESIAN_POINT('',(0.259239556304659,-0.0373658422788785,0.003048));
#15994=CARTESIAN_POINT('',(0.259239556304659,-0.0373658422788785,0.003048));
#15995=CARTESIAN_POINT('',(0.259239556304659,-0.0363652116386114,0.003048));
#15996=CARTESIAN_POINT('',(0.260240186944928,-0.0363652116386114,0.003048));
#15997=CARTESIAN_POINT('',(0.260240186944928,-0.023348815469104,0.003048));
#15998=CARTESIAN_POINT('',(0.144795404162017,-0.098356305226786,0.003048));
#15999=CARTESIAN_POINT('',(0.145796034802284,-0.0983563052267861,0.003048));
#16000=CARTESIAN_POINT('',(0.144795404162017,-0.0993569358670532,0.003048));
#16001=CARTESIAN_POINT('',(0.145796034802284,-0.0853399085798402,0.003048));
#16002=CARTESIAN_POINT('',(0.145796034802284,-0.0853399085798402,0.003048));
#16003=CARTESIAN_POINT('',(0.144795404162017,-0.0853399085798402,0.003048));
#16004=CARTESIAN_POINT('',(0.144795404162017,-0.0843392779395731,0.003048));
#16005=CARTESIAN_POINT('',(0.131779007515071,-0.0843392779395731,0.003048));
#16006=CARTESIAN_POINT('',(0.131779007515071,-0.0843392779395731,0.003048));
#16007=CARTESIAN_POINT('',(0.131779007515071,-0.0853399085798402,0.003048));
#16008=CARTESIAN_POINT('',(0.130778376874804,-0.0853399085798402,0.003048));
#16009=CARTESIAN_POINT('',(0.130778376874804,-0.098356305226786,0.003048));
#16010=CARTESIAN_POINT('',(0.130778376874804,-0.098356305226786,0.003048));
#16011=CARTESIAN_POINT('',(0.131779007515071,-0.098356305226786,0.003048));
#16012=CARTESIAN_POINT('',(0.131779007515071,-0.0993569358670532,0.003048));
#16013=CARTESIAN_POINT('',(0.144795404162017,-0.0993569358670532,0.003048));
#16014=CARTESIAN_POINT('',(0.265303194375126,-0.119432850598623,0.003048));
#16015=CARTESIAN_POINT('',(0.266303825015395,-0.119432850598623,0.003048));
#16016=CARTESIAN_POINT('',(0.265303194375126,-0.12043348123889,0.003048));
#16017=CARTESIAN_POINT('',(0.266303825015395,-0.105415192671142,0.003048));
#16018=CARTESIAN_POINT('',(0.266303825015394,-0.105415192671142,0.003048));
#16019=CARTESIAN_POINT('',(0.265303194375126,-0.105415192671142,0.003048));
#16020=CARTESIAN_POINT('',(0.265303194375126,-0.104414562030875,0.003048));
#16021=CARTESIAN_POINT('',(0.257855194063777,-0.104414562030875,0.003048));
#16022=CARTESIAN_POINT('',(0.257855194063775,-0.104414562030875,0.003048));
#16023=CARTESIAN_POINT('',(0.256854563423508,-0.104413931390608,0.003048));
#16024=CARTESIAN_POINT('',(0.256854563423508,-0.103413300750341,0.003048));
#16025=CARTESIAN_POINT('',(0.243838166776563,-0.103413300750341,0.003048));
#16026=CARTESIAN_POINT('',(0.243838166776563,-0.103413300750341,0.003048));
#16027=CARTESIAN_POINT('',(0.243838166776563,-0.104413931390608,0.003048));
#16028=CARTESIAN_POINT('',(0.24283753623566,-0.104414562030875,0.003048));
#16029=CARTESIAN_POINT('',(0.23538952054691,-0.104414562030875,0.003048));
#16030=CARTESIAN_POINT('',(0.23538952054691,-0.104414562030875,0.003048));
#16031=CARTESIAN_POINT('',(0.23538952054691,-0.105415192671142,0.003048));
#16032=CARTESIAN_POINT('',(0.234388889906643,-0.105415192671142,0.003048));
#16033=CARTESIAN_POINT('',(0.234388889906643,-0.119432850598623,0.003048));
#16034=CARTESIAN_POINT('',(0.234388889906643,-0.119432850598623,0.003048));
#16035=CARTESIAN_POINT('',(0.23538952054691,-0.119432850598623,0.003048));
#16036=CARTESIAN_POINT('',(0.23538952054691,-0.12043348123889,0.003048));
#16037=CARTESIAN_POINT('',(0.265303194375126,-0.12043348123889,0.003048));
#16038=CARTESIAN_POINT('',(0.222380136517881,-0.0662658781300549,0.003048));
#16039=CARTESIAN_POINT('',(0.221379505877614,-0.0662658781300549,0.003048));
#16040=CARTESIAN_POINT('',(0.222380136517881,-0.0652652474897878,0.003048));
#16041=CARTESIAN_POINT('',(0.221379505877614,-0.0792822747770007,0.003048));
#16042=CARTESIAN_POINT('',(0.221379505877614,-0.0792822747770007,0.003048));
#16043=CARTESIAN_POINT('',(0.222380136517881,-0.0792822747770007,0.003048));
#16044=CARTESIAN_POINT('',(0.222380136517881,-0.0802829054172678,0.003048));
#16045=CARTESIAN_POINT('',(0.235396533164827,-0.0802829054172678,0.003048));
#16046=CARTESIAN_POINT('',(0.235396533164827,-0.0802829054172679,0.003048));
#16047=CARTESIAN_POINT('',(0.235396533164827,-0.0792822747770007,0.003048));
#16048=CARTESIAN_POINT('',(0.236397163805094,-0.0792822747770007,0.003048));
#16049=CARTESIAN_POINT('',(0.236397163805094,-0.0662658781300549,0.003048));
#16050=CARTESIAN_POINT('',(0.236397163805094,-0.0662658781300549,0.003048));
#16051=CARTESIAN_POINT('',(0.235396533164827,-0.0662658781300549,0.003048));
#16052=CARTESIAN_POINT('',(0.235396533164827,-0.0652652474897878,0.003048));
#16053=CARTESIAN_POINT('',(0.222380136517881,-0.0652652474897878,0.003048));
#16054=CARTESIAN_POINT('',(0.163869419333768,-0.098356305226786,0.003048));
#16055=CARTESIAN_POINT('',(0.164870049974035,-0.0983563052267861,0.003048));
#16056=CARTESIAN_POINT('',(0.163869419333768,-0.0993569358670532,0.003048));
#16057=CARTESIAN_POINT('',(0.164870049974035,-0.0853399085798402,0.003048));
#16058=CARTESIAN_POINT('',(0.164870049974035,-0.0853399085798402,0.003048));
#16059=CARTESIAN_POINT('',(0.163869419333768,-0.0853399085798402,0.003048));
#16060=CARTESIAN_POINT('',(0.163869419333768,-0.0843392779395731,0.003048));
#16061=CARTESIAN_POINT('',(0.150853022686822,-0.0843392779395731,0.003048));
#16062=CARTESIAN_POINT('',(0.150853022686822,-0.0843392779395731,0.003048));
#16063=CARTESIAN_POINT('',(0.150853022686822,-0.0853399085798402,0.003048));
#16064=CARTESIAN_POINT('',(0.149852392046555,-0.0853399085798402,0.003048));
#16065=CARTESIAN_POINT('',(0.149852392046555,-0.098356305226786,0.003048));
#16066=CARTESIAN_POINT('',(0.149852392046555,-0.098356305226786,0.003048));
#16067=CARTESIAN_POINT('',(0.150853022686822,-0.098356305226786,0.003048));
#16068=CARTESIAN_POINT('',(0.150853022686822,-0.0993569358670531,0.003048));
#16069=CARTESIAN_POINT('',(0.163869419333768,-0.0993569358670532,0.003048));
#16070=CARTESIAN_POINT('',(0.173406442197678,-0.117430328037554,0.003048));
#16071=CARTESIAN_POINT('',(0.174407072837945,-0.117430328037554,0.003048));
#16072=CARTESIAN_POINT('',(0.173406442197678,-0.118430958677821,0.003048));
#16073=CARTESIAN_POINT('',(0.174407072837945,-0.104413931390608,0.003048));
#16074=CARTESIAN_POINT('',(0.174407072837945,-0.104413931390608,0.003048));
#16075=CARTESIAN_POINT('',(0.173406442197678,-0.104413931390608,0.003048));
#16076=CARTESIAN_POINT('',(0.173406442197678,-0.103413300750341,0.003048));
#16077=CARTESIAN_POINT('',(0.160390045550732,-0.103413300750341,0.003048));
#16078=CARTESIAN_POINT('',(0.160390045550732,-0.103413300750341,0.003048));
#16079=CARTESIAN_POINT('',(0.160390045550732,-0.104413931390608,0.003048));
#16080=CARTESIAN_POINT('',(0.159389414910465,-0.104413931390608,0.003048));
#16081=CARTESIAN_POINT('',(0.159389414910465,-0.117430328037554,0.003048));
#16082=CARTESIAN_POINT('',(0.159389414910465,-0.117430328037554,0.003048));
#16083=CARTESIAN_POINT('',(0.160390045550732,-0.117430328037554,0.003048));
#16084=CARTESIAN_POINT('',(0.160390045550732,-0.118430958677821,0.003048));
#16085=CARTESIAN_POINT('',(0.173406442197678,-0.118430958677821,0.003048));
#16086=CARTESIAN_POINT('',(0.231917144103756,-0.0471918495900239,0.003048));
#16087=CARTESIAN_POINT('',(0.230916513463489,-0.0471918495900239,0.003048));
#16088=CARTESIAN_POINT('',(0.231917144103756,-0.0461912189497568,0.003048));
#16089=CARTESIAN_POINT('',(0.230916513463489,-0.0602082481467241,0.003048));
#16090=CARTESIAN_POINT('',(0.230916513463489,-0.0602082481467241,0.003048));
#16091=CARTESIAN_POINT('',(0.231917144103756,-0.0602082481467241,0.003048));
#16092=CARTESIAN_POINT('',(0.231917144103756,-0.0612088787869912,0.003048));
#16093=CARTESIAN_POINT('',(0.244933540750703,-0.0612088787869912,0.003048));
#16094=CARTESIAN_POINT('',(0.244933540750703,-0.0612088787869913,0.003048));
#16095=CARTESIAN_POINT('',(0.244933540750703,-0.0602082481467241,0.003048));
#16096=CARTESIAN_POINT('',(0.24593417139097,-0.0602082481467241,0.003048));
#16097=CARTESIAN_POINT('',(0.24593417139097,-0.0471918495900239,0.003048));
#16098=CARTESIAN_POINT('',(0.24593417139097,-0.0471918495900239,0.003048));
#16099=CARTESIAN_POINT('',(0.244933540750703,-0.0471918495900239,0.003048));
#16100=CARTESIAN_POINT('',(0.244933540750703,-0.0461912189497568,0.003048));
#16101=CARTESIAN_POINT('',(0.231917144103756,-0.0461912189497568,0.003048));
#16102=CARTESIAN_POINT('',(0.318296841173215,-0.115225544366285,0.003048));
#16103=CARTESIAN_POINT('',(0.319297471813482,-0.115225544366285,0.003048));
#16104=CARTESIAN_POINT('',(0.318296841173215,-0.116226175006552,0.003048));
#16105=CARTESIAN_POINT('',(0.319297471813482,-0.102209147719339,0.003048));
#16106=CARTESIAN_POINT('',(0.319297471813483,-0.102209147719339,0.003048));
#16107=CARTESIAN_POINT('',(0.318296841173215,-0.102209147719339,0.003048));
#16108=CARTESIAN_POINT('',(0.318296841173215,-0.101208517079072,0.003048));
#16109=CARTESIAN_POINT('',(0.305280444526269,-0.101208517079072,0.003048));
#16110=CARTESIAN_POINT('',(0.305280444526269,-0.101208517079072,0.003048));
#16111=CARTESIAN_POINT('',(0.305280444526269,-0.102209147719339,0.003048));
#16112=CARTESIAN_POINT('',(0.304279813886003,-0.102209147719339,0.003048));
#16113=CARTESIAN_POINT('',(0.304279813886003,-0.115225544366285,0.003048));
#16114=CARTESIAN_POINT('',(0.304279813886003,-0.115225544366285,0.003048));
#16115=CARTESIAN_POINT('',(0.305280444526269,-0.115225544366285,0.003048));
#16116=CARTESIAN_POINT('',(0.305280444526269,-0.116226175006552,0.003048));
#16117=CARTESIAN_POINT('',(0.318296841173215,-0.116226175006552,0.003048));
#16118=CARTESIAN_POINT('',(0.337370856343816,-0.0913835142994253,0.003048));
#16119=CARTESIAN_POINT('',(0.338371486984082,-0.0913835142994253,0.003048));
#16120=CARTESIAN_POINT('',(0.337370856343816,-0.0923841449396924,0.003048));
#16121=CARTESIAN_POINT('',(0.338371486984082,-0.0783671176525653,0.003048));
#16122=CARTESIAN_POINT('',(0.338371486984083,-0.0783671176525653,0.003048));
#16123=CARTESIAN_POINT('',(0.337370856343816,-0.0783671176525653,0.003048));
#16124=CARTESIAN_POINT('',(0.337370856343816,-0.077366487012298,0.003048));
#16125=CARTESIAN_POINT('',(0.32435445969687,-0.0773664870122979,0.003048));
#16126=CARTESIAN_POINT('',(0.324354459696869,-0.0773664870122979,0.003048));
#16127=CARTESIAN_POINT('',(0.32435445969687,-0.078367117652565,0.003048));
#16128=CARTESIAN_POINT('',(0.323353829056603,-0.078367117652565,0.003048));
#16129=CARTESIAN_POINT('',(0.323353829056603,-0.091383514299425,0.003048));
#16130=CARTESIAN_POINT('',(0.323353829056603,-0.091383514299425,0.003048));
#16131=CARTESIAN_POINT('',(0.32435445969687,-0.091383514299425,0.003048));
#16132=CARTESIAN_POINT('',(0.324354459696869,-0.0923841449396923,0.003048));
#16133=CARTESIAN_POINT('',(0.337370856343816,-0.0923841449396924,0.003048));
#16134=CARTESIAN_POINT('',(0.292618609236147,-0.109181938647419,0.003048));
#16135=CARTESIAN_POINT('',(0.292618609236147,-0.108181308007152,0.003048));
#16136=CARTESIAN_POINT('',(0.293619239876415,-0.109181938647419,0.003048));
#16137=CARTESIAN_POINT('',(0.279602212589201,-0.108181308007152,0.003048));
#16138=CARTESIAN_POINT('',(0.279602212589201,-0.108181308007152,0.003048));
#16139=CARTESIAN_POINT('',(0.279602212589201,-0.109181938647419,0.003048));
#16140=CARTESIAN_POINT('',(0.278601581948935,-0.109181938647419,0.003048));
#16141=CARTESIAN_POINT('',(0.278601581948935,-0.122198335294365,0.003048));
#16142=CARTESIAN_POINT('',(0.278601581948934,-0.122198335294365,0.003048));
#16143=CARTESIAN_POINT('',(0.279602212589201,-0.122198335294365,0.003048));
#16144=CARTESIAN_POINT('',(0.279602212589201,-0.123198965934632,0.003048));
#16145=CARTESIAN_POINT('',(0.292618609236147,-0.123198965934632,0.003048));
#16146=CARTESIAN_POINT('',(0.292618609236147,-0.123198965934632,0.003048));
#16147=CARTESIAN_POINT('',(0.292618609236147,-0.122198335294365,0.003048));
#16148=CARTESIAN_POINT('',(0.293619239876416,-0.122198335294365,0.003048));
#16149=CARTESIAN_POINT('',(0.293619239876416,-0.109181938647419,0.003048));
#16150=CARTESIAN_POINT('',(0.141027026834202,-0.023348815469104,0.003048));
#16151=CARTESIAN_POINT('',(0.141027026834202,-0.0363652116386114,0.003048));
#16152=CARTESIAN_POINT('',(0.141027026834202,-0.023348815469104,0.003048));
#16153=CARTESIAN_POINT('',(0.140026396193935,-0.023348815469104,0.003048));
#16154=CARTESIAN_POINT('',(0.140026396193935,-0.0223481848288368,0.003048));
#16155=CARTESIAN_POINT('',(0.127009991907972,-0.0223481848288368,0.003048));
#16156=CARTESIAN_POINT('',(0.140026396193935,-0.0373658422788785,0.003048));
#16157=CARTESIAN_POINT('',(0.140026396193935,-0.0373658422788785,0.003048));
#16158=CARTESIAN_POINT('',(0.140026396193935,-0.0363652116386114,0.003048));
#16159=CARTESIAN_POINT('',(0.150564034420077,-0.0471918495900239,0.003048));
#16160=CARTESIAN_POINT('',(0.150564034420077,-0.0602082481467241,0.003048));
#16161=CARTESIAN_POINT('',(0.150564034420078,-0.0471918495900239,0.003048));
#16162=CARTESIAN_POINT('',(0.149563403779811,-0.0471918495900239,0.003048));
#16163=CARTESIAN_POINT('',(0.149563403779811,-0.0461912189497568,0.003048));
#16164=CARTESIAN_POINT('',(0.136547007132865,-0.0461912189497568,0.003048));
#16165=CARTESIAN_POINT('',(0.136547007132865,-0.0461912189497568,0.003048));
#16166=CARTESIAN_POINT('',(0.136547007132865,-0.0471918495900239,0.003048));
#16167=CARTESIAN_POINT('',(0.135546376492598,-0.0471918495900239,0.003048));
#16168=CARTESIAN_POINT('',(0.135546376492598,-0.0602082481467241,0.003048));
#16169=CARTESIAN_POINT('',(0.135546376492598,-0.0602082481467241,0.003048));
#16170=CARTESIAN_POINT('',(0.136547007132865,-0.0602082481467241,0.003048));
#16171=CARTESIAN_POINT('',(0.136547007132865,-0.0612088787869912,0.003048));
#16172=CARTESIAN_POINT('',(0.149563403779811,-0.0612088787869912,0.003048));
#16173=CARTESIAN_POINT('',(0.149563403779811,-0.0612088787869913,0.003048));
#16174=CARTESIAN_POINT('',(0.149563403779811,-0.0602082481467241,0.003048));
#16175=CARTESIAN_POINT('',(0.32473545969687,-0.0326515158240453,0.003048));
#16176=CARTESIAN_POINT('',(0.324234829056603,-0.0326515158240453,0.003048));
#16177=CARTESIAN_POINT('',(0.32473545969687,-0.0331521464643125,0.003048));
#16178=CARTESIAN_POINT('',(0.33775185634373,-0.0331521464643126,0.003048));
#16179=CARTESIAN_POINT('',(0.33775185634373,-0.0331521464643124,0.003048));
#16180=CARTESIAN_POINT('',(0.33775185634373,-0.0326515158240453,0.003048));
#16181=CARTESIAN_POINT('',(0.338252486983996,-0.0326515158240453,0.003048));
#16182=CARTESIAN_POINT('',(0.338252486983996,-0.0196351191770995,0.003048));
#16183=CARTESIAN_POINT('',(0.338252486983998,-0.0196351191770995,0.003048));
#16184=CARTESIAN_POINT('',(0.337751856343773,-0.0196351191770995,0.003048));
#16185=CARTESIAN_POINT('',(0.337751856343773,-0.0191344885368753,0.003048));
#16186=CARTESIAN_POINT('',(0.324735459696826,-0.0191344885368752,0.003048));
#16187=CARTESIAN_POINT('',(0.324735459696826,-0.0191344885368752,0.003048));
#16188=CARTESIAN_POINT('',(0.324735459696826,-0.0196351191770994,0.003048));
#16189=CARTESIAN_POINT('',(0.324234829056602,-0.0196351191770994,0.003048));
#16190=CARTESIAN_POINT('',(0.324234829056602,-0.0326515158240453,0.003048));
#16191=CARTESIAN_POINT('',(0.160101042005953,-0.023348815469104,0.003048));
#16192=CARTESIAN_POINT('',(0.160101042005953,-0.0363652116386114,0.003048));
#16193=CARTESIAN_POINT('',(0.160101042005953,-0.023348815469104,0.003048));
#16194=CARTESIAN_POINT('',(0.159100411365686,-0.023348815469104,0.003048));
#16195=CARTESIAN_POINT('',(0.159100411365686,-0.0223481848288368,0.003048));
#16196=CARTESIAN_POINT('',(0.14608401471874,-0.0223481848288368,0.003048));
#16197=CARTESIAN_POINT('',(0.14608401471874,-0.0223481848288368,0.003048));
#16198=CARTESIAN_POINT('',(0.14608401471874,-0.023348815469104,0.003048));
#16199=CARTESIAN_POINT('',(0.145083384078473,-0.023348815469104,0.003048));
#16200=CARTESIAN_POINT('',(0.145083384078473,-0.0363652116386114,0.003048));
#16201=CARTESIAN_POINT('',(0.145083384078473,-0.0363652116386114,0.003048));
#16202=CARTESIAN_POINT('',(0.14608401471874,-0.0363652116386114,0.003048));
#16203=CARTESIAN_POINT('',(0.14608401471874,-0.0373658422788785,0.003048));
#16204=CARTESIAN_POINT('',(0.159100411365686,-0.0373658422788785,0.003048));
#16205=CARTESIAN_POINT('',(0.159100411365686,-0.0373658422788785,0.003048));
#16206=CARTESIAN_POINT('',(0.159100411365686,-0.0363652116386114,0.003048));
#16207=CARTESIAN_POINT('',(0.32473545969687,-0.0517255443662853,0.003048));
#16208=CARTESIAN_POINT('',(0.324234829056603,-0.0517255443662853,0.003048));
#16209=CARTESIAN_POINT('',(0.32473545969687,-0.0522261750065523,0.003048));
#16210=CARTESIAN_POINT('',(0.337751856344896,-0.0522261750065523,0.003048));
#16211=CARTESIAN_POINT('',(0.337751856344896,-0.0522261750065524,0.003048));
#16212=CARTESIAN_POINT('',(0.337751856344896,-0.0517255443662853,0.003048));
#16213=CARTESIAN_POINT('',(0.338252486985162,-0.0517255443662853,0.003048));
#16214=CARTESIAN_POINT('',(0.338252486985162,-0.0387091477182597,0.003048));
#16215=CARTESIAN_POINT('',(0.338252486985163,-0.0387091477182597,0.003048));
#16216=CARTESIAN_POINT('',(0.337751856344896,-0.0387091477182597,0.003048));
#16217=CARTESIAN_POINT('',(0.337751856344896,-0.0382085170779924,0.003048));
#16218=CARTESIAN_POINT('',(0.32473545969687,-0.0382085170779923,0.003048));
#16219=CARTESIAN_POINT('',(0.32473545969687,-0.0382085170779925,0.003048));
#16220=CARTESIAN_POINT('',(0.32473545969687,-0.0387091477182597,0.003048));
#16221=CARTESIAN_POINT('',(0.324234829056602,-0.0387091477182597,0.003048));
#16222=CARTESIAN_POINT('',(0.324234829056602,-0.0517255443662853,0.003048));
#16223=CARTESIAN_POINT('',(0.184201030651849,-0.138506881048408,0.003048));
#16224=CARTESIAN_POINT('',(0.185201661292116,-0.138506881048408,0.003048));
#16225=CARTESIAN_POINT('',(0.185201661292116,-0.124489223120928,0.003048));
#16226=CARTESIAN_POINT('',(0.185201661292116,-0.124489223120928,0.003048));
#16227=CARTESIAN_POINT('',(0.184201030651849,-0.124489223120928,0.003048));
#16228=CARTESIAN_POINT('',(0.184201030651849,-0.123488592480661,0.003048));
#16229=CARTESIAN_POINT('',(0.178193462968643,-0.123488592480661,0.003048));
#16230=CARTESIAN_POINT('',(0.178193462968643,-0.123488592480661,0.003048));
#16231=CARTESIAN_POINT('',(0.178193462968643,-0.124489223120928,0.003048));
#16232=CARTESIAN_POINT('',(0.177192832328376,-0.124489223120928,0.003048));
#16233=CARTESIAN_POINT('',(0.177192832328376,-0.136504358487339,0.003048));
#16234=CARTESIAN_POINT('',(0.177192832328376,-0.136504358487339,0.003048));
#16235=CARTESIAN_POINT('',(0.138643011747271,-0.136504358487339,0.003048));
#16236=CARTESIAN_POINT('',(0.138643011747271,-0.136504358487339,0.003048));
#16237=CARTESIAN_POINT('',(0.138643011747271,-0.123487961840393,0.003048));
#16238=CARTESIAN_POINT('',(0.138643011747271,-0.123487961840393,0.003048));
#16239=CARTESIAN_POINT('',(0.137642381107004,-0.123487961840393,0.003048));
#16240=CARTESIAN_POINT('',(0.188712095319648,-0.0471918495900239,0.003048));
#16241=CARTESIAN_POINT('',(0.188712095319648,-0.0602082481467241,0.003048));
#16242=CARTESIAN_POINT('',(0.188712095319648,-0.0471918495900239,0.003048));
#16243=CARTESIAN_POINT('',(0.187711464679381,-0.0471918495900239,0.003048));
#16244=CARTESIAN_POINT('',(0.187711464679381,-0.0461912189497568,0.003048));
#16245=CARTESIAN_POINT('',(0.174695068032436,-0.0461912189497568,0.003048));
#16246=CARTESIAN_POINT('',(0.174695068032436,-0.0461912189497568,0.003048));
#16247=CARTESIAN_POINT('',(0.174695068032436,-0.0471918495900239,0.003048));
#16248=CARTESIAN_POINT('',(0.173694437392168,-0.0471918495900239,0.003048));
#16249=CARTESIAN_POINT('',(0.173694437392168,-0.0602082481467241,0.003048));
#16250=CARTESIAN_POINT('',(0.173694437392168,-0.0602082481467241,0.003048));
#16251=CARTESIAN_POINT('',(0.174695068032436,-0.0602082481467241,0.003048));
#16252=CARTESIAN_POINT('',(0.174695068032436,-0.0612088787869912,0.003048));
#16253=CARTESIAN_POINT('',(0.187711464679381,-0.0612088787869912,0.003048));
#16254=CARTESIAN_POINT('',(0.187711464679381,-0.0612088787869913,0.003048));
#16255=CARTESIAN_POINT('',(0.187711464679381,-0.0602082481467241,0.003048));
#16256=CARTESIAN_POINT('',(0.24593417139097,-0.123487961840393,0.003048));
#16257=CARTESIAN_POINT('',(0.24593417139097,-0.136504358487339,0.003048));
#16258=CARTESIAN_POINT('',(0.24593417139097,-0.123487961840393,0.003048));
#16259=CARTESIAN_POINT('',(0.244933540750703,-0.123487961840393,0.003048));
#16260=CARTESIAN_POINT('',(0.244933540750703,-0.122487331200126,0.003048));
#16261=CARTESIAN_POINT('',(0.231917144103756,-0.122487331200126,0.003048));
#16262=CARTESIAN_POINT('',(0.231917144103756,-0.122487331200126,0.003048));
#16263=CARTESIAN_POINT('',(0.231917144103756,-0.123487961840393,0.003048));
#16264=CARTESIAN_POINT('',(0.230916513463489,-0.123487961840393,0.003048));
#16265=CARTESIAN_POINT('',(0.230916513463489,-0.136504358487339,0.003048));
#16266=CARTESIAN_POINT('',(0.230916513463489,-0.136504358487339,0.003048));
#16267=CARTESIAN_POINT('',(0.231917144103756,-0.136504358487339,0.003048));
#16268=CARTESIAN_POINT('',(0.231917144103756,-0.137504989127607,0.003048));
#16269=CARTESIAN_POINT('',(0.244933540750703,-0.137504989127607,0.003048));
#16270=CARTESIAN_POINT('',(0.244933540750703,-0.137504989127606,0.003048));
#16271=CARTESIAN_POINT('',(0.244933540750703,-0.136504358487339,0.003048));
#16272=CARTESIAN_POINT('',(0.222092141323391,-0.0853399085798402,0.003048));
#16273=CARTESIAN_POINT('',(0.222092141323391,-0.0983563052267861,0.003048));
#16274=CARTESIAN_POINT('',(0.222092141323391,-0.0853399085798402,0.003048));
#16275=CARTESIAN_POINT('',(0.221091510683123,-0.0853399085798402,0.003048));
#16276=CARTESIAN_POINT('',(0.221091510683123,-0.0843392779395731,0.003048));
#16277=CARTESIAN_POINT('',(0.208075114036178,-0.0843392779395731,0.003048));
#16278=CARTESIAN_POINT('',(0.208075114036178,-0.0843392779395731,0.003048));
#16279=CARTESIAN_POINT('',(0.208075114036178,-0.0853399085798402,0.003048));
#16280=CARTESIAN_POINT('',(0.207074483395911,-0.0853399085798402,0.003048));
#16281=CARTESIAN_POINT('',(0.207074483395911,-0.098356305226786,0.003048));
#16282=CARTESIAN_POINT('',(0.207074483395911,-0.098356305226786,0.003048));
#16283=CARTESIAN_POINT('',(0.208075114036178,-0.098356305226786,0.003048));
#16284=CARTESIAN_POINT('',(0.208075114036178,-0.0993569358670531,0.003048));
#16285=CARTESIAN_POINT('',(0.221091510683123,-0.0993569358670532,0.003048));
#16286=CARTESIAN_POINT('',(0.221091510683123,-0.0993569358670532,0.003048));
#16287=CARTESIAN_POINT('',(0.221091510683123,-0.098356305226786,0.003048));
#16288=CARTESIAN_POINT('',(0.179175072455738,-0.023348815469104,0.003048));
#16289=CARTESIAN_POINT('',(0.179175072455738,-0.0363652116386114,0.003048));
#16290=CARTESIAN_POINT('',(0.179175072455738,-0.023348815469104,0.003048));
#16291=CARTESIAN_POINT('',(0.178174441815471,-0.023348815469104,0.003048));
#16292=CARTESIAN_POINT('',(0.178174441815472,-0.0223481848288368,0.003048));
#16293=CARTESIAN_POINT('',(0.165158045168526,-0.0223481848288368,0.003048));
#16294=CARTESIAN_POINT('',(0.165158045168526,-0.0223481848288368,0.003048));
#16295=CARTESIAN_POINT('',(0.165158045168526,-0.023348815469104,0.003048));
#16296=CARTESIAN_POINT('',(0.164157414528258,-0.023348815469104,0.003048));
#16297=CARTESIAN_POINT('',(0.164157414528258,-0.0363652116386114,0.003048));
#16298=CARTESIAN_POINT('',(0.164157414528258,-0.0363652116386114,0.003048));
#16299=CARTESIAN_POINT('',(0.165158045168526,-0.0363652116386114,0.003048));
#16300=CARTESIAN_POINT('',(0.165158045168526,-0.0373658422788785,0.003048));
#16301=CARTESIAN_POINT('',(0.178174441815471,-0.0373658422788785,0.003048));
#16302=CARTESIAN_POINT('',(0.178174441815471,-0.0373658422788785,0.003048));
#16303=CARTESIAN_POINT('',(0.178174441815471,-0.0363652116386114,0.003048));
#16304=CARTESIAN_POINT('',(0.169638064869863,-0.0471918495900239,0.003048));
#16305=CARTESIAN_POINT('',(0.169638064869863,-0.0602082481467241,0.003048));
#16306=CARTESIAN_POINT('',(0.169638064869863,-0.0471918495900239,0.003048));
#16307=CARTESIAN_POINT('',(0.168637434229596,-0.0471918495900239,0.003048));
#16308=CARTESIAN_POINT('',(0.168637434229596,-0.0461912189497568,0.003048));
#16309=CARTESIAN_POINT('',(0.15562103758265,-0.0461912189497568,0.003048));
#16310=CARTESIAN_POINT('',(0.15562103758265,-0.0461912189497568,0.003048));
#16311=CARTESIAN_POINT('',(0.15562103758265,-0.0471918495900239,0.003048));
#16312=CARTESIAN_POINT('',(0.154620406942383,-0.0471918495900239,0.003048));
#16313=CARTESIAN_POINT('',(0.154620406942383,-0.0602082481467241,0.003048));
#16314=CARTESIAN_POINT('',(0.154620406942383,-0.0602082481467241,0.003048));
#16315=CARTESIAN_POINT('',(0.15562103758265,-0.0602082481467241,0.003048));
#16316=CARTESIAN_POINT('',(0.15562103758265,-0.0612088787869912,0.003048));
#16317=CARTESIAN_POINT('',(0.168637434229596,-0.0612088787869912,0.003048));
#16318=CARTESIAN_POINT('',(0.168637434229596,-0.0612088787869913,0.003048));
#16319=CARTESIAN_POINT('',(0.168637434229596,-0.0602082481467241,0.003048));
#16320=CARTESIAN_POINT('',(0.131490003970292,-0.0471918495900239,0.003048));
#16321=CARTESIAN_POINT('',(0.131490003970292,-0.0602082481467241,0.003048));
#16322=CARTESIAN_POINT('',(0.131490003970292,-0.0471918495900239,0.003048));
#16323=CARTESIAN_POINT('',(0.130489373330025,-0.0471918495900239,0.003048));
#16324=CARTESIAN_POINT('',(0.130489373330025,-0.0612088787869912,0.003048));
#16325=CARTESIAN_POINT('',(0.130489373330025,-0.0612088787869913,0.003048));
#16326=CARTESIAN_POINT('',(0.130489373330025,-0.0602082481467241,0.003048));
#16327=CARTESIAN_POINT('',(0.212843113653971,-0.122487331200126,0.003048));
#16328=CARTESIAN_POINT('',(0.225859510300917,-0.122487331200126,0.003048));
#16329=CARTESIAN_POINT('',(0.212843113653971,-0.122487331200126,0.003048));
#16330=CARTESIAN_POINT('',(0.212843113653971,-0.123487961840393,0.003048));
#16331=CARTESIAN_POINT('',(0.211842483013704,-0.123487961840393,0.003048));
#16332=CARTESIAN_POINT('',(0.211842483013704,-0.136504358487339,0.003048));
#16333=CARTESIAN_POINT('',(0.211842483013704,-0.136504358487339,0.003048));
#16334=CARTESIAN_POINT('',(0.212843113653971,-0.136504358487339,0.003048));
#16335=CARTESIAN_POINT('',(0.212843113653971,-0.137504989127607,0.003048));
#16336=CARTESIAN_POINT('',(0.225859510300917,-0.137504989127607,0.003048));
#16337=CARTESIAN_POINT('',(0.225859510300917,-0.137504989127606,0.003048));
#16338=CARTESIAN_POINT('',(0.225859510300917,-0.136504358487339,0.003048));
#16339=CARTESIAN_POINT('',(0.226860140941184,-0.136504358487339,0.003048));
#16340=CARTESIAN_POINT('',(0.226860140941184,-0.123487961840393,0.003048));
#16341=CARTESIAN_POINT('',(0.226860140941184,-0.123487961840393,0.003048));
#16342=CARTESIAN_POINT('',(0.225859510300917,-0.123487961840393,0.003048));
#16343=CARTESIAN_POINT('',(0.207786110491399,-0.123487961840393,0.003048));
#16344=CARTESIAN_POINT('',(0.207786110491399,-0.136504358487339,0.003048));
#16345=CARTESIAN_POINT('',(0.207786110491399,-0.123487961840393,0.003048));
#16346=CARTESIAN_POINT('',(0.206785479851132,-0.123487961840393,0.003048));
#16347=CARTESIAN_POINT('',(0.206785479851132,-0.122487331200126,0.003048));
#16348=CARTESIAN_POINT('',(0.193769083204186,-0.122487331200126,0.003048));
#16349=CARTESIAN_POINT('',(0.193769083204186,-0.122487331200126,0.003048));
#16350=CARTESIAN_POINT('',(0.193769083204186,-0.123487961840393,0.003048));
#16351=CARTESIAN_POINT('',(0.192768452563919,-0.123487961840393,0.003048));
#16352=CARTESIAN_POINT('',(0.192768452563919,-0.136504358487339,0.003048));
#16353=CARTESIAN_POINT('',(0.192768452563919,-0.136504358487339,0.003048));
#16354=CARTESIAN_POINT('',(0.193769083204186,-0.136504358487339,0.003048));
#16355=CARTESIAN_POINT('',(0.193769083204186,-0.137504989127607,0.003048));
#16356=CARTESIAN_POINT('',(0.206785479851132,-0.137504989127607,0.003048));
#16357=CARTESIAN_POINT('',(0.206785479851132,-0.137504989127606,0.003048));
#16358=CARTESIAN_POINT('',(0.206785479851132,-0.136504358487339,0.003048));
#16359=CARTESIAN_POINT('',(0.241166171773176,-0.0853399085798402,0.003048));
#16360=CARTESIAN_POINT('',(0.241166171773176,-0.0983563052267861,0.003048));
#16361=CARTESIAN_POINT('',(0.241166171773176,-0.0853399085798402,0.003048));
#16362=CARTESIAN_POINT('',(0.240165541132909,-0.0853399085798402,0.003048));
#16363=CARTESIAN_POINT('',(0.240165541132909,-0.0843392779395731,0.003048));
#16364=CARTESIAN_POINT('',(0.227149144485963,-0.0843392779395731,0.003048));
#16365=CARTESIAN_POINT('',(0.227149144485963,-0.0843392779395731,0.003048));
#16366=CARTESIAN_POINT('',(0.227149144485963,-0.0853399085798402,0.003048));
#16367=CARTESIAN_POINT('',(0.226148513845696,-0.0853399085798402,0.003048));
#16368=CARTESIAN_POINT('',(0.226148513845696,-0.098356305226786,0.003048));
#16369=CARTESIAN_POINT('',(0.226148513845696,-0.098356305226786,0.003048));
#16370=CARTESIAN_POINT('',(0.227149144485963,-0.098356305226786,0.003048));
#16371=CARTESIAN_POINT('',(0.227149144485963,-0.0993569358670531,0.003048));
#16372=CARTESIAN_POINT('',(0.240165541132909,-0.0993569358670532,0.003048));
#16373=CARTESIAN_POINT('',(0.240165541132909,-0.0993569358670532,0.003048));
#16374=CARTESIAN_POINT('',(0.240165541132909,-0.098356305226786,0.003048));
#16375=CARTESIAN_POINT('',(0.319297471813482,-0.0831351249084192,0.003048));
#16376=CARTESIAN_POINT('',(0.319297471813482,-0.096151521555365,0.003048));
#16377=CARTESIAN_POINT('',(0.319297471813483,-0.0831351249084192,0.003048));
#16378=CARTESIAN_POINT('',(0.318296841173215,-0.0831351249084192,0.003048));
#16379=CARTESIAN_POINT('',(0.318296841173215,-0.0821344942681521,0.003048));
#16380=CARTESIAN_POINT('',(0.305280444526269,-0.0821344942681521,0.003048));
#16381=CARTESIAN_POINT('',(0.305280444526269,-0.082134494268152,0.003048));
#16382=CARTESIAN_POINT('',(0.305280444526269,-0.0831351249084192,0.003048));
#16383=CARTESIAN_POINT('',(0.304279813886003,-0.0831351249084192,0.003048));
#16384=CARTESIAN_POINT('',(0.304279813886003,-0.096151521555365,0.003048));
#16385=CARTESIAN_POINT('',(0.304279813886002,-0.096151521555365,0.003048));
#16386=CARTESIAN_POINT('',(0.305280444526269,-0.096151521555365,0.003048));
#16387=CARTESIAN_POINT('',(0.305280444526269,-0.097152152195632,0.003048));
#16388=CARTESIAN_POINT('',(0.318296841173215,-0.0971521521956321,0.003048));
#16389=CARTESIAN_POINT('',(0.318296841173215,-0.0971521521956322,0.003048));
#16390=CARTESIAN_POINT('',(0.318296841173215,-0.096151521555365,0.003048));
#16391=CARTESIAN_POINT('',(0.145083384078473,-0.0792822747770007,0.003048));
#16392=CARTESIAN_POINT('',(0.145083384078473,-0.0662658781300549,0.003048));
#16393=CARTESIAN_POINT('',(0.145083384078473,-0.0792822747770007,0.003048));
#16394=CARTESIAN_POINT('',(0.14608401471874,-0.0792822747770007,0.003048));
#16395=CARTESIAN_POINT('',(0.14608401471874,-0.0802829054172678,0.003048));
#16396=CARTESIAN_POINT('',(0.159100411365686,-0.0802829054172678,0.003048));
#16397=CARTESIAN_POINT('',(0.159100411365686,-0.0802829054172679,0.003048));
#16398=CARTESIAN_POINT('',(0.159100411365686,-0.0792822747770007,0.003048));
#16399=CARTESIAN_POINT('',(0.160101042005953,-0.0792822747770007,0.003048));
#16400=CARTESIAN_POINT('',(0.160101042005953,-0.0662658781300549,0.003048));
#16401=CARTESIAN_POINT('',(0.160101042005953,-0.0662658781300549,0.003048));
#16402=CARTESIAN_POINT('',(0.159100411365686,-0.0662658781300549,0.003048));
#16403=CARTESIAN_POINT('',(0.159100411365686,-0.0652652474897878,0.003048));
#16404=CARTESIAN_POINT('',(0.14608401471874,-0.0652652474897878,0.003048));
#16405=CARTESIAN_POINT('',(0.14608401471874,-0.0652652474897877,0.003048));
#16406=CARTESIAN_POINT('',(0.14608401471874,-0.0662658781300549,0.003048));
#16407=CARTESIAN_POINT('',(0.140026396193935,-0.0802829054172678,0.003048));
#16408=CARTESIAN_POINT('',(0.140026396193935,-0.0802829054172679,0.003048));
#16409=CARTESIAN_POINT('',(0.140026396193935,-0.0792822747770007,0.003048));
#16410=CARTESIAN_POINT('',(0.141027026834202,-0.0792822747770007,0.003048));
#16411=CARTESIAN_POINT('',(0.141027026834202,-0.0662658781300549,0.003048));
#16412=CARTESIAN_POINT('',(0.141027026834202,-0.0662658781300549,0.003048));
#16413=CARTESIAN_POINT('',(0.140026396193935,-0.0662658781300549,0.003048));
#16414=CARTESIAN_POINT('',(0.227149144485963,-0.0223481848288368,0.003048));
#16415=CARTESIAN_POINT('',(0.240165541132909,-0.0223481848288368,0.003048));
#16416=CARTESIAN_POINT('',(0.227149144485963,-0.0223481848288368,0.003048));
#16417=CARTESIAN_POINT('',(0.227149144485963,-0.023348815469104,0.003048));
#16418=CARTESIAN_POINT('',(0.226148513845696,-0.023348815469104,0.003048));
#16419=CARTESIAN_POINT('',(0.226148513845696,-0.0363652116386114,0.003048));
#16420=CARTESIAN_POINT('',(0.226148513845696,-0.0363652116386114,0.003048));
#16421=CARTESIAN_POINT('',(0.227149144485963,-0.0363652116386114,0.003048));
#16422=CARTESIAN_POINT('',(0.227149144485963,-0.0373658422788785,0.003048));
#16423=CARTESIAN_POINT('',(0.240165541132909,-0.0373658422788785,0.003048));
#16424=CARTESIAN_POINT('',(0.240165541132909,-0.0373658422788785,0.003048));
#16425=CARTESIAN_POINT('',(0.240165541132909,-0.0363652116386114,0.003048));
#16426=CARTESIAN_POINT('',(0.241166171773176,-0.0363652116386114,0.003048));
#16427=CARTESIAN_POINT('',(0.241166171773176,-0.023348815469104,0.003048));
#16428=CARTESIAN_POINT('',(0.241166171773176,-0.023348815469104,0.003048));
#16429=CARTESIAN_POINT('',(0.240165541132909,-0.023348815469104,0.003048));
#16430=CARTESIAN_POINT('',(0.240453521049365,-0.0792822747770007,0.003048));
#16431=CARTESIAN_POINT('',(0.240453521049365,-0.0662658781300549,0.003048));
#16432=CARTESIAN_POINT('',(0.240453521049365,-0.0792822747770007,0.003048));
#16433=CARTESIAN_POINT('',(0.241454151689631,-0.0792822747770007,0.003048));
#16434=CARTESIAN_POINT('',(0.241454151689632,-0.0802829054172678,0.003048));
#16435=CARTESIAN_POINT('',(0.254470548336578,-0.0802829054172678,0.003048));
#16436=CARTESIAN_POINT('',(0.254470548336578,-0.0802829054172679,0.003048));
#16437=CARTESIAN_POINT('',(0.254470548336578,-0.0792822747770007,0.003048));
#16438=CARTESIAN_POINT('',(0.255471178976844,-0.0792822747770007,0.003048));
#16439=CARTESIAN_POINT('',(0.255471178976844,-0.0662658781300549,0.003048));
#16440=CARTESIAN_POINT('',(0.255471178976845,-0.0662658781300549,0.003048));
#16441=CARTESIAN_POINT('',(0.254470548336578,-0.0662658781300549,0.003048));
#16442=CARTESIAN_POINT('',(0.254470548336578,-0.0652652474897878,0.003048));
#16443=CARTESIAN_POINT('',(0.241454151689631,-0.0652652474897878,0.003048));
#16444=CARTESIAN_POINT('',(0.241454151689631,-0.0652652474897877,0.003048));
#16445=CARTESIAN_POINT('',(0.241454151689631,-0.0662658781300549,0.003048));
#16446=CARTESIAN_POINT('',(0.293619239876416,-0.128255969097204,0.003048));
#16447=CARTESIAN_POINT('',(0.293619239876416,-0.14127236574415,0.003048));
#16448=CARTESIAN_POINT('',(0.293619239876414,-0.128255969097204,0.003048));
#16449=CARTESIAN_POINT('',(0.292618609236147,-0.128255969097204,0.003048));
#16450=CARTESIAN_POINT('',(0.292618609236147,-0.127255338456937,0.003048));
#16451=CARTESIAN_POINT('',(0.279602212589201,-0.127255338456937,0.003048));
#16452=CARTESIAN_POINT('',(0.279602212589201,-0.127255338456937,0.003048));
#16453=CARTESIAN_POINT('',(0.279602212589201,-0.128255969097204,0.003048));
#16454=CARTESIAN_POINT('',(0.278601581948935,-0.128255969097204,0.003048));
#16455=CARTESIAN_POINT('',(0.278601581948935,-0.14127236574415,0.003048));
#16456=CARTESIAN_POINT('',(0.278601581948934,-0.14127236574415,0.003048));
#16457=CARTESIAN_POINT('',(0.279602212589201,-0.14127236574415,0.003048));
#16458=CARTESIAN_POINT('',(0.279602212589201,-0.142272996384417,0.003048));
#16459=CARTESIAN_POINT('',(0.292618609236147,-0.142272996384417,0.003048));
#16460=CARTESIAN_POINT('',(0.292618609236147,-0.142272996384417,0.003048));
#16461=CARTESIAN_POINT('',(0.292618609236147,-0.14127236574415,0.003048));
#16462=CARTESIAN_POINT('',(0.203306106068096,-0.0652652474897878,0.003048));
#16463=CARTESIAN_POINT('',(0.216322502715041,-0.0652652474897878,0.003048));
#16464=CARTESIAN_POINT('',(0.203306106068096,-0.0652652474897878,0.003048));
#16465=CARTESIAN_POINT('',(0.203306106068096,-0.0662658781300549,0.003048));
#16466=CARTESIAN_POINT('',(0.202305475427828,-0.0662658781300549,0.003048));
#16467=CARTESIAN_POINT('',(0.202305475427828,-0.0792822747770007,0.003048));
#16468=CARTESIAN_POINT('',(0.202305475427828,-0.0792822747770007,0.003048));
#16469=CARTESIAN_POINT('',(0.203306106068096,-0.0792822747770007,0.003048));
#16470=CARTESIAN_POINT('',(0.203306106068096,-0.0802829054172678,0.003048));
#16471=CARTESIAN_POINT('',(0.216322502715041,-0.0802829054172678,0.003048));
#16472=CARTESIAN_POINT('',(0.216322502715041,-0.0802829054172679,0.003048));
#16473=CARTESIAN_POINT('',(0.216322502715041,-0.0792822747770007,0.003048));
#16474=CARTESIAN_POINT('',(0.217323133355309,-0.0792822747770007,0.003048));
#16475=CARTESIAN_POINT('',(0.217323133355309,-0.0662658781300549,0.003048));
#16476=CARTESIAN_POINT('',(0.217323133355309,-0.0662658781300549,0.003048));
#16477=CARTESIAN_POINT('',(0.216322502715041,-0.0662658781300549,0.003048));
#16478=CARTESIAN_POINT('',(0.283081601650272,-0.0373658422788785,0.003048));
#16479=CARTESIAN_POINT('',(0.270065205003328,-0.0373658422788785,0.003048));
#16480=CARTESIAN_POINT('',(0.283081601650272,-0.0373658422788785,0.003048));
#16481=CARTESIAN_POINT('',(0.283081601650272,-0.0363652116386114,0.003048));
#16482=CARTESIAN_POINT('',(0.284082232290541,-0.0363652116386114,0.003048));
#16483=CARTESIAN_POINT('',(0.284082232290541,-0.023348815469104,0.003048));
#16484=CARTESIAN_POINT('',(0.284082232290539,-0.023348815469104,0.003048));
#16485=CARTESIAN_POINT('',(0.283081601650272,-0.023348815469104,0.003048));
#16486=CARTESIAN_POINT('',(0.283081601650272,-0.0223481848288368,0.003048));
#16487=CARTESIAN_POINT('',(0.270065205003328,-0.0223481848288368,0.003048));
#16488=CARTESIAN_POINT('',(0.270065205003328,-0.0223481848288368,0.003048));
#16489=CARTESIAN_POINT('',(0.270065205003328,-0.023348815469104,0.003048));
#16490=CARTESIAN_POINT('',(0.26906457436306,-0.023348815469104,0.003048));
#16491=CARTESIAN_POINT('',(0.26906457436306,-0.0363652116386114,0.003048));
#16492=CARTESIAN_POINT('',(0.269064574363061,-0.0363652116386114,0.003048));
#16493=CARTESIAN_POINT('',(0.270065205003328,-0.0363652116386114,0.003048));
#16494=CARTESIAN_POINT('',(0.338371486983996,-0.0974411481011794,0.003048));
#16495=CARTESIAN_POINT('',(0.338371486984082,-0.110457544748122,0.003048));
#16496=CARTESIAN_POINT('',(0.338371486983997,-0.0974411481011794,0.003048));
#16497=CARTESIAN_POINT('',(0.33737085634373,-0.0974411481011794,0.003048));
#16498=CARTESIAN_POINT('',(0.33737085634373,-0.0964405174609124,0.003048));
#16499=CARTESIAN_POINT('',(0.32435445969687,-0.0964405174609123,0.003048));
#16500=CARTESIAN_POINT('',(0.32435445969687,-0.0964405174609122,0.003048));
#16501=CARTESIAN_POINT('',(0.32435445969687,-0.0974411481011794,0.003048));
#16502=CARTESIAN_POINT('',(0.323353829056601,-0.0974411481011794,0.003048));
#16503=CARTESIAN_POINT('',(0.323353829056601,-0.110457544748125,0.003048));
#16504=CARTESIAN_POINT('',(0.323353829056602,-0.110457544748125,0.003048));
#16505=CARTESIAN_POINT('',(0.32435445969687,-0.110457544748125,0.003048));
#16506=CARTESIAN_POINT('',(0.324354459696869,-0.111458175388392,0.003048));
#16507=CARTESIAN_POINT('',(0.337370856343816,-0.111458175388392,0.003048));
#16508=CARTESIAN_POINT('',(0.337370856343816,-0.111458175388393,0.003048));
#16509=CARTESIAN_POINT('',(0.337370856343816,-0.110457544748125,0.003048));
#16510=CARTESIAN_POINT('',(0.222092141323391,-0.023348815469104,0.003048));
#16511=CARTESIAN_POINT('',(0.222092141323391,-0.0363652116386114,0.003048));
#16512=CARTESIAN_POINT('',(0.222092141323391,-0.023348815469104,0.003048));
#16513=CARTESIAN_POINT('',(0.221091510683123,-0.023348815469104,0.003048));
#16514=CARTESIAN_POINT('',(0.221091510683123,-0.0223481848288368,0.003048));
#16515=CARTESIAN_POINT('',(0.208075114036178,-0.0223481848288368,0.003048));
#16516=CARTESIAN_POINT('',(0.208075114036178,-0.0223481848288368,0.003048));
#16517=CARTESIAN_POINT('',(0.208075114036178,-0.023348815469104,0.003048));
#16518=CARTESIAN_POINT('',(0.207074483395911,-0.023348815469104,0.003048));
#16519=CARTESIAN_POINT('',(0.207074483395911,-0.0363652116386114,0.003048));
#16520=CARTESIAN_POINT('',(0.207074483395911,-0.0363652116386114,0.003048));
#16521=CARTESIAN_POINT('',(0.208075114036178,-0.0363652116386114,0.003048));
#16522=CARTESIAN_POINT('',(0.208075114036178,-0.0373658422788785,0.003048));
#16523=CARTESIAN_POINT('',(0.221091510683123,-0.0373658422788785,0.003048));
#16524=CARTESIAN_POINT('',(0.221091510683123,-0.0373658422788785,0.003048));
#16525=CARTESIAN_POINT('',(0.221091510683123,-0.0363652116386114,0.003048));
#16526=CARTESIAN_POINT('',(0.231629148909266,-0.104413931390608,0.003048));
#16527=CARTESIAN_POINT('',(0.231629148909266,-0.117430328037554,0.003048));
#16528=CARTESIAN_POINT('',(0.231629148909266,-0.104413931390608,0.003048));
#16529=CARTESIAN_POINT('',(0.230628518268999,-0.104413931390608,0.003048));
#16530=CARTESIAN_POINT('',(0.230628518268999,-0.103413300750341,0.003048));
#16531=CARTESIAN_POINT('',(0.217612121622053,-0.103413300750341,0.003048));
#16532=CARTESIAN_POINT('',(0.217612121622053,-0.103413300750341,0.003048));
#16533=CARTESIAN_POINT('',(0.217612121622053,-0.104413931390608,0.003048));
#16534=CARTESIAN_POINT('',(0.216611490981786,-0.104413931390608,0.003048));
#16535=CARTESIAN_POINT('',(0.216611490981786,-0.117430328037554,0.003048));
#16536=CARTESIAN_POINT('',(0.216611490981786,-0.117430328037554,0.003048));
#16537=CARTESIAN_POINT('',(0.217612121622053,-0.117430328037554,0.003048));
#16538=CARTESIAN_POINT('',(0.217612121622053,-0.118430958677821,0.003048));
#16539=CARTESIAN_POINT('',(0.230628518268999,-0.118430958677821,0.003048));
#16540=CARTESIAN_POINT('',(0.230628518268999,-0.118430958677821,0.003048));
#16541=CARTESIAN_POINT('',(0.230628518268999,-0.117430328037554,0.003048));
#16542=CARTESIAN_POINT('',(0.136259011938374,-0.104413931390608,0.003048));
#16543=CARTESIAN_POINT('',(0.136259011938374,-0.117430328037554,0.003048));
#16544=CARTESIAN_POINT('',(0.136259011938374,-0.104413931390608,0.003048));
#16545=CARTESIAN_POINT('',(0.135258381298107,-0.104413931390608,0.003048));
#16546=CARTESIAN_POINT('',(0.135258381298107,-0.118430958677821,0.003048));
#16547=CARTESIAN_POINT('',(0.135258381298107,-0.118430958677821,0.003048));
#16548=CARTESIAN_POINT('',(0.135258381298107,-0.117430328037554,0.003048));
#16549=CARTESIAN_POINT('',(0.279609209929085,-0.101359458428122,0.003048));
#16550=CARTESIAN_POINT('',(0.249695536100868,-0.101359458428122,0.003048));
#16551=CARTESIAN_POINT('',(0.279609209929085,-0.101359458428122,0.003048));
#16552=CARTESIAN_POINT('',(0.279609209929085,-0.100358827787855,0.003048));
#16553=CARTESIAN_POINT('',(0.280609840569352,-0.100358827787855,0.003048));
#16554=CARTESIAN_POINT('',(0.280609840569352,-0.0863411698603746,0.003048));
#16555=CARTESIAN_POINT('',(0.280609840569352,-0.0863411698603746,0.003048));
#16556=CARTESIAN_POINT('',(0.279609209929085,-0.0863411698603746,0.003048));
#16557=CARTESIAN_POINT('',(0.279609209929085,-0.0853405392201075,0.003048));
#16558=CARTESIAN_POINT('',(0.272161209617734,-0.0853405392201075,0.003048));
#16559=CARTESIAN_POINT('',(0.272161209617732,-0.0853405392201073,0.003048));
#16560=CARTESIAN_POINT('',(0.271160578977465,-0.0853399085798402,0.003048));
#16561=CARTESIAN_POINT('',(0.271160578977465,-0.0843392779395731,0.003048));
#16562=CARTESIAN_POINT('',(0.258144182330521,-0.0843392779395731,0.003048));
#16563=CARTESIAN_POINT('',(0.258144182330521,-0.0843392779395731,0.003048));
#16564=CARTESIAN_POINT('',(0.258144182330521,-0.0853399085798402,0.003048));
#16565=CARTESIAN_POINT('',(0.257143551690253,-0.0853405392201072,0.003048));
#16566=CARTESIAN_POINT('',(0.249695536100868,-0.0853405392201072,0.003048));
#16567=CARTESIAN_POINT('',(0.249695536100868,-0.0853405392201075,0.003048));
#16568=CARTESIAN_POINT('',(0.249695536100868,-0.0863411698603746,0.003048));
#16569=CARTESIAN_POINT('',(0.2486949054606,-0.0863411698603746,0.003048));
#16570=CARTESIAN_POINT('',(0.2486949054606,-0.100358827787855,0.003048));
#16571=CARTESIAN_POINT('',(0.248694905460601,-0.100358827787855,0.003048));
#16572=CARTESIAN_POINT('',(0.249695536100868,-0.100358827787855,0.003048));
#16573=CARTESIAN_POINT('',(0.19348110328773,-0.104413931390608,0.003048));
#16574=CARTESIAN_POINT('',(0.19348110328773,-0.117430328037554,0.003048));
#16575=CARTESIAN_POINT('',(0.19348110328773,-0.104413931390608,0.003048));
#16576=CARTESIAN_POINT('',(0.192480472647463,-0.104413931390608,0.003048));
#16577=CARTESIAN_POINT('',(0.192480472647463,-0.103413300750341,0.003048));
#16578=CARTESIAN_POINT('',(0.179464076000517,-0.103413300750341,0.003048));
#16579=CARTESIAN_POINT('',(0.179464076000517,-0.103413300750341,0.003048));
#16580=CARTESIAN_POINT('',(0.179464076000517,-0.104413931390608,0.003048));
#16581=CARTESIAN_POINT('',(0.17846344536025,-0.104413931390608,0.003048));
#16582=CARTESIAN_POINT('',(0.17846344536025,-0.117430328037554,0.003048));
#16583=CARTESIAN_POINT('',(0.17846344536025,-0.117430328037554,0.003048));
#16584=CARTESIAN_POINT('',(0.179464076000517,-0.117430328037554,0.003048));
#16585=CARTESIAN_POINT('',(0.179464076000518,-0.118430958677821,0.003048));
#16586=CARTESIAN_POINT('',(0.192480472647463,-0.118430958677821,0.003048));
#16587=CARTESIAN_POINT('',(0.192480472647463,-0.118430958677821,0.003048));
#16588=CARTESIAN_POINT('',(0.192480472647463,-0.117430328037554,0.003048));
#16589=CARTESIAN_POINT('',(0.211842483013704,-0.0602082481467241,0.003048));
#16590=CARTESIAN_POINT('',(0.211842483013704,-0.0471918495900239,0.003048));
#16591=CARTESIAN_POINT('',(0.211842483013704,-0.0602082481467241,0.003048));
#16592=CARTESIAN_POINT('',(0.212843113653971,-0.0602082481467241,0.003048));
#16593=CARTESIAN_POINT('',(0.212843113653971,-0.0612088787869912,0.003048));
#16594=CARTESIAN_POINT('',(0.225859510300917,-0.0612088787869912,0.003048));
#16595=CARTESIAN_POINT('',(0.225859510300917,-0.0612088787869913,0.003048));
#16596=CARTESIAN_POINT('',(0.225859510300917,-0.0602082481467241,0.003048));
#16597=CARTESIAN_POINT('',(0.226860140941184,-0.0602082481467241,0.003048));
#16598=CARTESIAN_POINT('',(0.226860140941184,-0.0471918495900239,0.003048));
#16599=CARTESIAN_POINT('',(0.226860140941184,-0.0471918495900239,0.003048));
#16600=CARTESIAN_POINT('',(0.225859510300917,-0.0471918495900239,0.003048));
#16601=CARTESIAN_POINT('',(0.225859510300917,-0.0461912189497568,0.003048));
#16602=CARTESIAN_POINT('',(0.212843113653971,-0.0461912189497568,0.003048));
#16603=CARTESIAN_POINT('',(0.212843113653971,-0.0461912189497568,0.003048));
#16604=CARTESIAN_POINT('',(0.212843113653971,-0.0471918495900239,0.003048));
#16605=CARTESIAN_POINT('',(0.15533304238816,-0.104413931390608,0.003048));
#16606=CARTESIAN_POINT('',(0.15533304238816,-0.117430328037554,0.003048));
#16607=CARTESIAN_POINT('',(0.15533304238816,-0.104413931390608,0.003048));
#16608=CARTESIAN_POINT('',(0.154332411747893,-0.104413931390608,0.003048));
#16609=CARTESIAN_POINT('',(0.154332411747893,-0.103413300750341,0.003048));
#16610=CARTESIAN_POINT('',(0.141316015100947,-0.103413300750341,0.003048));
#16611=CARTESIAN_POINT('',(0.141316015100947,-0.103413300750341,0.003048));
#16612=CARTESIAN_POINT('',(0.141316015100947,-0.104413931390608,0.003048));
#16613=CARTESIAN_POINT('',(0.140315384460679,-0.104413931390608,0.003048));
#16614=CARTESIAN_POINT('',(0.140315384460679,-0.117430328037554,0.003048));
#16615=CARTESIAN_POINT('',(0.14031538446068,-0.117430328037554,0.003048));
#16616=CARTESIAN_POINT('',(0.141316015100947,-0.117430328037554,0.003048));
#16617=CARTESIAN_POINT('',(0.141316015100947,-0.118430958677821,0.003048));
#16618=CARTESIAN_POINT('',(0.154332411747893,-0.118430958677821,0.003048));
#16619=CARTESIAN_POINT('',(0.154332411747893,-0.118430958677821,0.003048));
#16620=CARTESIAN_POINT('',(0.154332411747893,-0.117430328037554,0.003048));
#16621=CARTESIAN_POINT('',(0.279314232672747,-0.0662658781300549,0.003048));
#16622=CARTESIAN_POINT('',(0.279314232672747,-0.0792822747770007,0.003048));
#16623=CARTESIAN_POINT('',(0.279314232672748,-0.0662658781300549,0.003048));
#16624=CARTESIAN_POINT('',(0.27831360203248,-0.0662658781300549,0.003048));
#16625=CARTESIAN_POINT('',(0.278313602032481,-0.0652652474897878,0.003048));
#16626=CARTESIAN_POINT('',(0.265297205385534,-0.0652652474897878,0.003048));
#16627=CARTESIAN_POINT('',(0.265297205385534,-0.0652652474897878,0.003048));
#16628=CARTESIAN_POINT('',(0.265297205385534,-0.0662658781300549,0.003048));
#16629=CARTESIAN_POINT('',(0.264296574745268,-0.0662658781300549,0.003048));
#16630=CARTESIAN_POINT('',(0.264296574745268,-0.0792822747770007,0.003048));
#16631=CARTESIAN_POINT('',(0.264296574745267,-0.0792822747770007,0.003048));
#16632=CARTESIAN_POINT('',(0.265297205385534,-0.0792822747770007,0.003048));
#16633=CARTESIAN_POINT('',(0.265297205385534,-0.0802829054172678,0.003048));
#16634=CARTESIAN_POINT('',(0.27831360203248,-0.0802829054172678,0.003048));
#16635=CARTESIAN_POINT('',(0.27831360203248,-0.0802829054172679,0.003048));
#16636=CARTESIAN_POINT('',(0.27831360203248,-0.0792822747770007,0.003048));
#16637=CARTESIAN_POINT('',(0.192768452563919,-0.0602082481467241,0.003048));
#16638=CARTESIAN_POINT('',(0.192768452563919,-0.0471918495900239,0.003048));
#16639=CARTESIAN_POINT('',(0.192768452563919,-0.0602082481467241,0.003048));
#16640=CARTESIAN_POINT('',(0.193769083204186,-0.0602082481467241,0.003048));
#16641=CARTESIAN_POINT('',(0.193769083204186,-0.0612088787869912,0.003048));
#16642=CARTESIAN_POINT('',(0.206785479851132,-0.0612088787869912,0.003048));
#16643=CARTESIAN_POINT('',(0.206785479851132,-0.0612088787869913,0.003048));
#16644=CARTESIAN_POINT('',(0.206785479851132,-0.0602082481467241,0.003048));
#16645=CARTESIAN_POINT('',(0.207786110491399,-0.0602082481467241,0.003048));
#16646=CARTESIAN_POINT('',(0.207786110491399,-0.0471918495900239,0.003048));
#16647=CARTESIAN_POINT('',(0.207786110491399,-0.0471918495900239,0.003048));
#16648=CARTESIAN_POINT('',(0.206785479851132,-0.0471918495900239,0.003048));
#16649=CARTESIAN_POINT('',(0.206785479851132,-0.0461912189497568,0.003048));
#16650=CARTESIAN_POINT('',(0.193769083204186,-0.0461912189497568,0.003048));
#16651=CARTESIAN_POINT('',(0.193769083204186,-0.0461912189497568,0.003048));
#16652=CARTESIAN_POINT('',(0.193769083204186,-0.0471918495900239,0.003048));
#16653=CARTESIAN_POINT('',(0.281993225016016,-0.06321140134806,0.003048));
#16654=CARTESIAN_POINT('',(0.252079535909765,-0.06321140134806,0.003048));
#16655=CARTESIAN_POINT('',(0.281993225016016,-0.0632114013480598,0.003048));
#16656=CARTESIAN_POINT('',(0.281993225016016,-0.0622107707077927,0.003048));
#16657=CARTESIAN_POINT('',(0.282993855656282,-0.0622107707077927,0.003048));
#16658=CARTESIAN_POINT('',(0.282993855656282,-0.0481931108705583,0.003048));
#16659=CARTESIAN_POINT('',(0.282993855656283,-0.0481931108705583,0.003048));
#16660=CARTESIAN_POINT('',(0.281993225016016,-0.0481931108705583,0.003048));
#16661=CARTESIAN_POINT('',(0.281993225016016,-0.0471924802302912,0.003048));
#16662=CARTESIAN_POINT('',(0.274545224704665,-0.0471924802302912,0.003048));
#16663=CARTESIAN_POINT('',(0.274545224704666,-0.0471924802302911,0.003048));
#16664=CARTESIAN_POINT('',(0.273544594064399,-0.0471918495900239,0.003048));
#16665=CARTESIAN_POINT('',(0.273544594064399,-0.0461912189497568,0.003048));
#16666=CARTESIAN_POINT('',(0.260528197417453,-0.0461912189497568,0.003048));
#16667=CARTESIAN_POINT('',(0.260528197417453,-0.0461912189497568,0.003048));
#16668=CARTESIAN_POINT('',(0.260528197417453,-0.0471918495900239,0.003048));
#16669=CARTESIAN_POINT('',(0.259527566777184,-0.0471924802302912,0.003048));
#16670=CARTESIAN_POINT('',(0.252079535909765,-0.0471924802302912,0.003048));
#16671=CARTESIAN_POINT('',(0.252079535909765,-0.0471924802302912,0.003048));
#16672=CARTESIAN_POINT('',(0.252079535909765,-0.0481931108705583,0.003048));
#16673=CARTESIAN_POINT('',(0.251078905269497,-0.0481931108705583,0.003048));
#16674=CARTESIAN_POINT('',(0.251078905269497,-0.0622107707077927,0.003048));
#16675=CARTESIAN_POINT('',(0.251078905269497,-0.0622107707077927,0.003048));
#16676=CARTESIAN_POINT('',(0.252079535909765,-0.0622107707077927,0.003048));
#16677=CARTESIAN_POINT('',(0.169927053136607,-0.0843392779395731,0.003048));
#16678=CARTESIAN_POINT('',(0.182943449783553,-0.0843392779395731,0.003048));
#16679=CARTESIAN_POINT('',(0.169927053136607,-0.0843392779395731,0.003048));
#16680=CARTESIAN_POINT('',(0.169927053136607,-0.0853399085798402,0.003048));
#16681=CARTESIAN_POINT('',(0.16892642249634,-0.0853399085798402,0.003048));
#16682=CARTESIAN_POINT('',(0.16892642249634,-0.098356305226786,0.003048));
#16683=CARTESIAN_POINT('',(0.16892642249634,-0.098356305226786,0.003048));
#16684=CARTESIAN_POINT('',(0.169927053136607,-0.098356305226786,0.003048));
#16685=CARTESIAN_POINT('',(0.169927053136607,-0.0993569358670532,0.003048));
#16686=CARTESIAN_POINT('',(0.182943449783553,-0.0993569358670532,0.003048));
#16687=CARTESIAN_POINT('',(0.182943449783553,-0.0993569358670532,0.003048));
#16688=CARTESIAN_POINT('',(0.182943449783553,-0.098356305226786,0.003048));
#16689=CARTESIAN_POINT('',(0.18394408042382,-0.0983563052267861,0.003048));
#16690=CARTESIAN_POINT('',(0.18394408042382,-0.0853399085798402,0.003048));
#16691=CARTESIAN_POINT('',(0.18394408042382,-0.0853399085798402,0.003048));
#16692=CARTESIAN_POINT('',(0.182943449783553,-0.0853399085798402,0.003048));
#16693=CARTESIAN_POINT('',(0.274545224704665,-0.128255969097204,0.003048));
#16694=CARTESIAN_POINT('',(0.274545224704665,-0.14127236574415,0.003048));
#16695=CARTESIAN_POINT('',(0.274545224704666,-0.128255969097204,0.003048));
#16696=CARTESIAN_POINT('',(0.273544594064399,-0.128255969097204,0.003048));
#16697=CARTESIAN_POINT('',(0.273544594064399,-0.127255338456937,0.003048));
#16698=CARTESIAN_POINT('',(0.260528197417453,-0.127255338456937,0.003048));
#16699=CARTESIAN_POINT('',(0.260528197417453,-0.127255338456937,0.003048));
#16700=CARTESIAN_POINT('',(0.260528197417453,-0.128255969097204,0.003048));
#16701=CARTESIAN_POINT('',(0.259527566777183,-0.128255969097204,0.003048));
#16702=CARTESIAN_POINT('',(0.259527566777183,-0.14127236574415,0.003048));
#16703=CARTESIAN_POINT('',(0.259527566777185,-0.14127236574415,0.003048));
#16704=CARTESIAN_POINT('',(0.260528197417453,-0.14127236574415,0.003048));
#16705=CARTESIAN_POINT('',(0.260528197417453,-0.142272996384417,0.003048));
#16706=CARTESIAN_POINT('',(0.273544594064399,-0.142272996384417,0.003048));
#16707=CARTESIAN_POINT('',(0.273544594064399,-0.142272996384417,0.003048));
#16708=CARTESIAN_POINT('',(0.273544594064399,-0.14127236574415,0.003048));
#16709=CARTESIAN_POINT('',(0.198249102905523,-0.0662658781300549,0.003048));
#16710=CARTESIAN_POINT('',(0.198249102905523,-0.0792822747770007,0.003048));
#16711=CARTESIAN_POINT('',(0.198249102905523,-0.0662658781300549,0.003048));
#16712=CARTESIAN_POINT('',(0.197248472265256,-0.0662658781300549,0.003048));
#16713=CARTESIAN_POINT('',(0.197248472265256,-0.0652652474897878,0.003048));
#16714=CARTESIAN_POINT('',(0.18423207561831,-0.0652652474897878,0.003048));
#16715=CARTESIAN_POINT('',(0.18423207561831,-0.0652652474897878,0.003048));
#16716=CARTESIAN_POINT('',(0.18423207561831,-0.0662658781300549,0.003048));
#16717=CARTESIAN_POINT('',(0.183231444978044,-0.0662658781300549,0.003048));
#16718=CARTESIAN_POINT('',(0.183231444978044,-0.0792822747770007,0.003048));
#16719=CARTESIAN_POINT('',(0.183231444978044,-0.0792822747770007,0.003048));
#16720=CARTESIAN_POINT('',(0.18423207561831,-0.0792822747770007,0.003048));
#16721=CARTESIAN_POINT('',(0.184232075618311,-0.0802829054172678,0.003048));
#16722=CARTESIAN_POINT('',(0.197248472265256,-0.0802829054172678,0.003048));
#16723=CARTESIAN_POINT('',(0.197248472265256,-0.0802829054172679,0.003048));
#16724=CARTESIAN_POINT('',(0.197248472265256,-0.0792822747770007,0.003048));
#16725=CARTESIAN_POINT('',(0.164157414528258,-0.0792822747770007,0.003048));
#16726=CARTESIAN_POINT('',(0.164157414528258,-0.0662658781300549,0.003048));
#16727=CARTESIAN_POINT('',(0.164157414528258,-0.0792822747770007,0.003048));
#16728=CARTESIAN_POINT('',(0.165158045168526,-0.0792822747770007,0.003048));
#16729=CARTESIAN_POINT('',(0.165158045168526,-0.0802829054172678,0.003048));
#16730=CARTESIAN_POINT('',(0.178174441815471,-0.0802829054172678,0.003048));
#16731=CARTESIAN_POINT('',(0.178174441815471,-0.0802829054172679,0.003048));
#16732=CARTESIAN_POINT('',(0.178174441815471,-0.0792822747770007,0.003048));
#16733=CARTESIAN_POINT('',(0.179175072455738,-0.0792822747770007,0.003048));
#16734=CARTESIAN_POINT('',(0.179175072455738,-0.0662658781300549,0.003048));
#16735=CARTESIAN_POINT('',(0.179175072455738,-0.0662658781300549,0.003048));
#16736=CARTESIAN_POINT('',(0.178174441815471,-0.0662658781300549,0.003048));
#16737=CARTESIAN_POINT('',(0.178174441815472,-0.0652652474897878,0.003048));
#16738=CARTESIAN_POINT('',(0.165158045168526,-0.0652652474897878,0.003048));
#16739=CARTESIAN_POINT('',(0.165158045168526,-0.0652652474897877,0.003048));
#16740=CARTESIAN_POINT('',(0.165158045168526,-0.0662658781300549,0.003048));
#16741=CARTESIAN_POINT('',(0.212555118459481,-0.104413931390608,0.003048));
#16742=CARTESIAN_POINT('',(0.212555118459481,-0.117430328037554,0.003048));
#16743=CARTESIAN_POINT('',(0.212555118459481,-0.104413931390608,0.003048));
#16744=CARTESIAN_POINT('',(0.211554487819213,-0.104413931390608,0.003048));
#16745=CARTESIAN_POINT('',(0.211554487819213,-0.103413300750341,0.003048));
#16746=CARTESIAN_POINT('',(0.198538091172268,-0.103413300750341,0.003048));
#16747=CARTESIAN_POINT('',(0.198538091172268,-0.103413300750341,0.003048));
#16748=CARTESIAN_POINT('',(0.198538091172268,-0.104413931390608,0.003048));
#16749=CARTESIAN_POINT('',(0.197537460532001,-0.104413931390608,0.003048));
#16750=CARTESIAN_POINT('',(0.197537460532001,-0.117430328037554,0.003048));
#16751=CARTESIAN_POINT('',(0.197537460532001,-0.117430328037554,0.003048));
#16752=CARTESIAN_POINT('',(0.198538091172268,-0.117430328037554,0.003048));
#16753=CARTESIAN_POINT('',(0.198538091172268,-0.118430958677821,0.003048));
#16754=CARTESIAN_POINT('',(0.211554487819213,-0.118430958677821,0.003048));
#16755=CARTESIAN_POINT('',(0.211554487819213,-0.118430958677821,0.003048));
#16756=CARTESIAN_POINT('',(0.211554487819213,-0.117430328037554,0.003048));
#16757=CARTESIAN_POINT('',(0.312693255048165,-0.128255969097204,0.003048));
#16758=CARTESIAN_POINT('',(0.312693255048165,-0.14127236574415,0.003048));
#16759=CARTESIAN_POINT('',(0.312693255048166,-0.128255969097204,0.003048));
#16760=CARTESIAN_POINT('',(0.311692624407898,-0.128255969097204,0.003048));
#16761=CARTESIAN_POINT('',(0.311692624407898,-0.127255338456937,0.003048));
#16762=CARTESIAN_POINT('',(0.298676227760953,-0.127255338456937,0.003048));
#16763=CARTESIAN_POINT('',(0.298676227760953,-0.127255338456937,0.003048));
#16764=CARTESIAN_POINT('',(0.298676227760953,-0.128255969097204,0.003048));
#16765=CARTESIAN_POINT('',(0.297675597120686,-0.128255969097204,0.003048));
#16766=CARTESIAN_POINT('',(0.297675597120686,-0.14127236574415,0.003048));
#16767=CARTESIAN_POINT('',(0.297675597120685,-0.14127236574415,0.003048));
#16768=CARTESIAN_POINT('',(0.298676227760953,-0.14127236574415,0.003048));
#16769=CARTESIAN_POINT('',(0.298676227760953,-0.142272996384417,0.003048));
#16770=CARTESIAN_POINT('',(0.311692624407898,-0.142272996384417,0.003048));
#16771=CARTESIAN_POINT('',(0.311692624407898,-0.142272996384417,0.003048));
#16772=CARTESIAN_POINT('',(0.311692624407898,-0.14127236574415,0.003048));
#16773=CARTESIAN_POINT('',(0.203018110873606,-0.0853399085798402,0.003048));
#16774=CARTESIAN_POINT('',(0.203018110873606,-0.0983563052267861,0.003048));
#16775=CARTESIAN_POINT('',(0.203018110873606,-0.0853399085798402,0.003048));
#16776=CARTESIAN_POINT('',(0.202017480233338,-0.0853399085798402,0.003048));
#16777=CARTESIAN_POINT('',(0.202017480233338,-0.0843392779395731,0.003048));
#16778=CARTESIAN_POINT('',(0.189001083586393,-0.0843392779395731,0.003048));
#16779=CARTESIAN_POINT('',(0.189001083586393,-0.0843392779395731,0.003048));
#16780=CARTESIAN_POINT('',(0.189001083586393,-0.0853399085798402,0.003048));
#16781=CARTESIAN_POINT('',(0.188000452946125,-0.0853399085798402,0.003048));
#16782=CARTESIAN_POINT('',(0.188000452946125,-0.098356305226786,0.003048));
#16783=CARTESIAN_POINT('',(0.188000452946125,-0.098356305226786,0.003048));
#16784=CARTESIAN_POINT('',(0.189001083586393,-0.098356305226786,0.003048));
#16785=CARTESIAN_POINT('',(0.189001083586393,-0.0993569358670532,0.003048));
#16786=CARTESIAN_POINT('',(0.202017480233338,-0.0993569358670532,0.003048));
#16787=CARTESIAN_POINT('',(0.202017480233338,-0.0993569358670532,0.003048));
#16788=CARTESIAN_POINT('',(0.202017480233338,-0.098356305226786,0.003048));
#16789=CARTESIAN_POINT('',(0.203018110873606,-0.023348815469104,0.003048));
#16790=CARTESIAN_POINT('',(0.203018110873606,-0.0363652116386114,0.003048));
#16791=CARTESIAN_POINT('',(0.203018110873606,-0.023348815469104,0.003048));
#16792=CARTESIAN_POINT('',(0.202017480233338,-0.023348815469104,0.003048));
#16793=CARTESIAN_POINT('',(0.202017480233338,-0.0223481848288368,0.003048));
#16794=CARTESIAN_POINT('',(0.189001083586393,-0.0223481848288368,0.003048));
#16795=CARTESIAN_POINT('',(0.189001083586393,-0.0223481848288368,0.003048));
#16796=CARTESIAN_POINT('',(0.189001083586393,-0.023348815469104,0.003048));
#16797=CARTESIAN_POINT('',(0.188000452946125,-0.023348815469104,0.003048));
#16798=CARTESIAN_POINT('',(0.188000452946125,-0.0363652116386114,0.003048));
#16799=CARTESIAN_POINT('',(0.188000452946125,-0.0363652116386114,0.003048));
#16800=CARTESIAN_POINT('',(0.189001083586393,-0.0363652116386114,0.003048));
#16801=CARTESIAN_POINT('',(0.189001083586393,-0.0373658422788785,0.003048));
#16802=CARTESIAN_POINT('',(0.202017480233338,-0.0373658422788785,0.003048));
#16803=CARTESIAN_POINT('',(0.202017480233338,-0.0373658422788785,0.003048));
#16804=CARTESIAN_POINT('',(0.202017480233338,-0.0363652116386114,0.003048));
#16805=CARTESIAN_POINT('',(0.246223159657714,-0.0223481848288368,0.003048));
#16806=CARTESIAN_POINT('',(0.259239556304659,-0.0223481848288368,0.003048));
#16807=CARTESIAN_POINT('',(0.246223159657714,-0.0223481848288368,0.003048));
#16808=CARTESIAN_POINT('',(0.246223159657714,-0.023348815469104,0.003048));
#16809=CARTESIAN_POINT('',(0.245222529017446,-0.023348815469104,0.003048));
#16810=CARTESIAN_POINT('',(0.245222529017446,-0.0363652116386114,0.003048));
#16811=CARTESIAN_POINT('',(0.245222529017446,-0.0363652116386114,0.003048));
#16812=CARTESIAN_POINT('',(0.246223159657714,-0.0363652116386114,0.003048));
#16813=CARTESIAN_POINT('',(0.246223159657714,-0.0373658422788785,0.003048));
#16814=CARTESIAN_POINT('',(0.259239556304659,-0.0373658422788785,0.003048));
#16815=CARTESIAN_POINT('',(0.259239556304659,-0.0373658422788785,0.003048));
#16816=CARTESIAN_POINT('',(0.259239556304659,-0.0363652116386114,0.003048));
#16817=CARTESIAN_POINT('',(0.260240186944928,-0.0363652116386114,0.003048));
#16818=CARTESIAN_POINT('',(0.260240186944928,-0.023348815469104,0.003048));
#16819=CARTESIAN_POINT('',(0.260240186944926,-0.023348815469104,0.003048));
#16820=CARTESIAN_POINT('',(0.259239556304659,-0.023348815469104,0.003048));
#16821=CARTESIAN_POINT('',(0.145796034802284,-0.0853399085798402,0.003048));
#16822=CARTESIAN_POINT('',(0.145796034802284,-0.0983563052267861,0.003048));
#16823=CARTESIAN_POINT('',(0.145796034802285,-0.0853399085798402,0.003048));
#16824=CARTESIAN_POINT('',(0.144795404162017,-0.0853399085798402,0.003048));
#16825=CARTESIAN_POINT('',(0.144795404162017,-0.0843392779395731,0.003048));
#16826=CARTESIAN_POINT('',(0.131779007515071,-0.0843392779395731,0.003048));
#16827=CARTESIAN_POINT('',(0.131779007515071,-0.0843392779395731,0.003048));
#16828=CARTESIAN_POINT('',(0.131779007515071,-0.0853399085798402,0.003048));
#16829=CARTESIAN_POINT('',(0.130778376874804,-0.0853399085798402,0.003048));
#16830=CARTESIAN_POINT('',(0.130778376874804,-0.098356305226786,0.003048));
#16831=CARTESIAN_POINT('',(0.130778376874804,-0.098356305226786,0.003048));
#16832=CARTESIAN_POINT('',(0.131779007515071,-0.098356305226786,0.003048));
#16833=CARTESIAN_POINT('',(0.131779007515072,-0.0993569358670532,0.003048));
#16834=CARTESIAN_POINT('',(0.144795404162017,-0.0993569358670532,0.003048));
#16835=CARTESIAN_POINT('',(0.144795404162017,-0.0993569358670532,0.003048));
#16836=CARTESIAN_POINT('',(0.144795404162017,-0.098356305226786,0.003048));
#16837=CARTESIAN_POINT('',(0.266303825015395,-0.105415192671142,0.003048));
#16838=CARTESIAN_POINT('',(0.266303825015395,-0.119432850598623,0.003048));
#16839=CARTESIAN_POINT('',(0.266303825015393,-0.105415192671142,0.003048));
#16840=CARTESIAN_POINT('',(0.265303194375126,-0.105415192671142,0.003048));
#16841=CARTESIAN_POINT('',(0.265303194375126,-0.104414562030875,0.003048));
#16842=CARTESIAN_POINT('',(0.257855194063777,-0.104414562030875,0.003048));
#16843=CARTESIAN_POINT('',(0.257855194063775,-0.104414562030875,0.003048));
#16844=CARTESIAN_POINT('',(0.256854563423508,-0.104413931390608,0.003048));
#16845=CARTESIAN_POINT('',(0.256854563423508,-0.103413300750341,0.003048));
#16846=CARTESIAN_POINT('',(0.243838166776563,-0.103413300750341,0.003048));
#16847=CARTESIAN_POINT('',(0.243838166776563,-0.103413300750341,0.003048));
#16848=CARTESIAN_POINT('',(0.243838166776563,-0.104413931390608,0.003048));
#16849=CARTESIAN_POINT('',(0.242837536136296,-0.104414562030875,0.003048));
#16850=CARTESIAN_POINT('',(0.23538952054691,-0.104414562030875,0.003048));
#16851=CARTESIAN_POINT('',(0.23538952054691,-0.104414562030875,0.003048));
#16852=CARTESIAN_POINT('',(0.23538952054691,-0.105415192671142,0.003048));
#16853=CARTESIAN_POINT('',(0.234388889906643,-0.105415192671142,0.003048));
#16854=CARTESIAN_POINT('',(0.234388889906643,-0.119432850598623,0.003048));
#16855=CARTESIAN_POINT('',(0.234388889906643,-0.119432850598623,0.003048));
#16856=CARTESIAN_POINT('',(0.23538952054691,-0.119432850598623,0.003048));
#16857=CARTESIAN_POINT('',(0.23538952054691,-0.12043348123889,0.003048));
#16858=CARTESIAN_POINT('',(0.265303194375126,-0.12043348123889,0.003048));
#16859=CARTESIAN_POINT('',(0.265303194375126,-0.12043348123889,0.003048));
#16860=CARTESIAN_POINT('',(0.265303194375126,-0.119432850598623,0.003048));
#16861=CARTESIAN_POINT('',(0.221379505877614,-0.0792822747770007,0.003048));
#16862=CARTESIAN_POINT('',(0.221379505877614,-0.0662658781300549,0.003048));
#16863=CARTESIAN_POINT('',(0.221379505877614,-0.0792822747770007,0.003048));
#16864=CARTESIAN_POINT('',(0.222380136517881,-0.0792822747770007,0.003048));
#16865=CARTESIAN_POINT('',(0.222380136517881,-0.0802829054172678,0.003048));
#16866=CARTESIAN_POINT('',(0.235396533164827,-0.0802829054172678,0.003048));
#16867=CARTESIAN_POINT('',(0.235396533164827,-0.0802829054172679,0.003048));
#16868=CARTESIAN_POINT('',(0.235396533164827,-0.0792822747770007,0.003048));
#16869=CARTESIAN_POINT('',(0.236397163805094,-0.0792822747770007,0.003048));
#16870=CARTESIAN_POINT('',(0.236397163805094,-0.0662658781300549,0.003048));
#16871=CARTESIAN_POINT('',(0.236397163805094,-0.0662658781300549,0.003048));
#16872=CARTESIAN_POINT('',(0.235396533164827,-0.0662658781300549,0.003048));
#16873=CARTESIAN_POINT('',(0.235396533164827,-0.0652652474897878,0.003048));
#16874=CARTESIAN_POINT('',(0.222380136517881,-0.0652652474897878,0.003048));
#16875=CARTESIAN_POINT('',(0.222380136517881,-0.0652652474897878,0.003048));
#16876=CARTESIAN_POINT('',(0.222380136517881,-0.0662658781300549,0.003048));
#16877=CARTESIAN_POINT('',(0.164870049974035,-0.0853399085798402,0.003048));
#16878=CARTESIAN_POINT('',(0.164870049974035,-0.0983563052267861,0.003048));
#16879=CARTESIAN_POINT('',(0.164870049974035,-0.0853399085798402,0.003048));
#16880=CARTESIAN_POINT('',(0.163869419333768,-0.0853399085798402,0.003048));
#16881=CARTESIAN_POINT('',(0.163869419333768,-0.0843392779395731,0.003048));
#16882=CARTESIAN_POINT('',(0.150853022686822,-0.0843392779395731,0.003048));
#16883=CARTESIAN_POINT('',(0.150853022686822,-0.0843392779395731,0.003048));
#16884=CARTESIAN_POINT('',(0.150853022686822,-0.0853399085798402,0.003048));
#16885=CARTESIAN_POINT('',(0.149852392046555,-0.0853399085798402,0.003048));
#16886=CARTESIAN_POINT('',(0.149852392046555,-0.098356305226786,0.003048));
#16887=CARTESIAN_POINT('',(0.149852392046555,-0.098356305226786,0.003048));
#16888=CARTESIAN_POINT('',(0.150853022686822,-0.098356305226786,0.003048));
#16889=CARTESIAN_POINT('',(0.150853022686822,-0.0993569358670531,0.003048));
#16890=CARTESIAN_POINT('',(0.163869419333768,-0.0993569358670532,0.003048));
#16891=CARTESIAN_POINT('',(0.163869419333768,-0.0993569358670532,0.003048));
#16892=CARTESIAN_POINT('',(0.163869419333768,-0.098356305226786,0.003048));
#16893=CARTESIAN_POINT('',(0.174407072837945,-0.104413931390608,0.003048));
#16894=CARTESIAN_POINT('',(0.174407072837945,-0.117430328037554,0.003048));
#16895=CARTESIAN_POINT('',(0.174407072837945,-0.104413931390608,0.003048));
#16896=CARTESIAN_POINT('',(0.173406442197678,-0.104413931390608,0.003048));
#16897=CARTESIAN_POINT('',(0.173406442197678,-0.103413300750341,0.003048));
#16898=CARTESIAN_POINT('',(0.160390045550732,-0.103413300750341,0.003048));
#16899=CARTESIAN_POINT('',(0.160390045550732,-0.103413300750341,0.003048));
#16900=CARTESIAN_POINT('',(0.160390045550732,-0.104413931390608,0.003048));
#16901=CARTESIAN_POINT('',(0.159389414910465,-0.104413931390608,0.003048));
#16902=CARTESIAN_POINT('',(0.159389414910465,-0.117430328037554,0.003048));
#16903=CARTESIAN_POINT('',(0.159389414910465,-0.117430328037554,0.003048));
#16904=CARTESIAN_POINT('',(0.160390045550732,-0.117430328037554,0.003048));
#16905=CARTESIAN_POINT('',(0.160390045550732,-0.118430958677821,0.003048));
#16906=CARTESIAN_POINT('',(0.173406442197678,-0.118430958677821,0.003048));
#16907=CARTESIAN_POINT('',(0.173406442197678,-0.118430958677821,0.003048));
#16908=CARTESIAN_POINT('',(0.173406442197678,-0.117430328037554,0.003048));
#16909=CARTESIAN_POINT('',(0.230916513463489,-0.0602082481467241,0.003048));
#16910=CARTESIAN_POINT('',(0.230916513463489,-0.0471918495900239,0.003048));
#16911=CARTESIAN_POINT('',(0.230916513463489,-0.0602082481467241,0.003048));
#16912=CARTESIAN_POINT('',(0.231917144103756,-0.0602082481467241,0.003048));
#16913=CARTESIAN_POINT('',(0.231917144103756,-0.0612088787869912,0.003048));
#16914=CARTESIAN_POINT('',(0.244933540750703,-0.0612088787869912,0.003048));
#16915=CARTESIAN_POINT('',(0.244933540750703,-0.0612088787869913,0.003048));
#16916=CARTESIAN_POINT('',(0.244933540750703,-0.0602082481467241,0.003048));
#16917=CARTESIAN_POINT('',(0.24593417139097,-0.0602082481467241,0.003048));
#16918=CARTESIAN_POINT('',(0.24593417139097,-0.0471918495900239,0.003048));
#16919=CARTESIAN_POINT('',(0.24593417139097,-0.0471918495900239,0.003048));
#16920=CARTESIAN_POINT('',(0.244933540750703,-0.0471918495900239,0.003048));
#16921=CARTESIAN_POINT('',(0.244933540750703,-0.0461912189497568,0.003048));
#16922=CARTESIAN_POINT('',(0.231917144103756,-0.0461912189497568,0.003048));
#16923=CARTESIAN_POINT('',(0.231917144103756,-0.0461912189497568,0.003048));
#16924=CARTESIAN_POINT('',(0.231917144103756,-0.0471918495900239,0.003048));
#16925=CARTESIAN_POINT('',(0.319297471813482,-0.102209147719339,0.003048));
#16926=CARTESIAN_POINT('',(0.319297471813482,-0.115225544366285,0.003048));
#16927=CARTESIAN_POINT('',(0.319297471813483,-0.102209147719339,0.003048));
#16928=CARTESIAN_POINT('',(0.318296841173215,-0.102209147719339,0.003048));
#16929=CARTESIAN_POINT('',(0.318296841173215,-0.101208517079072,0.003048));
#16930=CARTESIAN_POINT('',(0.305280444526269,-0.101208517079072,0.003048));
#16931=CARTESIAN_POINT('',(0.305280444526269,-0.101208517079072,0.003048));
#16932=CARTESIAN_POINT('',(0.305280444526269,-0.102209147719339,0.003048));
#16933=CARTESIAN_POINT('',(0.304279813886003,-0.102209147719339,0.003048));
#16934=CARTESIAN_POINT('',(0.304279813886003,-0.115225544366285,0.003048));
#16935=CARTESIAN_POINT('',(0.304279813886002,-0.115225544366285,0.003048));
#16936=CARTESIAN_POINT('',(0.305280444526269,-0.115225544366285,0.003048));
#16937=CARTESIAN_POINT('',(0.305280444526269,-0.116226175006552,0.003048));
#16938=CARTESIAN_POINT('',(0.318296841173215,-0.116226175006552,0.003048));
#16939=CARTESIAN_POINT('',(0.318296841173215,-0.116226175006552,0.003048));
#16940=CARTESIAN_POINT('',(0.318296841173215,-0.115225544366285,0.003048));
#16941=CARTESIAN_POINT('',(0.338371486984082,-0.0783671176525653,0.003048));
#16942=CARTESIAN_POINT('',(0.338371486984082,-0.0913835142994253,0.003048));
#16943=CARTESIAN_POINT('',(0.338371486984083,-0.0783671176525653,0.003048));
#16944=CARTESIAN_POINT('',(0.337370856343816,-0.0783671176525653,0.003048));
#16945=CARTESIAN_POINT('',(0.337370856343816,-0.077366487012298,0.003048));
#16946=CARTESIAN_POINT('',(0.32435445969687,-0.0773664870122979,0.003048));
#16947=CARTESIAN_POINT('',(0.324354459696869,-0.0773664870122979,0.003048));
#16948=CARTESIAN_POINT('',(0.32435445969687,-0.078367117652565,0.003048));
#16949=CARTESIAN_POINT('',(0.323353829056603,-0.078367117652565,0.003048));
#16950=CARTESIAN_POINT('',(0.323353829056603,-0.091383514299425,0.003048));
#16951=CARTESIAN_POINT('',(0.323353829056602,-0.091383514299425,0.003048));
#16952=CARTESIAN_POINT('',(0.32435445969687,-0.091383514299425,0.003048));
#16953=CARTESIAN_POINT('',(0.324354459696869,-0.0923841449396923,0.003048));
#16954=CARTESIAN_POINT('',(0.337370856343816,-0.0923841449396924,0.003048));
#16955=CARTESIAN_POINT('',(0.337370856343816,-0.0923841449396924,0.003048));
#16956=CARTESIAN_POINT('',(0.337370856343816,-0.0913835142994253,0.003048));
#16957=CARTESIAN_POINT('',(0.279602212589201,-0.108181308007152,0.003048));
#16958=CARTESIAN_POINT('',(0.292618609236147,-0.108181308007152,0.003048));
#16959=CARTESIAN_POINT('',(0.279602212589201,-0.108181308007152,0.003048));
#16960=CARTESIAN_POINT('',(0.279602212589201,-0.109181938647419,0.003048));
#16961=CARTESIAN_POINT('',(0.278601581948935,-0.109181938647419,0.003048));
#16962=CARTESIAN_POINT('',(0.278601581948935,-0.122198335294365,0.003048));
#16963=CARTESIAN_POINT('',(0.278601581948934,-0.122198335294365,0.003048));
#16964=CARTESIAN_POINT('',(0.279602212589201,-0.122198335294365,0.003048));
#16965=CARTESIAN_POINT('',(0.279602212589201,-0.123198965934632,0.003048));
#16966=CARTESIAN_POINT('',(0.292618609236147,-0.123198965934632,0.003048));
#16967=CARTESIAN_POINT('',(0.292618609236147,-0.123198965934632,0.003048));
#16968=CARTESIAN_POINT('',(0.292618609236147,-0.122198335294365,0.003048));
#16969=CARTESIAN_POINT('',(0.293619239876416,-0.122198335294365,0.003048));
#16970=CARTESIAN_POINT('',(0.293619239876416,-0.109181938647419,0.003048));
#16971=CARTESIAN_POINT('',(0.293619239876414,-0.109181938647419,0.003048));
#16972=CARTESIAN_POINT('',(0.292618609236147,-0.109181938647419,0.003048));
#16973=CARTESIAN_POINT('',(0.335492,0.00257000000000008,0.003048));
#16974=CARTESIAN_POINT('',(0.335492,-0.00496999999999993,0.003048));
#16975=CARTESIAN_POINT('',(0.335492,-0.13897,0.003048));
#16976=MECHANICAL_DESIGN_GEOMETRIC_PRESENTATION_REPRESENTATION('',(#10138,
#12),#16977);
#16977=(
GEOMETRIC_REPRESENTATION_CONTEXT(3)
GLOBAL_UNCERTAINTY_ASSIGNED_CONTEXT((#16978))
GLOBAL_UNIT_ASSIGNED_CONTEXT((#16981,#16980,#16979))
REPRESENTATION_CONTEXT('plate right half:1__Body1',
'TOP_LEVEL_ASSEMBLY_PART')
);
#16978=UNCERTAINTY_MEASURE_WITH_UNIT(LENGTH_MEASURE(1.E-8),#16981,
'DISTANCE_ACCURACY_VALUE','Maximum Tolerance applied to model');
#16979=(
NAMED_UNIT(*)
SI_UNIT($,.STERADIAN.)
SOLID_ANGLE_UNIT()
);
#16980=(
NAMED_UNIT(*)
PLANE_ANGLE_UNIT()
SI_UNIT($,.RADIAN.)
);
#16981=(
LENGTH_UNIT()
NAMED_UNIT(*)
SI_UNIT($,.METRE.)
);
#16982=PRODUCT_DEFINITION_SHAPE('','',#16983);
#16983=PRODUCT_DEFINITION('','',#16985,#16984);
#16984=PRODUCT_DEFINITION_CONTEXT('',#16991,'design');
#16985=PRODUCT_DEFINITION_FORMATION_WITH_SPECIFIED_SOURCE('','',#16987,
 .NOT_KNOWN.);
#16986=PRODUCT_RELATED_PRODUCT_CATEGORY('','',(#16987));
#16987=PRODUCT('plate right half:1__Body1','plate right half:1__Body1',
'plate right half:1__Body1',(#16989));
#16988=PRODUCT_CATEGORY('','');
#16989=PRODUCT_CONTEXT('',#16991,'mechanical');
#16990=APPLICATION_PROTOCOL_DEFINITION('international standard',
'ap242_managed_model_based_3d_engineering',2020,#16991);
#16991=APPLICATION_CONTEXT('managed model based 3d engineering');
ENDSEC;
END-ISO-10303-21;
