ISO-10303-21;
HEADER;
/* Generated by software containing ST-Developer
 * from STEP Tools, Inc. (www.steptools.com) 
 */
/* OPTION: using custom renumber hook */

FILE_DESCRIPTION(
/* description */ ('STEP AP242 Edition 2',
'CAx-IF Rec.Pracs.---Representation and Presentation of Product Manufa
cturing Information (PMI)---4.0---2014-10-13',
'CAx-IF Rec.Pracs.---3D Tessellated Geometry---0.4---2014-09-14','2;1',
'CAx-IF Rec.Pracs.---User Defined Attributes---1.5---2016-08-15'),
/* implementation_level */ '2;1');

FILE_NAME(
/* name */ 'brew75 full assembly parts - top shell right half-1__Body1',

/* time_stamp */ '2026-08-25T10:33:05Z',
/* author */ (''),
/* organization */ (''),
/* preprocessor_version */ 'ST-DEVELOPER v20',
/* originating_system */ 'ONSHAPE BY PTC INC, 1.219',
/* authorisation */ '  ');

FILE_SCHEMA (('AP242_MANAGED_MODEL_BASED_3D_ENGINEERING_MIM_LF { 1 0 10303 442 3 1 4 }'));
ENDSEC;

DATA;
#10=SHAPE_REPRESENTATION_RELATIONSHIP('','',#9857,#11);
#11=ADVANCED_BREP_SHAPE_REPRESENTATION('',(#9855),#16371);
#12=(
BOUNDED_SURFACE()
B_SPLINE_SURFACE(3,3,((#14392,#14393,#14394,#14395),(#14396,#14397,#14398,
#14399),(#14400,#14401,#14402,#14403),(#14404,#14405,#14406,#14407),(#14408,
#14409,#14410,#14411),(#14412,#14413,#14414,#14415)),
 .SURF_OF_REVOLUTION.,.F.,.F.,.F.)
B_SPLINE_SURFACE_WITH_KNOTS((4,1,1,4),(4,4),(-0.00600262351640758,0.496998688241796,
0.748499344120898,1.),(0.,1.),.UNSPECIFIED.)
GEOMETRIC_REPRESENTATION_ITEM()
RATIONAL_B_SPLINE_SURFACE(((1.,0.998174208650498,0.998174208650498,1.),
(1.,0.998174208650498,0.998174208650498,1.),(1.,0.998174208650498,0.998174208650498,
1.),(1.,0.998174208650498,0.998174208650498,1.),(1.,0.998174208650498,0.998174208650498,
1.),(1.,0.998174208650498,0.998174208650498,1.)))
REPRESENTATION_ITEM('')
SURFACE()
);
#13=(
BOUNDED_SURFACE()
B_SPLINE_SURFACE(3,3,((#14497,#14498,#14499,#14500),(#14501,#14502,#14503,
#14504),(#14505,#14506,#14507,#14508),(#14509,#14510,#14511,#14512),(#14513,
#14514,#14515,#14516),(#14517,#14518,#14519,#14520)),
 .SURF_OF_REVOLUTION.,.F.,.F.,.F.)
B_SPLINE_SURFACE_WITH_KNOTS((4,1,1,4),(4,4),(0.,0.251500655380168,0.503001310760337,
1.00600262152067),(0.,1.),.UNSPECIFIED.)
GEOMETRIC_REPRESENTATION_ITEM()
RATIONAL_B_SPLINE_SURFACE(((1.,0.998174208425091,0.998174208425091,1.),
(1.,0.998174208425091,0.998174208425091,1.),(1.,0.998174208425091,0.998174208425091,
1.),(1.,0.998174208425091,0.998174208425091,1.),(1.,0.998174208425091,0.998174208425091,
1.),(1.,0.998174208425091,0.998174208425091,1.)))
REPRESENTATION_ITEM('')
SURFACE()
);
#14=ELLIPSE('',#9946,0.00143684097937106,0.001016);
#15=ELLIPSE('',#10006,0.00179605122421383,0.00127);
#16=CONICAL_SURFACE('',#9931,0.00544785995787036,0.349065850398868);
#17=CONICAL_SURFACE('',#9936,0.00544785995787031,0.349065850398867);
#18=TOROIDAL_SURFACE('',#9927,0.00427929457058978,0.000508);
#19=TOROIDAL_SURFACE('',#9934,0.00427929457058973,0.000508);
#20=TOROIDAL_SURFACE('',#9949,0.042291,0.001016);
#21=TOROIDAL_SURFACE('',#9953,0.042291,0.001016);
#22=TOROIDAL_SURFACE('',#9979,0.042545,0.00127);
#23=TOROIDAL_SURFACE('',#9983,0.0101688256493183,0.00127242876706337);
#24=TOROIDAL_SURFACE('',#9984,0.01016,0.00127);
#25=TOROIDAL_SURFACE('',#9986,0.01016,0.00127);
#26=TOROIDAL_SURFACE('',#9991,0.040005,0.00127);
#27=B_SPLINE_SURFACE_WITH_KNOTS('',3,1,((#13024,#13025),(#13026,#13027),
(#13028,#13029),(#13030,#13031),(#13032,#13033),(#13034,#13035)),
 .SURF_OF_LINEAR_EXTRUSION.,.F.,.F.,.F.,(4,1,1,4),(2,2),(-0.0060002119775754,
0.245499841016818,0.496999894011212,1.),(0.,1.),.UNSPECIFIED.);
#28=B_SPLINE_SURFACE_WITH_KNOTS('',3,1,((#13060,#13061),(#13062,#13063),
(#13064,#13065),(#13066,#13067),(#13068,#13069),(#13070,#13071)),
 .SURF_OF_LINEAR_EXTRUSION.,.F.,.F.,.F.,(4,1,1,4),(2,2),(-1.0356792238837E-13,
0.249999999999922,0.499999999999948,1.),(0.,1.),.UNSPECIFIED.);
#29=B_SPLINE_SURFACE_WITH_KNOTS('',3,1,((#13091,#13092),(#13093,#13094),
(#13095,#13096),(#13097,#13098),(#13099,#13100),(#13101,#13102)),
 .SURF_OF_LINEAR_EXTRUSION.,.F.,.F.,.F.,(4,1,1,4),(2,2),(-0.00600021198282481,
0.245499841012881,0.496999894008588,1.),(0.,1.),.UNSPECIFIED.);
#30=B_SPLINE_SURFACE_WITH_KNOTS('',3,1,((#13117,#13118),(#13119,#13120),
(#13121,#13122),(#13123,#13124),(#13125,#13126),(#13127,#13128)),
 .SURF_OF_LINEAR_EXTRUSION.,.F.,.F.,.F.,(4,1,1,4),(2,2),(-9.1230533732446E-14,
0.249999999999932,0.499999999999954,1.),(0.,1.),.UNSPECIFIED.);
#31=B_SPLINE_SURFACE_WITH_KNOTS('',3,1,((#13129,#13130),(#13131,#13132),
(#13133,#13134),(#13135,#13136),(#13137,#13138),(#13139,#13140)),
 .SURF_OF_LINEAR_EXTRUSION.,.F.,.F.,.F.,(4,1,1,4),(2,2),(-1.90717860764077E-15,
0.249999999999999,0.499999999999999,1.),(0.,1.),.UNSPECIFIED.);
#32=B_SPLINE_SURFACE_WITH_KNOTS('',3,1,((#13160,#13161),(#13162,#13163),
(#13164,#13165),(#13166,#13167),(#13168,#13169),(#13170,#13171)),
 .SURF_OF_LINEAR_EXTRUSION.,.F.,.F.,.F.,(4,1,1,4),(2,2),(-6.44060751762221E-16,
0.25,0.5,1.),(0.,1.),.UNSPECIFIED.);
#33=B_SPLINE_SURFACE_WITH_KNOTS('',3,1,((#13182,#13183),(#13184,#13185),
(#13186,#13187),(#13188,#13189),(#13190,#13191),(#13192,#13193)),
 .SURF_OF_LINEAR_EXTRUSION.,.F.,.F.,.F.,(4,1,1,4),(2,2),(-1.06009275099685E-17,
0.25,0.5,1.),(0.,1.),.UNSPECIFIED.);
#34=B_SPLINE_SURFACE_WITH_KNOTS('',3,1,((#13227,#13228),(#13229,#13230),
(#13231,#13232),(#13233,#13234),(#13235,#13236),(#13237,#13238)),
 .SURF_OF_LINEAR_EXTRUSION.,.F.,.F.,.F.,(4,1,1,4),(2,2),(-6.31705021759013E-32,
0.499999999024691,0.749999998537036,0.999999998049381),(0.,1.),
 .UNSPECIFIED.);
#35=B_SPLINE_SURFACE_WITH_KNOTS('',3,1,((#13257,#13258),(#13259,#13260),
(#13261,#13262),(#13263,#13264),(#13265,#13266),(#13267,#13268)),
 .SURF_OF_LINEAR_EXTRUSION.,.F.,.F.,.F.,(4,1,1,4),(2,2),(-3.80005559339584E-18,
0.5,0.75,1.),(0.,1.),.UNSPECIFIED.);
#36=B_SPLINE_SURFACE_WITH_KNOTS('',3,1,((#13279,#13280),(#13281,#13282),
(#13283,#13284),(#13285,#13286),(#13287,#13288),(#13289,#13290)),
 .SURF_OF_LINEAR_EXTRUSION.,.F.,.F.,.F.,(4,1,1,4),(2,2),(0.,0.5,0.75,1.),
(0.,1.),.UNSPECIFIED.);
#37=B_SPLINE_SURFACE_WITH_KNOTS('',3,1,((#13301,#13302),(#13303,#13304),
(#13305,#13306),(#13307,#13308),(#13309,#13310),(#13311,#13312)),
 .SURF_OF_LINEAR_EXTRUSION.,.F.,.F.,.F.,(4,1,1,4),(2,2),(0.,0.499999999001603,
0.749999998502404,0.999999998003205),(0.,1.),.UNSPECIFIED.);
#38=B_SPLINE_SURFACE_WITH_KNOTS('',3,1,((#13323,#13324),(#13325,#13326),
(#13327,#13328),(#13329,#13330),(#13331,#13332),(#13333,#13334)),
 .SURF_OF_LINEAR_EXTRUSION.,.F.,.F.,.F.,(4,1,1,4),(2,2),(-7.04020292905946E-16,
0.249999999999999,0.5,1.),(0.,1.),.UNSPECIFIED.);
#39=B_SPLINE_SURFACE_WITH_KNOTS('',3,1,((#13345,#13346),(#13347,#13348),
(#13349,#13350),(#13351,#13352),(#13353,#13354),(#13355,#13356)),
 .SURF_OF_LINEAR_EXTRUSION.,.F.,.F.,.F.,(4,1,1,4),(2,2),(0.,0.5,0.75,1.),
(0.,1.),.UNSPECIFIED.);
#40=B_SPLINE_SURFACE_WITH_KNOTS('',3,1,((#13367,#13368),(#13369,#13370),
(#13371,#13372),(#13373,#13374),(#13375,#13376),(#13377,#13378)),
 .SURF_OF_LINEAR_EXTRUSION.,.F.,.F.,.F.,(4,1,1,4),(2,2),(-1.8274573062625E-15,
0.249999999999999,0.499999999999999,1.),(0.,1.),.UNSPECIFIED.);
#41=B_SPLINE_SURFACE_WITH_KNOTS('',3,1,((#13389,#13390),(#13391,#13392),
(#13393,#13394),(#13395,#13396),(#13397,#13398),(#13399,#13400)),
 .SURF_OF_LINEAR_EXTRUSION.,.F.,.F.,.F.,(4,1,1,4),(2,2),(-5.20503384961185E-14,
0.249999999999961,0.499999999999974,1.),(0.,1.),.UNSPECIFIED.);
#42=B_SPLINE_SURFACE_WITH_KNOTS('',3,1,((#13504,#13505),(#13506,#13507),
(#13508,#13509),(#13510,#13511)),.SURF_OF_LINEAR_EXTRUSION.,.F.,.F.,.F.,
(4,4),(2,2),(0.,1.0000000004632),(0.,1.),.PIECEWISE_BEZIER_KNOTS.);
#43=B_SPLINE_SURFACE_WITH_KNOTS('',3,3,((#13942,#13943,#13944,#13945,#13946,
#13947,#13948,#13949,#13950,#13951),(#13952,#13953,#13954,#13955,#13956,
#13957,#13958,#13959,#13960,#13961),(#13962,#13963,#13964,#13965,#13966,
#13967,#13968,#13969,#13970,#13971),(#13972,#13973,#13974,#13975,#13976,
#13977,#13978,#13979,#13980,#13981),(#13982,#13983,#13984,#13985,#13986,
#13987,#13988,#13989,#13990,#13991)),.UNSPECIFIED.,.F.,.F.,.F.,(4,1,4),
(4,1,1,1,1,1,1,4),(0.,0.571428571428571,1.),(0.,0.0843846869376263,0.168769373875253,
0.337538747750505,0.67507749550101,1.35015499100202,2.70030998200404,4.72554246850707),
 .UNSPECIFIED.);
#44=B_SPLINE_SURFACE_WITH_KNOTS('',3,1,((#14360,#14361),(#14362,#14363),
(#14364,#14365),(#14366,#14367),(#14368,#14369),(#14370,#14371)),
 .SURF_OF_LINEAR_EXTRUSION.,.F.,.F.,.F.,(4,1,1,4),(2,2),(-2.51122071422476E-13,
0.250000001229689,0.500000002459628,1.00000000491951),(0.,1.),
 .UNSPECIFIED.);
#45=B_SPLINE_SURFACE_WITH_KNOTS('',3,1,((#14422,#14423),(#14424,#14425),
(#14426,#14427),(#14428,#14429),(#14430,#14431),(#14432,#14433)),
 .SURF_OF_LINEAR_EXTRUSION.,.F.,.F.,.F.,(4,1,1,4),(2,2),(-5.20874600525666E-25,
0.25,0.5,1.),(0.,1.),.UNSPECIFIED.);
#46=B_SPLINE_SURFACE_WITH_KNOTS('',3,1,((#14444,#14445),(#14446,#14447),
(#14448,#14449),(#14450,#14451),(#14452,#14453),(#14454,#14455)),
 .SURF_OF_LINEAR_EXTRUSION.,.F.,.F.,.F.,(4,1,1,4),(2,2),(-6.93406246991733E-15,
0.499999999999997,0.749999999999998,1.),(0.,1.),.UNSPECIFIED.);
#47=B_SPLINE_SURFACE_WITH_KNOTS('',3,1,((#14473,#14474),(#14475,#14476),
(#14477,#14478),(#14479,#14480),(#14481,#14482),(#14483,#14484)),
 .SURF_OF_LINEAR_EXTRUSION.,.F.,.F.,.F.,(4,1,1,4),(2,2),(-9.21643152915355E-13,
0.249999999999309,0.499999999999539,1.),(0.,1.),.UNSPECIFIED.);
#48=B_SPLINE_SURFACE_WITH_KNOTS('',3,1,((#14527,#14528),(#14529,#14530),
(#14531,#14532),(#14533,#14534),(#14535,#14536),(#14537,#14538)),
 .SURF_OF_LINEAR_EXTRUSION.,.F.,.F.,.F.,(4,1,1,4),(2,2),(-1.07692734461924E-12,
0.249999999999192,0.499999999999462,1.),(0.,1.),.UNSPECIFIED.);
#49=B_SPLINE_SURFACE_WITH_KNOTS('',3,1,((#14549,#14550),(#14551,#14552),
(#14553,#14554),(#14555,#14556),(#14557,#14558),(#14559,#14560)),
 .SURF_OF_LINEAR_EXTRUSION.,.F.,.F.,.F.,(4,1,1,4),(2,2),(-2.53442202498182E-18,
0.5,0.75,1.),(0.,1.),.UNSPECIFIED.);
#50=B_SPLINE_SURFACE_WITH_KNOTS('',3,1,((#14561,#14562),(#14563,#14564),
(#14565,#14566),(#14567,#14568),(#14569,#14570),(#14571,#14572),(#14573,
#14574)),.SURF_OF_LINEAR_EXTRUSION.,.F.,.F.,.F.,(4,1,1,1,4),(2,2),(-4.82151785271082E-27,
0.250000000000029,0.500000000000058,0.750000000000087,1.00000000000012),
(0.,1.),.UNSPECIFIED.);
#51=B_SPLINE_SURFACE_WITH_KNOTS('',3,1,((#14583,#14584),(#14585,#14586),
(#14587,#14588),(#14589,#14590),(#14591,#14592),(#14593,#14594),(#14595,
#14596)),.SURF_OF_LINEAR_EXTRUSION.,.F.,.F.,.F.,(4,1,1,1,4),(2,2),(0.,0.25,
0.5,0.75,1.),(0.,1.),.UNSPECIFIED.);
#52=B_SPLINE_SURFACE_WITH_KNOTS('',3,1,((#14610,#14611),(#14612,#14613),
(#14614,#14615),(#14616,#14617),(#14618,#14619),(#14620,#14621)),
 .SURF_OF_LINEAR_EXTRUSION.,.F.,.F.,.F.,(4,1,1,4),(2,2),(-0.00600103896027528,
0.496999480519862,0.748499740259931,1.),(0.,1.),.UNSPECIFIED.);
#53=B_SPLINE_SURFACE_WITH_KNOTS('',3,1,((#14635,#14636),(#14637,#14638),
(#14639,#14640),(#14641,#14642),(#14643,#14644),(#14645,#14646)),
 .SURF_OF_LINEAR_EXTRUSION.,.F.,.F.,.F.,(4,1,1,4),(2,2),(-0.00600103899400306,
0.496999480502998,0.748499740251499,1.),(0.,1.),.UNSPECIFIED.);
#54=B_SPLINE_SURFACE_WITH_KNOTS('',3,1,((#14767,#14768),(#14769,#14770),
(#14771,#14772),(#14773,#14774)),.SURF_OF_LINEAR_EXTRUSION.,.F.,.F.,.F.,
(4,4),(2,2),(0.,1.),(0.,1.),.PIECEWISE_BEZIER_KNOTS.);
#55=B_SPLINE_SURFACE_WITH_KNOTS('',3,1,((#14793,#14794),(#14795,#14796),
(#14797,#14798),(#14799,#14800)),.SURF_OF_LINEAR_EXTRUSION.,.F.,.F.,.F.,
(4,4),(2,2),(0.,1.),(0.,1.),.PIECEWISE_BEZIER_KNOTS.);
#56=B_SPLINE_SURFACE_WITH_KNOTS('',3,1,((#14810,#14811),(#14812,#14813),
(#14814,#14815),(#14816,#14817)),.SURF_OF_LINEAR_EXTRUSION.,.F.,.F.,.F.,
(4,4),(2,2),(0.,1.),(0.,1.),.PIECEWISE_BEZIER_KNOTS.);
#57=B_SPLINE_SURFACE_WITH_KNOTS('',3,1,((#14903,#14904),(#14905,#14906),
(#14907,#14908),(#14909,#14910)),.SURF_OF_LINEAR_EXTRUSION.,.F.,.F.,.F.,
(4,4),(2,2),(0.,1.),(0.,1.),.PIECEWISE_BEZIER_KNOTS.);
#58=B_SPLINE_SURFACE_WITH_KNOTS('',3,1,((#14916,#14917),(#14918,#14919),
(#14920,#14921),(#14922,#14923)),.SURF_OF_LINEAR_EXTRUSION.,.F.,.F.,.F.,
(4,4),(2,2),(0.,1.),(0.,1.),.PIECEWISE_BEZIER_KNOTS.);
#59=B_SPLINE_SURFACE_WITH_KNOTS('',3,1,((#14933,#14934),(#14935,#14936),
(#14937,#14938),(#14939,#14940)),.SURF_OF_LINEAR_EXTRUSION.,.F.,.F.,.F.,
(4,4),(2,2),(0.,1.),(0.,1.),.PIECEWISE_BEZIER_KNOTS.);
#60=B_SPLINE_SURFACE_WITH_KNOTS('',3,1,((#14946,#14947),(#14948,#14949),
(#14950,#14951),(#14952,#14953)),.SURF_OF_LINEAR_EXTRUSION.,.F.,.F.,.F.,
(4,4),(2,2),(0.,1.),(0.,1.),.PIECEWISE_BEZIER_KNOTS.);
#61=B_SPLINE_SURFACE_WITH_KNOTS('',3,1,((#14973,#14974),(#14975,#14976),
(#14977,#14978),(#14979,#14980)),.SURF_OF_LINEAR_EXTRUSION.,.F.,.F.,.F.,
(4,4),(2,2),(0.,1.),(0.,1.),.PIECEWISE_BEZIER_KNOTS.);
#62=B_SPLINE_SURFACE_WITH_KNOTS('',3,1,((#15058,#15059),(#15060,#15061),
(#15062,#15063),(#15064,#15065)),.SURF_OF_LINEAR_EXTRUSION.,.F.,.F.,.F.,
(4,4),(2,2),(0.,1.),(0.,1.),.PIECEWISE_BEZIER_KNOTS.);
#63=B_SPLINE_SURFACE_WITH_KNOTS('',3,1,((#15091,#15092),(#15093,#15094),
(#15095,#15096),(#15097,#15098)),.SURF_OF_LINEAR_EXTRUSION.,.F.,.F.,.F.,
(4,4),(2,2),(0.,1.),(0.,1.),.PIECEWISE_BEZIER_KNOTS.);
#64=B_SPLINE_SURFACE_WITH_KNOTS('',3,1,((#15121,#15122),(#15123,#15124),
(#15125,#15126),(#15127,#15128)),.SURF_OF_LINEAR_EXTRUSION.,.F.,.F.,.F.,
(4,4),(2,2),(0.,1.),(0.,1.),.PIECEWISE_BEZIER_KNOTS.);
#65=B_SPLINE_SURFACE_WITH_KNOTS('',3,1,((#15138,#15139),(#15140,#15141),
(#15142,#15143),(#15144,#15145)),.SURF_OF_LINEAR_EXTRUSION.,.F.,.F.,.F.,
(4,4),(2,2),(0.,1.),(0.,1.),.PIECEWISE_BEZIER_KNOTS.);
#66=B_SPLINE_SURFACE_WITH_KNOTS('',3,1,((#15151,#15152),(#15153,#15154),
(#15155,#15156),(#15157,#15158)),.SURF_OF_LINEAR_EXTRUSION.,.F.,.F.,.F.,
(4,4),(2,2),(0.,1.),(0.,1.),.PIECEWISE_BEZIER_KNOTS.);
#67=B_SPLINE_SURFACE_WITH_KNOTS('',3,1,((#15164,#15165),(#15166,#15167),
(#15168,#15169),(#15170,#15171)),.SURF_OF_LINEAR_EXTRUSION.,.F.,.F.,.F.,
(4,4),(2,2),(0.,1.),(0.,1.),.PIECEWISE_BEZIER_KNOTS.);
#68=B_SPLINE_SURFACE_WITH_KNOTS('',3,1,((#15177,#15178),(#15179,#15180),
(#15181,#15182),(#15183,#15184)),.SURF_OF_LINEAR_EXTRUSION.,.F.,.F.,.F.,
(4,4),(2,2),(0.,1.),(0.,1.),.PIECEWISE_BEZIER_KNOTS.);
#69=B_SPLINE_SURFACE_WITH_KNOTS('',3,1,((#15190,#15191),(#15192,#15193),
(#15194,#15195),(#15196,#15197)),.SURF_OF_LINEAR_EXTRUSION.,.F.,.F.,.F.,
(4,4),(2,2),(0.,1.),(0.,1.),.PIECEWISE_BEZIER_KNOTS.);
#70=B_SPLINE_SURFACE_WITH_KNOTS('',3,1,((#15203,#15204),(#15205,#15206),
(#15207,#15208),(#15209,#15210)),.SURF_OF_LINEAR_EXTRUSION.,.F.,.F.,.F.,
(4,4),(2,2),(0.,1.),(0.,1.),.PIECEWISE_BEZIER_KNOTS.);
#71=B_SPLINE_SURFACE_WITH_KNOTS('',3,1,((#15220,#15221),(#15222,#15223),
(#15224,#15225),(#15226,#15227)),.SURF_OF_LINEAR_EXTRUSION.,.F.,.F.,.F.,
(4,4),(2,2),(0.,1.),(0.,1.),.PIECEWISE_BEZIER_KNOTS.);
#72=B_SPLINE_SURFACE_WITH_KNOTS('',3,1,((#15261,#15262),(#15263,#15264),
(#15265,#15266),(#15267,#15268)),.SURF_OF_LINEAR_EXTRUSION.,.F.,.F.,.F.,
(4,4),(2,2),(0.,1.),(0.,1.),.PIECEWISE_BEZIER_KNOTS.);
#73=B_SPLINE_SURFACE_WITH_KNOTS('',3,1,((#15274,#15275),(#15276,#15277),
(#15278,#15279),(#15280,#15281)),.SURF_OF_LINEAR_EXTRUSION.,.F.,.F.,.F.,
(4,4),(2,2),(0.,1.),(0.,1.),.PIECEWISE_BEZIER_KNOTS.);
#74=B_SPLINE_SURFACE_WITH_KNOTS('',3,1,((#15287,#15288),(#15289,#15290),
(#15291,#15292),(#15293,#15294)),.SURF_OF_LINEAR_EXTRUSION.,.F.,.F.,.F.,
(4,4),(2,2),(0.,1.),(0.,1.),.PIECEWISE_BEZIER_KNOTS.);
#75=B_SPLINE_SURFACE_WITH_KNOTS('',3,1,((#15300,#15301),(#15302,#15303),
(#15304,#15305),(#15306,#15307)),.SURF_OF_LINEAR_EXTRUSION.,.F.,.F.,.F.,
(4,4),(2,2),(0.,1.),(0.,1.),.PIECEWISE_BEZIER_KNOTS.);
#76=B_SPLINE_SURFACE_WITH_KNOTS('',3,1,((#15313,#15314),(#15315,#15316),
(#15317,#15318),(#15319,#15320)),.SURF_OF_LINEAR_EXTRUSION.,.F.,.F.,.F.,
(4,4),(2,2),(0.,1.),(0.,1.),.PIECEWISE_BEZIER_KNOTS.);
#77=B_SPLINE_SURFACE_WITH_KNOTS('',3,1,((#15334,#15335),(#15336,#15337),
(#15338,#15339),(#15340,#15341)),.SURF_OF_LINEAR_EXTRUSION.,.F.,.F.,.F.,
(4,4),(2,2),(0.,1.),(0.,1.),.PIECEWISE_BEZIER_KNOTS.);
#78=B_SPLINE_SURFACE_WITH_KNOTS('',3,1,((#15388,#15389),(#15390,#15391),
(#15392,#15393),(#15394,#15395)),.SURF_OF_LINEAR_EXTRUSION.,.F.,.F.,.F.,
(4,4),(2,2),(0.,1.),(0.,1.),.PIECEWISE_BEZIER_KNOTS.);
#79=B_SPLINE_SURFACE_WITH_KNOTS('',3,1,((#15401,#15402),(#15403,#15404),
(#15405,#15406),(#15407,#15408)),.SURF_OF_LINEAR_EXTRUSION.,.F.,.F.,.F.,
(4,4),(2,2),(0.,1.),(0.,1.),.PIECEWISE_BEZIER_KNOTS.);
#80=B_SPLINE_SURFACE_WITH_KNOTS('',3,1,((#15414,#15415),(#15416,#15417),
(#15418,#15419),(#15420,#15421)),.SURF_OF_LINEAR_EXTRUSION.,.F.,.F.,.F.,
(4,4),(2,2),(0.,1.),(0.,1.),.PIECEWISE_BEZIER_KNOTS.);
#81=B_SPLINE_SURFACE_WITH_KNOTS('',3,1,((#15427,#15428),(#15429,#15430),
(#15431,#15432),(#15433,#15434)),.SURF_OF_LINEAR_EXTRUSION.,.F.,.F.,.F.,
(4,4),(2,2),(0.,1.),(0.,1.),.PIECEWISE_BEZIER_KNOTS.);
#82=B_SPLINE_SURFACE_WITH_KNOTS('',3,1,((#15440,#15441),(#15442,#15443),
(#15444,#15445),(#15446,#15447)),.SURF_OF_LINEAR_EXTRUSION.,.F.,.F.,.F.,
(4,4),(2,2),(0.,1.),(0.,1.),.PIECEWISE_BEZIER_KNOTS.);
#83=B_SPLINE_SURFACE_WITH_KNOTS('',3,1,((#15453,#15454),(#15455,#15456),
(#15457,#15458),(#15459,#15460)),.SURF_OF_LINEAR_EXTRUSION.,.F.,.F.,.F.,
(4,4),(2,2),(0.,1.),(0.,1.),.PIECEWISE_BEZIER_KNOTS.);
#84=B_SPLINE_SURFACE_WITH_KNOTS('',3,1,((#15466,#15467),(#15468,#15469),
(#15470,#15471),(#15472,#15473)),.SURF_OF_LINEAR_EXTRUSION.,.F.,.F.,.F.,
(4,4),(2,2),(0.,1.),(0.,1.),.PIECEWISE_BEZIER_KNOTS.);
#85=B_SPLINE_SURFACE_WITH_KNOTS('',3,1,((#15487,#15488),(#15489,#15490),
(#15491,#15492),(#15493,#15494)),.SURF_OF_LINEAR_EXTRUSION.,.F.,.F.,.F.,
(4,4),(2,2),(0.,1.),(0.,1.),.PIECEWISE_BEZIER_KNOTS.);
#86=B_SPLINE_SURFACE_WITH_KNOTS('',3,1,((#15500,#15501),(#15502,#15503),
(#15504,#15505),(#15506,#15507)),.SURF_OF_LINEAR_EXTRUSION.,.F.,.F.,.F.,
(4,4),(2,2),(0.,1.),(0.,1.),.PIECEWISE_BEZIER_KNOTS.);
#87=B_SPLINE_SURFACE_WITH_KNOTS('',3,1,((#15513,#15514),(#15515,#15516),
(#15517,#15518),(#15519,#15520)),.SURF_OF_LINEAR_EXTRUSION.,.F.,.F.,.F.,
(4,4),(2,2),(0.,1.),(0.,1.),.PIECEWISE_BEZIER_KNOTS.);
#88=B_SPLINE_SURFACE_WITH_KNOTS('',3,1,((#15526,#15527),(#15528,#15529),
(#15530,#15531),(#15532,#15533)),.SURF_OF_LINEAR_EXTRUSION.,.F.,.F.,.F.,
(4,4),(2,2),(0.,1.),(0.,1.),.PIECEWISE_BEZIER_KNOTS.);
#89=B_SPLINE_SURFACE_WITH_KNOTS('',3,1,((#15539,#15540),(#15541,#15542),
(#15543,#15544),(#15545,#15546)),.SURF_OF_LINEAR_EXTRUSION.,.F.,.F.,.F.,
(4,4),(2,2),(0.,1.),(0.,1.),.PIECEWISE_BEZIER_KNOTS.);
#90=B_SPLINE_SURFACE_WITH_KNOTS('',3,1,((#15552,#15553),(#15554,#15555),
(#15556,#15557),(#15558,#15559)),.SURF_OF_LINEAR_EXTRUSION.,.F.,.F.,.F.,
(4,4),(2,2),(0.,1.),(0.,1.),.PIECEWISE_BEZIER_KNOTS.);
#91=B_SPLINE_SURFACE_WITH_KNOTS('',3,1,((#15580,#15581),(#15582,#15583),
(#15584,#15585),(#15586,#15587)),.SURF_OF_LINEAR_EXTRUSION.,.F.,.F.,.F.,
(4,4),(2,2),(0.,1.),(0.,1.),.PIECEWISE_BEZIER_KNOTS.);
#92=B_SPLINE_SURFACE_WITH_KNOTS('',3,1,((#15623,#15624),(#15625,#15626),
(#15627,#15628),(#15629,#15630)),.SURF_OF_LINEAR_EXTRUSION.,.F.,.F.,.F.,
(4,4),(2,2),(0.,1.),(0.,1.),.PIECEWISE_BEZIER_KNOTS.);
#93=B_SPLINE_SURFACE_WITH_KNOTS('',3,1,((#15648,#15649),(#15650,#15651),
(#15652,#15653),(#15654,#15655)),.SURF_OF_LINEAR_EXTRUSION.,.F.,.F.,.F.,
(4,4),(2,2),(0.,1.),(0.,1.),.PIECEWISE_BEZIER_KNOTS.);
#94=B_SPLINE_SURFACE_WITH_KNOTS('',3,1,((#15760,#15761),(#15762,#15763),
(#15764,#15765),(#15766,#15767)),.SURF_OF_LINEAR_EXTRUSION.,.F.,.F.,.F.,
(4,4),(2,2),(0.,1.),(0.,1.),.PIECEWISE_BEZIER_KNOTS.);
#95=B_SPLINE_SURFACE_WITH_KNOTS('',3,1,((#15773,#15774),(#15775,#15776),
(#15777,#15778),(#15779,#15780)),.SURF_OF_LINEAR_EXTRUSION.,.F.,.F.,.F.,
(4,4),(2,2),(0.,1.),(0.,1.),.PIECEWISE_BEZIER_KNOTS.);
#96=B_SPLINE_SURFACE_WITH_KNOTS('',3,1,((#15786,#15787),(#15788,#15789),
(#15790,#15791),(#15792,#15793)),.SURF_OF_LINEAR_EXTRUSION.,.F.,.F.,.F.,
(4,4),(2,2),(0.,1.),(0.,1.),.PIECEWISE_BEZIER_KNOTS.);
#97=B_SPLINE_SURFACE_WITH_KNOTS('',3,1,((#15799,#15800),(#15801,#15802),
(#15803,#15804),(#15805,#15806)),.SURF_OF_LINEAR_EXTRUSION.,.F.,.F.,.F.,
(4,4),(2,2),(0.,1.),(0.,1.),.PIECEWISE_BEZIER_KNOTS.);
#98=B_SPLINE_SURFACE_WITH_KNOTS('',3,1,((#15812,#15813),(#15814,#15815),
(#15816,#15817),(#15818,#15819)),.SURF_OF_LINEAR_EXTRUSION.,.F.,.F.,.F.,
(4,4),(2,2),(0.,1.),(0.,1.),.PIECEWISE_BEZIER_KNOTS.);
#99=B_SPLINE_SURFACE_WITH_KNOTS('',3,1,((#15825,#15826),(#15827,#15828),
(#15829,#15830),(#15831,#15832)),.SURF_OF_LINEAR_EXTRUSION.,.F.,.F.,.F.,
(4,4),(2,2),(0.,1.),(0.,1.),.PIECEWISE_BEZIER_KNOTS.);
#100=B_SPLINE_SURFACE_WITH_KNOTS('',3,1,((#15838,#15839),(#15840,#15841),
(#15842,#15843),(#15844,#15845)),.SURF_OF_LINEAR_EXTRUSION.,.F.,.F.,.F.,
(4,4),(2,2),(0.,1.),(0.,1.),.PIECEWISE_BEZIER_KNOTS.);
#101=B_SPLINE_SURFACE_WITH_KNOTS('',3,1,((#15851,#15852),(#15853,#15854),
(#15855,#15856),(#15857,#15858)),.SURF_OF_LINEAR_EXTRUSION.,.F.,.F.,.F.,
(4,4),(2,2),(0.,1.),(0.,1.),.PIECEWISE_BEZIER_KNOTS.);
#102=B_SPLINE_SURFACE_WITH_KNOTS('',3,1,((#15864,#15865),(#15866,#15867),
(#15868,#15869),(#15870,#15871)),.SURF_OF_LINEAR_EXTRUSION.,.F.,.F.,.F.,
(4,4),(2,2),(0.,1.),(0.,1.),.PIECEWISE_BEZIER_KNOTS.);
#103=B_SPLINE_SURFACE_WITH_KNOTS('',3,1,((#15877,#15878),(#15879,#15880),
(#15881,#15882),(#15883,#15884)),.SURF_OF_LINEAR_EXTRUSION.,.F.,.F.,.F.,
(4,4),(2,2),(0.,1.),(0.,1.),.PIECEWISE_BEZIER_KNOTS.);
#104=B_SPLINE_SURFACE_WITH_KNOTS('',3,1,((#15894,#15895),(#15896,#15897),
(#15898,#15899),(#15900,#15901)),.SURF_OF_LINEAR_EXTRUSION.,.F.,.F.,.F.,
(4,4),(2,2),(0.,1.),(0.,1.),.PIECEWISE_BEZIER_KNOTS.);
#105=B_SPLINE_SURFACE_WITH_KNOTS('',3,1,((#15919,#15920),(#15921,#15922),
(#15923,#15924),(#15925,#15926)),.SURF_OF_LINEAR_EXTRUSION.,.F.,.F.,.F.,
(4,4),(2,2),(0.,1.),(0.,1.),.PIECEWISE_BEZIER_KNOTS.);
#106=B_SPLINE_SURFACE_WITH_KNOTS('',3,1,((#15932,#15933),(#15934,#15935),
(#15936,#15937),(#15938,#15939)),.SURF_OF_LINEAR_EXTRUSION.,.F.,.F.,.F.,
(4,4),(2,2),(0.,1.),(0.,1.),.PIECEWISE_BEZIER_KNOTS.);
#107=B_SPLINE_SURFACE_WITH_KNOTS('',3,1,((#15945,#15946),(#15947,#15948),
(#15949,#15950),(#15951,#15952)),.SURF_OF_LINEAR_EXTRUSION.,.F.,.F.,.F.,
(4,4),(2,2),(0.,1.),(0.,1.),.PIECEWISE_BEZIER_KNOTS.);
#108=B_SPLINE_SURFACE_WITH_KNOTS('',3,1,((#15958,#15959),(#15960,#15961),
(#15962,#15963),(#15964,#15965)),.SURF_OF_LINEAR_EXTRUSION.,.F.,.F.,.F.,
(4,4),(2,2),(0.,1.),(0.,1.),.PIECEWISE_BEZIER_KNOTS.);
#109=B_SPLINE_SURFACE_WITH_KNOTS('',3,1,((#15971,#15972),(#15973,#15974),
(#15975,#15976),(#15977,#15978)),.SURF_OF_LINEAR_EXTRUSION.,.F.,.F.,.F.,
(4,4),(2,2),(0.,1.),(0.,1.),.PIECEWISE_BEZIER_KNOTS.);
#110=B_SPLINE_SURFACE_WITH_KNOTS('',3,1,((#15984,#15985),(#15986,#15987),
(#15988,#15989),(#15990,#15991)),.SURF_OF_LINEAR_EXTRUSION.,.F.,.F.,.F.,
(4,4),(2,2),(0.,1.),(0.,1.),.PIECEWISE_BEZIER_KNOTS.);
#111=B_SPLINE_SURFACE_WITH_KNOTS('',3,1,((#15997,#15998),(#15999,#16000),
(#16001,#16002),(#16003,#16004)),.SURF_OF_LINEAR_EXTRUSION.,.F.,.F.,.F.,
(4,4),(2,2),(0.,1.),(0.,1.),.PIECEWISE_BEZIER_KNOTS.);
#112=B_SPLINE_SURFACE_WITH_KNOTS('',3,1,((#16010,#16011),(#16012,#16013),
(#16014,#16015),(#16016,#16017)),.SURF_OF_LINEAR_EXTRUSION.,.F.,.F.,.F.,
(4,4),(2,2),(0.,1.),(0.,1.),.PIECEWISE_BEZIER_KNOTS.);
#113=B_SPLINE_SURFACE_WITH_KNOTS('',3,1,((#16023,#16024),(#16025,#16026),
(#16027,#16028),(#16029,#16030)),.SURF_OF_LINEAR_EXTRUSION.,.F.,.F.,.F.,
(4,4),(2,2),(0.,1.),(0.,1.),.PIECEWISE_BEZIER_KNOTS.);
#114=B_SPLINE_SURFACE_WITH_KNOTS('',3,1,((#16036,#16037),(#16038,#16039),
(#16040,#16041),(#16042,#16043)),.SURF_OF_LINEAR_EXTRUSION.,.F.,.F.,.F.,
(4,4),(2,2),(0.,1.),(0.,1.),.PIECEWISE_BEZIER_KNOTS.);
#115=B_SPLINE_SURFACE_WITH_KNOTS('',3,1,((#16053,#16054),(#16055,#16056),
(#16057,#16058),(#16059,#16060)),.SURF_OF_LINEAR_EXTRUSION.,.F.,.F.,.F.,
(4,4),(2,2),(0.,1.),(0.,1.),.PIECEWISE_BEZIER_KNOTS.);
#116=B_SPLINE_SURFACE_WITH_KNOTS('',3,1,((#16090,#16091),(#16092,#16093),
(#16094,#16095),(#16096,#16097)),.SURF_OF_LINEAR_EXTRUSION.,.F.,.F.,.F.,
(4,4),(2,2),(0.,1.),(0.,1.),.PIECEWISE_BEZIER_KNOTS.);
#117=B_SPLINE_SURFACE_WITH_KNOTS('',3,1,((#16107,#16108),(#16109,#16110),
(#16111,#16112),(#16113,#16114)),.SURF_OF_LINEAR_EXTRUSION.,.F.,.F.,.F.,
(4,4),(2,2),(0.,1.),(0.,1.),.PIECEWISE_BEZIER_KNOTS.);
#118=B_SPLINE_SURFACE_WITH_KNOTS('',3,1,((#16124,#16125),(#16126,#16127),
(#16128,#16129),(#16130,#16131)),.SURF_OF_LINEAR_EXTRUSION.,.F.,.F.,.F.,
(4,4),(2,2),(0.,1.),(0.,1.),.PIECEWISE_BEZIER_KNOTS.);
#119=B_SPLINE_SURFACE_WITH_KNOTS('',3,1,((#16141,#16142),(#16143,#16144),
(#16145,#16146),(#16147,#16148)),.SURF_OF_LINEAR_EXTRUSION.,.F.,.F.,.F.,
(4,4),(2,2),(0.,1.),(0.,1.),.PIECEWISE_BEZIER_KNOTS.);
#120=B_SPLINE_SURFACE_WITH_KNOTS('',3,1,((#16200,#16201),(#16202,#16203),
(#16204,#16205),(#16206,#16207)),.SURF_OF_LINEAR_EXTRUSION.,.F.,.F.,.F.,
(4,4),(2,2),(0.,1.),(0.,1.),.PIECEWISE_BEZIER_KNOTS.);
#121=B_SPLINE_SURFACE_WITH_KNOTS('',3,1,((#16213,#16214),(#16215,#16216),
(#16217,#16218),(#16219,#16220)),.SURF_OF_LINEAR_EXTRUSION.,.F.,.F.,.F.,
(4,4),(2,2),(0.,1.),(0.,1.),.PIECEWISE_BEZIER_KNOTS.);
#122=B_SPLINE_SURFACE_WITH_KNOTS('',3,1,((#16226,#16227),(#16228,#16229),
(#16230,#16231),(#16232,#16233)),.SURF_OF_LINEAR_EXTRUSION.,.F.,.F.,.F.,
(4,4),(2,2),(0.,1.),(0.,1.),.PIECEWISE_BEZIER_KNOTS.);
#123=B_SPLINE_SURFACE_WITH_KNOTS('',3,1,((#16237,#16238),(#16239,#16240),
(#16241,#16242),(#16243,#16244)),.SURF_OF_LINEAR_EXTRUSION.,.F.,.F.,.F.,
(4,4),(2,2),(0.,1.),(0.,1.),.PIECEWISE_BEZIER_KNOTS.);
#124=CYLINDRICAL_SURFACE('',#9888,0.01143);
#125=CYLINDRICAL_SURFACE('',#9901,0.0040001515164379);
#126=CYLINDRICAL_SURFACE('',#9903,0.00400015151643814);
#127=CYLINDRICAL_SURFACE('',#9914,0.00400015151640356);
#128=CYLINDRICAL_SURFACE('',#9916,0.00400015151643815);
#129=CYLINDRICAL_SURFACE('',#9919,0.041275);
#130=CYLINDRICAL_SURFACE('',#9920,0.041275);
#131=CYLINDRICAL_SURFACE('',#9923,0.00400000000007998);
#132=CYLINDRICAL_SURFACE('',#9925,0.00400000000007998);
#133=CYLINDRICAL_SURFACE('',#9940,0.001016);
#134=CYLINDRICAL_SURFACE('',#9941,0.001016);
#135=CYLINDRICAL_SURFACE('',#9945,0.001016);
#136=CYLINDRICAL_SURFACE('',#9947,0.001016);
#137=CYLINDRICAL_SURFACE('',#9950,0.041275);
#138=CYLINDRICAL_SURFACE('',#9956,0.001016);
#139=CYLINDRICAL_SURFACE('',#9957,0.001016);
#140=CYLINDRICAL_SURFACE('',#9963,0.00127);
#141=CYLINDRICAL_SURFACE('',#9965,0.00127);
#142=CYLINDRICAL_SURFACE('',#9967,0.00127);
#143=CYLINDRICAL_SURFACE('',#9969,0.00127);
#144=CYLINDRICAL_SURFACE('',#9975,0.01143);
#145=CYLINDRICAL_SURFACE('',#9982,0.00127);
#146=CYLINDRICAL_SURFACE('',#9989,0.00127);
#147=CYLINDRICAL_SURFACE('',#9994,0.00127);
#148=CYLINDRICAL_SURFACE('',#10005,0.00127);
#149=CYLINDRICAL_SURFACE('',#10007,0.00127);
#150=CYLINDRICAL_SURFACE('',#10019,0.0020955);
#151=CYLINDRICAL_SURFACE('',#10023,0.0020955);
#152=CYLINDRICAL_SURFACE('',#10027,0.0020955);
#153=CYLINDRICAL_SURFACE('',#10031,0.0020955);
#154=CYLINDRICAL_SURFACE('',#10035,0.0020955);
#155=CYLINDRICAL_SURFACE('',#10039,0.0020955);
#156=CYLINDRICAL_SURFACE('',#10079,0.041275);
#157=CYLINDRICAL_SURFACE('',#10081,0.00127);
#158=CYLINDRICAL_SURFACE('',#10085,0.00127);
#159=CYLINDRICAL_SURFACE('',#10119,0.000630821600109844);
#160=CYLINDRICAL_SURFACE('',#10122,0.000448279200224382);
#161=CYLINDRICAL_SURFACE('',#10126,0.000480032512623876);
#162=CYLINDRICAL_SURFACE('',#10129,0.000560492096798458);
#163=CYLINDRICAL_SURFACE('',#10141,0.000782367247085402);
#164=CYLINDRICAL_SURFACE('',#10143,0.000874385706609958);
#165=CYLINDRICAL_SURFACE('',#10146,0.000783854673002269);
#166=CYLINDRICAL_SURFACE('',#10148,0.000878661105796782);
#167=CYLINDRICAL_SURFACE('',#10169,0.000593066185633046);
#168=CYLINDRICAL_SURFACE('',#10171,0.000492818390148495);
#169=CYLINDRICAL_SURFACE('',#10175,0.00360900831660068);
#170=CYLINDRICAL_SURFACE('',#10177,0.00095021858883325);
#171=CYLINDRICAL_SURFACE('',#10179,0.0014680729353264);
#172=CYLINDRICAL_SURFACE('',#10185,0.0020643516291363);
#173=CYLINDRICAL_SURFACE('',#10187,0.000251857436878294);
#174=CYLINDRICAL_SURFACE('',#10189,0.00103284452877042);
#175=CYLINDRICAL_SURFACE('',#10191,0.000423973254193508);
#176=CYLINDRICAL_SURFACE('',#10196,0.0014965886944626);
#177=CYLINDRICAL_SURFACE('',#10198,0.00173867923871495);
#178=CYLINDRICAL_SURFACE('',#10200,0.000248053298359659);
#179=CYLINDRICAL_SURFACE('',#10202,0.000264094752082333);
#180=CYLINDRICAL_SURFACE('',#10204,0.000759806113388288);
#181=CYLINDRICAL_SURFACE('',#10206,0.000651566690146375);
#182=CYLINDRICAL_SURFACE('',#10216,0.000425053928133902);
#183=CYLINDRICAL_SURFACE('',#10220,0.00104585845732817);
#184=CYLINDRICAL_SURFACE('',#10222,0.000910295593827421);
#185=CYLINDRICAL_SURFACE('',#10233,0.00457757706313991);
#186=CYLINDRICAL_SURFACE('',#10265,0.00309220299393788);
#187=CYLINDRICAL_SURFACE('',#10270,0.00353194758364392);
#188=CIRCLE('',#9860,0.00353194758364392);
#189=CIRCLE('',#9861,0.00309220299393788);
#190=CIRCLE('',#9862,0.01016);
#191=CIRCLE('',#9863,0.01016);
#192=CIRCLE('',#9865,0.000878661105796782);
#193=CIRCLE('',#9866,0.000783854673002269);
#194=CIRCLE('',#9867,0.000874385706609958);
#195=CIRCLE('',#9868,0.000782367247085402);
#196=CIRCLE('',#9869,0.0014680729353264);
#197=CIRCLE('',#9870,0.00095021858883325);
#198=CIRCLE('',#9871,0.00360900831660068);
#199=CIRCLE('',#9872,0.000492818390148495);
#200=CIRCLE('',#9873,0.000593066185633046);
#201=CIRCLE('',#9874,0.000651566690146375);
#202=CIRCLE('',#9875,0.000759806113388288);
#203=CIRCLE('',#9876,0.000264094752082333);
#204=CIRCLE('',#9877,0.000248053298359659);
#205=CIRCLE('',#9878,0.00173867923871495);
#206=CIRCLE('',#9879,0.0014965886944626);
#207=CIRCLE('',#9880,0.000423973254193508);
#208=CIRCLE('',#9881,0.00103284452877042);
#209=CIRCLE('',#9882,0.000251857436878294);
#210=CIRCLE('',#9883,0.0020643516291363);
#211=CIRCLE('',#9884,0.000910295593827421);
#212=CIRCLE('',#9885,0.00104585845732817);
#213=CIRCLE('',#9886,0.000425053928133902);
#214=CIRCLE('',#9887,0.00457757706313991);
#215=CIRCLE('',#9889,0.01143);
#216=CIRCLE('',#9890,0.01143);
#217=CIRCLE('',#9902,0.0040001515164379);
#218=CIRCLE('',#9904,0.00400015151643814);
#219=CIRCLE('',#9913,0.00127);
#220=CIRCLE('',#9915,0.00400015151640356);
#221=CIRCLE('',#9917,0.00400015151643815);
#222=CIRCLE('',#9921,0.041275);
#223=CIRCLE('',#9922,0.041275);
#224=CIRCLE('',#9924,0.00400000000007998);
#225=CIRCLE('',#9926,0.00400000000007998);
#226=CIRCLE('',#9928,0.00427929457058935);
#227=CIRCLE('',#9929,0.00475665842194901);
#228=CIRCLE('',#9933,0.0042792945705911);
#229=CIRCLE('',#9935,0.00475665842194939);
#230=CIRCLE('',#9944,0.042291);
#231=CIRCLE('',#9948,0.001016);
#232=CIRCLE('',#9951,0.041275);
#233=CIRCLE('',#9952,0.041275);
#234=CIRCLE('',#9954,0.042291);
#235=CIRCLE('',#9955,0.001016);
#236=CIRCLE('',#9958,0.001016);
#237=CIRCLE('',#9973,0.042545);
#238=CIRCLE('',#9974,0.040005);
#239=CIRCLE('',#9976,0.01143);
#240=CIRCLE('',#9977,0.01143);
#241=CIRCLE('',#9980,0.00127);
#242=CIRCLE('',#9981,0.00127);
#243=CIRCLE('',#9985,0.00127);
#244=CIRCLE('',#9987,0.00127);
#245=CIRCLE('',#9988,0.00127);
#246=CIRCLE('',#9990,0.00127);
#247=CIRCLE('',#9992,0.00127);
#248=CIRCLE('',#9993,0.041275);
#249=CIRCLE('',#10018,0.0020955);
#250=CIRCLE('',#10020,0.0020955);
#251=CIRCLE('',#10022,0.0020955);
#252=CIRCLE('',#10024,0.0020955);
#253=CIRCLE('',#10026,0.0020955);
#254=CIRCLE('',#10028,0.0020955);
#255=CIRCLE('',#10030,0.0020955);
#256=CIRCLE('',#10032,0.0020955);
#257=CIRCLE('',#10034,0.0020955);
#258=CIRCLE('',#10036,0.0020955);
#259=CIRCLE('',#10038,0.0020955);
#260=CIRCLE('',#10040,0.0020955);
#261=CIRCLE('',#10082,0.00127);
#262=CIRCLE('',#10086,0.00127);
#263=CIRCLE('',#10120,0.000630821600109844);
#264=CIRCLE('',#10121,0.000630821600109844);
#265=CIRCLE('',#10123,0.000448279200224382);
#266=CIRCLE('',#10124,0.000448279200224382);
#267=CIRCLE('',#10127,0.000480032512623876);
#268=CIRCLE('',#10128,0.000480032512623876);
#269=CIRCLE('',#10130,0.000560492096798458);
#270=CIRCLE('',#10131,0.000560492096798458);
#271=CIRCLE('',#10142,0.000782367247085402);
#272=CIRCLE('',#10144,0.000874385706609958);
#273=CIRCLE('',#10147,0.000783854673002269);
#274=CIRCLE('',#10149,0.000878661105796782);
#275=CIRCLE('',#10170,0.000593066185633046);
#276=CIRCLE('',#10172,0.000492818390148495);
#277=CIRCLE('',#10176,0.00360900831660068);
#278=CIRCLE('',#10178,0.00095021858883325);
#279=CIRCLE('',#10180,0.0014680729353264);
#280=CIRCLE('',#10186,0.0020643516291363);
#281=CIRCLE('',#10188,0.000251857436878294);
#282=CIRCLE('',#10190,0.00103284452877042);
#283=CIRCLE('',#10192,0.000423973254193508);
#284=CIRCLE('',#10197,0.0014965886944626);
#285=CIRCLE('',#10199,0.00173867923871495);
#286=CIRCLE('',#10201,0.000248053298359659);
#287=CIRCLE('',#10203,0.000264094752082333);
#288=CIRCLE('',#10205,0.000759806113388288);
#289=CIRCLE('',#10207,0.000651566690146375);
#290=CIRCLE('',#10217,0.000425053928133902);
#291=CIRCLE('',#10221,0.00104585845732817);
#292=CIRCLE('',#10223,0.000910295593827421);
#293=CIRCLE('',#10234,0.00457757706313991);
#294=CIRCLE('',#10266,0.00309220299393788);
#295=CIRCLE('',#10271,0.00353194758364392);
#296=B_SPLINE_CURVE_WITH_KNOTS('',2,(#12110,#12111,#12112),
 .UNSPECIFIED.,.F.,.F.,(3,3),(0.,1.),.PIECEWISE_BEZIER_KNOTS.);
#297=B_SPLINE_CURVE_WITH_KNOTS('',2,(#12116,#12117,#12118),
 .UNSPECIFIED.,.F.,.F.,(3,3),(0.,1.),.PIECEWISE_BEZIER_KNOTS.);
#298=B_SPLINE_CURVE_WITH_KNOTS('',2,(#12120,#12121,#12122),
 .UNSPECIFIED.,.F.,.F.,(3,3),(0.,1.),.PIECEWISE_BEZIER_KNOTS.);
#299=B_SPLINE_CURVE_WITH_KNOTS('',2,(#12124,#12125,#12126),
 .UNSPECIFIED.,.F.,.F.,(3,3),(0.,1.),.PIECEWISE_BEZIER_KNOTS.);
#300=B_SPLINE_CURVE_WITH_KNOTS('',2,(#12128,#12129,#12130),
 .UNSPECIFIED.,.F.,.F.,(3,3),(0.,1.),.PIECEWISE_BEZIER_KNOTS.);
#301=B_SPLINE_CURVE_WITH_KNOTS('',2,(#12132,#12133,#12134),
 .UNSPECIFIED.,.F.,.F.,(3,3),(0.,1.),.PIECEWISE_BEZIER_KNOTS.);
#302=B_SPLINE_CURVE_WITH_KNOTS('',2,(#12136,#12137,#12138),
 .UNSPECIFIED.,.F.,.F.,(3,3),(0.,1.),.PIECEWISE_BEZIER_KNOTS.);
#303=B_SPLINE_CURVE_WITH_KNOTS('',2,(#12140,#12141,#12142),
 .UNSPECIFIED.,.F.,.F.,(3,3),(0.,1.),.PIECEWISE_BEZIER_KNOTS.);
#304=B_SPLINE_CURVE_WITH_KNOTS('',2,(#12144,#12145,#12146),
 .UNSPECIFIED.,.F.,.F.,(3,3),(0.,1.),.PIECEWISE_BEZIER_KNOTS.);
#305=B_SPLINE_CURVE_WITH_KNOTS('',2,(#12148,#12149,#12150),
 .UNSPECIFIED.,.F.,.F.,(3,3),(0.,1.),.PIECEWISE_BEZIER_KNOTS.);
#306=B_SPLINE_CURVE_WITH_KNOTS('',2,(#12152,#12153,#12154),
 .UNSPECIFIED.,.F.,.F.,(3,3),(0.,1.),.PIECEWISE_BEZIER_KNOTS.);
#307=B_SPLINE_CURVE_WITH_KNOTS('',2,(#12162,#12163,#12164),
 .UNSPECIFIED.,.F.,.F.,(3,3),(0.,1.),.PIECEWISE_BEZIER_KNOTS.);
#308=B_SPLINE_CURVE_WITH_KNOTS('',2,(#12168,#12169,#12170),
 .UNSPECIFIED.,.F.,.F.,(3,3),(0.,1.),.PIECEWISE_BEZIER_KNOTS.);
#309=B_SPLINE_CURVE_WITH_KNOTS('',2,(#12172,#12173,#12174),
 .UNSPECIFIED.,.F.,.F.,(3,3),(0.,1.),.PIECEWISE_BEZIER_KNOTS.);
#310=B_SPLINE_CURVE_WITH_KNOTS('',2,(#12176,#12177,#12178),
 .UNSPECIFIED.,.F.,.F.,(3,3),(0.,1.),.PIECEWISE_BEZIER_KNOTS.);
#311=B_SPLINE_CURVE_WITH_KNOTS('',2,(#12180,#12181,#12182),
 .UNSPECIFIED.,.F.,.F.,(3,3),(0.,1.),.PIECEWISE_BEZIER_KNOTS.);
#312=B_SPLINE_CURVE_WITH_KNOTS('',2,(#12184,#12185,#12186),
 .UNSPECIFIED.,.F.,.F.,(3,3),(0.,1.),.PIECEWISE_BEZIER_KNOTS.);
#313=B_SPLINE_CURVE_WITH_KNOTS('',2,(#12188,#12189,#12190),
 .UNSPECIFIED.,.F.,.F.,(3,3),(0.,1.),.PIECEWISE_BEZIER_KNOTS.);
#314=B_SPLINE_CURVE_WITH_KNOTS('',2,(#12192,#12193,#12194),
 .UNSPECIFIED.,.F.,.F.,(3,3),(0.,1.),.PIECEWISE_BEZIER_KNOTS.);
#315=B_SPLINE_CURVE_WITH_KNOTS('',2,(#12196,#12197,#12198),
 .UNSPECIFIED.,.F.,.F.,(3,3),(0.,1.),.PIECEWISE_BEZIER_KNOTS.);
#316=B_SPLINE_CURVE_WITH_KNOTS('',2,(#12200,#12201,#12202),
 .UNSPECIFIED.,.F.,.F.,(3,3),(0.,1.),.PIECEWISE_BEZIER_KNOTS.);
#317=B_SPLINE_CURVE_WITH_KNOTS('',2,(#12204,#12205,#12206),
 .UNSPECIFIED.,.F.,.F.,(3,3),(0.,1.),.PIECEWISE_BEZIER_KNOTS.);
#318=B_SPLINE_CURVE_WITH_KNOTS('',3,(#12254,#12255,#12256,#12257),
 .UNSPECIFIED.,.F.,.F.,(4,4),(0.,1.),.UNSPECIFIED.);
#319=B_SPLINE_CURVE_WITH_KNOTS('',3,(#12261,#12262,#12263,#12264),
 .UNSPECIFIED.,.F.,.F.,(4,4),(0.,0.999999999721102),.UNSPECIFIED.);
#320=B_SPLINE_CURVE_WITH_KNOTS('',3,(#12268,#12269,#12270,#12271),
 .UNSPECIFIED.,.F.,.F.,(4,4),(0.,0.99999999943977),.UNSPECIFIED.);
#321=B_SPLINE_CURVE_WITH_KNOTS('',3,(#12273,#12274,#12275,#12276),
 .UNSPECIFIED.,.F.,.F.,(4,4),(1.41242399021785E-9,0.999999998587576),
 .UNSPECIFIED.);
#322=B_SPLINE_CURVE_WITH_KNOTS('',3,(#12278,#12279,#12280,#12281),
 .UNSPECIFIED.,.F.,.F.,(4,4),(5.05398668895751E-9,0.999999994967696),
 .UNSPECIFIED.);
#323=B_SPLINE_CURVE_WITH_KNOTS('',3,(#12283,#12284,#12285,#12286),
 .UNSPECIFIED.,.F.,.F.,(4,4),(4.40346249706235E-9,0.999999995577691),
 .UNSPECIFIED.);
#324=B_SPLINE_CURVE_WITH_KNOTS('',3,(#12288,#12289,#12290,#12291),
 .UNSPECIFIED.,.F.,.F.,(4,4),(4.14102516241848E-9,0.999999995876739),
 .UNSPECIFIED.);
#325=B_SPLINE_CURVE_WITH_KNOTS('',3,(#12293,#12294,#12295,#12296),
 .UNSPECIFIED.,.F.,.F.,(4,4),(4.40346291623117E-9,0.999999995577693),
 .UNSPECIFIED.);
#326=B_SPLINE_CURVE_WITH_KNOTS('',3,(#12298,#12299,#12300,#12301),
 .UNSPECIFIED.,.F.,.F.,(4,4),(7.43145238056575E-10,0.99999999962924),
 .UNSPECIFIED.);
#327=B_SPLINE_CURVE_WITH_KNOTS('',3,(#12313,#12314,#12315,#12316),
 .UNSPECIFIED.,.F.,.F.,(4,4),(2.13967094816239E-9,0.999999997567801),
 .UNSPECIFIED.);
#328=B_SPLINE_CURVE_WITH_KNOTS('',3,(#12318,#12319,#12320,#12321),
 .UNSPECIFIED.,.F.,.F.,(4,4),(3.2017108948586E-9,1.),.UNSPECIFIED.);
#329=B_SPLINE_CURVE_WITH_KNOTS('',3,(#12323,#12324,#12325,#12326),
 .UNSPECIFIED.,.F.,.F.,(4,4),(0.,0.999999996025343),.UNSPECIFIED.);
#330=B_SPLINE_CURVE_WITH_KNOTS('',3,(#12328,#12329,#12330,#12331),
 .UNSPECIFIED.,.F.,.F.,(4,4),(2.63125358582051E-9,0.999999998193183),
 .UNSPECIFIED.);
#331=B_SPLINE_CURVE_WITH_KNOTS('',3,(#12341,#12342,#12343,#12344),
 .UNSPECIFIED.,.F.,.F.,(4,4),(0.,1.3518652637546),.UNSPECIFIED.);
#332=B_SPLINE_CURVE_WITH_KNOTS('',3,(#12349,#12350,#12351,#12352),
 .UNSPECIFIED.,.F.,.F.,(4,4),(1.42317684923252E-9,0.999999998576822),
 .UNSPECIFIED.);
#333=B_SPLINE_CURVE_WITH_KNOTS('',3,(#12355,#12356,#12357,#12358),
 .UNSPECIFIED.,.F.,.F.,(4,4),(3.90124252997327E-9,0.999999996098763),
 .UNSPECIFIED.);
#334=B_SPLINE_CURVE_WITH_KNOTS('',3,(#12360,#12361,#12362,#12363),
 .UNSPECIFIED.,.F.,.F.,(4,4),(4.30934825933025E-9,0.999999995709145),
 .UNSPECIFIED.);
#335=B_SPLINE_CURVE_WITH_KNOTS('',3,(#12365,#12366,#12367,#12368),
 .UNSPECIFIED.,.F.,.F.,(4,4),(4.40346218865616E-9,0.999999995577694),
 .UNSPECIFIED.);
#336=B_SPLINE_CURVE_WITH_KNOTS('',3,(#12370,#12371,#12372,#12373),
 .UNSPECIFIED.,.F.,.F.,(4,4),(3.99359555582263E-9,0.99999999600641),
 .UNSPECIFIED.);
#337=B_SPLINE_CURVE_WITH_KNOTS('',3,(#12375,#12376,#12377,#12378),
 .UNSPECIFIED.,.F.,.F.,(4,4),(4.42231074674648E-9,0.999999995596664),
 .UNSPECIFIED.);
#338=B_SPLINE_CURVE_WITH_KNOTS('',3,(#12380,#12381,#12382,#12383),
 .UNSPECIFIED.,.F.,.F.,(4,4),(4.5220033049646E-9,0.999999995458645),
 .UNSPECIFIED.);
#339=B_SPLINE_CURVE_WITH_KNOTS('',3,(#12385,#12386,#12387,#12388),
 .UNSPECIFIED.,.F.,.F.,(4,4),(3.901238037047E-9,0.999999996098759),
 .UNSPECIFIED.);
#340=B_SPLINE_CURVE_WITH_KNOTS('',2,(#12392,#12393,#12394),
 .UNSPECIFIED.,.F.,.F.,(3,3),(0.,1.),.PIECEWISE_BEZIER_KNOTS.);
#341=B_SPLINE_CURVE_WITH_KNOTS('',2,(#12396,#12397,#12398),
 .UNSPECIFIED.,.F.,.F.,(3,3),(0.,1.),.PIECEWISE_BEZIER_KNOTS.);
#342=B_SPLINE_CURVE_WITH_KNOTS('',2,(#12400,#12401,#12402),
 .UNSPECIFIED.,.F.,.F.,(3,3),(0.,1.),.PIECEWISE_BEZIER_KNOTS.);
#343=B_SPLINE_CURVE_WITH_KNOTS('',2,(#12404,#12405,#12406),
 .UNSPECIFIED.,.F.,.F.,(3,3),(0.,1.),.PIECEWISE_BEZIER_KNOTS.);
#344=B_SPLINE_CURVE_WITH_KNOTS('',2,(#12561,#12562,#12563),
 .UNSPECIFIED.,.F.,.F.,(3,3),(0.,1.),.PIECEWISE_BEZIER_KNOTS.);
#345=B_SPLINE_CURVE_WITH_KNOTS('',2,(#12565,#12566,#12567),
 .UNSPECIFIED.,.F.,.F.,(3,3),(0.,1.),.PIECEWISE_BEZIER_KNOTS.);
#346=B_SPLINE_CURVE_WITH_KNOTS('',2,(#12571,#12572,#12573),
 .UNSPECIFIED.,.F.,.F.,(3,3),(0.,1.),.PIECEWISE_BEZIER_KNOTS.);
#347=B_SPLINE_CURVE_WITH_KNOTS('',2,(#12575,#12576,#12577),
 .UNSPECIFIED.,.F.,.F.,(3,3),(0.,1.),.PIECEWISE_BEZIER_KNOTS.);
#348=B_SPLINE_CURVE_WITH_KNOTS('',2,(#12605,#12606,#12607),
 .UNSPECIFIED.,.F.,.F.,(3,3),(0.,1.),.PIECEWISE_BEZIER_KNOTS.);
#349=B_SPLINE_CURVE_WITH_KNOTS('',2,(#12619,#12620,#12621),
 .UNSPECIFIED.,.F.,.F.,(3,3),(0.,1.),.PIECEWISE_BEZIER_KNOTS.);
#350=B_SPLINE_CURVE_WITH_KNOTS('',2,(#12663,#12664,#12665),
 .UNSPECIFIED.,.F.,.F.,(3,3),(0.,1.),.PIECEWISE_BEZIER_KNOTS.);
#351=B_SPLINE_CURVE_WITH_KNOTS('',2,(#12671,#12672,#12673),
 .UNSPECIFIED.,.F.,.F.,(3,3),(0.,1.),.PIECEWISE_BEZIER_KNOTS.);
#352=B_SPLINE_CURVE_WITH_KNOTS('',2,(#12675,#12676,#12677),
 .UNSPECIFIED.,.F.,.F.,(3,3),(0.,1.),.PIECEWISE_BEZIER_KNOTS.);
#353=B_SPLINE_CURVE_WITH_KNOTS('',2,(#12679,#12680,#12681),
 .UNSPECIFIED.,.F.,.F.,(3,3),(0.,1.),.PIECEWISE_BEZIER_KNOTS.);
#354=B_SPLINE_CURVE_WITH_KNOTS('',2,(#12683,#12684,#12685),
 .UNSPECIFIED.,.F.,.F.,(3,3),(0.,1.),.PIECEWISE_BEZIER_KNOTS.);
#355=B_SPLINE_CURVE_WITH_KNOTS('',2,(#12687,#12688,#12689),
 .UNSPECIFIED.,.F.,.F.,(3,3),(0.,1.),.PIECEWISE_BEZIER_KNOTS.);
#356=B_SPLINE_CURVE_WITH_KNOTS('',2,(#12705,#12706,#12707),
 .UNSPECIFIED.,.F.,.F.,(3,3),(0.,1.),.PIECEWISE_BEZIER_KNOTS.);
#357=B_SPLINE_CURVE_WITH_KNOTS('',2,(#12711,#12712,#12713),
 .UNSPECIFIED.,.F.,.F.,(3,3),(0.,1.),.PIECEWISE_BEZIER_KNOTS.);
#358=B_SPLINE_CURVE_WITH_KNOTS('',2,(#12715,#12716,#12717),
 .UNSPECIFIED.,.F.,.F.,(3,3),(0.,1.),.PIECEWISE_BEZIER_KNOTS.);
#359=B_SPLINE_CURVE_WITH_KNOTS('',2,(#12719,#12720,#12721),
 .UNSPECIFIED.,.F.,.F.,(3,3),(0.,1.),.PIECEWISE_BEZIER_KNOTS.);
#360=B_SPLINE_CURVE_WITH_KNOTS('',2,(#12723,#12724,#12725),
 .UNSPECIFIED.,.F.,.F.,(3,3),(0.,1.),.PIECEWISE_BEZIER_KNOTS.);
#361=B_SPLINE_CURVE_WITH_KNOTS('',2,(#12727,#12728,#12729),
 .UNSPECIFIED.,.F.,.F.,(3,3),(0.,1.),.PIECEWISE_BEZIER_KNOTS.);
#362=B_SPLINE_CURVE_WITH_KNOTS('',2,(#12731,#12732,#12733),
 .UNSPECIFIED.,.F.,.F.,(3,3),(0.,1.),.PIECEWISE_BEZIER_KNOTS.);
#363=B_SPLINE_CURVE_WITH_KNOTS('',2,(#12737,#12738,#12739),
 .UNSPECIFIED.,.F.,.F.,(3,3),(0.,1.),.PIECEWISE_BEZIER_KNOTS.);
#364=B_SPLINE_CURVE_WITH_KNOTS('',2,(#12753,#12754,#12755),
 .UNSPECIFIED.,.F.,.F.,(3,3),(0.,1.),.PIECEWISE_BEZIER_KNOTS.);
#365=B_SPLINE_CURVE_WITH_KNOTS('',2,(#12757,#12758,#12759),
 .UNSPECIFIED.,.F.,.F.,(3,3),(0.,1.),.PIECEWISE_BEZIER_KNOTS.);
#366=B_SPLINE_CURVE_WITH_KNOTS('',2,(#12761,#12762,#12763),
 .UNSPECIFIED.,.F.,.F.,(3,3),(0.,1.),.PIECEWISE_BEZIER_KNOTS.);
#367=B_SPLINE_CURVE_WITH_KNOTS('',2,(#12765,#12766,#12767),
 .UNSPECIFIED.,.F.,.F.,(3,3),(0.,1.),.PIECEWISE_BEZIER_KNOTS.);
#368=B_SPLINE_CURVE_WITH_KNOTS('',2,(#12769,#12770,#12771),
 .UNSPECIFIED.,.F.,.F.,(3,3),(0.,1.),.PIECEWISE_BEZIER_KNOTS.);
#369=B_SPLINE_CURVE_WITH_KNOTS('',2,(#12773,#12774,#12775),
 .UNSPECIFIED.,.F.,.F.,(3,3),(0.,1.),.PIECEWISE_BEZIER_KNOTS.);
#370=B_SPLINE_CURVE_WITH_KNOTS('',2,(#12781,#12782,#12783),
 .UNSPECIFIED.,.F.,.F.,(3,3),(0.,1.),.PIECEWISE_BEZIER_KNOTS.);
#371=B_SPLINE_CURVE_WITH_KNOTS('',2,(#12785,#12786,#12787),
 .UNSPECIFIED.,.F.,.F.,(3,3),(0.,1.),.PIECEWISE_BEZIER_KNOTS.);
#372=B_SPLINE_CURVE_WITH_KNOTS('',2,(#12789,#12790,#12791),
 .UNSPECIFIED.,.F.,.F.,(3,3),(0.,1.),.PIECEWISE_BEZIER_KNOTS.);
#373=B_SPLINE_CURVE_WITH_KNOTS('',2,(#12793,#12794,#12795),
 .UNSPECIFIED.,.F.,.F.,(3,3),(0.,1.),.PIECEWISE_BEZIER_KNOTS.);
#374=B_SPLINE_CURVE_WITH_KNOTS('',2,(#12797,#12798,#12799),
 .UNSPECIFIED.,.F.,.F.,(3,3),(0.,1.),.PIECEWISE_BEZIER_KNOTS.);
#375=B_SPLINE_CURVE_WITH_KNOTS('',2,(#12801,#12802,#12803),
 .UNSPECIFIED.,.F.,.F.,(3,3),(0.,1.),.PIECEWISE_BEZIER_KNOTS.);
#376=B_SPLINE_CURVE_WITH_KNOTS('',2,(#12805,#12806,#12807),
 .UNSPECIFIED.,.F.,.F.,(3,3),(0.,1.),.PIECEWISE_BEZIER_KNOTS.);
#377=B_SPLINE_CURVE_WITH_KNOTS('',2,(#12821,#12822,#12823),
 .UNSPECIFIED.,.F.,.F.,(3,3),(0.,1.),.PIECEWISE_BEZIER_KNOTS.);
#378=B_SPLINE_CURVE_WITH_KNOTS('',2,(#12825,#12826,#12827),
 .UNSPECIFIED.,.F.,.F.,(3,3),(0.,1.),.PIECEWISE_BEZIER_KNOTS.);
#379=B_SPLINE_CURVE_WITH_KNOTS('',2,(#12835,#12836,#12837),
 .UNSPECIFIED.,.F.,.F.,(3,3),(0.,1.),.PIECEWISE_BEZIER_KNOTS.);
#380=B_SPLINE_CURVE_WITH_KNOTS('',3,(#12860,#12861,#12862,#12863),
 .UNSPECIFIED.,.F.,.F.,(4,4),(3.30947604506209E-9,0.999999996690528),
 .UNSPECIFIED.);
#381=B_SPLINE_CURVE_WITH_KNOTS('',3,(#12872,#12873,#12874,#12875),
 .UNSPECIFIED.,.F.,.F.,(4,4),(3.39856539575747E-9,0.999999996601336),
 .UNSPECIFIED.);
#382=B_SPLINE_CURVE_WITH_KNOTS('',3,(#12881,#12882,#12883,#12884),
 .UNSPECIFIED.,.F.,.F.,(4,4),(3.14092179219184E-9,0.999999996859086),
 .UNSPECIFIED.);
#383=B_SPLINE_CURVE_WITH_KNOTS('',3,(#12890,#12891,#12892,#12893),
 .UNSPECIFIED.,.F.,.F.,(4,4),(3.22104842612179E-9,0.999999996778952),
 .UNSPECIFIED.);
#384=B_SPLINE_CURVE_WITH_KNOTS('',3,(#12904,#12905,#12906,#12907,#12908,
#12909),.UNSPECIFIED.,.F.,.F.,(4,1,1,4),(0.,0.150470225952959,0.225705338929438,
0.300940451905917),.UNSPECIFIED.);
#385=B_SPLINE_CURVE_WITH_KNOTS('',3,(#12910,#12911,#12912,#12913,#12914,
#12915),.UNSPECIFIED.,.F.,.F.,(4,1,1,4),(0.,0.0738294653544723,0.147658930708945,
0.295317861417889),.UNSPECIFIED.);
#386=B_SPLINE_CURVE_WITH_KNOTS('',3,(#12919,#12920,#12921,#12922),
 .UNSPECIFIED.,.F.,.F.,(4,4),(3.14088588527348E-9,0.999999999906211),
 .UNSPECIFIED.);
#387=B_SPLINE_CURVE_WITH_KNOTS('',3,(#12931,#12932,#12933,#12934),
 .UNSPECIFIED.,.F.,.F.,(4,4),(3.78219495638243E-9,0.999999996217802),
 .UNSPECIFIED.);
#388=B_SPLINE_CURVE_WITH_KNOTS('',3,(#12943,#12944,#12945,#12946),
 .UNSPECIFIED.,.F.,.F.,(4,4),(3.30946936715659E-9,0.999999996690429),
 .UNSPECIFIED.);
#389=B_SPLINE_CURVE_WITH_KNOTS('',3,(#12952,#12953,#12954,#12955),
 .UNSPECIFIED.,.F.,.F.,(4,4),(3.09897565751659E-9,0.999999996901027),
 .UNSPECIFIED.);
#390=B_SPLINE_CURVE_WITH_KNOTS('',3,(#12961,#12962,#12963,#12964),
 .UNSPECIFIED.,.F.,.F.,(4,4),(1.08467962330776E-9,0.99999999891532),
 .UNSPECIFIED.);
#391=B_SPLINE_CURVE_WITH_KNOTS('',3,(#12970,#12971,#12972,#12973,#12974),
 .UNSPECIFIED.,.F.,.F.,(4,1,4),(0.,0.5,1.),.UNSPECIFIED.);
#392=B_SPLINE_CURVE_WITH_KNOTS('',3,(#12977,#12978,#12979,#12980,#12981),
 .UNSPECIFIED.,.F.,.F.,(4,1,4),(0.,0.5,1.),.UNSPECIFIED.);
#393=B_SPLINE_CURVE_WITH_KNOTS('',3,(#12983,#12984,#12985,#12986),
 .UNSPECIFIED.,.F.,.F.,(4,4),(0.,1.),.UNSPECIFIED.);
#394=B_SPLINE_CURVE_WITH_KNOTS('',3,(#12990,#12991,#12992,#12993),
 .UNSPECIFIED.,.F.,.F.,(4,4),(0.,1.),.UNSPECIFIED.);
#395=B_SPLINE_CURVE_WITH_KNOTS('',3,(#12995,#12996,#12997,#12998,#12999,
#13000,#13001),.UNSPECIFIED.,.F.,.F.,(4,1,1,1,4),(0.,0.25,0.5,0.75,1.),
 .UNSPECIFIED.);
#396=B_SPLINE_CURVE_WITH_KNOTS('',3,(#13004,#13005,#13006,#13007),
 .UNSPECIFIED.,.F.,.F.,(4,4),(0.,1.),.UNSPECIFIED.);
#397=B_SPLINE_CURVE_WITH_KNOTS('',3,(#13011,#13012,#13013,#13014),
 .UNSPECIFIED.,.F.,.F.,(4,4),(0.,1.),.UNSPECIFIED.);
#398=B_SPLINE_CURVE_WITH_KNOTS('',3,(#13019,#13020,#13021,#13022),
 .UNSPECIFIED.,.F.,.F.,(4,4),(0.,0.999999999171695),.UNSPECIFIED.);
#399=B_SPLINE_CURVE_WITH_KNOTS('',3,(#13036,#13037,#13038,#13039,#13040,
#13041),.UNSPECIFIED.,.F.,.F.,(4,1,1,4),(-0.300940451905917,-0.225705338929438,
-0.150470225952959,0.),.UNSPECIFIED.);
#400=B_SPLINE_CURVE_WITH_KNOTS('',3,(#13043,#13044,#13045,#13046),
 .UNSPECIFIED.,.F.,.F.,(4,4),(3.30947386233707E-9,0.999999996690432),
 .UNSPECIFIED.);
#401=B_SPLINE_CURVE_WITH_KNOTS('',3,(#13055,#13056,#13057,#13058),
 .UNSPECIFIED.,.F.,.F.,(4,4),(0.,0.999999999440102),.UNSPECIFIED.);
#402=B_SPLINE_CURVE_WITH_KNOTS('',3,(#13072,#13073,#13074,#13075,#13076,
#13077,#13078,#13079,#13080,#13081),.UNSPECIFIED.,.F.,.F.,(4,1,1,1,1,1,
1,4),(0.,0.25,0.375,0.5,0.625,0.75,0.875,1.),.UNSPECIFIED.);
#403=B_SPLINE_CURVE_WITH_KNOTS('',3,(#13082,#13083,#13084,#13085,#13086,
#13087,#13088,#13089,#13090),.UNSPECIFIED.,.F.,.F.,(4,1,1,1,1,1,4),(0.,
0.125,0.25,0.375,0.5,0.75,1.),.UNSPECIFIED.);
#404=B_SPLINE_CURVE_WITH_KNOTS('',3,(#13103,#13104,#13105,#13106,#13107,
#13108),.UNSPECIFIED.,.F.,.F.,(4,1,1,4),(-0.300940451906618,-0.225705338929964,
-0.150470225953309,0.),.UNSPECIFIED.);
#405=B_SPLINE_CURVE_WITH_KNOTS('',3,(#13109,#13110,#13111,#13112,#13113,
#13114,#13115,#13116),.UNSPECIFIED.,.F.,.F.,(4,1,1,1,1,4),(0.,0.125,0.25,
0.375,0.5,1.),.UNSPECIFIED.);
#406=B_SPLINE_CURVE_WITH_KNOTS('',3,(#13141,#13142,#13143,#13144,#13145,
#13146,#13147,#13148,#13149),.UNSPECIFIED.,.F.,.F.,(4,1,1,1,1,1,4),(0.,
0.125,0.25,0.375,0.5,0.75,1.),.UNSPECIFIED.);
#407=B_SPLINE_CURVE_WITH_KNOTS('',3,(#13150,#13151,#13152,#13153,#13154,
#13155,#13156,#13157,#13158,#13159),.UNSPECIFIED.,.F.,.F.,(4,1,1,1,1,1,
1,4),(0.,0.25,0.375,0.5,0.625,0.75,0.875,1.),.UNSPECIFIED.);
#408=B_SPLINE_CURVE_WITH_KNOTS('',3,(#13172,#13173,#13174,#13175,#13176,
#13177,#13178,#13179,#13180,#13181),.UNSPECIFIED.,.F.,.F.,(4,1,1,1,1,1,
1,4),(0.,0.25,0.375,0.5,0.625,0.75,0.875,1.),.UNSPECIFIED.);
#409=B_SPLINE_CURVE_WITH_KNOTS('',3,(#13195,#13196,#13197,#13198),
 .UNSPECIFIED.,.F.,.F.,(4,4),(1.09315530064789E-9,0.999999998906844),
 .UNSPECIFIED.);
#410=B_SPLINE_CURVE_WITH_KNOTS('',3,(#13204,#13205,#13206,#13207),
 .UNSPECIFIED.,.F.,.F.,(4,4),(3.14090798183856E-9,0.999999996859082),
 .UNSPECIFIED.);
#411=B_SPLINE_CURVE_WITH_KNOTS('',3,(#13213,#13214,#13215,#13216),
 .UNSPECIFIED.,.F.,.F.,(4,4),(3.22493901578687E-9,0.999999996775064),
 .UNSPECIFIED.);
#412=B_SPLINE_CURVE_WITH_KNOTS('',3,(#13222,#13223,#13224,#13225),
 .UNSPECIFIED.,.F.,.F.,(4,4),(3.30947386233707E-9,0.999999996690433),
 .UNSPECIFIED.);
#413=B_SPLINE_CURVE_WITH_KNOTS('',3,(#13239,#13240,#13241,#13242,#13243,
#13244,#13245,#13246,#13247,#13248),.UNSPECIFIED.,.F.,.F.,(4,1,1,1,1,1,
1,4),(0.,0.25,0.375,0.5,0.625,0.75,0.875,1.),.UNSPECIFIED.);
#414=B_SPLINE_CURVE_WITH_KNOTS('',3,(#13249,#13250,#13251,#13252,#13253,
#13254,#13255,#13256),.UNSPECIFIED.,.F.,.F.,(4,1,1,1,1,4),(0.,0.125,0.25,
0.375,0.5,1.),.UNSPECIFIED.);
#415=B_SPLINE_CURVE_WITH_KNOTS('',3,(#13269,#13270,#13271,#13272,#13273,
#13274,#13275,#13276,#13277,#13278),.UNSPECIFIED.,.F.,.F.,(4,1,1,1,1,1,
1,4),(0.,0.25,0.375,0.5,0.625,0.75,0.875,1.),.UNSPECIFIED.);
#416=B_SPLINE_CURVE_WITH_KNOTS('',3,(#13291,#13292,#13293,#13294,#13295,
#13296,#13297,#13298,#13299,#13300),.UNSPECIFIED.,.F.,.F.,(4,1,1,1,1,1,
1,4),(0.,0.25,0.375,0.5,0.625,0.75,0.875,1.),.UNSPECIFIED.);
#417=B_SPLINE_CURVE_WITH_KNOTS('',3,(#13313,#13314,#13315,#13316,#13317,
#13318,#13319,#13320,#13321,#13322),.UNSPECIFIED.,.F.,.F.,(4,1,1,1,1,1,
1,4),(0.,0.25,0.375,0.5,0.625,0.75,0.875,1.),.UNSPECIFIED.);
#418=B_SPLINE_CURVE_WITH_KNOTS('',3,(#13335,#13336,#13337,#13338,#13339,
#13340,#13341,#13342,#13343,#13344),.UNSPECIFIED.,.F.,.F.,(4,1,1,1,1,1,
1,4),(0.,0.25,0.375,0.5,0.625,0.75,0.875,1.),.UNSPECIFIED.);
#419=B_SPLINE_CURVE_WITH_KNOTS('',3,(#13357,#13358,#13359,#13360,#13361,
#13362,#13363,#13364,#13365,#13366),.UNSPECIFIED.,.F.,.F.,(4,1,1,1,1,1,
1,4),(0.,0.25,0.375,0.5,0.625,0.75,0.875,1.),.UNSPECIFIED.);
#420=B_SPLINE_CURVE_WITH_KNOTS('',3,(#13379,#13380,#13381,#13382,#13383,
#13384,#13385,#13386,#13387,#13388),.UNSPECIFIED.,.F.,.F.,(4,1,1,1,1,1,
1,4),(0.,0.25,0.375,0.5,0.625,0.75,0.875,1.),.UNSPECIFIED.);
#421=B_SPLINE_CURVE_WITH_KNOTS('',3,(#13405,#13406,#13407,#13408),
 .UNSPECIFIED.,.F.,.F.,(4,4),(0.,1.),.UNSPECIFIED.);
#422=B_SPLINE_CURVE_WITH_KNOTS('',3,(#13417,#13418,#13419,#13420,#13421),
 .UNSPECIFIED.,.F.,.F.,(4,1,4),(0.,45.,90.),.UNSPECIFIED.);
#423=B_SPLINE_CURVE_WITH_KNOTS('',3,(#13422,#13423,#13424,#13425,#13426),
 .UNSPECIFIED.,.F.,.F.,(4,1,4),(270.,315.,360.),.UNSPECIFIED.);
#424=B_SPLINE_CURVE_WITH_KNOTS('',3,(#13434,#13435,#13436,#13437,#13438),
 .UNSPECIFIED.,.F.,.F.,(4,1,4),(0.,45.,90.),.UNSPECIFIED.);
#425=B_SPLINE_CURVE_WITH_KNOTS('',3,(#13440,#13441,#13442,#13443,#13444),
 .UNSPECIFIED.,.F.,.F.,(4,1,4),(0.,0.5,1.),.UNSPECIFIED.);
#426=B_SPLINE_CURVE_WITH_KNOTS('',3,(#13446,#13447,#13448,#13449,#13450),
 .UNSPECIFIED.,.F.,.F.,(4,1,4),(0.,0.5,1.),.UNSPECIFIED.);
#427=B_SPLINE_CURVE_WITH_KNOTS('',3,(#13453,#13454,#13455,#13456,#13457,
#13458,#13459),.UNSPECIFIED.,.F.,.F.,(4,1,1,1,4),(0.,0.25,0.5,0.75,1.),
 .UNSPECIFIED.);
#428=B_SPLINE_CURVE_WITH_KNOTS('',3,(#13462,#13463,#13464,#13465),
 .UNSPECIFIED.,.F.,.F.,(4,4),(0.,1.),.UNSPECIFIED.);
#429=B_SPLINE_CURVE_WITH_KNOTS('',3,(#13474,#13475,#13476,#13477),
 .UNSPECIFIED.,.F.,.F.,(4,4),(1.81828082890758E-9,1.),.UNSPECIFIED.);
#430=B_SPLINE_CURVE_WITH_KNOTS('',3,(#13479,#13480,#13481,#13482),
 .UNSPECIFIED.,.F.,.F.,(4,4),(-0.0731836791097797,0.0731836791097793),
 .UNSPECIFIED.);
#431=B_SPLINE_CURVE_WITH_KNOTS('',3,(#13484,#13485,#13486,#13487),
 .UNSPECIFIED.,.F.,.F.,(4,4),(0.,1.),.UNSPECIFIED.);
#432=B_SPLINE_CURVE_WITH_KNOTS('',3,(#13491,#13492,#13493,#13494),
 .UNSPECIFIED.,.F.,.F.,(4,4),(0.0240463952816667,0.0302434942448419),
 .UNSPECIFIED.);
#433=B_SPLINE_CURVE_WITH_KNOTS('',3,(#13512,#13513,#13514,#13515),
 .UNSPECIFIED.,.F.,.F.,(4,4),(0.,1.),.UNSPECIFIED.);
#434=B_SPLINE_CURVE_WITH_KNOTS('',3,(#13517,#13518,#13519,#13520),
 .UNSPECIFIED.,.F.,.F.,(4,4),(2.47702776925041E-9,1.3645669291339),
 .UNSPECIFIED.);
#435=B_SPLINE_CURVE_WITH_KNOTS('',3,(#13522,#13523,#13524,#13525),
 .UNSPECIFIED.,.F.,.F.,(4,4),(0.,1.),.UNSPECIFIED.);
#436=B_SPLINE_CURVE_WITH_KNOTS('',3,(#13526,#13527,#13528,#13529,#13530,
#13531,#13532,#13533,#13534,#13535,#13536),.UNSPECIFIED.,.F.,.F.,(4,1,1,
1,1,1,1,1,4),(-3.43395593947845,-3.03273498670642,-2.63151403393439,-2.23029308116236,
-1.82907212839033,-1.4278511756183,-1.02663022284627,-0.625409270074238,
-0.224188317302208),.UNSPECIFIED.);
#437=B_SPLINE_CURVE_WITH_KNOTS('',3,(#13539,#13540,#13541,#13542),
 .UNSPECIFIED.,.F.,.F.,(4,4),(-0.224188317302208,0.),.UNSPECIFIED.);
#438=B_SPLINE_CURVE_WITH_KNOTS('',3,(#13543,#13544,#13545,#13546),
 .UNSPECIFIED.,.F.,.F.,(4,4),(-3.75173470936896,-3.5183189460837),
 .UNSPECIFIED.);
#439=B_SPLINE_CURVE_WITH_KNOTS('',3,(#13549,#13550,#13551,#13552,#13553,
#13554,#13555,#13556,#13557,#13558,#13559,#13560),.UNSPECIFIED.,.F.,.F.,
(4,1,1,1,1,1,1,1,1,4),(4.28752137402932E-12,0.00217605786835289,0.00435211573241825,
0.00870423146054898,0.0130563471886797,0.0174084629168104,0.0217605786449412,
0.0261126943730719,0.0304648101012026,0.0348169258293334),.UNSPECIFIED.);
#440=B_SPLINE_CURVE_WITH_KNOTS('',3,(#13594,#13595,#13596,#13597),
 .UNSPECIFIED.,.F.,.F.,(4,4),(-0.521386459352665,-0.4528078564809),
 .UNSPECIFIED.);
#441=B_SPLINE_CURVE_WITH_KNOTS('',3,(#13608,#13609,#13610,#13611),
 .UNSPECIFIED.,.F.,.F.,(4,4),(0.,38.6821874534896),.UNSPECIFIED.);
#442=B_SPLINE_CURVE_WITH_KNOTS('',3,(#13613,#13614,#13615,#13616),
 .UNSPECIFIED.,.F.,.F.,(4,4),(321.317812546518,360.),.UNSPECIFIED.);
#443=B_SPLINE_CURVE_WITH_KNOTS('',3,(#13618,#13619,#13620,#13621),
 .UNSPECIFIED.,.F.,.F.,(4,4),(5.89869754982739E-17,0.00152186002370863),
 .UNSPECIFIED.);
#444=B_SPLINE_CURVE_WITH_KNOTS('',3,(#13622,#13623,#13624,#13625),
 .UNSPECIFIED.,.F.,.F.,(4,4),(7.80625564189563E-17,0.000979150868839451),
 .UNSPECIFIED.);
#445=B_SPLINE_CURVE_WITH_KNOTS('',3,(#13627,#13628,#13629,#13630),
 .UNSPECIFIED.,.F.,.F.,(4,4),(0.,55.9344734598939),.UNSPECIFIED.);
#446=B_SPLINE_CURVE_WITH_KNOTS('',3,(#13635,#13636,#13637,#13638,#13639),
 .UNSPECIFIED.,.F.,.F.,(4,1,4),(270.,315.,360.),.UNSPECIFIED.);
#447=B_SPLINE_CURVE_WITH_KNOTS('',3,(#13640,#13641,#13642,#13643),
 .UNSPECIFIED.,.F.,.F.,(4,4),(0.855948360844142,0.928268636579707),
 .UNSPECIFIED.);
#448=B_SPLINE_CURVE_WITH_KNOTS('',3,(#13661,#13662,#13663,#13664),
 .UNSPECIFIED.,.F.,.F.,(4,4),(270.,337.975687162964),.UNSPECIFIED.);
#449=B_SPLINE_CURVE_WITH_KNOTS('',3,(#13670,#13671,#13672,#13673),
 .UNSPECIFIED.,.F.,.F.,(4,4),(3.88124067579918E-14,0.000132641980824352),
 .UNSPECIFIED.);
#450=B_SPLINE_CURVE_WITH_KNOTS('',3,(#13675,#13676,#13677,#13678,#13679,
#13680,#13681,#13682,#13683,#13684),.UNSPECIFIED.,.F.,.F.,(4,1,1,1,1,1,
1,4),(0.,0.000110394590594345,0.000220789181188691,0.000441578362377381,
0.000662367543566072,0.000883156724754762,0.00132473508713214,0.00176631344950952),
 .UNSPECIFIED.);
#451=B_SPLINE_CURVE_WITH_KNOTS('',3,(#13686,#13687,#13688,#13689),
 .UNSPECIFIED.,.F.,.F.,(4,4),(2.50198360786512,2.54396339201261),
 .UNSPECIFIED.);
#452=B_SPLINE_CURVE_WITH_KNOTS('',3,(#13700,#13701,#13702,#13703),
 .UNSPECIFIED.,.F.,.F.,(4,4),(2.76422921257672E-14,0.000148256132062669),
 .UNSPECIFIED.);
#453=B_SPLINE_CURVE_WITH_KNOTS('',3,(#13709,#13710,#13711,#13712,#13713,
#13714,#13715,#13716,#13717,#13718),.UNSPECIFIED.,.F.,.F.,(4,1,1,1,1,1,
1,4),(2.53889152239872E-14,0.000436501687783862,0.000873003375542335,0.00109125421942157,
0.00130950506330081,0.00152775590718004,0.00163688132911966,0.00174600675105928),
 .UNSPECIFIED.);
#454=B_SPLINE_CURVE_WITH_KNOTS('',3,(#13735,#13736,#13737,#13738),
 .UNSPECIFIED.,.F.,.F.,(4,4),(0.,22.7721770935991),.UNSPECIFIED.);
#455=B_SPLINE_CURVE_WITH_KNOTS('',3,(#13744,#13745,#13746,#13747,#13748),
 .UNSPECIFIED.,.F.,.F.,(4,1,4),(270.,315.,360.),.UNSPECIFIED.);
#456=B_SPLINE_CURVE_WITH_KNOTS('',3,(#13769,#13770,#13771,#13772,#13773),
 .UNSPECIFIED.,.F.,.F.,(4,1,4),(0.,45.,90.),.UNSPECIFIED.);
#457=B_SPLINE_CURVE_WITH_KNOTS('',3,(#13774,#13775,#13776,#13777,#13778),
 .UNSPECIFIED.,.F.,.F.,(4,1,4),(270.,315.,360.),.UNSPECIFIED.);
#458=B_SPLINE_CURVE_WITH_KNOTS('',3,(#13783,#13784,#13785,#13786,#13787),
 .UNSPECIFIED.,.F.,.F.,(4,1,4),(22.7721770935928,56.3860885467964,90.),
 .UNSPECIFIED.);
#459=B_SPLINE_CURVE_WITH_KNOTS('',3,(#13795,#13796,#13797,#13798,#13799),
 .UNSPECIFIED.,.F.,.F.,(4,1,4),(270.,315.,360.),.UNSPECIFIED.);
#460=B_SPLINE_CURVE_WITH_KNOTS('',3,(#13806,#13807,#13808,#13809),
 .UNSPECIFIED.,.F.,.F.,(4,4),(9.58161124943781E-11,0.999999997567942),
 .UNSPECIFIED.);
#461=B_SPLINE_CURVE_WITH_KNOTS('',3,(#13812,#13813,#13814,#13815),
 .UNSPECIFIED.,.F.,.F.,(4,4),(1.13451130268883E-8,0.999999992207855),
 .UNSPECIFIED.);
#462=B_SPLINE_CURVE_WITH_KNOTS('',3,(#13823,#13824,#13825,#13826),
 .UNSPECIFIED.,.F.,.F.,(4,4),(270.,310.7296588029),.UNSPECIFIED.);
#463=B_SPLINE_CURVE_WITH_KNOTS('',3,(#13827,#13828,#13829,#13830),
 .UNSPECIFIED.,.F.,.F.,(4,4),(1.98464152764013E-8,0.999999976917586),
 .UNSPECIFIED.);
#464=B_SPLINE_CURVE_WITH_KNOTS('',3,(#13832,#13833,#13834,#13835),
 .UNSPECIFIED.,.F.,.F.,(4,4),(3.2927305737057E-9,1.),.UNSPECIFIED.);
#465=B_SPLINE_CURVE_WITH_KNOTS('',3,(#13837,#13838,#13839,#13840),
 .UNSPECIFIED.,.F.,.F.,(4,4),(0.,0.999999996023289),.UNSPECIFIED.);
#466=B_SPLINE_CURVE_WITH_KNOTS('',3,(#13842,#13843,#13844,#13845,#13846,
#13847,#13848,#13849,#13850,#13851,#13852,#13853),.UNSPECIFIED.,.F.,.F.,
(4,1,1,1,1,1,1,1,1,4),(0.,1.18138561712677,2.36277123425353,2.95346404281692,
3.5441568513803,3.83950325566199,4.13484965994369,4.43019606422538,4.57786926636622,
4.72554246850707),.UNSPECIFIED.);
#467=B_SPLINE_CURVE_WITH_KNOTS('',3,(#13872,#13873,#13874,#13875),
 .UNSPECIFIED.,.F.,.F.,(4,4),(0.,0.256724365081397),.UNSPECIFIED.);
#468=B_SPLINE_CURVE_WITH_KNOTS('',3,(#13937,#13938,#13939,#13940,#13941),
 .UNSPECIFIED.,.F.,.F.,(4,1,4),(0.,45.,90.),.UNSPECIFIED.);
#469=B_SPLINE_CURVE_WITH_KNOTS('',3,(#13992,#13993,#13994,#13995,#13996),
 .UNSPECIFIED.,.F.,.F.,(4,1,4),(0.,0.5,1.),.UNSPECIFIED.);
#470=B_SPLINE_CURVE_WITH_KNOTS('',3,(#13998,#13999,#14000,#14001,#14002),
 .UNSPECIFIED.,.F.,.F.,(4,1,4),(0.,0.5,1.),.UNSPECIFIED.);
#471=B_SPLINE_CURVE_WITH_KNOTS('',3,(#14317,#14318,#14319,#14320),
 .UNSPECIFIED.,.F.,.F.,(4,4),(0.,1.),.UNSPECIFIED.);
#472=B_SPLINE_CURVE_WITH_KNOTS('',3,(#14323,#14324,#14325,#14326),
 .UNSPECIFIED.,.F.,.F.,(4,4),(6.21000162806981,6.35636898628937),
 .UNSPECIFIED.);
#473=B_SPLINE_CURVE_WITH_KNOTS('',3,(#14328,#14329,#14330,#14331),
 .UNSPECIFIED.,.F.,.F.,(4,4),(0.,0.999999997968011),.UNSPECIFIED.);
#474=B_SPLINE_CURVE_WITH_KNOTS('',3,(#14334,#14335,#14336,#14337),
 .UNSPECIFIED.,.F.,.F.,(4,4),(4.16945498529052E-9,0.999999690181985),
 .UNSPECIFIED.);
#475=B_SPLINE_CURVE_WITH_KNOTS('',3,(#14340,#14341,#14342,#14343),
 .UNSPECIFIED.,.F.,.F.,(4,4),(-0.250507449305157,-0.248569161742661),
 .UNSPECIFIED.);
#476=B_SPLINE_CURVE_WITH_KNOTS('',3,(#14346,#14347,#14348,#14349),
 .UNSPECIFIED.,.F.,.F.,(4,4),(0.,1.),.UNSPECIFIED.);
#477=B_SPLINE_CURVE_WITH_KNOTS('',3,(#14351,#14352,#14353,#14354),
 .UNSPECIFIED.,.F.,.F.,(4,4),(-0.00274678353710534,-1.47344600504061E-7),
 .UNSPECIFIED.);
#478=B_SPLINE_CURVE_WITH_KNOTS('',3,(#14356,#14357,#14358,#14359),
 .UNSPECIFIED.,.F.,.F.,(4,4),(0.,1.),.UNSPECIFIED.);
#479=B_SPLINE_CURVE_WITH_KNOTS('',3,(#14372,#14373,#14374,#14375,#14376,
#14377),.UNSPECIFIED.,.F.,.F.,(4,1,1,4),(0.,0.5,0.75,1.),.UNSPECIFIED.);
#480=B_SPLINE_CURVE_WITH_KNOTS('',3,(#14378,#14379,#14380,#14381,#14382,
#14383,#14384,#14385,#14386,#14387,#14388,#14389,#14390,#14391),
 .UNSPECIFIED.,.F.,.F.,(4,1,1,1,1,1,1,1,1,1,1,4),(0.,0.125,0.1875,0.21875,
0.25,0.28125,0.3125,0.375,0.5,0.625,0.75,1.),.UNSPECIFIED.);
#481=B_SPLINE_CURVE_WITH_KNOTS('',3,(#14416,#14417,#14418,#14419,#14420,
#14421),.UNSPECIFIED.,.F.,.F.,(4,1,1,4),(0.,0.25,0.5,1.),.UNSPECIFIED.);
#482=B_SPLINE_CURVE_WITH_KNOTS('',3,(#14434,#14435,#14436,#14437,#14438,
#14439,#14440,#14441,#14442,#14443),.UNSPECIFIED.,.F.,.F.,(4,1,1,1,1,1,
1,4),(0.,0.25,0.375,0.5,0.625,0.75,0.875,1.),.UNSPECIFIED.);
#483=B_SPLINE_CURVE_WITH_KNOTS('',3,(#14456,#14457,#14458,#14459,#14460,
#14461),.UNSPECIFIED.,.F.,.F.,(4,1,1,4),(0.,0.25,0.5,1.),.UNSPECIFIED.);
#484=B_SPLINE_CURVE_WITH_KNOTS('',3,(#14462,#14463,#14464,#14465,#14466,
#14467,#14468,#14469,#14470,#14471,#14472),.UNSPECIFIED.,.F.,.F.,(4,1,1,
1,1,1,1,1,4),(0.,0.25,0.5,0.625,0.6875,0.75,0.8125,0.875,1.),
 .UNSPECIFIED.);
#485=B_SPLINE_CURVE_WITH_KNOTS('',3,(#14485,#14486,#14487,#14488,#14489,
#14490,#14491,#14492,#14493,#14494,#14495,#14496),.UNSPECIFIED.,.F.,.F.,
(4,1,1,1,1,1,1,1,1,4),(0.,0.25,0.375,0.5,0.625,0.75,0.8125,0.875,0.9375,
1.),.UNSPECIFIED.);
#486=B_SPLINE_CURVE_WITH_KNOTS('',3,(#14521,#14522,#14523,#14524,#14525,
#14526),.UNSPECIFIED.,.F.,.F.,(4,1,1,4),(0.,0.5,0.75,1.),.UNSPECIFIED.);
#487=B_SPLINE_CURVE_WITH_KNOTS('',3,(#14539,#14540,#14541,#14542,#14543,
#14544,#14545,#14546,#14547,#14548),.UNSPECIFIED.,.F.,.F.,(4,1,1,1,1,1,
1,4),(0.,0.25,0.375,0.5,0.625,0.75,0.875,1.),.UNSPECIFIED.);
#488=B_SPLINE_CURVE_WITH_KNOTS('',3,(#14575,#14576,#14577,#14578,#14579,
#14580,#14581,#14582),.UNSPECIFIED.,.F.,.F.,(4,1,1,1,1,4),(0.,0.25,0.5,
0.625,0.75,1.),.UNSPECIFIED.);
#489=B_SPLINE_CURVE_WITH_KNOTS('',3,(#14606,#14607,#14608,#14609),
 .UNSPECIFIED.,.F.,.F.,(4,4),(4.21385708536396E-10,1.),.UNSPECIFIED.);
#490=B_SPLINE_CURVE_WITH_KNOTS('',3,(#14622,#14623,#14624,#14625,#14626,
#14627),.UNSPECIFIED.,.F.,.F.,(4,1,1,4),(-0.295317861415626,-0.147658930707813,
-0.0738294653539065,0.),.UNSPECIFIED.);
#491=B_SPLINE_CURVE_WITH_KNOTS('',3,(#14631,#14632,#14633,#14634),
 .UNSPECIFIED.,.F.,.F.,(4,4),(0.,0.999999999999999),.UNSPECIFIED.);
#492=B_SPLINE_CURVE_WITH_KNOTS('',3,(#14647,#14648,#14649,#14650,#14651,
#14652),.UNSPECIFIED.,.F.,.F.,(4,1,1,4),(-0.295317861417889,-0.147658930708945,
-0.0738294653544723,0.),.UNSPECIFIED.);
#493=B_SPLINE_CURVE_WITH_KNOTS('',2,(#14775,#14776,#14777),
 .UNSPECIFIED.,.F.,.F.,(3,3),(0.,1.),.PIECEWISE_BEZIER_KNOTS.);
#494=B_SPLINE_CURVE_WITH_KNOTS('',2,(#14782,#14783,#14784),
 .UNSPECIFIED.,.F.,.F.,(3,3),(0.,1.),.PIECEWISE_BEZIER_KNOTS.);
#495=B_SPLINE_CURVE_WITH_KNOTS('',2,(#14801,#14802,#14803),
 .UNSPECIFIED.,.F.,.F.,(3,3),(0.,1.),.PIECEWISE_BEZIER_KNOTS.);
#496=B_SPLINE_CURVE_WITH_KNOTS('',2,(#14807,#14808,#14809),
 .UNSPECIFIED.,.F.,.F.,(3,3),(0.,1.),.PIECEWISE_BEZIER_KNOTS.);
#497=B_SPLINE_CURVE_WITH_KNOTS('',2,(#14818,#14819,#14820),
 .UNSPECIFIED.,.F.,.F.,(3,3),(0.,1.),.PIECEWISE_BEZIER_KNOTS.);
#498=B_SPLINE_CURVE_WITH_KNOTS('',2,(#14824,#14825,#14826),
 .UNSPECIFIED.,.F.,.F.,(3,3),(0.,1.),.PIECEWISE_BEZIER_KNOTS.);
#499=B_SPLINE_CURVE_WITH_KNOTS('',2,(#14913,#14914,#14915),
 .UNSPECIFIED.,.F.,.F.,(3,3),(0.,1.),.PIECEWISE_BEZIER_KNOTS.);
#500=B_SPLINE_CURVE_WITH_KNOTS('',2,(#14926,#14927,#14928),
 .UNSPECIFIED.,.F.,.F.,(3,3),(0.,1.),.PIECEWISE_BEZIER_KNOTS.);
#501=B_SPLINE_CURVE_WITH_KNOTS('',2,(#14943,#14944,#14945),
 .UNSPECIFIED.,.F.,.F.,(3,3),(0.,1.),.PIECEWISE_BEZIER_KNOTS.);
#502=B_SPLINE_CURVE_WITH_KNOTS('',2,(#14956,#14957,#14958),
 .UNSPECIFIED.,.F.,.F.,(3,3),(0.,1.),.PIECEWISE_BEZIER_KNOTS.);
#503=B_SPLINE_CURVE_WITH_KNOTS('',2,(#14981,#14982,#14983),
 .UNSPECIFIED.,.F.,.F.,(3,3),(0.,1.),.PIECEWISE_BEZIER_KNOTS.);
#504=B_SPLINE_CURVE_WITH_KNOTS('',2,(#14984,#14985,#14986),
 .UNSPECIFIED.,.F.,.F.,(3,3),(0.,1.),.PIECEWISE_BEZIER_KNOTS.);
#505=B_SPLINE_CURVE_WITH_KNOTS('',2,(#15068,#15069,#15070),
 .UNSPECIFIED.,.F.,.F.,(3,3),(0.,1.),.PIECEWISE_BEZIER_KNOTS.);
#506=B_SPLINE_CURVE_WITH_KNOTS('',2,(#15101,#15102,#15103),
 .UNSPECIFIED.,.F.,.F.,(3,3),(0.,1.),.PIECEWISE_BEZIER_KNOTS.);
#507=B_SPLINE_CURVE_WITH_KNOTS('',2,(#15131,#15132,#15133),
 .UNSPECIFIED.,.F.,.F.,(3,3),(0.,1.),.PIECEWISE_BEZIER_KNOTS.);
#508=B_SPLINE_CURVE_WITH_KNOTS('',2,(#15148,#15149,#15150),
 .UNSPECIFIED.,.F.,.F.,(3,3),(0.,1.),.PIECEWISE_BEZIER_KNOTS.);
#509=B_SPLINE_CURVE_WITH_KNOTS('',2,(#15161,#15162,#15163),
 .UNSPECIFIED.,.F.,.F.,(3,3),(0.,1.),.PIECEWISE_BEZIER_KNOTS.);
#510=B_SPLINE_CURVE_WITH_KNOTS('',2,(#15174,#15175,#15176),
 .UNSPECIFIED.,.F.,.F.,(3,3),(0.,1.),.PIECEWISE_BEZIER_KNOTS.);
#511=B_SPLINE_CURVE_WITH_KNOTS('',2,(#15187,#15188,#15189),
 .UNSPECIFIED.,.F.,.F.,(3,3),(0.,1.),.PIECEWISE_BEZIER_KNOTS.);
#512=B_SPLINE_CURVE_WITH_KNOTS('',2,(#15200,#15201,#15202),
 .UNSPECIFIED.,.F.,.F.,(3,3),(0.,1.),.PIECEWISE_BEZIER_KNOTS.);
#513=B_SPLINE_CURVE_WITH_KNOTS('',2,(#15213,#15214,#15215),
 .UNSPECIFIED.,.F.,.F.,(3,3),(0.,1.),.PIECEWISE_BEZIER_KNOTS.);
#514=B_SPLINE_CURVE_WITH_KNOTS('',2,(#15230,#15231,#15232),
 .UNSPECIFIED.,.F.,.F.,(3,3),(0.,1.),.PIECEWISE_BEZIER_KNOTS.);
#515=B_SPLINE_CURVE_WITH_KNOTS('',2,(#15271,#15272,#15273),
 .UNSPECIFIED.,.F.,.F.,(3,3),(0.,1.),.PIECEWISE_BEZIER_KNOTS.);
#516=B_SPLINE_CURVE_WITH_KNOTS('',2,(#15284,#15285,#15286),
 .UNSPECIFIED.,.F.,.F.,(3,3),(0.,1.),.PIECEWISE_BEZIER_KNOTS.);
#517=B_SPLINE_CURVE_WITH_KNOTS('',2,(#15297,#15298,#15299),
 .UNSPECIFIED.,.F.,.F.,(3,3),(0.,1.),.PIECEWISE_BEZIER_KNOTS.);
#518=B_SPLINE_CURVE_WITH_KNOTS('',2,(#15310,#15311,#15312),
 .UNSPECIFIED.,.F.,.F.,(3,3),(0.,1.),.PIECEWISE_BEZIER_KNOTS.);
#519=B_SPLINE_CURVE_WITH_KNOTS('',2,(#15323,#15324,#15325),
 .UNSPECIFIED.,.F.,.F.,(3,3),(0.,1.),.PIECEWISE_BEZIER_KNOTS.);
#520=B_SPLINE_CURVE_WITH_KNOTS('',2,(#15344,#15345,#15346),
 .UNSPECIFIED.,.F.,.F.,(3,3),(0.,1.),.PIECEWISE_BEZIER_KNOTS.);
#521=B_SPLINE_CURVE_WITH_KNOTS('',2,(#15398,#15399,#15400),
 .UNSPECIFIED.,.F.,.F.,(3,3),(0.,1.),.PIECEWISE_BEZIER_KNOTS.);
#522=B_SPLINE_CURVE_WITH_KNOTS('',2,(#15411,#15412,#15413),
 .UNSPECIFIED.,.F.,.F.,(3,3),(0.,1.),.PIECEWISE_BEZIER_KNOTS.);
#523=B_SPLINE_CURVE_WITH_KNOTS('',2,(#15424,#15425,#15426),
 .UNSPECIFIED.,.F.,.F.,(3,3),(0.,1.),.PIECEWISE_BEZIER_KNOTS.);
#524=B_SPLINE_CURVE_WITH_KNOTS('',2,(#15437,#15438,#15439),
 .UNSPECIFIED.,.F.,.F.,(3,3),(0.,1.),.PIECEWISE_BEZIER_KNOTS.);
#525=B_SPLINE_CURVE_WITH_KNOTS('',2,(#15450,#15451,#15452),
 .UNSPECIFIED.,.F.,.F.,(3,3),(0.,1.),.PIECEWISE_BEZIER_KNOTS.);
#526=B_SPLINE_CURVE_WITH_KNOTS('',2,(#15463,#15464,#15465),
 .UNSPECIFIED.,.F.,.F.,(3,3),(0.,1.),.PIECEWISE_BEZIER_KNOTS.);
#527=B_SPLINE_CURVE_WITH_KNOTS('',2,(#15476,#15477,#15478),
 .UNSPECIFIED.,.F.,.F.,(3,3),(0.,1.),.PIECEWISE_BEZIER_KNOTS.);
#528=B_SPLINE_CURVE_WITH_KNOTS('',2,(#15497,#15498,#15499),
 .UNSPECIFIED.,.F.,.F.,(3,3),(0.,1.),.PIECEWISE_BEZIER_KNOTS.);
#529=B_SPLINE_CURVE_WITH_KNOTS('',2,(#15510,#15511,#15512),
 .UNSPECIFIED.,.F.,.F.,(3,3),(0.,1.),.PIECEWISE_BEZIER_KNOTS.);
#530=B_SPLINE_CURVE_WITH_KNOTS('',2,(#15523,#15524,#15525),
 .UNSPECIFIED.,.F.,.F.,(3,3),(0.,1.),.PIECEWISE_BEZIER_KNOTS.);
#531=B_SPLINE_CURVE_WITH_KNOTS('',2,(#15536,#15537,#15538),
 .UNSPECIFIED.,.F.,.F.,(3,3),(0.,1.),.PIECEWISE_BEZIER_KNOTS.);
#532=B_SPLINE_CURVE_WITH_KNOTS('',2,(#15549,#15550,#15551),
 .UNSPECIFIED.,.F.,.F.,(3,3),(0.,1.),.PIECEWISE_BEZIER_KNOTS.);
#533=B_SPLINE_CURVE_WITH_KNOTS('',2,(#15562,#15563,#15564),
 .UNSPECIFIED.,.F.,.F.,(3,3),(0.,1.),.PIECEWISE_BEZIER_KNOTS.);
#534=B_SPLINE_CURVE_WITH_KNOTS('',2,(#15590,#15591,#15592),
 .UNSPECIFIED.,.F.,.F.,(3,3),(0.,1.),.PIECEWISE_BEZIER_KNOTS.);
#535=B_SPLINE_CURVE_WITH_KNOTS('',2,(#15633,#15634,#15635),
 .UNSPECIFIED.,.F.,.F.,(3,3),(0.,1.),.PIECEWISE_BEZIER_KNOTS.);
#536=B_SPLINE_CURVE_WITH_KNOTS('',2,(#15656,#15657,#15658),
 .UNSPECIFIED.,.F.,.F.,(3,3),(0.,1.),.PIECEWISE_BEZIER_KNOTS.);
#537=B_SPLINE_CURVE_WITH_KNOTS('',2,(#15770,#15771,#15772),
 .UNSPECIFIED.,.F.,.F.,(3,3),(0.,1.),.PIECEWISE_BEZIER_KNOTS.);
#538=B_SPLINE_CURVE_WITH_KNOTS('',2,(#15783,#15784,#15785),
 .UNSPECIFIED.,.F.,.F.,(3,3),(0.,1.),.PIECEWISE_BEZIER_KNOTS.);
#539=B_SPLINE_CURVE_WITH_KNOTS('',2,(#15796,#15797,#15798),
 .UNSPECIFIED.,.F.,.F.,(3,3),(0.,1.),.PIECEWISE_BEZIER_KNOTS.);
#540=B_SPLINE_CURVE_WITH_KNOTS('',2,(#15809,#15810,#15811),
 .UNSPECIFIED.,.F.,.F.,(3,3),(0.,1.),.PIECEWISE_BEZIER_KNOTS.);
#541=B_SPLINE_CURVE_WITH_KNOTS('',2,(#15822,#15823,#15824),
 .UNSPECIFIED.,.F.,.F.,(3,3),(0.,1.),.PIECEWISE_BEZIER_KNOTS.);
#542=B_SPLINE_CURVE_WITH_KNOTS('',2,(#15835,#15836,#15837),
 .UNSPECIFIED.,.F.,.F.,(3,3),(0.,1.),.PIECEWISE_BEZIER_KNOTS.);
#543=B_SPLINE_CURVE_WITH_KNOTS('',2,(#15848,#15849,#15850),
 .UNSPECIFIED.,.F.,.F.,(3,3),(0.,1.),.PIECEWISE_BEZIER_KNOTS.);
#544=B_SPLINE_CURVE_WITH_KNOTS('',2,(#15861,#15862,#15863),
 .UNSPECIFIED.,.F.,.F.,(3,3),(0.,1.),.PIECEWISE_BEZIER_KNOTS.);
#545=B_SPLINE_CURVE_WITH_KNOTS('',2,(#15874,#15875,#15876),
 .UNSPECIFIED.,.F.,.F.,(3,3),(0.,1.),.PIECEWISE_BEZIER_KNOTS.);
#546=B_SPLINE_CURVE_WITH_KNOTS('',2,(#15887,#15888,#15889),
 .UNSPECIFIED.,.F.,.F.,(3,3),(0.,1.),.PIECEWISE_BEZIER_KNOTS.);
#547=B_SPLINE_CURVE_WITH_KNOTS('',2,(#15904,#15905,#15906),
 .UNSPECIFIED.,.F.,.F.,(3,3),(0.,1.),.PIECEWISE_BEZIER_KNOTS.);
#548=B_SPLINE_CURVE_WITH_KNOTS('',2,(#15929,#15930,#15931),
 .UNSPECIFIED.,.F.,.F.,(3,3),(0.,1.),.PIECEWISE_BEZIER_KNOTS.);
#549=B_SPLINE_CURVE_WITH_KNOTS('',2,(#15942,#15943,#15944),
 .UNSPECIFIED.,.F.,.F.,(3,3),(0.,1.),.PIECEWISE_BEZIER_KNOTS.);
#550=B_SPLINE_CURVE_WITH_KNOTS('',2,(#15955,#15956,#15957),
 .UNSPECIFIED.,.F.,.F.,(3,3),(0.,1.),.PIECEWISE_BEZIER_KNOTS.);
#551=B_SPLINE_CURVE_WITH_KNOTS('',2,(#15968,#15969,#15970),
 .UNSPECIFIED.,.F.,.F.,(3,3),(0.,1.),.PIECEWISE_BEZIER_KNOTS.);
#552=B_SPLINE_CURVE_WITH_KNOTS('',2,(#15981,#15982,#15983),
 .UNSPECIFIED.,.F.,.F.,(3,3),(0.,1.),.PIECEWISE_BEZIER_KNOTS.);
#553=B_SPLINE_CURVE_WITH_KNOTS('',2,(#15994,#15995,#15996),
 .UNSPECIFIED.,.F.,.F.,(3,3),(0.,1.),.PIECEWISE_BEZIER_KNOTS.);
#554=B_SPLINE_CURVE_WITH_KNOTS('',2,(#16007,#16008,#16009),
 .UNSPECIFIED.,.F.,.F.,(3,3),(0.,1.),.PIECEWISE_BEZIER_KNOTS.);
#555=B_SPLINE_CURVE_WITH_KNOTS('',2,(#16020,#16021,#16022),
 .UNSPECIFIED.,.F.,.F.,(3,3),(0.,1.),.PIECEWISE_BEZIER_KNOTS.);
#556=B_SPLINE_CURVE_WITH_KNOTS('',2,(#16033,#16034,#16035),
 .UNSPECIFIED.,.F.,.F.,(3,3),(0.,1.),.PIECEWISE_BEZIER_KNOTS.);
#557=B_SPLINE_CURVE_WITH_KNOTS('',2,(#16046,#16047,#16048),
 .UNSPECIFIED.,.F.,.F.,(3,3),(0.,1.),.PIECEWISE_BEZIER_KNOTS.);
#558=B_SPLINE_CURVE_WITH_KNOTS('',2,(#16063,#16064,#16065),
 .UNSPECIFIED.,.F.,.F.,(3,3),(0.,1.),.PIECEWISE_BEZIER_KNOTS.);
#559=B_SPLINE_CURVE_WITH_KNOTS('',2,(#16098,#16099,#16100),
 .UNSPECIFIED.,.F.,.F.,(3,3),(0.,1.),.PIECEWISE_BEZIER_KNOTS.);
#560=B_SPLINE_CURVE_WITH_KNOTS('',2,(#16104,#16105,#16106),
 .UNSPECIFIED.,.F.,.F.,(3,3),(0.,1.),.PIECEWISE_BEZIER_KNOTS.);
#561=B_SPLINE_CURVE_WITH_KNOTS('',2,(#16115,#16116,#16117),
 .UNSPECIFIED.,.F.,.F.,(3,3),(0.,1.),.PIECEWISE_BEZIER_KNOTS.);
#562=B_SPLINE_CURVE_WITH_KNOTS('',2,(#16121,#16122,#16123),
 .UNSPECIFIED.,.F.,.F.,(3,3),(0.,1.),.PIECEWISE_BEZIER_KNOTS.);
#563=B_SPLINE_CURVE_WITH_KNOTS('',2,(#16132,#16133,#16134),
 .UNSPECIFIED.,.F.,.F.,(3,3),(0.,1.),.PIECEWISE_BEZIER_KNOTS.);
#564=B_SPLINE_CURVE_WITH_KNOTS('',2,(#16138,#16139,#16140),
 .UNSPECIFIED.,.F.,.F.,(3,3),(0.,1.),.PIECEWISE_BEZIER_KNOTS.);
#565=B_SPLINE_CURVE_WITH_KNOTS('',2,(#16151,#16152,#16153),
 .UNSPECIFIED.,.F.,.F.,(3,3),(0.,1.),.PIECEWISE_BEZIER_KNOTS.);
#566=B_SPLINE_CURVE_WITH_KNOTS('',2,(#16210,#16211,#16212),
 .UNSPECIFIED.,.F.,.F.,(3,3),(0.,1.),.PIECEWISE_BEZIER_KNOTS.);
#567=B_SPLINE_CURVE_WITH_KNOTS('',2,(#16223,#16224,#16225),
 .UNSPECIFIED.,.F.,.F.,(3,3),(0.,1.),.PIECEWISE_BEZIER_KNOTS.);
#568=B_SPLINE_CURVE_WITH_KNOTS('',2,(#16234,#16235,#16236),
 .UNSPECIFIED.,.F.,.F.,(3,3),(0.,1.),.PIECEWISE_BEZIER_KNOTS.);
#569=B_SPLINE_CURVE_WITH_KNOTS('',2,(#16245,#16246,#16247),
 .UNSPECIFIED.,.F.,.F.,(3,3),(0.,1.),.PIECEWISE_BEZIER_KNOTS.);
#570=B_SPLINE_CURVE_WITH_KNOTS('',2,(#16248,#16249,#16250),
 .UNSPECIFIED.,.F.,.F.,(3,3),(0.,1.),.PIECEWISE_BEZIER_KNOTS.);
#571=ORIENTED_EDGE('',*,*,#3055,.T.);
#572=ORIENTED_EDGE('',*,*,#3056,.T.);
#573=ORIENTED_EDGE('',*,*,#3057,.T.);
#574=ORIENTED_EDGE('',*,*,#3058,.T.);
#575=ORIENTED_EDGE('',*,*,#3059,.T.);
#576=ORIENTED_EDGE('',*,*,#3060,.T.);
#577=ORIENTED_EDGE('',*,*,#3061,.T.);
#578=ORIENTED_EDGE('',*,*,#3062,.T.);
#579=ORIENTED_EDGE('',*,*,#3063,.T.);
#580=ORIENTED_EDGE('',*,*,#3064,.T.);
#581=ORIENTED_EDGE('',*,*,#3065,.T.);
#582=ORIENTED_EDGE('',*,*,#3066,.T.);
#583=ORIENTED_EDGE('',*,*,#3067,.T.);
#584=ORIENTED_EDGE('',*,*,#3068,.T.);
#585=ORIENTED_EDGE('',*,*,#3069,.T.);
#586=ORIENTED_EDGE('',*,*,#3070,.T.);
#587=ORIENTED_EDGE('',*,*,#3071,.T.);
#588=ORIENTED_EDGE('',*,*,#3072,.T.);
#589=ORIENTED_EDGE('',*,*,#3073,.T.);
#590=ORIENTED_EDGE('',*,*,#3074,.T.);
#591=ORIENTED_EDGE('',*,*,#3075,.T.);
#592=ORIENTED_EDGE('',*,*,#3076,.T.);
#593=ORIENTED_EDGE('',*,*,#3077,.T.);
#594=ORIENTED_EDGE('',*,*,#3078,.T.);
#595=ORIENTED_EDGE('',*,*,#3079,.T.);
#596=ORIENTED_EDGE('',*,*,#3080,.T.);
#597=ORIENTED_EDGE('',*,*,#3081,.T.);
#598=ORIENTED_EDGE('',*,*,#3082,.T.);
#599=ORIENTED_EDGE('',*,*,#3083,.T.);
#600=ORIENTED_EDGE('',*,*,#3084,.T.);
#601=ORIENTED_EDGE('',*,*,#3085,.T.);
#602=ORIENTED_EDGE('',*,*,#3086,.T.);
#603=ORIENTED_EDGE('',*,*,#3087,.T.);
#604=ORIENTED_EDGE('',*,*,#3088,.T.);
#605=ORIENTED_EDGE('',*,*,#3089,.T.);
#606=ORIENTED_EDGE('',*,*,#3090,.T.);
#607=ORIENTED_EDGE('',*,*,#3091,.T.);
#608=ORIENTED_EDGE('',*,*,#3092,.T.);
#609=ORIENTED_EDGE('',*,*,#3093,.T.);
#610=ORIENTED_EDGE('',*,*,#3094,.T.);
#611=ORIENTED_EDGE('',*,*,#3095,.T.);
#612=ORIENTED_EDGE('',*,*,#3096,.T.);
#613=ORIENTED_EDGE('',*,*,#3097,.T.);
#614=ORIENTED_EDGE('',*,*,#3098,.T.);
#615=ORIENTED_EDGE('',*,*,#3099,.T.);
#616=ORIENTED_EDGE('',*,*,#3100,.T.);
#617=ORIENTED_EDGE('',*,*,#3101,.T.);
#618=ORIENTED_EDGE('',*,*,#3102,.T.);
#619=ORIENTED_EDGE('',*,*,#3103,.T.);
#620=ORIENTED_EDGE('',*,*,#3104,.T.);
#621=ORIENTED_EDGE('',*,*,#3105,.T.);
#622=ORIENTED_EDGE('',*,*,#3106,.T.);
#623=ORIENTED_EDGE('',*,*,#3107,.F.);
#624=ORIENTED_EDGE('',*,*,#3108,.F.);
#625=ORIENTED_EDGE('',*,*,#3109,.T.);
#626=ORIENTED_EDGE('',*,*,#3110,.F.);
#627=ORIENTED_EDGE('',*,*,#3111,.F.);
#628=ORIENTED_EDGE('',*,*,#3112,.F.);
#629=ORIENTED_EDGE('',*,*,#3113,.F.);
#630=ORIENTED_EDGE('',*,*,#3114,.F.);
#631=ORIENTED_EDGE('',*,*,#3115,.F.);
#632=ORIENTED_EDGE('',*,*,#3116,.F.);
#633=ORIENTED_EDGE('',*,*,#3117,.F.);
#634=ORIENTED_EDGE('',*,*,#3118,.F.);
#635=ORIENTED_EDGE('',*,*,#3119,.F.);
#636=ORIENTED_EDGE('',*,*,#3120,.F.);
#637=ORIENTED_EDGE('',*,*,#3121,.F.);
#638=ORIENTED_EDGE('',*,*,#3122,.F.);
#639=ORIENTED_EDGE('',*,*,#3123,.F.);
#640=ORIENTED_EDGE('',*,*,#3124,.F.);
#641=ORIENTED_EDGE('',*,*,#3125,.F.);
#642=ORIENTED_EDGE('',*,*,#3126,.F.);
#643=ORIENTED_EDGE('',*,*,#3127,.F.);
#644=ORIENTED_EDGE('',*,*,#3128,.T.);
#645=ORIENTED_EDGE('',*,*,#3129,.F.);
#646=ORIENTED_EDGE('',*,*,#3130,.F.);
#647=ORIENTED_EDGE('',*,*,#3131,.F.);
#648=ORIENTED_EDGE('',*,*,#3132,.T.);
#649=ORIENTED_EDGE('',*,*,#3133,.F.);
#650=ORIENTED_EDGE('',*,*,#3134,.F.);
#651=ORIENTED_EDGE('',*,*,#3135,.F.);
#652=ORIENTED_EDGE('',*,*,#3136,.F.);
#653=ORIENTED_EDGE('',*,*,#3137,.F.);
#654=ORIENTED_EDGE('',*,*,#3138,.F.);
#655=ORIENTED_EDGE('',*,*,#3139,.F.);
#656=ORIENTED_EDGE('',*,*,#3140,.F.);
#657=ORIENTED_EDGE('',*,*,#3141,.F.);
#658=ORIENTED_EDGE('',*,*,#3142,.F.);
#659=ORIENTED_EDGE('',*,*,#3143,.T.);
#660=ORIENTED_EDGE('',*,*,#3144,.T.);
#661=ORIENTED_EDGE('',*,*,#3145,.T.);
#662=ORIENTED_EDGE('',*,*,#3146,.T.);
#663=ORIENTED_EDGE('',*,*,#3147,.T.);
#664=ORIENTED_EDGE('',*,*,#3148,.T.);
#665=ORIENTED_EDGE('',*,*,#3149,.T.);
#666=ORIENTED_EDGE('',*,*,#3150,.T.);
#667=ORIENTED_EDGE('',*,*,#3151,.T.);
#668=ORIENTED_EDGE('',*,*,#3152,.T.);
#669=ORIENTED_EDGE('',*,*,#3153,.T.);
#670=ORIENTED_EDGE('',*,*,#3154,.T.);
#671=ORIENTED_EDGE('',*,*,#3155,.T.);
#672=ORIENTED_EDGE('',*,*,#3156,.T.);
#673=ORIENTED_EDGE('',*,*,#3157,.T.);
#674=ORIENTED_EDGE('',*,*,#3158,.T.);
#675=ORIENTED_EDGE('',*,*,#3159,.T.);
#676=ORIENTED_EDGE('',*,*,#3160,.T.);
#677=ORIENTED_EDGE('',*,*,#3161,.T.);
#678=ORIENTED_EDGE('',*,*,#3162,.T.);
#679=ORIENTED_EDGE('',*,*,#3163,.T.);
#680=ORIENTED_EDGE('',*,*,#3164,.T.);
#681=ORIENTED_EDGE('',*,*,#3165,.T.);
#682=ORIENTED_EDGE('',*,*,#3166,.T.);
#683=ORIENTED_EDGE('',*,*,#3167,.T.);
#684=ORIENTED_EDGE('',*,*,#3168,.T.);
#685=ORIENTED_EDGE('',*,*,#3169,.T.);
#686=ORIENTED_EDGE('',*,*,#3170,.T.);
#687=ORIENTED_EDGE('',*,*,#3171,.T.);
#688=ORIENTED_EDGE('',*,*,#3172,.T.);
#689=ORIENTED_EDGE('',*,*,#3173,.T.);
#690=ORIENTED_EDGE('',*,*,#3174,.T.);
#691=ORIENTED_EDGE('',*,*,#3175,.T.);
#692=ORIENTED_EDGE('',*,*,#3176,.T.);
#693=ORIENTED_EDGE('',*,*,#3177,.T.);
#694=ORIENTED_EDGE('',*,*,#3178,.T.);
#695=ORIENTED_EDGE('',*,*,#3179,.T.);
#696=ORIENTED_EDGE('',*,*,#3180,.T.);
#697=ORIENTED_EDGE('',*,*,#3181,.T.);
#698=ORIENTED_EDGE('',*,*,#3182,.T.);
#699=ORIENTED_EDGE('',*,*,#3183,.T.);
#700=ORIENTED_EDGE('',*,*,#3184,.T.);
#701=ORIENTED_EDGE('',*,*,#3185,.T.);
#702=ORIENTED_EDGE('',*,*,#3186,.T.);
#703=ORIENTED_EDGE('',*,*,#3187,.T.);
#704=ORIENTED_EDGE('',*,*,#3188,.T.);
#705=ORIENTED_EDGE('',*,*,#3189,.T.);
#706=ORIENTED_EDGE('',*,*,#3190,.T.);
#707=ORIENTED_EDGE('',*,*,#3191,.T.);
#708=ORIENTED_EDGE('',*,*,#3192,.T.);
#709=ORIENTED_EDGE('',*,*,#3193,.T.);
#710=ORIENTED_EDGE('',*,*,#3194,.T.);
#711=ORIENTED_EDGE('',*,*,#3195,.T.);
#712=ORIENTED_EDGE('',*,*,#3196,.T.);
#713=ORIENTED_EDGE('',*,*,#3197,.T.);
#714=ORIENTED_EDGE('',*,*,#3198,.T.);
#715=ORIENTED_EDGE('',*,*,#3199,.T.);
#716=ORIENTED_EDGE('',*,*,#3200,.T.);
#717=ORIENTED_EDGE('',*,*,#3201,.T.);
#718=ORIENTED_EDGE('',*,*,#3202,.T.);
#719=ORIENTED_EDGE('',*,*,#3203,.T.);
#720=ORIENTED_EDGE('',*,*,#3204,.T.);
#721=ORIENTED_EDGE('',*,*,#3205,.T.);
#722=ORIENTED_EDGE('',*,*,#3206,.T.);
#723=ORIENTED_EDGE('',*,*,#3207,.T.);
#724=ORIENTED_EDGE('',*,*,#3208,.T.);
#725=ORIENTED_EDGE('',*,*,#3209,.T.);
#726=ORIENTED_EDGE('',*,*,#3210,.T.);
#727=ORIENTED_EDGE('',*,*,#3211,.T.);
#728=ORIENTED_EDGE('',*,*,#3212,.T.);
#729=ORIENTED_EDGE('',*,*,#3213,.T.);
#730=ORIENTED_EDGE('',*,*,#3214,.F.);
#731=ORIENTED_EDGE('',*,*,#3215,.F.);
#732=ORIENTED_EDGE('',*,*,#3216,.F.);
#733=ORIENTED_EDGE('',*,*,#3217,.F.);
#734=ORIENTED_EDGE('',*,*,#3218,.T.);
#735=ORIENTED_EDGE('',*,*,#3219,.T.);
#736=ORIENTED_EDGE('',*,*,#3220,.T.);
#737=ORIENTED_EDGE('',*,*,#3221,.T.);
#738=ORIENTED_EDGE('',*,*,#3222,.T.);
#739=ORIENTED_EDGE('',*,*,#3223,.T.);
#740=ORIENTED_EDGE('',*,*,#3224,.T.);
#741=ORIENTED_EDGE('',*,*,#3225,.T.);
#742=ORIENTED_EDGE('',*,*,#3226,.T.);
#743=ORIENTED_EDGE('',*,*,#3227,.T.);
#744=ORIENTED_EDGE('',*,*,#3228,.T.);
#745=ORIENTED_EDGE('',*,*,#3229,.T.);
#746=ORIENTED_EDGE('',*,*,#3230,.T.);
#747=ORIENTED_EDGE('',*,*,#3231,.T.);
#748=ORIENTED_EDGE('',*,*,#3232,.T.);
#749=ORIENTED_EDGE('',*,*,#3233,.T.);
#750=ORIENTED_EDGE('',*,*,#3234,.T.);
#751=ORIENTED_EDGE('',*,*,#3235,.T.);
#752=ORIENTED_EDGE('',*,*,#3236,.T.);
#753=ORIENTED_EDGE('',*,*,#3237,.T.);
#754=ORIENTED_EDGE('',*,*,#3238,.T.);
#755=ORIENTED_EDGE('',*,*,#3239,.T.);
#756=ORIENTED_EDGE('',*,*,#3240,.T.);
#757=ORIENTED_EDGE('',*,*,#3241,.T.);
#758=ORIENTED_EDGE('',*,*,#3242,.T.);
#759=ORIENTED_EDGE('',*,*,#3243,.T.);
#760=ORIENTED_EDGE('',*,*,#3244,.T.);
#761=ORIENTED_EDGE('',*,*,#3245,.T.);
#762=ORIENTED_EDGE('',*,*,#3246,.T.);
#763=ORIENTED_EDGE('',*,*,#3247,.T.);
#764=ORIENTED_EDGE('',*,*,#3248,.T.);
#765=ORIENTED_EDGE('',*,*,#3249,.T.);
#766=ORIENTED_EDGE('',*,*,#3250,.T.);
#767=ORIENTED_EDGE('',*,*,#3251,.T.);
#768=ORIENTED_EDGE('',*,*,#3252,.T.);
#769=ORIENTED_EDGE('',*,*,#3253,.T.);
#770=ORIENTED_EDGE('',*,*,#3254,.T.);
#771=ORIENTED_EDGE('',*,*,#3255,.T.);
#772=ORIENTED_EDGE('',*,*,#3256,.T.);
#773=ORIENTED_EDGE('',*,*,#3257,.T.);
#774=ORIENTED_EDGE('',*,*,#3258,.T.);
#775=ORIENTED_EDGE('',*,*,#3259,.T.);
#776=ORIENTED_EDGE('',*,*,#3260,.T.);
#777=ORIENTED_EDGE('',*,*,#3261,.T.);
#778=ORIENTED_EDGE('',*,*,#3262,.T.);
#779=ORIENTED_EDGE('',*,*,#3263,.T.);
#780=ORIENTED_EDGE('',*,*,#3264,.T.);
#781=ORIENTED_EDGE('',*,*,#3265,.T.);
#782=ORIENTED_EDGE('',*,*,#3266,.T.);
#783=ORIENTED_EDGE('',*,*,#3267,.T.);
#784=ORIENTED_EDGE('',*,*,#3268,.T.);
#785=ORIENTED_EDGE('',*,*,#3269,.T.);
#786=ORIENTED_EDGE('',*,*,#3270,.T.);
#787=ORIENTED_EDGE('',*,*,#3271,.T.);
#788=ORIENTED_EDGE('',*,*,#3272,.T.);
#789=ORIENTED_EDGE('',*,*,#3273,.T.);
#790=ORIENTED_EDGE('',*,*,#3274,.T.);
#791=ORIENTED_EDGE('',*,*,#3275,.T.);
#792=ORIENTED_EDGE('',*,*,#3276,.T.);
#793=ORIENTED_EDGE('',*,*,#3277,.T.);
#794=ORIENTED_EDGE('',*,*,#3278,.T.);
#795=ORIENTED_EDGE('',*,*,#3279,.T.);
#796=ORIENTED_EDGE('',*,*,#3280,.T.);
#797=ORIENTED_EDGE('',*,*,#3281,.T.);
#798=ORIENTED_EDGE('',*,*,#3282,.T.);
#799=ORIENTED_EDGE('',*,*,#3283,.T.);
#800=ORIENTED_EDGE('',*,*,#3284,.T.);
#801=ORIENTED_EDGE('',*,*,#3285,.T.);
#802=ORIENTED_EDGE('',*,*,#3286,.T.);
#803=ORIENTED_EDGE('',*,*,#3287,.T.);
#804=ORIENTED_EDGE('',*,*,#3288,.T.);
#805=ORIENTED_EDGE('',*,*,#3289,.T.);
#806=ORIENTED_EDGE('',*,*,#3290,.T.);
#807=ORIENTED_EDGE('',*,*,#3291,.T.);
#808=ORIENTED_EDGE('',*,*,#3292,.T.);
#809=ORIENTED_EDGE('',*,*,#3293,.T.);
#810=ORIENTED_EDGE('',*,*,#3294,.T.);
#811=ORIENTED_EDGE('',*,*,#3295,.T.);
#812=ORIENTED_EDGE('',*,*,#3296,.T.);
#813=ORIENTED_EDGE('',*,*,#3297,.T.);
#814=ORIENTED_EDGE('',*,*,#3298,.T.);
#815=ORIENTED_EDGE('',*,*,#3299,.T.);
#816=ORIENTED_EDGE('',*,*,#3300,.T.);
#817=ORIENTED_EDGE('',*,*,#3301,.T.);
#818=ORIENTED_EDGE('',*,*,#3302,.T.);
#819=ORIENTED_EDGE('',*,*,#3303,.T.);
#820=ORIENTED_EDGE('',*,*,#3304,.T.);
#821=ORIENTED_EDGE('',*,*,#3305,.T.);
#822=ORIENTED_EDGE('',*,*,#3306,.T.);
#823=ORIENTED_EDGE('',*,*,#3307,.T.);
#824=ORIENTED_EDGE('',*,*,#3308,.T.);
#825=ORIENTED_EDGE('',*,*,#3309,.T.);
#826=ORIENTED_EDGE('',*,*,#3310,.T.);
#827=ORIENTED_EDGE('',*,*,#3311,.T.);
#828=ORIENTED_EDGE('',*,*,#3312,.T.);
#829=ORIENTED_EDGE('',*,*,#3313,.T.);
#830=ORIENTED_EDGE('',*,*,#3314,.T.);
#831=ORIENTED_EDGE('',*,*,#3315,.T.);
#832=ORIENTED_EDGE('',*,*,#3316,.T.);
#833=ORIENTED_EDGE('',*,*,#3317,.T.);
#834=ORIENTED_EDGE('',*,*,#3318,.T.);
#835=ORIENTED_EDGE('',*,*,#3319,.T.);
#836=ORIENTED_EDGE('',*,*,#3320,.T.);
#837=ORIENTED_EDGE('',*,*,#3321,.T.);
#838=ORIENTED_EDGE('',*,*,#3322,.T.);
#839=ORIENTED_EDGE('',*,*,#3323,.T.);
#840=ORIENTED_EDGE('',*,*,#3324,.T.);
#841=ORIENTED_EDGE('',*,*,#3325,.T.);
#842=ORIENTED_EDGE('',*,*,#3326,.T.);
#843=ORIENTED_EDGE('',*,*,#3327,.T.);
#844=ORIENTED_EDGE('',*,*,#3328,.T.);
#845=ORIENTED_EDGE('',*,*,#3329,.T.);
#846=ORIENTED_EDGE('',*,*,#3330,.T.);
#847=ORIENTED_EDGE('',*,*,#3331,.T.);
#848=ORIENTED_EDGE('',*,*,#3332,.T.);
#849=ORIENTED_EDGE('',*,*,#3333,.F.);
#850=ORIENTED_EDGE('',*,*,#3334,.F.);
#851=ORIENTED_EDGE('',*,*,#3335,.T.);
#852=ORIENTED_EDGE('',*,*,#3336,.T.);
#853=ORIENTED_EDGE('',*,*,#3337,.F.);
#854=ORIENTED_EDGE('',*,*,#3338,.T.);
#855=ORIENTED_EDGE('',*,*,#3339,.F.);
#856=ORIENTED_EDGE('',*,*,#3340,.F.);
#857=ORIENTED_EDGE('',*,*,#3341,.F.);
#858=ORIENTED_EDGE('',*,*,#3340,.T.);
#859=ORIENTED_EDGE('',*,*,#3342,.F.);
#860=ORIENTED_EDGE('',*,*,#3343,.F.);
#861=ORIENTED_EDGE('',*,*,#3344,.F.);
#862=ORIENTED_EDGE('',*,*,#3343,.T.);
#863=ORIENTED_EDGE('',*,*,#3345,.F.);
#864=ORIENTED_EDGE('',*,*,#3346,.F.);
#865=ORIENTED_EDGE('',*,*,#3347,.F.);
#866=ORIENTED_EDGE('',*,*,#3348,.T.);
#867=ORIENTED_EDGE('',*,*,#3349,.F.);
#868=ORIENTED_EDGE('',*,*,#3338,.F.);
#869=ORIENTED_EDGE('',*,*,#3350,.F.);
#870=ORIENTED_EDGE('',*,*,#3351,.F.);
#871=ORIENTED_EDGE('',*,*,#3352,.F.);
#872=ORIENTED_EDGE('',*,*,#3109,.F.);
#873=ORIENTED_EDGE('',*,*,#3353,.F.);
#874=ORIENTED_EDGE('',*,*,#3354,.T.);
#875=ORIENTED_EDGE('',*,*,#3355,.F.);
#876=ORIENTED_EDGE('',*,*,#3356,.T.);
#877=ORIENTED_EDGE('',*,*,#3357,.F.);
#878=ORIENTED_EDGE('',*,*,#3358,.F.);
#879=ORIENTED_EDGE('',*,*,#3359,.F.);
#880=ORIENTED_EDGE('',*,*,#3360,.T.);
#881=ORIENTED_EDGE('',*,*,#3361,.F.);
#882=ORIENTED_EDGE('',*,*,#3362,.F.);
#883=ORIENTED_EDGE('',*,*,#3363,.F.);
#884=ORIENTED_EDGE('',*,*,#3362,.T.);
#885=ORIENTED_EDGE('',*,*,#3364,.F.);
#886=ORIENTED_EDGE('',*,*,#3365,.F.);
#887=ORIENTED_EDGE('',*,*,#3366,.F.);
#888=ORIENTED_EDGE('',*,*,#3365,.T.);
#889=ORIENTED_EDGE('',*,*,#3367,.F.);
#890=ORIENTED_EDGE('',*,*,#3368,.F.);
#891=ORIENTED_EDGE('',*,*,#3369,.F.);
#892=ORIENTED_EDGE('',*,*,#3370,.T.);
#893=ORIENTED_EDGE('',*,*,#3371,.F.);
#894=ORIENTED_EDGE('',*,*,#3360,.F.);
#895=ORIENTED_EDGE('',*,*,#3372,.T.);
#896=ORIENTED_EDGE('',*,*,#3373,.T.);
#897=ORIENTED_EDGE('',*,*,#3374,.T.);
#898=ORIENTED_EDGE('',*,*,#3375,.F.);
#899=ORIENTED_EDGE('',*,*,#3376,.F.);
#900=ORIENTED_EDGE('',*,*,#3377,.T.);
#901=ORIENTED_EDGE('',*,*,#3378,.T.);
#902=ORIENTED_EDGE('',*,*,#3379,.F.);
#903=ORIENTED_EDGE('',*,*,#3380,.F.);
#904=ORIENTED_EDGE('',*,*,#3381,.F.);
#905=ORIENTED_EDGE('',*,*,#3382,.F.);
#906=ORIENTED_EDGE('',*,*,#3351,.T.);
#907=ORIENTED_EDGE('',*,*,#3383,.F.);
#908=ORIENTED_EDGE('',*,*,#3384,.F.);
#909=ORIENTED_EDGE('',*,*,#3110,.T.);
#910=ORIENTED_EDGE('',*,*,#3352,.T.);
#911=ORIENTED_EDGE('',*,*,#3382,.T.);
#912=ORIENTED_EDGE('',*,*,#3385,.F.);
#913=ORIENTED_EDGE('',*,*,#3368,.T.);
#914=ORIENTED_EDGE('',*,*,#3386,.F.);
#915=ORIENTED_EDGE('',*,*,#3387,.F.);
#916=ORIENTED_EDGE('',*,*,#3388,.F.);
#917=ORIENTED_EDGE('',*,*,#3389,.F.);
#918=ORIENTED_EDGE('',*,*,#3387,.T.);
#919=ORIENTED_EDGE('',*,*,#3390,.F.);
#920=ORIENTED_EDGE('',*,*,#3366,.T.);
#921=ORIENTED_EDGE('',*,*,#3391,.F.);
#922=ORIENTED_EDGE('',*,*,#3116,.T.);
#923=ORIENTED_EDGE('',*,*,#3392,.T.);
#924=ORIENTED_EDGE('',*,*,#3393,.F.);
#925=ORIENTED_EDGE('',*,*,#3118,.T.);
#926=ORIENTED_EDGE('',*,*,#3394,.F.);
#927=ORIENTED_EDGE('',*,*,#3389,.T.);
#928=ORIENTED_EDGE('',*,*,#3385,.T.);
#929=ORIENTED_EDGE('',*,*,#3394,.T.);
#930=ORIENTED_EDGE('',*,*,#3117,.T.);
#931=ORIENTED_EDGE('',*,*,#3391,.T.);
#932=ORIENTED_EDGE('',*,*,#3113,.T.);
#933=ORIENTED_EDGE('',*,*,#3395,.T.);
#934=ORIENTED_EDGE('',*,*,#3369,.T.);
#935=ORIENTED_EDGE('',*,*,#3396,.F.);
#936=ORIENTED_EDGE('',*,*,#3114,.T.);
#937=ORIENTED_EDGE('',*,*,#3396,.T.);
#938=ORIENTED_EDGE('',*,*,#3359,.T.);
#939=ORIENTED_EDGE('',*,*,#3397,.F.);
#940=ORIENTED_EDGE('',*,*,#3115,.T.);
#941=ORIENTED_EDGE('',*,*,#3397,.T.);
#942=ORIENTED_EDGE('',*,*,#3363,.T.);
#943=ORIENTED_EDGE('',*,*,#3392,.F.);
#944=ORIENTED_EDGE('',*,*,#3398,.F.);
#945=ORIENTED_EDGE('',*,*,#3346,.T.);
#946=ORIENTED_EDGE('',*,*,#3399,.F.);
#947=ORIENTED_EDGE('',*,*,#3400,.F.);
#948=ORIENTED_EDGE('',*,*,#3401,.F.);
#949=ORIENTED_EDGE('',*,*,#3400,.T.);
#950=ORIENTED_EDGE('',*,*,#3402,.F.);
#951=ORIENTED_EDGE('',*,*,#3403,.F.);
#952=ORIENTED_EDGE('',*,*,#3404,.F.);
#953=ORIENTED_EDGE('',*,*,#3403,.T.);
#954=ORIENTED_EDGE('',*,*,#3405,.F.);
#955=ORIENTED_EDGE('',*,*,#3406,.F.);
#956=ORIENTED_EDGE('',*,*,#3407,.F.);
#957=ORIENTED_EDGE('',*,*,#3406,.T.);
#958=ORIENTED_EDGE('',*,*,#3408,.F.);
#959=ORIENTED_EDGE('',*,*,#3348,.F.);
#960=ORIENTED_EDGE('',*,*,#3401,.T.);
#961=ORIENTED_EDGE('',*,*,#3409,.F.);
#962=ORIENTED_EDGE('',*,*,#3136,.T.);
#963=ORIENTED_EDGE('',*,*,#3410,.F.);
#964=ORIENTED_EDGE('',*,*,#3404,.T.);
#965=ORIENTED_EDGE('',*,*,#3411,.F.);
#966=ORIENTED_EDGE('',*,*,#3137,.T.);
#967=ORIENTED_EDGE('',*,*,#3409,.T.);
#968=ORIENTED_EDGE('',*,*,#3407,.T.);
#969=ORIENTED_EDGE('',*,*,#3412,.F.);
#970=ORIENTED_EDGE('',*,*,#3138,.T.);
#971=ORIENTED_EDGE('',*,*,#3411,.T.);
#972=ORIENTED_EDGE('',*,*,#3139,.T.);
#973=ORIENTED_EDGE('',*,*,#3412,.T.);
#974=ORIENTED_EDGE('',*,*,#3347,.T.);
#975=ORIENTED_EDGE('',*,*,#3413,.F.);
#976=ORIENTED_EDGE('',*,*,#3140,.T.);
#977=ORIENTED_EDGE('',*,*,#3413,.T.);
#978=ORIENTED_EDGE('',*,*,#3337,.T.);
#979=ORIENTED_EDGE('',*,*,#3414,.F.);
#980=ORIENTED_EDGE('',*,*,#3141,.T.);
#981=ORIENTED_EDGE('',*,*,#3414,.T.);
#982=ORIENTED_EDGE('',*,*,#3341,.T.);
#983=ORIENTED_EDGE('',*,*,#3415,.F.);
#984=ORIENTED_EDGE('',*,*,#3142,.T.);
#985=ORIENTED_EDGE('',*,*,#3415,.T.);
#986=ORIENTED_EDGE('',*,*,#3344,.T.);
#987=ORIENTED_EDGE('',*,*,#3416,.F.);
#988=ORIENTED_EDGE('',*,*,#3135,.T.);
#989=ORIENTED_EDGE('',*,*,#3416,.T.);
#990=ORIENTED_EDGE('',*,*,#3398,.T.);
#991=ORIENTED_EDGE('',*,*,#3410,.T.);
#992=ORIENTED_EDGE('',*,*,#3417,.T.);
#993=ORIENTED_EDGE('',*,*,#3418,.F.);
#994=ORIENTED_EDGE('',*,*,#3131,.T.);
#995=ORIENTED_EDGE('',*,*,#3419,.T.);
#996=ORIENTED_EDGE('',*,*,#3420,.T.);
#997=ORIENTED_EDGE('',*,*,#3421,.F.);
#998=ORIENTED_EDGE('',*,*,#3422,.T.);
#999=ORIENTED_EDGE('',*,*,#3423,.F.);
#1000=ORIENTED_EDGE('',*,*,#3217,.T.);
#1001=ORIENTED_EDGE('',*,*,#3424,.F.);
#1002=ORIENTED_EDGE('',*,*,#3425,.T.);
#1003=ORIENTED_EDGE('',*,*,#3426,.F.);
#1004=ORIENTED_EDGE('',*,*,#3427,.T.);
#1005=ORIENTED_EDGE('',*,*,#3428,.F.);
#1006=ORIENTED_EDGE('',*,*,#3429,.T.);
#1007=ORIENTED_EDGE('',*,*,#3430,.T.);
#1008=ORIENTED_EDGE('',*,*,#3380,.T.);
#1009=ORIENTED_EDGE('',*,*,#3431,.F.);
#1010=ORIENTED_EDGE('',*,*,#3378,.F.);
#1011=ORIENTED_EDGE('',*,*,#3432,.T.);
#1012=ORIENTED_EDGE('',*,*,#3376,.T.);
#1013=ORIENTED_EDGE('',*,*,#3433,.F.);
#1014=ORIENTED_EDGE('',*,*,#3374,.F.);
#1015=ORIENTED_EDGE('',*,*,#3434,.F.);
#1016=ORIENTED_EDGE('',*,*,#3435,.T.);
#1017=ORIENTED_EDGE('',*,*,#3436,.F.);
#1018=ORIENTED_EDGE('',*,*,#3437,.F.);
#1019=ORIENTED_EDGE('',*,*,#3438,.F.);
#1020=ORIENTED_EDGE('',*,*,#3439,.F.);
#1021=ORIENTED_EDGE('',*,*,#3440,.F.);
#1022=ORIENTED_EDGE('',*,*,#3441,.T.);
#1023=ORIENTED_EDGE('',*,*,#3442,.F.);
#1024=ORIENTED_EDGE('',*,*,#3128,.F.);
#1025=ORIENTED_EDGE('',*,*,#3443,.F.);
#1026=ORIENTED_EDGE('',*,*,#3444,.T.);
#1027=ORIENTED_EDGE('',*,*,#3445,.T.);
#1028=ORIENTED_EDGE('',*,*,#3446,.T.);
#1029=ORIENTED_EDGE('',*,*,#3447,.F.);
#1030=ORIENTED_EDGE('',*,*,#3132,.F.);
#1031=ORIENTED_EDGE('',*,*,#3418,.T.);
#1032=ORIENTED_EDGE('',*,*,#3448,.T.);
#1033=ORIENTED_EDGE('',*,*,#3449,.F.);
#1034=ORIENTED_EDGE('',*,*,#3450,.T.);
#1035=ORIENTED_EDGE('',*,*,#3451,.T.);
#1036=ORIENTED_EDGE('',*,*,#3452,.T.);
#1037=ORIENTED_EDGE('',*,*,#3453,.T.);
#1038=ORIENTED_EDGE('',*,*,#3454,.T.);
#1039=ORIENTED_EDGE('',*,*,#3430,.F.);
#1040=ORIENTED_EDGE('',*,*,#3429,.F.);
#1041=ORIENTED_EDGE('',*,*,#3377,.F.);
#1042=ORIENTED_EDGE('',*,*,#3455,.F.);
#1043=ORIENTED_EDGE('',*,*,#3373,.F.);
#1044=ORIENTED_EDGE('',*,*,#3372,.F.);
#1045=ORIENTED_EDGE('',*,*,#3432,.F.);
#1046=ORIENTED_EDGE('',*,*,#3456,.T.);
#1047=ORIENTED_EDGE('',*,*,#3457,.F.);
#1048=ORIENTED_EDGE('',*,*,#3456,.F.);
#1049=ORIENTED_EDGE('',*,*,#3455,.T.);
#1050=ORIENTED_EDGE('',*,*,#3457,.T.);
#1051=ORIENTED_EDGE('',*,*,#3452,.F.);
#1052=ORIENTED_EDGE('',*,*,#3453,.F.);
#1053=ORIENTED_EDGE('',*,*,#3458,.T.);
#1054=ORIENTED_EDGE('',*,*,#3454,.F.);
#1055=ORIENTED_EDGE('',*,*,#3459,.T.);
#1056=ORIENTED_EDGE('',*,*,#3458,.F.);
#1057=ORIENTED_EDGE('',*,*,#3451,.F.);
#1058=ORIENTED_EDGE('',*,*,#3450,.F.);
#1059=ORIENTED_EDGE('',*,*,#3459,.F.);
#1060=ORIENTED_EDGE('',*,*,#3460,.F.);
#1061=ORIENTED_EDGE('',*,*,#3461,.T.);
#1062=ORIENTED_EDGE('',*,*,#3462,.F.);
#1063=ORIENTED_EDGE('',*,*,#3463,.F.);
#1064=ORIENTED_EDGE('',*,*,#3464,.F.);
#1065=ORIENTED_EDGE('',*,*,#3465,.F.);
#1066=ORIENTED_EDGE('',*,*,#3466,.T.);
#1067=ORIENTED_EDGE('',*,*,#3467,.F.);
#1068=ORIENTED_EDGE('',*,*,#3468,.F.);
#1069=ORIENTED_EDGE('',*,*,#3469,.F.);
#1070=ORIENTED_EDGE('',*,*,#3470,.T.);
#1071=ORIENTED_EDGE('',*,*,#3468,.T.);
#1072=ORIENTED_EDGE('',*,*,#3471,.T.);
#1073=ORIENTED_EDGE('',*,*,#3472,.T.);
#1074=ORIENTED_EDGE('',*,*,#3460,.T.);
#1075=ORIENTED_EDGE('',*,*,#3473,.F.);
#1076=ORIENTED_EDGE('',*,*,#3474,.T.);
#1077=ORIENTED_EDGE('',*,*,#3475,.T.);
#1078=ORIENTED_EDGE('',*,*,#3476,.T.);
#1079=ORIENTED_EDGE('',*,*,#3463,.T.);
#1080=ORIENTED_EDGE('',*,*,#3477,.F.);
#1081=ORIENTED_EDGE('',*,*,#3478,.T.);
#1082=ORIENTED_EDGE('',*,*,#3479,.F.);
#1083=ORIENTED_EDGE('',*,*,#3480,.F.);
#1084=ORIENTED_EDGE('',*,*,#3471,.F.);
#1085=ORIENTED_EDGE('',*,*,#3467,.T.);
#1086=ORIENTED_EDGE('',*,*,#3481,.T.);
#1087=ORIENTED_EDGE('',*,*,#3482,.T.);
#1088=ORIENTED_EDGE('',*,*,#3474,.F.);
#1089=ORIENTED_EDGE('',*,*,#3483,.F.);
#1090=ORIENTED_EDGE('',*,*,#3484,.F.);
#1091=ORIENTED_EDGE('',*,*,#3479,.T.);
#1092=ORIENTED_EDGE('',*,*,#3485,.T.);
#1093=ORIENTED_EDGE('',*,*,#3486,.T.);
#1094=ORIENTED_EDGE('',*,*,#3461,.F.);
#1095=ORIENTED_EDGE('',*,*,#3472,.F.);
#1096=ORIENTED_EDGE('',*,*,#3480,.T.);
#1097=ORIENTED_EDGE('',*,*,#3487,.F.);
#1098=ORIENTED_EDGE('',*,*,#3484,.T.);
#1099=ORIENTED_EDGE('',*,*,#3488,.F.);
#1100=ORIENTED_EDGE('',*,*,#3489,.T.);
#1101=ORIENTED_EDGE('',*,*,#3487,.T.);
#1102=ORIENTED_EDGE('',*,*,#3477,.T.);
#1103=ORIENTED_EDGE('',*,*,#3465,.T.);
#1104=ORIENTED_EDGE('',*,*,#3490,.F.);
#1105=ORIENTED_EDGE('',*,*,#3491,.F.);
#1106=ORIENTED_EDGE('',*,*,#3492,.T.);
#1107=ORIENTED_EDGE('',*,*,#3445,.F.);
#1108=ORIENTED_EDGE('',*,*,#3488,.T.);
#1109=ORIENTED_EDGE('',*,*,#3483,.T.);
#1110=ORIENTED_EDGE('',*,*,#3493,.F.);
#1111=ORIENTED_EDGE('',*,*,#3494,.T.);
#1112=ORIENTED_EDGE('',*,*,#3495,.F.);
#1113=ORIENTED_EDGE('',*,*,#3496,.F.);
#1114=ORIENTED_EDGE('',*,*,#3497,.T.);
#1115=ORIENTED_EDGE('',*,*,#3498,.T.);
#1116=ORIENTED_EDGE('',*,*,#3499,.F.);
#1117=ORIENTED_EDGE('',*,*,#3493,.T.);
#1118=ORIENTED_EDGE('',*,*,#3500,.F.);
#1119=ORIENTED_EDGE('',*,*,#3473,.T.);
#1120=ORIENTED_EDGE('',*,*,#3462,.T.);
#1121=ORIENTED_EDGE('',*,*,#3486,.F.);
#1122=ORIENTED_EDGE('',*,*,#3501,.T.);
#1123=ORIENTED_EDGE('',*,*,#3499,.T.);
#1124=ORIENTED_EDGE('',*,*,#3502,.T.);
#1125=ORIENTED_EDGE('',*,*,#3500,.T.);
#1126=ORIENTED_EDGE('',*,*,#3496,.T.);
#1127=ORIENTED_EDGE('',*,*,#3503,.F.);
#1128=ORIENTED_EDGE('',*,*,#3504,.T.);
#1129=ORIENTED_EDGE('',*,*,#3491,.T.);
#1130=ORIENTED_EDGE('',*,*,#3505,.T.);
#1131=ORIENTED_EDGE('',*,*,#3506,.T.);
#1132=ORIENTED_EDGE('',*,*,#3507,.F.);
#1133=ORIENTED_EDGE('',*,*,#3508,.T.);
#1134=ORIENTED_EDGE('',*,*,#3509,.T.);
#1135=ORIENTED_EDGE('',*,*,#3510,.T.);
#1136=ORIENTED_EDGE('',*,*,#3511,.T.);
#1137=ORIENTED_EDGE('',*,*,#3512,.F.);
#1138=ORIENTED_EDGE('',*,*,#3513,.F.);
#1139=ORIENTED_EDGE('',*,*,#3427,.F.);
#1140=ORIENTED_EDGE('',*,*,#3514,.T.);
#1141=ORIENTED_EDGE('',*,*,#3506,.F.);
#1142=ORIENTED_EDGE('',*,*,#3515,.F.);
#1143=ORIENTED_EDGE('',*,*,#3516,.F.);
#1144=ORIENTED_EDGE('',*,*,#3517,.F.);
#1145=ORIENTED_EDGE('',*,*,#3518,.F.);
#1146=ORIENTED_EDGE('',*,*,#3519,.F.);
#1147=ORIENTED_EDGE('',*,*,#3520,.F.);
#1148=ORIENTED_EDGE('',*,*,#3521,.F.);
#1149=ORIENTED_EDGE('',*,*,#3522,.T.);
#1150=ORIENTED_EDGE('',*,*,#3518,.T.);
#1151=ORIENTED_EDGE('',*,*,#3523,.T.);
#1152=ORIENTED_EDGE('',*,*,#3515,.T.);
#1153=ORIENTED_EDGE('',*,*,#3524,.F.);
#1154=ORIENTED_EDGE('',*,*,#3508,.F.);
#1155=ORIENTED_EDGE('',*,*,#3525,.F.);
#1156=ORIENTED_EDGE('',*,*,#3425,.F.);
#1157=ORIENTED_EDGE('',*,*,#3509,.F.);
#1158=ORIENTED_EDGE('',*,*,#3524,.T.);
#1159=ORIENTED_EDGE('',*,*,#3424,.T.);
#1160=ORIENTED_EDGE('',*,*,#3216,.T.);
#1161=ORIENTED_EDGE('',*,*,#3526,.T.);
#1162=ORIENTED_EDGE('',*,*,#3527,.F.);
#1163=ORIENTED_EDGE('',*,*,#3422,.F.);
#1164=ORIENTED_EDGE('',*,*,#3528,.T.);
#1165=ORIENTED_EDGE('',*,*,#3529,.F.);
#1166=ORIENTED_EDGE('',*,*,#3423,.T.);
#1167=ORIENTED_EDGE('',*,*,#3527,.T.);
#1168=ORIENTED_EDGE('',*,*,#3530,.T.);
#1169=ORIENTED_EDGE('',*,*,#3214,.T.);
#1170=ORIENTED_EDGE('',*,*,#3448,.F.);
#1171=ORIENTED_EDGE('',*,*,#3417,.F.);
#1172=ORIENTED_EDGE('',*,*,#3531,.F.);
#1173=ORIENTED_EDGE('',*,*,#3511,.F.);
#1174=ORIENTED_EDGE('',*,*,#3532,.F.);
#1175=ORIENTED_EDGE('',*,*,#3494,.F.);
#1176=ORIENTED_EDGE('',*,*,#3501,.F.);
#1177=ORIENTED_EDGE('',*,*,#3485,.F.);
#1178=ORIENTED_EDGE('',*,*,#3489,.F.);
#1179=ORIENTED_EDGE('',*,*,#3444,.F.);
#1180=ORIENTED_EDGE('',*,*,#3533,.F.);
#1181=ORIENTED_EDGE('',*,*,#3512,.T.);
#1182=ORIENTED_EDGE('',*,*,#3531,.T.);
#1183=ORIENTED_EDGE('',*,*,#3428,.T.);
#1184=ORIENTED_EDGE('',*,*,#3513,.T.);
#1185=ORIENTED_EDGE('',*,*,#3534,.F.);
#1186=ORIENTED_EDGE('',*,*,#3437,.T.);
#1187=ORIENTED_EDGE('',*,*,#3535,.F.);
#1188=ORIENTED_EDGE('',*,*,#3356,.F.);
#1189=ORIENTED_EDGE('',*,*,#3536,.F.);
#1190=ORIENTED_EDGE('',*,*,#3537,.F.);
#1191=ORIENTED_EDGE('',*,*,#3538,.F.);
#1192=ORIENTED_EDGE('',*,*,#3446,.F.);
#1193=ORIENTED_EDGE('',*,*,#3492,.F.);
#1194=ORIENTED_EDGE('',*,*,#3504,.F.);
#1195=ORIENTED_EDGE('',*,*,#3539,.T.);
#1196=ORIENTED_EDGE('',*,*,#3540,.F.);
#1197=ORIENTED_EDGE('',*,*,#3441,.F.);
#1198=ORIENTED_EDGE('',*,*,#3541,.F.);
#1199=ORIENTED_EDGE('',*,*,#3542,.F.);
#1200=ORIENTED_EDGE('',*,*,#3543,.F.);
#1201=ORIENTED_EDGE('',*,*,#3544,.F.);
#1202=ORIENTED_EDGE('',*,*,#3545,.F.);
#1203=ORIENTED_EDGE('',*,*,#3546,.F.);
#1204=ORIENTED_EDGE('',*,*,#3547,.F.);
#1205=ORIENTED_EDGE('',*,*,#3548,.F.);
#1206=ORIENTED_EDGE('',*,*,#3549,.F.);
#1207=ORIENTED_EDGE('',*,*,#3336,.F.);
#1208=ORIENTED_EDGE('',*,*,#3550,.F.);
#1209=ORIENTED_EDGE('',*,*,#3551,.T.);
#1210=ORIENTED_EDGE('',*,*,#3552,.F.);
#1211=ORIENTED_EDGE('',*,*,#3553,.F.);
#1212=ORIENTED_EDGE('',*,*,#3551,.F.);
#1213=ORIENTED_EDGE('',*,*,#3554,.T.);
#1214=ORIENTED_EDGE('',*,*,#3555,.T.);
#1215=ORIENTED_EDGE('',*,*,#3556,.F.);
#1216=ORIENTED_EDGE('',*,*,#3557,.F.);
#1217=ORIENTED_EDGE('',*,*,#3555,.F.);
#1218=ORIENTED_EDGE('',*,*,#3558,.T.);
#1219=ORIENTED_EDGE('',*,*,#3559,.T.);
#1220=ORIENTED_EDGE('',*,*,#3560,.F.);
#1221=ORIENTED_EDGE('',*,*,#3561,.T.);
#1222=ORIENTED_EDGE('',*,*,#3562,.F.);
#1223=ORIENTED_EDGE('',*,*,#3563,.F.);
#1224=ORIENTED_EDGE('',*,*,#3564,.T.);
#1225=ORIENTED_EDGE('',*,*,#3565,.T.);
#1226=ORIENTED_EDGE('',*,*,#3566,.F.);
#1227=ORIENTED_EDGE('',*,*,#3567,.T.);
#1228=ORIENTED_EDGE('',*,*,#3568,.F.);
#1229=ORIENTED_EDGE('',*,*,#3569,.F.);
#1230=ORIENTED_EDGE('',*,*,#3570,.T.);
#1231=ORIENTED_EDGE('',*,*,#3571,.T.);
#1232=ORIENTED_EDGE('',*,*,#3572,.F.);
#1233=ORIENTED_EDGE('',*,*,#3573,.T.);
#1234=ORIENTED_EDGE('',*,*,#3574,.F.);
#1235=ORIENTED_EDGE('',*,*,#3575,.F.);
#1236=ORIENTED_EDGE('',*,*,#3576,.T.);
#1237=ORIENTED_EDGE('',*,*,#3577,.T.);
#1238=ORIENTED_EDGE('',*,*,#3578,.F.);
#1239=ORIENTED_EDGE('',*,*,#3579,.T.);
#1240=ORIENTED_EDGE('',*,*,#3580,.F.);
#1241=ORIENTED_EDGE('',*,*,#3581,.T.);
#1242=ORIENTED_EDGE('',*,*,#3582,.F.);
#1243=ORIENTED_EDGE('',*,*,#3583,.F.);
#1244=ORIENTED_EDGE('',*,*,#3443,.T.);
#1245=ORIENTED_EDGE('',*,*,#3584,.F.);
#1246=ORIENTED_EDGE('',*,*,#3546,.T.);
#1247=ORIENTED_EDGE('',*,*,#3583,.T.);
#1248=ORIENTED_EDGE('',*,*,#3545,.T.);
#1249=ORIENTED_EDGE('',*,*,#3585,.F.);
#1250=ORIENTED_EDGE('',*,*,#3533,.T.);
#1251=ORIENTED_EDGE('',*,*,#3586,.F.);
#1252=ORIENTED_EDGE('',*,*,#3449,.T.);
#1253=ORIENTED_EDGE('',*,*,#3585,.T.);
#1254=ORIENTED_EDGE('',*,*,#3544,.T.);
#1255=ORIENTED_EDGE('',*,*,#3587,.F.);
#1256=ORIENTED_EDGE('',*,*,#3447,.T.);
#1257=ORIENTED_EDGE('',*,*,#3586,.T.);
#1258=ORIENTED_EDGE('',*,*,#3553,.T.);
#1259=ORIENTED_EDGE('',*,*,#3587,.T.);
#1260=ORIENTED_EDGE('',*,*,#3552,.T.);
#1261=ORIENTED_EDGE('',*,*,#3588,.F.);
#1262=ORIENTED_EDGE('',*,*,#3133,.T.);
#1263=ORIENTED_EDGE('',*,*,#3589,.T.);
#1264=ORIENTED_EDGE('',*,*,#3333,.T.);
#1265=ORIENTED_EDGE('',*,*,#3590,.F.);
#1266=ORIENTED_EDGE('',*,*,#3121,.T.);
#1267=ORIENTED_EDGE('',*,*,#3590,.T.);
#1268=ORIENTED_EDGE('',*,*,#3549,.T.);
#1269=ORIENTED_EDGE('',*,*,#3591,.F.);
#1270=ORIENTED_EDGE('',*,*,#3122,.T.);
#1271=ORIENTED_EDGE('',*,*,#3591,.T.);
#1272=ORIENTED_EDGE('',*,*,#3548,.T.);
#1273=ORIENTED_EDGE('',*,*,#3592,.F.);
#1274=ORIENTED_EDGE('',*,*,#3593,.T.);
#1275=ORIENTED_EDGE('',*,*,#3584,.T.);
#1276=ORIENTED_EDGE('',*,*,#3538,.T.);
#1277=ORIENTED_EDGE('',*,*,#3592,.T.);
#1278=ORIENTED_EDGE('',*,*,#3547,.T.);
#1279=ORIENTED_EDGE('',*,*,#3594,.T.);
#1280=ORIENTED_EDGE('',*,*,#3469,.T.);
#1281=ORIENTED_EDGE('',*,*,#3470,.F.);
#1282=ORIENTED_EDGE('',*,*,#3502,.F.);
#1283=ORIENTED_EDGE('',*,*,#3498,.F.);
#1284=ORIENTED_EDGE('',*,*,#3595,.T.);
#1285=ORIENTED_EDGE('',*,*,#3596,.T.);
#1286=ORIENTED_EDGE('',*,*,#3595,.F.);
#1287=ORIENTED_EDGE('',*,*,#3497,.F.);
#1288=ORIENTED_EDGE('',*,*,#3505,.F.);
#1289=ORIENTED_EDGE('',*,*,#3490,.T.);
#1290=ORIENTED_EDGE('',*,*,#3464,.T.);
#1291=ORIENTED_EDGE('',*,*,#3476,.F.);
#1292=ORIENTED_EDGE('',*,*,#3597,.T.);
#1293=ORIENTED_EDGE('',*,*,#3598,.T.);
#1294=ORIENTED_EDGE('',*,*,#3597,.F.);
#1295=ORIENTED_EDGE('',*,*,#3475,.F.);
#1296=ORIENTED_EDGE('',*,*,#3482,.F.);
#1297=ORIENTED_EDGE('',*,*,#3599,.F.);
#1298=ORIENTED_EDGE('',*,*,#3600,.F.);
#1299=ORIENTED_EDGE('',*,*,#3601,.F.);
#1300=ORIENTED_EDGE('',*,*,#3602,.F.);
#1301=ORIENTED_EDGE('',*,*,#3466,.F.);
#1302=ORIENTED_EDGE('',*,*,#3594,.F.);
#1303=ORIENTED_EDGE('',*,*,#3596,.F.);
#1304=ORIENTED_EDGE('',*,*,#3598,.F.);
#1305=ORIENTED_EDGE('',*,*,#3481,.F.);
#1306=ORIENTED_EDGE('',*,*,#3478,.F.);
#1307=ORIENTED_EDGE('',*,*,#3603,.F.);
#1308=ORIENTED_EDGE('',*,*,#3604,.T.);
#1309=ORIENTED_EDGE('',*,*,#3599,.T.);
#1310=ORIENTED_EDGE('',*,*,#3605,.F.);
#1311=ORIENTED_EDGE('',*,*,#3606,.F.);
#1312=ORIENTED_EDGE('',*,*,#3605,.T.);
#1313=ORIENTED_EDGE('',*,*,#3602,.T.);
#1314=ORIENTED_EDGE('',*,*,#3607,.F.);
#1315=ORIENTED_EDGE('',*,*,#3608,.F.);
#1316=ORIENTED_EDGE('',*,*,#3607,.T.);
#1317=ORIENTED_EDGE('',*,*,#3601,.T.);
#1318=ORIENTED_EDGE('',*,*,#3609,.F.);
#1319=ORIENTED_EDGE('',*,*,#3610,.F.);
#1320=ORIENTED_EDGE('',*,*,#3609,.T.);
#1321=ORIENTED_EDGE('',*,*,#3600,.T.);
#1322=ORIENTED_EDGE('',*,*,#3604,.F.);
#1323=ORIENTED_EDGE('',*,*,#3611,.F.);
#1324=ORIENTED_EDGE('',*,*,#3539,.F.);
#1325=ORIENTED_EDGE('',*,*,#3503,.T.);
#1326=ORIENTED_EDGE('',*,*,#3495,.T.);
#1327=ORIENTED_EDGE('',*,*,#3532,.T.);
#1328=ORIENTED_EDGE('',*,*,#3510,.F.);
#1329=ORIENTED_EDGE('',*,*,#3526,.F.);
#1330=ORIENTED_EDGE('',*,*,#3215,.T.);
#1331=ORIENTED_EDGE('',*,*,#3530,.F.);
#1332=ORIENTED_EDGE('',*,*,#3529,.T.);
#1333=ORIENTED_EDGE('',*,*,#3612,.F.);
#1334=ORIENTED_EDGE('',*,*,#3519,.T.);
#1335=ORIENTED_EDGE('',*,*,#3522,.F.);
#1336=ORIENTED_EDGE('',*,*,#3517,.T.);
#1337=ORIENTED_EDGE('',*,*,#3613,.F.);
#1338=ORIENTED_EDGE('',*,*,#3614,.F.);
#1339=ORIENTED_EDGE('',*,*,#3613,.T.);
#1340=ORIENTED_EDGE('',*,*,#3516,.T.);
#1341=ORIENTED_EDGE('',*,*,#3523,.F.);
#1342=ORIENTED_EDGE('',*,*,#3521,.T.);
#1343=ORIENTED_EDGE('',*,*,#3615,.F.);
#1344=ORIENTED_EDGE('',*,*,#3420,.F.);
#1345=ORIENTED_EDGE('',*,*,#3129,.T.);
#1346=ORIENTED_EDGE('',*,*,#3442,.T.);
#1347=ORIENTED_EDGE('',*,*,#3540,.T.);
#1348=ORIENTED_EDGE('',*,*,#3611,.T.);
#1349=ORIENTED_EDGE('',*,*,#3616,.F.);
#1350=ORIENTED_EDGE('',*,*,#3614,.T.);
#1351=ORIENTED_EDGE('',*,*,#3419,.F.);
#1352=ORIENTED_EDGE('',*,*,#3130,.T.);
#1353=ORIENTED_EDGE('',*,*,#3616,.T.);
#1354=ORIENTED_EDGE('',*,*,#3617,.F.);
#1355=ORIENTED_EDGE('',*,*,#3618,.F.);
#1356=ORIENTED_EDGE('',*,*,#3619,.F.);
#1357=ORIENTED_EDGE('',*,*,#3620,.F.);
#1358=ORIENTED_EDGE('',*,*,#3621,.F.);
#1359=ORIENTED_EDGE('',*,*,#3622,.T.);
#1360=ORIENTED_EDGE('',*,*,#3619,.T.);
#1361=ORIENTED_EDGE('',*,*,#3623,.F.);
#1362=ORIENTED_EDGE('',*,*,#3624,.F.);
#1363=ORIENTED_EDGE('',*,*,#3625,.F.);
#1364=ORIENTED_EDGE('',*,*,#3623,.T.);
#1365=ORIENTED_EDGE('',*,*,#3618,.T.);
#1366=ORIENTED_EDGE('',*,*,#3626,.F.);
#1367=ORIENTED_EDGE('',*,*,#3620,.T.);
#1368=ORIENTED_EDGE('',*,*,#3622,.F.);
#1369=ORIENTED_EDGE('',*,*,#3627,.F.);
#1370=ORIENTED_EDGE('',*,*,#3628,.F.);
#1371=ORIENTED_EDGE('',*,*,#3629,.F.);
#1372=ORIENTED_EDGE('',*,*,#3630,.F.);
#1373=ORIENTED_EDGE('',*,*,#3631,.F.);
#1374=ORIENTED_EDGE('',*,*,#3632,.F.);
#1375=ORIENTED_EDGE('',*,*,#3633,.T.);
#1376=ORIENTED_EDGE('',*,*,#3628,.T.);
#1377=ORIENTED_EDGE('',*,*,#3634,.F.);
#1378=ORIENTED_EDGE('',*,*,#3635,.F.);
#1379=ORIENTED_EDGE('',*,*,#3634,.T.);
#1380=ORIENTED_EDGE('',*,*,#3631,.T.);
#1381=ORIENTED_EDGE('',*,*,#3636,.F.);
#1382=ORIENTED_EDGE('',*,*,#3637,.F.);
#1383=ORIENTED_EDGE('',*,*,#3636,.T.);
#1384=ORIENTED_EDGE('',*,*,#3630,.T.);
#1385=ORIENTED_EDGE('',*,*,#3638,.F.);
#1386=ORIENTED_EDGE('',*,*,#3639,.F.);
#1387=ORIENTED_EDGE('',*,*,#3638,.T.);
#1388=ORIENTED_EDGE('',*,*,#3629,.T.);
#1389=ORIENTED_EDGE('',*,*,#3633,.F.);
#1390=ORIENTED_EDGE('',*,*,#3640,.F.);
#1391=ORIENTED_EDGE('',*,*,#3640,.T.);
#1392=ORIENTED_EDGE('',*,*,#3641,.F.);
#1393=ORIENTED_EDGE('',*,*,#3642,.F.);
#1394=ORIENTED_EDGE('',*,*,#3642,.T.);
#1395=ORIENTED_EDGE('',*,*,#3643,.F.);
#1396=ORIENTED_EDGE('',*,*,#3644,.F.);
#1397=ORIENTED_EDGE('',*,*,#3644,.T.);
#1398=ORIENTED_EDGE('',*,*,#3645,.F.);
#1399=ORIENTED_EDGE('',*,*,#3646,.F.);
#1400=ORIENTED_EDGE('',*,*,#3646,.T.);
#1401=ORIENTED_EDGE('',*,*,#3647,.F.);
#1402=ORIENTED_EDGE('',*,*,#3648,.F.);
#1403=ORIENTED_EDGE('',*,*,#3648,.T.);
#1404=ORIENTED_EDGE('',*,*,#3649,.F.);
#1405=ORIENTED_EDGE('',*,*,#3650,.F.);
#1406=ORIENTED_EDGE('',*,*,#3650,.T.);
#1407=ORIENTED_EDGE('',*,*,#3651,.F.);
#1408=ORIENTED_EDGE('',*,*,#3652,.F.);
#1409=ORIENTED_EDGE('',*,*,#3582,.T.);
#1410=ORIENTED_EDGE('',*,*,#3653,.T.);
#1411=ORIENTED_EDGE('',*,*,#3654,.T.);
#1412=ORIENTED_EDGE('',*,*,#3655,.T.);
#1413=ORIENTED_EDGE('',*,*,#3656,.T.);
#1414=ORIENTED_EDGE('',*,*,#3657,.T.);
#1415=ORIENTED_EDGE('',*,*,#3658,.T.);
#1416=ORIENTED_EDGE('',*,*,#3659,.T.);
#1417=ORIENTED_EDGE('',*,*,#3660,.T.);
#1418=ORIENTED_EDGE('',*,*,#3661,.T.);
#1419=ORIENTED_EDGE('',*,*,#3662,.T.);
#1420=ORIENTED_EDGE('',*,*,#3663,.F.);
#1421=ORIENTED_EDGE('',*,*,#3664,.F.);
#1422=ORIENTED_EDGE('',*,*,#3558,.F.);
#1423=ORIENTED_EDGE('',*,*,#3554,.F.);
#1424=ORIENTED_EDGE('',*,*,#3550,.T.);
#1425=ORIENTED_EDGE('',*,*,#3335,.F.);
#1426=ORIENTED_EDGE('',*,*,#3665,.T.);
#1427=ORIENTED_EDGE('',*,*,#3666,.F.);
#1428=ORIENTED_EDGE('',*,*,#3390,.T.);
#1429=ORIENTED_EDGE('',*,*,#3386,.T.);
#1430=ORIENTED_EDGE('',*,*,#3367,.T.);
#1431=ORIENTED_EDGE('',*,*,#3364,.T.);
#1432=ORIENTED_EDGE('',*,*,#3361,.T.);
#1433=ORIENTED_EDGE('',*,*,#3371,.T.);
#1434=ORIENTED_EDGE('',*,*,#3667,.T.);
#1435=ORIENTED_EDGE('',*,*,#3668,.F.);
#1436=ORIENTED_EDGE('',*,*,#3383,.T.);
#1437=ORIENTED_EDGE('',*,*,#3350,.T.);
#1438=ORIENTED_EDGE('',*,*,#3669,.T.);
#1439=ORIENTED_EDGE('',*,*,#3670,.F.);
#1440=ORIENTED_EDGE('',*,*,#3627,.T.);
#1441=ORIENTED_EDGE('',*,*,#3621,.T.);
#1442=ORIENTED_EDGE('',*,*,#3625,.T.);
#1443=ORIENTED_EDGE('',*,*,#3507,.T.);
#1444=ORIENTED_EDGE('',*,*,#3514,.F.);
#1445=ORIENTED_EDGE('',*,*,#3426,.T.);
#1446=ORIENTED_EDGE('',*,*,#3525,.T.);
#1447=ORIENTED_EDGE('',*,*,#3528,.F.);
#1448=ORIENTED_EDGE('',*,*,#3421,.T.);
#1449=ORIENTED_EDGE('',*,*,#3615,.T.);
#1450=ORIENTED_EDGE('',*,*,#3520,.T.);
#1451=ORIENTED_EDGE('',*,*,#3612,.T.);
#1452=ORIENTED_EDGE('',*,*,#3671,.T.);
#1453=ORIENTED_EDGE('',*,*,#3672,.T.);
#1454=ORIENTED_EDGE('',*,*,#3357,.T.);
#1455=ORIENTED_EDGE('',*,*,#3535,.T.);
#1456=ORIENTED_EDGE('',*,*,#3436,.T.);
#1457=ORIENTED_EDGE('',*,*,#3673,.T.);
#1458=ORIENTED_EDGE('',*,*,#3399,.T.);
#1459=ORIENTED_EDGE('',*,*,#3345,.T.);
#1460=ORIENTED_EDGE('',*,*,#3342,.T.);
#1461=ORIENTED_EDGE('',*,*,#3339,.T.);
#1462=ORIENTED_EDGE('',*,*,#3349,.T.);
#1463=ORIENTED_EDGE('',*,*,#3408,.T.);
#1464=ORIENTED_EDGE('',*,*,#3405,.T.);
#1465=ORIENTED_EDGE('',*,*,#3402,.T.);
#1466=ORIENTED_EDGE('',*,*,#3610,.T.);
#1467=ORIENTED_EDGE('',*,*,#3603,.T.);
#1468=ORIENTED_EDGE('',*,*,#3606,.T.);
#1469=ORIENTED_EDGE('',*,*,#3608,.T.);
#1470=ORIENTED_EDGE('',*,*,#3639,.T.);
#1471=ORIENTED_EDGE('',*,*,#3632,.T.);
#1472=ORIENTED_EDGE('',*,*,#3635,.T.);
#1473=ORIENTED_EDGE('',*,*,#3637,.T.);
#1474=ORIENTED_EDGE('',*,*,#3375,.T.);
#1475=ORIENTED_EDGE('',*,*,#3433,.T.);
#1476=ORIENTED_EDGE('',*,*,#3379,.T.);
#1477=ORIENTED_EDGE('',*,*,#3431,.T.);
#1478=ORIENTED_EDGE('',*,*,#3641,.T.);
#1479=ORIENTED_EDGE('',*,*,#3643,.T.);
#1480=ORIENTED_EDGE('',*,*,#3645,.T.);
#1481=ORIENTED_EDGE('',*,*,#3647,.T.);
#1482=ORIENTED_EDGE('',*,*,#3649,.T.);
#1483=ORIENTED_EDGE('',*,*,#3651,.T.);
#1484=ORIENTED_EDGE('',*,*,#3654,.F.);
#1485=ORIENTED_EDGE('',*,*,#3674,.T.);
#1486=ORIENTED_EDGE('',*,*,#3675,.F.);
#1487=ORIENTED_EDGE('',*,*,#3676,.T.);
#1488=ORIENTED_EDGE('',*,*,#3677,.F.);
#1489=ORIENTED_EDGE('',*,*,#3655,.F.);
#1490=ORIENTED_EDGE('',*,*,#3677,.T.);
#1491=ORIENTED_EDGE('',*,*,#3678,.T.);
#1492=ORIENTED_EDGE('',*,*,#3679,.F.);
#1493=ORIENTED_EDGE('',*,*,#3656,.F.);
#1494=ORIENTED_EDGE('',*,*,#3679,.T.);
#1495=ORIENTED_EDGE('',*,*,#3680,.T.);
#1496=ORIENTED_EDGE('',*,*,#3681,.F.);
#1497=ORIENTED_EDGE('',*,*,#3657,.F.);
#1498=ORIENTED_EDGE('',*,*,#3681,.T.);
#1499=ORIENTED_EDGE('',*,*,#3682,.T.);
#1500=ORIENTED_EDGE('',*,*,#3683,.F.);
#1501=ORIENTED_EDGE('',*,*,#3658,.F.);
#1502=ORIENTED_EDGE('',*,*,#3683,.T.);
#1503=ORIENTED_EDGE('',*,*,#3684,.T.);
#1504=ORIENTED_EDGE('',*,*,#3685,.F.);
#1505=ORIENTED_EDGE('',*,*,#3659,.F.);
#1506=ORIENTED_EDGE('',*,*,#3685,.T.);
#1507=ORIENTED_EDGE('',*,*,#3686,.T.);
#1508=ORIENTED_EDGE('',*,*,#3687,.F.);
#1509=ORIENTED_EDGE('',*,*,#3660,.F.);
#1510=ORIENTED_EDGE('',*,*,#3687,.T.);
#1511=ORIENTED_EDGE('',*,*,#3688,.T.);
#1512=ORIENTED_EDGE('',*,*,#3689,.F.);
#1513=ORIENTED_EDGE('',*,*,#3661,.F.);
#1514=ORIENTED_EDGE('',*,*,#3689,.T.);
#1515=ORIENTED_EDGE('',*,*,#3690,.T.);
#1516=ORIENTED_EDGE('',*,*,#3691,.F.);
#1517=ORIENTED_EDGE('',*,*,#3692,.F.);
#1518=ORIENTED_EDGE('',*,*,#3693,.T.);
#1519=ORIENTED_EDGE('',*,*,#3662,.F.);
#1520=ORIENTED_EDGE('',*,*,#3692,.T.);
#1521=ORIENTED_EDGE('',*,*,#3694,.F.);
#1522=ORIENTED_EDGE('',*,*,#3695,.F.);
#1523=ORIENTED_EDGE('',*,*,#3696,.F.);
#1524=ORIENTED_EDGE('',*,*,#3697,.T.);
#1525=ORIENTED_EDGE('',*,*,#3698,.T.);
#1526=ORIENTED_EDGE('',*,*,#3699,.T.);
#1527=ORIENTED_EDGE('',*,*,#3700,.F.);
#1528=ORIENTED_EDGE('',*,*,#3564,.F.);
#1529=ORIENTED_EDGE('',*,*,#3701,.T.);
#1530=ORIENTED_EDGE('',*,*,#3698,.F.);
#1531=ORIENTED_EDGE('',*,*,#3702,.F.);
#1532=ORIENTED_EDGE('',*,*,#3703,.F.);
#1533=ORIENTED_EDGE('',*,*,#3565,.F.);
#1534=ORIENTED_EDGE('',*,*,#3702,.T.);
#1535=ORIENTED_EDGE('',*,*,#3697,.F.);
#1536=ORIENTED_EDGE('',*,*,#3704,.F.);
#1537=ORIENTED_EDGE('',*,*,#3705,.F.);
#1538=ORIENTED_EDGE('',*,*,#3706,.T.);
#1539=ORIENTED_EDGE('',*,*,#3707,.T.);
#1540=ORIENTED_EDGE('',*,*,#3708,.T.);
#1541=ORIENTED_EDGE('',*,*,#3709,.F.);
#1542=ORIENTED_EDGE('',*,*,#3570,.F.);
#1543=ORIENTED_EDGE('',*,*,#3710,.T.);
#1544=ORIENTED_EDGE('',*,*,#3707,.F.);
#1545=ORIENTED_EDGE('',*,*,#3711,.F.);
#1546=ORIENTED_EDGE('',*,*,#3712,.F.);
#1547=ORIENTED_EDGE('',*,*,#3571,.F.);
#1548=ORIENTED_EDGE('',*,*,#3711,.T.);
#1549=ORIENTED_EDGE('',*,*,#3706,.F.);
#1550=ORIENTED_EDGE('',*,*,#3713,.F.);
#1551=ORIENTED_EDGE('',*,*,#3714,.F.);
#1552=ORIENTED_EDGE('',*,*,#3715,.T.);
#1553=ORIENTED_EDGE('',*,*,#3663,.T.);
#1554=ORIENTED_EDGE('',*,*,#3693,.F.);
#1555=ORIENTED_EDGE('',*,*,#3716,.F.);
#1556=ORIENTED_EDGE('',*,*,#3717,.F.);
#1557=ORIENTED_EDGE('',*,*,#3559,.F.);
#1558=ORIENTED_EDGE('',*,*,#3664,.T.);
#1559=ORIENTED_EDGE('',*,*,#3715,.F.);
#1560=ORIENTED_EDGE('',*,*,#3718,.F.);
#1561=ORIENTED_EDGE('',*,*,#3719,.F.);
#1562=ORIENTED_EDGE('',*,*,#3720,.T.);
#1563=ORIENTED_EDGE('',*,*,#3721,.T.);
#1564=ORIENTED_EDGE('',*,*,#3722,.T.);
#1565=ORIENTED_EDGE('',*,*,#3723,.F.);
#1566=ORIENTED_EDGE('',*,*,#3576,.F.);
#1567=ORIENTED_EDGE('',*,*,#3724,.T.);
#1568=ORIENTED_EDGE('',*,*,#3721,.F.);
#1569=ORIENTED_EDGE('',*,*,#3725,.F.);
#1570=ORIENTED_EDGE('',*,*,#3726,.F.);
#1571=ORIENTED_EDGE('',*,*,#3577,.F.);
#1572=ORIENTED_EDGE('',*,*,#3725,.T.);
#1573=ORIENTED_EDGE('',*,*,#3720,.F.);
#1574=ORIENTED_EDGE('',*,*,#3705,.T.);
#1575=ORIENTED_EDGE('',*,*,#3727,.T.);
#1576=ORIENTED_EDGE('',*,*,#3572,.T.);
#1577=ORIENTED_EDGE('',*,*,#3712,.T.);
#1578=ORIENTED_EDGE('',*,*,#3696,.T.);
#1579=ORIENTED_EDGE('',*,*,#3728,.T.);
#1580=ORIENTED_EDGE('',*,*,#3566,.T.);
#1581=ORIENTED_EDGE('',*,*,#3703,.T.);
#1582=ORIENTED_EDGE('',*,*,#3719,.T.);
#1583=ORIENTED_EDGE('',*,*,#3729,.T.);
#1584=ORIENTED_EDGE('',*,*,#3578,.T.);
#1585=ORIENTED_EDGE('',*,*,#3726,.T.);
#1586=ORIENTED_EDGE('',*,*,#3714,.T.);
#1587=ORIENTED_EDGE('',*,*,#3730,.T.);
#1588=ORIENTED_EDGE('',*,*,#3560,.T.);
#1589=ORIENTED_EDGE('',*,*,#3717,.T.);
#1590=ORIENTED_EDGE('',*,*,#3713,.T.);
#1591=ORIENTED_EDGE('',*,*,#3731,.F.);
#1592=ORIENTED_EDGE('',*,*,#3690,.F.);
#1593=ORIENTED_EDGE('',*,*,#3688,.F.);
#1594=ORIENTED_EDGE('',*,*,#3686,.F.);
#1595=ORIENTED_EDGE('',*,*,#3684,.F.);
#1596=ORIENTED_EDGE('',*,*,#3682,.F.);
#1597=ORIENTED_EDGE('',*,*,#3680,.F.);
#1598=ORIENTED_EDGE('',*,*,#3678,.F.);
#1599=ORIENTED_EDGE('',*,*,#3676,.F.);
#1600=ORIENTED_EDGE('',*,*,#3732,.F.);
#1601=ORIENTED_EDGE('',*,*,#3579,.F.);
#1602=ORIENTED_EDGE('',*,*,#3729,.F.);
#1603=ORIENTED_EDGE('',*,*,#3718,.T.);
#1604=ORIENTED_EDGE('',*,*,#3733,.F.);
#1605=ORIENTED_EDGE('',*,*,#3573,.F.);
#1606=ORIENTED_EDGE('',*,*,#3727,.F.);
#1607=ORIENTED_EDGE('',*,*,#3704,.T.);
#1608=ORIENTED_EDGE('',*,*,#3734,.F.);
#1609=ORIENTED_EDGE('',*,*,#3567,.F.);
#1610=ORIENTED_EDGE('',*,*,#3728,.F.);
#1611=ORIENTED_EDGE('',*,*,#3695,.T.);
#1612=ORIENTED_EDGE('',*,*,#3735,.F.);
#1613=ORIENTED_EDGE('',*,*,#3561,.F.);
#1614=ORIENTED_EDGE('',*,*,#3730,.F.);
#1615=ORIENTED_EDGE('',*,*,#3716,.T.);
#1616=ORIENTED_EDGE('',*,*,#3694,.T.);
#1617=ORIENTED_EDGE('',*,*,#3691,.T.);
#1618=ORIENTED_EDGE('',*,*,#3731,.T.);
#1619=ORIENTED_EDGE('',*,*,#3736,.F.);
#1620=ORIENTED_EDGE('',*,*,#3674,.F.);
#1621=ORIENTED_EDGE('',*,*,#3653,.F.);
#1622=ORIENTED_EDGE('',*,*,#3581,.F.);
#1623=ORIENTED_EDGE('',*,*,#3675,.T.);
#1624=ORIENTED_EDGE('',*,*,#3736,.T.);
#1625=ORIENTED_EDGE('',*,*,#3580,.T.);
#1626=ORIENTED_EDGE('',*,*,#3732,.T.);
#1627=ORIENTED_EDGE('',*,*,#3737,.F.);
#1628=ORIENTED_EDGE('',*,*,#3722,.F.);
#1629=ORIENTED_EDGE('',*,*,#3724,.F.);
#1630=ORIENTED_EDGE('',*,*,#3575,.T.);
#1631=ORIENTED_EDGE('',*,*,#3723,.T.);
#1632=ORIENTED_EDGE('',*,*,#3737,.T.);
#1633=ORIENTED_EDGE('',*,*,#3574,.T.);
#1634=ORIENTED_EDGE('',*,*,#3733,.T.);
#1635=ORIENTED_EDGE('',*,*,#3738,.F.);
#1636=ORIENTED_EDGE('',*,*,#3708,.F.);
#1637=ORIENTED_EDGE('',*,*,#3710,.F.);
#1638=ORIENTED_EDGE('',*,*,#3569,.T.);
#1639=ORIENTED_EDGE('',*,*,#3709,.T.);
#1640=ORIENTED_EDGE('',*,*,#3738,.T.);
#1641=ORIENTED_EDGE('',*,*,#3568,.T.);
#1642=ORIENTED_EDGE('',*,*,#3734,.T.);
#1643=ORIENTED_EDGE('',*,*,#3739,.F.);
#1644=ORIENTED_EDGE('',*,*,#3699,.F.);
#1645=ORIENTED_EDGE('',*,*,#3701,.F.);
#1646=ORIENTED_EDGE('',*,*,#3563,.T.);
#1647=ORIENTED_EDGE('',*,*,#3700,.T.);
#1648=ORIENTED_EDGE('',*,*,#3739,.T.);
#1649=ORIENTED_EDGE('',*,*,#3562,.T.);
#1650=ORIENTED_EDGE('',*,*,#3735,.T.);
#1651=ORIENTED_EDGE('',*,*,#3740,.F.);
#1652=ORIENTED_EDGE('',*,*,#3741,.F.);
#1653=ORIENTED_EDGE('',*,*,#3742,.F.);
#1654=ORIENTED_EDGE('',*,*,#3358,.T.);
#1655=ORIENTED_EDGE('',*,*,#3672,.F.);
#1656=ORIENTED_EDGE('',*,*,#3743,.F.);
#1657=ORIENTED_EDGE('',*,*,#3744,.F.);
#1658=ORIENTED_EDGE('',*,*,#3745,.F.);
#1659=ORIENTED_EDGE('',*,*,#3743,.T.);
#1660=ORIENTED_EDGE('',*,*,#3671,.F.);
#1661=ORIENTED_EDGE('',*,*,#3746,.F.);
#1662=ORIENTED_EDGE('',*,*,#3747,.F.);
#1663=ORIENTED_EDGE('',*,*,#3746,.T.);
#1664=ORIENTED_EDGE('',*,*,#3673,.F.);
#1665=ORIENTED_EDGE('',*,*,#3435,.F.);
#1666=ORIENTED_EDGE('',*,*,#3748,.F.);
#1667=ORIENTED_EDGE('',*,*,#3749,.F.);
#1668=ORIENTED_EDGE('',*,*,#3123,.T.);
#1669=ORIENTED_EDGE('',*,*,#3593,.F.);
#1670=ORIENTED_EDGE('',*,*,#3537,.T.);
#1671=ORIENTED_EDGE('',*,*,#3434,.T.);
#1672=ORIENTED_EDGE('',*,*,#3750,.F.);
#1673=ORIENTED_EDGE('',*,*,#3536,.T.);
#1674=ORIENTED_EDGE('',*,*,#3751,.T.);
#1675=ORIENTED_EDGE('',*,*,#3748,.T.);
#1676=ORIENTED_EDGE('',*,*,#3752,.F.);
#1677=ORIENTED_EDGE('',*,*,#3749,.T.);
#1678=ORIENTED_EDGE('',*,*,#3750,.T.);
#1679=ORIENTED_EDGE('',*,*,#3439,.T.);
#1680=ORIENTED_EDGE('',*,*,#3124,.T.);
#1681=ORIENTED_EDGE('',*,*,#3752,.T.);
#1682=ORIENTED_EDGE('',*,*,#3438,.T.);
#1683=ORIENTED_EDGE('',*,*,#3753,.F.);
#1684=ORIENTED_EDGE('',*,*,#3541,.T.);
#1685=ORIENTED_EDGE('',*,*,#3754,.F.);
#1686=ORIENTED_EDGE('',*,*,#3740,.T.);
#1687=ORIENTED_EDGE('',*,*,#3745,.T.);
#1688=ORIENTED_EDGE('',*,*,#3755,.F.);
#1689=ORIENTED_EDGE('',*,*,#3534,.T.);
#1690=ORIENTED_EDGE('',*,*,#3756,.F.);
#1691=ORIENTED_EDGE('',*,*,#3125,.T.);
#1692=ORIENTED_EDGE('',*,*,#3753,.T.);
#1693=ORIENTED_EDGE('',*,*,#3754,.T.);
#1694=ORIENTED_EDGE('',*,*,#3440,.T.);
#1695=ORIENTED_EDGE('',*,*,#3757,.F.);
#1696=ORIENTED_EDGE('',*,*,#3741,.T.);
#1697=ORIENTED_EDGE('',*,*,#3355,.T.);
#1698=ORIENTED_EDGE('',*,*,#3758,.F.);
#1699=ORIENTED_EDGE('',*,*,#3126,.T.);
#1700=ORIENTED_EDGE('',*,*,#3756,.T.);
#1701=ORIENTED_EDGE('',*,*,#3742,.T.);
#1702=ORIENTED_EDGE('',*,*,#3757,.T.);
#1703=ORIENTED_EDGE('',*,*,#3127,.T.);
#1704=ORIENTED_EDGE('',*,*,#3758,.T.);
#1705=ORIENTED_EDGE('',*,*,#3542,.T.);
#1706=ORIENTED_EDGE('',*,*,#3755,.T.);
#1707=ORIENTED_EDGE('',*,*,#3744,.T.);
#1708=ORIENTED_EDGE('',*,*,#3759,.F.);
#1709=ORIENTED_EDGE('',*,*,#3543,.T.);
#1710=ORIENTED_EDGE('',*,*,#3759,.T.);
#1711=ORIENTED_EDGE('',*,*,#3747,.T.);
#1712=ORIENTED_EDGE('',*,*,#3751,.F.);
#1713=ORIENTED_EDGE('',*,*,#3760,.F.);
#1714=ORIENTED_EDGE('',*,*,#3665,.F.);
#1715=ORIENTED_EDGE('',*,*,#3334,.T.);
#1716=ORIENTED_EDGE('',*,*,#3761,.F.);
#1717=ORIENTED_EDGE('',*,*,#3762,.F.);
#1718=ORIENTED_EDGE('',*,*,#3761,.T.);
#1719=ORIENTED_EDGE('',*,*,#3589,.F.);
#1720=ORIENTED_EDGE('',*,*,#3120,.T.);
#1721=ORIENTED_EDGE('',*,*,#3763,.F.);
#1722=ORIENTED_EDGE('',*,*,#3667,.F.);
#1723=ORIENTED_EDGE('',*,*,#3370,.F.);
#1724=ORIENTED_EDGE('',*,*,#3764,.F.);
#1725=ORIENTED_EDGE('',*,*,#3765,.F.);
#1726=ORIENTED_EDGE('',*,*,#3764,.T.);
#1727=ORIENTED_EDGE('',*,*,#3395,.F.);
#1728=ORIENTED_EDGE('',*,*,#3112,.T.);
#1729=ORIENTED_EDGE('',*,*,#3766,.F.);
#1730=ORIENTED_EDGE('',*,*,#3669,.F.);
#1731=ORIENTED_EDGE('',*,*,#3354,.F.);
#1732=ORIENTED_EDGE('',*,*,#3767,.F.);
#1733=ORIENTED_EDGE('',*,*,#3768,.F.);
#1734=ORIENTED_EDGE('',*,*,#3767,.T.);
#1735=ORIENTED_EDGE('',*,*,#3353,.T.);
#1736=ORIENTED_EDGE('',*,*,#3108,.T.);
#1737=ORIENTED_EDGE('',*,*,#3769,.F.);
#1738=ORIENTED_EDGE('',*,*,#3134,.T.);
#1739=ORIENTED_EDGE('',*,*,#3588,.T.);
#1740=ORIENTED_EDGE('',*,*,#3557,.T.);
#1741=ORIENTED_EDGE('',*,*,#3670,.T.);
#1742=ORIENTED_EDGE('',*,*,#3766,.T.);
#1743=ORIENTED_EDGE('',*,*,#3768,.T.);
#1744=ORIENTED_EDGE('',*,*,#3107,.T.);
#1745=ORIENTED_EDGE('',*,*,#3769,.T.);
#1746=ORIENTED_EDGE('',*,*,#3556,.T.);
#1747=ORIENTED_EDGE('',*,*,#3652,.T.);
#1748=ORIENTED_EDGE('',*,*,#3624,.T.);
#1749=ORIENTED_EDGE('',*,*,#3617,.T.);
#1750=ORIENTED_EDGE('',*,*,#3626,.T.);
#1751=ORIENTED_EDGE('',*,*,#3668,.T.);
#1752=ORIENTED_EDGE('',*,*,#3763,.T.);
#1753=ORIENTED_EDGE('',*,*,#3765,.T.);
#1754=ORIENTED_EDGE('',*,*,#3111,.T.);
#1755=ORIENTED_EDGE('',*,*,#3384,.T.);
#1756=ORIENTED_EDGE('',*,*,#3381,.T.);
#1757=ORIENTED_EDGE('',*,*,#3666,.T.);
#1758=ORIENTED_EDGE('',*,*,#3760,.T.);
#1759=ORIENTED_EDGE('',*,*,#3762,.T.);
#1760=ORIENTED_EDGE('',*,*,#3119,.T.);
#1761=ORIENTED_EDGE('',*,*,#3393,.T.);
#1762=ORIENTED_EDGE('',*,*,#3388,.T.);
#1763=ORIENTED_EDGE('',*,*,#3188,.F.);
#1764=ORIENTED_EDGE('',*,*,#3770,.F.);
#1765=ORIENTED_EDGE('',*,*,#3771,.T.);
#1766=ORIENTED_EDGE('',*,*,#3772,.T.);
#1767=ORIENTED_EDGE('',*,*,#3187,.F.);
#1768=ORIENTED_EDGE('',*,*,#3773,.F.);
#1769=ORIENTED_EDGE('',*,*,#3774,.T.);
#1770=ORIENTED_EDGE('',*,*,#3770,.T.);
#1771=ORIENTED_EDGE('',*,*,#3213,.F.);
#1772=ORIENTED_EDGE('',*,*,#3775,.F.);
#1773=ORIENTED_EDGE('',*,*,#3776,.T.);
#1774=ORIENTED_EDGE('',*,*,#3773,.T.);
#1775=ORIENTED_EDGE('',*,*,#3212,.F.);
#1776=ORIENTED_EDGE('',*,*,#3777,.F.);
#1777=ORIENTED_EDGE('',*,*,#3778,.T.);
#1778=ORIENTED_EDGE('',*,*,#3775,.T.);
#1779=ORIENTED_EDGE('',*,*,#3211,.F.);
#1780=ORIENTED_EDGE('',*,*,#3779,.F.);
#1781=ORIENTED_EDGE('',*,*,#3780,.T.);
#1782=ORIENTED_EDGE('',*,*,#3777,.T.);
#1783=ORIENTED_EDGE('',*,*,#3210,.F.);
#1784=ORIENTED_EDGE('',*,*,#3781,.F.);
#1785=ORIENTED_EDGE('',*,*,#3782,.T.);
#1786=ORIENTED_EDGE('',*,*,#3779,.T.);
#1787=ORIENTED_EDGE('',*,*,#3209,.F.);
#1788=ORIENTED_EDGE('',*,*,#3783,.F.);
#1789=ORIENTED_EDGE('',*,*,#3784,.T.);
#1790=ORIENTED_EDGE('',*,*,#3781,.T.);
#1791=ORIENTED_EDGE('',*,*,#3208,.F.);
#1792=ORIENTED_EDGE('',*,*,#3785,.F.);
#1793=ORIENTED_EDGE('',*,*,#3786,.T.);
#1794=ORIENTED_EDGE('',*,*,#3783,.T.);
#1795=ORIENTED_EDGE('',*,*,#3207,.F.);
#1796=ORIENTED_EDGE('',*,*,#3787,.F.);
#1797=ORIENTED_EDGE('',*,*,#3788,.T.);
#1798=ORIENTED_EDGE('',*,*,#3785,.T.);
#1799=ORIENTED_EDGE('',*,*,#3206,.F.);
#1800=ORIENTED_EDGE('',*,*,#3789,.F.);
#1801=ORIENTED_EDGE('',*,*,#3790,.T.);
#1802=ORIENTED_EDGE('',*,*,#3787,.T.);
#1803=ORIENTED_EDGE('',*,*,#3205,.F.);
#1804=ORIENTED_EDGE('',*,*,#3791,.F.);
#1805=ORIENTED_EDGE('',*,*,#3792,.T.);
#1806=ORIENTED_EDGE('',*,*,#3789,.T.);
#1807=ORIENTED_EDGE('',*,*,#3204,.F.);
#1808=ORIENTED_EDGE('',*,*,#3793,.F.);
#1809=ORIENTED_EDGE('',*,*,#3794,.T.);
#1810=ORIENTED_EDGE('',*,*,#3791,.T.);
#1811=ORIENTED_EDGE('',*,*,#3203,.F.);
#1812=ORIENTED_EDGE('',*,*,#3795,.F.);
#1813=ORIENTED_EDGE('',*,*,#3796,.T.);
#1814=ORIENTED_EDGE('',*,*,#3793,.T.);
#1815=ORIENTED_EDGE('',*,*,#3202,.F.);
#1816=ORIENTED_EDGE('',*,*,#3797,.F.);
#1817=ORIENTED_EDGE('',*,*,#3798,.T.);
#1818=ORIENTED_EDGE('',*,*,#3795,.T.);
#1819=ORIENTED_EDGE('',*,*,#3201,.F.);
#1820=ORIENTED_EDGE('',*,*,#3799,.F.);
#1821=ORIENTED_EDGE('',*,*,#3800,.T.);
#1822=ORIENTED_EDGE('',*,*,#3797,.T.);
#1823=ORIENTED_EDGE('',*,*,#3200,.F.);
#1824=ORIENTED_EDGE('',*,*,#3801,.F.);
#1825=ORIENTED_EDGE('',*,*,#3802,.T.);
#1826=ORIENTED_EDGE('',*,*,#3799,.T.);
#1827=ORIENTED_EDGE('',*,*,#3199,.F.);
#1828=ORIENTED_EDGE('',*,*,#3803,.F.);
#1829=ORIENTED_EDGE('',*,*,#3804,.T.);
#1830=ORIENTED_EDGE('',*,*,#3801,.T.);
#1831=ORIENTED_EDGE('',*,*,#3198,.F.);
#1832=ORIENTED_EDGE('',*,*,#3805,.F.);
#1833=ORIENTED_EDGE('',*,*,#3806,.T.);
#1834=ORIENTED_EDGE('',*,*,#3803,.T.);
#1835=ORIENTED_EDGE('',*,*,#3197,.F.);
#1836=ORIENTED_EDGE('',*,*,#3807,.F.);
#1837=ORIENTED_EDGE('',*,*,#3808,.T.);
#1838=ORIENTED_EDGE('',*,*,#3805,.T.);
#1839=ORIENTED_EDGE('',*,*,#3196,.F.);
#1840=ORIENTED_EDGE('',*,*,#3809,.F.);
#1841=ORIENTED_EDGE('',*,*,#3810,.T.);
#1842=ORIENTED_EDGE('',*,*,#3807,.T.);
#1843=ORIENTED_EDGE('',*,*,#3195,.F.);
#1844=ORIENTED_EDGE('',*,*,#3811,.F.);
#1845=ORIENTED_EDGE('',*,*,#3812,.T.);
#1846=ORIENTED_EDGE('',*,*,#3809,.T.);
#1847=ORIENTED_EDGE('',*,*,#3194,.F.);
#1848=ORIENTED_EDGE('',*,*,#3813,.F.);
#1849=ORIENTED_EDGE('',*,*,#3814,.T.);
#1850=ORIENTED_EDGE('',*,*,#3811,.T.);
#1851=ORIENTED_EDGE('',*,*,#3193,.F.);
#1852=ORIENTED_EDGE('',*,*,#3815,.F.);
#1853=ORIENTED_EDGE('',*,*,#3816,.T.);
#1854=ORIENTED_EDGE('',*,*,#3813,.T.);
#1855=ORIENTED_EDGE('',*,*,#3192,.F.);
#1856=ORIENTED_EDGE('',*,*,#3817,.F.);
#1857=ORIENTED_EDGE('',*,*,#3818,.T.);
#1858=ORIENTED_EDGE('',*,*,#3815,.T.);
#1859=ORIENTED_EDGE('',*,*,#3191,.F.);
#1860=ORIENTED_EDGE('',*,*,#3819,.F.);
#1861=ORIENTED_EDGE('',*,*,#3820,.T.);
#1862=ORIENTED_EDGE('',*,*,#3817,.T.);
#1863=ORIENTED_EDGE('',*,*,#3190,.F.);
#1864=ORIENTED_EDGE('',*,*,#3821,.F.);
#1865=ORIENTED_EDGE('',*,*,#3822,.T.);
#1866=ORIENTED_EDGE('',*,*,#3819,.T.);
#1867=ORIENTED_EDGE('',*,*,#3189,.F.);
#1868=ORIENTED_EDGE('',*,*,#3772,.F.);
#1869=ORIENTED_EDGE('',*,*,#3823,.T.);
#1870=ORIENTED_EDGE('',*,*,#3821,.T.);
#1871=ORIENTED_EDGE('',*,*,#3771,.F.);
#1872=ORIENTED_EDGE('',*,*,#3774,.F.);
#1873=ORIENTED_EDGE('',*,*,#3776,.F.);
#1874=ORIENTED_EDGE('',*,*,#3778,.F.);
#1875=ORIENTED_EDGE('',*,*,#3780,.F.);
#1876=ORIENTED_EDGE('',*,*,#3782,.F.);
#1877=ORIENTED_EDGE('',*,*,#3784,.F.);
#1878=ORIENTED_EDGE('',*,*,#3786,.F.);
#1879=ORIENTED_EDGE('',*,*,#3788,.F.);
#1880=ORIENTED_EDGE('',*,*,#3790,.F.);
#1881=ORIENTED_EDGE('',*,*,#3792,.F.);
#1882=ORIENTED_EDGE('',*,*,#3794,.F.);
#1883=ORIENTED_EDGE('',*,*,#3796,.F.);
#1884=ORIENTED_EDGE('',*,*,#3798,.F.);
#1885=ORIENTED_EDGE('',*,*,#3800,.F.);
#1886=ORIENTED_EDGE('',*,*,#3802,.F.);
#1887=ORIENTED_EDGE('',*,*,#3804,.F.);
#1888=ORIENTED_EDGE('',*,*,#3806,.F.);
#1889=ORIENTED_EDGE('',*,*,#3808,.F.);
#1890=ORIENTED_EDGE('',*,*,#3810,.F.);
#1891=ORIENTED_EDGE('',*,*,#3812,.F.);
#1892=ORIENTED_EDGE('',*,*,#3814,.F.);
#1893=ORIENTED_EDGE('',*,*,#3816,.F.);
#1894=ORIENTED_EDGE('',*,*,#3818,.F.);
#1895=ORIENTED_EDGE('',*,*,#3820,.F.);
#1896=ORIENTED_EDGE('',*,*,#3822,.F.);
#1897=ORIENTED_EDGE('',*,*,#3823,.F.);
#1898=ORIENTED_EDGE('',*,*,#3824,.F.);
#1899=ORIENTED_EDGE('',*,*,#3825,.F.);
#1900=ORIENTED_EDGE('',*,*,#3826,.T.);
#1901=ORIENTED_EDGE('',*,*,#3827,.T.);
#1902=ORIENTED_EDGE('',*,*,#3828,.F.);
#1903=ORIENTED_EDGE('',*,*,#3829,.F.);
#1904=ORIENTED_EDGE('',*,*,#3830,.T.);
#1905=ORIENTED_EDGE('',*,*,#3825,.T.);
#1906=ORIENTED_EDGE('',*,*,#3831,.F.);
#1907=ORIENTED_EDGE('',*,*,#3832,.F.);
#1908=ORIENTED_EDGE('',*,*,#3833,.T.);
#1909=ORIENTED_EDGE('',*,*,#3829,.T.);
#1910=ORIENTED_EDGE('',*,*,#3834,.F.);
#1911=ORIENTED_EDGE('',*,*,#3835,.F.);
#1912=ORIENTED_EDGE('',*,*,#3836,.T.);
#1913=ORIENTED_EDGE('',*,*,#3832,.T.);
#1914=ORIENTED_EDGE('',*,*,#3837,.F.);
#1915=ORIENTED_EDGE('',*,*,#3838,.F.);
#1916=ORIENTED_EDGE('',*,*,#3839,.T.);
#1917=ORIENTED_EDGE('',*,*,#3835,.T.);
#1918=ORIENTED_EDGE('',*,*,#3840,.F.);
#1919=ORIENTED_EDGE('',*,*,#3841,.F.);
#1920=ORIENTED_EDGE('',*,*,#3842,.T.);
#1921=ORIENTED_EDGE('',*,*,#3838,.T.);
#1922=ORIENTED_EDGE('',*,*,#3843,.F.);
#1923=ORIENTED_EDGE('',*,*,#3844,.F.);
#1924=ORIENTED_EDGE('',*,*,#3845,.T.);
#1925=ORIENTED_EDGE('',*,*,#3841,.T.);
#1926=ORIENTED_EDGE('',*,*,#3846,.F.);
#1927=ORIENTED_EDGE('',*,*,#3847,.F.);
#1928=ORIENTED_EDGE('',*,*,#3848,.T.);
#1929=ORIENTED_EDGE('',*,*,#3844,.T.);
#1930=ORIENTED_EDGE('',*,*,#3849,.F.);
#1931=ORIENTED_EDGE('',*,*,#3850,.F.);
#1932=ORIENTED_EDGE('',*,*,#3851,.T.);
#1933=ORIENTED_EDGE('',*,*,#3847,.T.);
#1934=ORIENTED_EDGE('',*,*,#3219,.F.);
#1935=ORIENTED_EDGE('',*,*,#3852,.F.);
#1936=ORIENTED_EDGE('',*,*,#3853,.T.);
#1937=ORIENTED_EDGE('',*,*,#3854,.T.);
#1938=ORIENTED_EDGE('',*,*,#3218,.F.);
#1939=ORIENTED_EDGE('',*,*,#3855,.F.);
#1940=ORIENTED_EDGE('',*,*,#3856,.T.);
#1941=ORIENTED_EDGE('',*,*,#3852,.T.);
#1942=ORIENTED_EDGE('',*,*,#3237,.F.);
#1943=ORIENTED_EDGE('',*,*,#3857,.F.);
#1944=ORIENTED_EDGE('',*,*,#3858,.T.);
#1945=ORIENTED_EDGE('',*,*,#3855,.T.);
#1946=ORIENTED_EDGE('',*,*,#3236,.F.);
#1947=ORIENTED_EDGE('',*,*,#3859,.F.);
#1948=ORIENTED_EDGE('',*,*,#3860,.T.);
#1949=ORIENTED_EDGE('',*,*,#3857,.T.);
#1950=ORIENTED_EDGE('',*,*,#3235,.F.);
#1951=ORIENTED_EDGE('',*,*,#3861,.F.);
#1952=ORIENTED_EDGE('',*,*,#3862,.T.);
#1953=ORIENTED_EDGE('',*,*,#3859,.T.);
#1954=ORIENTED_EDGE('',*,*,#3234,.F.);
#1955=ORIENTED_EDGE('',*,*,#3863,.F.);
#1956=ORIENTED_EDGE('',*,*,#3864,.T.);
#1957=ORIENTED_EDGE('',*,*,#3861,.T.);
#1958=ORIENTED_EDGE('',*,*,#3233,.F.);
#1959=ORIENTED_EDGE('',*,*,#3865,.F.);
#1960=ORIENTED_EDGE('',*,*,#3866,.T.);
#1961=ORIENTED_EDGE('',*,*,#3863,.T.);
#1962=ORIENTED_EDGE('',*,*,#3232,.F.);
#1963=ORIENTED_EDGE('',*,*,#3867,.F.);
#1964=ORIENTED_EDGE('',*,*,#3868,.T.);
#1965=ORIENTED_EDGE('',*,*,#3865,.T.);
#1966=ORIENTED_EDGE('',*,*,#3231,.F.);
#1967=ORIENTED_EDGE('',*,*,#3869,.F.);
#1968=ORIENTED_EDGE('',*,*,#3870,.T.);
#1969=ORIENTED_EDGE('',*,*,#3867,.T.);
#1970=ORIENTED_EDGE('',*,*,#3230,.F.);
#1971=ORIENTED_EDGE('',*,*,#3871,.F.);
#1972=ORIENTED_EDGE('',*,*,#3872,.T.);
#1973=ORIENTED_EDGE('',*,*,#3869,.T.);
#1974=ORIENTED_EDGE('',*,*,#3229,.F.);
#1975=ORIENTED_EDGE('',*,*,#3873,.F.);
#1976=ORIENTED_EDGE('',*,*,#3874,.T.);
#1977=ORIENTED_EDGE('',*,*,#3871,.T.);
#1978=ORIENTED_EDGE('',*,*,#3228,.F.);
#1979=ORIENTED_EDGE('',*,*,#3875,.F.);
#1980=ORIENTED_EDGE('',*,*,#3876,.T.);
#1981=ORIENTED_EDGE('',*,*,#3873,.T.);
#1982=ORIENTED_EDGE('',*,*,#3227,.F.);
#1983=ORIENTED_EDGE('',*,*,#3877,.F.);
#1984=ORIENTED_EDGE('',*,*,#3878,.T.);
#1985=ORIENTED_EDGE('',*,*,#3875,.T.);
#1986=ORIENTED_EDGE('',*,*,#3226,.F.);
#1987=ORIENTED_EDGE('',*,*,#3879,.F.);
#1988=ORIENTED_EDGE('',*,*,#3880,.T.);
#1989=ORIENTED_EDGE('',*,*,#3877,.T.);
#1990=ORIENTED_EDGE('',*,*,#3225,.F.);
#1991=ORIENTED_EDGE('',*,*,#3881,.F.);
#1992=ORIENTED_EDGE('',*,*,#3882,.T.);
#1993=ORIENTED_EDGE('',*,*,#3879,.T.);
#1994=ORIENTED_EDGE('',*,*,#3224,.F.);
#1995=ORIENTED_EDGE('',*,*,#3883,.F.);
#1996=ORIENTED_EDGE('',*,*,#3884,.T.);
#1997=ORIENTED_EDGE('',*,*,#3881,.T.);
#1998=ORIENTED_EDGE('',*,*,#3223,.F.);
#1999=ORIENTED_EDGE('',*,*,#3885,.F.);
#2000=ORIENTED_EDGE('',*,*,#3886,.T.);
#2001=ORIENTED_EDGE('',*,*,#3883,.T.);
#2002=ORIENTED_EDGE('',*,*,#3222,.F.);
#2003=ORIENTED_EDGE('',*,*,#3887,.F.);
#2004=ORIENTED_EDGE('',*,*,#3888,.T.);
#2005=ORIENTED_EDGE('',*,*,#3885,.T.);
#2006=ORIENTED_EDGE('',*,*,#3221,.F.);
#2007=ORIENTED_EDGE('',*,*,#3889,.F.);
#2008=ORIENTED_EDGE('',*,*,#3890,.T.);
#2009=ORIENTED_EDGE('',*,*,#3887,.T.);
#2010=ORIENTED_EDGE('',*,*,#3220,.F.);
#2011=ORIENTED_EDGE('',*,*,#3854,.F.);
#2012=ORIENTED_EDGE('',*,*,#3891,.T.);
#2013=ORIENTED_EDGE('',*,*,#3889,.T.);
#2014=ORIENTED_EDGE('',*,*,#3892,.F.);
#2015=ORIENTED_EDGE('',*,*,#3827,.F.);
#2016=ORIENTED_EDGE('',*,*,#3893,.T.);
#2017=ORIENTED_EDGE('',*,*,#3850,.T.);
#2018=ORIENTED_EDGE('',*,*,#3853,.F.);
#2019=ORIENTED_EDGE('',*,*,#3856,.F.);
#2020=ORIENTED_EDGE('',*,*,#3858,.F.);
#2021=ORIENTED_EDGE('',*,*,#3860,.F.);
#2022=ORIENTED_EDGE('',*,*,#3862,.F.);
#2023=ORIENTED_EDGE('',*,*,#3864,.F.);
#2024=ORIENTED_EDGE('',*,*,#3866,.F.);
#2025=ORIENTED_EDGE('',*,*,#3868,.F.);
#2026=ORIENTED_EDGE('',*,*,#3870,.F.);
#2027=ORIENTED_EDGE('',*,*,#3872,.F.);
#2028=ORIENTED_EDGE('',*,*,#3874,.F.);
#2029=ORIENTED_EDGE('',*,*,#3876,.F.);
#2030=ORIENTED_EDGE('',*,*,#3878,.F.);
#2031=ORIENTED_EDGE('',*,*,#3880,.F.);
#2032=ORIENTED_EDGE('',*,*,#3882,.F.);
#2033=ORIENTED_EDGE('',*,*,#3884,.F.);
#2034=ORIENTED_EDGE('',*,*,#3886,.F.);
#2035=ORIENTED_EDGE('',*,*,#3888,.F.);
#2036=ORIENTED_EDGE('',*,*,#3890,.F.);
#2037=ORIENTED_EDGE('',*,*,#3891,.F.);
#2038=ORIENTED_EDGE('',*,*,#3826,.F.);
#2039=ORIENTED_EDGE('',*,*,#3830,.F.);
#2040=ORIENTED_EDGE('',*,*,#3833,.F.);
#2041=ORIENTED_EDGE('',*,*,#3836,.F.);
#2042=ORIENTED_EDGE('',*,*,#3839,.F.);
#2043=ORIENTED_EDGE('',*,*,#3842,.F.);
#2044=ORIENTED_EDGE('',*,*,#3845,.F.);
#2045=ORIENTED_EDGE('',*,*,#3848,.F.);
#2046=ORIENTED_EDGE('',*,*,#3851,.F.);
#2047=ORIENTED_EDGE('',*,*,#3893,.F.);
#2048=ORIENTED_EDGE('',*,*,#3239,.F.);
#2049=ORIENTED_EDGE('',*,*,#3894,.F.);
#2050=ORIENTED_EDGE('',*,*,#3895,.T.);
#2051=ORIENTED_EDGE('',*,*,#3896,.T.);
#2052=ORIENTED_EDGE('',*,*,#3238,.F.);
#2053=ORIENTED_EDGE('',*,*,#3897,.F.);
#2054=ORIENTED_EDGE('',*,*,#3898,.T.);
#2055=ORIENTED_EDGE('',*,*,#3894,.T.);
#2056=ORIENTED_EDGE('',*,*,#3263,.F.);
#2057=ORIENTED_EDGE('',*,*,#3899,.F.);
#2058=ORIENTED_EDGE('',*,*,#3900,.T.);
#2059=ORIENTED_EDGE('',*,*,#3897,.T.);
#2060=ORIENTED_EDGE('',*,*,#3262,.F.);
#2061=ORIENTED_EDGE('',*,*,#3901,.F.);
#2062=ORIENTED_EDGE('',*,*,#3902,.T.);
#2063=ORIENTED_EDGE('',*,*,#3899,.T.);
#2064=ORIENTED_EDGE('',*,*,#3261,.F.);
#2065=ORIENTED_EDGE('',*,*,#3903,.F.);
#2066=ORIENTED_EDGE('',*,*,#3904,.T.);
#2067=ORIENTED_EDGE('',*,*,#3901,.T.);
#2068=ORIENTED_EDGE('',*,*,#3260,.F.);
#2069=ORIENTED_EDGE('',*,*,#3905,.F.);
#2070=ORIENTED_EDGE('',*,*,#3906,.T.);
#2071=ORIENTED_EDGE('',*,*,#3903,.T.);
#2072=ORIENTED_EDGE('',*,*,#3259,.F.);
#2073=ORIENTED_EDGE('',*,*,#3907,.F.);
#2074=ORIENTED_EDGE('',*,*,#3908,.T.);
#2075=ORIENTED_EDGE('',*,*,#3905,.T.);
#2076=ORIENTED_EDGE('',*,*,#3258,.F.);
#2077=ORIENTED_EDGE('',*,*,#3909,.F.);
#2078=ORIENTED_EDGE('',*,*,#3910,.T.);
#2079=ORIENTED_EDGE('',*,*,#3907,.T.);
#2080=ORIENTED_EDGE('',*,*,#3257,.F.);
#2081=ORIENTED_EDGE('',*,*,#3911,.F.);
#2082=ORIENTED_EDGE('',*,*,#3912,.T.);
#2083=ORIENTED_EDGE('',*,*,#3909,.T.);
#2084=ORIENTED_EDGE('',*,*,#3256,.F.);
#2085=ORIENTED_EDGE('',*,*,#3913,.F.);
#2086=ORIENTED_EDGE('',*,*,#3914,.T.);
#2087=ORIENTED_EDGE('',*,*,#3911,.T.);
#2088=ORIENTED_EDGE('',*,*,#3255,.F.);
#2089=ORIENTED_EDGE('',*,*,#3915,.F.);
#2090=ORIENTED_EDGE('',*,*,#3916,.T.);
#2091=ORIENTED_EDGE('',*,*,#3913,.T.);
#2092=ORIENTED_EDGE('',*,*,#3254,.F.);
#2093=ORIENTED_EDGE('',*,*,#3917,.F.);
#2094=ORIENTED_EDGE('',*,*,#3918,.T.);
#2095=ORIENTED_EDGE('',*,*,#3915,.T.);
#2096=ORIENTED_EDGE('',*,*,#3253,.F.);
#2097=ORIENTED_EDGE('',*,*,#3919,.F.);
#2098=ORIENTED_EDGE('',*,*,#3920,.T.);
#2099=ORIENTED_EDGE('',*,*,#3917,.T.);
#2100=ORIENTED_EDGE('',*,*,#3252,.F.);
#2101=ORIENTED_EDGE('',*,*,#3921,.F.);
#2102=ORIENTED_EDGE('',*,*,#3922,.T.);
#2103=ORIENTED_EDGE('',*,*,#3919,.T.);
#2104=ORIENTED_EDGE('',*,*,#3251,.F.);
#2105=ORIENTED_EDGE('',*,*,#3923,.F.);
#2106=ORIENTED_EDGE('',*,*,#3924,.T.);
#2107=ORIENTED_EDGE('',*,*,#3921,.T.);
#2108=ORIENTED_EDGE('',*,*,#3250,.F.);
#2109=ORIENTED_EDGE('',*,*,#3925,.F.);
#2110=ORIENTED_EDGE('',*,*,#3926,.T.);
#2111=ORIENTED_EDGE('',*,*,#3923,.T.);
#2112=ORIENTED_EDGE('',*,*,#3249,.F.);
#2113=ORIENTED_EDGE('',*,*,#3927,.F.);
#2114=ORIENTED_EDGE('',*,*,#3928,.T.);
#2115=ORIENTED_EDGE('',*,*,#3925,.T.);
#2116=ORIENTED_EDGE('',*,*,#3248,.F.);
#2117=ORIENTED_EDGE('',*,*,#3929,.F.);
#2118=ORIENTED_EDGE('',*,*,#3930,.T.);
#2119=ORIENTED_EDGE('',*,*,#3927,.T.);
#2120=ORIENTED_EDGE('',*,*,#3247,.F.);
#2121=ORIENTED_EDGE('',*,*,#3931,.F.);
#2122=ORIENTED_EDGE('',*,*,#3932,.T.);
#2123=ORIENTED_EDGE('',*,*,#3929,.T.);
#2124=ORIENTED_EDGE('',*,*,#3246,.F.);
#2125=ORIENTED_EDGE('',*,*,#3933,.F.);
#2126=ORIENTED_EDGE('',*,*,#3934,.T.);
#2127=ORIENTED_EDGE('',*,*,#3931,.T.);
#2128=ORIENTED_EDGE('',*,*,#3245,.F.);
#2129=ORIENTED_EDGE('',*,*,#3935,.F.);
#2130=ORIENTED_EDGE('',*,*,#3936,.T.);
#2131=ORIENTED_EDGE('',*,*,#3933,.T.);
#2132=ORIENTED_EDGE('',*,*,#3244,.F.);
#2133=ORIENTED_EDGE('',*,*,#3937,.F.);
#2134=ORIENTED_EDGE('',*,*,#3938,.T.);
#2135=ORIENTED_EDGE('',*,*,#3935,.T.);
#2136=ORIENTED_EDGE('',*,*,#3243,.F.);
#2137=ORIENTED_EDGE('',*,*,#3939,.F.);
#2138=ORIENTED_EDGE('',*,*,#3940,.T.);
#2139=ORIENTED_EDGE('',*,*,#3937,.T.);
#2140=ORIENTED_EDGE('',*,*,#3242,.F.);
#2141=ORIENTED_EDGE('',*,*,#3941,.F.);
#2142=ORIENTED_EDGE('',*,*,#3942,.T.);
#2143=ORIENTED_EDGE('',*,*,#3939,.T.);
#2144=ORIENTED_EDGE('',*,*,#3241,.F.);
#2145=ORIENTED_EDGE('',*,*,#3943,.F.);
#2146=ORIENTED_EDGE('',*,*,#3944,.T.);
#2147=ORIENTED_EDGE('',*,*,#3941,.T.);
#2148=ORIENTED_EDGE('',*,*,#3240,.F.);
#2149=ORIENTED_EDGE('',*,*,#3896,.F.);
#2150=ORIENTED_EDGE('',*,*,#3945,.T.);
#2151=ORIENTED_EDGE('',*,*,#3943,.T.);
#2152=ORIENTED_EDGE('',*,*,#3895,.F.);
#2153=ORIENTED_EDGE('',*,*,#3898,.F.);
#2154=ORIENTED_EDGE('',*,*,#3900,.F.);
#2155=ORIENTED_EDGE('',*,*,#3902,.F.);
#2156=ORIENTED_EDGE('',*,*,#3904,.F.);
#2157=ORIENTED_EDGE('',*,*,#3906,.F.);
#2158=ORIENTED_EDGE('',*,*,#3908,.F.);
#2159=ORIENTED_EDGE('',*,*,#3910,.F.);
#2160=ORIENTED_EDGE('',*,*,#3912,.F.);
#2161=ORIENTED_EDGE('',*,*,#3914,.F.);
#2162=ORIENTED_EDGE('',*,*,#3916,.F.);
#2163=ORIENTED_EDGE('',*,*,#3918,.F.);
#2164=ORIENTED_EDGE('',*,*,#3920,.F.);
#2165=ORIENTED_EDGE('',*,*,#3922,.F.);
#2166=ORIENTED_EDGE('',*,*,#3924,.F.);
#2167=ORIENTED_EDGE('',*,*,#3926,.F.);
#2168=ORIENTED_EDGE('',*,*,#3928,.F.);
#2169=ORIENTED_EDGE('',*,*,#3930,.F.);
#2170=ORIENTED_EDGE('',*,*,#3932,.F.);
#2171=ORIENTED_EDGE('',*,*,#3934,.F.);
#2172=ORIENTED_EDGE('',*,*,#3936,.F.);
#2173=ORIENTED_EDGE('',*,*,#3938,.F.);
#2174=ORIENTED_EDGE('',*,*,#3940,.F.);
#2175=ORIENTED_EDGE('',*,*,#3942,.F.);
#2176=ORIENTED_EDGE('',*,*,#3944,.F.);
#2177=ORIENTED_EDGE('',*,*,#3945,.F.);
#2178=ORIENTED_EDGE('',*,*,#3265,.F.);
#2179=ORIENTED_EDGE('',*,*,#3946,.F.);
#2180=ORIENTED_EDGE('',*,*,#3947,.T.);
#2181=ORIENTED_EDGE('',*,*,#3948,.T.);
#2182=ORIENTED_EDGE('',*,*,#3264,.F.);
#2183=ORIENTED_EDGE('',*,*,#3949,.F.);
#2184=ORIENTED_EDGE('',*,*,#3950,.T.);
#2185=ORIENTED_EDGE('',*,*,#3946,.T.);
#2186=ORIENTED_EDGE('',*,*,#3293,.F.);
#2187=ORIENTED_EDGE('',*,*,#3951,.F.);
#2188=ORIENTED_EDGE('',*,*,#3952,.T.);
#2189=ORIENTED_EDGE('',*,*,#3949,.T.);
#2190=ORIENTED_EDGE('',*,*,#3292,.F.);
#2191=ORIENTED_EDGE('',*,*,#3953,.F.);
#2192=ORIENTED_EDGE('',*,*,#3954,.T.);
#2193=ORIENTED_EDGE('',*,*,#3951,.T.);
#2194=ORIENTED_EDGE('',*,*,#3291,.F.);
#2195=ORIENTED_EDGE('',*,*,#3955,.F.);
#2196=ORIENTED_EDGE('',*,*,#3956,.T.);
#2197=ORIENTED_EDGE('',*,*,#3953,.T.);
#2198=ORIENTED_EDGE('',*,*,#3290,.F.);
#2199=ORIENTED_EDGE('',*,*,#3957,.F.);
#2200=ORIENTED_EDGE('',*,*,#3958,.T.);
#2201=ORIENTED_EDGE('',*,*,#3955,.T.);
#2202=ORIENTED_EDGE('',*,*,#3289,.F.);
#2203=ORIENTED_EDGE('',*,*,#3959,.F.);
#2204=ORIENTED_EDGE('',*,*,#3960,.T.);
#2205=ORIENTED_EDGE('',*,*,#3957,.T.);
#2206=ORIENTED_EDGE('',*,*,#3288,.F.);
#2207=ORIENTED_EDGE('',*,*,#3961,.F.);
#2208=ORIENTED_EDGE('',*,*,#3962,.T.);
#2209=ORIENTED_EDGE('',*,*,#3959,.T.);
#2210=ORIENTED_EDGE('',*,*,#3287,.F.);
#2211=ORIENTED_EDGE('',*,*,#3963,.F.);
#2212=ORIENTED_EDGE('',*,*,#3964,.T.);
#2213=ORIENTED_EDGE('',*,*,#3961,.T.);
#2214=ORIENTED_EDGE('',*,*,#3286,.F.);
#2215=ORIENTED_EDGE('',*,*,#3965,.F.);
#2216=ORIENTED_EDGE('',*,*,#3966,.T.);
#2217=ORIENTED_EDGE('',*,*,#3963,.T.);
#2218=ORIENTED_EDGE('',*,*,#3285,.F.);
#2219=ORIENTED_EDGE('',*,*,#3967,.F.);
#2220=ORIENTED_EDGE('',*,*,#3968,.T.);
#2221=ORIENTED_EDGE('',*,*,#3965,.T.);
#2222=ORIENTED_EDGE('',*,*,#3284,.F.);
#2223=ORIENTED_EDGE('',*,*,#3969,.F.);
#2224=ORIENTED_EDGE('',*,*,#3970,.T.);
#2225=ORIENTED_EDGE('',*,*,#3967,.T.);
#2226=ORIENTED_EDGE('',*,*,#3283,.F.);
#2227=ORIENTED_EDGE('',*,*,#3971,.F.);
#2228=ORIENTED_EDGE('',*,*,#3972,.T.);
#2229=ORIENTED_EDGE('',*,*,#3969,.T.);
#2230=ORIENTED_EDGE('',*,*,#3282,.F.);
#2231=ORIENTED_EDGE('',*,*,#3973,.F.);
#2232=ORIENTED_EDGE('',*,*,#3974,.T.);
#2233=ORIENTED_EDGE('',*,*,#3971,.T.);
#2234=ORIENTED_EDGE('',*,*,#3281,.F.);
#2235=ORIENTED_EDGE('',*,*,#3975,.F.);
#2236=ORIENTED_EDGE('',*,*,#3976,.T.);
#2237=ORIENTED_EDGE('',*,*,#3973,.T.);
#2238=ORIENTED_EDGE('',*,*,#3280,.F.);
#2239=ORIENTED_EDGE('',*,*,#3977,.F.);
#2240=ORIENTED_EDGE('',*,*,#3978,.T.);
#2241=ORIENTED_EDGE('',*,*,#3975,.T.);
#2242=ORIENTED_EDGE('',*,*,#3279,.F.);
#2243=ORIENTED_EDGE('',*,*,#3979,.F.);
#2244=ORIENTED_EDGE('',*,*,#3980,.T.);
#2245=ORIENTED_EDGE('',*,*,#3977,.T.);
#2246=ORIENTED_EDGE('',*,*,#3278,.F.);
#2247=ORIENTED_EDGE('',*,*,#3981,.F.);
#2248=ORIENTED_EDGE('',*,*,#3982,.T.);
#2249=ORIENTED_EDGE('',*,*,#3979,.T.);
#2250=ORIENTED_EDGE('',*,*,#3277,.F.);
#2251=ORIENTED_EDGE('',*,*,#3983,.F.);
#2252=ORIENTED_EDGE('',*,*,#3984,.T.);
#2253=ORIENTED_EDGE('',*,*,#3981,.T.);
#2254=ORIENTED_EDGE('',*,*,#3276,.F.);
#2255=ORIENTED_EDGE('',*,*,#3985,.F.);
#2256=ORIENTED_EDGE('',*,*,#3986,.T.);
#2257=ORIENTED_EDGE('',*,*,#3983,.T.);
#2258=ORIENTED_EDGE('',*,*,#3275,.F.);
#2259=ORIENTED_EDGE('',*,*,#3987,.F.);
#2260=ORIENTED_EDGE('',*,*,#3988,.T.);
#2261=ORIENTED_EDGE('',*,*,#3985,.T.);
#2262=ORIENTED_EDGE('',*,*,#3274,.F.);
#2263=ORIENTED_EDGE('',*,*,#3989,.F.);
#2264=ORIENTED_EDGE('',*,*,#3990,.T.);
#2265=ORIENTED_EDGE('',*,*,#3987,.T.);
#2266=ORIENTED_EDGE('',*,*,#3273,.F.);
#2267=ORIENTED_EDGE('',*,*,#3991,.F.);
#2268=ORIENTED_EDGE('',*,*,#3992,.T.);
#2269=ORIENTED_EDGE('',*,*,#3989,.T.);
#2270=ORIENTED_EDGE('',*,*,#3272,.F.);
#2271=ORIENTED_EDGE('',*,*,#3993,.F.);
#2272=ORIENTED_EDGE('',*,*,#3994,.T.);
#2273=ORIENTED_EDGE('',*,*,#3991,.T.);
#2274=ORIENTED_EDGE('',*,*,#3271,.F.);
#2275=ORIENTED_EDGE('',*,*,#3995,.F.);
#2276=ORIENTED_EDGE('',*,*,#3996,.T.);
#2277=ORIENTED_EDGE('',*,*,#3993,.T.);
#2278=ORIENTED_EDGE('',*,*,#3270,.F.);
#2279=ORIENTED_EDGE('',*,*,#3997,.F.);
#2280=ORIENTED_EDGE('',*,*,#3998,.T.);
#2281=ORIENTED_EDGE('',*,*,#3995,.T.);
#2282=ORIENTED_EDGE('',*,*,#3269,.F.);
#2283=ORIENTED_EDGE('',*,*,#3999,.F.);
#2284=ORIENTED_EDGE('',*,*,#4000,.T.);
#2285=ORIENTED_EDGE('',*,*,#3997,.T.);
#2286=ORIENTED_EDGE('',*,*,#3268,.F.);
#2287=ORIENTED_EDGE('',*,*,#4001,.F.);
#2288=ORIENTED_EDGE('',*,*,#4002,.T.);
#2289=ORIENTED_EDGE('',*,*,#3999,.T.);
#2290=ORIENTED_EDGE('',*,*,#3267,.F.);
#2291=ORIENTED_EDGE('',*,*,#4003,.F.);
#2292=ORIENTED_EDGE('',*,*,#4004,.T.);
#2293=ORIENTED_EDGE('',*,*,#4001,.T.);
#2294=ORIENTED_EDGE('',*,*,#3266,.F.);
#2295=ORIENTED_EDGE('',*,*,#3948,.F.);
#2296=ORIENTED_EDGE('',*,*,#4005,.T.);
#2297=ORIENTED_EDGE('',*,*,#4003,.T.);
#2298=ORIENTED_EDGE('',*,*,#3947,.F.);
#2299=ORIENTED_EDGE('',*,*,#3950,.F.);
#2300=ORIENTED_EDGE('',*,*,#3952,.F.);
#2301=ORIENTED_EDGE('',*,*,#3954,.F.);
#2302=ORIENTED_EDGE('',*,*,#3956,.F.);
#2303=ORIENTED_EDGE('',*,*,#3958,.F.);
#2304=ORIENTED_EDGE('',*,*,#3960,.F.);
#2305=ORIENTED_EDGE('',*,*,#3962,.F.);
#2306=ORIENTED_EDGE('',*,*,#3964,.F.);
#2307=ORIENTED_EDGE('',*,*,#3966,.F.);
#2308=ORIENTED_EDGE('',*,*,#3968,.F.);
#2309=ORIENTED_EDGE('',*,*,#3970,.F.);
#2310=ORIENTED_EDGE('',*,*,#3972,.F.);
#2311=ORIENTED_EDGE('',*,*,#3974,.F.);
#2312=ORIENTED_EDGE('',*,*,#3976,.F.);
#2313=ORIENTED_EDGE('',*,*,#3978,.F.);
#2314=ORIENTED_EDGE('',*,*,#3980,.F.);
#2315=ORIENTED_EDGE('',*,*,#3982,.F.);
#2316=ORIENTED_EDGE('',*,*,#3984,.F.);
#2317=ORIENTED_EDGE('',*,*,#3986,.F.);
#2318=ORIENTED_EDGE('',*,*,#3988,.F.);
#2319=ORIENTED_EDGE('',*,*,#3990,.F.);
#2320=ORIENTED_EDGE('',*,*,#3992,.F.);
#2321=ORIENTED_EDGE('',*,*,#3994,.F.);
#2322=ORIENTED_EDGE('',*,*,#3996,.F.);
#2323=ORIENTED_EDGE('',*,*,#3998,.F.);
#2324=ORIENTED_EDGE('',*,*,#4000,.F.);
#2325=ORIENTED_EDGE('',*,*,#4002,.F.);
#2326=ORIENTED_EDGE('',*,*,#4004,.F.);
#2327=ORIENTED_EDGE('',*,*,#4005,.F.);
#2328=ORIENTED_EDGE('',*,*,#3295,.F.);
#2329=ORIENTED_EDGE('',*,*,#4006,.F.);
#2330=ORIENTED_EDGE('',*,*,#4007,.T.);
#2331=ORIENTED_EDGE('',*,*,#4008,.T.);
#2332=ORIENTED_EDGE('',*,*,#3294,.F.);
#2333=ORIENTED_EDGE('',*,*,#4009,.F.);
#2334=ORIENTED_EDGE('',*,*,#4010,.T.);
#2335=ORIENTED_EDGE('',*,*,#4006,.T.);
#2336=ORIENTED_EDGE('',*,*,#3319,.F.);
#2337=ORIENTED_EDGE('',*,*,#4011,.F.);
#2338=ORIENTED_EDGE('',*,*,#4012,.T.);
#2339=ORIENTED_EDGE('',*,*,#4009,.T.);
#2340=ORIENTED_EDGE('',*,*,#3318,.F.);
#2341=ORIENTED_EDGE('',*,*,#4013,.F.);
#2342=ORIENTED_EDGE('',*,*,#4014,.T.);
#2343=ORIENTED_EDGE('',*,*,#4011,.T.);
#2344=ORIENTED_EDGE('',*,*,#3317,.F.);
#2345=ORIENTED_EDGE('',*,*,#4015,.F.);
#2346=ORIENTED_EDGE('',*,*,#4016,.T.);
#2347=ORIENTED_EDGE('',*,*,#4013,.T.);
#2348=ORIENTED_EDGE('',*,*,#3316,.F.);
#2349=ORIENTED_EDGE('',*,*,#4017,.F.);
#2350=ORIENTED_EDGE('',*,*,#4018,.T.);
#2351=ORIENTED_EDGE('',*,*,#4015,.T.);
#2352=ORIENTED_EDGE('',*,*,#3315,.F.);
#2353=ORIENTED_EDGE('',*,*,#4019,.F.);
#2354=ORIENTED_EDGE('',*,*,#4020,.T.);
#2355=ORIENTED_EDGE('',*,*,#4017,.T.);
#2356=ORIENTED_EDGE('',*,*,#3314,.F.);
#2357=ORIENTED_EDGE('',*,*,#4021,.F.);
#2358=ORIENTED_EDGE('',*,*,#4022,.T.);
#2359=ORIENTED_EDGE('',*,*,#4019,.T.);
#2360=ORIENTED_EDGE('',*,*,#3313,.F.);
#2361=ORIENTED_EDGE('',*,*,#4023,.F.);
#2362=ORIENTED_EDGE('',*,*,#4024,.T.);
#2363=ORIENTED_EDGE('',*,*,#4021,.T.);
#2364=ORIENTED_EDGE('',*,*,#3312,.F.);
#2365=ORIENTED_EDGE('',*,*,#4025,.F.);
#2366=ORIENTED_EDGE('',*,*,#4026,.T.);
#2367=ORIENTED_EDGE('',*,*,#4023,.T.);
#2368=ORIENTED_EDGE('',*,*,#3311,.F.);
#2369=ORIENTED_EDGE('',*,*,#4027,.F.);
#2370=ORIENTED_EDGE('',*,*,#4028,.T.);
#2371=ORIENTED_EDGE('',*,*,#4025,.T.);
#2372=ORIENTED_EDGE('',*,*,#3310,.F.);
#2373=ORIENTED_EDGE('',*,*,#4029,.F.);
#2374=ORIENTED_EDGE('',*,*,#4030,.T.);
#2375=ORIENTED_EDGE('',*,*,#4027,.T.);
#2376=ORIENTED_EDGE('',*,*,#3309,.F.);
#2377=ORIENTED_EDGE('',*,*,#4031,.F.);
#2378=ORIENTED_EDGE('',*,*,#4032,.T.);
#2379=ORIENTED_EDGE('',*,*,#4029,.T.);
#2380=ORIENTED_EDGE('',*,*,#3308,.F.);
#2381=ORIENTED_EDGE('',*,*,#4033,.F.);
#2382=ORIENTED_EDGE('',*,*,#4034,.T.);
#2383=ORIENTED_EDGE('',*,*,#4031,.T.);
#2384=ORIENTED_EDGE('',*,*,#3307,.F.);
#2385=ORIENTED_EDGE('',*,*,#4035,.F.);
#2386=ORIENTED_EDGE('',*,*,#4036,.T.);
#2387=ORIENTED_EDGE('',*,*,#4033,.T.);
#2388=ORIENTED_EDGE('',*,*,#3306,.F.);
#2389=ORIENTED_EDGE('',*,*,#4037,.F.);
#2390=ORIENTED_EDGE('',*,*,#4038,.T.);
#2391=ORIENTED_EDGE('',*,*,#4035,.T.);
#2392=ORIENTED_EDGE('',*,*,#3305,.F.);
#2393=ORIENTED_EDGE('',*,*,#4039,.F.);
#2394=ORIENTED_EDGE('',*,*,#4040,.T.);
#2395=ORIENTED_EDGE('',*,*,#4037,.T.);
#2396=ORIENTED_EDGE('',*,*,#3304,.F.);
#2397=ORIENTED_EDGE('',*,*,#4041,.F.);
#2398=ORIENTED_EDGE('',*,*,#4042,.T.);
#2399=ORIENTED_EDGE('',*,*,#4039,.T.);
#2400=ORIENTED_EDGE('',*,*,#3303,.F.);
#2401=ORIENTED_EDGE('',*,*,#4043,.F.);
#2402=ORIENTED_EDGE('',*,*,#4044,.T.);
#2403=ORIENTED_EDGE('',*,*,#4041,.T.);
#2404=ORIENTED_EDGE('',*,*,#3302,.F.);
#2405=ORIENTED_EDGE('',*,*,#4045,.F.);
#2406=ORIENTED_EDGE('',*,*,#4046,.T.);
#2407=ORIENTED_EDGE('',*,*,#4043,.T.);
#2408=ORIENTED_EDGE('',*,*,#3301,.F.);
#2409=ORIENTED_EDGE('',*,*,#4047,.F.);
#2410=ORIENTED_EDGE('',*,*,#4048,.T.);
#2411=ORIENTED_EDGE('',*,*,#4045,.T.);
#2412=ORIENTED_EDGE('',*,*,#3300,.F.);
#2413=ORIENTED_EDGE('',*,*,#4049,.F.);
#2414=ORIENTED_EDGE('',*,*,#4050,.T.);
#2415=ORIENTED_EDGE('',*,*,#4047,.T.);
#2416=ORIENTED_EDGE('',*,*,#3299,.F.);
#2417=ORIENTED_EDGE('',*,*,#4051,.F.);
#2418=ORIENTED_EDGE('',*,*,#4052,.T.);
#2419=ORIENTED_EDGE('',*,*,#4049,.T.);
#2420=ORIENTED_EDGE('',*,*,#3298,.F.);
#2421=ORIENTED_EDGE('',*,*,#4053,.F.);
#2422=ORIENTED_EDGE('',*,*,#4054,.T.);
#2423=ORIENTED_EDGE('',*,*,#4051,.T.);
#2424=ORIENTED_EDGE('',*,*,#3297,.F.);
#2425=ORIENTED_EDGE('',*,*,#4055,.F.);
#2426=ORIENTED_EDGE('',*,*,#4056,.T.);
#2427=ORIENTED_EDGE('',*,*,#4053,.T.);
#2428=ORIENTED_EDGE('',*,*,#3296,.F.);
#2429=ORIENTED_EDGE('',*,*,#4008,.F.);
#2430=ORIENTED_EDGE('',*,*,#4057,.T.);
#2431=ORIENTED_EDGE('',*,*,#4055,.T.);
#2432=ORIENTED_EDGE('',*,*,#4007,.F.);
#2433=ORIENTED_EDGE('',*,*,#4010,.F.);
#2434=ORIENTED_EDGE('',*,*,#4012,.F.);
#2435=ORIENTED_EDGE('',*,*,#4014,.F.);
#2436=ORIENTED_EDGE('',*,*,#4016,.F.);
#2437=ORIENTED_EDGE('',*,*,#4018,.F.);
#2438=ORIENTED_EDGE('',*,*,#4020,.F.);
#2439=ORIENTED_EDGE('',*,*,#4022,.F.);
#2440=ORIENTED_EDGE('',*,*,#4024,.F.);
#2441=ORIENTED_EDGE('',*,*,#4026,.F.);
#2442=ORIENTED_EDGE('',*,*,#4028,.F.);
#2443=ORIENTED_EDGE('',*,*,#4030,.F.);
#2444=ORIENTED_EDGE('',*,*,#4032,.F.);
#2445=ORIENTED_EDGE('',*,*,#4034,.F.);
#2446=ORIENTED_EDGE('',*,*,#4036,.F.);
#2447=ORIENTED_EDGE('',*,*,#4038,.F.);
#2448=ORIENTED_EDGE('',*,*,#4040,.F.);
#2449=ORIENTED_EDGE('',*,*,#4042,.F.);
#2450=ORIENTED_EDGE('',*,*,#4044,.F.);
#2451=ORIENTED_EDGE('',*,*,#4046,.F.);
#2452=ORIENTED_EDGE('',*,*,#4048,.F.);
#2453=ORIENTED_EDGE('',*,*,#4050,.F.);
#2454=ORIENTED_EDGE('',*,*,#4052,.F.);
#2455=ORIENTED_EDGE('',*,*,#4054,.F.);
#2456=ORIENTED_EDGE('',*,*,#4056,.F.);
#2457=ORIENTED_EDGE('',*,*,#4057,.F.);
#2458=ORIENTED_EDGE('',*,*,#3321,.F.);
#2459=ORIENTED_EDGE('',*,*,#4058,.F.);
#2460=ORIENTED_EDGE('',*,*,#4059,.T.);
#2461=ORIENTED_EDGE('',*,*,#4060,.T.);
#2462=ORIENTED_EDGE('',*,*,#3320,.F.);
#2463=ORIENTED_EDGE('',*,*,#4061,.F.);
#2464=ORIENTED_EDGE('',*,*,#4062,.T.);
#2465=ORIENTED_EDGE('',*,*,#4058,.T.);
#2466=ORIENTED_EDGE('',*,*,#3332,.F.);
#2467=ORIENTED_EDGE('',*,*,#4063,.F.);
#2468=ORIENTED_EDGE('',*,*,#4064,.T.);
#2469=ORIENTED_EDGE('',*,*,#4061,.T.);
#2470=ORIENTED_EDGE('',*,*,#3331,.F.);
#2471=ORIENTED_EDGE('',*,*,#4065,.F.);
#2472=ORIENTED_EDGE('',*,*,#4066,.T.);
#2473=ORIENTED_EDGE('',*,*,#4063,.T.);
#2474=ORIENTED_EDGE('',*,*,#3330,.F.);
#2475=ORIENTED_EDGE('',*,*,#4067,.F.);
#2476=ORIENTED_EDGE('',*,*,#4068,.T.);
#2477=ORIENTED_EDGE('',*,*,#4065,.T.);
#2478=ORIENTED_EDGE('',*,*,#3329,.F.);
#2479=ORIENTED_EDGE('',*,*,#4069,.F.);
#2480=ORIENTED_EDGE('',*,*,#4070,.T.);
#2481=ORIENTED_EDGE('',*,*,#4067,.T.);
#2482=ORIENTED_EDGE('',*,*,#3328,.F.);
#2483=ORIENTED_EDGE('',*,*,#4071,.F.);
#2484=ORIENTED_EDGE('',*,*,#4072,.T.);
#2485=ORIENTED_EDGE('',*,*,#4069,.T.);
#2486=ORIENTED_EDGE('',*,*,#3327,.F.);
#2487=ORIENTED_EDGE('',*,*,#4073,.F.);
#2488=ORIENTED_EDGE('',*,*,#4074,.T.);
#2489=ORIENTED_EDGE('',*,*,#4071,.T.);
#2490=ORIENTED_EDGE('',*,*,#3326,.F.);
#2491=ORIENTED_EDGE('',*,*,#4075,.F.);
#2492=ORIENTED_EDGE('',*,*,#4076,.T.);
#2493=ORIENTED_EDGE('',*,*,#4073,.T.);
#2494=ORIENTED_EDGE('',*,*,#3325,.F.);
#2495=ORIENTED_EDGE('',*,*,#4077,.F.);
#2496=ORIENTED_EDGE('',*,*,#4078,.T.);
#2497=ORIENTED_EDGE('',*,*,#4075,.T.);
#2498=ORIENTED_EDGE('',*,*,#3324,.F.);
#2499=ORIENTED_EDGE('',*,*,#4079,.F.);
#2500=ORIENTED_EDGE('',*,*,#4080,.T.);
#2501=ORIENTED_EDGE('',*,*,#4077,.T.);
#2502=ORIENTED_EDGE('',*,*,#3323,.F.);
#2503=ORIENTED_EDGE('',*,*,#4081,.F.);
#2504=ORIENTED_EDGE('',*,*,#4082,.T.);
#2505=ORIENTED_EDGE('',*,*,#4079,.T.);
#2506=ORIENTED_EDGE('',*,*,#3322,.F.);
#2507=ORIENTED_EDGE('',*,*,#4060,.F.);
#2508=ORIENTED_EDGE('',*,*,#4083,.T.);
#2509=ORIENTED_EDGE('',*,*,#4081,.T.);
#2510=ORIENTED_EDGE('',*,*,#4059,.F.);
#2511=ORIENTED_EDGE('',*,*,#4062,.F.);
#2512=ORIENTED_EDGE('',*,*,#4064,.F.);
#2513=ORIENTED_EDGE('',*,*,#4066,.F.);
#2514=ORIENTED_EDGE('',*,*,#4068,.F.);
#2515=ORIENTED_EDGE('',*,*,#4070,.F.);
#2516=ORIENTED_EDGE('',*,*,#4072,.F.);
#2517=ORIENTED_EDGE('',*,*,#4074,.F.);
#2518=ORIENTED_EDGE('',*,*,#4076,.F.);
#2519=ORIENTED_EDGE('',*,*,#4078,.F.);
#2520=ORIENTED_EDGE('',*,*,#4080,.F.);
#2521=ORIENTED_EDGE('',*,*,#4082,.F.);
#2522=ORIENTED_EDGE('',*,*,#4083,.F.);
#2523=ORIENTED_EDGE('',*,*,#3828,.T.);
#2524=ORIENTED_EDGE('',*,*,#3824,.T.);
#2525=ORIENTED_EDGE('',*,*,#3892,.T.);
#2526=ORIENTED_EDGE('',*,*,#3849,.T.);
#2527=ORIENTED_EDGE('',*,*,#3846,.T.);
#2528=ORIENTED_EDGE('',*,*,#3843,.T.);
#2529=ORIENTED_EDGE('',*,*,#3840,.T.);
#2530=ORIENTED_EDGE('',*,*,#3837,.T.);
#2531=ORIENTED_EDGE('',*,*,#3834,.T.);
#2532=ORIENTED_EDGE('',*,*,#3831,.T.);
#2533=ORIENTED_EDGE('',*,*,#3086,.F.);
#2534=ORIENTED_EDGE('',*,*,#4084,.F.);
#2535=ORIENTED_EDGE('',*,*,#4085,.T.);
#2536=ORIENTED_EDGE('',*,*,#4086,.T.);
#2537=ORIENTED_EDGE('',*,*,#3085,.F.);
#2538=ORIENTED_EDGE('',*,*,#4087,.F.);
#2539=ORIENTED_EDGE('',*,*,#4088,.T.);
#2540=ORIENTED_EDGE('',*,*,#4084,.T.);
#2541=ORIENTED_EDGE('',*,*,#3106,.F.);
#2542=ORIENTED_EDGE('',*,*,#4089,.F.);
#2543=ORIENTED_EDGE('',*,*,#4090,.T.);
#2544=ORIENTED_EDGE('',*,*,#4087,.T.);
#2545=ORIENTED_EDGE('',*,*,#3105,.F.);
#2546=ORIENTED_EDGE('',*,*,#4091,.F.);
#2547=ORIENTED_EDGE('',*,*,#4092,.T.);
#2548=ORIENTED_EDGE('',*,*,#4089,.T.);
#2549=ORIENTED_EDGE('',*,*,#3104,.F.);
#2550=ORIENTED_EDGE('',*,*,#4093,.F.);
#2551=ORIENTED_EDGE('',*,*,#4094,.T.);
#2552=ORIENTED_EDGE('',*,*,#4091,.T.);
#2553=ORIENTED_EDGE('',*,*,#3103,.F.);
#2554=ORIENTED_EDGE('',*,*,#4095,.F.);
#2555=ORIENTED_EDGE('',*,*,#4096,.T.);
#2556=ORIENTED_EDGE('',*,*,#4093,.T.);
#2557=ORIENTED_EDGE('',*,*,#3102,.F.);
#2558=ORIENTED_EDGE('',*,*,#4097,.F.);
#2559=ORIENTED_EDGE('',*,*,#4098,.T.);
#2560=ORIENTED_EDGE('',*,*,#4095,.T.);
#2561=ORIENTED_EDGE('',*,*,#3101,.F.);
#2562=ORIENTED_EDGE('',*,*,#4099,.F.);
#2563=ORIENTED_EDGE('',*,*,#4100,.T.);
#2564=ORIENTED_EDGE('',*,*,#4097,.T.);
#2565=ORIENTED_EDGE('',*,*,#3100,.F.);
#2566=ORIENTED_EDGE('',*,*,#4101,.F.);
#2567=ORIENTED_EDGE('',*,*,#4102,.T.);
#2568=ORIENTED_EDGE('',*,*,#4099,.T.);
#2569=ORIENTED_EDGE('',*,*,#3099,.F.);
#2570=ORIENTED_EDGE('',*,*,#4103,.F.);
#2571=ORIENTED_EDGE('',*,*,#4104,.T.);
#2572=ORIENTED_EDGE('',*,*,#4101,.T.);
#2573=ORIENTED_EDGE('',*,*,#3098,.F.);
#2574=ORIENTED_EDGE('',*,*,#4105,.F.);
#2575=ORIENTED_EDGE('',*,*,#4106,.T.);
#2576=ORIENTED_EDGE('',*,*,#4103,.T.);
#2577=ORIENTED_EDGE('',*,*,#3097,.F.);
#2578=ORIENTED_EDGE('',*,*,#4107,.F.);
#2579=ORIENTED_EDGE('',*,*,#4108,.T.);
#2580=ORIENTED_EDGE('',*,*,#4105,.T.);
#2581=ORIENTED_EDGE('',*,*,#3096,.F.);
#2582=ORIENTED_EDGE('',*,*,#4109,.F.);
#2583=ORIENTED_EDGE('',*,*,#4110,.T.);
#2584=ORIENTED_EDGE('',*,*,#4107,.T.);
#2585=ORIENTED_EDGE('',*,*,#3095,.F.);
#2586=ORIENTED_EDGE('',*,*,#4111,.F.);
#2587=ORIENTED_EDGE('',*,*,#4112,.T.);
#2588=ORIENTED_EDGE('',*,*,#4109,.T.);
#2589=ORIENTED_EDGE('',*,*,#3094,.F.);
#2590=ORIENTED_EDGE('',*,*,#4113,.F.);
#2591=ORIENTED_EDGE('',*,*,#4114,.T.);
#2592=ORIENTED_EDGE('',*,*,#4111,.T.);
#2593=ORIENTED_EDGE('',*,*,#3093,.F.);
#2594=ORIENTED_EDGE('',*,*,#4115,.F.);
#2595=ORIENTED_EDGE('',*,*,#4116,.T.);
#2596=ORIENTED_EDGE('',*,*,#4113,.T.);
#2597=ORIENTED_EDGE('',*,*,#3092,.F.);
#2598=ORIENTED_EDGE('',*,*,#4117,.F.);
#2599=ORIENTED_EDGE('',*,*,#4118,.T.);
#2600=ORIENTED_EDGE('',*,*,#4115,.T.);
#2601=ORIENTED_EDGE('',*,*,#3091,.F.);
#2602=ORIENTED_EDGE('',*,*,#4119,.F.);
#2603=ORIENTED_EDGE('',*,*,#4120,.T.);
#2604=ORIENTED_EDGE('',*,*,#4117,.T.);
#2605=ORIENTED_EDGE('',*,*,#3090,.F.);
#2606=ORIENTED_EDGE('',*,*,#4121,.F.);
#2607=ORIENTED_EDGE('',*,*,#4122,.T.);
#2608=ORIENTED_EDGE('',*,*,#4119,.T.);
#2609=ORIENTED_EDGE('',*,*,#3089,.F.);
#2610=ORIENTED_EDGE('',*,*,#4123,.F.);
#2611=ORIENTED_EDGE('',*,*,#4124,.T.);
#2612=ORIENTED_EDGE('',*,*,#4121,.T.);
#2613=ORIENTED_EDGE('',*,*,#3088,.F.);
#2614=ORIENTED_EDGE('',*,*,#4125,.F.);
#2615=ORIENTED_EDGE('',*,*,#4126,.T.);
#2616=ORIENTED_EDGE('',*,*,#4123,.T.);
#2617=ORIENTED_EDGE('',*,*,#3087,.F.);
#2618=ORIENTED_EDGE('',*,*,#4086,.F.);
#2619=ORIENTED_EDGE('',*,*,#4127,.T.);
#2620=ORIENTED_EDGE('',*,*,#4125,.T.);
#2621=ORIENTED_EDGE('',*,*,#4085,.F.);
#2622=ORIENTED_EDGE('',*,*,#4088,.F.);
#2623=ORIENTED_EDGE('',*,*,#4090,.F.);
#2624=ORIENTED_EDGE('',*,*,#4092,.F.);
#2625=ORIENTED_EDGE('',*,*,#4094,.F.);
#2626=ORIENTED_EDGE('',*,*,#4096,.F.);
#2627=ORIENTED_EDGE('',*,*,#4098,.F.);
#2628=ORIENTED_EDGE('',*,*,#4100,.F.);
#2629=ORIENTED_EDGE('',*,*,#4102,.F.);
#2630=ORIENTED_EDGE('',*,*,#4104,.F.);
#2631=ORIENTED_EDGE('',*,*,#4106,.F.);
#2632=ORIENTED_EDGE('',*,*,#4108,.F.);
#2633=ORIENTED_EDGE('',*,*,#4110,.F.);
#2634=ORIENTED_EDGE('',*,*,#4112,.F.);
#2635=ORIENTED_EDGE('',*,*,#4114,.F.);
#2636=ORIENTED_EDGE('',*,*,#4116,.F.);
#2637=ORIENTED_EDGE('',*,*,#4118,.F.);
#2638=ORIENTED_EDGE('',*,*,#4120,.F.);
#2639=ORIENTED_EDGE('',*,*,#4122,.F.);
#2640=ORIENTED_EDGE('',*,*,#4124,.F.);
#2641=ORIENTED_EDGE('',*,*,#4126,.F.);
#2642=ORIENTED_EDGE('',*,*,#4127,.F.);
#2643=ORIENTED_EDGE('',*,*,#3056,.F.);
#2644=ORIENTED_EDGE('',*,*,#4128,.F.);
#2645=ORIENTED_EDGE('',*,*,#4129,.T.);
#2646=ORIENTED_EDGE('',*,*,#4130,.T.);
#2647=ORIENTED_EDGE('',*,*,#3055,.F.);
#2648=ORIENTED_EDGE('',*,*,#4131,.F.);
#2649=ORIENTED_EDGE('',*,*,#4132,.T.);
#2650=ORIENTED_EDGE('',*,*,#4128,.T.);
#2651=ORIENTED_EDGE('',*,*,#3084,.F.);
#2652=ORIENTED_EDGE('',*,*,#4133,.F.);
#2653=ORIENTED_EDGE('',*,*,#4134,.T.);
#2654=ORIENTED_EDGE('',*,*,#4131,.T.);
#2655=ORIENTED_EDGE('',*,*,#3083,.F.);
#2656=ORIENTED_EDGE('',*,*,#4135,.F.);
#2657=ORIENTED_EDGE('',*,*,#4136,.T.);
#2658=ORIENTED_EDGE('',*,*,#4133,.T.);
#2659=ORIENTED_EDGE('',*,*,#3082,.F.);
#2660=ORIENTED_EDGE('',*,*,#4137,.F.);
#2661=ORIENTED_EDGE('',*,*,#4138,.T.);
#2662=ORIENTED_EDGE('',*,*,#4135,.T.);
#2663=ORIENTED_EDGE('',*,*,#3081,.F.);
#2664=ORIENTED_EDGE('',*,*,#4139,.F.);
#2665=ORIENTED_EDGE('',*,*,#4140,.T.);
#2666=ORIENTED_EDGE('',*,*,#4137,.T.);
#2667=ORIENTED_EDGE('',*,*,#3080,.F.);
#2668=ORIENTED_EDGE('',*,*,#4141,.F.);
#2669=ORIENTED_EDGE('',*,*,#4142,.T.);
#2670=ORIENTED_EDGE('',*,*,#4139,.T.);
#2671=ORIENTED_EDGE('',*,*,#3079,.F.);
#2672=ORIENTED_EDGE('',*,*,#4143,.F.);
#2673=ORIENTED_EDGE('',*,*,#4144,.T.);
#2674=ORIENTED_EDGE('',*,*,#4141,.T.);
#2675=ORIENTED_EDGE('',*,*,#3078,.F.);
#2676=ORIENTED_EDGE('',*,*,#4145,.F.);
#2677=ORIENTED_EDGE('',*,*,#4146,.T.);
#2678=ORIENTED_EDGE('',*,*,#4143,.T.);
#2679=ORIENTED_EDGE('',*,*,#3077,.F.);
#2680=ORIENTED_EDGE('',*,*,#4147,.F.);
#2681=ORIENTED_EDGE('',*,*,#4148,.T.);
#2682=ORIENTED_EDGE('',*,*,#4145,.T.);
#2683=ORIENTED_EDGE('',*,*,#3076,.F.);
#2684=ORIENTED_EDGE('',*,*,#4149,.F.);
#2685=ORIENTED_EDGE('',*,*,#4150,.T.);
#2686=ORIENTED_EDGE('',*,*,#4147,.T.);
#2687=ORIENTED_EDGE('',*,*,#3075,.F.);
#2688=ORIENTED_EDGE('',*,*,#4151,.F.);
#2689=ORIENTED_EDGE('',*,*,#4152,.T.);
#2690=ORIENTED_EDGE('',*,*,#4149,.T.);
#2691=ORIENTED_EDGE('',*,*,#3074,.F.);
#2692=ORIENTED_EDGE('',*,*,#4153,.F.);
#2693=ORIENTED_EDGE('',*,*,#4154,.T.);
#2694=ORIENTED_EDGE('',*,*,#4151,.T.);
#2695=ORIENTED_EDGE('',*,*,#3073,.F.);
#2696=ORIENTED_EDGE('',*,*,#4155,.F.);
#2697=ORIENTED_EDGE('',*,*,#4156,.T.);
#2698=ORIENTED_EDGE('',*,*,#4153,.T.);
#2699=ORIENTED_EDGE('',*,*,#3072,.F.);
#2700=ORIENTED_EDGE('',*,*,#4157,.F.);
#2701=ORIENTED_EDGE('',*,*,#4158,.T.);
#2702=ORIENTED_EDGE('',*,*,#4155,.T.);
#2703=ORIENTED_EDGE('',*,*,#3071,.F.);
#2704=ORIENTED_EDGE('',*,*,#4159,.F.);
#2705=ORIENTED_EDGE('',*,*,#4160,.T.);
#2706=ORIENTED_EDGE('',*,*,#4157,.T.);
#2707=ORIENTED_EDGE('',*,*,#3070,.F.);
#2708=ORIENTED_EDGE('',*,*,#4161,.F.);
#2709=ORIENTED_EDGE('',*,*,#4162,.T.);
#2710=ORIENTED_EDGE('',*,*,#4159,.T.);
#2711=ORIENTED_EDGE('',*,*,#3069,.F.);
#2712=ORIENTED_EDGE('',*,*,#4163,.F.);
#2713=ORIENTED_EDGE('',*,*,#4164,.T.);
#2714=ORIENTED_EDGE('',*,*,#4161,.T.);
#2715=ORIENTED_EDGE('',*,*,#3068,.F.);
#2716=ORIENTED_EDGE('',*,*,#4165,.F.);
#2717=ORIENTED_EDGE('',*,*,#4166,.T.);
#2718=ORIENTED_EDGE('',*,*,#4163,.T.);
#2719=ORIENTED_EDGE('',*,*,#3067,.F.);
#2720=ORIENTED_EDGE('',*,*,#4167,.F.);
#2721=ORIENTED_EDGE('',*,*,#4168,.T.);
#2722=ORIENTED_EDGE('',*,*,#4165,.T.);
#2723=ORIENTED_EDGE('',*,*,#3066,.F.);
#2724=ORIENTED_EDGE('',*,*,#4169,.F.);
#2725=ORIENTED_EDGE('',*,*,#4170,.T.);
#2726=ORIENTED_EDGE('',*,*,#4167,.T.);
#2727=ORIENTED_EDGE('',*,*,#3065,.F.);
#2728=ORIENTED_EDGE('',*,*,#4171,.F.);
#2729=ORIENTED_EDGE('',*,*,#4172,.T.);
#2730=ORIENTED_EDGE('',*,*,#4169,.T.);
#2731=ORIENTED_EDGE('',*,*,#3064,.F.);
#2732=ORIENTED_EDGE('',*,*,#4173,.F.);
#2733=ORIENTED_EDGE('',*,*,#4174,.T.);
#2734=ORIENTED_EDGE('',*,*,#4171,.T.);
#2735=ORIENTED_EDGE('',*,*,#3063,.F.);
#2736=ORIENTED_EDGE('',*,*,#4175,.F.);
#2737=ORIENTED_EDGE('',*,*,#4176,.T.);
#2738=ORIENTED_EDGE('',*,*,#4173,.T.);
#2739=ORIENTED_EDGE('',*,*,#3062,.F.);
#2740=ORIENTED_EDGE('',*,*,#4177,.F.);
#2741=ORIENTED_EDGE('',*,*,#4178,.T.);
#2742=ORIENTED_EDGE('',*,*,#4175,.T.);
#2743=ORIENTED_EDGE('',*,*,#3061,.F.);
#2744=ORIENTED_EDGE('',*,*,#4179,.F.);
#2745=ORIENTED_EDGE('',*,*,#4180,.T.);
#2746=ORIENTED_EDGE('',*,*,#4177,.T.);
#2747=ORIENTED_EDGE('',*,*,#3060,.F.);
#2748=ORIENTED_EDGE('',*,*,#4181,.F.);
#2749=ORIENTED_EDGE('',*,*,#4182,.T.);
#2750=ORIENTED_EDGE('',*,*,#4179,.T.);
#2751=ORIENTED_EDGE('',*,*,#3059,.F.);
#2752=ORIENTED_EDGE('',*,*,#4183,.F.);
#2753=ORIENTED_EDGE('',*,*,#4184,.T.);
#2754=ORIENTED_EDGE('',*,*,#4181,.T.);
#2755=ORIENTED_EDGE('',*,*,#3058,.F.);
#2756=ORIENTED_EDGE('',*,*,#4185,.F.);
#2757=ORIENTED_EDGE('',*,*,#4186,.T.);
#2758=ORIENTED_EDGE('',*,*,#4183,.T.);
#2759=ORIENTED_EDGE('',*,*,#3057,.F.);
#2760=ORIENTED_EDGE('',*,*,#4130,.F.);
#2761=ORIENTED_EDGE('',*,*,#4187,.T.);
#2762=ORIENTED_EDGE('',*,*,#4185,.T.);
#2763=ORIENTED_EDGE('',*,*,#4129,.F.);
#2764=ORIENTED_EDGE('',*,*,#4132,.F.);
#2765=ORIENTED_EDGE('',*,*,#4134,.F.);
#2766=ORIENTED_EDGE('',*,*,#4136,.F.);
#2767=ORIENTED_EDGE('',*,*,#4138,.F.);
#2768=ORIENTED_EDGE('',*,*,#4140,.F.);
#2769=ORIENTED_EDGE('',*,*,#4142,.F.);
#2770=ORIENTED_EDGE('',*,*,#4144,.F.);
#2771=ORIENTED_EDGE('',*,*,#4146,.F.);
#2772=ORIENTED_EDGE('',*,*,#4148,.F.);
#2773=ORIENTED_EDGE('',*,*,#4150,.F.);
#2774=ORIENTED_EDGE('',*,*,#4152,.F.);
#2775=ORIENTED_EDGE('',*,*,#4154,.F.);
#2776=ORIENTED_EDGE('',*,*,#4156,.F.);
#2777=ORIENTED_EDGE('',*,*,#4158,.F.);
#2778=ORIENTED_EDGE('',*,*,#4160,.F.);
#2779=ORIENTED_EDGE('',*,*,#4162,.F.);
#2780=ORIENTED_EDGE('',*,*,#4164,.F.);
#2781=ORIENTED_EDGE('',*,*,#4166,.F.);
#2782=ORIENTED_EDGE('',*,*,#4168,.F.);
#2783=ORIENTED_EDGE('',*,*,#4170,.F.);
#2784=ORIENTED_EDGE('',*,*,#4172,.F.);
#2785=ORIENTED_EDGE('',*,*,#4174,.F.);
#2786=ORIENTED_EDGE('',*,*,#4176,.F.);
#2787=ORIENTED_EDGE('',*,*,#4178,.F.);
#2788=ORIENTED_EDGE('',*,*,#4180,.F.);
#2789=ORIENTED_EDGE('',*,*,#4182,.F.);
#2790=ORIENTED_EDGE('',*,*,#4184,.F.);
#2791=ORIENTED_EDGE('',*,*,#4186,.F.);
#2792=ORIENTED_EDGE('',*,*,#4187,.F.);
#2793=ORIENTED_EDGE('',*,*,#4188,.F.);
#2794=ORIENTED_EDGE('',*,*,#4189,.F.);
#2795=ORIENTED_EDGE('',*,*,#4190,.T.);
#2796=ORIENTED_EDGE('',*,*,#4191,.T.);
#2797=ORIENTED_EDGE('',*,*,#4192,.F.);
#2798=ORIENTED_EDGE('',*,*,#4193,.F.);
#2799=ORIENTED_EDGE('',*,*,#4194,.T.);
#2800=ORIENTED_EDGE('',*,*,#4189,.T.);
#2801=ORIENTED_EDGE('',*,*,#4195,.F.);
#2802=ORIENTED_EDGE('',*,*,#4196,.F.);
#2803=ORIENTED_EDGE('',*,*,#4197,.T.);
#2804=ORIENTED_EDGE('',*,*,#4193,.T.);
#2805=ORIENTED_EDGE('',*,*,#4198,.F.);
#2806=ORIENTED_EDGE('',*,*,#4199,.F.);
#2807=ORIENTED_EDGE('',*,*,#4200,.T.);
#2808=ORIENTED_EDGE('',*,*,#4196,.T.);
#2809=ORIENTED_EDGE('',*,*,#4201,.F.);
#2810=ORIENTED_EDGE('',*,*,#4202,.F.);
#2811=ORIENTED_EDGE('',*,*,#4203,.T.);
#2812=ORIENTED_EDGE('',*,*,#4199,.T.);
#2813=ORIENTED_EDGE('',*,*,#4204,.F.);
#2814=ORIENTED_EDGE('',*,*,#4205,.F.);
#2815=ORIENTED_EDGE('',*,*,#4206,.T.);
#2816=ORIENTED_EDGE('',*,*,#4202,.T.);
#2817=ORIENTED_EDGE('',*,*,#3144,.F.);
#2818=ORIENTED_EDGE('',*,*,#4207,.F.);
#2819=ORIENTED_EDGE('',*,*,#4208,.T.);
#2820=ORIENTED_EDGE('',*,*,#4209,.T.);
#2821=ORIENTED_EDGE('',*,*,#3143,.F.);
#2822=ORIENTED_EDGE('',*,*,#4210,.F.);
#2823=ORIENTED_EDGE('',*,*,#4211,.T.);
#2824=ORIENTED_EDGE('',*,*,#4207,.T.);
#2825=ORIENTED_EDGE('',*,*,#3157,.F.);
#2826=ORIENTED_EDGE('',*,*,#4212,.F.);
#2827=ORIENTED_EDGE('',*,*,#4213,.T.);
#2828=ORIENTED_EDGE('',*,*,#4210,.T.);
#2829=ORIENTED_EDGE('',*,*,#3156,.F.);
#2830=ORIENTED_EDGE('',*,*,#4214,.F.);
#2831=ORIENTED_EDGE('',*,*,#4215,.T.);
#2832=ORIENTED_EDGE('',*,*,#4212,.T.);
#2833=ORIENTED_EDGE('',*,*,#3155,.F.);
#2834=ORIENTED_EDGE('',*,*,#4216,.F.);
#2835=ORIENTED_EDGE('',*,*,#4217,.T.);
#2836=ORIENTED_EDGE('',*,*,#4214,.T.);
#2837=ORIENTED_EDGE('',*,*,#3154,.F.);
#2838=ORIENTED_EDGE('',*,*,#4218,.F.);
#2839=ORIENTED_EDGE('',*,*,#4219,.T.);
#2840=ORIENTED_EDGE('',*,*,#4216,.T.);
#2841=ORIENTED_EDGE('',*,*,#3153,.F.);
#2842=ORIENTED_EDGE('',*,*,#4220,.F.);
#2843=ORIENTED_EDGE('',*,*,#4221,.T.);
#2844=ORIENTED_EDGE('',*,*,#4218,.T.);
#2845=ORIENTED_EDGE('',*,*,#3152,.F.);
#2846=ORIENTED_EDGE('',*,*,#4222,.F.);
#2847=ORIENTED_EDGE('',*,*,#4223,.T.);
#2848=ORIENTED_EDGE('',*,*,#4220,.T.);
#2849=ORIENTED_EDGE('',*,*,#3151,.F.);
#2850=ORIENTED_EDGE('',*,*,#4224,.F.);
#2851=ORIENTED_EDGE('',*,*,#4225,.T.);
#2852=ORIENTED_EDGE('',*,*,#4222,.T.);
#2853=ORIENTED_EDGE('',*,*,#3150,.F.);
#2854=ORIENTED_EDGE('',*,*,#4226,.F.);
#2855=ORIENTED_EDGE('',*,*,#4227,.T.);
#2856=ORIENTED_EDGE('',*,*,#4224,.T.);
#2857=ORIENTED_EDGE('',*,*,#3149,.F.);
#2858=ORIENTED_EDGE('',*,*,#4228,.F.);
#2859=ORIENTED_EDGE('',*,*,#4229,.T.);
#2860=ORIENTED_EDGE('',*,*,#4226,.T.);
#2861=ORIENTED_EDGE('',*,*,#3148,.F.);
#2862=ORIENTED_EDGE('',*,*,#4230,.F.);
#2863=ORIENTED_EDGE('',*,*,#4231,.T.);
#2864=ORIENTED_EDGE('',*,*,#4228,.T.);
#2865=ORIENTED_EDGE('',*,*,#3147,.F.);
#2866=ORIENTED_EDGE('',*,*,#4232,.F.);
#2867=ORIENTED_EDGE('',*,*,#4233,.T.);
#2868=ORIENTED_EDGE('',*,*,#4230,.T.);
#2869=ORIENTED_EDGE('',*,*,#3146,.F.);
#2870=ORIENTED_EDGE('',*,*,#4234,.F.);
#2871=ORIENTED_EDGE('',*,*,#4235,.T.);
#2872=ORIENTED_EDGE('',*,*,#4232,.T.);
#2873=ORIENTED_EDGE('',*,*,#3145,.F.);
#2874=ORIENTED_EDGE('',*,*,#4209,.F.);
#2875=ORIENTED_EDGE('',*,*,#4236,.T.);
#2876=ORIENTED_EDGE('',*,*,#4234,.T.);
#2877=ORIENTED_EDGE('',*,*,#4237,.F.);
#2878=ORIENTED_EDGE('',*,*,#4191,.F.);
#2879=ORIENTED_EDGE('',*,*,#4238,.T.);
#2880=ORIENTED_EDGE('',*,*,#4205,.T.);
#2881=ORIENTED_EDGE('',*,*,#4208,.F.);
#2882=ORIENTED_EDGE('',*,*,#4211,.F.);
#2883=ORIENTED_EDGE('',*,*,#4213,.F.);
#2884=ORIENTED_EDGE('',*,*,#4215,.F.);
#2885=ORIENTED_EDGE('',*,*,#4217,.F.);
#2886=ORIENTED_EDGE('',*,*,#4219,.F.);
#2887=ORIENTED_EDGE('',*,*,#4221,.F.);
#2888=ORIENTED_EDGE('',*,*,#4223,.F.);
#2889=ORIENTED_EDGE('',*,*,#4225,.F.);
#2890=ORIENTED_EDGE('',*,*,#4227,.F.);
#2891=ORIENTED_EDGE('',*,*,#4229,.F.);
#2892=ORIENTED_EDGE('',*,*,#4231,.F.);
#2893=ORIENTED_EDGE('',*,*,#4233,.F.);
#2894=ORIENTED_EDGE('',*,*,#4235,.F.);
#2895=ORIENTED_EDGE('',*,*,#4236,.F.);
#2896=ORIENTED_EDGE('',*,*,#4190,.F.);
#2897=ORIENTED_EDGE('',*,*,#4194,.F.);
#2898=ORIENTED_EDGE('',*,*,#4197,.F.);
#2899=ORIENTED_EDGE('',*,*,#4200,.F.);
#2900=ORIENTED_EDGE('',*,*,#4203,.F.);
#2901=ORIENTED_EDGE('',*,*,#4206,.F.);
#2902=ORIENTED_EDGE('',*,*,#4238,.F.);
#2903=ORIENTED_EDGE('',*,*,#3159,.F.);
#2904=ORIENTED_EDGE('',*,*,#4239,.F.);
#2905=ORIENTED_EDGE('',*,*,#4240,.T.);
#2906=ORIENTED_EDGE('',*,*,#4241,.T.);
#2907=ORIENTED_EDGE('',*,*,#3158,.F.);
#2908=ORIENTED_EDGE('',*,*,#4242,.F.);
#2909=ORIENTED_EDGE('',*,*,#4243,.T.);
#2910=ORIENTED_EDGE('',*,*,#4239,.T.);
#2911=ORIENTED_EDGE('',*,*,#3186,.F.);
#2912=ORIENTED_EDGE('',*,*,#4244,.F.);
#2913=ORIENTED_EDGE('',*,*,#4245,.T.);
#2914=ORIENTED_EDGE('',*,*,#4242,.T.);
#2915=ORIENTED_EDGE('',*,*,#3185,.F.);
#2916=ORIENTED_EDGE('',*,*,#4246,.F.);
#2917=ORIENTED_EDGE('',*,*,#4247,.T.);
#2918=ORIENTED_EDGE('',*,*,#4244,.T.);
#2919=ORIENTED_EDGE('',*,*,#3184,.F.);
#2920=ORIENTED_EDGE('',*,*,#4248,.F.);
#2921=ORIENTED_EDGE('',*,*,#4249,.T.);
#2922=ORIENTED_EDGE('',*,*,#4246,.T.);
#2923=ORIENTED_EDGE('',*,*,#3183,.F.);
#2924=ORIENTED_EDGE('',*,*,#4250,.F.);
#2925=ORIENTED_EDGE('',*,*,#4251,.T.);
#2926=ORIENTED_EDGE('',*,*,#4248,.T.);
#2927=ORIENTED_EDGE('',*,*,#3182,.F.);
#2928=ORIENTED_EDGE('',*,*,#4252,.F.);
#2929=ORIENTED_EDGE('',*,*,#4253,.T.);
#2930=ORIENTED_EDGE('',*,*,#4250,.T.);
#2931=ORIENTED_EDGE('',*,*,#3181,.F.);
#2932=ORIENTED_EDGE('',*,*,#4254,.F.);
#2933=ORIENTED_EDGE('',*,*,#4255,.T.);
#2934=ORIENTED_EDGE('',*,*,#4252,.T.);
#2935=ORIENTED_EDGE('',*,*,#3180,.F.);
#2936=ORIENTED_EDGE('',*,*,#4256,.F.);
#2937=ORIENTED_EDGE('',*,*,#4257,.T.);
#2938=ORIENTED_EDGE('',*,*,#4254,.T.);
#2939=ORIENTED_EDGE('',*,*,#3179,.F.);
#2940=ORIENTED_EDGE('',*,*,#4258,.F.);
#2941=ORIENTED_EDGE('',*,*,#4259,.T.);
#2942=ORIENTED_EDGE('',*,*,#4256,.T.);
#2943=ORIENTED_EDGE('',*,*,#3178,.F.);
#2944=ORIENTED_EDGE('',*,*,#4260,.F.);
#2945=ORIENTED_EDGE('',*,*,#4261,.T.);
#2946=ORIENTED_EDGE('',*,*,#4258,.T.);
#2947=ORIENTED_EDGE('',*,*,#3177,.F.);
#2948=ORIENTED_EDGE('',*,*,#4262,.F.);
#2949=ORIENTED_EDGE('',*,*,#4263,.T.);
#2950=ORIENTED_EDGE('',*,*,#4260,.T.);
#2951=ORIENTED_EDGE('',*,*,#3176,.F.);
#2952=ORIENTED_EDGE('',*,*,#4264,.F.);
#2953=ORIENTED_EDGE('',*,*,#4265,.T.);
#2954=ORIENTED_EDGE('',*,*,#4262,.T.);
#2955=ORIENTED_EDGE('',*,*,#3175,.F.);
#2956=ORIENTED_EDGE('',*,*,#4266,.F.);
#2957=ORIENTED_EDGE('',*,*,#4267,.T.);
#2958=ORIENTED_EDGE('',*,*,#4264,.T.);
#2959=ORIENTED_EDGE('',*,*,#3174,.F.);
#2960=ORIENTED_EDGE('',*,*,#4268,.F.);
#2961=ORIENTED_EDGE('',*,*,#4269,.T.);
#2962=ORIENTED_EDGE('',*,*,#4266,.T.);
#2963=ORIENTED_EDGE('',*,*,#3173,.F.);
#2964=ORIENTED_EDGE('',*,*,#4270,.F.);
#2965=ORIENTED_EDGE('',*,*,#4271,.T.);
#2966=ORIENTED_EDGE('',*,*,#4268,.T.);
#2967=ORIENTED_EDGE('',*,*,#3172,.F.);
#2968=ORIENTED_EDGE('',*,*,#4272,.F.);
#2969=ORIENTED_EDGE('',*,*,#4273,.T.);
#2970=ORIENTED_EDGE('',*,*,#4270,.T.);
#2971=ORIENTED_EDGE('',*,*,#3171,.F.);
#2972=ORIENTED_EDGE('',*,*,#4274,.F.);
#2973=ORIENTED_EDGE('',*,*,#4275,.T.);
#2974=ORIENTED_EDGE('',*,*,#4272,.T.);
#2975=ORIENTED_EDGE('',*,*,#3170,.F.);
#2976=ORIENTED_EDGE('',*,*,#4276,.F.);
#2977=ORIENTED_EDGE('',*,*,#4277,.T.);
#2978=ORIENTED_EDGE('',*,*,#4274,.T.);
#2979=ORIENTED_EDGE('',*,*,#3169,.F.);
#2980=ORIENTED_EDGE('',*,*,#4278,.F.);
#2981=ORIENTED_EDGE('',*,*,#4279,.T.);
#2982=ORIENTED_EDGE('',*,*,#4276,.T.);
#2983=ORIENTED_EDGE('',*,*,#3168,.F.);
#2984=ORIENTED_EDGE('',*,*,#4280,.F.);
#2985=ORIENTED_EDGE('',*,*,#4281,.T.);
#2986=ORIENTED_EDGE('',*,*,#4278,.T.);
#2987=ORIENTED_EDGE('',*,*,#3167,.F.);
#2988=ORIENTED_EDGE('',*,*,#4282,.F.);
#2989=ORIENTED_EDGE('',*,*,#4283,.T.);
#2990=ORIENTED_EDGE('',*,*,#4280,.T.);
#2991=ORIENTED_EDGE('',*,*,#3166,.F.);
#2992=ORIENTED_EDGE('',*,*,#4284,.F.);
#2993=ORIENTED_EDGE('',*,*,#4285,.T.);
#2994=ORIENTED_EDGE('',*,*,#4282,.T.);
#2995=ORIENTED_EDGE('',*,*,#3165,.F.);
#2996=ORIENTED_EDGE('',*,*,#4286,.F.);
#2997=ORIENTED_EDGE('',*,*,#4287,.T.);
#2998=ORIENTED_EDGE('',*,*,#4284,.T.);
#2999=ORIENTED_EDGE('',*,*,#3164,.F.);
#3000=ORIENTED_EDGE('',*,*,#4288,.F.);
#3001=ORIENTED_EDGE('',*,*,#4289,.T.);
#3002=ORIENTED_EDGE('',*,*,#4286,.T.);
#3003=ORIENTED_EDGE('',*,*,#3163,.F.);
#3004=ORIENTED_EDGE('',*,*,#4290,.F.);
#3005=ORIENTED_EDGE('',*,*,#4291,.T.);
#3006=ORIENTED_EDGE('',*,*,#4288,.T.);
#3007=ORIENTED_EDGE('',*,*,#3162,.F.);
#3008=ORIENTED_EDGE('',*,*,#4292,.F.);
#3009=ORIENTED_EDGE('',*,*,#4293,.T.);
#3010=ORIENTED_EDGE('',*,*,#4290,.T.);
#3011=ORIENTED_EDGE('',*,*,#3161,.F.);
#3012=ORIENTED_EDGE('',*,*,#4294,.F.);
#3013=ORIENTED_EDGE('',*,*,#4295,.T.);
#3014=ORIENTED_EDGE('',*,*,#4292,.T.);
#3015=ORIENTED_EDGE('',*,*,#3160,.F.);
#3016=ORIENTED_EDGE('',*,*,#4241,.F.);
#3017=ORIENTED_EDGE('',*,*,#4296,.T.);
#3018=ORIENTED_EDGE('',*,*,#4294,.T.);
#3019=ORIENTED_EDGE('',*,*,#4240,.F.);
#3020=ORIENTED_EDGE('',*,*,#4243,.F.);
#3021=ORIENTED_EDGE('',*,*,#4245,.F.);
#3022=ORIENTED_EDGE('',*,*,#4247,.F.);
#3023=ORIENTED_EDGE('',*,*,#4249,.F.);
#3024=ORIENTED_EDGE('',*,*,#4251,.F.);
#3025=ORIENTED_EDGE('',*,*,#4253,.F.);
#3026=ORIENTED_EDGE('',*,*,#4255,.F.);
#3027=ORIENTED_EDGE('',*,*,#4257,.F.);
#3028=ORIENTED_EDGE('',*,*,#4259,.F.);
#3029=ORIENTED_EDGE('',*,*,#4261,.F.);
#3030=ORIENTED_EDGE('',*,*,#4263,.F.);
#3031=ORIENTED_EDGE('',*,*,#4265,.F.);
#3032=ORIENTED_EDGE('',*,*,#4267,.F.);
#3033=ORIENTED_EDGE('',*,*,#4269,.F.);
#3034=ORIENTED_EDGE('',*,*,#4271,.F.);
#3035=ORIENTED_EDGE('',*,*,#4273,.F.);
#3036=ORIENTED_EDGE('',*,*,#4275,.F.);
#3037=ORIENTED_EDGE('',*,*,#4277,.F.);
#3038=ORIENTED_EDGE('',*,*,#4279,.F.);
#3039=ORIENTED_EDGE('',*,*,#4281,.F.);
#3040=ORIENTED_EDGE('',*,*,#4283,.F.);
#3041=ORIENTED_EDGE('',*,*,#4285,.F.);
#3042=ORIENTED_EDGE('',*,*,#4287,.F.);
#3043=ORIENTED_EDGE('',*,*,#4289,.F.);
#3044=ORIENTED_EDGE('',*,*,#4291,.F.);
#3045=ORIENTED_EDGE('',*,*,#4293,.F.);
#3046=ORIENTED_EDGE('',*,*,#4295,.F.);
#3047=ORIENTED_EDGE('',*,*,#4296,.F.);
#3048=ORIENTED_EDGE('',*,*,#4192,.T.);
#3049=ORIENTED_EDGE('',*,*,#4188,.T.);
#3050=ORIENTED_EDGE('',*,*,#4237,.T.);
#3051=ORIENTED_EDGE('',*,*,#4204,.T.);
#3052=ORIENTED_EDGE('',*,*,#4201,.T.);
#3053=ORIENTED_EDGE('',*,*,#4198,.T.);
#3054=ORIENTED_EDGE('',*,*,#4195,.T.);
#3055=EDGE_CURVE('',#4297,#4298,#5121,.T.);
#3056=EDGE_CURVE('',#4298,#4299,#5122,.T.);
#3057=EDGE_CURVE('',#4299,#4300,#5123,.T.);
#3058=EDGE_CURVE('',#4300,#4301,#296,.T.);
#3059=EDGE_CURVE('',#4301,#4302,#188,.T.);
#3060=EDGE_CURVE('',#4302,#4303,#297,.T.);
#3061=EDGE_CURVE('',#4303,#4304,#298,.T.);
#3062=EDGE_CURVE('',#4304,#4305,#299,.T.);
#3063=EDGE_CURVE('',#4305,#4306,#300,.T.);
#3064=EDGE_CURVE('',#4306,#4307,#301,.T.);
#3065=EDGE_CURVE('',#4307,#4308,#302,.T.);
#3066=EDGE_CURVE('',#4308,#4309,#303,.T.);
#3067=EDGE_CURVE('',#4309,#4310,#304,.T.);
#3068=EDGE_CURVE('',#4310,#4311,#305,.T.);
#3069=EDGE_CURVE('',#4311,#4312,#306,.T.);
#3070=EDGE_CURVE('',#4312,#4313,#5124,.T.);
#3071=EDGE_CURVE('',#4313,#4314,#5125,.T.);
#3072=EDGE_CURVE('',#4314,#4315,#5126,.T.);
#3073=EDGE_CURVE('',#4315,#4316,#307,.T.);
#3074=EDGE_CURVE('',#4316,#4317,#189,.T.);
#3075=EDGE_CURVE('',#4317,#4318,#308,.T.);
#3076=EDGE_CURVE('',#4318,#4319,#309,.T.);
#3077=EDGE_CURVE('',#4319,#4320,#310,.T.);
#3078=EDGE_CURVE('',#4320,#4321,#311,.T.);
#3079=EDGE_CURVE('',#4321,#4322,#312,.T.);
#3080=EDGE_CURVE('',#4322,#4323,#313,.T.);
#3081=EDGE_CURVE('',#4323,#4324,#314,.T.);
#3082=EDGE_CURVE('',#4324,#4325,#315,.T.);
#3083=EDGE_CURVE('',#4325,#4326,#316,.T.);
#3084=EDGE_CURVE('',#4326,#4297,#317,.T.);
#3085=EDGE_CURVE('',#4327,#4328,#5127,.T.);
#3086=EDGE_CURVE('',#4328,#4329,#5128,.T.);
#3087=EDGE_CURVE('',#4329,#4330,#5129,.T.);
#3088=EDGE_CURVE('',#4330,#4331,#5130,.T.);
#3089=EDGE_CURVE('',#4331,#4332,#5131,.T.);
#3090=EDGE_CURVE('',#4332,#4333,#5132,.T.);
#3091=EDGE_CURVE('',#4333,#4334,#5133,.T.);
#3092=EDGE_CURVE('',#4334,#4335,#5134,.T.);
#3093=EDGE_CURVE('',#4335,#4336,#5135,.T.);
#3094=EDGE_CURVE('',#4336,#4337,#5136,.T.);
#3095=EDGE_CURVE('',#4337,#4338,#5137,.T.);
#3096=EDGE_CURVE('',#4338,#4339,#5138,.T.);
#3097=EDGE_CURVE('',#4339,#4340,#5139,.T.);
#3098=EDGE_CURVE('',#4340,#4341,#5140,.T.);
#3099=EDGE_CURVE('',#4341,#4342,#5141,.T.);
#3100=EDGE_CURVE('',#4342,#4343,#5142,.T.);
#3101=EDGE_CURVE('',#4343,#4344,#5143,.T.);
#3102=EDGE_CURVE('',#4344,#4345,#5144,.T.);
#3103=EDGE_CURVE('',#4345,#4346,#5145,.T.);
#3104=EDGE_CURVE('',#4346,#4347,#5146,.T.);
#3105=EDGE_CURVE('',#4347,#4348,#5147,.T.);
#3106=EDGE_CURVE('',#4348,#4327,#5148,.T.);
#3107=EDGE_CURVE('',#4349,#4350,#5149,.T.);
#3108=EDGE_CURVE('',#4351,#4349,#318,.F.);
#3109=EDGE_CURVE('',#4351,#4352,#5150,.T.);
#3110=EDGE_CURVE('',#4353,#4352,#319,.F.);
#3111=EDGE_CURVE('',#4354,#4353,#5151,.T.);
#3112=EDGE_CURVE('',#4355,#4354,#320,.F.);
#3113=EDGE_CURVE('',#4356,#4355,#321,.F.);
#3114=EDGE_CURVE('',#4357,#4356,#322,.F.);
#3115=EDGE_CURVE('',#4358,#4357,#323,.F.);
#3116=EDGE_CURVE('',#4359,#4358,#324,.F.);
#3117=EDGE_CURVE('',#4360,#4359,#325,.F.);
#3118=EDGE_CURVE('',#4361,#4360,#326,.F.);
#3119=EDGE_CURVE('',#4362,#4361,#5152,.T.);
#3120=EDGE_CURVE('',#4363,#4362,#5153,.F.);
#3121=EDGE_CURVE('',#4364,#4363,#190,.F.);
#3122=EDGE_CURVE('',#4365,#4364,#5154,.F.);
#3123=EDGE_CURVE('',#4366,#4365,#5155,.F.);
#3124=EDGE_CURVE('',#4367,#4366,#327,.F.);
#3125=EDGE_CURVE('',#4368,#4367,#328,.F.);
#3126=EDGE_CURVE('',#4369,#4368,#329,.F.);
#3127=EDGE_CURVE('',#4370,#4369,#330,.F.);
#3128=EDGE_CURVE('',#4370,#4371,#5156,.T.);
#3129=EDGE_CURVE('',#4372,#4371,#5157,.F.);
#3130=EDGE_CURVE('',#4373,#4372,#5158,.F.);
#3131=EDGE_CURVE('',#4374,#4373,#5159,.F.);
#3132=EDGE_CURVE('',#4374,#4375,#331,.T.);
#3133=EDGE_CURVE('',#4376,#4375,#191,.F.);
#3134=EDGE_CURVE('',#4350,#4376,#5160,.F.);
#3135=EDGE_CURVE('',#4377,#4378,#332,.F.);
#3136=EDGE_CURVE('',#4379,#4377,#333,.F.);
#3137=EDGE_CURVE('',#4380,#4379,#334,.F.);
#3138=EDGE_CURVE('',#4381,#4380,#335,.F.);
#3139=EDGE_CURVE('',#4382,#4381,#336,.F.);
#3140=EDGE_CURVE('',#4383,#4382,#337,.F.);
#3141=EDGE_CURVE('',#4384,#4383,#338,.F.);
#3142=EDGE_CURVE('',#4378,#4384,#339,.F.);
#3143=EDGE_CURVE('',#4385,#4386,#5161,.T.);
#3144=EDGE_CURVE('',#4386,#4387,#340,.T.);
#3145=EDGE_CURVE('',#4387,#4388,#341,.T.);
#3146=EDGE_CURVE('',#4388,#4389,#342,.T.);
#3147=EDGE_CURVE('',#4389,#4390,#343,.T.);
#3148=EDGE_CURVE('',#4390,#4391,#5162,.T.);
#3149=EDGE_CURVE('',#4391,#4392,#5163,.T.);
#3150=EDGE_CURVE('',#4392,#4393,#5164,.T.);
#3151=EDGE_CURVE('',#4393,#4394,#5165,.T.);
#3152=EDGE_CURVE('',#4394,#4395,#5166,.T.);
#3153=EDGE_CURVE('',#4395,#4396,#5167,.T.);
#3154=EDGE_CURVE('',#4396,#4397,#5168,.T.);
#3155=EDGE_CURVE('',#4397,#4398,#5169,.T.);
#3156=EDGE_CURVE('',#4398,#4399,#5170,.T.);
#3157=EDGE_CURVE('',#4399,#4385,#5171,.T.);
#3158=EDGE_CURVE('',#4400,#4401,#5172,.T.);
#3159=EDGE_CURVE('',#4401,#4402,#5173,.T.);
#3160=EDGE_CURVE('',#4402,#4403,#5174,.T.);
#3161=EDGE_CURVE('',#4403,#4404,#5175,.T.);
#3162=EDGE_CURVE('',#4404,#4405,#5176,.T.);
#3163=EDGE_CURVE('',#4405,#4406,#5177,.T.);
#3164=EDGE_CURVE('',#4406,#4407,#5178,.T.);
#3165=EDGE_CURVE('',#4407,#4408,#5179,.T.);
#3166=EDGE_CURVE('',#4408,#4409,#5180,.T.);
#3167=EDGE_CURVE('',#4409,#4410,#5181,.T.);
#3168=EDGE_CURVE('',#4410,#4411,#5182,.T.);
#3169=EDGE_CURVE('',#4411,#4412,#5183,.T.);
#3170=EDGE_CURVE('',#4412,#4413,#5184,.T.);
#3171=EDGE_CURVE('',#4413,#4414,#5185,.T.);
#3172=EDGE_CURVE('',#4414,#4415,#5186,.T.);
#3173=EDGE_CURVE('',#4415,#4416,#5187,.T.);
#3174=EDGE_CURVE('',#4416,#4417,#5188,.T.);
#3175=EDGE_CURVE('',#4417,#4418,#5189,.T.);
#3176=EDGE_CURVE('',#4418,#4419,#5190,.T.);
#3177=EDGE_CURVE('',#4419,#4420,#5191,.T.);
#3178=EDGE_CURVE('',#4420,#4421,#5192,.T.);
#3179=EDGE_CURVE('',#4421,#4422,#5193,.T.);
#3180=EDGE_CURVE('',#4422,#4423,#5194,.T.);
#3181=EDGE_CURVE('',#4423,#4424,#5195,.T.);
#3182=EDGE_CURVE('',#4424,#4425,#5196,.T.);
#3183=EDGE_CURVE('',#4425,#4426,#5197,.T.);
#3184=EDGE_CURVE('',#4426,#4427,#5198,.T.);
#3185=EDGE_CURVE('',#4427,#4428,#5199,.T.);
#3186=EDGE_CURVE('',#4428,#4400,#5200,.T.);
#3187=EDGE_CURVE('',#4429,#4430,#5201,.T.);
#3188=EDGE_CURVE('',#4430,#4431,#5202,.T.);
#3189=EDGE_CURVE('',#4431,#4432,#5203,.T.);
#3190=EDGE_CURVE('',#4432,#4433,#5204,.T.);
#3191=EDGE_CURVE('',#4433,#4434,#5205,.T.);
#3192=EDGE_CURVE('',#4434,#4435,#5206,.T.);
#3193=EDGE_CURVE('',#4435,#4436,#5207,.T.);
#3194=EDGE_CURVE('',#4436,#4437,#5208,.T.);
#3195=EDGE_CURVE('',#4437,#4438,#5209,.T.);
#3196=EDGE_CURVE('',#4438,#4439,#5210,.T.);
#3197=EDGE_CURVE('',#4439,#4440,#5211,.T.);
#3198=EDGE_CURVE('',#4440,#4441,#5212,.T.);
#3199=EDGE_CURVE('',#4441,#4442,#5213,.T.);
#3200=EDGE_CURVE('',#4442,#4443,#5214,.T.);
#3201=EDGE_CURVE('',#4443,#4444,#5215,.T.);
#3202=EDGE_CURVE('',#4444,#4445,#5216,.T.);
#3203=EDGE_CURVE('',#4445,#4446,#5217,.T.);
#3204=EDGE_CURVE('',#4446,#4447,#5218,.T.);
#3205=EDGE_CURVE('',#4447,#4448,#5219,.T.);
#3206=EDGE_CURVE('',#4448,#4449,#5220,.T.);
#3207=EDGE_CURVE('',#4449,#4450,#5221,.T.);
#3208=EDGE_CURVE('',#4450,#4451,#5222,.T.);
#3209=EDGE_CURVE('',#4451,#4452,#5223,.T.);
#3210=EDGE_CURVE('',#4452,#4453,#5224,.T.);
#3211=EDGE_CURVE('',#4453,#4454,#5225,.T.);
#3212=EDGE_CURVE('',#4454,#4455,#5226,.T.);
#3213=EDGE_CURVE('',#4455,#4429,#5227,.T.);
#3214=EDGE_CURVE('',#4456,#4457,#5228,.F.);
#3215=EDGE_CURVE('',#4458,#4456,#5229,.T.);
#3216=EDGE_CURVE('',#4459,#4458,#5230,.F.);
#3217=EDGE_CURVE('',#4457,#4459,#5231,.T.);
#3218=EDGE_CURVE('',#4460,#4461,#5232,.T.);
#3219=EDGE_CURVE('',#4461,#4462,#5233,.T.);
#3220=EDGE_CURVE('',#4462,#4463,#5234,.T.);
#3221=EDGE_CURVE('',#4463,#4464,#5235,.T.);
#3222=EDGE_CURVE('',#4464,#4465,#192,.F.);
#3223=EDGE_CURVE('',#4465,#4466,#193,.F.);
#3224=EDGE_CURVE('',#4466,#4467,#344,.T.);
#3225=EDGE_CURVE('',#4467,#4468,#345,.T.);
#3226=EDGE_CURVE('',#4468,#4469,#5236,.T.);
#3227=EDGE_CURVE('',#4469,#4470,#346,.T.);
#3228=EDGE_CURVE('',#4470,#4471,#347,.T.);
#3229=EDGE_CURVE('',#4471,#4472,#194,.F.);
#3230=EDGE_CURVE('',#4472,#4473,#195,.F.);
#3231=EDGE_CURVE('',#4473,#4474,#5237,.T.);
#3232=EDGE_CURVE('',#4474,#4475,#5238,.T.);
#3233=EDGE_CURVE('',#4475,#4476,#5239,.T.);
#3234=EDGE_CURVE('',#4476,#4477,#5240,.T.);
#3235=EDGE_CURVE('',#4477,#4478,#5241,.T.);
#3236=EDGE_CURVE('',#4478,#4479,#5242,.T.);
#3237=EDGE_CURVE('',#4479,#4460,#5243,.T.);
#3238=EDGE_CURVE('',#4480,#4481,#5244,.T.);
#3239=EDGE_CURVE('',#4481,#4482,#5245,.T.);
#3240=EDGE_CURVE('',#4482,#4483,#5246,.T.);
#3241=EDGE_CURVE('',#4483,#4484,#196,.F.);
#3242=EDGE_CURVE('',#4484,#4485,#348,.T.);
#3243=EDGE_CURVE('',#4485,#4486,#197,.F.);
#3244=EDGE_CURVE('',#4486,#4487,#198,.F.);
#3245=EDGE_CURVE('',#4487,#4488,#5247,.T.);
#3246=EDGE_CURVE('',#4488,#4489,#5248,.T.);
#3247=EDGE_CURVE('',#4489,#4490,#199,.T.);
#3248=EDGE_CURVE('',#4490,#4491,#349,.T.);
#3249=EDGE_CURVE('',#4491,#4492,#200,.T.);
#3250=EDGE_CURVE('',#4492,#4493,#5249,.T.);
#3251=EDGE_CURVE('',#4493,#4494,#5250,.T.);
#3252=EDGE_CURVE('',#4494,#4495,#5251,.T.);
#3253=EDGE_CURVE('',#4495,#4496,#5252,.T.);
#3254=EDGE_CURVE('',#4496,#4497,#5253,.T.);
#3255=EDGE_CURVE('',#4497,#4498,#5254,.T.);
#3256=EDGE_CURVE('',#4498,#4499,#5255,.T.);
#3257=EDGE_CURVE('',#4499,#4500,#5256,.T.);
#3258=EDGE_CURVE('',#4500,#4501,#5257,.T.);
#3259=EDGE_CURVE('',#4501,#4502,#5258,.T.);
#3260=EDGE_CURVE('',#4502,#4503,#5259,.T.);
#3261=EDGE_CURVE('',#4503,#4504,#5260,.T.);
#3262=EDGE_CURVE('',#4504,#4505,#5261,.T.);
#3263=EDGE_CURVE('',#4505,#4480,#5262,.T.);
#3264=EDGE_CURVE('',#4506,#4507,#5263,.T.);
#3265=EDGE_CURVE('',#4507,#4508,#5264,.T.);
#3266=EDGE_CURVE('',#4508,#4509,#5265,.T.);
#3267=EDGE_CURVE('',#4509,#4510,#201,.T.);
#3268=EDGE_CURVE('',#4510,#4511,#202,.T.);
#3269=EDGE_CURVE('',#4511,#4512,#350,.T.);
#3270=EDGE_CURVE('',#4512,#4513,#203,.T.);
#3271=EDGE_CURVE('',#4513,#4514,#204,.T.);
#3272=EDGE_CURVE('',#4514,#4515,#351,.T.);
#3273=EDGE_CURVE('',#4515,#4516,#352,.T.);
#3274=EDGE_CURVE('',#4516,#4517,#353,.T.);
#3275=EDGE_CURVE('',#4517,#4518,#354,.T.);
#3276=EDGE_CURVE('',#4518,#4519,#355,.T.);
#3277=EDGE_CURVE('',#4519,#4520,#205,.F.);
#3278=EDGE_CURVE('',#4520,#4521,#206,.F.);
#3279=EDGE_CURVE('',#4521,#4522,#5266,.T.);
#3280=EDGE_CURVE('',#4522,#4523,#5267,.T.);
#3281=EDGE_CURVE('',#4523,#4524,#5268,.T.);
#3282=EDGE_CURVE('',#4524,#4525,#207,.T.);
#3283=EDGE_CURVE('',#4525,#4526,#208,.T.);
#3284=EDGE_CURVE('',#4526,#4527,#356,.T.);
#3285=EDGE_CURVE('',#4527,#4528,#209,.T.);
#3286=EDGE_CURVE('',#4528,#4529,#357,.T.);
#3287=EDGE_CURVE('',#4529,#4530,#358,.T.);
#3288=EDGE_CURVE('',#4530,#4531,#359,.T.);
#3289=EDGE_CURVE('',#4531,#4532,#360,.T.);
#3290=EDGE_CURVE('',#4532,#4533,#361,.T.);
#3291=EDGE_CURVE('',#4533,#4534,#362,.T.);
#3292=EDGE_CURVE('',#4534,#4535,#210,.F.);
#3293=EDGE_CURVE('',#4535,#4506,#363,.T.);
#3294=EDGE_CURVE('',#4536,#4537,#5269,.T.);
#3295=EDGE_CURVE('',#4537,#4538,#5270,.T.);
#3296=EDGE_CURVE('',#4538,#4539,#5271,.T.);
#3297=EDGE_CURVE('',#4539,#4540,#5272,.T.);
#3298=EDGE_CURVE('',#4540,#4541,#211,.F.);
#3299=EDGE_CURVE('',#4541,#4542,#212,.F.);
#3300=EDGE_CURVE('',#4542,#4543,#364,.T.);
#3301=EDGE_CURVE('',#4543,#4544,#365,.T.);
#3302=EDGE_CURVE('',#4544,#4545,#366,.T.);
#3303=EDGE_CURVE('',#4545,#4546,#367,.T.);
#3304=EDGE_CURVE('',#4546,#4547,#368,.T.);
#3305=EDGE_CURVE('',#4547,#4548,#369,.T.);
#3306=EDGE_CURVE('',#4548,#4549,#5273,.T.);
#3307=EDGE_CURVE('',#4549,#4550,#5274,.T.);
#3308=EDGE_CURVE('',#4550,#4551,#370,.T.);
#3309=EDGE_CURVE('',#4551,#4552,#371,.T.);
#3310=EDGE_CURVE('',#4552,#4553,#372,.T.);
#3311=EDGE_CURVE('',#4553,#4554,#373,.T.);
#3312=EDGE_CURVE('',#4554,#4555,#374,.T.);
#3313=EDGE_CURVE('',#4555,#4556,#375,.T.);
#3314=EDGE_CURVE('',#4556,#4557,#376,.T.);
#3315=EDGE_CURVE('',#4557,#4558,#213,.T.);
#3316=EDGE_CURVE('',#4558,#4559,#5275,.T.);
#3317=EDGE_CURVE('',#4559,#4560,#5276,.T.);
#3318=EDGE_CURVE('',#4560,#4561,#5277,.T.);
#3319=EDGE_CURVE('',#4561,#4536,#5278,.T.);
#3320=EDGE_CURVE('',#4562,#4563,#5279,.T.);
#3321=EDGE_CURVE('',#4563,#4564,#377,.T.);
#3322=EDGE_CURVE('',#4564,#4565,#378,.T.);
#3323=EDGE_CURVE('',#4565,#4566,#5280,.T.);
#3324=EDGE_CURVE('',#4566,#4567,#5281,.T.);
#3325=EDGE_CURVE('',#4567,#4568,#5282,.T.);
#3326=EDGE_CURVE('',#4568,#4569,#379,.T.);
#3327=EDGE_CURVE('',#4569,#4570,#214,.F.);
#3328=EDGE_CURVE('',#4570,#4571,#5283,.T.);
#3329=EDGE_CURVE('',#4571,#4572,#5284,.T.);
#3330=EDGE_CURVE('',#4572,#4573,#5285,.T.);
#3331=EDGE_CURVE('',#4573,#4574,#5286,.T.);
#3332=EDGE_CURVE('',#4574,#4562,#5287,.T.);
#3333=EDGE_CURVE('',#4575,#4576,#215,.T.);
#3334=EDGE_CURVE('',#4577,#4575,#5288,.T.);
#3335=EDGE_CURVE('',#4577,#4578,#216,.T.);
#3336=EDGE_CURVE('',#4578,#4576,#5289,.T.);
#3337=EDGE_CURVE('',#4579,#4580,#380,.F.);
#3338=EDGE_CURVE('',#4579,#4581,#5290,.T.);
#3339=EDGE_CURVE('',#4582,#4581,#5291,.F.);
#3340=EDGE_CURVE('',#4580,#4582,#5292,.T.);
#3341=EDGE_CURVE('',#4580,#4583,#381,.F.);
#3342=EDGE_CURVE('',#4584,#4582,#5293,.T.);
#3343=EDGE_CURVE('',#4583,#4584,#5294,.T.);
#3344=EDGE_CURVE('',#4583,#4585,#382,.F.);
#3345=EDGE_CURVE('',#4586,#4584,#5295,.F.);
#3346=EDGE_CURVE('',#4585,#4586,#5296,.T.);
#3347=EDGE_CURVE('',#4587,#4579,#383,.F.);
#3348=EDGE_CURVE('',#4587,#4588,#5297,.T.);
#3349=EDGE_CURVE('',#4581,#4588,#5298,.T.);
#3350=EDGE_CURVE('',#4589,#4590,#5299,.F.);
#3351=EDGE_CURVE('',#4591,#4589,#5300,.T.);
#3352=EDGE_CURVE('',#4352,#4591,#384,.F.);
#3353=EDGE_CURVE('',#4592,#4351,#385,.F.);
#3354=EDGE_CURVE('',#4592,#4590,#5301,.T.);
#3355=EDGE_CURVE('',#4593,#4594,#386,.F.);
#3356=EDGE_CURVE('',#4593,#4595,#5302,.T.);
#3357=EDGE_CURVE('',#4596,#4595,#5303,.F.);
#3358=EDGE_CURVE('',#4594,#4596,#5304,.T.);
#3359=EDGE_CURVE('',#4597,#4598,#387,.F.);
#3360=EDGE_CURVE('',#4597,#4599,#5305,.T.);
#3361=EDGE_CURVE('',#4600,#4599,#5306,.F.);
#3362=EDGE_CURVE('',#4598,#4600,#5307,.T.);
#3363=EDGE_CURVE('',#4598,#4601,#388,.F.);
#3364=EDGE_CURVE('',#4602,#4600,#5308,.F.);
#3365=EDGE_CURVE('',#4601,#4602,#5309,.T.);
#3366=EDGE_CURVE('',#4601,#4603,#389,.F.);
#3367=EDGE_CURVE('',#4604,#4602,#5310,.F.);
#3368=EDGE_CURVE('',#4603,#4604,#5311,.T.);
#3369=EDGE_CURVE('',#4605,#4597,#390,.F.);
#3370=EDGE_CURVE('',#4605,#4606,#5312,.T.);
#3371=EDGE_CURVE('',#4599,#4606,#5313,.F.);
#3372=EDGE_CURVE('',#4607,#4608,#391,.T.);
#3373=EDGE_CURVE('',#4608,#4609,#392,.T.);
#3374=EDGE_CURVE('',#4609,#4610,#393,.T.);
#3375=EDGE_CURVE('',#4611,#4610,#217,.T.);
#3376=EDGE_CURVE('',#4607,#4611,#394,.F.);
#3377=EDGE_CURVE('',#4612,#4613,#395,.T.);
#3378=EDGE_CURVE('',#4613,#4614,#396,.T.);
#3379=EDGE_CURVE('',#4615,#4614,#218,.T.);
#3380=EDGE_CURVE('',#4612,#4615,#397,.F.);
#3381=EDGE_CURVE('',#4616,#4617,#5314,.F.);
#3382=EDGE_CURVE('',#4591,#4616,#398,.F.);
#3383=EDGE_CURVE('',#4617,#4589,#5315,.F.);
#3384=EDGE_CURVE('',#4353,#4616,#399,.T.);
#3385=EDGE_CURVE('',#4603,#4618,#400,.F.);
#3386=EDGE_CURVE('',#4619,#4604,#5316,.F.);
#3387=EDGE_CURVE('',#4618,#4619,#5317,.T.);
#3388=EDGE_CURVE('',#4620,#4621,#5318,.F.);
#3389=EDGE_CURVE('',#4618,#4620,#401,.F.);
#3390=EDGE_CURVE('',#4621,#4619,#5319,.F.);
#3391=EDGE_CURVE('',#4359,#4603,#402,.F.);
#3392=EDGE_CURVE('',#4358,#4601,#403,.T.);
#3393=EDGE_CURVE('',#4361,#4620,#404,.T.);
#3394=EDGE_CURVE('',#4618,#4360,#405,.F.);
#3395=EDGE_CURVE('',#4355,#4605,#406,.T.);
#3396=EDGE_CURVE('',#4356,#4597,#407,.F.);
#3397=EDGE_CURVE('',#4357,#4598,#408,.F.);
#3398=EDGE_CURVE('',#4585,#4622,#409,.F.);
#3399=EDGE_CURVE('',#4623,#4586,#5320,.F.);
#3400=EDGE_CURVE('',#4622,#4623,#5321,.T.);
#3401=EDGE_CURVE('',#4622,#4624,#410,.F.);
#3402=EDGE_CURVE('',#4625,#4623,#5322,.T.);
#3403=EDGE_CURVE('',#4624,#4625,#5323,.T.);
#3404=EDGE_CURVE('',#4624,#4626,#411,.F.);
#3405=EDGE_CURVE('',#4627,#4625,#5324,.T.);
#3406=EDGE_CURVE('',#4626,#4627,#5325,.T.);
#3407=EDGE_CURVE('',#4626,#4587,#412,.F.);
#3408=EDGE_CURVE('',#4588,#4627,#5326,.T.);
#3409=EDGE_CURVE('',#4379,#4624,#413,.F.);
#3410=EDGE_CURVE('',#4622,#4377,#414,.F.);
#3411=EDGE_CURVE('',#4380,#4626,#415,.F.);
#3412=EDGE_CURVE('',#4381,#4587,#416,.F.);
#3413=EDGE_CURVE('',#4382,#4579,#417,.F.);
#3414=EDGE_CURVE('',#4383,#4580,#418,.F.);
#3415=EDGE_CURVE('',#4384,#4583,#419,.F.);
#3416=EDGE_CURVE('',#4378,#4585,#420,.F.);
#3417=EDGE_CURVE('',#4628,#4629,#5327,.T.);
#3418=EDGE_CURVE('',#4374,#4629,#421,.F.);
#3419=EDGE_CURVE('',#4373,#4630,#219,.T.);
#3420=EDGE_CURVE('',#4630,#4631,#5328,.T.);
#3421=EDGE_CURVE('',#4632,#4631,#5329,.F.);
#3422=EDGE_CURVE('',#4632,#4633,#5330,.F.);
#3423=EDGE_CURVE('',#4457,#4633,#422,.F.);
#3424=EDGE_CURVE('',#4634,#4459,#423,.F.);
#3425=EDGE_CURVE('',#4634,#4635,#5331,.T.);
#3426=EDGE_CURVE('',#4636,#4635,#5332,.F.);
#3427=EDGE_CURVE('',#4636,#4637,#5333,.F.);
#3428=EDGE_CURVE('',#4628,#4637,#424,.F.);
#3429=EDGE_CURVE('',#4613,#4638,#425,.T.);
#3430=EDGE_CURVE('',#4638,#4612,#426,.T.);
#3431=EDGE_CURVE('',#4614,#4615,#220,.T.);
#3432=EDGE_CURVE('',#4609,#4607,#427,.T.);
#3433=EDGE_CURVE('',#4610,#4611,#221,.T.);
#3434=EDGE_CURVE('',#4639,#4640,#428,.F.);
#3435=EDGE_CURVE('',#4639,#4641,#5334,.T.);
#3436=EDGE_CURVE('',#4642,#4641,#5335,.F.);
#3437=EDGE_CURVE('',#4643,#4642,#5336,.T.);
#3438=EDGE_CURVE('',#4644,#4643,#429,.F.);
#3439=EDGE_CURVE('',#4640,#4644,#430,.F.);
#3440=EDGE_CURVE('',#4645,#4370,#431,.F.);
#3441=EDGE_CURVE('',#4645,#4646,#5337,.T.);
#3442=EDGE_CURVE('',#4371,#4646,#432,.F.);
#3443=EDGE_CURVE('',#4647,#4648,#222,.F.);
#3444=EDGE_CURVE('',#4647,#4649,#5338,.T.);
#3445=EDGE_CURVE('',#4649,#4650,#223,.T.);
#3446=EDGE_CURVE('',#4650,#4648,#5339,.F.);
#3447=EDGE_CURVE('',#4375,#4651,#433,.T.);
#3448=EDGE_CURVE('',#4629,#4652,#434,.F.);
#3449=EDGE_CURVE('',#4651,#4652,#435,.F.);
#3450=EDGE_CURVE('',#4653,#4654,#436,.F.);
#3451=EDGE_CURVE('',#4654,#4653,#437,.F.);
#3452=EDGE_CURVE('',#4655,#4656,#438,.F.);
#3453=EDGE_CURVE('',#4656,#4655,#439,.T.);
#3454=EDGE_CURVE('',#4657,#4657,#224,.T.);
#3455=EDGE_CURVE('',#4658,#4658,#225,.F.);
#3456=EDGE_CURVE('',#4659,#4659,#226,.T.);
#3457=EDGE_CURVE('',#4660,#4660,#227,.T.);
#3458=EDGE_CURVE('',#4661,#4661,#228,.T.);
#3459=EDGE_CURVE('',#4662,#4662,#229,.T.);
#3460=EDGE_CURVE('',#4663,#4664,#5340,.F.);
#3461=EDGE_CURVE('',#4663,#4665,#5341,.F.);
#3462=EDGE_CURVE('',#4664,#4665,#5342,.F.);
#3463=EDGE_CURVE('',#4666,#4667,#5343,.F.);
#3464=EDGE_CURVE('',#4668,#4666,#5344,.T.);
#3465=EDGE_CURVE('',#4667,#4668,#440,.T.);
#3466=EDGE_CURVE('',#4669,#4670,#5345,.T.);
#3467=EDGE_CURVE('',#4671,#4670,#5346,.T.);
#3468=EDGE_CURVE('',#4672,#4671,#5347,.T.);
#3469=EDGE_CURVE('',#4669,#4672,#5348,.F.);
#3470=EDGE_CURVE('',#4673,#4672,#441,.F.);
#3471=EDGE_CURVE('',#4671,#4674,#442,.F.);
#3472=EDGE_CURVE('',#4674,#4663,#443,.T.);
#3473=EDGE_CURVE('',#4673,#4664,#444,.T.);
#3474=EDGE_CURVE('',#4675,#4676,#445,.F.);
#3475=EDGE_CURVE('',#4676,#4677,#5349,.T.);
#3476=EDGE_CURVE('',#4677,#4666,#446,.F.);
#3477=EDGE_CURVE('',#4675,#4667,#447,.T.);
#3478=EDGE_CURVE('',#4670,#4678,#5350,.T.);
#3479=EDGE_CURVE('',#4679,#4678,#5351,.T.);
#3480=EDGE_CURVE('',#4674,#4679,#5352,.F.);
#3481=EDGE_CURVE('',#4678,#4680,#5353,.T.);
#3482=EDGE_CURVE('',#4680,#4676,#5354,.F.);
#3483=EDGE_CURVE('',#4681,#4675,#230,.F.);
#3484=EDGE_CURVE('',#4679,#4681,#5355,.F.);
#3485=EDGE_CURVE('',#4682,#4683,#5356,.T.);
#3486=EDGE_CURVE('',#4683,#4665,#448,.T.);
#3487=EDGE_CURVE('',#4682,#4679,#14,.F.);
#3488=EDGE_CURVE('',#4649,#4681,#231,.T.);
#3489=EDGE_CURVE('',#4649,#4682,#5357,.T.);
#3490=EDGE_CURVE('',#4684,#4668,#449,.T.);
#3491=EDGE_CURVE('',#4685,#4684,#450,.T.);
#3492=EDGE_CURVE('',#4685,#4650,#451,.T.);
#3493=EDGE_CURVE('',#4686,#4687,#232,.T.);
#3494=EDGE_CURVE('',#4686,#4688,#5358,.F.);
#3495=EDGE_CURVE('',#4689,#4688,#233,.T.);
#3496=EDGE_CURVE('',#4687,#4689,#5359,.F.);
#3497=EDGE_CURVE('',#4690,#4691,#452,.T.);
#3498=EDGE_CURVE('',#4691,#4692,#234,.F.);
#3499=EDGE_CURVE('',#4686,#4692,#235,.F.);
#3500=EDGE_CURVE('',#4690,#4687,#453,.T.);
#3501=EDGE_CURVE('',#4683,#4686,#5360,.T.);
#3502=EDGE_CURVE('',#4692,#4673,#5361,.F.);
#3503=EDGE_CURVE('',#4693,#4689,#236,.F.);
#3504=EDGE_CURVE('',#4693,#4685,#5362,.T.);
#3505=EDGE_CURVE('',#4684,#4690,#5363,.F.);
#3506=EDGE_CURVE('',#4694,#4695,#5364,.T.);
#3507=EDGE_CURVE('',#4696,#4695,#5365,.F.);
#3508=EDGE_CURVE('',#4696,#4697,#5366,.F.);
#3509=EDGE_CURVE('',#4697,#4698,#454,.T.);
#3510=EDGE_CURVE('',#4698,#4699,#5367,.F.);
#3511=EDGE_CURVE('',#4699,#4700,#5368,.F.);
#3512=EDGE_CURVE('',#4694,#4700,#455,.F.);
#3513=EDGE_CURVE('',#4637,#4694,#5369,.T.);
#3514=EDGE_CURVE('',#4636,#4695,#5370,.T.);
#3515=EDGE_CURVE('',#4701,#4702,#5371,.F.);
#3516=EDGE_CURVE('',#4703,#4701,#5372,.T.);
#3517=EDGE_CURVE('',#4702,#4703,#5373,.T.);
#3518=EDGE_CURVE('',#4704,#4705,#5374,.T.);
#3519=EDGE_CURVE('',#4706,#4704,#5375,.F.);
#3520=EDGE_CURVE('',#4707,#4706,#5376,.T.);
#3521=EDGE_CURVE('',#4705,#4707,#5377,.T.);
#3522=EDGE_CURVE('',#4702,#4704,#456,.F.);
#3523=EDGE_CURVE('',#4705,#4701,#457,.F.);
#3524=EDGE_CURVE('',#4697,#4634,#5378,.T.);
#3525=EDGE_CURVE('',#4635,#4696,#5379,.T.);
#3526=EDGE_CURVE('',#4458,#4698,#458,.F.);
#3527=EDGE_CURVE('',#4633,#4708,#5380,.T.);
#3528=EDGE_CURVE('',#4632,#4709,#5381,.T.);
#3529=EDGE_CURVE('',#4708,#4709,#5382,.T.);
#3530=EDGE_CURVE('',#4708,#4456,#459,.F.);
#3531=EDGE_CURVE('',#4700,#4628,#5383,.F.);
#3532=EDGE_CURVE('',#4688,#4699,#5384,.T.);
#3533=EDGE_CURVE('',#4652,#4647,#5385,.T.);
#3534=EDGE_CURVE('',#4643,#4593,#460,.F.);
#3535=EDGE_CURVE('',#4595,#4642,#5386,.T.);
#3536=EDGE_CURVE('',#4710,#4711,#461,.F.);
#3537=EDGE_CURVE('',#4712,#4710,#5387,.T.);
#3538=EDGE_CURVE('',#4648,#4712,#5388,.T.);
#3539=EDGE_CURVE('',#4693,#4713,#5389,.T.);
#3540=EDGE_CURVE('',#4646,#4713,#462,.F.);
#3541=EDGE_CURVE('',#4714,#4645,#463,.F.);
#3542=EDGE_CURVE('',#4715,#4714,#464,.F.);
#3543=EDGE_CURVE('',#4711,#4715,#465,.F.);
#3544=EDGE_CURVE('',#4716,#4717,#466,.F.);
#3545=EDGE_CURVE('',#4718,#4716,#5390,.F.);
#3546=EDGE_CURVE('',#4719,#4718,#237,.T.);
#3547=EDGE_CURVE('',#4720,#4719,#5391,.F.);
#3548=EDGE_CURVE('',#4721,#4720,#238,.T.);
#3549=EDGE_CURVE('',#4576,#4721,#5392,.T.);
#3550=EDGE_CURVE('',#4722,#4578,#5393,.T.);
#3551=EDGE_CURVE('',#4722,#4717,#5394,.T.);
#3552=EDGE_CURVE('',#4723,#4724,#239,.T.);
#3553=EDGE_CURVE('',#4717,#4723,#467,.F.);
#3554=EDGE_CURVE('',#4722,#4725,#240,.T.);
#3555=EDGE_CURVE('',#4725,#4724,#5395,.T.);
#3556=EDGE_CURVE('',#4726,#4727,#5396,.F.);
#3557=EDGE_CURVE('',#4724,#4726,#5397,.T.);
#3558=EDGE_CURVE('',#4725,#4728,#5398,.T.);
#3559=EDGE_CURVE('',#4728,#4729,#5399,.T.);
#3560=EDGE_CURVE('',#4730,#4729,#5400,.F.);
#3561=EDGE_CURVE('',#4730,#4731,#5401,.T.);
#3562=EDGE_CURVE('',#4732,#4731,#5402,.F.);
#3563=EDGE_CURVE('',#4733,#4732,#5403,.T.);
#3564=EDGE_CURVE('',#4733,#4734,#5404,.T.);
#3565=EDGE_CURVE('',#4734,#4735,#5405,.T.);
#3566=EDGE_CURVE('',#4736,#4735,#5406,.F.);
#3567=EDGE_CURVE('',#4736,#4737,#5407,.T.);
#3568=EDGE_CURVE('',#4738,#4737,#5408,.F.);
#3569=EDGE_CURVE('',#4739,#4738,#5409,.T.);
#3570=EDGE_CURVE('',#4739,#4740,#5410,.T.);
#3571=EDGE_CURVE('',#4740,#4741,#5411,.T.);
#3572=EDGE_CURVE('',#4742,#4741,#5412,.F.);
#3573=EDGE_CURVE('',#4742,#4743,#5413,.T.);
#3574=EDGE_CURVE('',#4744,#4743,#5414,.F.);
#3575=EDGE_CURVE('',#4745,#4744,#5415,.T.);
#3576=EDGE_CURVE('',#4745,#4746,#5416,.T.);
#3577=EDGE_CURVE('',#4746,#4747,#5417,.T.);
#3578=EDGE_CURVE('',#4748,#4747,#5418,.F.);
#3579=EDGE_CURVE('',#4748,#4749,#5419,.T.);
#3580=EDGE_CURVE('',#4750,#4749,#5420,.F.);
#3581=EDGE_CURVE('',#4750,#4751,#5421,.F.);
#3582=EDGE_CURVE('',#4727,#4751,#5422,.F.);
#3583=EDGE_CURVE('',#4647,#4718,#241,.F.);
#3584=EDGE_CURVE('',#4719,#4648,#242,.T.);
#3585=EDGE_CURVE('',#4652,#4716,#468,.F.);
#3586=EDGE_CURVE('',#4651,#4717,#469,.T.);
#3587=EDGE_CURVE('',#4375,#4723,#470,.F.);
#3588=EDGE_CURVE('',#4376,#4724,#243,.T.);
#3589=EDGE_CURVE('',#4363,#4575,#244,.F.);
#3590=EDGE_CURVE('',#4364,#4576,#245,.T.);
#3591=EDGE_CURVE('',#4365,#4721,#246,.F.);
#3592=EDGE_CURVE('',#4712,#4720,#247,.F.);
#3593=EDGE_CURVE('',#4712,#4365,#248,.F.);
#3594=EDGE_CURVE('',#4752,#4669,#5423,.T.);
#3595=EDGE_CURVE('',#4691,#4752,#5424,.T.);
#3596=EDGE_CURVE('',#4753,#4752,#5425,.T.);
#3597=EDGE_CURVE('',#4677,#4753,#5426,.T.);
#3598=EDGE_CURVE('',#4680,#4753,#5427,.T.);
#3599=EDGE_CURVE('',#4754,#4755,#5428,.T.);
#3600=EDGE_CURVE('',#4756,#4754,#5429,.T.);
#3601=EDGE_CURVE('',#4757,#4756,#5430,.T.);
#3602=EDGE_CURVE('',#4755,#4757,#5431,.T.);
#3603=EDGE_CURVE('',#4758,#4759,#5432,.F.);
#3604=EDGE_CURVE('',#4758,#4754,#5433,.T.);
#3605=EDGE_CURVE('',#4759,#4755,#5434,.T.);
#3606=EDGE_CURVE('',#4759,#4760,#5435,.F.);
#3607=EDGE_CURVE('',#4760,#4757,#5436,.T.);
#3608=EDGE_CURVE('',#4760,#4761,#5437,.T.);
#3609=EDGE_CURVE('',#4761,#4756,#5438,.T.);
#3610=EDGE_CURVE('',#4761,#4758,#5439,.T.);
#3611=EDGE_CURVE('',#4713,#4762,#5440,.T.);
#3612=EDGE_CURVE('',#4706,#4709,#5441,.T.);
#3613=EDGE_CURVE('',#4762,#4703,#5442,.T.);
#3614=EDGE_CURVE('',#4762,#4630,#5443,.T.);
#3615=EDGE_CURVE('',#4631,#4707,#5444,.T.);
#3616=EDGE_CURVE('',#4372,#4762,#15,.T.);
#3617=EDGE_CURVE('',#4763,#4764,#5445,.F.);
#3618=EDGE_CURVE('',#4765,#4763,#5446,.T.);
#3619=EDGE_CURVE('',#4766,#4765,#5447,.T.);
#3620=EDGE_CURVE('',#4764,#4766,#5448,.T.);
#3621=EDGE_CURVE('',#4767,#4768,#5449,.F.);
#3622=EDGE_CURVE('',#4767,#4766,#5450,.T.);
#3623=EDGE_CURVE('',#4768,#4765,#5451,.T.);
#3624=EDGE_CURVE('',#4769,#4763,#5452,.T.);
#3625=EDGE_CURVE('',#4768,#4769,#5453,.T.);
#3626=EDGE_CURVE('',#4764,#4770,#5454,.F.);
#3627=EDGE_CURVE('',#4770,#4767,#5455,.F.);
#3628=EDGE_CURVE('',#4771,#4772,#5456,.T.);
#3629=EDGE_CURVE('',#4773,#4771,#5457,.T.);
#3630=EDGE_CURVE('',#4774,#4773,#5458,.T.);
#3631=EDGE_CURVE('',#4772,#4774,#5459,.T.);
#3632=EDGE_CURVE('',#4775,#4776,#5460,.T.);
#3633=EDGE_CURVE('',#4775,#4771,#5461,.T.);
#3634=EDGE_CURVE('',#4776,#4772,#5462,.T.);
#3635=EDGE_CURVE('',#4776,#4777,#5463,.T.);
#3636=EDGE_CURVE('',#4777,#4774,#5464,.T.);
#3637=EDGE_CURVE('',#4777,#4778,#5465,.F.);
#3638=EDGE_CURVE('',#4778,#4773,#5466,.T.);
#3639=EDGE_CURVE('',#4778,#4775,#5467,.F.);
#3640=EDGE_CURVE('',#4779,#4779,#249,.T.);
#3641=EDGE_CURVE('',#4780,#4780,#250,.T.);
#3642=EDGE_CURVE('',#4781,#4781,#251,.T.);
#3643=EDGE_CURVE('',#4782,#4782,#252,.T.);
#3644=EDGE_CURVE('',#4783,#4783,#253,.T.);
#3645=EDGE_CURVE('',#4784,#4784,#254,.T.);
#3646=EDGE_CURVE('',#4785,#4785,#255,.T.);
#3647=EDGE_CURVE('',#4786,#4786,#256,.T.);
#3648=EDGE_CURVE('',#4787,#4787,#257,.T.);
#3649=EDGE_CURVE('',#4788,#4788,#258,.T.);
#3650=EDGE_CURVE('',#4789,#4789,#259,.T.);
#3651=EDGE_CURVE('',#4790,#4790,#260,.T.);
#3652=EDGE_CURVE('',#4727,#4769,#5468,.F.);
#3653=EDGE_CURVE('',#4751,#4791,#5469,.T.);
#3654=EDGE_CURVE('',#4791,#4792,#5470,.T.);
#3655=EDGE_CURVE('',#4792,#4793,#5471,.T.);
#3656=EDGE_CURVE('',#4793,#4794,#5472,.T.);
#3657=EDGE_CURVE('',#4794,#4795,#5473,.T.);
#3658=EDGE_CURVE('',#4795,#4796,#5474,.F.);
#3659=EDGE_CURVE('',#4796,#4797,#5475,.T.);
#3660=EDGE_CURVE('',#4797,#4798,#5476,.F.);
#3661=EDGE_CURVE('',#4798,#4799,#5477,.T.);
#3662=EDGE_CURVE('',#4799,#4800,#5478,.F.);
#3663=EDGE_CURVE('',#4801,#4800,#5479,.T.);
#3664=EDGE_CURVE('',#4728,#4801,#5480,.T.);
#3665=EDGE_CURVE('',#4577,#4802,#5481,.T.);
#3666=EDGE_CURVE('',#4621,#4802,#5482,.F.);
#3667=EDGE_CURVE('',#4606,#4803,#5483,.T.);
#3668=EDGE_CURVE('',#4617,#4803,#5484,.F.);
#3669=EDGE_CURVE('',#4590,#4804,#5485,.T.);
#3670=EDGE_CURVE('',#4770,#4804,#5486,.F.);
#3671=EDGE_CURVE('',#4805,#4806,#5487,.T.);
#3672=EDGE_CURVE('',#4806,#4596,#5488,.T.);
#3673=EDGE_CURVE('',#4641,#4805,#5489,.T.);
#3674=EDGE_CURVE('',#4791,#4807,#5490,.T.);
#3675=EDGE_CURVE('',#4808,#4807,#5491,.T.);
#3676=EDGE_CURVE('',#4808,#4809,#5492,.T.);
#3677=EDGE_CURVE('',#4792,#4809,#5493,.T.);
#3678=EDGE_CURVE('',#4809,#4810,#5494,.T.);
#3679=EDGE_CURVE('',#4793,#4810,#5495,.T.);
#3680=EDGE_CURVE('',#4810,#4811,#5496,.T.);
#3681=EDGE_CURVE('',#4794,#4811,#5497,.T.);
#3682=EDGE_CURVE('',#4811,#4812,#5498,.T.);
#3683=EDGE_CURVE('',#4795,#4812,#5499,.T.);
#3684=EDGE_CURVE('',#4812,#4813,#5500,.T.);
#3685=EDGE_CURVE('',#4796,#4813,#5501,.T.);
#3686=EDGE_CURVE('',#4813,#4814,#5502,.T.);
#3687=EDGE_CURVE('',#4797,#4814,#5503,.T.);
#3688=EDGE_CURVE('',#4814,#4815,#5504,.T.);
#3689=EDGE_CURVE('',#4798,#4815,#5505,.T.);
#3690=EDGE_CURVE('',#4815,#4816,#5506,.T.);
#3691=EDGE_CURVE('',#4817,#4816,#5507,.T.);
#3692=EDGE_CURVE('',#4799,#4817,#5508,.T.);
#3693=EDGE_CURVE('',#4818,#4800,#5509,.F.);
#3694=EDGE_CURVE('',#4818,#4817,#5510,.F.);
#3695=EDGE_CURVE('',#4819,#4820,#5511,.T.);
#3696=EDGE_CURVE('',#4821,#4819,#5512,.T.);
#3697=EDGE_CURVE('',#4821,#4822,#5513,.T.);
#3698=EDGE_CURVE('',#4822,#4823,#5514,.T.);
#3699=EDGE_CURVE('',#4823,#4824,#5515,.F.);
#3700=EDGE_CURVE('',#4820,#4824,#5516,.T.);
#3701=EDGE_CURVE('',#4733,#4823,#5517,.T.);
#3702=EDGE_CURVE('',#4734,#4822,#5518,.T.);
#3703=EDGE_CURVE('',#4735,#4821,#5519,.F.);
#3704=EDGE_CURVE('',#4825,#4826,#5520,.T.);
#3705=EDGE_CURVE('',#4827,#4825,#5521,.T.);
#3706=EDGE_CURVE('',#4827,#4828,#5522,.T.);
#3707=EDGE_CURVE('',#4828,#4829,#5523,.T.);
#3708=EDGE_CURVE('',#4829,#4830,#5524,.F.);
#3709=EDGE_CURVE('',#4826,#4830,#5525,.T.);
#3710=EDGE_CURVE('',#4739,#4829,#5526,.T.);
#3711=EDGE_CURVE('',#4740,#4828,#5527,.T.);
#3712=EDGE_CURVE('',#4741,#4827,#5528,.F.);
#3713=EDGE_CURVE('',#4831,#4832,#5529,.T.);
#3714=EDGE_CURVE('',#4833,#4831,#5530,.T.);
#3715=EDGE_CURVE('',#4833,#4801,#5531,.T.);
#3716=EDGE_CURVE('',#4832,#4818,#5532,.F.);
#3717=EDGE_CURVE('',#4729,#4833,#5533,.F.);
#3718=EDGE_CURVE('',#4834,#4835,#5534,.T.);
#3719=EDGE_CURVE('',#4836,#4834,#5535,.T.);
#3720=EDGE_CURVE('',#4836,#4837,#5536,.T.);
#3721=EDGE_CURVE('',#4837,#4838,#5537,.T.);
#3722=EDGE_CURVE('',#4838,#4839,#5538,.F.);
#3723=EDGE_CURVE('',#4835,#4839,#5539,.T.);
#3724=EDGE_CURVE('',#4745,#4838,#5540,.T.);
#3725=EDGE_CURVE('',#4746,#4837,#5541,.T.);
#3726=EDGE_CURVE('',#4747,#4836,#5542,.F.);
#3727=EDGE_CURVE('',#4825,#4742,#5543,.T.);
#3728=EDGE_CURVE('',#4819,#4736,#5544,.T.);
#3729=EDGE_CURVE('',#4834,#4748,#5545,.T.);
#3730=EDGE_CURVE('',#4831,#4730,#5546,.T.);
#3731=EDGE_CURVE('',#4816,#4832,#5547,.T.);
#3732=EDGE_CURVE('',#4749,#4808,#5548,.F.);
#3733=EDGE_CURVE('',#4743,#4835,#5549,.F.);
#3734=EDGE_CURVE('',#4737,#4826,#5550,.F.);
#3735=EDGE_CURVE('',#4731,#4820,#5551,.F.);
#3736=EDGE_CURVE('',#4807,#4750,#5552,.T.);
#3737=EDGE_CURVE('',#4839,#4744,#5553,.T.);
#3738=EDGE_CURVE('',#4830,#4738,#5554,.T.);
#3739=EDGE_CURVE('',#4824,#4732,#5555,.T.);
#3740=EDGE_CURVE('',#4840,#4841,#471,.F.);
#3741=EDGE_CURVE('',#4842,#4840,#472,.F.);
#3742=EDGE_CURVE('',#4594,#4842,#473,.F.);
#3743=EDGE_CURVE('',#4841,#4806,#5556,.T.);
#3744=EDGE_CURVE('',#4843,#4844,#474,.F.);
#3745=EDGE_CURVE('',#4841,#4843,#475,.F.);
#3746=EDGE_CURVE('',#4844,#4805,#5557,.T.);
#3747=EDGE_CURVE('',#4844,#4845,#476,.F.);
#3748=EDGE_CURVE('',#4845,#4639,#477,.F.);
#3749=EDGE_CURVE('',#4366,#4710,#478,.F.);
#3750=EDGE_CURVE('',#4710,#4640,#479,.F.);
#3751=EDGE_CURVE('',#4711,#4845,#480,.T.);
#3752=EDGE_CURVE('',#4366,#4644,#481,.T.);
#3753=EDGE_CURVE('',#4367,#4643,#482,.F.);
#3754=EDGE_CURVE('',#4840,#4645,#483,.F.);
#3755=EDGE_CURVE('',#4714,#4843,#484,.F.);
#3756=EDGE_CURVE('',#4368,#4593,#485,.F.);
#3757=EDGE_CURVE('',#4842,#4370,#486,.T.);
#3758=EDGE_CURVE('',#4369,#4594,#487,.F.);
#3759=EDGE_CURVE('',#4715,#4844,#488,.F.);
#3760=EDGE_CURVE('',#4802,#4846,#5558,.T.);
#3761=EDGE_CURVE('',#4846,#4575,#5559,.T.);
#3762=EDGE_CURVE('',#4846,#4362,#261,.F.);
#3763=EDGE_CURVE('',#4803,#4847,#5560,.T.);
#3764=EDGE_CURVE('',#4847,#4605,#489,.F.);
#3765=EDGE_CURVE('',#4847,#4354,#490,.T.);
#3766=EDGE_CURVE('',#4804,#4848,#5561,.T.);
#3767=EDGE_CURVE('',#4848,#4592,#491,.F.);
#3768=EDGE_CURVE('',#4848,#4349,#492,.T.);
#3769=EDGE_CURVE('',#4350,#4726,#262,.T.);
#3770=EDGE_CURVE('',#4849,#4430,#5562,.T.);
#3771=EDGE_CURVE('',#4849,#4850,#5563,.T.);
#3772=EDGE_CURVE('',#4850,#4431,#5564,.T.);
#3773=EDGE_CURVE('',#4851,#4429,#5565,.T.);
#3774=EDGE_CURVE('',#4851,#4849,#5566,.T.);
#3775=EDGE_CURVE('',#4852,#4455,#5567,.T.);
#3776=EDGE_CURVE('',#4852,#4851,#5568,.T.);
#3777=EDGE_CURVE('',#4853,#4454,#5569,.T.);
#3778=EDGE_CURVE('',#4853,#4852,#5570,.T.);
#3779=EDGE_CURVE('',#4854,#4453,#5571,.T.);
#3780=EDGE_CURVE('',#4854,#4853,#5572,.T.);
#3781=EDGE_CURVE('',#4855,#4452,#5573,.T.);
#3782=EDGE_CURVE('',#4855,#4854,#5574,.T.);
#3783=EDGE_CURVE('',#4856,#4451,#5575,.T.);
#3784=EDGE_CURVE('',#4856,#4855,#5576,.T.);
#3785=EDGE_CURVE('',#4857,#4450,#5577,.T.);
#3786=EDGE_CURVE('',#4857,#4856,#5578,.T.);
#3787=EDGE_CURVE('',#4858,#4449,#5579,.T.);
#3788=EDGE_CURVE('',#4858,#4857,#5580,.T.);
#3789=EDGE_CURVE('',#4859,#4448,#5581,.T.);
#3790=EDGE_CURVE('',#4859,#4858,#5582,.T.);
#3791=EDGE_CURVE('',#4860,#4447,#5583,.T.);
#3792=EDGE_CURVE('',#4860,#4859,#5584,.T.);
#3793=EDGE_CURVE('',#4861,#4446,#5585,.T.);
#3794=EDGE_CURVE('',#4861,#4860,#5586,.T.);
#3795=EDGE_CURVE('',#4862,#4445,#5587,.T.);
#3796=EDGE_CURVE('',#4862,#4861,#5588,.T.);
#3797=EDGE_CURVE('',#4863,#4444,#5589,.T.);
#3798=EDGE_CURVE('',#4863,#4862,#5590,.T.);
#3799=EDGE_CURVE('',#4864,#4443,#5591,.T.);
#3800=EDGE_CURVE('',#4864,#4863,#5592,.T.);
#3801=EDGE_CURVE('',#4865,#4442,#5593,.T.);
#3802=EDGE_CURVE('',#4865,#4864,#5594,.T.);
#3803=EDGE_CURVE('',#4866,#4441,#5595,.T.);
#3804=EDGE_CURVE('',#4866,#4865,#5596,.T.);
#3805=EDGE_CURVE('',#4867,#4440,#5597,.T.);
#3806=EDGE_CURVE('',#4867,#4866,#5598,.T.);
#3807=EDGE_CURVE('',#4868,#4439,#5599,.T.);
#3808=EDGE_CURVE('',#4868,#4867,#5600,.T.);
#3809=EDGE_CURVE('',#4869,#4438,#5601,.T.);
#3810=EDGE_CURVE('',#4869,#4868,#5602,.T.);
#3811=EDGE_CURVE('',#4870,#4437,#5603,.T.);
#3812=EDGE_CURVE('',#4870,#4869,#5604,.T.);
#3813=EDGE_CURVE('',#4871,#4436,#5605,.T.);
#3814=EDGE_CURVE('',#4871,#4870,#5606,.T.);
#3815=EDGE_CURVE('',#4872,#4435,#5607,.T.);
#3816=EDGE_CURVE('',#4872,#4871,#5608,.T.);
#3817=EDGE_CURVE('',#4873,#4434,#5609,.T.);
#3818=EDGE_CURVE('',#4873,#4872,#5610,.T.);
#3819=EDGE_CURVE('',#4874,#4433,#5611,.T.);
#3820=EDGE_CURVE('',#4874,#4873,#5612,.T.);
#3821=EDGE_CURVE('',#4875,#4432,#5613,.T.);
#3822=EDGE_CURVE('',#4875,#4874,#5614,.T.);
#3823=EDGE_CURVE('',#4850,#4875,#5615,.T.);
#3824=EDGE_CURVE('',#4876,#4877,#493,.T.);
#3825=EDGE_CURVE('',#4878,#4876,#5616,.T.);
#3826=EDGE_CURVE('',#4878,#4879,#494,.T.);
#3827=EDGE_CURVE('',#4879,#4877,#5617,.T.);
#3828=EDGE_CURVE('',#4880,#4876,#5618,.T.);
#3829=EDGE_CURVE('',#4881,#4880,#5619,.T.);
#3830=EDGE_CURVE('',#4881,#4878,#5620,.T.);
#3831=EDGE_CURVE('',#4882,#4880,#495,.T.);
#3832=EDGE_CURVE('',#4883,#4882,#5621,.T.);
#3833=EDGE_CURVE('',#4883,#4881,#496,.T.);
#3834=EDGE_CURVE('',#4884,#4882,#497,.T.);
#3835=EDGE_CURVE('',#4885,#4884,#5622,.T.);
#3836=EDGE_CURVE('',#4885,#4883,#498,.T.);
#3837=EDGE_CURVE('',#4886,#4884,#263,.T.);
#3838=EDGE_CURVE('',#4887,#4886,#5623,.T.);
#3839=EDGE_CURVE('',#4887,#4885,#264,.T.);
#3840=EDGE_CURVE('',#4888,#4886,#265,.T.);
#3841=EDGE_CURVE('',#4889,#4888,#5624,.T.);
#3842=EDGE_CURVE('',#4889,#4887,#266,.T.);
#3843=EDGE_CURVE('',#4890,#4888,#5625,.T.);
#3844=EDGE_CURVE('',#4891,#4890,#5626,.T.);
#3845=EDGE_CURVE('',#4891,#4889,#5627,.T.);
#3846=EDGE_CURVE('',#4892,#4890,#267,.T.);
#3847=EDGE_CURVE('',#4893,#4892,#5628,.T.);
#3848=EDGE_CURVE('',#4893,#4891,#268,.T.);
#3849=EDGE_CURVE('',#4894,#4892,#269,.T.);
#3850=EDGE_CURVE('',#4895,#4894,#5629,.T.);
#3851=EDGE_CURVE('',#4895,#4893,#270,.T.);
#3852=EDGE_CURVE('',#4896,#4461,#5630,.T.);
#3853=EDGE_CURVE('',#4896,#4897,#5631,.T.);
#3854=EDGE_CURVE('',#4897,#4462,#5632,.T.);
#3855=EDGE_CURVE('',#4898,#4460,#5633,.T.);
#3856=EDGE_CURVE('',#4898,#4896,#5634,.T.);
#3857=EDGE_CURVE('',#4899,#4479,#5635,.T.);
#3858=EDGE_CURVE('',#4899,#4898,#5636,.T.);
#3859=EDGE_CURVE('',#4900,#4478,#5637,.T.);
#3860=EDGE_CURVE('',#4900,#4899,#5638,.T.);
#3861=EDGE_CURVE('',#4901,#4477,#5639,.T.);
#3862=EDGE_CURVE('',#4901,#4900,#5640,.T.);
#3863=EDGE_CURVE('',#4902,#4476,#5641,.T.);
#3864=EDGE_CURVE('',#4902,#4901,#5642,.T.);
#3865=EDGE_CURVE('',#4903,#4475,#5643,.T.);
#3866=EDGE_CURVE('',#4903,#4902,#5644,.T.);
#3867=EDGE_CURVE('',#4904,#4474,#5645,.T.);
#3868=EDGE_CURVE('',#4904,#4903,#5646,.T.);
#3869=EDGE_CURVE('',#4905,#4473,#5647,.T.);
#3870=EDGE_CURVE('',#4905,#4904,#5648,.T.);
#3871=EDGE_CURVE('',#4906,#4472,#5649,.T.);
#3872=EDGE_CURVE('',#4906,#4905,#271,.F.);
#3873=EDGE_CURVE('',#4907,#4471,#5650,.T.);
#3874=EDGE_CURVE('',#4907,#4906,#272,.F.);
#3875=EDGE_CURVE('',#4908,#4470,#5651,.T.);
#3876=EDGE_CURVE('',#4908,#4907,#499,.T.);
#3877=EDGE_CURVE('',#4909,#4469,#5652,.T.);
#3878=EDGE_CURVE('',#4909,#4908,#500,.T.);
#3879=EDGE_CURVE('',#4910,#4468,#5653,.T.);
#3880=EDGE_CURVE('',#4910,#4909,#5654,.T.);
#3881=EDGE_CURVE('',#4911,#4467,#5655,.T.);
#3882=EDGE_CURVE('',#4911,#4910,#501,.T.);
#3883=EDGE_CURVE('',#4912,#4466,#5656,.T.);
#3884=EDGE_CURVE('',#4912,#4911,#502,.T.);
#3885=EDGE_CURVE('',#4913,#4465,#5657,.T.);
#3886=EDGE_CURVE('',#4913,#4912,#273,.F.);
#3887=EDGE_CURVE('',#4914,#4464,#5658,.T.);
#3888=EDGE_CURVE('',#4914,#4913,#274,.F.);
#3889=EDGE_CURVE('',#4915,#4463,#5659,.T.);
#3890=EDGE_CURVE('',#4915,#4914,#5660,.T.);
#3891=EDGE_CURVE('',#4897,#4915,#5661,.T.);
#3892=EDGE_CURVE('',#4877,#4894,#503,.T.);
#3893=EDGE_CURVE('',#4879,#4895,#504,.T.);
#3894=EDGE_CURVE('',#4916,#4481,#5662,.T.);
#3895=EDGE_CURVE('',#4916,#4917,#5663,.T.);
#3896=EDGE_CURVE('',#4917,#4482,#5664,.T.);
#3897=EDGE_CURVE('',#4918,#4480,#5665,.T.);
#3898=EDGE_CURVE('',#4918,#4916,#5666,.T.);
#3899=EDGE_CURVE('',#4919,#4505,#5667,.T.);
#3900=EDGE_CURVE('',#4919,#4918,#5668,.T.);
#3901=EDGE_CURVE('',#4920,#4504,#5669,.T.);
#3902=EDGE_CURVE('',#4920,#4919,#5670,.T.);
#3903=EDGE_CURVE('',#4921,#4503,#5671,.T.);
#3904=EDGE_CURVE('',#4921,#4920,#5672,.T.);
#3905=EDGE_CURVE('',#4922,#4502,#5673,.T.);
#3906=EDGE_CURVE('',#4922,#4921,#5674,.T.);
#3907=EDGE_CURVE('',#4923,#4501,#5675,.T.);
#3908=EDGE_CURVE('',#4923,#4922,#5676,.T.);
#3909=EDGE_CURVE('',#4924,#4500,#5677,.T.);
#3910=EDGE_CURVE('',#4924,#4923,#5678,.T.);
#3911=EDGE_CURVE('',#4925,#4499,#5679,.T.);
#3912=EDGE_CURVE('',#4925,#4924,#5680,.T.);
#3913=EDGE_CURVE('',#4926,#4498,#5681,.T.);
#3914=EDGE_CURVE('',#4926,#4925,#5682,.T.);
#3915=EDGE_CURVE('',#4927,#4497,#5683,.T.);
#3916=EDGE_CURVE('',#4927,#4926,#5684,.T.);
#3917=EDGE_CURVE('',#4928,#4496,#5685,.T.);
#3918=EDGE_CURVE('',#4928,#4927,#5686,.T.);
#3919=EDGE_CURVE('',#4929,#4495,#5687,.T.);
#3920=EDGE_CURVE('',#4929,#4928,#5688,.T.);
#3921=EDGE_CURVE('',#4930,#4494,#5689,.T.);
#3922=EDGE_CURVE('',#4930,#4929,#5690,.T.);
#3923=EDGE_CURVE('',#4931,#4493,#5691,.T.);
#3924=EDGE_CURVE('',#4931,#4930,#5692,.T.);
#3925=EDGE_CURVE('',#4932,#4492,#5693,.T.);
#3926=EDGE_CURVE('',#4932,#4931,#5694,.T.);
#3927=EDGE_CURVE('',#4933,#4491,#5695,.T.);
#3928=EDGE_CURVE('',#4933,#4932,#275,.T.);
#3929=EDGE_CURVE('',#4934,#4490,#5696,.T.);
#3930=EDGE_CURVE('',#4934,#4933,#505,.T.);
#3931=EDGE_CURVE('',#4935,#4489,#5697,.T.);
#3932=EDGE_CURVE('',#4935,#4934,#276,.T.);
#3933=EDGE_CURVE('',#4936,#4488,#5698,.T.);
#3934=EDGE_CURVE('',#4936,#4935,#5699,.F.);
#3935=EDGE_CURVE('',#4937,#4487,#5700,.T.);
#3936=EDGE_CURVE('',#4937,#4936,#5701,.T.);
#3937=EDGE_CURVE('',#4938,#4486,#5702,.T.);
#3938=EDGE_CURVE('',#4938,#4937,#277,.F.);
#3939=EDGE_CURVE('',#4939,#4485,#5703,.T.);
#3940=EDGE_CURVE('',#4939,#4938,#278,.F.);
#3941=EDGE_CURVE('',#4940,#4484,#5704,.T.);
#3942=EDGE_CURVE('',#4940,#4939,#506,.T.);
#3943=EDGE_CURVE('',#4941,#4483,#5705,.T.);
#3944=EDGE_CURVE('',#4941,#4940,#279,.F.);
#3945=EDGE_CURVE('',#4917,#4941,#5706,.T.);
#3946=EDGE_CURVE('',#4942,#4507,#5707,.T.);
#3947=EDGE_CURVE('',#4942,#4943,#5708,.T.);
#3948=EDGE_CURVE('',#4943,#4508,#5709,.T.);
#3949=EDGE_CURVE('',#4944,#4506,#5710,.T.);
#3950=EDGE_CURVE('',#4944,#4942,#5711,.T.);
#3951=EDGE_CURVE('',#4945,#4535,#5712,.T.);
#3952=EDGE_CURVE('',#4945,#4944,#507,.T.);
#3953=EDGE_CURVE('',#4946,#4534,#5713,.T.);
#3954=EDGE_CURVE('',#4946,#4945,#280,.F.);
#3955=EDGE_CURVE('',#4947,#4533,#5714,.T.);
#3956=EDGE_CURVE('',#4947,#4946,#508,.T.);
#3957=EDGE_CURVE('',#4948,#4532,#5715,.T.);
#3958=EDGE_CURVE('',#4948,#4947,#509,.T.);
#3959=EDGE_CURVE('',#4949,#4531,#5716,.T.);
#3960=EDGE_CURVE('',#4949,#4948,#510,.T.);
#3961=EDGE_CURVE('',#4950,#4530,#5717,.T.);
#3962=EDGE_CURVE('',#4950,#4949,#511,.T.);
#3963=EDGE_CURVE('',#4951,#4529,#5718,.T.);
#3964=EDGE_CURVE('',#4951,#4950,#512,.T.);
#3965=EDGE_CURVE('',#4952,#4528,#5719,.T.);
#3966=EDGE_CURVE('',#4952,#4951,#513,.T.);
#3967=EDGE_CURVE('',#4953,#4527,#5720,.T.);
#3968=EDGE_CURVE('',#4953,#4952,#281,.T.);
#3969=EDGE_CURVE('',#4954,#4526,#5721,.T.);
#3970=EDGE_CURVE('',#4954,#4953,#514,.T.);
#3971=EDGE_CURVE('',#4955,#4525,#5722,.T.);
#3972=EDGE_CURVE('',#4955,#4954,#282,.T.);
#3973=EDGE_CURVE('',#4956,#4524,#5723,.T.);
#3974=EDGE_CURVE('',#4956,#4955,#283,.T.);
#3975=EDGE_CURVE('',#4957,#4523,#5724,.T.);
#3976=EDGE_CURVE('',#4957,#4956,#5725,.T.);
#3977=EDGE_CURVE('',#4958,#4522,#5726,.T.);
#3978=EDGE_CURVE('',#4958,#4957,#5727,.T.);
#3979=EDGE_CURVE('',#4959,#4521,#5728,.T.);
#3980=EDGE_CURVE('',#4959,#4958,#5729,.T.);
#3981=EDGE_CURVE('',#4960,#4520,#5730,.T.);
#3982=EDGE_CURVE('',#4960,#4959,#284,.F.);
#3983=EDGE_CURVE('',#4961,#4519,#5731,.T.);
#3984=EDGE_CURVE('',#4961,#4960,#285,.F.);
#3985=EDGE_CURVE('',#4962,#4518,#5732,.T.);
#3986=EDGE_CURVE('',#4962,#4961,#515,.T.);
#3987=EDGE_CURVE('',#4963,#4517,#5733,.T.);
#3988=EDGE_CURVE('',#4963,#4962,#516,.T.);
#3989=EDGE_CURVE('',#4964,#4516,#5734,.T.);
#3990=EDGE_CURVE('',#4964,#4963,#517,.T.);
#3991=EDGE_CURVE('',#4965,#4515,#5735,.T.);
#3992=EDGE_CURVE('',#4965,#4964,#518,.T.);
#3993=EDGE_CURVE('',#4966,#4514,#5736,.T.);
#3994=EDGE_CURVE('',#4966,#4965,#519,.T.);
#3995=EDGE_CURVE('',#4967,#4513,#5737,.T.);
#3996=EDGE_CURVE('',#4967,#4966,#286,.T.);
#3997=EDGE_CURVE('',#4968,#4512,#5738,.T.);
#3998=EDGE_CURVE('',#4968,#4967,#287,.T.);
#3999=EDGE_CURVE('',#4969,#4511,#5739,.T.);
#4000=EDGE_CURVE('',#4969,#4968,#520,.T.);
#4001=EDGE_CURVE('',#4970,#4510,#5740,.T.);
#4002=EDGE_CURVE('',#4970,#4969,#288,.T.);
#4003=EDGE_CURVE('',#4971,#4509,#5741,.T.);
#4004=EDGE_CURVE('',#4971,#4970,#289,.T.);
#4005=EDGE_CURVE('',#4943,#4971,#5742,.T.);
#4006=EDGE_CURVE('',#4972,#4537,#5743,.T.);
#4007=EDGE_CURVE('',#4972,#4973,#5744,.T.);
#4008=EDGE_CURVE('',#4973,#4538,#5745,.T.);
#4009=EDGE_CURVE('',#4974,#4536,#5746,.T.);
#4010=EDGE_CURVE('',#4974,#4972,#5747,.T.);
#4011=EDGE_CURVE('',#4975,#4561,#5748,.T.);
#4012=EDGE_CURVE('',#4975,#4974,#5749,.T.);
#4013=EDGE_CURVE('',#4976,#4560,#5750,.T.);
#4014=EDGE_CURVE('',#4976,#4975,#5751,.T.);
#4015=EDGE_CURVE('',#4977,#4559,#5752,.T.);
#4016=EDGE_CURVE('',#4977,#4976,#5753,.T.);
#4017=EDGE_CURVE('',#4978,#4558,#5754,.T.);
#4018=EDGE_CURVE('',#4978,#4977,#5755,.T.);
#4019=EDGE_CURVE('',#4979,#4557,#5756,.T.);
#4020=EDGE_CURVE('',#4979,#4978,#290,.T.);
#4021=EDGE_CURVE('',#4980,#4556,#5757,.T.);
#4022=EDGE_CURVE('',#4980,#4979,#521,.T.);
#4023=EDGE_CURVE('',#4981,#4555,#5758,.T.);
#4024=EDGE_CURVE('',#4981,#4980,#522,.T.);
#4025=EDGE_CURVE('',#4982,#4554,#5759,.T.);
#4026=EDGE_CURVE('',#4982,#4981,#523,.T.);
#4027=EDGE_CURVE('',#4983,#4553,#5760,.T.);
#4028=EDGE_CURVE('',#4983,#4982,#524,.T.);
#4029=EDGE_CURVE('',#4984,#4552,#5761,.T.);
#4030=EDGE_CURVE('',#4984,#4983,#525,.T.);
#4031=EDGE_CURVE('',#4985,#4551,#5762,.T.);
#4032=EDGE_CURVE('',#4985,#4984,#526,.T.);
#4033=EDGE_CURVE('',#4986,#4550,#5763,.T.);
#4034=EDGE_CURVE('',#4986,#4985,#527,.T.);
#4035=EDGE_CURVE('',#4987,#4549,#5764,.T.);
#4036=EDGE_CURVE('',#4987,#4986,#5765,.T.);
#4037=EDGE_CURVE('',#4988,#4548,#5766,.T.);
#4038=EDGE_CURVE('',#4988,#4987,#5767,.T.);
#4039=EDGE_CURVE('',#4989,#4547,#5768,.T.);
#4040=EDGE_CURVE('',#4989,#4988,#528,.T.);
#4041=EDGE_CURVE('',#4990,#4546,#5769,.T.);
#4042=EDGE_CURVE('',#4990,#4989,#529,.T.);
#4043=EDGE_CURVE('',#4991,#4545,#5770,.T.);
#4044=EDGE_CURVE('',#4991,#4990,#530,.T.);
#4045=EDGE_CURVE('',#4992,#4544,#5771,.T.);
#4046=EDGE_CURVE('',#4992,#4991,#531,.T.);
#4047=EDGE_CURVE('',#4993,#4543,#5772,.T.);
#4048=EDGE_CURVE('',#4993,#4992,#532,.T.);
#4049=EDGE_CURVE('',#4994,#4542,#5773,.T.);
#4050=EDGE_CURVE('',#4994,#4993,#533,.T.);
#4051=EDGE_CURVE('',#4995,#4541,#5774,.T.);
#4052=EDGE_CURVE('',#4995,#4994,#291,.F.);
#4053=EDGE_CURVE('',#4996,#4540,#5775,.T.);
#4054=EDGE_CURVE('',#4996,#4995,#292,.F.);
#4055=EDGE_CURVE('',#4997,#4539,#5776,.T.);
#4056=EDGE_CURVE('',#4997,#4996,#5777,.T.);
#4057=EDGE_CURVE('',#4973,#4997,#5778,.T.);
#4058=EDGE_CURVE('',#4998,#4563,#5779,.T.);
#4059=EDGE_CURVE('',#4998,#4999,#534,.T.);
#4060=EDGE_CURVE('',#4999,#4564,#5780,.T.);
#4061=EDGE_CURVE('',#5000,#4562,#5781,.T.);
#4062=EDGE_CURVE('',#5000,#4998,#5782,.T.);
#4063=EDGE_CURVE('',#5001,#4574,#5783,.T.);
#4064=EDGE_CURVE('',#5001,#5000,#5784,.T.);
#4065=EDGE_CURVE('',#5002,#4573,#5785,.T.);
#4066=EDGE_CURVE('',#5002,#5001,#5786,.T.);
#4067=EDGE_CURVE('',#5003,#4572,#5787,.T.);
#4068=EDGE_CURVE('',#5003,#5002,#5788,.T.);
#4069=EDGE_CURVE('',#5004,#4571,#5789,.T.);
#4070=EDGE_CURVE('',#5004,#5003,#5790,.T.);
#4071=EDGE_CURVE('',#5005,#4570,#5791,.T.);
#4072=EDGE_CURVE('',#5005,#5004,#5792,.T.);
#4073=EDGE_CURVE('',#5006,#4569,#5793,.T.);
#4074=EDGE_CURVE('',#5006,#5005,#293,.F.);
#4075=EDGE_CURVE('',#5007,#4568,#5794,.T.);
#4076=EDGE_CURVE('',#5007,#5006,#535,.T.);
#4077=EDGE_CURVE('',#5008,#4567,#5795,.T.);
#4078=EDGE_CURVE('',#5008,#5007,#5796,.T.);
#4079=EDGE_CURVE('',#5009,#4566,#5797,.T.);
#4080=EDGE_CURVE('',#5009,#5008,#5798,.T.);
#4081=EDGE_CURVE('',#5010,#4565,#5799,.T.);
#4082=EDGE_CURVE('',#5010,#5009,#5800,.T.);
#4083=EDGE_CURVE('',#4999,#5010,#536,.T.);
#4084=EDGE_CURVE('',#5011,#4328,#5801,.T.);
#4085=EDGE_CURVE('',#5011,#5012,#5802,.T.);
#4086=EDGE_CURVE('',#5012,#4329,#5803,.T.);
#4087=EDGE_CURVE('',#5013,#4327,#5804,.T.);
#4088=EDGE_CURVE('',#5013,#5011,#5805,.T.);
#4089=EDGE_CURVE('',#5014,#4348,#5806,.T.);
#4090=EDGE_CURVE('',#5014,#5013,#5807,.T.);
#4091=EDGE_CURVE('',#5015,#4347,#5808,.T.);
#4092=EDGE_CURVE('',#5015,#5014,#5809,.T.);
#4093=EDGE_CURVE('',#5016,#4346,#5810,.T.);
#4094=EDGE_CURVE('',#5016,#5015,#5811,.T.);
#4095=EDGE_CURVE('',#5017,#4345,#5812,.T.);
#4096=EDGE_CURVE('',#5017,#5016,#5813,.T.);
#4097=EDGE_CURVE('',#5018,#4344,#5814,.T.);
#4098=EDGE_CURVE('',#5018,#5017,#5815,.T.);
#4099=EDGE_CURVE('',#5019,#4343,#5816,.T.);
#4100=EDGE_CURVE('',#5019,#5018,#5817,.T.);
#4101=EDGE_CURVE('',#5020,#4342,#5818,.T.);
#4102=EDGE_CURVE('',#5020,#5019,#5819,.T.);
#4103=EDGE_CURVE('',#5021,#4341,#5820,.T.);
#4104=EDGE_CURVE('',#5021,#5020,#5821,.T.);
#4105=EDGE_CURVE('',#5022,#4340,#5822,.T.);
#4106=EDGE_CURVE('',#5022,#5021,#5823,.T.);
#4107=EDGE_CURVE('',#5023,#4339,#5824,.T.);
#4108=EDGE_CURVE('',#5023,#5022,#5825,.T.);
#4109=EDGE_CURVE('',#5024,#4338,#5826,.T.);
#4110=EDGE_CURVE('',#5024,#5023,#5827,.T.);
#4111=EDGE_CURVE('',#5025,#4337,#5828,.T.);
#4112=EDGE_CURVE('',#5025,#5024,#5829,.T.);
#4113=EDGE_CURVE('',#5026,#4336,#5830,.T.);
#4114=EDGE_CURVE('',#5026,#5025,#5831,.T.);
#4115=EDGE_CURVE('',#5027,#4335,#5832,.T.);
#4116=EDGE_CURVE('',#5027,#5026,#5833,.T.);
#4117=EDGE_CURVE('',#5028,#4334,#5834,.T.);
#4118=EDGE_CURVE('',#5028,#5027,#5835,.T.);
#4119=EDGE_CURVE('',#5029,#4333,#5836,.T.);
#4120=EDGE_CURVE('',#5029,#5028,#5837,.T.);
#4121=EDGE_CURVE('',#5030,#4332,#5838,.T.);
#4122=EDGE_CURVE('',#5030,#5029,#5839,.T.);
#4123=EDGE_CURVE('',#5031,#4331,#5840,.T.);
#4124=EDGE_CURVE('',#5031,#5030,#5841,.T.);
#4125=EDGE_CURVE('',#5032,#4330,#5842,.T.);
#4126=EDGE_CURVE('',#5032,#5031,#5843,.T.);
#4127=EDGE_CURVE('',#5012,#5032,#5844,.T.);
#4128=EDGE_CURVE('',#5033,#4298,#5845,.T.);
#4129=EDGE_CURVE('',#5033,#5034,#5846,.T.);
#4130=EDGE_CURVE('',#5034,#4299,#5847,.T.);
#4131=EDGE_CURVE('',#5035,#4297,#5848,.T.);
#4132=EDGE_CURVE('',#5035,#5033,#5849,.T.);
#4133=EDGE_CURVE('',#5036,#4326,#5850,.T.);
#4134=EDGE_CURVE('',#5036,#5035,#537,.T.);
#4135=EDGE_CURVE('',#5037,#4325,#5851,.T.);
#4136=EDGE_CURVE('',#5037,#5036,#538,.T.);
#4137=EDGE_CURVE('',#5038,#4324,#5852,.T.);
#4138=EDGE_CURVE('',#5038,#5037,#539,.T.);
#4139=EDGE_CURVE('',#5039,#4323,#5853,.T.);
#4140=EDGE_CURVE('',#5039,#5038,#540,.T.);
#4141=EDGE_CURVE('',#5040,#4322,#5854,.T.);
#4142=EDGE_CURVE('',#5040,#5039,#541,.T.);
#4143=EDGE_CURVE('',#5041,#4321,#5855,.T.);
#4144=EDGE_CURVE('',#5041,#5040,#542,.T.);
#4145=EDGE_CURVE('',#5042,#4320,#5856,.T.);
#4146=EDGE_CURVE('',#5042,#5041,#543,.T.);
#4147=EDGE_CURVE('',#5043,#4319,#5857,.T.);
#4148=EDGE_CURVE('',#5043,#5042,#544,.T.);
#4149=EDGE_CURVE('',#5044,#4318,#5858,.T.);
#4150=EDGE_CURVE('',#5044,#5043,#545,.T.);
#4151=EDGE_CURVE('',#5045,#4317,#5859,.T.);
#4152=EDGE_CURVE('',#5045,#5044,#546,.T.);
#4153=EDGE_CURVE('',#5046,#4316,#5860,.T.);
#4154=EDGE_CURVE('',#5046,#5045,#294,.T.);
#4155=EDGE_CURVE('',#5047,#4315,#5861,.T.);
#4156=EDGE_CURVE('',#5047,#5046,#547,.T.);
#4157=EDGE_CURVE('',#5048,#4314,#5862,.T.);
#4158=EDGE_CURVE('',#5048,#5047,#5863,.T.);
#4159=EDGE_CURVE('',#5049,#4313,#5864,.T.);
#4160=EDGE_CURVE('',#5049,#5048,#5865,.T.);
#4161=EDGE_CURVE('',#5050,#4312,#5866,.T.);
#4162=EDGE_CURVE('',#5050,#5049,#5867,.T.);
#4163=EDGE_CURVE('',#5051,#4311,#5868,.T.);
#4164=EDGE_CURVE('',#5051,#5050,#548,.T.);
#4165=EDGE_CURVE('',#5052,#4310,#5869,.T.);
#4166=EDGE_CURVE('',#5052,#5051,#549,.T.);
#4167=EDGE_CURVE('',#5053,#4309,#5870,.T.);
#4168=EDGE_CURVE('',#5053,#5052,#550,.T.);
#4169=EDGE_CURVE('',#5054,#4308,#5871,.T.);
#4170=EDGE_CURVE('',#5054,#5053,#551,.T.);
#4171=EDGE_CURVE('',#5055,#4307,#5872,.T.);
#4172=EDGE_CURVE('',#5055,#5054,#552,.T.);
#4173=EDGE_CURVE('',#5056,#4306,#5873,.T.);
#4174=EDGE_CURVE('',#5056,#5055,#553,.T.);
#4175=EDGE_CURVE('',#5057,#4305,#5874,.T.);
#4176=EDGE_CURVE('',#5057,#5056,#554,.T.);
#4177=EDGE_CURVE('',#5058,#4304,#5875,.T.);
#4178=EDGE_CURVE('',#5058,#5057,#555,.T.);
#4179=EDGE_CURVE('',#5059,#4303,#5876,.T.);
#4180=EDGE_CURVE('',#5059,#5058,#556,.T.);
#4181=EDGE_CURVE('',#5060,#4302,#5877,.T.);
#4182=EDGE_CURVE('',#5060,#5059,#557,.T.);
#4183=EDGE_CURVE('',#5061,#4301,#5878,.T.);
#4184=EDGE_CURVE('',#5061,#5060,#295,.T.);
#4185=EDGE_CURVE('',#5062,#4300,#5879,.T.);
#4186=EDGE_CURVE('',#5062,#5061,#558,.T.);
#4187=EDGE_CURVE('',#5034,#5062,#5880,.T.);
#4188=EDGE_CURVE('',#5063,#5064,#5881,.T.);
#4189=EDGE_CURVE('',#5065,#5063,#5882,.T.);
#4190=EDGE_CURVE('',#5065,#5066,#5883,.T.);
#4191=EDGE_CURVE('',#5066,#5064,#5884,.T.);
#4192=EDGE_CURVE('',#5067,#5063,#5885,.T.);
#4193=EDGE_CURVE('',#5068,#5067,#5886,.T.);
#4194=EDGE_CURVE('',#5068,#5065,#5887,.T.);
#4195=EDGE_CURVE('',#5069,#5067,#5888,.T.);
#4196=EDGE_CURVE('',#5070,#5069,#5889,.T.);
#4197=EDGE_CURVE('',#5070,#5068,#5890,.T.);
#4198=EDGE_CURVE('',#5071,#5069,#559,.T.);
#4199=EDGE_CURVE('',#5072,#5071,#5891,.T.);
#4200=EDGE_CURVE('',#5072,#5070,#560,.T.);
#4201=EDGE_CURVE('',#5073,#5071,#561,.T.);
#4202=EDGE_CURVE('',#5074,#5073,#5892,.T.);
#4203=EDGE_CURVE('',#5074,#5072,#562,.T.);
#4204=EDGE_CURVE('',#5075,#5073,#563,.T.);
#4205=EDGE_CURVE('',#5076,#5075,#5893,.T.);
#4206=EDGE_CURVE('',#5076,#5074,#564,.T.);
#4207=EDGE_CURVE('',#5077,#4386,#5894,.T.);
#4208=EDGE_CURVE('',#5077,#5078,#565,.T.);
#4209=EDGE_CURVE('',#5078,#4387,#5895,.T.);
#4210=EDGE_CURVE('',#5079,#4385,#5896,.T.);
#4211=EDGE_CURVE('',#5079,#5077,#5897,.T.);
#4212=EDGE_CURVE('',#5080,#4399,#5898,.T.);
#4213=EDGE_CURVE('',#5080,#5079,#5899,.T.);
#4214=EDGE_CURVE('',#5081,#4398,#5900,.T.);
#4215=EDGE_CURVE('',#5081,#5080,#5901,.T.);
#4216=EDGE_CURVE('',#5082,#4397,#5902,.T.);
#4217=EDGE_CURVE('',#5082,#5081,#5903,.T.);
#4218=EDGE_CURVE('',#5083,#4396,#5904,.T.);
#4219=EDGE_CURVE('',#5083,#5082,#5905,.T.);
#4220=EDGE_CURVE('',#5084,#4395,#5906,.T.);
#4221=EDGE_CURVE('',#5084,#5083,#5907,.T.);
#4222=EDGE_CURVE('',#5085,#4394,#5908,.T.);
#4223=EDGE_CURVE('',#5085,#5084,#5909,.T.);
#4224=EDGE_CURVE('',#5086,#4393,#5910,.T.);
#4225=EDGE_CURVE('',#5086,#5085,#5911,.T.);
#4226=EDGE_CURVE('',#5087,#4392,#5912,.T.);
#4227=EDGE_CURVE('',#5087,#5086,#5913,.T.);
#4228=EDGE_CURVE('',#5088,#4391,#5914,.T.);
#4229=EDGE_CURVE('',#5088,#5087,#5915,.T.);
#4230=EDGE_CURVE('',#5089,#4390,#5916,.T.);
#4231=EDGE_CURVE('',#5089,#5088,#5917,.T.);
#4232=EDGE_CURVE('',#5090,#4389,#5918,.T.);
#4233=EDGE_CURVE('',#5090,#5089,#566,.T.);
#4234=EDGE_CURVE('',#5091,#4388,#5919,.T.);
#4235=EDGE_CURVE('',#5091,#5090,#567,.T.);
#4236=EDGE_CURVE('',#5078,#5091,#568,.T.);
#4237=EDGE_CURVE('',#5064,#5075,#569,.T.);
#4238=EDGE_CURVE('',#5066,#5076,#570,.T.);
#4239=EDGE_CURVE('',#5092,#4401,#5920,.T.);
#4240=EDGE_CURVE('',#5092,#5093,#5921,.T.);
#4241=EDGE_CURVE('',#5093,#4402,#5922,.T.);
#4242=EDGE_CURVE('',#5094,#4400,#5923,.T.);
#4243=EDGE_CURVE('',#5094,#5092,#5924,.T.);
#4244=EDGE_CURVE('',#5095,#4428,#5925,.T.);
#4245=EDGE_CURVE('',#5095,#5094,#5926,.T.);
#4246=EDGE_CURVE('',#5096,#4427,#5927,.T.);
#4247=EDGE_CURVE('',#5096,#5095,#5928,.T.);
#4248=EDGE_CURVE('',#5097,#4426,#5929,.T.);
#4249=EDGE_CURVE('',#5097,#5096,#5930,.T.);
#4250=EDGE_CURVE('',#5098,#4425,#5931,.T.);
#4251=EDGE_CURVE('',#5098,#5097,#5932,.T.);
#4252=EDGE_CURVE('',#5099,#4424,#5933,.T.);
#4253=EDGE_CURVE('',#5099,#5098,#5934,.T.);
#4254=EDGE_CURVE('',#5100,#4423,#5935,.T.);
#4255=EDGE_CURVE('',#5100,#5099,#5936,.T.);
#4256=EDGE_CURVE('',#5101,#4422,#5937,.T.);
#4257=EDGE_CURVE('',#5101,#5100,#5938,.T.);
#4258=EDGE_CURVE('',#5102,#4421,#5939,.T.);
#4259=EDGE_CURVE('',#5102,#5101,#5940,.T.);
#4260=EDGE_CURVE('',#5103,#4420,#5941,.T.);
#4261=EDGE_CURVE('',#5103,#5102,#5942,.T.);
#4262=EDGE_CURVE('',#5104,#4419,#5943,.T.);
#4263=EDGE_CURVE('',#5104,#5103,#5944,.T.);
#4264=EDGE_CURVE('',#5105,#4418,#5945,.T.);
#4265=EDGE_CURVE('',#5105,#5104,#5946,.T.);
#4266=EDGE_CURVE('',#5106,#4417,#5947,.T.);
#4267=EDGE_CURVE('',#5106,#5105,#5948,.T.);
#4268=EDGE_CURVE('',#5107,#4416,#5949,.T.);
#4269=EDGE_CURVE('',#5107,#5106,#5950,.T.);
#4270=EDGE_CURVE('',#5108,#4415,#5951,.T.);
#4271=EDGE_CURVE('',#5108,#5107,#5952,.T.);
#4272=EDGE_CURVE('',#5109,#4414,#5953,.T.);
#4273=EDGE_CURVE('',#5109,#5108,#5954,.T.);
#4274=EDGE_CURVE('',#5110,#4413,#5955,.T.);
#4275=EDGE_CURVE('',#5110,#5109,#5956,.T.);
#4276=EDGE_CURVE('',#5111,#4412,#5957,.T.);
#4277=EDGE_CURVE('',#5111,#5110,#5958,.T.);
#4278=EDGE_CURVE('',#5112,#4411,#5959,.T.);
#4279=EDGE_CURVE('',#5112,#5111,#5960,.T.);
#4280=EDGE_CURVE('',#5113,#4410,#5961,.T.);
#4281=EDGE_CURVE('',#5113,#5112,#5962,.T.);
#4282=EDGE_CURVE('',#5114,#4409,#5963,.T.);
#4283=EDGE_CURVE('',#5114,#5113,#5964,.T.);
#4284=EDGE_CURVE('',#5115,#4408,#5965,.T.);
#4285=EDGE_CURVE('',#5115,#5114,#5966,.T.);
#4286=EDGE_CURVE('',#5116,#4407,#5967,.T.);
#4287=EDGE_CURVE('',#5116,#5115,#5968,.T.);
#4288=EDGE_CURVE('',#5117,#4406,#5969,.T.);
#4289=EDGE_CURVE('',#5117,#5116,#5970,.T.);
#4290=EDGE_CURVE('',#5118,#4405,#5971,.T.);
#4291=EDGE_CURVE('',#5118,#5117,#5972,.T.);
#4292=EDGE_CURVE('',#5119,#4404,#5973,.T.);
#4293=EDGE_CURVE('',#5119,#5118,#5974,.T.);
#4294=EDGE_CURVE('',#5120,#4403,#5975,.T.);
#4295=EDGE_CURVE('',#5120,#5119,#5976,.T.);
#4296=EDGE_CURVE('',#5093,#5120,#5977,.T.);
#4297=VERTEX_POINT('',#12104);
#4298=VERTEX_POINT('',#12105);
#4299=VERTEX_POINT('',#12107);
#4300=VERTEX_POINT('',#12109);
#4301=VERTEX_POINT('',#12113);
#4302=VERTEX_POINT('',#12115);
#4303=VERTEX_POINT('',#12119);
#4304=VERTEX_POINT('',#12123);
#4305=VERTEX_POINT('',#12127);
#4306=VERTEX_POINT('',#12131);
#4307=VERTEX_POINT('',#12135);
#4308=VERTEX_POINT('',#12139);
#4309=VERTEX_POINT('',#12143);
#4310=VERTEX_POINT('',#12147);
#4311=VERTEX_POINT('',#12151);
#4312=VERTEX_POINT('',#12155);
#4313=VERTEX_POINT('',#12157);
#4314=VERTEX_POINT('',#12159);
#4315=VERTEX_POINT('',#12161);
#4316=VERTEX_POINT('',#12165);
#4317=VERTEX_POINT('',#12167);
#4318=VERTEX_POINT('',#12171);
#4319=VERTEX_POINT('',#12175);
#4320=VERTEX_POINT('',#12179);
#4321=VERTEX_POINT('',#12183);
#4322=VERTEX_POINT('',#12187);
#4323=VERTEX_POINT('',#12191);
#4324=VERTEX_POINT('',#12195);
#4325=VERTEX_POINT('',#12199);
#4326=VERTEX_POINT('',#12203);
#4327=VERTEX_POINT('',#12208);
#4328=VERTEX_POINT('',#12209);
#4329=VERTEX_POINT('',#12211);
#4330=VERTEX_POINT('',#12213);
#4331=VERTEX_POINT('',#12215);
#4332=VERTEX_POINT('',#12217);
#4333=VERTEX_POINT('',#12219);
#4334=VERTEX_POINT('',#12221);
#4335=VERTEX_POINT('',#12223);
#4336=VERTEX_POINT('',#12225);
#4337=VERTEX_POINT('',#12227);
#4338=VERTEX_POINT('',#12229);
#4339=VERTEX_POINT('',#12231);
#4340=VERTEX_POINT('',#12233);
#4341=VERTEX_POINT('',#12235);
#4342=VERTEX_POINT('',#12237);
#4343=VERTEX_POINT('',#12239);
#4344=VERTEX_POINT('',#12241);
#4345=VERTEX_POINT('',#12243);
#4346=VERTEX_POINT('',#12245);
#4347=VERTEX_POINT('',#12247);
#4348=VERTEX_POINT('',#12249);
#4349=VERTEX_POINT('',#12252);
#4350=VERTEX_POINT('',#12253);
#4351=VERTEX_POINT('',#12258);
#4352=VERTEX_POINT('',#12260);
#4353=VERTEX_POINT('',#12265);
#4354=VERTEX_POINT('',#12267);
#4355=VERTEX_POINT('',#12272);
#4356=VERTEX_POINT('',#12277);
#4357=VERTEX_POINT('',#12282);
#4358=VERTEX_POINT('',#12287);
#4359=VERTEX_POINT('',#12292);
#4360=VERTEX_POINT('',#12297);
#4361=VERTEX_POINT('',#12302);
#4362=VERTEX_POINT('',#12304);
#4363=VERTEX_POINT('',#12306);
#4364=VERTEX_POINT('',#12308);
#4365=VERTEX_POINT('',#12310);
#4366=VERTEX_POINT('',#12312);
#4367=VERTEX_POINT('',#12317);
#4368=VERTEX_POINT('',#12322);
#4369=VERTEX_POINT('',#12327);
#4370=VERTEX_POINT('',#12332);
#4371=VERTEX_POINT('',#12334);
#4372=VERTEX_POINT('',#12336);
#4373=VERTEX_POINT('',#12338);
#4374=VERTEX_POINT('',#12340);
#4375=VERTEX_POINT('',#12345);
#4376=VERTEX_POINT('',#12347);
#4377=VERTEX_POINT('',#12353);
#4378=VERTEX_POINT('',#12354);
#4379=VERTEX_POINT('',#12359);
#4380=VERTEX_POINT('',#12364);
#4381=VERTEX_POINT('',#12369);
#4382=VERTEX_POINT('',#12374);
#4383=VERTEX_POINT('',#12379);
#4384=VERTEX_POINT('',#12384);
#4385=VERTEX_POINT('',#12390);
#4386=VERTEX_POINT('',#12391);
#4387=VERTEX_POINT('',#12395);
#4388=VERTEX_POINT('',#12399);
#4389=VERTEX_POINT('',#12403);
#4390=VERTEX_POINT('',#12407);
#4391=VERTEX_POINT('',#12409);
#4392=VERTEX_POINT('',#12411);
#4393=VERTEX_POINT('',#12413);
#4394=VERTEX_POINT('',#12415);
#4395=VERTEX_POINT('',#12417);
#4396=VERTEX_POINT('',#12419);
#4397=VERTEX_POINT('',#12421);
#4398=VERTEX_POINT('',#12423);
#4399=VERTEX_POINT('',#12425);
#4400=VERTEX_POINT('',#12428);
#4401=VERTEX_POINT('',#12429);
#4402=VERTEX_POINT('',#12431);
#4403=VERTEX_POINT('',#12433);
#4404=VERTEX_POINT('',#12435);
#4405=VERTEX_POINT('',#12437);
#4406=VERTEX_POINT('',#12439);
#4407=VERTEX_POINT('',#12441);
#4408=VERTEX_POINT('',#12443);
#4409=VERTEX_POINT('',#12445);
#4410=VERTEX_POINT('',#12447);
#4411=VERTEX_POINT('',#12449);
#4412=VERTEX_POINT('',#12451);
#4413=VERTEX_POINT('',#12453);
#4414=VERTEX_POINT('',#12455);
#4415=VERTEX_POINT('',#12457);
#4416=VERTEX_POINT('',#12459);
#4417=VERTEX_POINT('',#12461);
#4418=VERTEX_POINT('',#12463);
#4419=VERTEX_POINT('',#12465);
#4420=VERTEX_POINT('',#12467);
#4421=VERTEX_POINT('',#12469);
#4422=VERTEX_POINT('',#12471);
#4423=VERTEX_POINT('',#12473);
#4424=VERTEX_POINT('',#12475);
#4425=VERTEX_POINT('',#12477);
#4426=VERTEX_POINT('',#12479);
#4427=VERTEX_POINT('',#12481);
#4428=VERTEX_POINT('',#12483);
#4429=VERTEX_POINT('',#12487);
#4430=VERTEX_POINT('',#12488);
#4431=VERTEX_POINT('',#12490);
#4432=VERTEX_POINT('',#12492);
#4433=VERTEX_POINT('',#12494);
#4434=VERTEX_POINT('',#12496);
#4435=VERTEX_POINT('',#12498);
#4436=VERTEX_POINT('',#12500);
#4437=VERTEX_POINT('',#12502);
#4438=VERTEX_POINT('',#12504);
#4439=VERTEX_POINT('',#12506);
#4440=VERTEX_POINT('',#12508);
#4441=VERTEX_POINT('',#12510);
#4442=VERTEX_POINT('',#12512);
#4443=VERTEX_POINT('',#12514);
#4444=VERTEX_POINT('',#12516);
#4445=VERTEX_POINT('',#12518);
#4446=VERTEX_POINT('',#12520);
#4447=VERTEX_POINT('',#12522);
#4448=VERTEX_POINT('',#12524);
#4449=VERTEX_POINT('',#12526);
#4450=VERTEX_POINT('',#12528);
#4451=VERTEX_POINT('',#12530);
#4452=VERTEX_POINT('',#12532);
#4453=VERTEX_POINT('',#12534);
#4454=VERTEX_POINT('',#12536);
#4455=VERTEX_POINT('',#12538);
#4456=VERTEX_POINT('',#12541);
#4457=VERTEX_POINT('',#12542);
#4458=VERTEX_POINT('',#12544);
#4459=VERTEX_POINT('',#12546);
#4460=VERTEX_POINT('',#12549);
#4461=VERTEX_POINT('',#12550);
#4462=VERTEX_POINT('',#12552);
#4463=VERTEX_POINT('',#12554);
#4464=VERTEX_POINT('',#12556);
#4465=VERTEX_POINT('',#12558);
#4466=VERTEX_POINT('',#12560);
#4467=VERTEX_POINT('',#12564);
#4468=VERTEX_POINT('',#12568);
#4469=VERTEX_POINT('',#12570);
#4470=VERTEX_POINT('',#12574);
#4471=VERTEX_POINT('',#12578);
#4472=VERTEX_POINT('',#12580);
#4473=VERTEX_POINT('',#12582);
#4474=VERTEX_POINT('',#12584);
#4475=VERTEX_POINT('',#12586);
#4476=VERTEX_POINT('',#12588);
#4477=VERTEX_POINT('',#12590);
#4478=VERTEX_POINT('',#12592);
#4479=VERTEX_POINT('',#12594);
#4480=VERTEX_POINT('',#12597);
#4481=VERTEX_POINT('',#12598);
#4482=VERTEX_POINT('',#12600);
#4483=VERTEX_POINT('',#12602);
#4484=VERTEX_POINT('',#12604);
#4485=VERTEX_POINT('',#12608);
#4486=VERTEX_POINT('',#12610);
#4487=VERTEX_POINT('',#12612);
#4488=VERTEX_POINT('',#12614);
#4489=VERTEX_POINT('',#12616);
#4490=VERTEX_POINT('',#12618);
#4491=VERTEX_POINT('',#12622);
#4492=VERTEX_POINT('',#12624);
#4493=VERTEX_POINT('',#12626);
#4494=VERTEX_POINT('',#12628);
#4495=VERTEX_POINT('',#12630);
#4496=VERTEX_POINT('',#12632);
#4497=VERTEX_POINT('',#12634);
#4498=VERTEX_POINT('',#12636);
#4499=VERTEX_POINT('',#12638);
#4500=VERTEX_POINT('',#12640);
#4501=VERTEX_POINT('',#12642);
#4502=VERTEX_POINT('',#12644);
#4503=VERTEX_POINT('',#12646);
#4504=VERTEX_POINT('',#12648);
#4505=VERTEX_POINT('',#12650);
#4506=VERTEX_POINT('',#12653);
#4507=VERTEX_POINT('',#12654);
#4508=VERTEX_POINT('',#12656);
#4509=VERTEX_POINT('',#12658);
#4510=VERTEX_POINT('',#12660);
#4511=VERTEX_POINT('',#12662);
#4512=VERTEX_POINT('',#12666);
#4513=VERTEX_POINT('',#12668);
#4514=VERTEX_POINT('',#12670);
#4515=VERTEX_POINT('',#12674);
#4516=VERTEX_POINT('',#12678);
#4517=VERTEX_POINT('',#12682);
#4518=VERTEX_POINT('',#12686);
#4519=VERTEX_POINT('',#12690);
#4520=VERTEX_POINT('',#12692);
#4521=VERTEX_POINT('',#12694);
#4522=VERTEX_POINT('',#12696);
#4523=VERTEX_POINT('',#12698);
#4524=VERTEX_POINT('',#12700);
#4525=VERTEX_POINT('',#12702);
#4526=VERTEX_POINT('',#12704);
#4527=VERTEX_POINT('',#12708);
#4528=VERTEX_POINT('',#12710);
#4529=VERTEX_POINT('',#12714);
#4530=VERTEX_POINT('',#12718);
#4531=VERTEX_POINT('',#12722);
#4532=VERTEX_POINT('',#12726);
#4533=VERTEX_POINT('',#12730);
#4534=VERTEX_POINT('',#12734);
#4535=VERTEX_POINT('',#12736);
#4536=VERTEX_POINT('',#12741);
#4537=VERTEX_POINT('',#12742);
#4538=VERTEX_POINT('',#12744);
#4539=VERTEX_POINT('',#12746);
#4540=VERTEX_POINT('',#12748);
#4541=VERTEX_POINT('',#12750);
#4542=VERTEX_POINT('',#12752);
#4543=VERTEX_POINT('',#12756);
#4544=VERTEX_POINT('',#12760);
#4545=VERTEX_POINT('',#12764);
#4546=VERTEX_POINT('',#12768);
#4547=VERTEX_POINT('',#12772);
#4548=VERTEX_POINT('',#12776);
#4549=VERTEX_POINT('',#12778);
#4550=VERTEX_POINT('',#12780);
#4551=VERTEX_POINT('',#12784);
#4552=VERTEX_POINT('',#12788);
#4553=VERTEX_POINT('',#12792);
#4554=VERTEX_POINT('',#12796);
#4555=VERTEX_POINT('',#12800);
#4556=VERTEX_POINT('',#12804);
#4557=VERTEX_POINT('',#12808);
#4558=VERTEX_POINT('',#12810);
#4559=VERTEX_POINT('',#12812);
#4560=VERTEX_POINT('',#12814);
#4561=VERTEX_POINT('',#12816);
#4562=VERTEX_POINT('',#12819);
#4563=VERTEX_POINT('',#12820);
#4564=VERTEX_POINT('',#12824);
#4565=VERTEX_POINT('',#12828);
#4566=VERTEX_POINT('',#12830);
#4567=VERTEX_POINT('',#12832);
#4568=VERTEX_POINT('',#12834);
#4569=VERTEX_POINT('',#12838);
#4570=VERTEX_POINT('',#12840);
#4571=VERTEX_POINT('',#12842);
#4572=VERTEX_POINT('',#12844);
#4573=VERTEX_POINT('',#12846);
#4574=VERTEX_POINT('',#12848);
#4575=VERTEX_POINT('',#12852);
#4576=VERTEX_POINT('',#12853);
#4577=VERTEX_POINT('',#12855);
#4578=VERTEX_POINT('',#12857);
#4579=VERTEX_POINT('',#12864);
#4580=VERTEX_POINT('',#12865);
#4581=VERTEX_POINT('',#12867);
#4582=VERTEX_POINT('',#12869);
#4583=VERTEX_POINT('',#12876);
#4584=VERTEX_POINT('',#12878);
#4585=VERTEX_POINT('',#12885);
#4586=VERTEX_POINT('',#12887);
#4587=VERTEX_POINT('',#12894);
#4588=VERTEX_POINT('',#12896);
#4589=VERTEX_POINT('',#12900);
#4590=VERTEX_POINT('',#12901);
#4591=VERTEX_POINT('',#12903);
#4592=VERTEX_POINT('',#12916);
#4593=VERTEX_POINT('',#12923);
#4594=VERTEX_POINT('',#12924);
#4595=VERTEX_POINT('',#12926);
#4596=VERTEX_POINT('',#12928);
#4597=VERTEX_POINT('',#12935);
#4598=VERTEX_POINT('',#12936);
#4599=VERTEX_POINT('',#12938);
#4600=VERTEX_POINT('',#12940);
#4601=VERTEX_POINT('',#12947);
#4602=VERTEX_POINT('',#12949);
#4603=VERTEX_POINT('',#12956);
#4604=VERTEX_POINT('',#12958);
#4605=VERTEX_POINT('',#12965);
#4606=VERTEX_POINT('',#12967);
#4607=VERTEX_POINT('',#12975);
#4608=VERTEX_POINT('',#12976);
#4609=VERTEX_POINT('',#12982);
#4610=VERTEX_POINT('',#12987);
#4611=VERTEX_POINT('',#12989);
#4612=VERTEX_POINT('',#13002);
#4613=VERTEX_POINT('',#13003);
#4614=VERTEX_POINT('',#13008);
#4615=VERTEX_POINT('',#13010);
#4616=VERTEX_POINT('',#13017);
#4617=VERTEX_POINT('',#13018);
#4618=VERTEX_POINT('',#13047);
#4619=VERTEX_POINT('',#13049);
#4620=VERTEX_POINT('',#13053);
#4621=VERTEX_POINT('',#13054);
#4622=VERTEX_POINT('',#13199);
#4623=VERTEX_POINT('',#13201);
#4624=VERTEX_POINT('',#13208);
#4625=VERTEX_POINT('',#13210);
#4626=VERTEX_POINT('',#13217);
#4627=VERTEX_POINT('',#13219);
#4628=VERTEX_POINT('',#13403);
#4629=VERTEX_POINT('',#13404);
#4630=VERTEX_POINT('',#13410);
#4631=VERTEX_POINT('',#13412);
#4632=VERTEX_POINT('',#13414);
#4633=VERTEX_POINT('',#13416);
#4634=VERTEX_POINT('',#13427);
#4635=VERTEX_POINT('',#13429);
#4636=VERTEX_POINT('',#13431);
#4637=VERTEX_POINT('',#13433);
#4638=VERTEX_POINT('',#13445);
#4639=VERTEX_POINT('',#13466);
#4640=VERTEX_POINT('',#13467);
#4641=VERTEX_POINT('',#13469);
#4642=VERTEX_POINT('',#13471);
#4643=VERTEX_POINT('',#13473);
#4644=VERTEX_POINT('',#13478);
#4645=VERTEX_POINT('',#13488);
#4646=VERTEX_POINT('',#13490);
#4647=VERTEX_POINT('',#13497);
#4648=VERTEX_POINT('',#13498);
#4649=VERTEX_POINT('',#13500);
#4650=VERTEX_POINT('',#13502);
#4651=VERTEX_POINT('',#13516);
#4652=VERTEX_POINT('',#13521);
#4653=VERTEX_POINT('',#13537);
#4654=VERTEX_POINT('',#13538);
#4655=VERTEX_POINT('',#13547);
#4656=VERTEX_POINT('',#13548);
#4657=VERTEX_POINT('',#13563);
#4658=VERTEX_POINT('',#13566);
#4659=VERTEX_POINT('',#13569);
#4660=VERTEX_POINT('',#13571);
#4661=VERTEX_POINT('',#13576);
#4662=VERTEX_POINT('',#13579);
#4663=VERTEX_POINT('',#13583);
#4664=VERTEX_POINT('',#13584);
#4665=VERTEX_POINT('',#13586);
#4666=VERTEX_POINT('',#13590);
#4667=VERTEX_POINT('',#13591);
#4668=VERTEX_POINT('',#13593);
#4669=VERTEX_POINT('',#13600);
#4670=VERTEX_POINT('',#13601);
#4671=VERTEX_POINT('',#13603);
#4672=VERTEX_POINT('',#13605);
#4673=VERTEX_POINT('',#13612);
#4674=VERTEX_POINT('',#13617);
#4675=VERTEX_POINT('',#13631);
#4676=VERTEX_POINT('',#13632);
#4677=VERTEX_POINT('',#13634);
#4678=VERTEX_POINT('',#13646);
#4679=VERTEX_POINT('',#13648);
#4680=VERTEX_POINT('',#13652);
#4681=VERTEX_POINT('',#13655);
#4682=VERTEX_POINT('',#13659);
#4683=VERTEX_POINT('',#13660);
#4684=VERTEX_POINT('',#13674);
#4685=VERTEX_POINT('',#13685);
#4686=VERTEX_POINT('',#13692);
#4687=VERTEX_POINT('',#13693);
#4688=VERTEX_POINT('',#13695);
#4689=VERTEX_POINT('',#13697);
#4690=VERTEX_POINT('',#13704);
#4691=VERTEX_POINT('',#13705);
#4692=VERTEX_POINT('',#13707);
#4693=VERTEX_POINT('',#13724);
#4694=VERTEX_POINT('',#13729);
#4695=VERTEX_POINT('',#13730);
#4696=VERTEX_POINT('',#13732);
#4697=VERTEX_POINT('',#13734);
#4698=VERTEX_POINT('',#13739);
#4699=VERTEX_POINT('',#13741);
#4700=VERTEX_POINT('',#13743);
#4701=VERTEX_POINT('',#13754);
#4702=VERTEX_POINT('',#13755);
#4703=VERTEX_POINT('',#13757);
#4704=VERTEX_POINT('',#13761);
#4705=VERTEX_POINT('',#13762);
#4706=VERTEX_POINT('',#13764);
#4707=VERTEX_POINT('',#13766);
#4708=VERTEX_POINT('',#13790);
#4709=VERTEX_POINT('',#13792);
#4710=VERTEX_POINT('',#13816);
#4711=VERTEX_POINT('',#13817);
#4712=VERTEX_POINT('',#13819);
#4713=VERTEX_POINT('',#13822);
#4714=VERTEX_POINT('',#13831);
#4715=VERTEX_POINT('',#13836);
#4716=VERTEX_POINT('',#13854);
#4717=VERTEX_POINT('',#13855);
#4718=VERTEX_POINT('',#13857);
#4719=VERTEX_POINT('',#13859);
#4720=VERTEX_POINT('',#13861);
#4721=VERTEX_POINT('',#13863);
#4722=VERTEX_POINT('',#13866);
#4723=VERTEX_POINT('',#13870);
#4724=VERTEX_POINT('',#13871);
#4725=VERTEX_POINT('',#13877);
#4726=VERTEX_POINT('',#13881);
#4727=VERTEX_POINT('',#13882);
#4728=VERTEX_POINT('',#13885);
#4729=VERTEX_POINT('',#13887);
#4730=VERTEX_POINT('',#13889);
#4731=VERTEX_POINT('',#13891);
#4732=VERTEX_POINT('',#13893);
#4733=VERTEX_POINT('',#13895);
#4734=VERTEX_POINT('',#13897);
#4735=VERTEX_POINT('',#13899);
#4736=VERTEX_POINT('',#13901);
#4737=VERTEX_POINT('',#13903);
#4738=VERTEX_POINT('',#13905);
#4739=VERTEX_POINT('',#13907);
#4740=VERTEX_POINT('',#13909);
#4741=VERTEX_POINT('',#13911);
#4742=VERTEX_POINT('',#13913);
#4743=VERTEX_POINT('',#13915);
#4744=VERTEX_POINT('',#13917);
#4745=VERTEX_POINT('',#13919);
#4746=VERTEX_POINT('',#13921);
#4747=VERTEX_POINT('',#13923);
#4748=VERTEX_POINT('',#13925);
#4749=VERTEX_POINT('',#13927);
#4750=VERTEX_POINT('',#13929);
#4751=VERTEX_POINT('',#13931);
#4752=VERTEX_POINT('',#14016);
#4753=VERTEX_POINT('',#14020);
#4754=VERTEX_POINT('',#14026);
#4755=VERTEX_POINT('',#14027);
#4756=VERTEX_POINT('',#14029);
#4757=VERTEX_POINT('',#14031);
#4758=VERTEX_POINT('',#14035);
#4759=VERTEX_POINT('',#14036);
#4760=VERTEX_POINT('',#14041);
#4761=VERTEX_POINT('',#14045);
#4762=VERTEX_POINT('',#14051);
#4763=VERTEX_POINT('',#14062);
#4764=VERTEX_POINT('',#14063);
#4765=VERTEX_POINT('',#14065);
#4766=VERTEX_POINT('',#14067);
#4767=VERTEX_POINT('',#14071);
#4768=VERTEX_POINT('',#14072);
#4769=VERTEX_POINT('',#14077);
#4770=VERTEX_POINT('',#14081);
#4771=VERTEX_POINT('',#14085);
#4772=VERTEX_POINT('',#14086);
#4773=VERTEX_POINT('',#14088);
#4774=VERTEX_POINT('',#14090);
#4775=VERTEX_POINT('',#14094);
#4776=VERTEX_POINT('',#14095);
#4777=VERTEX_POINT('',#14100);
#4778=VERTEX_POINT('',#14104);
#4779=VERTEX_POINT('',#14110);
#4780=VERTEX_POINT('',#14113);
#4781=VERTEX_POINT('',#14116);
#4782=VERTEX_POINT('',#14119);
#4783=VERTEX_POINT('',#14122);
#4784=VERTEX_POINT('',#14125);
#4785=VERTEX_POINT('',#14128);
#4786=VERTEX_POINT('',#14131);
#4787=VERTEX_POINT('',#14134);
#4788=VERTEX_POINT('',#14137);
#4789=VERTEX_POINT('',#14140);
#4790=VERTEX_POINT('',#14143);
#4791=VERTEX_POINT('',#14147);
#4792=VERTEX_POINT('',#14149);
#4793=VERTEX_POINT('',#14151);
#4794=VERTEX_POINT('',#14153);
#4795=VERTEX_POINT('',#14155);
#4796=VERTEX_POINT('',#14157);
#4797=VERTEX_POINT('',#14159);
#4798=VERTEX_POINT('',#14161);
#4799=VERTEX_POINT('',#14163);
#4800=VERTEX_POINT('',#14165);
#4801=VERTEX_POINT('',#14167);
#4802=VERTEX_POINT('',#14170);
#4803=VERTEX_POINT('',#14173);
#4804=VERTEX_POINT('',#14176);
#4805=VERTEX_POINT('',#14179);
#4806=VERTEX_POINT('',#14180);
#4807=VERTEX_POINT('',#14185);
#4808=VERTEX_POINT('',#14187);
#4809=VERTEX_POINT('',#14189);
#4810=VERTEX_POINT('',#14193);
#4811=VERTEX_POINT('',#14197);
#4812=VERTEX_POINT('',#14201);
#4813=VERTEX_POINT('',#14205);
#4814=VERTEX_POINT('',#14209);
#4815=VERTEX_POINT('',#14213);
#4816=VERTEX_POINT('',#14217);
#4817=VERTEX_POINT('',#14219);
#4818=VERTEX_POINT('',#14223);
#4819=VERTEX_POINT('',#14227);
#4820=VERTEX_POINT('',#14228);
#4821=VERTEX_POINT('',#14230);
#4822=VERTEX_POINT('',#14232);
#4823=VERTEX_POINT('',#14234);
#4824=VERTEX_POINT('',#14236);
#4825=VERTEX_POINT('',#14245);
#4826=VERTEX_POINT('',#14246);
#4827=VERTEX_POINT('',#14248);
#4828=VERTEX_POINT('',#14250);
#4829=VERTEX_POINT('',#14252);
#4830=VERTEX_POINT('',#14254);
#4831=VERTEX_POINT('',#14263);
#4832=VERTEX_POINT('',#14264);
#4833=VERTEX_POINT('',#14266);
#4834=VERTEX_POINT('',#14273);
#4835=VERTEX_POINT('',#14274);
#4836=VERTEX_POINT('',#14276);
#4837=VERTEX_POINT('',#14278);
#4838=VERTEX_POINT('',#14280);
#4839=VERTEX_POINT('',#14282);
#4840=VERTEX_POINT('',#14321);
#4841=VERTEX_POINT('',#14322);
#4842=VERTEX_POINT('',#14327);
#4843=VERTEX_POINT('',#14338);
#4844=VERTEX_POINT('',#14339);
#4845=VERTEX_POINT('',#14350);
#4846=VERTEX_POINT('',#14599);
#4847=VERTEX_POINT('',#14605);
#4848=VERTEX_POINT('',#14630);
#4849=VERTEX_POINT('',#14660);
#4850=VERTEX_POINT('',#14662);
#4851=VERTEX_POINT('',#14666);
#4852=VERTEX_POINT('',#14670);
#4853=VERTEX_POINT('',#14674);
#4854=VERTEX_POINT('',#14678);
#4855=VERTEX_POINT('',#14682);
#4856=VERTEX_POINT('',#14686);
#4857=VERTEX_POINT('',#14690);
#4858=VERTEX_POINT('',#14694);
#4859=VERTEX_POINT('',#14698);
#4860=VERTEX_POINT('',#14702);
#4861=VERTEX_POINT('',#14706);
#4862=VERTEX_POINT('',#14710);
#4863=VERTEX_POINT('',#14714);
#4864=VERTEX_POINT('',#14718);
#4865=VERTEX_POINT('',#14722);
#4866=VERTEX_POINT('',#14726);
#4867=VERTEX_POINT('',#14730);
#4868=VERTEX_POINT('',#14734);
#4869=VERTEX_POINT('',#14738);
#4870=VERTEX_POINT('',#14742);
#4871=VERTEX_POINT('',#14746);
#4872=VERTEX_POINT('',#14750);
#4873=VERTEX_POINT('',#14754);
#4874=VERTEX_POINT('',#14758);
#4875=VERTEX_POINT('',#14762);
#4876=VERTEX_POINT('',#14778);
#4877=VERTEX_POINT('',#14779);
#4878=VERTEX_POINT('',#14781);
#4879=VERTEX_POINT('',#14785);
#4880=VERTEX_POINT('',#14789);
#4881=VERTEX_POINT('',#14791);
#4882=VERTEX_POINT('',#14804);
#4883=VERTEX_POINT('',#14806);
#4884=VERTEX_POINT('',#14821);
#4885=VERTEX_POINT('',#14823);
#4886=VERTEX_POINT('',#14829);
#4887=VERTEX_POINT('',#14831);
#4888=VERTEX_POINT('',#14835);
#4889=VERTEX_POINT('',#14837);
#4890=VERTEX_POINT('',#14841);
#4891=VERTEX_POINT('',#14843);
#4892=VERTEX_POINT('',#14847);
#4893=VERTEX_POINT('',#14849);
#4894=VERTEX_POINT('',#14853);
#4895=VERTEX_POINT('',#14855);
#4896=VERTEX_POINT('',#14859);
#4897=VERTEX_POINT('',#14861);
#4898=VERTEX_POINT('',#14865);
#4899=VERTEX_POINT('',#14869);
#4900=VERTEX_POINT('',#14873);
#4901=VERTEX_POINT('',#14877);
#4902=VERTEX_POINT('',#14881);
#4903=VERTEX_POINT('',#14885);
#4904=VERTEX_POINT('',#14889);
#4905=VERTEX_POINT('',#14893);
#4906=VERTEX_POINT('',#14897);
#4907=VERTEX_POINT('',#14901);
#4908=VERTEX_POINT('',#14912);
#4909=VERTEX_POINT('',#14925);
#4910=VERTEX_POINT('',#14931);
#4911=VERTEX_POINT('',#14942);
#4912=VERTEX_POINT('',#14955);
#4913=VERTEX_POINT('',#14961);
#4914=VERTEX_POINT('',#14965);
#4915=VERTEX_POINT('',#14969);
#4916=VERTEX_POINT('',#14990);
#4917=VERTEX_POINT('',#14992);
#4918=VERTEX_POINT('',#14996);
#4919=VERTEX_POINT('',#15000);
#4920=VERTEX_POINT('',#15004);
#4921=VERTEX_POINT('',#15008);
#4922=VERTEX_POINT('',#15012);
#4923=VERTEX_POINT('',#15016);
#4924=VERTEX_POINT('',#15020);
#4925=VERTEX_POINT('',#15024);
#4926=VERTEX_POINT('',#15028);
#4927=VERTEX_POINT('',#15032);
#4928=VERTEX_POINT('',#15036);
#4929=VERTEX_POINT('',#15040);
#4930=VERTEX_POINT('',#15044);
#4931=VERTEX_POINT('',#15048);
#4932=VERTEX_POINT('',#15052);
#4933=VERTEX_POINT('',#15056);
#4934=VERTEX_POINT('',#15067);
#4935=VERTEX_POINT('',#15073);
#4936=VERTEX_POINT('',#15077);
#4937=VERTEX_POINT('',#15081);
#4938=VERTEX_POINT('',#15085);
#4939=VERTEX_POINT('',#15089);
#4940=VERTEX_POINT('',#15100);
#4941=VERTEX_POINT('',#15106);
#4942=VERTEX_POINT('',#15113);
#4943=VERTEX_POINT('',#15115);
#4944=VERTEX_POINT('',#15119);
#4945=VERTEX_POINT('',#15130);
#4946=VERTEX_POINT('',#15136);
#4947=VERTEX_POINT('',#15147);
#4948=VERTEX_POINT('',#15160);
#4949=VERTEX_POINT('',#15173);
#4950=VERTEX_POINT('',#15186);
#4951=VERTEX_POINT('',#15199);
#4952=VERTEX_POINT('',#15212);
#4953=VERTEX_POINT('',#15218);
#4954=VERTEX_POINT('',#15229);
#4955=VERTEX_POINT('',#15235);
#4956=VERTEX_POINT('',#15239);
#4957=VERTEX_POINT('',#15243);
#4958=VERTEX_POINT('',#15247);
#4959=VERTEX_POINT('',#15251);
#4960=VERTEX_POINT('',#15255);
#4961=VERTEX_POINT('',#15259);
#4962=VERTEX_POINT('',#15270);
#4963=VERTEX_POINT('',#15283);
#4964=VERTEX_POINT('',#15296);
#4965=VERTEX_POINT('',#15309);
#4966=VERTEX_POINT('',#15322);
#4967=VERTEX_POINT('',#15328);
#4968=VERTEX_POINT('',#15332);
#4969=VERTEX_POINT('',#15343);
#4970=VERTEX_POINT('',#15349);
#4971=VERTEX_POINT('',#15353);
#4972=VERTEX_POINT('',#15360);
#4973=VERTEX_POINT('',#15362);
#4974=VERTEX_POINT('',#15366);
#4975=VERTEX_POINT('',#15370);
#4976=VERTEX_POINT('',#15374);
#4977=VERTEX_POINT('',#15378);
#4978=VERTEX_POINT('',#15382);
#4979=VERTEX_POINT('',#15386);
#4980=VERTEX_POINT('',#15397);
#4981=VERTEX_POINT('',#15410);
#4982=VERTEX_POINT('',#15423);
#4983=VERTEX_POINT('',#15436);
#4984=VERTEX_POINT('',#15449);
#4985=VERTEX_POINT('',#15462);
#4986=VERTEX_POINT('',#15475);
#4987=VERTEX_POINT('',#15481);
#4988=VERTEX_POINT('',#15485);
#4989=VERTEX_POINT('',#15496);
#4990=VERTEX_POINT('',#15509);
#4991=VERTEX_POINT('',#15522);
#4992=VERTEX_POINT('',#15535);
#4993=VERTEX_POINT('',#15548);
#4994=VERTEX_POINT('',#15561);
#4995=VERTEX_POINT('',#15567);
#4996=VERTEX_POINT('',#15571);
#4997=VERTEX_POINT('',#15575);
#4998=VERTEX_POINT('',#15589);
#4999=VERTEX_POINT('',#15593);
#5000=VERTEX_POINT('',#15597);
#5001=VERTEX_POINT('',#15601);
#5002=VERTEX_POINT('',#15605);
#5003=VERTEX_POINT('',#15609);
#5004=VERTEX_POINT('',#15613);
#5005=VERTEX_POINT('',#15617);
#5006=VERTEX_POINT('',#15621);
#5007=VERTEX_POINT('',#15632);
#5008=VERTEX_POINT('',#15638);
#5009=VERTEX_POINT('',#15642);
#5010=VERTEX_POINT('',#15646);
#5011=VERTEX_POINT('',#15663);
#5012=VERTEX_POINT('',#15665);
#5013=VERTEX_POINT('',#15669);
#5014=VERTEX_POINT('',#15673);
#5015=VERTEX_POINT('',#15677);
#5016=VERTEX_POINT('',#15681);
#5017=VERTEX_POINT('',#15685);
#5018=VERTEX_POINT('',#15689);
#5019=VERTEX_POINT('',#15693);
#5020=VERTEX_POINT('',#15697);
#5021=VERTEX_POINT('',#15701);
#5022=VERTEX_POINT('',#15705);
#5023=VERTEX_POINT('',#15709);
#5024=VERTEX_POINT('',#15713);
#5025=VERTEX_POINT('',#15717);
#5026=VERTEX_POINT('',#15721);
#5027=VERTEX_POINT('',#15725);
#5028=VERTEX_POINT('',#15729);
#5029=VERTEX_POINT('',#15733);
#5030=VERTEX_POINT('',#15737);
#5031=VERTEX_POINT('',#15741);
#5032=VERTEX_POINT('',#15745);
#5033=VERTEX_POINT('',#15752);
#5034=VERTEX_POINT('',#15754);
#5035=VERTEX_POINT('',#15758);
#5036=VERTEX_POINT('',#15769);
#5037=VERTEX_POINT('',#15782);
#5038=VERTEX_POINT('',#15795);
#5039=VERTEX_POINT('',#15808);
#5040=VERTEX_POINT('',#15821);
#5041=VERTEX_POINT('',#15834);
#5042=VERTEX_POINT('',#15847);
#5043=VERTEX_POINT('',#15860);
#5044=VERTEX_POINT('',#15873);
#5045=VERTEX_POINT('',#15886);
#5046=VERTEX_POINT('',#15892);
#5047=VERTEX_POINT('',#15903);
#5048=VERTEX_POINT('',#15909);
#5049=VERTEX_POINT('',#15913);
#5050=VERTEX_POINT('',#15917);
#5051=VERTEX_POINT('',#15928);
#5052=VERTEX_POINT('',#15941);
#5053=VERTEX_POINT('',#15954);
#5054=VERTEX_POINT('',#15967);
#5055=VERTEX_POINT('',#15980);
#5056=VERTEX_POINT('',#15993);
#5057=VERTEX_POINT('',#16006);
#5058=VERTEX_POINT('',#16019);
#5059=VERTEX_POINT('',#16032);
#5060=VERTEX_POINT('',#16045);
#5061=VERTEX_POINT('',#16051);
#5062=VERTEX_POINT('',#16062);
#5063=VERTEX_POINT('',#16071);
#5064=VERTEX_POINT('',#16072);
#5065=VERTEX_POINT('',#16074);
#5066=VERTEX_POINT('',#16076);
#5067=VERTEX_POINT('',#16080);
#5068=VERTEX_POINT('',#16082);
#5069=VERTEX_POINT('',#16086);
#5070=VERTEX_POINT('',#16088);
#5071=VERTEX_POINT('',#16101);
#5072=VERTEX_POINT('',#16103);
#5073=VERTEX_POINT('',#16118);
#5074=VERTEX_POINT('',#16120);
#5075=VERTEX_POINT('',#16135);
#5076=VERTEX_POINT('',#16137);
#5077=VERTEX_POINT('',#16150);
#5078=VERTEX_POINT('',#16154);
#5079=VERTEX_POINT('',#16158);
#5080=VERTEX_POINT('',#16162);
#5081=VERTEX_POINT('',#16166);
#5082=VERTEX_POINT('',#16170);
#5083=VERTEX_POINT('',#16174);
#5084=VERTEX_POINT('',#16178);
#5085=VERTEX_POINT('',#16182);
#5086=VERTEX_POINT('',#16186);
#5087=VERTEX_POINT('',#16190);
#5088=VERTEX_POINT('',#16194);
#5089=VERTEX_POINT('',#16198);
#5090=VERTEX_POINT('',#16209);
#5091=VERTEX_POINT('',#16222);
#5092=VERTEX_POINT('',#16254);
#5093=VERTEX_POINT('',#16256);
#5094=VERTEX_POINT('',#16260);
#5095=VERTEX_POINT('',#16264);
#5096=VERTEX_POINT('',#16268);
#5097=VERTEX_POINT('',#16272);
#5098=VERTEX_POINT('',#16276);
#5099=VERTEX_POINT('',#16280);
#5100=VERTEX_POINT('',#16284);
#5101=VERTEX_POINT('',#16288);
#5102=VERTEX_POINT('',#16292);
#5103=VERTEX_POINT('',#16296);
#5104=VERTEX_POINT('',#16300);
#5105=VERTEX_POINT('',#16304);
#5106=VERTEX_POINT('',#16308);
#5107=VERTEX_POINT('',#16312);
#5108=VERTEX_POINT('',#16316);
#5109=VERTEX_POINT('',#16320);
#5110=VERTEX_POINT('',#16324);
#5111=VERTEX_POINT('',#16328);
#5112=VERTEX_POINT('',#16332);
#5113=VERTEX_POINT('',#16336);
#5114=VERTEX_POINT('',#16340);
#5115=VERTEX_POINT('',#16344);
#5116=VERTEX_POINT('',#16348);
#5117=VERTEX_POINT('',#16352);
#5118=VERTEX_POINT('',#16356);
#5119=VERTEX_POINT('',#16360);
#5120=VERTEX_POINT('',#16364);
#5121=LINE('',#12103,#5978);
#5122=LINE('',#12106,#5979);
#5123=LINE('',#12108,#5980);
#5124=LINE('',#12156,#5981);
#5125=LINE('',#12158,#5982);
#5126=LINE('',#12160,#5983);
#5127=LINE('',#12207,#5984);
#5128=LINE('',#12210,#5985);
#5129=LINE('',#12212,#5986);
#5130=LINE('',#12214,#5987);
#5131=LINE('',#12216,#5988);
#5132=LINE('',#12218,#5989);
#5133=LINE('',#12220,#5990);
#5134=LINE('',#12222,#5991);
#5135=LINE('',#12224,#5992);
#5136=LINE('',#12226,#5993);
#5137=LINE('',#12228,#5994);
#5138=LINE('',#12230,#5995);
#5139=LINE('',#12232,#5996);
#5140=LINE('',#12234,#5997);
#5141=LINE('',#12236,#5998);
#5142=LINE('',#12238,#5999);
#5143=LINE('',#12240,#6000);
#5144=LINE('',#12242,#6001);
#5145=LINE('',#12244,#6002);
#5146=LINE('',#12246,#6003);
#5147=LINE('',#12248,#6004);
#5148=LINE('',#12250,#6005);
#5149=LINE('',#12251,#6006);
#5150=LINE('',#12259,#6007);
#5151=LINE('',#12266,#6008);
#5152=LINE('',#12303,#6009);
#5153=LINE('',#12305,#6010);
#5154=LINE('',#12309,#6011);
#5155=LINE('',#12311,#6012);
#5156=LINE('',#12333,#6013);
#5157=LINE('',#12335,#6014);
#5158=LINE('',#12337,#6015);
#5159=LINE('',#12339,#6016);
#5160=LINE('',#12348,#6017);
#5161=LINE('',#12389,#6018);
#5162=LINE('',#12408,#6019);
#5163=LINE('',#12410,#6020);
#5164=LINE('',#12412,#6021);
#5165=LINE('',#12414,#6022);
#5166=LINE('',#12416,#6023);
#5167=LINE('',#12418,#6024);
#5168=LINE('',#12420,#6025);
#5169=LINE('',#12422,#6026);
#5170=LINE('',#12424,#6027);
#5171=LINE('',#12426,#6028);
#5172=LINE('',#12427,#6029);
#5173=LINE('',#12430,#6030);
#5174=LINE('',#12432,#6031);
#5175=LINE('',#12434,#6032);
#5176=LINE('',#12436,#6033);
#5177=LINE('',#12438,#6034);
#5178=LINE('',#12440,#6035);
#5179=LINE('',#12442,#6036);
#5180=LINE('',#12444,#6037);
#5181=LINE('',#12446,#6038);
#5182=LINE('',#12448,#6039);
#5183=LINE('',#12450,#6040);
#5184=LINE('',#12452,#6041);
#5185=LINE('',#12454,#6042);
#5186=LINE('',#12456,#6043);
#5187=LINE('',#12458,#6044);
#5188=LINE('',#12460,#6045);
#5189=LINE('',#12462,#6046);
#5190=LINE('',#12464,#6047);
#5191=LINE('',#12466,#6048);
#5192=LINE('',#12468,#6049);
#5193=LINE('',#12470,#6050);
#5194=LINE('',#12472,#6051);
#5195=LINE('',#12474,#6052);
#5196=LINE('',#12476,#6053);
#5197=LINE('',#12478,#6054);
#5198=LINE('',#12480,#6055);
#5199=LINE('',#12482,#6056);
#5200=LINE('',#12484,#6057);
#5201=LINE('',#12486,#6058);
#5202=LINE('',#12489,#6059);
#5203=LINE('',#12491,#6060);
#5204=LINE('',#12493,#6061);
#5205=LINE('',#12495,#6062);
#5206=LINE('',#12497,#6063);
#5207=LINE('',#12499,#6064);
#5208=LINE('',#12501,#6065);
#5209=LINE('',#12503,#6066);
#5210=LINE('',#12505,#6067);
#5211=LINE('',#12507,#6068);
#5212=LINE('',#12509,#6069);
#5213=LINE('',#12511,#6070);
#5214=LINE('',#12513,#6071);
#5215=LINE('',#12515,#6072);
#5216=LINE('',#12517,#6073);
#5217=LINE('',#12519,#6074);
#5218=LINE('',#12521,#6075);
#5219=LINE('',#12523,#6076);
#5220=LINE('',#12525,#6077);
#5221=LINE('',#12527,#6078);
#5222=LINE('',#12529,#6079);
#5223=LINE('',#12531,#6080);
#5224=LINE('',#12533,#6081);
#5225=LINE('',#12535,#6082);
#5226=LINE('',#12537,#6083);
#5227=LINE('',#12539,#6084);
#5228=LINE('',#12540,#6085);
#5229=LINE('',#12543,#6086);
#5230=LINE('',#12545,#6087);
#5231=LINE('',#12547,#6088);
#5232=LINE('',#12548,#6089);
#5233=LINE('',#12551,#6090);
#5234=LINE('',#12553,#6091);
#5235=LINE('',#12555,#6092);
#5236=LINE('',#12569,#6093);
#5237=LINE('',#12583,#6094);
#5238=LINE('',#12585,#6095);
#5239=LINE('',#12587,#6096);
#5240=LINE('',#12589,#6097);
#5241=LINE('',#12591,#6098);
#5242=LINE('',#12593,#6099);
#5243=LINE('',#12595,#6100);
#5244=LINE('',#12596,#6101);
#5245=LINE('',#12599,#6102);
#5246=LINE('',#12601,#6103);
#5247=LINE('',#12613,#6104);
#5248=LINE('',#12615,#6105);
#5249=LINE('',#12625,#6106);
#5250=LINE('',#12627,#6107);
#5251=LINE('',#12629,#6108);
#5252=LINE('',#12631,#6109);
#5253=LINE('',#12633,#6110);
#5254=LINE('',#12635,#6111);
#5255=LINE('',#12637,#6112);
#5256=LINE('',#12639,#6113);
#5257=LINE('',#12641,#6114);
#5258=LINE('',#12643,#6115);
#5259=LINE('',#12645,#6116);
#5260=LINE('',#12647,#6117);
#5261=LINE('',#12649,#6118);
#5262=LINE('',#12651,#6119);
#5263=LINE('',#12652,#6120);
#5264=LINE('',#12655,#6121);
#5265=LINE('',#12657,#6122);
#5266=LINE('',#12695,#6123);
#5267=LINE('',#12697,#6124);
#5268=LINE('',#12699,#6125);
#5269=LINE('',#12740,#6126);
#5270=LINE('',#12743,#6127);
#5271=LINE('',#12745,#6128);
#5272=LINE('',#12747,#6129);
#5273=LINE('',#12777,#6130);
#5274=LINE('',#12779,#6131);
#5275=LINE('',#12811,#6132);
#5276=LINE('',#12813,#6133);
#5277=LINE('',#12815,#6134);
#5278=LINE('',#12817,#6135);
#5279=LINE('',#12818,#6136);
#5280=LINE('',#12829,#6137);
#5281=LINE('',#12831,#6138);
#5282=LINE('',#12833,#6139);
#5283=LINE('',#12841,#6140);
#5284=LINE('',#12843,#6141);
#5285=LINE('',#12845,#6142);
#5286=LINE('',#12847,#6143);
#5287=LINE('',#12849,#6144);
#5288=LINE('',#12854,#6145);
#5289=LINE('',#12858,#6146);
#5290=LINE('',#12866,#6147);
#5291=LINE('',#12868,#6148);
#5292=LINE('',#12870,#6149);
#5293=LINE('',#12877,#6150);
#5294=LINE('',#12879,#6151);
#5295=LINE('',#12886,#6152);
#5296=LINE('',#12888,#6153);
#5297=LINE('',#12895,#6154);
#5298=LINE('',#12897,#6155);
#5299=LINE('',#12899,#6156);
#5300=LINE('',#12902,#6157);
#5301=LINE('',#12917,#6158);
#5302=LINE('',#12925,#6159);
#5303=LINE('',#12927,#6160);
#5304=LINE('',#12929,#6161);
#5305=LINE('',#12937,#6162);
#5306=LINE('',#12939,#6163);
#5307=LINE('',#12941,#6164);
#5308=LINE('',#12948,#6165);
#5309=LINE('',#12950,#6166);
#5310=LINE('',#12957,#6167);
#5311=LINE('',#12959,#6168);
#5312=LINE('',#12966,#6169);
#5313=LINE('',#12968,#6170);
#5314=LINE('',#13016,#6171);
#5315=LINE('',#13023,#6172);
#5316=LINE('',#13048,#6173);
#5317=LINE('',#13050,#6174);
#5318=LINE('',#13052,#6175);
#5319=LINE('',#13059,#6176);
#5320=LINE('',#13200,#6177);
#5321=LINE('',#13202,#6178);
#5322=LINE('',#13209,#6179);
#5323=LINE('',#13211,#6180);
#5324=LINE('',#13218,#6181);
#5325=LINE('',#13220,#6182);
#5326=LINE('',#13226,#6183);
#5327=LINE('',#13402,#6184);
#5328=LINE('',#13411,#6185);
#5329=LINE('',#13413,#6186);
#5330=LINE('',#13415,#6187);
#5331=LINE('',#13428,#6188);
#5332=LINE('',#13430,#6189);
#5333=LINE('',#13432,#6190);
#5334=LINE('',#13468,#6191);
#5335=LINE('',#13470,#6192);
#5336=LINE('',#13472,#6193);
#5337=LINE('',#13489,#6194);
#5338=LINE('',#13499,#6195);
#5339=LINE('',#13503,#6196);
#5340=LINE('',#13582,#6197);
#5341=LINE('',#13585,#6198);
#5342=LINE('',#13587,#6199);
#5343=LINE('',#13589,#6200);
#5344=LINE('',#13592,#6201);
#5345=LINE('',#13599,#6202);
#5346=LINE('',#13602,#6203);
#5347=LINE('',#13604,#6204);
#5348=LINE('',#13606,#6205);
#5349=LINE('',#13633,#6206);
#5350=LINE('',#13645,#6207);
#5351=LINE('',#13647,#6208);
#5352=LINE('',#13649,#6209);
#5353=LINE('',#13651,#6210);
#5354=LINE('',#13653,#6211);
#5355=LINE('',#13656,#6212);
#5356=LINE('',#13658,#6213);
#5357=LINE('',#13668,#6214);
#5358=LINE('',#13694,#6215);
#5359=LINE('',#13698,#6216);
#5360=LINE('',#13720,#6217);
#5361=LINE('',#13721,#6218);
#5362=LINE('',#13725,#6219);
#5363=LINE('',#13726,#6220);
#5364=LINE('',#13728,#6221);
#5365=LINE('',#13731,#6222);
#5366=LINE('',#13733,#6223);
#5367=LINE('',#13740,#6224);
#5368=LINE('',#13742,#6225);
#5369=LINE('',#13750,#6226);
#5370=LINE('',#13751,#6227);
#5371=LINE('',#13753,#6228);
#5372=LINE('',#13756,#6229);
#5373=LINE('',#13758,#6230);
#5374=LINE('',#13760,#6231);
#5375=LINE('',#13763,#6232);
#5376=LINE('',#13765,#6233);
#5377=LINE('',#13767,#6234);
#5378=LINE('',#13780,#6235);
#5379=LINE('',#13781,#6236);
#5380=LINE('',#13789,#6237);
#5381=LINE('',#13791,#6238);
#5382=LINE('',#13793,#6239);
#5383=LINE('',#13801,#6240);
#5384=LINE('',#13802,#6241);
#5385=LINE('',#13803,#6242);
#5386=LINE('',#13810,#6243);
#5387=LINE('',#13818,#6244);
#5388=LINE('',#13820,#6245);
#5389=LINE('',#13821,#6246);
#5390=LINE('',#13856,#6247);
#5391=LINE('',#13860,#6248);
#5392=LINE('',#13864,#6249);
#5393=LINE('',#13865,#6250);
#5394=LINE('',#13867,#6251);
#5395=LINE('',#13878,#6252);
#5396=LINE('',#13880,#6253);
#5397=LINE('',#13883,#6254);
#5398=LINE('',#13884,#6255);
#5399=LINE('',#13886,#6256);
#5400=LINE('',#13888,#6257);
#5401=LINE('',#13890,#6258);
#5402=LINE('',#13892,#6259);
#5403=LINE('',#13894,#6260);
#5404=LINE('',#13896,#6261);
#5405=LINE('',#13898,#6262);
#5406=LINE('',#13900,#6263);
#5407=LINE('',#13902,#6264);
#5408=LINE('',#13904,#6265);
#5409=LINE('',#13906,#6266);
#5410=LINE('',#13908,#6267);
#5411=LINE('',#13910,#6268);
#5412=LINE('',#13912,#6269);
#5413=LINE('',#13914,#6270);
#5414=LINE('',#13916,#6271);
#5415=LINE('',#13918,#6272);
#5416=LINE('',#13920,#6273);
#5417=LINE('',#13922,#6274);
#5418=LINE('',#13924,#6275);
#5419=LINE('',#13926,#6276);
#5420=LINE('',#13928,#6277);
#5421=LINE('',#13930,#6278);
#5422=LINE('',#13932,#6279);
#5423=LINE('',#14015,#6280);
#5424=LINE('',#14017,#6281);
#5425=LINE('',#14019,#6282);
#5426=LINE('',#14021,#6283);
#5427=LINE('',#14023,#6284);
#5428=LINE('',#14025,#6285);
#5429=LINE('',#14028,#6286);
#5430=LINE('',#14030,#6287);
#5431=LINE('',#14032,#6288);
#5432=LINE('',#14034,#6289);
#5433=LINE('',#14037,#6290);
#5434=LINE('',#14038,#6291);
#5435=LINE('',#14040,#6292);
#5436=LINE('',#14042,#6293);
#5437=LINE('',#14044,#6294);
#5438=LINE('',#14046,#6295);
#5439=LINE('',#14048,#6296);
#5440=LINE('',#14050,#6297);
#5441=LINE('',#14052,#6298);
#5442=LINE('',#14053,#6299);
#5443=LINE('',#14055,#6300);
#5444=LINE('',#14056,#6301);
#5445=LINE('',#14061,#6302);
#5446=LINE('',#14064,#6303);
#5447=LINE('',#14066,#6304);
#5448=LINE('',#14068,#6305);
#5449=LINE('',#14070,#6306);
#5450=LINE('',#14073,#6307);
#5451=LINE('',#14074,#6308);
#5452=LINE('',#14076,#6309);
#5453=LINE('',#14078,#6310);
#5454=LINE('',#14080,#6311);
#5455=LINE('',#14082,#6312);
#5456=LINE('',#14084,#6313);
#5457=LINE('',#14087,#6314);
#5458=LINE('',#14089,#6315);
#5459=LINE('',#14091,#6316);
#5460=LINE('',#14093,#6317);
#5461=LINE('',#14096,#6318);
#5462=LINE('',#14097,#6319);
#5463=LINE('',#14099,#6320);
#5464=LINE('',#14101,#6321);
#5465=LINE('',#14103,#6322);
#5466=LINE('',#14105,#6323);
#5467=LINE('',#14107,#6324);
#5468=LINE('',#14145,#6325);
#5469=LINE('',#14146,#6326);
#5470=LINE('',#14148,#6327);
#5471=LINE('',#14150,#6328);
#5472=LINE('',#14152,#6329);
#5473=LINE('',#14154,#6330);
#5474=LINE('',#14156,#6331);
#5475=LINE('',#14158,#6332);
#5476=LINE('',#14160,#6333);
#5477=LINE('',#14162,#6334);
#5478=LINE('',#14164,#6335);
#5479=LINE('',#14166,#6336);
#5480=LINE('',#14168,#6337);
#5481=LINE('',#14169,#6338);
#5482=LINE('',#14171,#6339);
#5483=LINE('',#14172,#6340);
#5484=LINE('',#14174,#6341);
#5485=LINE('',#14175,#6342);
#5486=LINE('',#14177,#6343);
#5487=LINE('',#14178,#6344);
#5488=LINE('',#14181,#6345);
#5489=LINE('',#14182,#6346);
#5490=LINE('',#14184,#6347);
#5491=LINE('',#14186,#6348);
#5492=LINE('',#14188,#6349);
#5493=LINE('',#14190,#6350);
#5494=LINE('',#14192,#6351);
#5495=LINE('',#14194,#6352);
#5496=LINE('',#14196,#6353);
#5497=LINE('',#14198,#6354);
#5498=LINE('',#14200,#6355);
#5499=LINE('',#14202,#6356);
#5500=LINE('',#14204,#6357);
#5501=LINE('',#14206,#6358);
#5502=LINE('',#14208,#6359);
#5503=LINE('',#14210,#6360);
#5504=LINE('',#14212,#6361);
#5505=LINE('',#14214,#6362);
#5506=LINE('',#14216,#6363);
#5507=LINE('',#14218,#6364);
#5508=LINE('',#14220,#6365);
#5509=LINE('',#14222,#6366);
#5510=LINE('',#14224,#6367);
#5511=LINE('',#14226,#6368);
#5512=LINE('',#14229,#6369);
#5513=LINE('',#14231,#6370);
#5514=LINE('',#14233,#6371);
#5515=LINE('',#14235,#6372);
#5516=LINE('',#14237,#6373);
#5517=LINE('',#14239,#6374);
#5518=LINE('',#14240,#6375);
#5519=LINE('',#14242,#6376);
#5520=LINE('',#14244,#6377);
#5521=LINE('',#14247,#6378);
#5522=LINE('',#14249,#6379);
#5523=LINE('',#14251,#6380);
#5524=LINE('',#14253,#6381);
#5525=LINE('',#14255,#6382);
#5526=LINE('',#14257,#6383);
#5527=LINE('',#14258,#6384);
#5528=LINE('',#14260,#6385);
#5529=LINE('',#14262,#6386);
#5530=LINE('',#14265,#6387);
#5531=LINE('',#14267,#6388);
#5532=LINE('',#14268,#6389);
#5533=LINE('',#14270,#6390);
#5534=LINE('',#14272,#6391);
#5535=LINE('',#14275,#6392);
#5536=LINE('',#14277,#6393);
#5537=LINE('',#14279,#6394);
#5538=LINE('',#14281,#6395);
#5539=LINE('',#14283,#6396);
#5540=LINE('',#14285,#6397);
#5541=LINE('',#14286,#6398);
#5542=LINE('',#14288,#6399);
#5543=LINE('',#14290,#6400);
#5544=LINE('',#14292,#6401);
#5545=LINE('',#14294,#6402);
#5546=LINE('',#14296,#6403);
#5547=LINE('',#14298,#6404);
#5548=LINE('',#14299,#6405);
#5549=LINE('',#14300,#6406);
#5550=LINE('',#14301,#6407);
#5551=LINE('',#14302,#6408);
#5552=LINE('',#14305,#6409);
#5553=LINE('',#14308,#6410);
#5554=LINE('',#14311,#6411);
#5555=LINE('',#14314,#6412);
#5556=LINE('',#14332,#6413);
#5557=LINE('',#14344,#6414);
#5558=LINE('',#14598,#6415);
#5559=LINE('',#14600,#6416);
#5560=LINE('',#14604,#6417);
#5561=LINE('',#14629,#6418);
#5562=LINE('',#14659,#6419);
#5563=LINE('',#14661,#6420);
#5564=LINE('',#14663,#6421);
#5565=LINE('',#14665,#6422);
#5566=LINE('',#14667,#6423);
#5567=LINE('',#14669,#6424);
#5568=LINE('',#14671,#6425);
#5569=LINE('',#14673,#6426);
#5570=LINE('',#14675,#6427);
#5571=LINE('',#14677,#6428);
#5572=LINE('',#14679,#6429);
#5573=LINE('',#14681,#6430);
#5574=LINE('',#14683,#6431);
#5575=LINE('',#14685,#6432);
#5576=LINE('',#14687,#6433);
#5577=LINE('',#14689,#6434);
#5578=LINE('',#14691,#6435);
#5579=LINE('',#14693,#6436);
#5580=LINE('',#14695,#6437);
#5581=LINE('',#14697,#6438);
#5582=LINE('',#14699,#6439);
#5583=LINE('',#14701,#6440);
#5584=LINE('',#14703,#6441);
#5585=LINE('',#14705,#6442);
#5586=LINE('',#14707,#6443);
#5587=LINE('',#14709,#6444);
#5588=LINE('',#14711,#6445);
#5589=LINE('',#14713,#6446);
#5590=LINE('',#14715,#6447);
#5591=LINE('',#14717,#6448);
#5592=LINE('',#14719,#6449);
#5593=LINE('',#14721,#6450);
#5594=LINE('',#14723,#6451);
#5595=LINE('',#14725,#6452);
#5596=LINE('',#14727,#6453);
#5597=LINE('',#14729,#6454);
#5598=LINE('',#14731,#6455);
#5599=LINE('',#14733,#6456);
#5600=LINE('',#14735,#6457);
#5601=LINE('',#14737,#6458);
#5602=LINE('',#14739,#6459);
#5603=LINE('',#14741,#6460);
#5604=LINE('',#14743,#6461);
#5605=LINE('',#14745,#6462);
#5606=LINE('',#14747,#6463);
#5607=LINE('',#14749,#6464);
#5608=LINE('',#14751,#6465);
#5609=LINE('',#14753,#6466);
#5610=LINE('',#14755,#6467);
#5611=LINE('',#14757,#6468);
#5612=LINE('',#14759,#6469);
#5613=LINE('',#14761,#6470);
#5614=LINE('',#14763,#6471);
#5615=LINE('',#14765,#6472);
#5616=LINE('',#14780,#6473);
#5617=LINE('',#14786,#6474);
#5618=LINE('',#14788,#6475);
#5619=LINE('',#14790,#6476);
#5620=LINE('',#14792,#6477);
#5621=LINE('',#14805,#6478);
#5622=LINE('',#14822,#6479);
#5623=LINE('',#14830,#6480);
#5624=LINE('',#14836,#6481);
#5625=LINE('',#14840,#6482);
#5626=LINE('',#14842,#6483);
#5627=LINE('',#14844,#6484);
#5628=LINE('',#14848,#6485);
#5629=LINE('',#14854,#6486);
#5630=LINE('',#14858,#6487);
#5631=LINE('',#14860,#6488);
#5632=LINE('',#14862,#6489);
#5633=LINE('',#14864,#6490);
#5634=LINE('',#14866,#6491);
#5635=LINE('',#14868,#6492);
#5636=LINE('',#14870,#6493);
#5637=LINE('',#14872,#6494);
#5638=LINE('',#14874,#6495);
#5639=LINE('',#14876,#6496);
#5640=LINE('',#14878,#6497);
#5641=LINE('',#14880,#6498);
#5642=LINE('',#14882,#6499);
#5643=LINE('',#14884,#6500);
#5644=LINE('',#14886,#6501);
#5645=LINE('',#14888,#6502);
#5646=LINE('',#14890,#6503);
#5647=LINE('',#14892,#6504);
#5648=LINE('',#14894,#6505);
#5649=LINE('',#14896,#6506);
#5650=LINE('',#14900,#6507);
#5651=LINE('',#14911,#6508);
#5652=LINE('',#14924,#6509);
#5653=LINE('',#14930,#6510);
#5654=LINE('',#14932,#6511);
#5655=LINE('',#14941,#6512);
#5656=LINE('',#14954,#6513);
#5657=LINE('',#14960,#6514);
#5658=LINE('',#14964,#6515);
#5659=LINE('',#14968,#6516);
#5660=LINE('',#14970,#6517);
#5661=LINE('',#14972,#6518);
#5662=LINE('',#14989,#6519);
#5663=LINE('',#14991,#6520);
#5664=LINE('',#14993,#6521);
#5665=LINE('',#14995,#6522);
#5666=LINE('',#14997,#6523);
#5667=LINE('',#14999,#6524);
#5668=LINE('',#15001,#6525);
#5669=LINE('',#15003,#6526);
#5670=LINE('',#15005,#6527);
#5671=LINE('',#15007,#6528);
#5672=LINE('',#15009,#6529);
#5673=LINE('',#15011,#6530);
#5674=LINE('',#15013,#6531);
#5675=LINE('',#15015,#6532);
#5676=LINE('',#15017,#6533);
#5677=LINE('',#15019,#6534);
#5678=LINE('',#15021,#6535);
#5679=LINE('',#15023,#6536);
#5680=LINE('',#15025,#6537);
#5681=LINE('',#15027,#6538);
#5682=LINE('',#15029,#6539);
#5683=LINE('',#15031,#6540);
#5684=LINE('',#15033,#6541);
#5685=LINE('',#15035,#6542);
#5686=LINE('',#15037,#6543);
#5687=LINE('',#15039,#6544);
#5688=LINE('',#15041,#6545);
#5689=LINE('',#15043,#6546);
#5690=LINE('',#15045,#6547);
#5691=LINE('',#15047,#6548);
#5692=LINE('',#15049,#6549);
#5693=LINE('',#15051,#6550);
#5694=LINE('',#15053,#6551);
#5695=LINE('',#15055,#6552);
#5696=LINE('',#15066,#6553);
#5697=LINE('',#15072,#6554);
#5698=LINE('',#15076,#6555);
#5699=LINE('',#15078,#6556);
#5700=LINE('',#15080,#6557);
#5701=LINE('',#15082,#6558);
#5702=LINE('',#15084,#6559);
#5703=LINE('',#15088,#6560);
#5704=LINE('',#15099,#6561);
#5705=LINE('',#15105,#6562);
#5706=LINE('',#15109,#6563);
#5707=LINE('',#15112,#6564);
#5708=LINE('',#15114,#6565);
#5709=LINE('',#15116,#6566);
#5710=LINE('',#15118,#6567);
#5711=LINE('',#15120,#6568);
#5712=LINE('',#15129,#6569);
#5713=LINE('',#15135,#6570);
#5714=LINE('',#15146,#6571);
#5715=LINE('',#15159,#6572);
#5716=LINE('',#15172,#6573);
#5717=LINE('',#15185,#6574);
#5718=LINE('',#15198,#6575);
#5719=LINE('',#15211,#6576);
#5720=LINE('',#15217,#6577);
#5721=LINE('',#15228,#6578);
#5722=LINE('',#15234,#6579);
#5723=LINE('',#15238,#6580);
#5724=LINE('',#15242,#6581);
#5725=LINE('',#15244,#6582);
#5726=LINE('',#15246,#6583);
#5727=LINE('',#15248,#6584);
#5728=LINE('',#15250,#6585);
#5729=LINE('',#15252,#6586);
#5730=LINE('',#15254,#6587);
#5731=LINE('',#15258,#6588);
#5732=LINE('',#15269,#6589);
#5733=LINE('',#15282,#6590);
#5734=LINE('',#15295,#6591);
#5735=LINE('',#15308,#6592);
#5736=LINE('',#15321,#6593);
#5737=LINE('',#15327,#6594);
#5738=LINE('',#15331,#6595);
#5739=LINE('',#15342,#6596);
#5740=LINE('',#15348,#6597);
#5741=LINE('',#15352,#6598);
#5742=LINE('',#15356,#6599);
#5743=LINE('',#15359,#6600);
#5744=LINE('',#15361,#6601);
#5745=LINE('',#15363,#6602);
#5746=LINE('',#15365,#6603);
#5747=LINE('',#15367,#6604);
#5748=LINE('',#15369,#6605);
#5749=LINE('',#15371,#6606);
#5750=LINE('',#15373,#6607);
#5751=LINE('',#15375,#6608);
#5752=LINE('',#15377,#6609);
#5753=LINE('',#15379,#6610);
#5754=LINE('',#15381,#6611);
#5755=LINE('',#15383,#6612);
#5756=LINE('',#15385,#6613);
#5757=LINE('',#15396,#6614);
#5758=LINE('',#15409,#6615);
#5759=LINE('',#15422,#6616);
#5760=LINE('',#15435,#6617);
#5761=LINE('',#15448,#6618);
#5762=LINE('',#15461,#6619);
#5763=LINE('',#15474,#6620);
#5764=LINE('',#15480,#6621);
#5765=LINE('',#15482,#6622);
#5766=LINE('',#15484,#6623);
#5767=LINE('',#15486,#6624);
#5768=LINE('',#15495,#6625);
#5769=LINE('',#15508,#6626);
#5770=LINE('',#15521,#6627);
#5771=LINE('',#15534,#6628);
#5772=LINE('',#15547,#6629);
#5773=LINE('',#15560,#6630);
#5774=LINE('',#15566,#6631);
#5775=LINE('',#15570,#6632);
#5776=LINE('',#15574,#6633);
#5777=LINE('',#15576,#6634);
#5778=LINE('',#15578,#6635);
#5779=LINE('',#15588,#6636);
#5780=LINE('',#15594,#6637);
#5781=LINE('',#15596,#6638);
#5782=LINE('',#15598,#6639);
#5783=LINE('',#15600,#6640);
#5784=LINE('',#15602,#6641);
#5785=LINE('',#15604,#6642);
#5786=LINE('',#15606,#6643);
#5787=LINE('',#15608,#6644);
#5788=LINE('',#15610,#6645);
#5789=LINE('',#15612,#6646);
#5790=LINE('',#15614,#6647);
#5791=LINE('',#15616,#6648);
#5792=LINE('',#15618,#6649);
#5793=LINE('',#15620,#6650);
#5794=LINE('',#15631,#6651);
#5795=LINE('',#15637,#6652);
#5796=LINE('',#15639,#6653);
#5797=LINE('',#15641,#6654);
#5798=LINE('',#15643,#6655);
#5799=LINE('',#15645,#6656);
#5800=LINE('',#15647,#6657);
#5801=LINE('',#15662,#6658);
#5802=LINE('',#15664,#6659);
#5803=LINE('',#15666,#6660);
#5804=LINE('',#15668,#6661);
#5805=LINE('',#15670,#6662);
#5806=LINE('',#15672,#6663);
#5807=LINE('',#15674,#6664);
#5808=LINE('',#15676,#6665);
#5809=LINE('',#15678,#6666);
#5810=LINE('',#15680,#6667);
#5811=LINE('',#15682,#6668);
#5812=LINE('',#15684,#6669);
#5813=LINE('',#15686,#6670);
#5814=LINE('',#15688,#6671);
#5815=LINE('',#15690,#6672);
#5816=LINE('',#15692,#6673);
#5817=LINE('',#15694,#6674);
#5818=LINE('',#15696,#6675);
#5819=LINE('',#15698,#6676);
#5820=LINE('',#15700,#6677);
#5821=LINE('',#15702,#6678);
#5822=LINE('',#15704,#6679);
#5823=LINE('',#15706,#6680);
#5824=LINE('',#15708,#6681);
#5825=LINE('',#15710,#6682);
#5826=LINE('',#15712,#6683);
#5827=LINE('',#15714,#6684);
#5828=LINE('',#15716,#6685);
#5829=LINE('',#15718,#6686);
#5830=LINE('',#15720,#6687);
#5831=LINE('',#15722,#6688);
#5832=LINE('',#15724,#6689);
#5833=LINE('',#15726,#6690);
#5834=LINE('',#15728,#6691);
#5835=LINE('',#15730,#6692);
#5836=LINE('',#15732,#6693);
#5837=LINE('',#15734,#6694);
#5838=LINE('',#15736,#6695);
#5839=LINE('',#15738,#6696);
#5840=LINE('',#15740,#6697);
#5841=LINE('',#15742,#6698);
#5842=LINE('',#15744,#6699);
#5843=LINE('',#15746,#6700);
#5844=LINE('',#15748,#6701);
#5845=LINE('',#15751,#6702);
#5846=LINE('',#15753,#6703);
#5847=LINE('',#15755,#6704);
#5848=LINE('',#15757,#6705);
#5849=LINE('',#15759,#6706);
#5850=LINE('',#15768,#6707);
#5851=LINE('',#15781,#6708);
#5852=LINE('',#15794,#6709);
#5853=LINE('',#15807,#6710);
#5854=LINE('',#15820,#6711);
#5855=LINE('',#15833,#6712);
#5856=LINE('',#15846,#6713);
#5857=LINE('',#15859,#6714);
#5858=LINE('',#15872,#6715);
#5859=LINE('',#15885,#6716);
#5860=LINE('',#15891,#6717);
#5861=LINE('',#15902,#6718);
#5862=LINE('',#15908,#6719);
#5863=LINE('',#15910,#6720);
#5864=LINE('',#15912,#6721);
#5865=LINE('',#15914,#6722);
#5866=LINE('',#15916,#6723);
#5867=LINE('',#15918,#6724);
#5868=LINE('',#15927,#6725);
#5869=LINE('',#15940,#6726);
#5870=LINE('',#15953,#6727);
#5871=LINE('',#15966,#6728);
#5872=LINE('',#15979,#6729);
#5873=LINE('',#15992,#6730);
#5874=LINE('',#16005,#6731);
#5875=LINE('',#16018,#6732);
#5876=LINE('',#16031,#6733);
#5877=LINE('',#16044,#6734);
#5878=LINE('',#16050,#6735);
#5879=LINE('',#16061,#6736);
#5880=LINE('',#16067,#6737);
#5881=LINE('',#16070,#6738);
#5882=LINE('',#16073,#6739);
#5883=LINE('',#16075,#6740);
#5884=LINE('',#16077,#6741);
#5885=LINE('',#16079,#6742);
#5886=LINE('',#16081,#6743);
#5887=LINE('',#16083,#6744);
#5888=LINE('',#16085,#6745);
#5889=LINE('',#16087,#6746);
#5890=LINE('',#16089,#6747);
#5891=LINE('',#16102,#6748);
#5892=LINE('',#16119,#6749);
#5893=LINE('',#16136,#6750);
#5894=LINE('',#16149,#6751);
#5895=LINE('',#16155,#6752);
#5896=LINE('',#16157,#6753);
#5897=LINE('',#16159,#6754);
#5898=LINE('',#16161,#6755);
#5899=LINE('',#16163,#6756);
#5900=LINE('',#16165,#6757);
#5901=LINE('',#16167,#6758);
#5902=LINE('',#16169,#6759);
#5903=LINE('',#16171,#6760);
#5904=LINE('',#16173,#6761);
#5905=LINE('',#16175,#6762);
#5906=LINE('',#16177,#6763);
#5907=LINE('',#16179,#6764);
#5908=LINE('',#16181,#6765);
#5909=LINE('',#16183,#6766);
#5910=LINE('',#16185,#6767);
#5911=LINE('',#16187,#6768);
#5912=LINE('',#16189,#6769);
#5913=LINE('',#16191,#6770);
#5914=LINE('',#16193,#6771);
#5915=LINE('',#16195,#6772);
#5916=LINE('',#16197,#6773);
#5917=LINE('',#16199,#6774);
#5918=LINE('',#16208,#6775);
#5919=LINE('',#16221,#6776);
#5920=LINE('',#16253,#6777);
#5921=LINE('',#16255,#6778);
#5922=LINE('',#16257,#6779);
#5923=LINE('',#16259,#6780);
#5924=LINE('',#16261,#6781);
#5925=LINE('',#16263,#6782);
#5926=LINE('',#16265,#6783);
#5927=LINE('',#16267,#6784);
#5928=LINE('',#16269,#6785);
#5929=LINE('',#16271,#6786);
#5930=LINE('',#16273,#6787);
#5931=LINE('',#16275,#6788);
#5932=LINE('',#16277,#6789);
#5933=LINE('',#16279,#6790);
#5934=LINE('',#16281,#6791);
#5935=LINE('',#16283,#6792);
#5936=LINE('',#16285,#6793);
#5937=LINE('',#16287,#6794);
#5938=LINE('',#16289,#6795);
#5939=LINE('',#16291,#6796);
#5940=LINE('',#16293,#6797);
#5941=LINE('',#16295,#6798);
#5942=LINE('',#16297,#6799);
#5943=LINE('',#16299,#6800);
#5944=LINE('',#16301,#6801);
#5945=LINE('',#16303,#6802);
#5946=LINE('',#16305,#6803);
#5947=LINE('',#16307,#6804);
#5948=LINE('',#16309,#6805);
#5949=LINE('',#16311,#6806);
#5950=LINE('',#16313,#6807);
#5951=LINE('',#16315,#6808);
#5952=LINE('',#16317,#6809);
#5953=LINE('',#16319,#6810);
#5954=LINE('',#16321,#6811);
#5955=LINE('',#16323,#6812);
#5956=LINE('',#16325,#6813);
#5957=LINE('',#16327,#6814);
#5958=LINE('',#16329,#6815);
#5959=LINE('',#16331,#6816);
#5960=LINE('',#16333,#6817);
#5961=LINE('',#16335,#6818);
#5962=LINE('',#16337,#6819);
#5963=LINE('',#16339,#6820);
#5964=LINE('',#16341,#6821);
#5965=LINE('',#16343,#6822);
#5966=LINE('',#16345,#6823);
#5967=LINE('',#16347,#6824);
#5968=LINE('',#16349,#6825);
#5969=LINE('',#16351,#6826);
#5970=LINE('',#16353,#6827);
#5971=LINE('',#16355,#6828);
#5972=LINE('',#16357,#6829);
#5973=LINE('',#16359,#6830);
#5974=LINE('',#16361,#6831);
#5975=LINE('',#16363,#6832);
#5976=LINE('',#16365,#6833);
#5977=LINE('',#16367,#6834);
#5978=VECTOR('',#10324,1.);
#5979=VECTOR('',#10325,1.);
#5980=VECTOR('',#10326,1.);
#5981=VECTOR('',#10329,1.);
#5982=VECTOR('',#10330,1.);
#5983=VECTOR('',#10331,1.);
#5984=VECTOR('',#10334,1.);
#5985=VECTOR('',#10335,1.);
#5986=VECTOR('',#10336,1.);
#5987=VECTOR('',#10337,1.);
#5988=VECTOR('',#10338,1.);
#5989=VECTOR('',#10339,1.);
#5990=VECTOR('',#10340,1.);
#5991=VECTOR('',#10341,1.);
#5992=VECTOR('',#10342,1.);
#5993=VECTOR('',#10343,1.);
#5994=VECTOR('',#10344,1.);
#5995=VECTOR('',#10345,1.);
#5996=VECTOR('',#10346,1.);
#5997=VECTOR('',#10347,1.);
#5998=VECTOR('',#10348,1.);
#5999=VECTOR('',#10349,1.);
#6000=VECTOR('',#10350,1.);
#6001=VECTOR('',#10351,1.);
#6002=VECTOR('',#10352,1.);
#6003=VECTOR('',#10353,1.);
#6004=VECTOR('',#10354,1.);
#6005=VECTOR('',#10355,1.);
#6006=VECTOR('',#10356,1.);
#6007=VECTOR('',#10357,1.);
#6008=VECTOR('',#10358,1.);
#6009=VECTOR('',#10359,1.);
#6010=VECTOR('',#10360,1.);
#6011=VECTOR('',#10363,1.);
#6012=VECTOR('',#10364,1.);
#6013=VECTOR('',#10365,1.);
#6014=VECTOR('',#10366,1.);
#6015=VECTOR('',#10367,1.);
#6016=VECTOR('',#10368,1.);
#6017=VECTOR('',#10371,1.);
#6018=VECTOR('',#10372,1.);
#6019=VECTOR('',#10373,1.);
#6020=VECTOR('',#10374,1.);
#6021=VECTOR('',#10375,1.);
#6022=VECTOR('',#10376,1.);
#6023=VECTOR('',#10377,1.);
#6024=VECTOR('',#10378,1.);
#6025=VECTOR('',#10379,1.);
#6026=VECTOR('',#10380,1.);
#6027=VECTOR('',#10381,1.);
#6028=VECTOR('',#10382,1.);
#6029=VECTOR('',#10383,1.);
#6030=VECTOR('',#10384,1.);
#6031=VECTOR('',#10385,1.);
#6032=VECTOR('',#10386,1.);
#6033=VECTOR('',#10387,1.);
#6034=VECTOR('',#10388,1.);
#6035=VECTOR('',#10389,1.);
#6036=VECTOR('',#10390,1.);
#6037=VECTOR('',#10391,1.);
#6038=VECTOR('',#10392,1.);
#6039=VECTOR('',#10393,1.);
#6040=VECTOR('',#10394,1.);
#6041=VECTOR('',#10395,1.);
#6042=VECTOR('',#10396,1.);
#6043=VECTOR('',#10397,1.);
#6044=VECTOR('',#10398,1.);
#6045=VECTOR('',#10399,1.);
#6046=VECTOR('',#10400,1.);
#6047=VECTOR('',#10401,1.);
#6048=VECTOR('',#10402,1.);
#6049=VECTOR('',#10403,1.);
#6050=VECTOR('',#10404,1.);
#6051=VECTOR('',#10405,1.);
#6052=VECTOR('',#10406,1.);
#6053=VECTOR('',#10407,1.);
#6054=VECTOR('',#10408,1.);
#6055=VECTOR('',#10409,1.);
#6056=VECTOR('',#10410,1.);
#6057=VECTOR('',#10411,1.);
#6058=VECTOR('',#10414,1.);
#6059=VECTOR('',#10415,1.);
#6060=VECTOR('',#10416,1.);
#6061=VECTOR('',#10417,1.);
#6062=VECTOR('',#10418,1.);
#6063=VECTOR('',#10419,1.);
#6064=VECTOR('',#10420,1.);
#6065=VECTOR('',#10421,1.);
#6066=VECTOR('',#10422,1.);
#6067=VECTOR('',#10423,1.);
#6068=VECTOR('',#10424,1.);
#6069=VECTOR('',#10425,1.);
#6070=VECTOR('',#10426,1.);
#6071=VECTOR('',#10427,1.);
#6072=VECTOR('',#10428,1.);
#6073=VECTOR('',#10429,1.);
#6074=VECTOR('',#10430,1.);
#6075=VECTOR('',#10431,1.);
#6076=VECTOR('',#10432,1.);
#6077=VECTOR('',#10433,1.);
#6078=VECTOR('',#10434,1.);
#6079=VECTOR('',#10435,1.);
#6080=VECTOR('',#10436,1.);
#6081=VECTOR('',#10437,1.);
#6082=VECTOR('',#10438,1.);
#6083=VECTOR('',#10439,1.);
#6084=VECTOR('',#10440,1.);
#6085=VECTOR('',#10441,1.);
#6086=VECTOR('',#10442,1.);
#6087=VECTOR('',#10443,1.);
#6088=VECTOR('',#10444,1.);
#6089=VECTOR('',#10445,1.);
#6090=VECTOR('',#10446,1.);
#6091=VECTOR('',#10447,1.);
#6092=VECTOR('',#10448,1.);
#6093=VECTOR('',#10453,1.);
#6094=VECTOR('',#10458,1.);
#6095=VECTOR('',#10459,1.);
#6096=VECTOR('',#10460,1.);
#6097=VECTOR('',#10461,1.);
#6098=VECTOR('',#10462,1.);
#6099=VECTOR('',#10463,1.);
#6100=VECTOR('',#10464,1.);
#6101=VECTOR('',#10465,1.);
#6102=VECTOR('',#10466,1.);
#6103=VECTOR('',#10467,1.);
#6104=VECTOR('',#10474,1.);
#6105=VECTOR('',#10475,1.);
#6106=VECTOR('',#10480,1.);
#6107=VECTOR('',#10481,1.);
#6108=VECTOR('',#10482,1.);
#6109=VECTOR('',#10483,1.);
#6110=VECTOR('',#10484,1.);
#6111=VECTOR('',#10485,1.);
#6112=VECTOR('',#10486,1.);
#6113=VECTOR('',#10487,1.);
#6114=VECTOR('',#10488,1.);
#6115=VECTOR('',#10489,1.);
#6116=VECTOR('',#10490,1.);
#6117=VECTOR('',#10491,1.);
#6118=VECTOR('',#10492,1.);
#6119=VECTOR('',#10493,1.);
#6120=VECTOR('',#10494,1.);
#6121=VECTOR('',#10495,1.);
#6122=VECTOR('',#10496,1.);
#6123=VECTOR('',#10509,1.);
#6124=VECTOR('',#10510,1.);
#6125=VECTOR('',#10511,1.);
#6126=VECTOR('',#10520,1.);
#6127=VECTOR('',#10521,1.);
#6128=VECTOR('',#10522,1.);
#6129=VECTOR('',#10523,1.);
#6130=VECTOR('',#10528,1.);
#6131=VECTOR('',#10529,1.);
#6132=VECTOR('',#10532,1.);
#6133=VECTOR('',#10533,1.);
#6134=VECTOR('',#10534,1.);
#6135=VECTOR('',#10535,1.);
#6136=VECTOR('',#10536,1.);
#6137=VECTOR('',#10537,1.);
#6138=VECTOR('',#10538,1.);
#6139=VECTOR('',#10539,1.);
#6140=VECTOR('',#10542,1.);
#6141=VECTOR('',#10543,1.);
#6142=VECTOR('',#10544,1.);
#6143=VECTOR('',#10545,1.);
#6144=VECTOR('',#10546,1.);
#6145=VECTOR('',#10551,1.);
#6146=VECTOR('',#10554,1.);
#6147=VECTOR('',#10557,1.);
#6148=VECTOR('',#10558,1.);
#6149=VECTOR('',#10559,1.);
#6150=VECTOR('',#10562,1.);
#6151=VECTOR('',#10563,1.);
#6152=VECTOR('',#10566,1.);
#6153=VECTOR('',#10567,1.);
#6154=VECTOR('',#10570,1.);
#6155=VECTOR('',#10571,1.);
#6156=VECTOR('',#10574,1.);
#6157=VECTOR('',#10575,1.);
#6158=VECTOR('',#10576,1.);
#6159=VECTOR('',#10579,1.);
#6160=VECTOR('',#10580,1.);
#6161=VECTOR('',#10581,1.);
#6162=VECTOR('',#10584,1.);
#6163=VECTOR('',#10585,1.);
#6164=VECTOR('',#10586,1.);
#6165=VECTOR('',#10589,1.);
#6166=VECTOR('',#10590,1.);
#6167=VECTOR('',#10593,1.);
#6168=VECTOR('',#10594,1.);
#6169=VECTOR('',#10597,1.);
#6170=VECTOR('',#10598,1.);
#6171=VECTOR('',#10609,1.);
#6172=VECTOR('',#10610,1.);
#6173=VECTOR('',#10613,1.);
#6174=VECTOR('',#10614,1.);
#6175=VECTOR('',#10617,1.);
#6176=VECTOR('',#10618,1.);
#6177=VECTOR('',#10621,1.);
#6178=VECTOR('',#10622,1.);
#6179=VECTOR('',#10625,1.);
#6180=VECTOR('',#10626,1.);
#6181=VECTOR('',#10629,1.);
#6182=VECTOR('',#10630,1.);
#6183=VECTOR('',#10633,1.);
#6184=VECTOR('',#10636,1.);
#6185=VECTOR('',#10639,1.);
#6186=VECTOR('',#10640,1.);
#6187=VECTOR('',#10641,1.);
#6188=VECTOR('',#10642,1.);
#6189=VECTOR('',#10643,1.);
#6190=VECTOR('',#10644,1.);
#6191=VECTOR('',#10655,1.);
#6192=VECTOR('',#10656,1.);
#6193=VECTOR('',#10657,1.);
#6194=VECTOR('',#10660,1.);
#6195=VECTOR('',#10665,1.);
#6196=VECTOR('',#10668,1.);
#6197=VECTOR('',#10699,1.);
#6198=VECTOR('',#10700,1.);
#6199=VECTOR('',#10701,1.);
#6200=VECTOR('',#10704,1.);
#6201=VECTOR('',#10705,1.);
#6202=VECTOR('',#10708,1.);
#6203=VECTOR('',#10709,1.);
#6204=VECTOR('',#10710,1.);
#6205=VECTOR('',#10711,1.);
#6206=VECTOR('',#10716,1.);
#6207=VECTOR('',#10719,1.);
#6208=VECTOR('',#10720,1.);
#6209=VECTOR('',#10721,1.);
#6210=VECTOR('',#10724,1.);
#6211=VECTOR('',#10725,1.);
#6212=VECTOR('',#10728,1.);
#6213=VECTOR('',#10731,1.);
#6214=VECTOR('',#10738,1.);
#6215=VECTOR('',#10745,1.);
#6216=VECTOR('',#10748,1.);
#6217=VECTOR('',#10757,1.);
#6218=VECTOR('',#10758,1.);
#6219=VECTOR('',#10763,1.);
#6220=VECTOR('',#10764,1.);
#6221=VECTOR('',#10767,1.);
#6222=VECTOR('',#10768,1.);
#6223=VECTOR('',#10769,1.);
#6224=VECTOR('',#10770,1.);
#6225=VECTOR('',#10771,1.);
#6226=VECTOR('',#10774,1.);
#6227=VECTOR('',#10775,1.);
#6228=VECTOR('',#10778,1.);
#6229=VECTOR('',#10779,1.);
#6230=VECTOR('',#10780,1.);
#6231=VECTOR('',#10783,1.);
#6232=VECTOR('',#10784,1.);
#6233=VECTOR('',#10785,1.);
#6234=VECTOR('',#10786,1.);
#6235=VECTOR('',#10791,1.);
#6236=VECTOR('',#10792,1.);
#6237=VECTOR('',#10797,1.);
#6238=VECTOR('',#10798,1.);
#6239=VECTOR('',#10799,1.);
#6240=VECTOR('',#10804,1.);
#6241=VECTOR('',#10805,1.);
#6242=VECTOR('',#10806,1.);
#6243=VECTOR('',#10811,1.);
#6244=VECTOR('',#10814,1.);
#6245=VECTOR('',#10815,1.);
#6246=VECTOR('',#10816,1.);
#6247=VECTOR('',#10819,1.);
#6248=VECTOR('',#10822,1.);
#6249=VECTOR('',#10825,1.);
#6250=VECTOR('',#10826,1.);
#6251=VECTOR('',#10827,1.);
#6252=VECTOR('',#10834,1.);
#6253=VECTOR('',#10837,1.);
#6254=VECTOR('',#10838,1.);
#6255=VECTOR('',#10839,1.);
#6256=VECTOR('',#10840,1.);
#6257=VECTOR('',#10841,1.);
#6258=VECTOR('',#10842,1.);
#6259=VECTOR('',#10843,1.);
#6260=VECTOR('',#10844,1.);
#6261=VECTOR('',#10845,1.);
#6262=VECTOR('',#10846,1.);
#6263=VECTOR('',#10847,1.);
#6264=VECTOR('',#10848,1.);
#6265=VECTOR('',#10849,1.);
#6266=VECTOR('',#10850,1.);
#6267=VECTOR('',#10851,1.);
#6268=VECTOR('',#10852,1.);
#6269=VECTOR('',#10853,1.);
#6270=VECTOR('',#10854,1.);
#6271=VECTOR('',#10855,1.);
#6272=VECTOR('',#10856,1.);
#6273=VECTOR('',#10857,1.);
#6274=VECTOR('',#10858,1.);
#6275=VECTOR('',#10859,1.);
#6276=VECTOR('',#10860,1.);
#6277=VECTOR('',#10861,1.);
#6278=VECTOR('',#10862,1.);
#6279=VECTOR('',#10863,1.);
#6280=VECTOR('',#10898,1.);
#6281=VECTOR('',#10899,1.);
#6282=VECTOR('',#10902,1.);
#6283=VECTOR('',#10903,1.);
#6284=VECTOR('',#10906,1.);
#6285=VECTOR('',#10909,1.);
#6286=VECTOR('',#10910,1.);
#6287=VECTOR('',#10911,1.);
#6288=VECTOR('',#10912,1.);
#6289=VECTOR('',#10915,1.);
#6290=VECTOR('',#10916,1.);
#6291=VECTOR('',#10917,1.);
#6292=VECTOR('',#10920,1.);
#6293=VECTOR('',#10921,1.);
#6294=VECTOR('',#10924,1.);
#6295=VECTOR('',#10925,1.);
#6296=VECTOR('',#10928,1.);
#6297=VECTOR('',#10931,1.);
#6298=VECTOR('',#10932,1.);
#6299=VECTOR('',#10933,1.);
#6300=VECTOR('',#10936,1.);
#6301=VECTOR('',#10937,1.);
#6302=VECTOR('',#10946,1.);
#6303=VECTOR('',#10947,1.);
#6304=VECTOR('',#10948,1.);
#6305=VECTOR('',#10949,1.);
#6306=VECTOR('',#10952,1.);
#6307=VECTOR('',#10953,1.);
#6308=VECTOR('',#10954,1.);
#6309=VECTOR('',#10957,1.);
#6310=VECTOR('',#10958,1.);
#6311=VECTOR('',#10961,1.);
#6312=VECTOR('',#10962,1.);
#6313=VECTOR('',#10965,1.);
#6314=VECTOR('',#10966,1.);
#6315=VECTOR('',#10967,1.);
#6316=VECTOR('',#10968,1.);
#6317=VECTOR('',#10971,1.);
#6318=VECTOR('',#10972,1.);
#6319=VECTOR('',#10973,1.);
#6320=VECTOR('',#10976,1.);
#6321=VECTOR('',#10977,1.);
#6322=VECTOR('',#10980,1.);
#6323=VECTOR('',#10981,1.);
#6324=VECTOR('',#10984,1.);
#6325=VECTOR('',#11035,1.);
#6326=VECTOR('',#11036,1.);
#6327=VECTOR('',#11037,1.);
#6328=VECTOR('',#11038,1.);
#6329=VECTOR('',#11039,1.);
#6330=VECTOR('',#11040,1.);
#6331=VECTOR('',#11041,1.);
#6332=VECTOR('',#11042,1.);
#6333=VECTOR('',#11043,1.);
#6334=VECTOR('',#11044,1.);
#6335=VECTOR('',#11045,1.);
#6336=VECTOR('',#11046,1.);
#6337=VECTOR('',#11047,1.);
#6338=VECTOR('',#11048,1.);
#6339=VECTOR('',#11049,1.);
#6340=VECTOR('',#11050,1.);
#6341=VECTOR('',#11051,1.);
#6342=VECTOR('',#11052,1.);
#6343=VECTOR('',#11053,1.);
#6344=VECTOR('',#11054,1.);
#6345=VECTOR('',#11055,1.);
#6346=VECTOR('',#11056,1.);
#6347=VECTOR('',#11059,1.);
#6348=VECTOR('',#11060,1.);
#6349=VECTOR('',#11061,1.);
#6350=VECTOR('',#11062,1.);
#6351=VECTOR('',#11065,1.);
#6352=VECTOR('',#11066,1.);
#6353=VECTOR('',#11069,1.);
#6354=VECTOR('',#11070,1.);
#6355=VECTOR('',#11073,1.);
#6356=VECTOR('',#11074,1.);
#6357=VECTOR('',#11077,1.);
#6358=VECTOR('',#11078,1.);
#6359=VECTOR('',#11081,1.);
#6360=VECTOR('',#11082,1.);
#6361=VECTOR('',#11085,1.);
#6362=VECTOR('',#11086,1.);
#6363=VECTOR('',#11089,1.);
#6364=VECTOR('',#11090,1.);
#6365=VECTOR('',#11091,1.);
#6366=VECTOR('',#11094,1.);
#6367=VECTOR('',#11095,1.);
#6368=VECTOR('',#11098,1.);
#6369=VECTOR('',#11099,1.);
#6370=VECTOR('',#11100,1.);
#6371=VECTOR('',#11101,1.);
#6372=VECTOR('',#11102,1.);
#6373=VECTOR('',#11103,1.);
#6374=VECTOR('',#11106,1.);
#6375=VECTOR('',#11107,1.);
#6376=VECTOR('',#11110,1.);
#6377=VECTOR('',#11113,1.);
#6378=VECTOR('',#11114,1.);
#6379=VECTOR('',#11115,1.);
#6380=VECTOR('',#11116,1.);
#6381=VECTOR('',#11117,1.);
#6382=VECTOR('',#11118,1.);
#6383=VECTOR('',#11121,1.);
#6384=VECTOR('',#11122,1.);
#6385=VECTOR('',#11125,1.);
#6386=VECTOR('',#11128,1.);
#6387=VECTOR('',#11129,1.);
#6388=VECTOR('',#11130,1.);
#6389=VECTOR('',#11131,1.);
#6390=VECTOR('',#11134,1.);
#6391=VECTOR('',#11137,1.);
#6392=VECTOR('',#11138,1.);
#6393=VECTOR('',#11139,1.);
#6394=VECTOR('',#11140,1.);
#6395=VECTOR('',#11141,1.);
#6396=VECTOR('',#11142,1.);
#6397=VECTOR('',#11145,1.);
#6398=VECTOR('',#11146,1.);
#6399=VECTOR('',#11149,1.);
#6400=VECTOR('',#11152,1.);
#6401=VECTOR('',#11155,1.);
#6402=VECTOR('',#11158,1.);
#6403=VECTOR('',#11161,1.);
#6404=VECTOR('',#11164,1.);
#6405=VECTOR('',#11165,1.);
#6406=VECTOR('',#11166,1.);
#6407=VECTOR('',#11167,1.);
#6408=VECTOR('',#11168,1.);
#6409=VECTOR('',#11173,1.);
#6410=VECTOR('',#11178,1.);
#6411=VECTOR('',#11183,1.);
#6412=VECTOR('',#11188,1.);
#6413=VECTOR('',#11193,1.);
#6414=VECTOR('',#11196,1.);
#6415=VECTOR('',#11203,1.);
#6416=VECTOR('',#11204,1.);
#6417=VECTOR('',#11211,1.);
#6418=VECTOR('',#11214,1.);
#6419=VECTOR('',#11227,1.);
#6420=VECTOR('',#11228,1.);
#6421=VECTOR('',#11229,1.);
#6422=VECTOR('',#11232,1.);
#6423=VECTOR('',#11233,1.);
#6424=VECTOR('',#11236,1.);
#6425=VECTOR('',#11237,1.);
#6426=VECTOR('',#11240,1.);
#6427=VECTOR('',#11241,1.);
#6428=VECTOR('',#11244,1.);
#6429=VECTOR('',#11245,1.);
#6430=VECTOR('',#11248,1.);
#6431=VECTOR('',#11249,1.);
#6432=VECTOR('',#11252,1.);
#6433=VECTOR('',#11253,1.);
#6434=VECTOR('',#11256,1.);
#6435=VECTOR('',#11257,1.);
#6436=VECTOR('',#11260,1.);
#6437=VECTOR('',#11261,1.);
#6438=VECTOR('',#11264,1.);
#6439=VECTOR('',#11265,1.);
#6440=VECTOR('',#11268,1.);
#6441=VECTOR('',#11269,1.);
#6442=VECTOR('',#11272,1.);
#6443=VECTOR('',#11273,1.);
#6444=VECTOR('',#11276,1.);
#6445=VECTOR('',#11277,1.);
#6446=VECTOR('',#11280,1.);
#6447=VECTOR('',#11281,1.);
#6448=VECTOR('',#11284,1.);
#6449=VECTOR('',#11285,1.);
#6450=VECTOR('',#11288,1.);
#6451=VECTOR('',#11289,1.);
#6452=VECTOR('',#11292,1.);
#6453=VECTOR('',#11293,1.);
#6454=VECTOR('',#11296,1.);
#6455=VECTOR('',#11297,1.);
#6456=VECTOR('',#11300,1.);
#6457=VECTOR('',#11301,1.);
#6458=VECTOR('',#11304,1.);
#6459=VECTOR('',#11305,1.);
#6460=VECTOR('',#11308,1.);
#6461=VECTOR('',#11309,1.);
#6462=VECTOR('',#11312,1.);
#6463=VECTOR('',#11313,1.);
#6464=VECTOR('',#11316,1.);
#6465=VECTOR('',#11317,1.);
#6466=VECTOR('',#11320,1.);
#6467=VECTOR('',#11321,1.);
#6468=VECTOR('',#11324,1.);
#6469=VECTOR('',#11325,1.);
#6470=VECTOR('',#11328,1.);
#6471=VECTOR('',#11329,1.);
#6472=VECTOR('',#11332,1.);
#6473=VECTOR('',#11335,1.);
#6474=VECTOR('',#11336,1.);
#6475=VECTOR('',#11339,1.);
#6476=VECTOR('',#11340,1.);
#6477=VECTOR('',#11341,1.);
#6478=VECTOR('',#11342,1.);
#6479=VECTOR('',#11343,1.);
#6480=VECTOR('',#11348,1.);
#6481=VECTOR('',#11355,1.);
#6482=VECTOR('',#11360,1.);
#6483=VECTOR('',#11361,1.);
#6484=VECTOR('',#11362,1.);
#6485=VECTOR('',#11367,1.);
#6486=VECTOR('',#11374,1.);
#6487=VECTOR('',#11379,1.);
#6488=VECTOR('',#11380,1.);
#6489=VECTOR('',#11381,1.);
#6490=VECTOR('',#11384,1.);
#6491=VECTOR('',#11385,1.);
#6492=VECTOR('',#11388,1.);
#6493=VECTOR('',#11389,1.);
#6494=VECTOR('',#11392,1.);
#6495=VECTOR('',#11393,1.);
#6496=VECTOR('',#11396,1.);
#6497=VECTOR('',#11397,1.);
#6498=VECTOR('',#11400,1.);
#6499=VECTOR('',#11401,1.);
#6500=VECTOR('',#11404,1.);
#6501=VECTOR('',#11405,1.);
#6502=VECTOR('',#11408,1.);
#6503=VECTOR('',#11409,1.);
#6504=VECTOR('',#11412,1.);
#6505=VECTOR('',#11413,1.);
#6506=VECTOR('',#11416,1.);
#6507=VECTOR('',#11421,1.);
#6508=VECTOR('',#11424,1.);
#6509=VECTOR('',#11425,1.);
#6510=VECTOR('',#11428,1.);
#6511=VECTOR('',#11429,1.);
#6512=VECTOR('',#11430,1.);
#6513=VECTOR('',#11431,1.);
#6514=VECTOR('',#11434,1.);
#6515=VECTOR('',#11439,1.);
#6516=VECTOR('',#11444,1.);
#6517=VECTOR('',#11445,1.);
#6518=VECTOR('',#11448,1.);
#6519=VECTOR('',#11453,1.);
#6520=VECTOR('',#11454,1.);
#6521=VECTOR('',#11455,1.);
#6522=VECTOR('',#11458,1.);
#6523=VECTOR('',#11459,1.);
#6524=VECTOR('',#11462,1.);
#6525=VECTOR('',#11463,1.);
#6526=VECTOR('',#11466,1.);
#6527=VECTOR('',#11467,1.);
#6528=VECTOR('',#11470,1.);
#6529=VECTOR('',#11471,1.);
#6530=VECTOR('',#11474,1.);
#6531=VECTOR('',#11475,1.);
#6532=VECTOR('',#11478,1.);
#6533=VECTOR('',#11479,1.);
#6534=VECTOR('',#11482,1.);
#6535=VECTOR('',#11483,1.);
#6536=VECTOR('',#11486,1.);
#6537=VECTOR('',#11487,1.);
#6538=VECTOR('',#11490,1.);
#6539=VECTOR('',#11491,1.);
#6540=VECTOR('',#11494,1.);
#6541=VECTOR('',#11495,1.);
#6542=VECTOR('',#11498,1.);
#6543=VECTOR('',#11499,1.);
#6544=VECTOR('',#11502,1.);
#6545=VECTOR('',#11503,1.);
#6546=VECTOR('',#11506,1.);
#6547=VECTOR('',#11507,1.);
#6548=VECTOR('',#11510,1.);
#6549=VECTOR('',#11511,1.);
#6550=VECTOR('',#11514,1.);
#6551=VECTOR('',#11515,1.);
#6552=VECTOR('',#11518,1.);
#6553=VECTOR('',#11521,1.);
#6554=VECTOR('',#11524,1.);
#6555=VECTOR('',#11529,1.);
#6556=VECTOR('',#11530,1.);
#6557=VECTOR('',#11533,1.);
#6558=VECTOR('',#11534,1.);
#6559=VECTOR('',#11537,1.);
#6560=VECTOR('',#11542,1.);
#6561=VECTOR('',#11545,1.);
#6562=VECTOR('',#11548,1.);
#6563=VECTOR('',#11553,1.);
#6564=VECTOR('',#11558,1.);
#6565=VECTOR('',#11559,1.);
#6566=VECTOR('',#11560,1.);
#6567=VECTOR('',#11563,1.);
#6568=VECTOR('',#11564,1.);
#6569=VECTOR('',#11565,1.);
#6570=VECTOR('',#11568,1.);
#6571=VECTOR('',#11571,1.);
#6572=VECTOR('',#11572,1.);
#6573=VECTOR('',#11573,1.);
#6574=VECTOR('',#11574,1.);
#6575=VECTOR('',#11575,1.);
#6576=VECTOR('',#11576,1.);
#6577=VECTOR('',#11579,1.);
#6578=VECTOR('',#11582,1.);
#6579=VECTOR('',#11585,1.);
#6580=VECTOR('',#11590,1.);
#6581=VECTOR('',#11595,1.);
#6582=VECTOR('',#11596,1.);
#6583=VECTOR('',#11599,1.);
#6584=VECTOR('',#11600,1.);
#6585=VECTOR('',#11603,1.);
#6586=VECTOR('',#11604,1.);
#6587=VECTOR('',#11607,1.);
#6588=VECTOR('',#11612,1.);
#6589=VECTOR('',#11615,1.);
#6590=VECTOR('',#11616,1.);
#6591=VECTOR('',#11617,1.);
#6592=VECTOR('',#11618,1.);
#6593=VECTOR('',#11619,1.);
#6594=VECTOR('',#11622,1.);
#6595=VECTOR('',#11627,1.);
#6596=VECTOR('',#11630,1.);
#6597=VECTOR('',#11633,1.);
#6598=VECTOR('',#11638,1.);
#6599=VECTOR('',#11643,1.);
#6600=VECTOR('',#11648,1.);
#6601=VECTOR('',#11649,1.);
#6602=VECTOR('',#11650,1.);
#6603=VECTOR('',#11653,1.);
#6604=VECTOR('',#11654,1.);
#6605=VECTOR('',#11657,1.);
#6606=VECTOR('',#11658,1.);
#6607=VECTOR('',#11661,1.);
#6608=VECTOR('',#11662,1.);
#6609=VECTOR('',#11665,1.);
#6610=VECTOR('',#11666,1.);
#6611=VECTOR('',#11669,1.);
#6612=VECTOR('',#11670,1.);
#6613=VECTOR('',#11673,1.);
#6614=VECTOR('',#11676,1.);
#6615=VECTOR('',#11677,1.);
#6616=VECTOR('',#11678,1.);
#6617=VECTOR('',#11679,1.);
#6618=VECTOR('',#11680,1.);
#6619=VECTOR('',#11681,1.);
#6620=VECTOR('',#11682,1.);
#6621=VECTOR('',#11685,1.);
#6622=VECTOR('',#11686,1.);
#6623=VECTOR('',#11689,1.);
#6624=VECTOR('',#11690,1.);
#6625=VECTOR('',#11691,1.);
#6626=VECTOR('',#11692,1.);
#6627=VECTOR('',#11693,1.);
#6628=VECTOR('',#11694,1.);
#6629=VECTOR('',#11695,1.);
#6630=VECTOR('',#11696,1.);
#6631=VECTOR('',#11699,1.);
#6632=VECTOR('',#11704,1.);
#6633=VECTOR('',#11709,1.);
#6634=VECTOR('',#11710,1.);
#6635=VECTOR('',#11713,1.);
#6636=VECTOR('',#11716,1.);
#6637=VECTOR('',#11717,1.);
#6638=VECTOR('',#11720,1.);
#6639=VECTOR('',#11721,1.);
#6640=VECTOR('',#11724,1.);
#6641=VECTOR('',#11725,1.);
#6642=VECTOR('',#11728,1.);
#6643=VECTOR('',#11729,1.);
#6644=VECTOR('',#11732,1.);
#6645=VECTOR('',#11733,1.);
#6646=VECTOR('',#11736,1.);
#6647=VECTOR('',#11737,1.);
#6648=VECTOR('',#11740,1.);
#6649=VECTOR('',#11741,1.);
#6650=VECTOR('',#11744,1.);
#6651=VECTOR('',#11747,1.);
#6652=VECTOR('',#11750,1.);
#6653=VECTOR('',#11751,1.);
#6654=VECTOR('',#11754,1.);
#6655=VECTOR('',#11755,1.);
#6656=VECTOR('',#11758,1.);
#6657=VECTOR('',#11759,1.);
#6658=VECTOR('',#11766,1.);
#6659=VECTOR('',#11767,1.);
#6660=VECTOR('',#11768,1.);
#6661=VECTOR('',#11771,1.);
#6662=VECTOR('',#11772,1.);
#6663=VECTOR('',#11775,1.);
#6664=VECTOR('',#11776,1.);
#6665=VECTOR('',#11779,1.);
#6666=VECTOR('',#11780,1.);
#6667=VECTOR('',#11783,1.);
#6668=VECTOR('',#11784,1.);
#6669=VECTOR('',#11787,1.);
#6670=VECTOR('',#11788,1.);
#6671=VECTOR('',#11791,1.);
#6672=VECTOR('',#11792,1.);
#6673=VECTOR('',#11795,1.);
#6674=VECTOR('',#11796,1.);
#6675=VECTOR('',#11799,1.);
#6676=VECTOR('',#11800,1.);
#6677=VECTOR('',#11803,1.);
#6678=VECTOR('',#11804,1.);
#6679=VECTOR('',#11807,1.);
#6680=VECTOR('',#11808,1.);
#6681=VECTOR('',#11811,1.);
#6682=VECTOR('',#11812,1.);
#6683=VECTOR('',#11815,1.);
#6684=VECTOR('',#11816,1.);
#6685=VECTOR('',#11819,1.);
#6686=VECTOR('',#11820,1.);
#6687=VECTOR('',#11823,1.);
#6688=VECTOR('',#11824,1.);
#6689=VECTOR('',#11827,1.);
#6690=VECTOR('',#11828,1.);
#6691=VECTOR('',#11831,1.);
#6692=VECTOR('',#11832,1.);
#6693=VECTOR('',#11835,1.);
#6694=VECTOR('',#11836,1.);
#6695=VECTOR('',#11839,1.);
#6696=VECTOR('',#11840,1.);
#6697=VECTOR('',#11843,1.);
#6698=VECTOR('',#11844,1.);
#6699=VECTOR('',#11847,1.);
#6700=VECTOR('',#11848,1.);
#6701=VECTOR('',#11851,1.);
#6702=VECTOR('',#11856,1.);
#6703=VECTOR('',#11857,1.);
#6704=VECTOR('',#11858,1.);
#6705=VECTOR('',#11861,1.);
#6706=VECTOR('',#11862,1.);
#6707=VECTOR('',#11863,1.);
#6708=VECTOR('',#11864,1.);
#6709=VECTOR('',#11865,1.);
#6710=VECTOR('',#11866,1.);
#6711=VECTOR('',#11867,1.);
#6712=VECTOR('',#11868,1.);
#6713=VECTOR('',#11869,1.);
#6714=VECTOR('',#11870,1.);
#6715=VECTOR('',#11871,1.);
#6716=VECTOR('',#11872,1.);
#6717=VECTOR('',#11875,1.);
#6718=VECTOR('',#11878,1.);
#6719=VECTOR('',#11881,1.);
#6720=VECTOR('',#11882,1.);
#6721=VECTOR('',#11885,1.);
#6722=VECTOR('',#11886,1.);
#6723=VECTOR('',#11889,1.);
#6724=VECTOR('',#11890,1.);
#6725=VECTOR('',#11891,1.);
#6726=VECTOR('',#11892,1.);
#6727=VECTOR('',#11893,1.);
#6728=VECTOR('',#11894,1.);
#6729=VECTOR('',#11895,1.);
#6730=VECTOR('',#11896,1.);
#6731=VECTOR('',#11897,1.);
#6732=VECTOR('',#11898,1.);
#6733=VECTOR('',#11899,1.);
#6734=VECTOR('',#11900,1.);
#6735=VECTOR('',#11903,1.);
#6736=VECTOR('',#11906,1.);
#6737=VECTOR('',#11909,1.);
#6738=VECTOR('',#11914,1.);
#6739=VECTOR('',#11915,1.);
#6740=VECTOR('',#11916,1.);
#6741=VECTOR('',#11917,1.);
#6742=VECTOR('',#11920,1.);
#6743=VECTOR('',#11921,1.);
#6744=VECTOR('',#11922,1.);
#6745=VECTOR('',#11925,1.);
#6746=VECTOR('',#11926,1.);
#6747=VECTOR('',#11927,1.);
#6748=VECTOR('',#11928,1.);
#6749=VECTOR('',#11929,1.);
#6750=VECTOR('',#11930,1.);
#6751=VECTOR('',#11931,1.);
#6752=VECTOR('',#11932,1.);
#6753=VECTOR('',#11935,1.);
#6754=VECTOR('',#11936,1.);
#6755=VECTOR('',#11939,1.);
#6756=VECTOR('',#11940,1.);
#6757=VECTOR('',#11943,1.);
#6758=VECTOR('',#11944,1.);
#6759=VECTOR('',#11947,1.);
#6760=VECTOR('',#11948,1.);
#6761=VECTOR('',#11951,1.);
#6762=VECTOR('',#11952,1.);
#6763=VECTOR('',#11955,1.);
#6764=VECTOR('',#11956,1.);
#6765=VECTOR('',#11959,1.);
#6766=VECTOR('',#11960,1.);
#6767=VECTOR('',#11963,1.);
#6768=VECTOR('',#11964,1.);
#6769=VECTOR('',#11967,1.);
#6770=VECTOR('',#11968,1.);
#6771=VECTOR('',#11971,1.);
#6772=VECTOR('',#11972,1.);
#6773=VECTOR('',#11975,1.);
#6774=VECTOR('',#11976,1.);
#6775=VECTOR('',#11977,1.);
#6776=VECTOR('',#11978,1.);
#6777=VECTOR('',#11983,1.);
#6778=VECTOR('',#11984,1.);
#6779=VECTOR('',#11985,1.);
#6780=VECTOR('',#11988,1.);
#6781=VECTOR('',#11989,1.);
#6782=VECTOR('',#11992,1.);
#6783=VECTOR('',#11993,1.);
#6784=VECTOR('',#11996,1.);
#6785=VECTOR('',#11997,1.);
#6786=VECTOR('',#12000,1.);
#6787=VECTOR('',#12001,1.);
#6788=VECTOR('',#12004,1.);
#6789=VECTOR('',#12005,1.);
#6790=VECTOR('',#12008,1.);
#6791=VECTOR('',#12009,1.);
#6792=VECTOR('',#12012,1.);
#6793=VECTOR('',#12013,1.);
#6794=VECTOR('',#12016,1.);
#6795=VECTOR('',#12017,1.);
#6796=VECTOR('',#12020,1.);
#6797=VECTOR('',#12021,1.);
#6798=VECTOR('',#12024,1.);
#6799=VECTOR('',#12025,1.);
#6800=VECTOR('',#12028,1.);
#6801=VECTOR('',#12029,1.);
#6802=VECTOR('',#12032,1.);
#6803=VECTOR('',#12033,1.);
#6804=VECTOR('',#12036,1.);
#6805=VECTOR('',#12037,1.);
#6806=VECTOR('',#12040,1.);
#6807=VECTOR('',#12041,1.);
#6808=VECTOR('',#12044,1.);
#6809=VECTOR('',#12045,1.);
#6810=VECTOR('',#12048,1.);
#6811=VECTOR('',#12049,1.);
#6812=VECTOR('',#12052,1.);
#6813=VECTOR('',#12053,1.);
#6814=VECTOR('',#12056,1.);
#6815=VECTOR('',#12057,1.);
#6816=VECTOR('',#12060,1.);
#6817=VECTOR('',#12061,1.);
#6818=VECTOR('',#12064,1.);
#6819=VECTOR('',#12065,1.);
#6820=VECTOR('',#12068,1.);
#6821=VECTOR('',#12069,1.);
#6822=VECTOR('',#12072,1.);
#6823=VECTOR('',#12073,1.);
#6824=VECTOR('',#12076,1.);
#6825=VECTOR('',#12077,1.);
#6826=VECTOR('',#12080,1.);
#6827=VECTOR('',#12081,1.);
#6828=VECTOR('',#12084,1.);
#6829=VECTOR('',#12085,1.);
#6830=VECTOR('',#12088,1.);
#6831=VECTOR('',#12089,1.);
#6832=VECTOR('',#12092,1.);
#6833=VECTOR('',#12093,1.);
#6834=VECTOR('',#12096,1.);
#6835=EDGE_LOOP('',(#571,#572,#573,#574,#575,#576,#577,#578,#579,#580,#581,
#582,#583,#584,#585,#586,#587,#588,#589,#590,#591,#592,#593,#594,#595,#596,
#597,#598,#599,#600));
#6836=EDGE_LOOP('',(#601,#602,#603,#604,#605,#606,#607,#608,#609,#610,#611,
#612,#613,#614,#615,#616,#617,#618,#619,#620,#621,#622));
#6837=EDGE_LOOP('',(#623,#624,#625,#626,#627,#628,#629,#630,#631,#632,#633,
#634,#635,#636,#637,#638,#639,#640,#641,#642,#643,#644,#645,#646,#647,#648,
#649,#650));
#6838=EDGE_LOOP('',(#651,#652,#653,#654,#655,#656,#657,#658));
#6839=EDGE_LOOP('',(#659,#660,#661,#662,#663,#664,#665,#666,#667,#668,#669,
#670,#671,#672,#673));
#6840=EDGE_LOOP('',(#674,#675,#676,#677,#678,#679,#680,#681,#682,#683,#684,
#685,#686,#687,#688,#689,#690,#691,#692,#693,#694,#695,#696,#697,#698,#699,
#700,#701,#702));
#6841=EDGE_LOOP('',(#703,#704,#705,#706,#707,#708,#709,#710,#711,#712,#713,
#714,#715,#716,#717,#718,#719,#720,#721,#722,#723,#724,#725,#726,#727,#728,
#729));
#6842=EDGE_LOOP('',(#730,#731,#732,#733));
#6843=EDGE_LOOP('',(#734,#735,#736,#737,#738,#739,#740,#741,#742,#743,#744,
#745,#746,#747,#748,#749,#750,#751,#752,#753));
#6844=EDGE_LOOP('',(#754,#755,#756,#757,#758,#759,#760,#761,#762,#763,#764,
#765,#766,#767,#768,#769,#770,#771,#772,#773,#774,#775,#776,#777,#778,#779));
#6845=EDGE_LOOP('',(#780,#781,#782,#783,#784,#785,#786,#787,#788,#789,#790,
#791,#792,#793,#794,#795,#796,#797,#798,#799,#800,#801,#802,#803,#804,#805,
#806,#807,#808,#809));
#6846=EDGE_LOOP('',(#810,#811,#812,#813,#814,#815,#816,#817,#818,#819,#820,
#821,#822,#823,#824,#825,#826,#827,#828,#829,#830,#831,#832,#833,#834,#835));
#6847=EDGE_LOOP('',(#836,#837,#838,#839,#840,#841,#842,#843,#844,#845,#846,
#847,#848));
#6848=EDGE_LOOP('',(#849,#850,#851,#852));
#6849=EDGE_LOOP('',(#853,#854,#855,#856));
#6850=EDGE_LOOP('',(#857,#858,#859,#860));
#6851=EDGE_LOOP('',(#861,#862,#863,#864));
#6852=EDGE_LOOP('',(#865,#866,#867,#868));
#6853=EDGE_LOOP('',(#869,#870,#871,#872,#873,#874));
#6854=EDGE_LOOP('',(#875,#876,#877,#878));
#6855=EDGE_LOOP('',(#879,#880,#881,#882));
#6856=EDGE_LOOP('',(#883,#884,#885,#886));
#6857=EDGE_LOOP('',(#887,#888,#889,#890));
#6858=EDGE_LOOP('',(#891,#892,#893,#894));
#6859=EDGE_LOOP('',(#895,#896,#897,#898,#899));
#6860=EDGE_LOOP('',(#900,#901,#902,#903));
#6861=EDGE_LOOP('',(#904,#905,#906,#907));
#6862=EDGE_LOOP('',(#908,#909,#910,#911));
#6863=EDGE_LOOP('',(#912,#913,#914,#915));
#6864=EDGE_LOOP('',(#916,#917,#918,#919));
#6865=EDGE_LOOP('',(#920,#921,#922,#923));
#6866=EDGE_LOOP('',(#924,#925,#926,#927));
#6867=EDGE_LOOP('',(#928,#929,#930,#931));
#6868=EDGE_LOOP('',(#932,#933,#934,#935));
#6869=EDGE_LOOP('',(#936,#937,#938,#939));
#6870=EDGE_LOOP('',(#940,#941,#942,#943));
#6871=EDGE_LOOP('',(#944,#945,#946,#947));
#6872=EDGE_LOOP('',(#948,#949,#950,#951));
#6873=EDGE_LOOP('',(#952,#953,#954,#955));
#6874=EDGE_LOOP('',(#956,#957,#958,#959));
#6875=EDGE_LOOP('',(#960,#961,#962,#963));
#6876=EDGE_LOOP('',(#964,#965,#966,#967));
#6877=EDGE_LOOP('',(#968,#969,#970,#971));
#6878=EDGE_LOOP('',(#972,#973,#974,#975));
#6879=EDGE_LOOP('',(#976,#977,#978,#979));
#6880=EDGE_LOOP('',(#980,#981,#982,#983));
#6881=EDGE_LOOP('',(#984,#985,#986,#987));
#6882=EDGE_LOOP('',(#988,#989,#990,#991));
#6883=EDGE_LOOP('',(#992,#993,#994,#995,#996,#997,#998,#999,#1000,#1001,
#1002,#1003,#1004,#1005));
#6884=EDGE_LOOP('',(#1006,#1007,#1008,#1009,#1010));
#6885=EDGE_LOOP('',(#1011,#1012,#1013,#1014));
#6886=EDGE_LOOP('',(#1015,#1016,#1017,#1018,#1019,#1020));
#6887=EDGE_LOOP('',(#1021,#1022,#1023,#1024));
#6888=EDGE_LOOP('',(#1025,#1026,#1027,#1028));
#6889=EDGE_LOOP('',(#1029,#1030,#1031,#1032,#1033));
#6890=EDGE_LOOP('',(#1034,#1035));
#6891=EDGE_LOOP('',(#1036,#1037));
#6892=EDGE_LOOP('',(#1038));
#6893=EDGE_LOOP('',(#1039,#1040,#1041));
#6894=EDGE_LOOP('',(#1042));
#6895=EDGE_LOOP('',(#1043,#1044,#1045));
#6896=EDGE_LOOP('',(#1046));
#6897=EDGE_LOOP('',(#1047));
#6898=EDGE_LOOP('',(#1048));
#6899=EDGE_LOOP('',(#1049));
#6900=EDGE_LOOP('',(#1050));
#6901=EDGE_LOOP('',(#1051,#1052));
#6902=EDGE_LOOP('',(#1053));
#6903=EDGE_LOOP('',(#1054));
#6904=EDGE_LOOP('',(#1055));
#6905=EDGE_LOOP('',(#1056));
#6906=EDGE_LOOP('',(#1057,#1058));
#6907=EDGE_LOOP('',(#1059));
#6908=EDGE_LOOP('',(#1060,#1061,#1062));
#6909=EDGE_LOOP('',(#1063,#1064,#1065));
#6910=EDGE_LOOP('',(#1066,#1067,#1068,#1069));
#6911=EDGE_LOOP('',(#1070,#1071,#1072,#1073,#1074,#1075));
#6912=EDGE_LOOP('',(#1076,#1077,#1078,#1079,#1080));
#6913=EDGE_LOOP('',(#1081,#1082,#1083,#1084,#1085));
#6914=EDGE_LOOP('',(#1086,#1087,#1088,#1089,#1090,#1091));
#6915=EDGE_LOOP('',(#1092,#1093,#1094,#1095,#1096,#1097));
#6916=EDGE_LOOP('',(#1098,#1099,#1100,#1101));
#6917=EDGE_LOOP('',(#1102,#1103,#1104,#1105,#1106,#1107,#1108,#1109));
#6918=EDGE_LOOP('',(#1110,#1111,#1112,#1113));
#6919=EDGE_LOOP('',(#1114,#1115,#1116,#1117,#1118));
#6920=EDGE_LOOP('',(#1119,#1120,#1121,#1122,#1123,#1124));
#6921=EDGE_LOOP('',(#1125,#1126,#1127,#1128,#1129,#1130));
#6922=EDGE_LOOP('',(#1131,#1132,#1133,#1134,#1135,#1136,#1137));
#6923=EDGE_LOOP('',(#1138,#1139,#1140,#1141));
#6924=EDGE_LOOP('',(#1142,#1143,#1144));
#6925=EDGE_LOOP('',(#1145,#1146,#1147,#1148));
#6926=EDGE_LOOP('',(#1149,#1150,#1151,#1152));
#6927=EDGE_LOOP('',(#1153,#1154,#1155,#1156));
#6928=EDGE_LOOP('',(#1157,#1158,#1159,#1160,#1161));
#6929=EDGE_LOOP('',(#1162,#1163,#1164,#1165));
#6930=EDGE_LOOP('',(#1166,#1167,#1168,#1169));
#6931=EDGE_LOOP('',(#1170,#1171,#1172,#1173,#1174,#1175,#1176,#1177,#1178,
#1179,#1180));
#6932=EDGE_LOOP('',(#1181,#1182,#1183,#1184));
#6933=EDGE_LOOP('',(#1185,#1186,#1187,#1188));
#6934=EDGE_LOOP('',(#1189,#1190,#1191,#1192,#1193,#1194,#1195,#1196,#1197,
#1198,#1199,#1200));
#6935=EDGE_LOOP('',(#1201,#1202,#1203,#1204,#1205,#1206,#1207,#1208,#1209));
#6936=EDGE_LOOP('',(#1210,#1211,#1212,#1213,#1214));
#6937=EDGE_LOOP('',(#1215,#1216,#1217,#1218,#1219,#1220,#1221,#1222,#1223,
#1224,#1225,#1226,#1227,#1228,#1229,#1230,#1231,#1232,#1233,#1234,#1235,
#1236,#1237,#1238,#1239,#1240,#1241,#1242));
#6938=EDGE_LOOP('',(#1243,#1244,#1245,#1246));
#6939=EDGE_LOOP('',(#1247,#1248,#1249,#1250));
#6940=EDGE_LOOP('',(#1251,#1252,#1253,#1254));
#6941=EDGE_LOOP('',(#1255,#1256,#1257,#1258));
#6942=EDGE_LOOP('',(#1259,#1260,#1261,#1262));
#6943=EDGE_LOOP('',(#1263,#1264,#1265,#1266));
#6944=EDGE_LOOP('',(#1267,#1268,#1269,#1270));
#6945=EDGE_LOOP('',(#1271,#1272,#1273,#1274));
#6946=EDGE_LOOP('',(#1275,#1276,#1277,#1278));
#6947=EDGE_LOOP('',(#1279,#1280,#1281,#1282,#1283,#1284));
#6948=EDGE_LOOP('',(#1285,#1286,#1287,#1288,#1289,#1290,#1291,#1292));
#6949=EDGE_LOOP('',(#1293,#1294,#1295,#1296));
#6950=EDGE_LOOP('',(#1297,#1298,#1299,#1300));
#6951=EDGE_LOOP('',(#1301,#1302,#1303,#1304,#1305,#1306));
#6952=EDGE_LOOP('',(#1307,#1308,#1309,#1310));
#6953=EDGE_LOOP('',(#1311,#1312,#1313,#1314));
#6954=EDGE_LOOP('',(#1315,#1316,#1317,#1318));
#6955=EDGE_LOOP('',(#1319,#1320,#1321,#1322));
#6956=EDGE_LOOP('',(#1323,#1324,#1325,#1326,#1327,#1328,#1329,#1330,#1331,
#1332,#1333,#1334,#1335,#1336,#1337));
#6957=EDGE_LOOP('',(#1338,#1339,#1340,#1341,#1342,#1343,#1344));
#6958=EDGE_LOOP('',(#1345,#1346,#1347,#1348,#1349));
#6959=EDGE_LOOP('',(#1350,#1351,#1352,#1353));
#6960=EDGE_LOOP('',(#1354,#1355,#1356,#1357));
#6961=EDGE_LOOP('',(#1358,#1359,#1360,#1361));
#6962=EDGE_LOOP('',(#1362,#1363,#1364,#1365));
#6963=EDGE_LOOP('',(#1366,#1367,#1368,#1369));
#6964=EDGE_LOOP('',(#1370,#1371,#1372,#1373));
#6965=EDGE_LOOP('',(#1374,#1375,#1376,#1377));
#6966=EDGE_LOOP('',(#1378,#1379,#1380,#1381));
#6967=EDGE_LOOP('',(#1382,#1383,#1384,#1385));
#6968=EDGE_LOOP('',(#1386,#1387,#1388,#1389));
#6969=EDGE_LOOP('',(#1390));
#6970=EDGE_LOOP('',(#1391));
#6971=EDGE_LOOP('',(#1392));
#6972=EDGE_LOOP('',(#1393));
#6973=EDGE_LOOP('',(#1394));
#6974=EDGE_LOOP('',(#1395));
#6975=EDGE_LOOP('',(#1396));
#6976=EDGE_LOOP('',(#1397));
#6977=EDGE_LOOP('',(#1398));
#6978=EDGE_LOOP('',(#1399));
#6979=EDGE_LOOP('',(#1400));
#6980=EDGE_LOOP('',(#1401));
#6981=EDGE_LOOP('',(#1402));
#6982=EDGE_LOOP('',(#1403));
#6983=EDGE_LOOP('',(#1404));
#6984=EDGE_LOOP('',(#1405));
#6985=EDGE_LOOP('',(#1406));
#6986=EDGE_LOOP('',(#1407));
#6987=EDGE_LOOP('',(#1408,#1409,#1410,#1411,#1412,#1413,#1414,#1415,#1416,
#1417,#1418,#1419,#1420,#1421,#1422,#1423,#1424,#1425,#1426,#1427,#1428,
#1429,#1430,#1431,#1432,#1433,#1434,#1435,#1436,#1437,#1438,#1439,#1440,
#1441,#1442));
#6988=EDGE_LOOP('',(#1443,#1444,#1445,#1446));
#6989=EDGE_LOOP('',(#1447,#1448,#1449,#1450,#1451));
#6990=EDGE_LOOP('',(#1452,#1453,#1454,#1455,#1456,#1457));
#6991=EDGE_LOOP('',(#1458,#1459,#1460,#1461,#1462,#1463,#1464,#1465));
#6992=EDGE_LOOP('',(#1466,#1467,#1468,#1469));
#6993=EDGE_LOOP('',(#1470,#1471,#1472,#1473));
#6994=EDGE_LOOP('',(#1474,#1475));
#6995=EDGE_LOOP('',(#1476,#1477));
#6996=EDGE_LOOP('',(#1478));
#6997=EDGE_LOOP('',(#1479));
#6998=EDGE_LOOP('',(#1480));
#6999=EDGE_LOOP('',(#1481));
#7000=EDGE_LOOP('',(#1482));
#7001=EDGE_LOOP('',(#1483));
#7002=EDGE_LOOP('',(#1484,#1485,#1486,#1487,#1488));
#7003=EDGE_LOOP('',(#1489,#1490,#1491,#1492));
#7004=EDGE_LOOP('',(#1493,#1494,#1495,#1496));
#7005=EDGE_LOOP('',(#1497,#1498,#1499,#1500));
#7006=EDGE_LOOP('',(#1501,#1502,#1503,#1504));
#7007=EDGE_LOOP('',(#1505,#1506,#1507,#1508));
#7008=EDGE_LOOP('',(#1509,#1510,#1511,#1512));
#7009=EDGE_LOOP('',(#1513,#1514,#1515,#1516,#1517));
#7010=EDGE_LOOP('',(#1518,#1519,#1520,#1521));
#7011=EDGE_LOOP('',(#1522,#1523,#1524,#1525,#1526,#1527));
#7012=EDGE_LOOP('',(#1528,#1529,#1530,#1531));
#7013=EDGE_LOOP('',(#1532,#1533,#1534,#1535));
#7014=EDGE_LOOP('',(#1536,#1537,#1538,#1539,#1540,#1541));
#7015=EDGE_LOOP('',(#1542,#1543,#1544,#1545));
#7016=EDGE_LOOP('',(#1546,#1547,#1548,#1549));
#7017=EDGE_LOOP('',(#1550,#1551,#1552,#1553,#1554,#1555));
#7018=EDGE_LOOP('',(#1556,#1557,#1558,#1559));
#7019=EDGE_LOOP('',(#1560,#1561,#1562,#1563,#1564,#1565));
#7020=EDGE_LOOP('',(#1566,#1567,#1568,#1569));
#7021=EDGE_LOOP('',(#1570,#1571,#1572,#1573));
#7022=EDGE_LOOP('',(#1574,#1575,#1576,#1577));
#7023=EDGE_LOOP('',(#1578,#1579,#1580,#1581));
#7024=EDGE_LOOP('',(#1582,#1583,#1584,#1585));
#7025=EDGE_LOOP('',(#1586,#1587,#1588,#1589));
#7026=EDGE_LOOP('',(#1590,#1591,#1592,#1593,#1594,#1595,#1596,#1597,#1598,
#1599,#1600,#1601,#1602,#1603,#1604,#1605,#1606,#1607,#1608,#1609,#1610,
#1611,#1612,#1613,#1614));
#7027=EDGE_LOOP('',(#1615,#1616,#1617,#1618));
#7028=EDGE_LOOP('',(#1619,#1620,#1621,#1622));
#7029=EDGE_LOOP('',(#1623,#1624,#1625,#1626));
#7030=EDGE_LOOP('',(#1627,#1628,#1629,#1630));
#7031=EDGE_LOOP('',(#1631,#1632,#1633,#1634));
#7032=EDGE_LOOP('',(#1635,#1636,#1637,#1638));
#7033=EDGE_LOOP('',(#1639,#1640,#1641,#1642));
#7034=EDGE_LOOP('',(#1643,#1644,#1645,#1646));
#7035=EDGE_LOOP('',(#1647,#1648,#1649,#1650));
#7036=EDGE_LOOP('',(#1651,#1652,#1653,#1654,#1655,#1656));
#7037=EDGE_LOOP('',(#1657,#1658,#1659,#1660,#1661));
#7038=EDGE_LOOP('',(#1662,#1663,#1664,#1665,#1666));
#7039=EDGE_LOOP('',(#1667,#1668,#1669,#1670));
#7040=EDGE_LOOP('',(#1671,#1672,#1673,#1674,#1675));
#7041=EDGE_LOOP('',(#1676,#1677,#1678,#1679));
#7042=EDGE_LOOP('',(#1680,#1681,#1682,#1683));
#7043=EDGE_LOOP('',(#1684,#1685,#1686,#1687,#1688));
#7044=EDGE_LOOP('',(#1689,#1690,#1691,#1692));
#7045=EDGE_LOOP('',(#1693,#1694,#1695,#1696));
#7046=EDGE_LOOP('',(#1697,#1698,#1699,#1700));
#7047=EDGE_LOOP('',(#1701,#1702,#1703,#1704));
#7048=EDGE_LOOP('',(#1705,#1706,#1707,#1708));
#7049=EDGE_LOOP('',(#1709,#1710,#1711,#1712));
#7050=EDGE_LOOP('',(#1713,#1714,#1715,#1716));
#7051=EDGE_LOOP('',(#1717,#1718,#1719,#1720));
#7052=EDGE_LOOP('',(#1721,#1722,#1723,#1724));
#7053=EDGE_LOOP('',(#1725,#1726,#1727,#1728));
#7054=EDGE_LOOP('',(#1729,#1730,#1731,#1732));
#7055=EDGE_LOOP('',(#1733,#1734,#1735,#1736));
#7056=EDGE_LOOP('',(#1737,#1738,#1739,#1740));
#7057=EDGE_LOOP('',(#1741,#1742,#1743,#1744,#1745,#1746,#1747,#1748,#1749,
#1750));
#7058=EDGE_LOOP('',(#1751,#1752,#1753,#1754,#1755,#1756));
#7059=EDGE_LOOP('',(#1757,#1758,#1759,#1760,#1761,#1762));
#7060=EDGE_LOOP('',(#1763,#1764,#1765,#1766));
#7061=EDGE_LOOP('',(#1767,#1768,#1769,#1770));
#7062=EDGE_LOOP('',(#1771,#1772,#1773,#1774));
#7063=EDGE_LOOP('',(#1775,#1776,#1777,#1778));
#7064=EDGE_LOOP('',(#1779,#1780,#1781,#1782));
#7065=EDGE_LOOP('',(#1783,#1784,#1785,#1786));
#7066=EDGE_LOOP('',(#1787,#1788,#1789,#1790));
#7067=EDGE_LOOP('',(#1791,#1792,#1793,#1794));
#7068=EDGE_LOOP('',(#1795,#1796,#1797,#1798));
#7069=EDGE_LOOP('',(#1799,#1800,#1801,#1802));
#7070=EDGE_LOOP('',(#1803,#1804,#1805,#1806));
#7071=EDGE_LOOP('',(#1807,#1808,#1809,#1810));
#7072=EDGE_LOOP('',(#1811,#1812,#1813,#1814));
#7073=EDGE_LOOP('',(#1815,#1816,#1817,#1818));
#7074=EDGE_LOOP('',(#1819,#1820,#1821,#1822));
#7075=EDGE_LOOP('',(#1823,#1824,#1825,#1826));
#7076=EDGE_LOOP('',(#1827,#1828,#1829,#1830));
#7077=EDGE_LOOP('',(#1831,#1832,#1833,#1834));
#7078=EDGE_LOOP('',(#1835,#1836,#1837,#1838));
#7079=EDGE_LOOP('',(#1839,#1840,#1841,#1842));
#7080=EDGE_LOOP('',(#1843,#1844,#1845,#1846));
#7081=EDGE_LOOP('',(#1847,#1848,#1849,#1850));
#7082=EDGE_LOOP('',(#1851,#1852,#1853,#1854));
#7083=EDGE_LOOP('',(#1855,#1856,#1857,#1858));
#7084=EDGE_LOOP('',(#1859,#1860,#1861,#1862));
#7085=EDGE_LOOP('',(#1863,#1864,#1865,#1866));
#7086=EDGE_LOOP('',(#1867,#1868,#1869,#1870));
#7087=EDGE_LOOP('',(#1871,#1872,#1873,#1874,#1875,#1876,#1877,#1878,#1879,
#1880,#1881,#1882,#1883,#1884,#1885,#1886,#1887,#1888,#1889,#1890,#1891,
#1892,#1893,#1894,#1895,#1896,#1897));
#7088=EDGE_LOOP('',(#1898,#1899,#1900,#1901));
#7089=EDGE_LOOP('',(#1902,#1903,#1904,#1905));
#7090=EDGE_LOOP('',(#1906,#1907,#1908,#1909));
#7091=EDGE_LOOP('',(#1910,#1911,#1912,#1913));
#7092=EDGE_LOOP('',(#1914,#1915,#1916,#1917));
#7093=EDGE_LOOP('',(#1918,#1919,#1920,#1921));
#7094=EDGE_LOOP('',(#1922,#1923,#1924,#1925));
#7095=EDGE_LOOP('',(#1926,#1927,#1928,#1929));
#7096=EDGE_LOOP('',(#1930,#1931,#1932,#1933));
#7097=EDGE_LOOP('',(#1934,#1935,#1936,#1937));
#7098=EDGE_LOOP('',(#1938,#1939,#1940,#1941));
#7099=EDGE_LOOP('',(#1942,#1943,#1944,#1945));
#7100=EDGE_LOOP('',(#1946,#1947,#1948,#1949));
#7101=EDGE_LOOP('',(#1950,#1951,#1952,#1953));
#7102=EDGE_LOOP('',(#1954,#1955,#1956,#1957));
#7103=EDGE_LOOP('',(#1958,#1959,#1960,#1961));
#7104=EDGE_LOOP('',(#1962,#1963,#1964,#1965));
#7105=EDGE_LOOP('',(#1966,#1967,#1968,#1969));
#7106=EDGE_LOOP('',(#1970,#1971,#1972,#1973));
#7107=EDGE_LOOP('',(#1974,#1975,#1976,#1977));
#7108=EDGE_LOOP('',(#1978,#1979,#1980,#1981));
#7109=EDGE_LOOP('',(#1982,#1983,#1984,#1985));
#7110=EDGE_LOOP('',(#1986,#1987,#1988,#1989));
#7111=EDGE_LOOP('',(#1990,#1991,#1992,#1993));
#7112=EDGE_LOOP('',(#1994,#1995,#1996,#1997));
#7113=EDGE_LOOP('',(#1998,#1999,#2000,#2001));
#7114=EDGE_LOOP('',(#2002,#2003,#2004,#2005));
#7115=EDGE_LOOP('',(#2006,#2007,#2008,#2009));
#7116=EDGE_LOOP('',(#2010,#2011,#2012,#2013));
#7117=EDGE_LOOP('',(#2014,#2015,#2016,#2017));
#7118=EDGE_LOOP('',(#2018,#2019,#2020,#2021,#2022,#2023,#2024,#2025,#2026,
#2027,#2028,#2029,#2030,#2031,#2032,#2033,#2034,#2035,#2036,#2037));
#7119=EDGE_LOOP('',(#2038,#2039,#2040,#2041,#2042,#2043,#2044,#2045,#2046,
#2047));
#7120=EDGE_LOOP('',(#2048,#2049,#2050,#2051));
#7121=EDGE_LOOP('',(#2052,#2053,#2054,#2055));
#7122=EDGE_LOOP('',(#2056,#2057,#2058,#2059));
#7123=EDGE_LOOP('',(#2060,#2061,#2062,#2063));
#7124=EDGE_LOOP('',(#2064,#2065,#2066,#2067));
#7125=EDGE_LOOP('',(#2068,#2069,#2070,#2071));
#7126=EDGE_LOOP('',(#2072,#2073,#2074,#2075));
#7127=EDGE_LOOP('',(#2076,#2077,#2078,#2079));
#7128=EDGE_LOOP('',(#2080,#2081,#2082,#2083));
#7129=EDGE_LOOP('',(#2084,#2085,#2086,#2087));
#7130=EDGE_LOOP('',(#2088,#2089,#2090,#2091));
#7131=EDGE_LOOP('',(#2092,#2093,#2094,#2095));
#7132=EDGE_LOOP('',(#2096,#2097,#2098,#2099));
#7133=EDGE_LOOP('',(#2100,#2101,#2102,#2103));
#7134=EDGE_LOOP('',(#2104,#2105,#2106,#2107));
#7135=EDGE_LOOP('',(#2108,#2109,#2110,#2111));
#7136=EDGE_LOOP('',(#2112,#2113,#2114,#2115));
#7137=EDGE_LOOP('',(#2116,#2117,#2118,#2119));
#7138=EDGE_LOOP('',(#2120,#2121,#2122,#2123));
#7139=EDGE_LOOP('',(#2124,#2125,#2126,#2127));
#7140=EDGE_LOOP('',(#2128,#2129,#2130,#2131));
#7141=EDGE_LOOP('',(#2132,#2133,#2134,#2135));
#7142=EDGE_LOOP('',(#2136,#2137,#2138,#2139));
#7143=EDGE_LOOP('',(#2140,#2141,#2142,#2143));
#7144=EDGE_LOOP('',(#2144,#2145,#2146,#2147));
#7145=EDGE_LOOP('',(#2148,#2149,#2150,#2151));
#7146=EDGE_LOOP('',(#2152,#2153,#2154,#2155,#2156,#2157,#2158,#2159,#2160,
#2161,#2162,#2163,#2164,#2165,#2166,#2167,#2168,#2169,#2170,#2171,#2172,
#2173,#2174,#2175,#2176,#2177));
#7147=EDGE_LOOP('',(#2178,#2179,#2180,#2181));
#7148=EDGE_LOOP('',(#2182,#2183,#2184,#2185));
#7149=EDGE_LOOP('',(#2186,#2187,#2188,#2189));
#7150=EDGE_LOOP('',(#2190,#2191,#2192,#2193));
#7151=EDGE_LOOP('',(#2194,#2195,#2196,#2197));
#7152=EDGE_LOOP('',(#2198,#2199,#2200,#2201));
#7153=EDGE_LOOP('',(#2202,#2203,#2204,#2205));
#7154=EDGE_LOOP('',(#2206,#2207,#2208,#2209));
#7155=EDGE_LOOP('',(#2210,#2211,#2212,#2213));
#7156=EDGE_LOOP('',(#2214,#2215,#2216,#2217));
#7157=EDGE_LOOP('',(#2218,#2219,#2220,#2221));
#7158=EDGE_LOOP('',(#2222,#2223,#2224,#2225));
#7159=EDGE_LOOP('',(#2226,#2227,#2228,#2229));
#7160=EDGE_LOOP('',(#2230,#2231,#2232,#2233));
#7161=EDGE_LOOP('',(#2234,#2235,#2236,#2237));
#7162=EDGE_LOOP('',(#2238,#2239,#2240,#2241));
#7163=EDGE_LOOP('',(#2242,#2243,#2244,#2245));
#7164=EDGE_LOOP('',(#2246,#2247,#2248,#2249));
#7165=EDGE_LOOP('',(#2250,#2251,#2252,#2253));
#7166=EDGE_LOOP('',(#2254,#2255,#2256,#2257));
#7167=EDGE_LOOP('',(#2258,#2259,#2260,#2261));
#7168=EDGE_LOOP('',(#2262,#2263,#2264,#2265));
#7169=EDGE_LOOP('',(#2266,#2267,#2268,#2269));
#7170=EDGE_LOOP('',(#2270,#2271,#2272,#2273));
#7171=EDGE_LOOP('',(#2274,#2275,#2276,#2277));
#7172=EDGE_LOOP('',(#2278,#2279,#2280,#2281));
#7173=EDGE_LOOP('',(#2282,#2283,#2284,#2285));
#7174=EDGE_LOOP('',(#2286,#2287,#2288,#2289));
#7175=EDGE_LOOP('',(#2290,#2291,#2292,#2293));
#7176=EDGE_LOOP('',(#2294,#2295,#2296,#2297));
#7177=EDGE_LOOP('',(#2298,#2299,#2300,#2301,#2302,#2303,#2304,#2305,#2306,
#2307,#2308,#2309,#2310,#2311,#2312,#2313,#2314,#2315,#2316,#2317,#2318,
#2319,#2320,#2321,#2322,#2323,#2324,#2325,#2326,#2327));
#7178=EDGE_LOOP('',(#2328,#2329,#2330,#2331));
#7179=EDGE_LOOP('',(#2332,#2333,#2334,#2335));
#7180=EDGE_LOOP('',(#2336,#2337,#2338,#2339));
#7181=EDGE_LOOP('',(#2340,#2341,#2342,#2343));
#7182=EDGE_LOOP('',(#2344,#2345,#2346,#2347));
#7183=EDGE_LOOP('',(#2348,#2349,#2350,#2351));
#7184=EDGE_LOOP('',(#2352,#2353,#2354,#2355));
#7185=EDGE_LOOP('',(#2356,#2357,#2358,#2359));
#7186=EDGE_LOOP('',(#2360,#2361,#2362,#2363));
#7187=EDGE_LOOP('',(#2364,#2365,#2366,#2367));
#7188=EDGE_LOOP('',(#2368,#2369,#2370,#2371));
#7189=EDGE_LOOP('',(#2372,#2373,#2374,#2375));
#7190=EDGE_LOOP('',(#2376,#2377,#2378,#2379));
#7191=EDGE_LOOP('',(#2380,#2381,#2382,#2383));
#7192=EDGE_LOOP('',(#2384,#2385,#2386,#2387));
#7193=EDGE_LOOP('',(#2388,#2389,#2390,#2391));
#7194=EDGE_LOOP('',(#2392,#2393,#2394,#2395));
#7195=EDGE_LOOP('',(#2396,#2397,#2398,#2399));
#7196=EDGE_LOOP('',(#2400,#2401,#2402,#2403));
#7197=EDGE_LOOP('',(#2404,#2405,#2406,#2407));
#7198=EDGE_LOOP('',(#2408,#2409,#2410,#2411));
#7199=EDGE_LOOP('',(#2412,#2413,#2414,#2415));
#7200=EDGE_LOOP('',(#2416,#2417,#2418,#2419));
#7201=EDGE_LOOP('',(#2420,#2421,#2422,#2423));
#7202=EDGE_LOOP('',(#2424,#2425,#2426,#2427));
#7203=EDGE_LOOP('',(#2428,#2429,#2430,#2431));
#7204=EDGE_LOOP('',(#2432,#2433,#2434,#2435,#2436,#2437,#2438,#2439,#2440,
#2441,#2442,#2443,#2444,#2445,#2446,#2447,#2448,#2449,#2450,#2451,#2452,
#2453,#2454,#2455,#2456,#2457));
#7205=EDGE_LOOP('',(#2458,#2459,#2460,#2461));
#7206=EDGE_LOOP('',(#2462,#2463,#2464,#2465));
#7207=EDGE_LOOP('',(#2466,#2467,#2468,#2469));
#7208=EDGE_LOOP('',(#2470,#2471,#2472,#2473));
#7209=EDGE_LOOP('',(#2474,#2475,#2476,#2477));
#7210=EDGE_LOOP('',(#2478,#2479,#2480,#2481));
#7211=EDGE_LOOP('',(#2482,#2483,#2484,#2485));
#7212=EDGE_LOOP('',(#2486,#2487,#2488,#2489));
#7213=EDGE_LOOP('',(#2490,#2491,#2492,#2493));
#7214=EDGE_LOOP('',(#2494,#2495,#2496,#2497));
#7215=EDGE_LOOP('',(#2498,#2499,#2500,#2501));
#7216=EDGE_LOOP('',(#2502,#2503,#2504,#2505));
#7217=EDGE_LOOP('',(#2506,#2507,#2508,#2509));
#7218=EDGE_LOOP('',(#2510,#2511,#2512,#2513,#2514,#2515,#2516,#2517,#2518,
#2519,#2520,#2521,#2522));
#7219=EDGE_LOOP('',(#2523,#2524,#2525,#2526,#2527,#2528,#2529,#2530,#2531,
#2532));
#7220=EDGE_LOOP('',(#2533,#2534,#2535,#2536));
#7221=EDGE_LOOP('',(#2537,#2538,#2539,#2540));
#7222=EDGE_LOOP('',(#2541,#2542,#2543,#2544));
#7223=EDGE_LOOP('',(#2545,#2546,#2547,#2548));
#7224=EDGE_LOOP('',(#2549,#2550,#2551,#2552));
#7225=EDGE_LOOP('',(#2553,#2554,#2555,#2556));
#7226=EDGE_LOOP('',(#2557,#2558,#2559,#2560));
#7227=EDGE_LOOP('',(#2561,#2562,#2563,#2564));
#7228=EDGE_LOOP('',(#2565,#2566,#2567,#2568));
#7229=EDGE_LOOP('',(#2569,#2570,#2571,#2572));
#7230=EDGE_LOOP('',(#2573,#2574,#2575,#2576));
#7231=EDGE_LOOP('',(#2577,#2578,#2579,#2580));
#7232=EDGE_LOOP('',(#2581,#2582,#2583,#2584));
#7233=EDGE_LOOP('',(#2585,#2586,#2587,#2588));
#7234=EDGE_LOOP('',(#2589,#2590,#2591,#2592));
#7235=EDGE_LOOP('',(#2593,#2594,#2595,#2596));
#7236=EDGE_LOOP('',(#2597,#2598,#2599,#2600));
#7237=EDGE_LOOP('',(#2601,#2602,#2603,#2604));
#7238=EDGE_LOOP('',(#2605,#2606,#2607,#2608));
#7239=EDGE_LOOP('',(#2609,#2610,#2611,#2612));
#7240=EDGE_LOOP('',(#2613,#2614,#2615,#2616));
#7241=EDGE_LOOP('',(#2617,#2618,#2619,#2620));
#7242=EDGE_LOOP('',(#2621,#2622,#2623,#2624,#2625,#2626,#2627,#2628,#2629,
#2630,#2631,#2632,#2633,#2634,#2635,#2636,#2637,#2638,#2639,#2640,#2641,
#2642));
#7243=EDGE_LOOP('',(#2643,#2644,#2645,#2646));
#7244=EDGE_LOOP('',(#2647,#2648,#2649,#2650));
#7245=EDGE_LOOP('',(#2651,#2652,#2653,#2654));
#7246=EDGE_LOOP('',(#2655,#2656,#2657,#2658));
#7247=EDGE_LOOP('',(#2659,#2660,#2661,#2662));
#7248=EDGE_LOOP('',(#2663,#2664,#2665,#2666));
#7249=EDGE_LOOP('',(#2667,#2668,#2669,#2670));
#7250=EDGE_LOOP('',(#2671,#2672,#2673,#2674));
#7251=EDGE_LOOP('',(#2675,#2676,#2677,#2678));
#7252=EDGE_LOOP('',(#2679,#2680,#2681,#2682));
#7253=EDGE_LOOP('',(#2683,#2684,#2685,#2686));
#7254=EDGE_LOOP('',(#2687,#2688,#2689,#2690));
#7255=EDGE_LOOP('',(#2691,#2692,#2693,#2694));
#7256=EDGE_LOOP('',(#2695,#2696,#2697,#2698));
#7257=EDGE_LOOP('',(#2699,#2700,#2701,#2702));
#7258=EDGE_LOOP('',(#2703,#2704,#2705,#2706));
#7259=EDGE_LOOP('',(#2707,#2708,#2709,#2710));
#7260=EDGE_LOOP('',(#2711,#2712,#2713,#2714));
#7261=EDGE_LOOP('',(#2715,#2716,#2717,#2718));
#7262=EDGE_LOOP('',(#2719,#2720,#2721,#2722));
#7263=EDGE_LOOP('',(#2723,#2724,#2725,#2726));
#7264=EDGE_LOOP('',(#2727,#2728,#2729,#2730));
#7265=EDGE_LOOP('',(#2731,#2732,#2733,#2734));
#7266=EDGE_LOOP('',(#2735,#2736,#2737,#2738));
#7267=EDGE_LOOP('',(#2739,#2740,#2741,#2742));
#7268=EDGE_LOOP('',(#2743,#2744,#2745,#2746));
#7269=EDGE_LOOP('',(#2747,#2748,#2749,#2750));
#7270=EDGE_LOOP('',(#2751,#2752,#2753,#2754));
#7271=EDGE_LOOP('',(#2755,#2756,#2757,#2758));
#7272=EDGE_LOOP('',(#2759,#2760,#2761,#2762));
#7273=EDGE_LOOP('',(#2763,#2764,#2765,#2766,#2767,#2768,#2769,#2770,#2771,
#2772,#2773,#2774,#2775,#2776,#2777,#2778,#2779,#2780,#2781,#2782,#2783,
#2784,#2785,#2786,#2787,#2788,#2789,#2790,#2791,#2792));
#7274=EDGE_LOOP('',(#2793,#2794,#2795,#2796));
#7275=EDGE_LOOP('',(#2797,#2798,#2799,#2800));
#7276=EDGE_LOOP('',(#2801,#2802,#2803,#2804));
#7277=EDGE_LOOP('',(#2805,#2806,#2807,#2808));
#7278=EDGE_LOOP('',(#2809,#2810,#2811,#2812));
#7279=EDGE_LOOP('',(#2813,#2814,#2815,#2816));
#7280=EDGE_LOOP('',(#2817,#2818,#2819,#2820));
#7281=EDGE_LOOP('',(#2821,#2822,#2823,#2824));
#7282=EDGE_LOOP('',(#2825,#2826,#2827,#2828));
#7283=EDGE_LOOP('',(#2829,#2830,#2831,#2832));
#7284=EDGE_LOOP('',(#2833,#2834,#2835,#2836));
#7285=EDGE_LOOP('',(#2837,#2838,#2839,#2840));
#7286=EDGE_LOOP('',(#2841,#2842,#2843,#2844));
#7287=EDGE_LOOP('',(#2845,#2846,#2847,#2848));
#7288=EDGE_LOOP('',(#2849,#2850,#2851,#2852));
#7289=EDGE_LOOP('',(#2853,#2854,#2855,#2856));
#7290=EDGE_LOOP('',(#2857,#2858,#2859,#2860));
#7291=EDGE_LOOP('',(#2861,#2862,#2863,#2864));
#7292=EDGE_LOOP('',(#2865,#2866,#2867,#2868));
#7293=EDGE_LOOP('',(#2869,#2870,#2871,#2872));
#7294=EDGE_LOOP('',(#2873,#2874,#2875,#2876));
#7295=EDGE_LOOP('',(#2877,#2878,#2879,#2880));
#7296=EDGE_LOOP('',(#2881,#2882,#2883,#2884,#2885,#2886,#2887,#2888,#2889,
#2890,#2891,#2892,#2893,#2894,#2895));
#7297=EDGE_LOOP('',(#2896,#2897,#2898,#2899,#2900,#2901,#2902));
#7298=EDGE_LOOP('',(#2903,#2904,#2905,#2906));
#7299=EDGE_LOOP('',(#2907,#2908,#2909,#2910));
#7300=EDGE_LOOP('',(#2911,#2912,#2913,#2914));
#7301=EDGE_LOOP('',(#2915,#2916,#2917,#2918));
#7302=EDGE_LOOP('',(#2919,#2920,#2921,#2922));
#7303=EDGE_LOOP('',(#2923,#2924,#2925,#2926));
#7304=EDGE_LOOP('',(#2927,#2928,#2929,#2930));
#7305=EDGE_LOOP('',(#2931,#2932,#2933,#2934));
#7306=EDGE_LOOP('',(#2935,#2936,#2937,#2938));
#7307=EDGE_LOOP('',(#2939,#2940,#2941,#2942));
#7308=EDGE_LOOP('',(#2943,#2944,#2945,#2946));
#7309=EDGE_LOOP('',(#2947,#2948,#2949,#2950));
#7310=EDGE_LOOP('',(#2951,#2952,#2953,#2954));
#7311=EDGE_LOOP('',(#2955,#2956,#2957,#2958));
#7312=EDGE_LOOP('',(#2959,#2960,#2961,#2962));
#7313=EDGE_LOOP('',(#2963,#2964,#2965,#2966));
#7314=EDGE_LOOP('',(#2967,#2968,#2969,#2970));
#7315=EDGE_LOOP('',(#2971,#2972,#2973,#2974));
#7316=EDGE_LOOP('',(#2975,#2976,#2977,#2978));
#7317=EDGE_LOOP('',(#2979,#2980,#2981,#2982));
#7318=EDGE_LOOP('',(#2983,#2984,#2985,#2986));
#7319=EDGE_LOOP('',(#2987,#2988,#2989,#2990));
#7320=EDGE_LOOP('',(#2991,#2992,#2993,#2994));
#7321=EDGE_LOOP('',(#2995,#2996,#2997,#2998));
#7322=EDGE_LOOP('',(#2999,#3000,#3001,#3002));
#7323=EDGE_LOOP('',(#3003,#3004,#3005,#3006));
#7324=EDGE_LOOP('',(#3007,#3008,#3009,#3010));
#7325=EDGE_LOOP('',(#3011,#3012,#3013,#3014));
#7326=EDGE_LOOP('',(#3015,#3016,#3017,#3018));
#7327=EDGE_LOOP('',(#3019,#3020,#3021,#3022,#3023,#3024,#3025,#3026,#3027,
#3028,#3029,#3030,#3031,#3032,#3033,#3034,#3035,#3036,#3037,#3038,#3039,
#3040,#3041,#3042,#3043,#3044,#3045,#3046,#3047));
#7328=EDGE_LOOP('',(#3048,#3049,#3050,#3051,#3052,#3053,#3054));
#7329=FACE_BOUND('',#6835,.T.);
#7330=FACE_BOUND('',#6836,.T.);
#7331=FACE_BOUND('',#6837,.T.);
#7332=FACE_BOUND('',#6838,.T.);
#7333=FACE_BOUND('',#6839,.T.);
#7334=FACE_BOUND('',#6840,.T.);
#7335=FACE_BOUND('',#6841,.T.);
#7336=FACE_BOUND('',#6842,.T.);
#7337=FACE_BOUND('',#6843,.T.);
#7338=FACE_BOUND('',#6844,.T.);
#7339=FACE_BOUND('',#6845,.T.);
#7340=FACE_BOUND('',#6846,.T.);
#7341=FACE_BOUND('',#6847,.T.);
#7342=FACE_BOUND('',#6848,.T.);
#7343=FACE_BOUND('',#6849,.T.);
#7344=FACE_BOUND('',#6850,.T.);
#7345=FACE_BOUND('',#6851,.T.);
#7346=FACE_BOUND('',#6852,.T.);
#7347=FACE_BOUND('',#6853,.T.);
#7348=FACE_BOUND('',#6854,.T.);
#7349=FACE_BOUND('',#6855,.T.);
#7350=FACE_BOUND('',#6856,.T.);
#7351=FACE_BOUND('',#6857,.T.);
#7352=FACE_BOUND('',#6858,.T.);
#7353=FACE_BOUND('',#6859,.T.);
#7354=FACE_BOUND('',#6860,.T.);
#7355=FACE_BOUND('',#6861,.T.);
#7356=FACE_BOUND('',#6862,.T.);
#7357=FACE_BOUND('',#6863,.T.);
#7358=FACE_BOUND('',#6864,.T.);
#7359=FACE_BOUND('',#6865,.T.);
#7360=FACE_BOUND('',#6866,.T.);
#7361=FACE_BOUND('',#6867,.T.);
#7362=FACE_BOUND('',#6868,.T.);
#7363=FACE_BOUND('',#6869,.T.);
#7364=FACE_BOUND('',#6870,.T.);
#7365=FACE_BOUND('',#6871,.T.);
#7366=FACE_BOUND('',#6872,.T.);
#7367=FACE_BOUND('',#6873,.T.);
#7368=FACE_BOUND('',#6874,.T.);
#7369=FACE_BOUND('',#6875,.T.);
#7370=FACE_BOUND('',#6876,.T.);
#7371=FACE_BOUND('',#6877,.T.);
#7372=FACE_BOUND('',#6878,.T.);
#7373=FACE_BOUND('',#6879,.T.);
#7374=FACE_BOUND('',#6880,.T.);
#7375=FACE_BOUND('',#6881,.T.);
#7376=FACE_BOUND('',#6882,.T.);
#7377=FACE_BOUND('',#6883,.T.);
#7378=FACE_BOUND('',#6884,.T.);
#7379=FACE_BOUND('',#6885,.T.);
#7380=FACE_BOUND('',#6886,.T.);
#7381=FACE_BOUND('',#6887,.T.);
#7382=FACE_BOUND('',#6888,.T.);
#7383=FACE_BOUND('',#6889,.T.);
#7384=FACE_BOUND('',#6890,.T.);
#7385=FACE_BOUND('',#6891,.T.);
#7386=FACE_BOUND('',#6892,.T.);
#7387=FACE_BOUND('',#6893,.T.);
#7388=FACE_BOUND('',#6894,.T.);
#7389=FACE_BOUND('',#6895,.T.);
#7390=FACE_BOUND('',#6896,.T.);
#7391=FACE_BOUND('',#6897,.T.);
#7392=FACE_BOUND('',#6898,.T.);
#7393=FACE_BOUND('',#6899,.T.);
#7394=FACE_BOUND('',#6900,.T.);
#7395=FACE_BOUND('',#6901,.T.);
#7396=FACE_BOUND('',#6902,.T.);
#7397=FACE_BOUND('',#6903,.T.);
#7398=FACE_BOUND('',#6904,.T.);
#7399=FACE_BOUND('',#6905,.T.);
#7400=FACE_BOUND('',#6906,.T.);
#7401=FACE_BOUND('',#6907,.T.);
#7402=FACE_BOUND('',#6908,.T.);
#7403=FACE_BOUND('',#6909,.T.);
#7404=FACE_BOUND('',#6910,.T.);
#7405=FACE_BOUND('',#6911,.T.);
#7406=FACE_BOUND('',#6912,.T.);
#7407=FACE_BOUND('',#6913,.T.);
#7408=FACE_BOUND('',#6914,.T.);
#7409=FACE_BOUND('',#6915,.T.);
#7410=FACE_BOUND('',#6916,.T.);
#7411=FACE_BOUND('',#6917,.T.);
#7412=FACE_BOUND('',#6918,.T.);
#7413=FACE_BOUND('',#6919,.T.);
#7414=FACE_BOUND('',#6920,.T.);
#7415=FACE_BOUND('',#6921,.T.);
#7416=FACE_BOUND('',#6922,.T.);
#7417=FACE_BOUND('',#6923,.T.);
#7418=FACE_BOUND('',#6924,.T.);
#7419=FACE_BOUND('',#6925,.T.);
#7420=FACE_BOUND('',#6926,.T.);
#7421=FACE_BOUND('',#6927,.T.);
#7422=FACE_BOUND('',#6928,.T.);
#7423=FACE_BOUND('',#6929,.T.);
#7424=FACE_BOUND('',#6930,.T.);
#7425=FACE_BOUND('',#6931,.T.);
#7426=FACE_BOUND('',#6932,.T.);
#7427=FACE_BOUND('',#6933,.T.);
#7428=FACE_BOUND('',#6934,.T.);
#7429=FACE_BOUND('',#6935,.T.);
#7430=FACE_BOUND('',#6936,.T.);
#7431=FACE_BOUND('',#6937,.T.);
#7432=FACE_BOUND('',#6938,.T.);
#7433=FACE_BOUND('',#6939,.T.);
#7434=FACE_BOUND('',#6940,.T.);
#7435=FACE_BOUND('',#6941,.T.);
#7436=FACE_BOUND('',#6942,.T.);
#7437=FACE_BOUND('',#6943,.T.);
#7438=FACE_BOUND('',#6944,.T.);
#7439=FACE_BOUND('',#6945,.T.);
#7440=FACE_BOUND('',#6946,.T.);
#7441=FACE_BOUND('',#6947,.T.);
#7442=FACE_BOUND('',#6948,.T.);
#7443=FACE_BOUND('',#6949,.T.);
#7444=FACE_BOUND('',#6950,.T.);
#7445=FACE_BOUND('',#6951,.T.);
#7446=FACE_BOUND('',#6952,.T.);
#7447=FACE_BOUND('',#6953,.T.);
#7448=FACE_BOUND('',#6954,.T.);
#7449=FACE_BOUND('',#6955,.T.);
#7450=FACE_BOUND('',#6956,.T.);
#7451=FACE_BOUND('',#6957,.T.);
#7452=FACE_BOUND('',#6958,.T.);
#7453=FACE_BOUND('',#6959,.T.);
#7454=FACE_BOUND('',#6960,.T.);
#7455=FACE_BOUND('',#6961,.T.);
#7456=FACE_BOUND('',#6962,.T.);
#7457=FACE_BOUND('',#6963,.T.);
#7458=FACE_BOUND('',#6964,.T.);
#7459=FACE_BOUND('',#6965,.T.);
#7460=FACE_BOUND('',#6966,.T.);
#7461=FACE_BOUND('',#6967,.T.);
#7462=FACE_BOUND('',#6968,.T.);
#7463=FACE_BOUND('',#6969,.T.);
#7464=FACE_BOUND('',#6970,.T.);
#7465=FACE_BOUND('',#6971,.T.);
#7466=FACE_BOUND('',#6972,.T.);
#7467=FACE_BOUND('',#6973,.T.);
#7468=FACE_BOUND('',#6974,.T.);
#7469=FACE_BOUND('',#6975,.T.);
#7470=FACE_BOUND('',#6976,.T.);
#7471=FACE_BOUND('',#6977,.T.);
#7472=FACE_BOUND('',#6978,.T.);
#7473=FACE_BOUND('',#6979,.T.);
#7474=FACE_BOUND('',#6980,.T.);
#7475=FACE_BOUND('',#6981,.T.);
#7476=FACE_BOUND('',#6982,.T.);
#7477=FACE_BOUND('',#6983,.T.);
#7478=FACE_BOUND('',#6984,.T.);
#7479=FACE_BOUND('',#6985,.T.);
#7480=FACE_BOUND('',#6986,.T.);
#7481=FACE_BOUND('',#6987,.T.);
#7482=FACE_BOUND('',#6988,.T.);
#7483=FACE_BOUND('',#6989,.T.);
#7484=FACE_BOUND('',#6990,.T.);
#7485=FACE_BOUND('',#6991,.T.);
#7486=FACE_BOUND('',#6992,.T.);
#7487=FACE_BOUND('',#6993,.T.);
#7488=FACE_BOUND('',#6994,.T.);
#7489=FACE_BOUND('',#6995,.T.);
#7490=FACE_BOUND('',#6996,.T.);
#7491=FACE_BOUND('',#6997,.T.);
#7492=FACE_BOUND('',#6998,.T.);
#7493=FACE_BOUND('',#6999,.T.);
#7494=FACE_BOUND('',#7000,.T.);
#7495=FACE_BOUND('',#7001,.T.);
#7496=FACE_BOUND('',#7002,.T.);
#7497=FACE_BOUND('',#7003,.T.);
#7498=FACE_BOUND('',#7004,.T.);
#7499=FACE_BOUND('',#7005,.T.);
#7500=FACE_BOUND('',#7006,.T.);
#7501=FACE_BOUND('',#7007,.T.);
#7502=FACE_BOUND('',#7008,.T.);
#7503=FACE_BOUND('',#7009,.T.);
#7504=FACE_BOUND('',#7010,.T.);
#7505=FACE_BOUND('',#7011,.T.);
#7506=FACE_BOUND('',#7012,.T.);
#7507=FACE_BOUND('',#7013,.T.);
#7508=FACE_BOUND('',#7014,.T.);
#7509=FACE_BOUND('',#7015,.T.);
#7510=FACE_BOUND('',#7016,.T.);
#7511=FACE_BOUND('',#7017,.T.);
#7512=FACE_BOUND('',#7018,.T.);
#7513=FACE_BOUND('',#7019,.T.);
#7514=FACE_BOUND('',#7020,.T.);
#7515=FACE_BOUND('',#7021,.T.);
#7516=FACE_BOUND('',#7022,.T.);
#7517=FACE_BOUND('',#7023,.T.);
#7518=FACE_BOUND('',#7024,.T.);
#7519=FACE_BOUND('',#7025,.T.);
#7520=FACE_BOUND('',#7026,.T.);
#7521=FACE_BOUND('',#7027,.T.);
#7522=FACE_BOUND('',#7028,.T.);
#7523=FACE_BOUND('',#7029,.T.);
#7524=FACE_BOUND('',#7030,.T.);
#7525=FACE_BOUND('',#7031,.T.);
#7526=FACE_BOUND('',#7032,.T.);
#7527=FACE_BOUND('',#7033,.T.);
#7528=FACE_BOUND('',#7034,.T.);
#7529=FACE_BOUND('',#7035,.T.);
#7530=FACE_BOUND('',#7036,.T.);
#7531=FACE_BOUND('',#7037,.T.);
#7532=FACE_BOUND('',#7038,.T.);
#7533=FACE_BOUND('',#7039,.T.);
#7534=FACE_BOUND('',#7040,.T.);
#7535=FACE_BOUND('',#7041,.T.);
#7536=FACE_BOUND('',#7042,.T.);
#7537=FACE_BOUND('',#7043,.T.);
#7538=FACE_BOUND('',#7044,.T.);
#7539=FACE_BOUND('',#7045,.T.);
#7540=FACE_BOUND('',#7046,.T.);
#7541=FACE_BOUND('',#7047,.T.);
#7542=FACE_BOUND('',#7048,.T.);
#7543=FACE_BOUND('',#7049,.T.);
#7544=FACE_BOUND('',#7050,.T.);
#7545=FACE_BOUND('',#7051,.T.);
#7546=FACE_BOUND('',#7052,.T.);
#7547=FACE_BOUND('',#7053,.T.);
#7548=FACE_BOUND('',#7054,.T.);
#7549=FACE_BOUND('',#7055,.T.);
#7550=FACE_BOUND('',#7056,.T.);
#7551=FACE_BOUND('',#7057,.T.);
#7552=FACE_BOUND('',#7058,.T.);
#7553=FACE_BOUND('',#7059,.T.);
#7554=FACE_BOUND('',#7060,.T.);
#7555=FACE_BOUND('',#7061,.T.);
#7556=FACE_BOUND('',#7062,.T.);
#7557=FACE_BOUND('',#7063,.T.);
#7558=FACE_BOUND('',#7064,.T.);
#7559=FACE_BOUND('',#7065,.T.);
#7560=FACE_BOUND('',#7066,.T.);
#7561=FACE_BOUND('',#7067,.T.);
#7562=FACE_BOUND('',#7068,.T.);
#7563=FACE_BOUND('',#7069,.T.);
#7564=FACE_BOUND('',#7070,.T.);
#7565=FACE_BOUND('',#7071,.T.);
#7566=FACE_BOUND('',#7072,.T.);
#7567=FACE_BOUND('',#7073,.T.);
#7568=FACE_BOUND('',#7074,.T.);
#7569=FACE_BOUND('',#7075,.T.);
#7570=FACE_BOUND('',#7076,.T.);
#7571=FACE_BOUND('',#7077,.T.);
#7572=FACE_BOUND('',#7078,.T.);
#7573=FACE_BOUND('',#7079,.T.);
#7574=FACE_BOUND('',#7080,.T.);
#7575=FACE_BOUND('',#7081,.T.);
#7576=FACE_BOUND('',#7082,.T.);
#7577=FACE_BOUND('',#7083,.T.);
#7578=FACE_BOUND('',#7084,.T.);
#7579=FACE_BOUND('',#7085,.T.);
#7580=FACE_BOUND('',#7086,.T.);
#7581=FACE_BOUND('',#7087,.T.);
#7582=FACE_BOUND('',#7088,.T.);
#7583=FACE_BOUND('',#7089,.T.);
#7584=FACE_BOUND('',#7090,.T.);
#7585=FACE_BOUND('',#7091,.T.);
#7586=FACE_BOUND('',#7092,.T.);
#7587=FACE_BOUND('',#7093,.T.);
#7588=FACE_BOUND('',#7094,.T.);
#7589=FACE_BOUND('',#7095,.T.);
#7590=FACE_BOUND('',#7096,.T.);
#7591=FACE_BOUND('',#7097,.T.);
#7592=FACE_BOUND('',#7098,.T.);
#7593=FACE_BOUND('',#7099,.T.);
#7594=FACE_BOUND('',#7100,.T.);
#7595=FACE_BOUND('',#7101,.T.);
#7596=FACE_BOUND('',#7102,.T.);
#7597=FACE_BOUND('',#7103,.T.);
#7598=FACE_BOUND('',#7104,.T.);
#7599=FACE_BOUND('',#7105,.T.);
#7600=FACE_BOUND('',#7106,.T.);
#7601=FACE_BOUND('',#7107,.T.);
#7602=FACE_BOUND('',#7108,.T.);
#7603=FACE_BOUND('',#7109,.T.);
#7604=FACE_BOUND('',#7110,.T.);
#7605=FACE_BOUND('',#7111,.T.);
#7606=FACE_BOUND('',#7112,.T.);
#7607=FACE_BOUND('',#7113,.T.);
#7608=FACE_BOUND('',#7114,.T.);
#7609=FACE_BOUND('',#7115,.T.);
#7610=FACE_BOUND('',#7116,.T.);
#7611=FACE_BOUND('',#7117,.T.);
#7612=FACE_BOUND('',#7118,.T.);
#7613=FACE_BOUND('',#7119,.T.);
#7614=FACE_BOUND('',#7120,.T.);
#7615=FACE_BOUND('',#7121,.T.);
#7616=FACE_BOUND('',#7122,.T.);
#7617=FACE_BOUND('',#7123,.T.);
#7618=FACE_BOUND('',#7124,.T.);
#7619=FACE_BOUND('',#7125,.T.);
#7620=FACE_BOUND('',#7126,.T.);
#7621=FACE_BOUND('',#7127,.T.);
#7622=FACE_BOUND('',#7128,.T.);
#7623=FACE_BOUND('',#7129,.T.);
#7624=FACE_BOUND('',#7130,.T.);
#7625=FACE_BOUND('',#7131,.T.);
#7626=FACE_BOUND('',#7132,.T.);
#7627=FACE_BOUND('',#7133,.T.);
#7628=FACE_BOUND('',#7134,.T.);
#7629=FACE_BOUND('',#7135,.T.);
#7630=FACE_BOUND('',#7136,.T.);
#7631=FACE_BOUND('',#7137,.T.);
#7632=FACE_BOUND('',#7138,.T.);
#7633=FACE_BOUND('',#7139,.T.);
#7634=FACE_BOUND('',#7140,.T.);
#7635=FACE_BOUND('',#7141,.T.);
#7636=FACE_BOUND('',#7142,.T.);
#7637=FACE_BOUND('',#7143,.T.);
#7638=FACE_BOUND('',#7144,.T.);
#7639=FACE_BOUND('',#7145,.T.);
#7640=FACE_BOUND('',#7146,.T.);
#7641=FACE_BOUND('',#7147,.T.);
#7642=FACE_BOUND('',#7148,.T.);
#7643=FACE_BOUND('',#7149,.T.);
#7644=FACE_BOUND('',#7150,.T.);
#7645=FACE_BOUND('',#7151,.T.);
#7646=FACE_BOUND('',#7152,.T.);
#7647=FACE_BOUND('',#7153,.T.);
#7648=FACE_BOUND('',#7154,.T.);
#7649=FACE_BOUND('',#7155,.T.);
#7650=FACE_BOUND('',#7156,.T.);
#7651=FACE_BOUND('',#7157,.T.);
#7652=FACE_BOUND('',#7158,.T.);
#7653=FACE_BOUND('',#7159,.T.);
#7654=FACE_BOUND('',#7160,.T.);
#7655=FACE_BOUND('',#7161,.T.);
#7656=FACE_BOUND('',#7162,.T.);
#7657=FACE_BOUND('',#7163,.T.);
#7658=FACE_BOUND('',#7164,.T.);
#7659=FACE_BOUND('',#7165,.T.);
#7660=FACE_BOUND('',#7166,.T.);
#7661=FACE_BOUND('',#7167,.T.);
#7662=FACE_BOUND('',#7168,.T.);
#7663=FACE_BOUND('',#7169,.T.);
#7664=FACE_BOUND('',#7170,.T.);
#7665=FACE_BOUND('',#7171,.T.);
#7666=FACE_BOUND('',#7172,.T.);
#7667=FACE_BOUND('',#7173,.T.);
#7668=FACE_BOUND('',#7174,.T.);
#7669=FACE_BOUND('',#7175,.T.);
#7670=FACE_BOUND('',#7176,.T.);
#7671=FACE_BOUND('',#7177,.T.);
#7672=FACE_BOUND('',#7178,.T.);
#7673=FACE_BOUND('',#7179,.T.);
#7674=FACE_BOUND('',#7180,.T.);
#7675=FACE_BOUND('',#7181,.T.);
#7676=FACE_BOUND('',#7182,.T.);
#7677=FACE_BOUND('',#7183,.T.);
#7678=FACE_BOUND('',#7184,.T.);
#7679=FACE_BOUND('',#7185,.T.);
#7680=FACE_BOUND('',#7186,.T.);
#7681=FACE_BOUND('',#7187,.T.);
#7682=FACE_BOUND('',#7188,.T.);
#7683=FACE_BOUND('',#7189,.T.);
#7684=FACE_BOUND('',#7190,.T.);
#7685=FACE_BOUND('',#7191,.T.);
#7686=FACE_BOUND('',#7192,.T.);
#7687=FACE_BOUND('',#7193,.T.);
#7688=FACE_BOUND('',#7194,.T.);
#7689=FACE_BOUND('',#7195,.T.);
#7690=FACE_BOUND('',#7196,.T.);
#7691=FACE_BOUND('',#7197,.T.);
#7692=FACE_BOUND('',#7198,.T.);
#7693=FACE_BOUND('',#7199,.T.);
#7694=FACE_BOUND('',#7200,.T.);
#7695=FACE_BOUND('',#7201,.T.);
#7696=FACE_BOUND('',#7202,.T.);
#7697=FACE_BOUND('',#7203,.T.);
#7698=FACE_BOUND('',#7204,.T.);
#7699=FACE_BOUND('',#7205,.T.);
#7700=FACE_BOUND('',#7206,.T.);
#7701=FACE_BOUND('',#7207,.T.);
#7702=FACE_BOUND('',#7208,.T.);
#7703=FACE_BOUND('',#7209,.T.);
#7704=FACE_BOUND('',#7210,.T.);
#7705=FACE_BOUND('',#7211,.T.);
#7706=FACE_BOUND('',#7212,.T.);
#7707=FACE_BOUND('',#7213,.T.);
#7708=FACE_BOUND('',#7214,.T.);
#7709=FACE_BOUND('',#7215,.T.);
#7710=FACE_BOUND('',#7216,.T.);
#7711=FACE_BOUND('',#7217,.T.);
#7712=FACE_BOUND('',#7218,.T.);
#7713=FACE_BOUND('',#7219,.T.);
#7714=FACE_BOUND('',#7220,.T.);
#7715=FACE_BOUND('',#7221,.T.);
#7716=FACE_BOUND('',#7222,.T.);
#7717=FACE_BOUND('',#7223,.T.);
#7718=FACE_BOUND('',#7224,.T.);
#7719=FACE_BOUND('',#7225,.T.);
#7720=FACE_BOUND('',#7226,.T.);
#7721=FACE_BOUND('',#7227,.T.);
#7722=FACE_BOUND('',#7228,.T.);
#7723=FACE_BOUND('',#7229,.T.);
#7724=FACE_BOUND('',#7230,.T.);
#7725=FACE_BOUND('',#7231,.T.);
#7726=FACE_BOUND('',#7232,.T.);
#7727=FACE_BOUND('',#7233,.T.);
#7728=FACE_BOUND('',#7234,.T.);
#7729=FACE_BOUND('',#7235,.T.);
#7730=FACE_BOUND('',#7236,.T.);
#7731=FACE_BOUND('',#7237,.T.);
#7732=FACE_BOUND('',#7238,.T.);
#7733=FACE_BOUND('',#7239,.T.);
#7734=FACE_BOUND('',#7240,.T.);
#7735=FACE_BOUND('',#7241,.T.);
#7736=FACE_BOUND('',#7242,.T.);
#7737=FACE_BOUND('',#7243,.T.);
#7738=FACE_BOUND('',#7244,.T.);
#7739=FACE_BOUND('',#7245,.T.);
#7740=FACE_BOUND('',#7246,.T.);
#7741=FACE_BOUND('',#7247,.T.);
#7742=FACE_BOUND('',#7248,.T.);
#7743=FACE_BOUND('',#7249,.T.);
#7744=FACE_BOUND('',#7250,.T.);
#7745=FACE_BOUND('',#7251,.T.);
#7746=FACE_BOUND('',#7252,.T.);
#7747=FACE_BOUND('',#7253,.T.);
#7748=FACE_BOUND('',#7254,.T.);
#7749=FACE_BOUND('',#7255,.T.);
#7750=FACE_BOUND('',#7256,.T.);
#7751=FACE_BOUND('',#7257,.T.);
#7752=FACE_BOUND('',#7258,.T.);
#7753=FACE_BOUND('',#7259,.T.);
#7754=FACE_BOUND('',#7260,.T.);
#7755=FACE_BOUND('',#7261,.T.);
#7756=FACE_BOUND('',#7262,.T.);
#7757=FACE_BOUND('',#7263,.T.);
#7758=FACE_BOUND('',#7264,.T.);
#7759=FACE_BOUND('',#7265,.T.);
#7760=FACE_BOUND('',#7266,.T.);
#7761=FACE_BOUND('',#7267,.T.);
#7762=FACE_BOUND('',#7268,.T.);
#7763=FACE_BOUND('',#7269,.T.);
#7764=FACE_BOUND('',#7270,.T.);
#7765=FACE_BOUND('',#7271,.T.);
#7766=FACE_BOUND('',#7272,.T.);
#7767=FACE_BOUND('',#7273,.T.);
#7768=FACE_BOUND('',#7274,.T.);
#7769=FACE_BOUND('',#7275,.T.);
#7770=FACE_BOUND('',#7276,.T.);
#7771=FACE_BOUND('',#7277,.T.);
#7772=FACE_BOUND('',#7278,.T.);
#7773=FACE_BOUND('',#7279,.T.);
#7774=FACE_BOUND('',#7280,.T.);
#7775=FACE_BOUND('',#7281,.T.);
#7776=FACE_BOUND('',#7282,.T.);
#7777=FACE_BOUND('',#7283,.T.);
#7778=FACE_BOUND('',#7284,.T.);
#7779=FACE_BOUND('',#7285,.T.);
#7780=FACE_BOUND('',#7286,.T.);
#7781=FACE_BOUND('',#7287,.T.);
#7782=FACE_BOUND('',#7288,.T.);
#7783=FACE_BOUND('',#7289,.T.);
#7784=FACE_BOUND('',#7290,.T.);
#7785=FACE_BOUND('',#7291,.T.);
#7786=FACE_BOUND('',#7292,.T.);
#7787=FACE_BOUND('',#7293,.T.);
#7788=FACE_BOUND('',#7294,.T.);
#7789=FACE_BOUND('',#7295,.T.);
#7790=FACE_BOUND('',#7296,.T.);
#7791=FACE_BOUND('',#7297,.T.);
#7792=FACE_BOUND('',#7298,.T.);
#7793=FACE_BOUND('',#7299,.T.);
#7794=FACE_BOUND('',#7300,.T.);
#7795=FACE_BOUND('',#7301,.T.);
#7796=FACE_BOUND('',#7302,.T.);
#7797=FACE_BOUND('',#7303,.T.);
#7798=FACE_BOUND('',#7304,.T.);
#7799=FACE_BOUND('',#7305,.T.);
#7800=FACE_BOUND('',#7306,.T.);
#7801=FACE_BOUND('',#7307,.T.);
#7802=FACE_BOUND('',#7308,.T.);
#7803=FACE_BOUND('',#7309,.T.);
#7804=FACE_BOUND('',#7310,.T.);
#7805=FACE_BOUND('',#7311,.T.);
#7806=FACE_BOUND('',#7312,.T.);
#7807=FACE_BOUND('',#7313,.T.);
#7808=FACE_BOUND('',#7314,.T.);
#7809=FACE_BOUND('',#7315,.T.);
#7810=FACE_BOUND('',#7316,.T.);
#7811=FACE_BOUND('',#7317,.T.);
#7812=FACE_BOUND('',#7318,.T.);
#7813=FACE_BOUND('',#7319,.T.);
#7814=FACE_BOUND('',#7320,.T.);
#7815=FACE_BOUND('',#7321,.T.);
#7816=FACE_BOUND('',#7322,.T.);
#7817=FACE_BOUND('',#7323,.T.);
#7818=FACE_BOUND('',#7324,.T.);
#7819=FACE_BOUND('',#7325,.T.);
#7820=FACE_BOUND('',#7326,.T.);
#7821=FACE_BOUND('',#7327,.T.);
#7822=FACE_BOUND('',#7328,.T.);
#7823=PLANE('',#9859);
#7824=PLANE('',#9864);
#7825=PLANE('',#9891);
#7826=PLANE('',#9892);
#7827=PLANE('',#9893);
#7828=PLANE('',#9894);
#7829=PLANE('',#9895);
#7830=PLANE('',#9896);
#7831=PLANE('',#9897);
#7832=PLANE('',#9898);
#7833=PLANE('',#9899);
#7834=PLANE('',#9900);
#7835=PLANE('',#9905);
#7836=PLANE('',#9906);
#7837=PLANE('',#9907);
#7838=PLANE('',#9908);
#7839=PLANE('',#9909);
#7840=PLANE('',#9910);
#7841=PLANE('',#9911);
#7842=PLANE('',#9912);
#7843=PLANE('',#9918);
#7844=PLANE('',#9930);
#7845=PLANE('',#9932);
#7846=PLANE('',#9937);
#7847=PLANE('',#9938);
#7848=PLANE('',#9939);
#7849=PLANE('',#9942);
#7850=PLANE('',#9943);
#7851=PLANE('',#9959);
#7852=PLANE('',#9960);
#7853=PLANE('',#9961);
#7854=PLANE('',#9962);
#7855=PLANE('',#9964);
#7856=PLANE('',#9966);
#7857=PLANE('',#9968);
#7858=PLANE('',#9970);
#7859=PLANE('',#9971);
#7860=PLANE('',#9972);
#7861=PLANE('',#9978);
#7862=PLANE('',#9995);
#7863=PLANE('',#9996);
#7864=PLANE('',#9997);
#7865=PLANE('',#9998);
#7866=PLANE('',#9999);
#7867=PLANE('',#10000);
#7868=PLANE('',#10001);
#7869=PLANE('',#10002);
#7870=PLANE('',#10003);
#7871=PLANE('',#10004);
#7872=PLANE('',#10008);
#7873=PLANE('',#10009);
#7874=PLANE('',#10010);
#7875=PLANE('',#10011);
#7876=PLANE('',#10012);
#7877=PLANE('',#10013);
#7878=PLANE('',#10014);
#7879=PLANE('',#10015);
#7880=PLANE('',#10016);
#7881=PLANE('',#10017);
#7882=PLANE('',#10021);
#7883=PLANE('',#10025);
#7884=PLANE('',#10029);
#7885=PLANE('',#10033);
#7886=PLANE('',#10037);
#7887=PLANE('',#10041);
#7888=PLANE('',#10042);
#7889=PLANE('',#10043);
#7890=PLANE('',#10044);
#7891=PLANE('',#10045);
#7892=PLANE('',#10046);
#7893=PLANE('',#10047);
#7894=PLANE('',#10048);
#7895=PLANE('',#10049);
#7896=PLANE('',#10050);
#7897=PLANE('',#10051);
#7898=PLANE('',#10052);
#7899=PLANE('',#10053);
#7900=PLANE('',#10054);
#7901=PLANE('',#10055);
#7902=PLANE('',#10056);
#7903=PLANE('',#10057);
#7904=PLANE('',#10058);
#7905=PLANE('',#10059);
#7906=PLANE('',#10060);
#7907=PLANE('',#10061);
#7908=PLANE('',#10062);
#7909=PLANE('',#10063);
#7910=PLANE('',#10064);
#7911=PLANE('',#10065);
#7912=PLANE('',#10066);
#7913=PLANE('',#10067);
#7914=PLANE('',#10068);
#7915=PLANE('',#10069);
#7916=PLANE('',#10070);
#7917=PLANE('',#10071);
#7918=PLANE('',#10072);
#7919=PLANE('',#10073);
#7920=PLANE('',#10074);
#7921=PLANE('',#10075);
#7922=PLANE('',#10076);
#7923=PLANE('',#10077);
#7924=PLANE('',#10078);
#7925=PLANE('',#10080);
#7926=PLANE('',#10083);
#7927=PLANE('',#10084);
#7928=PLANE('',#10087);
#7929=PLANE('',#10088);
#7930=PLANE('',#10089);
#7931=PLANE('',#10090);
#7932=PLANE('',#10091);
#7933=PLANE('',#10092);
#7934=PLANE('',#10093);
#7935=PLANE('',#10094);
#7936=PLANE('',#10095);
#7937=PLANE('',#10096);
#7938=PLANE('',#10097);
#7939=PLANE('',#10098);
#7940=PLANE('',#10099);
#7941=PLANE('',#10100);
#7942=PLANE('',#10101);
#7943=PLANE('',#10102);
#7944=PLANE('',#10103);
#7945=PLANE('',#10104);
#7946=PLANE('',#10105);
#7947=PLANE('',#10106);
#7948=PLANE('',#10107);
#7949=PLANE('',#10108);
#7950=PLANE('',#10109);
#7951=PLANE('',#10110);
#7952=PLANE('',#10111);
#7953=PLANE('',#10112);
#7954=PLANE('',#10113);
#7955=PLANE('',#10114);
#7956=PLANE('',#10115);
#7957=PLANE('',#10116);
#7958=PLANE('',#10117);
#7959=PLANE('',#10118);
#7960=PLANE('',#10125);
#7961=PLANE('',#10132);
#7962=PLANE('',#10133);
#7963=PLANE('',#10134);
#7964=PLANE('',#10135);
#7965=PLANE('',#10136);
#7966=PLANE('',#10137);
#7967=PLANE('',#10138);
#7968=PLANE('',#10139);
#7969=PLANE('',#10140);
#7970=PLANE('',#10145);
#7971=PLANE('',#10150);
#7972=PLANE('',#10151);
#7973=PLANE('',#10152);
#7974=PLANE('',#10153);
#7975=PLANE('',#10154);
#7976=PLANE('',#10155);
#7977=PLANE('',#10156);
#7978=PLANE('',#10157);
#7979=PLANE('',#10158);
#7980=PLANE('',#10159);
#7981=PLANE('',#10160);
#7982=PLANE('',#10161);
#7983=PLANE('',#10162);
#7984=PLANE('',#10163);
#7985=PLANE('',#10164);
#7986=PLANE('',#10165);
#7987=PLANE('',#10166);
#7988=PLANE('',#10167);
#7989=PLANE('',#10168);
#7990=PLANE('',#10173);
#7991=PLANE('',#10174);
#7992=PLANE('',#10181);
#7993=PLANE('',#10182);
#7994=PLANE('',#10183);
#7995=PLANE('',#10184);
#7996=PLANE('',#10193);
#7997=PLANE('',#10194);
#7998=PLANE('',#10195);
#7999=PLANE('',#10208);
#8000=PLANE('',#10209);
#8001=PLANE('',#10210);
#8002=PLANE('',#10211);
#8003=PLANE('',#10212);
#8004=PLANE('',#10213);
#8005=PLANE('',#10214);
#8006=PLANE('',#10215);
#8007=PLANE('',#10218);
#8008=PLANE('',#10219);
#8009=PLANE('',#10224);
#8010=PLANE('',#10225);
#8011=PLANE('',#10226);
#8012=PLANE('',#10227);
#8013=PLANE('',#10228);
#8014=PLANE('',#10229);
#8015=PLANE('',#10230);
#8016=PLANE('',#10231);
#8017=PLANE('',#10232);
#8018=PLANE('',#10235);
#8019=PLANE('',#10236);
#8020=PLANE('',#10237);
#8021=PLANE('',#10238);
#8022=PLANE('',#10239);
#8023=PLANE('',#10240);
#8024=PLANE('',#10241);
#8025=PLANE('',#10242);
#8026=PLANE('',#10243);
#8027=PLANE('',#10244);
#8028=PLANE('',#10245);
#8029=PLANE('',#10246);
#8030=PLANE('',#10247);
#8031=PLANE('',#10248);
#8032=PLANE('',#10249);
#8033=PLANE('',#10250);
#8034=PLANE('',#10251);
#8035=PLANE('',#10252);
#8036=PLANE('',#10253);
#8037=PLANE('',#10254);
#8038=PLANE('',#10255);
#8039=PLANE('',#10256);
#8040=PLANE('',#10257);
#8041=PLANE('',#10258);
#8042=PLANE('',#10259);
#8043=PLANE('',#10260);
#8044=PLANE('',#10261);
#8045=PLANE('',#10262);
#8046=PLANE('',#10263);
#8047=PLANE('',#10264);
#8048=PLANE('',#10267);
#8049=PLANE('',#10268);
#8050=PLANE('',#10269);
#8051=PLANE('',#10272);
#8052=PLANE('',#10273);
#8053=PLANE('',#10274);
#8054=PLANE('',#10275);
#8055=PLANE('',#10276);
#8056=PLANE('',#10277);
#8057=PLANE('',#10278);
#8058=PLANE('',#10279);
#8059=PLANE('',#10280);
#8060=PLANE('',#10281);
#8061=PLANE('',#10282);
#8062=PLANE('',#10283);
#8063=PLANE('',#10284);
#8064=PLANE('',#10285);
#8065=PLANE('',#10286);
#8066=PLANE('',#10287);
#8067=PLANE('',#10288);
#8068=PLANE('',#10289);
#8069=PLANE('',#10290);
#8070=PLANE('',#10291);
#8071=PLANE('',#10292);
#8072=PLANE('',#10293);
#8073=PLANE('',#10294);
#8074=PLANE('',#10295);
#8075=PLANE('',#10296);
#8076=PLANE('',#10297);
#8077=PLANE('',#10298);
#8078=PLANE('',#10299);
#8079=PLANE('',#10300);
#8080=PLANE('',#10301);
#8081=PLANE('',#10302);
#8082=PLANE('',#10303);
#8083=PLANE('',#10304);
#8084=PLANE('',#10305);
#8085=PLANE('',#10306);
#8086=PLANE('',#10307);
#8087=PLANE('',#10308);
#8088=PLANE('',#10309);
#8089=PLANE('',#10310);
#8090=PLANE('',#10311);
#8091=PLANE('',#10312);
#8092=PLANE('',#10313);
#8093=PLANE('',#10314);
#8094=PLANE('',#10315);
#8095=PLANE('',#10316);
#8096=PLANE('',#10317);
#8097=PLANE('',#10318);
#8098=PLANE('',#10319);
#8099=OVER_RIDING_STYLED_ITEM('',(#8737),#8284,#8735);
#8100=OVER_RIDING_STYLED_ITEM('',(#8738),#8285,#8735);
#8101=OVER_RIDING_STYLED_ITEM('',(#8739),#8286,#8735);
#8102=OVER_RIDING_STYLED_ITEM('',(#8740),#8287,#8735);
#8103=OVER_RIDING_STYLED_ITEM('',(#8741),#8288,#8735);
#8104=OVER_RIDING_STYLED_ITEM('',(#8742),#8289,#8735);
#8105=OVER_RIDING_STYLED_ITEM('',(#8743),#8290,#8735);
#8106=OVER_RIDING_STYLED_ITEM('',(#8744),#8291,#8735);
#8107=OVER_RIDING_STYLED_ITEM('',(#8745),#8292,#8735);
#8108=OVER_RIDING_STYLED_ITEM('',(#8746),#8293,#8735);
#8109=OVER_RIDING_STYLED_ITEM('',(#8747),#8294,#8735);
#8110=OVER_RIDING_STYLED_ITEM('',(#8748),#8295,#8735);
#8111=OVER_RIDING_STYLED_ITEM('',(#8749),#8296,#8735);
#8112=OVER_RIDING_STYLED_ITEM('',(#8750),#8297,#8735);
#8113=OVER_RIDING_STYLED_ITEM('',(#8751),#8298,#8735);
#8114=OVER_RIDING_STYLED_ITEM('',(#8752),#8299,#8735);
#8115=OVER_RIDING_STYLED_ITEM('',(#8753),#8300,#8735);
#8116=OVER_RIDING_STYLED_ITEM('',(#8754),#8301,#8735);
#8117=OVER_RIDING_STYLED_ITEM('',(#8755),#8302,#8735);
#8118=OVER_RIDING_STYLED_ITEM('',(#8756),#8303,#8735);
#8119=OVER_RIDING_STYLED_ITEM('',(#8757),#8304,#8735);
#8120=OVER_RIDING_STYLED_ITEM('',(#8758),#8305,#8735);
#8121=OVER_RIDING_STYLED_ITEM('',(#8759),#8306,#8735);
#8122=OVER_RIDING_STYLED_ITEM('',(#8760),#8307,#8735);
#8123=OVER_RIDING_STYLED_ITEM('',(#8761),#8308,#8735);
#8124=OVER_RIDING_STYLED_ITEM('',(#8762),#8309,#8735);
#8125=OVER_RIDING_STYLED_ITEM('',(#8763),#8310,#8735);
#8126=OVER_RIDING_STYLED_ITEM('',(#8764),#8311,#8735);
#8127=OVER_RIDING_STYLED_ITEM('',(#8765),#8312,#8735);
#8128=OVER_RIDING_STYLED_ITEM('',(#8766),#8313,#8735);
#8129=OVER_RIDING_STYLED_ITEM('',(#8767),#8314,#8735);
#8130=OVER_RIDING_STYLED_ITEM('',(#8768),#8315,#8735);
#8131=OVER_RIDING_STYLED_ITEM('',(#8769),#8316,#8735);
#8132=OVER_RIDING_STYLED_ITEM('',(#8770),#8317,#8735);
#8133=OVER_RIDING_STYLED_ITEM('',(#8771),#8318,#8735);
#8134=OVER_RIDING_STYLED_ITEM('',(#8772),#8319,#8735);
#8135=OVER_RIDING_STYLED_ITEM('',(#8773),#8320,#8735);
#8136=OVER_RIDING_STYLED_ITEM('',(#8774),#8321,#8735);
#8137=OVER_RIDING_STYLED_ITEM('',(#8775),#8322,#8735);
#8138=OVER_RIDING_STYLED_ITEM('',(#8776),#8323,#8735);
#8139=OVER_RIDING_STYLED_ITEM('',(#8777),#8324,#8735);
#8140=OVER_RIDING_STYLED_ITEM('',(#8778),#8325,#8735);
#8141=OVER_RIDING_STYLED_ITEM('',(#8779),#8326,#8735);
#8142=OVER_RIDING_STYLED_ITEM('',(#8780),#8327,#8735);
#8143=OVER_RIDING_STYLED_ITEM('',(#8781),#8328,#8735);
#8144=OVER_RIDING_STYLED_ITEM('',(#8782),#8329,#8735);
#8145=OVER_RIDING_STYLED_ITEM('',(#8783),#8330,#8735);
#8146=OVER_RIDING_STYLED_ITEM('',(#8784),#8331,#8735);
#8147=OVER_RIDING_STYLED_ITEM('',(#8785),#8332,#8735);
#8148=OVER_RIDING_STYLED_ITEM('',(#8786),#8333,#8735);
#8149=OVER_RIDING_STYLED_ITEM('',(#8787),#8334,#8735);
#8150=OVER_RIDING_STYLED_ITEM('',(#8788),#8335,#8735);
#8151=OVER_RIDING_STYLED_ITEM('',(#8789),#8336,#8735);
#8152=OVER_RIDING_STYLED_ITEM('',(#8790),#8337,#8735);
#8153=OVER_RIDING_STYLED_ITEM('',(#8791),#8338,#8735);
#8154=OVER_RIDING_STYLED_ITEM('',(#8792),#8339,#8735);
#8155=OVER_RIDING_STYLED_ITEM('',(#8793),#8340,#8735);
#8156=OVER_RIDING_STYLED_ITEM('',(#8794),#8341,#8735);
#8157=OVER_RIDING_STYLED_ITEM('',(#8795),#8342,#8735);
#8158=OVER_RIDING_STYLED_ITEM('',(#8796),#8343,#8735);
#8159=OVER_RIDING_STYLED_ITEM('',(#8797),#8344,#8735);
#8160=OVER_RIDING_STYLED_ITEM('',(#8798),#8345,#8735);
#8161=OVER_RIDING_STYLED_ITEM('',(#8799),#8346,#8735);
#8162=OVER_RIDING_STYLED_ITEM('',(#8800),#8347,#8735);
#8163=OVER_RIDING_STYLED_ITEM('',(#8801),#8348,#8735);
#8164=OVER_RIDING_STYLED_ITEM('',(#8802),#8349,#8735);
#8165=OVER_RIDING_STYLED_ITEM('',(#8803),#8350,#8735);
#8166=OVER_RIDING_STYLED_ITEM('',(#8804),#8351,#8735);
#8167=OVER_RIDING_STYLED_ITEM('',(#8805),#8352,#8735);
#8168=OVER_RIDING_STYLED_ITEM('',(#8806),#8353,#8735);
#8169=OVER_RIDING_STYLED_ITEM('',(#8807),#8354,#8735);
#8170=OVER_RIDING_STYLED_ITEM('',(#8808),#8355,#8735);
#8171=OVER_RIDING_STYLED_ITEM('',(#8809),#8356,#8735);
#8172=OVER_RIDING_STYLED_ITEM('',(#8810),#8357,#8735);
#8173=OVER_RIDING_STYLED_ITEM('',(#8811),#8358,#8735);
#8174=OVER_RIDING_STYLED_ITEM('',(#8812),#8359,#8735);
#8175=OVER_RIDING_STYLED_ITEM('',(#8813),#8360,#8735);
#8176=OVER_RIDING_STYLED_ITEM('',(#8814),#8361,#8735);
#8177=OVER_RIDING_STYLED_ITEM('',(#8815),#8362,#8735);
#8178=OVER_RIDING_STYLED_ITEM('',(#8816),#8363,#8735);
#8179=OVER_RIDING_STYLED_ITEM('',(#8817),#8364,#8735);
#8180=OVER_RIDING_STYLED_ITEM('',(#8818),#8365,#8735);
#8181=OVER_RIDING_STYLED_ITEM('',(#8819),#8366,#8735);
#8182=OVER_RIDING_STYLED_ITEM('',(#8820),#8367,#8735);
#8183=OVER_RIDING_STYLED_ITEM('',(#8821),#8368,#8735);
#8184=OVER_RIDING_STYLED_ITEM('',(#8822),#8369,#8735);
#8185=OVER_RIDING_STYLED_ITEM('',(#8823),#8370,#8735);
#8186=OVER_RIDING_STYLED_ITEM('',(#8824),#8371,#8735);
#8187=OVER_RIDING_STYLED_ITEM('',(#8825),#8372,#8735);
#8188=OVER_RIDING_STYLED_ITEM('',(#8826),#8373,#8735);
#8189=OVER_RIDING_STYLED_ITEM('',(#8827),#8374,#8735);
#8190=OVER_RIDING_STYLED_ITEM('',(#8828),#8375,#8735);
#8191=OVER_RIDING_STYLED_ITEM('',(#8829),#8376,#8735);
#8192=OVER_RIDING_STYLED_ITEM('',(#8830),#8377,#8735);
#8193=OVER_RIDING_STYLED_ITEM('',(#8831),#8378,#8735);
#8194=OVER_RIDING_STYLED_ITEM('',(#8832),#8379,#8735);
#8195=OVER_RIDING_STYLED_ITEM('',(#8833),#8380,#8735);
#8196=OVER_RIDING_STYLED_ITEM('',(#8834),#8381,#8735);
#8197=OVER_RIDING_STYLED_ITEM('',(#8835),#8382,#8735);
#8198=OVER_RIDING_STYLED_ITEM('',(#8836),#8383,#8735);
#8199=OVER_RIDING_STYLED_ITEM('',(#8837),#8384,#8735);
#8200=OVER_RIDING_STYLED_ITEM('',(#8838),#8385,#8735);
#8201=OVER_RIDING_STYLED_ITEM('',(#8839),#8386,#8735);
#8202=OVER_RIDING_STYLED_ITEM('',(#8840),#8387,#8735);
#8203=OVER_RIDING_STYLED_ITEM('',(#8841),#8388,#8735);
#8204=OVER_RIDING_STYLED_ITEM('',(#8842),#8389,#8735);
#8205=OVER_RIDING_STYLED_ITEM('',(#8843),#8390,#8735);
#8206=OVER_RIDING_STYLED_ITEM('',(#8844),#8391,#8735);
#8207=OVER_RIDING_STYLED_ITEM('',(#8845),#8392,#8735);
#8208=OVER_RIDING_STYLED_ITEM('',(#8846),#8393,#8735);
#8209=OVER_RIDING_STYLED_ITEM('',(#8847),#8394,#8735);
#8210=OVER_RIDING_STYLED_ITEM('',(#8848),#8395,#8735);
#8211=OVER_RIDING_STYLED_ITEM('',(#8849),#8396,#8735);
#8212=OVER_RIDING_STYLED_ITEM('',(#8850),#8397,#8735);
#8213=OVER_RIDING_STYLED_ITEM('',(#8851),#8398,#8735);
#8214=OVER_RIDING_STYLED_ITEM('',(#8852),#8399,#8735);
#8215=OVER_RIDING_STYLED_ITEM('',(#8853),#8400,#8735);
#8216=OVER_RIDING_STYLED_ITEM('',(#8854),#8401,#8735);
#8217=OVER_RIDING_STYLED_ITEM('',(#8855),#8402,#8735);
#8218=OVER_RIDING_STYLED_ITEM('',(#8856),#8403,#8735);
#8219=OVER_RIDING_STYLED_ITEM('',(#8857),#8404,#8735);
#8220=OVER_RIDING_STYLED_ITEM('',(#8858),#8405,#8735);
#8221=OVER_RIDING_STYLED_ITEM('',(#8859),#8406,#8735);
#8222=OVER_RIDING_STYLED_ITEM('',(#8860),#8407,#8735);
#8223=OVER_RIDING_STYLED_ITEM('',(#8861),#8408,#8735);
#8224=OVER_RIDING_STYLED_ITEM('',(#8862),#8409,#8735);
#8225=OVER_RIDING_STYLED_ITEM('',(#8863),#8410,#8735);
#8226=OVER_RIDING_STYLED_ITEM('',(#8864),#8411,#8735);
#8227=OVER_RIDING_STYLED_ITEM('',(#8865),#8412,#8735);
#8228=OVER_RIDING_STYLED_ITEM('',(#8866),#8413,#8735);
#8229=OVER_RIDING_STYLED_ITEM('',(#8867),#8414,#8735);
#8230=OVER_RIDING_STYLED_ITEM('',(#8868),#8415,#8735);
#8231=OVER_RIDING_STYLED_ITEM('',(#8869),#8416,#8735);
#8232=OVER_RIDING_STYLED_ITEM('',(#8870),#8417,#8735);
#8233=OVER_RIDING_STYLED_ITEM('',(#8871),#8418,#8735);
#8234=OVER_RIDING_STYLED_ITEM('',(#8872),#8419,#8735);
#8235=OVER_RIDING_STYLED_ITEM('',(#8873),#8420,#8735);
#8236=OVER_RIDING_STYLED_ITEM('',(#8874),#8421,#8735);
#8237=OVER_RIDING_STYLED_ITEM('',(#8875),#8422,#8735);
#8238=OVER_RIDING_STYLED_ITEM('',(#8876),#8423,#8735);
#8239=OVER_RIDING_STYLED_ITEM('',(#8877),#8424,#8735);
#8240=OVER_RIDING_STYLED_ITEM('',(#8878),#8425,#8735);
#8241=OVER_RIDING_STYLED_ITEM('',(#8879),#8426,#8735);
#8242=OVER_RIDING_STYLED_ITEM('',(#8880),#8427,#8735);
#8243=OVER_RIDING_STYLED_ITEM('',(#8881),#8428,#8735);
#8244=OVER_RIDING_STYLED_ITEM('',(#8882),#8429,#8735);
#8245=OVER_RIDING_STYLED_ITEM('',(#8883),#8430,#8735);
#8246=OVER_RIDING_STYLED_ITEM('',(#8884),#8431,#8735);
#8247=OVER_RIDING_STYLED_ITEM('',(#8885),#8432,#8735);
#8248=OVER_RIDING_STYLED_ITEM('',(#8886),#8433,#8735);
#8249=OVER_RIDING_STYLED_ITEM('',(#8887),#8434,#8735);
#8250=OVER_RIDING_STYLED_ITEM('',(#8888),#8435,#8735);
#8251=OVER_RIDING_STYLED_ITEM('',(#8889),#8436,#8735);
#8252=OVER_RIDING_STYLED_ITEM('',(#8890),#8437,#8735);
#8253=OVER_RIDING_STYLED_ITEM('',(#8891),#8438,#8735);
#8254=OVER_RIDING_STYLED_ITEM('',(#8892),#8439,#8735);
#8255=OVER_RIDING_STYLED_ITEM('',(#8893),#8440,#8735);
#8256=OVER_RIDING_STYLED_ITEM('',(#8894),#8441,#8735);
#8257=OVER_RIDING_STYLED_ITEM('',(#8895),#8442,#8735);
#8258=OVER_RIDING_STYLED_ITEM('',(#8896),#8443,#8735);
#8259=OVER_RIDING_STYLED_ITEM('',(#8897),#8444,#8735);
#8260=OVER_RIDING_STYLED_ITEM('',(#8898),#8445,#8735);
#8261=OVER_RIDING_STYLED_ITEM('',(#8899),#8446,#8735);
#8262=OVER_RIDING_STYLED_ITEM('',(#8900),#8447,#8735);
#8263=OVER_RIDING_STYLED_ITEM('',(#8901),#8448,#8735);
#8264=OVER_RIDING_STYLED_ITEM('',(#8902),#8449,#8735);
#8265=OVER_RIDING_STYLED_ITEM('',(#8903),#8450,#8735);
#8266=OVER_RIDING_STYLED_ITEM('',(#8904),#8451,#8735);
#8267=OVER_RIDING_STYLED_ITEM('',(#8905),#8452,#8735);
#8268=OVER_RIDING_STYLED_ITEM('',(#8906),#8453,#8735);
#8269=OVER_RIDING_STYLED_ITEM('',(#8907),#8454,#8735);
#8270=OVER_RIDING_STYLED_ITEM('',(#8908),#8455,#8735);
#8271=OVER_RIDING_STYLED_ITEM('',(#8909),#8456,#8735);
#8272=OVER_RIDING_STYLED_ITEM('',(#8910),#8457,#8735);
#8273=OVER_RIDING_STYLED_ITEM('',(#8911),#8458,#8735);
#8274=OVER_RIDING_STYLED_ITEM('',(#8912),#8459,#8735);
#8275=OVER_RIDING_STYLED_ITEM('',(#8913),#8460,#8735);
#8276=OVER_RIDING_STYLED_ITEM('',(#8914),#8461,#8735);
#8277=OVER_RIDING_STYLED_ITEM('',(#8915),#8462,#8735);
#8278=OVER_RIDING_STYLED_ITEM('',(#8916),#8463,#8735);
#8279=OVER_RIDING_STYLED_ITEM('',(#8917),#8464,#8735);
#8280=OVER_RIDING_STYLED_ITEM('',(#8918),#8465,#8735);
#8281=OVER_RIDING_STYLED_ITEM('',(#8919),#8466,#8735);
#8282=OVER_RIDING_STYLED_ITEM('',(#8920),#8625,#8735);
#8283=OVER_RIDING_STYLED_ITEM('',(#8921),#8733,#8735);
#8284=ADVANCED_FACE('',(#7329,#7330,#7331,#7332,#7333,#7334),#7823,.T.);
#8285=ADVANCED_FACE('',(#7335,#7336,#7337,#7338,#7339,#7340,#7341),#7824,
 .T.);
#8286=ADVANCED_FACE('',(#7342),#124,.T.);
#8287=ADVANCED_FACE('',(#7343),#7825,.F.);
#8288=ADVANCED_FACE('',(#7344),#7826,.F.);
#8289=ADVANCED_FACE('',(#7345),#7827,.F.);
#8290=ADVANCED_FACE('',(#7346),#7828,.F.);
#8291=ADVANCED_FACE('',(#7347),#7829,.F.);
#8292=ADVANCED_FACE('',(#7348),#7830,.F.);
#8293=ADVANCED_FACE('',(#7349),#7831,.F.);
#8294=ADVANCED_FACE('',(#7350),#7832,.F.);
#8295=ADVANCED_FACE('',(#7351),#7833,.F.);
#8296=ADVANCED_FACE('',(#7352),#7834,.F.);
#8297=ADVANCED_FACE('',(#7353),#125,.F.);
#8298=ADVANCED_FACE('',(#7354),#126,.F.);
#8299=ADVANCED_FACE('',(#7355),#7835,.F.);
#8300=ADVANCED_FACE('',(#7356),#27,.T.);
#8301=ADVANCED_FACE('',(#7357),#7836,.F.);
#8302=ADVANCED_FACE('',(#7358),#7837,.F.);
#8303=ADVANCED_FACE('',(#7359),#28,.T.);
#8304=ADVANCED_FACE('',(#7360),#29,.T.);
#8305=ADVANCED_FACE('',(#7361),#30,.T.);
#8306=ADVANCED_FACE('',(#7362),#31,.T.);
#8307=ADVANCED_FACE('',(#7363),#32,.T.);
#8308=ADVANCED_FACE('',(#7364),#33,.T.);
#8309=ADVANCED_FACE('',(#7365),#7838,.F.);
#8310=ADVANCED_FACE('',(#7366),#7839,.F.);
#8311=ADVANCED_FACE('',(#7367),#7840,.F.);
#8312=ADVANCED_FACE('',(#7368),#7841,.F.);
#8313=ADVANCED_FACE('',(#7369),#34,.T.);
#8314=ADVANCED_FACE('',(#7370),#35,.T.);
#8315=ADVANCED_FACE('',(#7371),#36,.T.);
#8316=ADVANCED_FACE('',(#7372),#37,.T.);
#8317=ADVANCED_FACE('',(#7373),#38,.T.);
#8318=ADVANCED_FACE('',(#7374),#39,.T.);
#8319=ADVANCED_FACE('',(#7375),#40,.T.);
#8320=ADVANCED_FACE('',(#7376),#41,.T.);
#8321=ADVANCED_FACE('',(#7377),#7842,.F.);
#8322=ADVANCED_FACE('',(#7378),#127,.F.);
#8323=ADVANCED_FACE('',(#7379),#128,.F.);
#8324=ADVANCED_FACE('',(#7380),#7843,.F.);
#8325=ADVANCED_FACE('',(#7381),#129,.T.);
#8326=ADVANCED_FACE('',(#7382),#130,.F.);
#8327=ADVANCED_FACE('',(#7383,#7384,#7385),#42,.T.);
#8328=ADVANCED_FACE('',(#7386,#7387),#131,.F.);
#8329=ADVANCED_FACE('',(#7388,#7389),#132,.F.);
#8330=ADVANCED_FACE('',(#7390,#7391),#18,.T.);
#8331=ADVANCED_FACE('',(#7392,#7393),#7844,.T.);
#8332=ADVANCED_FACE('',(#7394,#7395),#16,.T.);
#8333=ADVANCED_FACE('',(#7396,#7397),#7845,.T.);
#8334=ADVANCED_FACE('',(#7398,#7399),#19,.T.);
#8335=ADVANCED_FACE('',(#7400,#7401),#17,.T.);
#8336=ADVANCED_FACE('',(#7402),#7846,.T.);
#8337=ADVANCED_FACE('',(#7403),#7847,.T.);
#8338=ADVANCED_FACE('',(#7404),#7848,.T.);
#8339=ADVANCED_FACE('',(#7405),#133,.T.);
#8340=ADVANCED_FACE('',(#7406),#134,.T.);
#8341=ADVANCED_FACE('',(#7407),#7849,.F.);
#8342=ADVANCED_FACE('',(#7408),#7850,.F.);
#8343=ADVANCED_FACE('',(#7409),#135,.T.);
#8344=ADVANCED_FACE('',(#7410),#136,.T.);
#8345=ADVANCED_FACE('',(#7411),#20,.T.);
#8346=ADVANCED_FACE('',(#7412),#137,.F.);
#8347=ADVANCED_FACE('',(#7413),#21,.T.);
#8348=ADVANCED_FACE('',(#7414),#138,.T.);
#8349=ADVANCED_FACE('',(#7415),#139,.T.);
#8350=ADVANCED_FACE('',(#7416),#7851,.F.);
#8351=ADVANCED_FACE('',(#7417),#7852,.T.);
#8352=ADVANCED_FACE('',(#7418),#7853,.T.);
#8353=ADVANCED_FACE('',(#7419),#7854,.T.);
#8354=ADVANCED_FACE('',(#7420),#140,.T.);
#8355=ADVANCED_FACE('',(#7421),#7855,.T.);
#8356=ADVANCED_FACE('',(#7422),#141,.T.);
#8357=ADVANCED_FACE('',(#7423),#7856,.T.);
#8358=ADVANCED_FACE('',(#7424),#142,.T.);
#8359=ADVANCED_FACE('',(#7425),#7857,.T.);
#8360=ADVANCED_FACE('',(#7426),#143,.T.);
#8361=ADVANCED_FACE('',(#7427),#7858,.F.);
#8362=ADVANCED_FACE('',(#7428),#7859,.F.);
#8363=ADVANCED_FACE('',(#7429),#7860,.T.);
#8364=ADVANCED_FACE('',(#7430),#144,.T.);
#8365=ADVANCED_FACE('',(#7431),#7861,.T.);
#8366=ADVANCED_FACE('',(#7432),#22,.T.);
#8367=ADVANCED_FACE('',(#7433),#145,.T.);
#8368=ADVANCED_FACE('',(#7434),#43,.F.);
#8369=ADVANCED_FACE('',(#7435),#23,.T.);
#8370=ADVANCED_FACE('',(#7436),#24,.T.);
#8371=ADVANCED_FACE('',(#7437),#25,.T.);
#8372=ADVANCED_FACE('',(#7438),#146,.T.);
#8373=ADVANCED_FACE('',(#7439),#26,.T.);
#8374=ADVANCED_FACE('',(#7440),#147,.T.);
#8375=ADVANCED_FACE('',(#7441),#7862,.F.);
#8376=ADVANCED_FACE('',(#7442),#7863,.F.);
#8377=ADVANCED_FACE('',(#7443),#7864,.T.);
#8378=ADVANCED_FACE('',(#7444,#7445),#7865,.F.);
#8379=ADVANCED_FACE('',(#7446),#7866,.F.);
#8380=ADVANCED_FACE('',(#7447),#7867,.F.);
#8381=ADVANCED_FACE('',(#7448),#7868,.F.);
#8382=ADVANCED_FACE('',(#7449),#7869,.F.);
#8383=ADVANCED_FACE('',(#7450),#7870,.F.);
#8384=ADVANCED_FACE('',(#7451),#7871,.F.);
#8385=ADVANCED_FACE('',(#7452),#148,.T.);
#8386=ADVANCED_FACE('',(#7453),#149,.T.);
#8387=ADVANCED_FACE('',(#7454),#7872,.T.);
#8388=ADVANCED_FACE('',(#7455),#7873,.F.);
#8389=ADVANCED_FACE('',(#7456),#7874,.F.);
#8390=ADVANCED_FACE('',(#7457),#7875,.F.);
#8391=ADVANCED_FACE('',(#7458),#7876,.F.);
#8392=ADVANCED_FACE('',(#7459),#7877,.F.);
#8393=ADVANCED_FACE('',(#7460),#7878,.F.);
#8394=ADVANCED_FACE('',(#7461),#7879,.F.);
#8395=ADVANCED_FACE('',(#7462),#7880,.F.);
#8396=ADVANCED_FACE('',(#7463),#7881,.T.);
#8397=ADVANCED_FACE('',(#7464,#7465),#150,.F.);
#8398=ADVANCED_FACE('',(#7466),#7882,.T.);
#8399=ADVANCED_FACE('',(#7467,#7468),#151,.F.);
#8400=ADVANCED_FACE('',(#7469),#7883,.T.);
#8401=ADVANCED_FACE('',(#7470,#7471),#152,.F.);
#8402=ADVANCED_FACE('',(#7472),#7884,.T.);
#8403=ADVANCED_FACE('',(#7473,#7474),#153,.F.);
#8404=ADVANCED_FACE('',(#7475),#7885,.T.);
#8405=ADVANCED_FACE('',(#7476,#7477),#154,.F.);
#8406=ADVANCED_FACE('',(#7478),#7886,.T.);
#8407=ADVANCED_FACE('',(#7479,#7480),#155,.F.);
#8408=ADVANCED_FACE('',(#7481,#7482,#7483,#7484,#7485,#7486,#7487,#7488,
#7489,#7490,#7491,#7492,#7493,#7494,#7495),#7887,.F.);
#8409=ADVANCED_FACE('',(#7496),#7888,.F.);
#8410=ADVANCED_FACE('',(#7497),#7889,.F.);
#8411=ADVANCED_FACE('',(#7498),#7890,.F.);
#8412=ADVANCED_FACE('',(#7499),#7891,.F.);
#8413=ADVANCED_FACE('',(#7500),#7892,.F.);
#8414=ADVANCED_FACE('',(#7501),#7893,.F.);
#8415=ADVANCED_FACE('',(#7502),#7894,.F.);
#8416=ADVANCED_FACE('',(#7503),#7895,.F.);
#8417=ADVANCED_FACE('',(#7504),#7896,.F.);
#8418=ADVANCED_FACE('',(#7505),#7897,.T.);
#8419=ADVANCED_FACE('',(#7506),#7898,.T.);
#8420=ADVANCED_FACE('',(#7507),#7899,.T.);
#8421=ADVANCED_FACE('',(#7508),#7900,.T.);
#8422=ADVANCED_FACE('',(#7509),#7901,.T.);
#8423=ADVANCED_FACE('',(#7510),#7902,.T.);
#8424=ADVANCED_FACE('',(#7511),#7903,.T.);
#8425=ADVANCED_FACE('',(#7512),#7904,.T.);
#8426=ADVANCED_FACE('',(#7513),#7905,.T.);
#8427=ADVANCED_FACE('',(#7514),#7906,.T.);
#8428=ADVANCED_FACE('',(#7515),#7907,.T.);
#8429=ADVANCED_FACE('',(#7516),#7908,.T.);
#8430=ADVANCED_FACE('',(#7517),#7909,.T.);
#8431=ADVANCED_FACE('',(#7518),#7910,.T.);
#8432=ADVANCED_FACE('',(#7519),#7911,.T.);
#8433=ADVANCED_FACE('',(#7520),#7912,.F.);
#8434=ADVANCED_FACE('',(#7521),#7913,.T.);
#8435=ADVANCED_FACE('',(#7522),#7914,.F.);
#8436=ADVANCED_FACE('',(#7523),#7915,.T.);
#8437=ADVANCED_FACE('',(#7524),#7916,.T.);
#8438=ADVANCED_FACE('',(#7525),#7917,.T.);
#8439=ADVANCED_FACE('',(#7526),#7918,.T.);
#8440=ADVANCED_FACE('',(#7527),#7919,.T.);
#8441=ADVANCED_FACE('',(#7528),#7920,.T.);
#8442=ADVANCED_FACE('',(#7529),#7921,.T.);
#8443=ADVANCED_FACE('',(#7530),#7922,.F.);
#8444=ADVANCED_FACE('',(#7531),#7923,.F.);
#8445=ADVANCED_FACE('',(#7532),#7924,.F.);
#8446=ADVANCED_FACE('',(#7533),#156,.T.);
#8447=ADVANCED_FACE('',(#7534),#44,.T.);
#8448=ADVANCED_FACE('',(#7535),#12,.T.);
#8449=ADVANCED_FACE('',(#7536),#45,.T.);
#8450=ADVANCED_FACE('',(#7537),#46,.T.);
#8451=ADVANCED_FACE('',(#7538),#47,.T.);
#8452=ADVANCED_FACE('',(#7539),#13,.T.);
#8453=ADVANCED_FACE('',(#7540),#48,.T.);
#8454=ADVANCED_FACE('',(#7541),#49,.T.);
#8455=ADVANCED_FACE('',(#7542),#50,.T.);
#8456=ADVANCED_FACE('',(#7543),#51,.T.);
#8457=ADVANCED_FACE('',(#7544),#7925,.T.);
#8458=ADVANCED_FACE('',(#7545),#157,.T.);
#8459=ADVANCED_FACE('',(#7546),#7926,.F.);
#8460=ADVANCED_FACE('',(#7547),#52,.T.);
#8461=ADVANCED_FACE('',(#7548),#7927,.F.);
#8462=ADVANCED_FACE('',(#7549),#53,.T.);
#8463=ADVANCED_FACE('',(#7550),#158,.T.);
#8464=ADVANCED_FACE('',(#7551),#7928,.T.);
#8465=ADVANCED_FACE('',(#7552),#7929,.T.);
#8466=ADVANCED_FACE('',(#7553),#7930,.T.);
#8467=ADVANCED_FACE('',(#7554),#7931,.T.);
#8468=ADVANCED_FACE('',(#7555),#7932,.T.);
#8469=ADVANCED_FACE('',(#7556),#7933,.T.);
#8470=ADVANCED_FACE('',(#7557),#7934,.T.);
#8471=ADVANCED_FACE('',(#7558),#7935,.T.);
#8472=ADVANCED_FACE('',(#7559),#7936,.T.);
#8473=ADVANCED_FACE('',(#7560),#7937,.T.);
#8474=ADVANCED_FACE('',(#7561),#7938,.T.);
#8475=ADVANCED_FACE('',(#7562),#7939,.T.);
#8476=ADVANCED_FACE('',(#7563),#7940,.T.);
#8477=ADVANCED_FACE('',(#7564),#7941,.T.);
#8478=ADVANCED_FACE('',(#7565),#7942,.T.);
#8479=ADVANCED_FACE('',(#7566),#7943,.T.);
#8480=ADVANCED_FACE('',(#7567),#7944,.T.);
#8481=ADVANCED_FACE('',(#7568),#7945,.T.);
#8482=ADVANCED_FACE('',(#7569),#7946,.T.);
#8483=ADVANCED_FACE('',(#7570),#7947,.T.);
#8484=ADVANCED_FACE('',(#7571),#7948,.T.);
#8485=ADVANCED_FACE('',(#7572),#7949,.T.);
#8486=ADVANCED_FACE('',(#7573),#7950,.T.);
#8487=ADVANCED_FACE('',(#7574),#7951,.T.);
#8488=ADVANCED_FACE('',(#7575),#7952,.T.);
#8489=ADVANCED_FACE('',(#7576),#7953,.T.);
#8490=ADVANCED_FACE('',(#7577),#7954,.T.);
#8491=ADVANCED_FACE('',(#7578),#7955,.T.);
#8492=ADVANCED_FACE('',(#7579),#7956,.T.);
#8493=ADVANCED_FACE('',(#7580),#7957,.T.);
#8494=ADVANCED_FACE('',(#7581),#7958,.T.);
#8495=ADVANCED_FACE('',(#7582),#54,.T.);
#8496=ADVANCED_FACE('',(#7583),#7959,.T.);
#8497=ADVANCED_FACE('',(#7584),#55,.T.);
#8498=ADVANCED_FACE('',(#7585),#56,.T.);
#8499=ADVANCED_FACE('',(#7586),#159,.T.);
#8500=ADVANCED_FACE('',(#7587),#160,.T.);
#8501=ADVANCED_FACE('',(#7588),#7960,.T.);
#8502=ADVANCED_FACE('',(#7589),#161,.T.);
#8503=ADVANCED_FACE('',(#7590),#162,.T.);
#8504=ADVANCED_FACE('',(#7591),#7961,.T.);
#8505=ADVANCED_FACE('',(#7592),#7962,.T.);
#8506=ADVANCED_FACE('',(#7593),#7963,.T.);
#8507=ADVANCED_FACE('',(#7594),#7964,.T.);
#8508=ADVANCED_FACE('',(#7595),#7965,.T.);
#8509=ADVANCED_FACE('',(#7596),#7966,.T.);
#8510=ADVANCED_FACE('',(#7597),#7967,.T.);
#8511=ADVANCED_FACE('',(#7598),#7968,.T.);
#8512=ADVANCED_FACE('',(#7599),#7969,.T.);
#8513=ADVANCED_FACE('',(#7600),#163,.F.);
#8514=ADVANCED_FACE('',(#7601),#164,.F.);
#8515=ADVANCED_FACE('',(#7602),#57,.T.);
#8516=ADVANCED_FACE('',(#7603),#58,.T.);
#8517=ADVANCED_FACE('',(#7604),#7970,.T.);
#8518=ADVANCED_FACE('',(#7605),#59,.T.);
#8519=ADVANCED_FACE('',(#7606),#60,.T.);
#8520=ADVANCED_FACE('',(#7607),#165,.F.);
#8521=ADVANCED_FACE('',(#7608),#166,.F.);
#8522=ADVANCED_FACE('',(#7609),#7971,.T.);
#8523=ADVANCED_FACE('',(#7610),#7972,.T.);
#8524=ADVANCED_FACE('',(#7611),#61,.T.);
#8525=ADVANCED_FACE('',(#7612,#7613),#7973,.T.);
#8526=ADVANCED_FACE('',(#7614),#7974,.T.);
#8527=ADVANCED_FACE('',(#7615),#7975,.T.);
#8528=ADVANCED_FACE('',(#7616),#7976,.T.);
#8529=ADVANCED_FACE('',(#7617),#7977,.T.);
#8530=ADVANCED_FACE('',(#7618),#7978,.T.);
#8531=ADVANCED_FACE('',(#7619),#7979,.T.);
#8532=ADVANCED_FACE('',(#7620),#7980,.T.);
#8533=ADVANCED_FACE('',(#7621),#7981,.T.);
#8534=ADVANCED_FACE('',(#7622),#7982,.T.);
#8535=ADVANCED_FACE('',(#7623),#7983,.T.);
#8536=ADVANCED_FACE('',(#7624),#7984,.T.);
#8537=ADVANCED_FACE('',(#7625),#7985,.T.);
#8538=ADVANCED_FACE('',(#7626),#7986,.T.);
#8539=ADVANCED_FACE('',(#7627),#7987,.T.);
#8540=ADVANCED_FACE('',(#7628),#7988,.T.);
#8541=ADVANCED_FACE('',(#7629),#7989,.T.);
#8542=ADVANCED_FACE('',(#7630),#167,.T.);
#8543=ADVANCED_FACE('',(#7631),#62,.T.);
#8544=ADVANCED_FACE('',(#7632),#168,.T.);
#8545=ADVANCED_FACE('',(#7633),#7990,.T.);
#8546=ADVANCED_FACE('',(#7634),#7991,.T.);
#8547=ADVANCED_FACE('',(#7635),#169,.F.);
#8548=ADVANCED_FACE('',(#7636),#170,.F.);
#8549=ADVANCED_FACE('',(#7637),#63,.T.);
#8550=ADVANCED_FACE('',(#7638),#171,.F.);
#8551=ADVANCED_FACE('',(#7639),#7992,.T.);
#8552=ADVANCED_FACE('',(#7640),#7993,.T.);
#8553=ADVANCED_FACE('',(#7641),#7994,.T.);
#8554=ADVANCED_FACE('',(#7642),#7995,.T.);
#8555=ADVANCED_FACE('',(#7643),#64,.T.);
#8556=ADVANCED_FACE('',(#7644),#172,.F.);
#8557=ADVANCED_FACE('',(#7645),#65,.T.);
#8558=ADVANCED_FACE('',(#7646),#66,.T.);
#8559=ADVANCED_FACE('',(#7647),#67,.T.);
#8560=ADVANCED_FACE('',(#7648),#68,.T.);
#8561=ADVANCED_FACE('',(#7649),#69,.T.);
#8562=ADVANCED_FACE('',(#7650),#70,.T.);
#8563=ADVANCED_FACE('',(#7651),#173,.T.);
#8564=ADVANCED_FACE('',(#7652),#71,.T.);
#8565=ADVANCED_FACE('',(#7653),#174,.T.);
#8566=ADVANCED_FACE('',(#7654),#175,.T.);
#8567=ADVANCED_FACE('',(#7655),#7996,.T.);
#8568=ADVANCED_FACE('',(#7656),#7997,.T.);
#8569=ADVANCED_FACE('',(#7657),#7998,.T.);
#8570=ADVANCED_FACE('',(#7658),#176,.F.);
#8571=ADVANCED_FACE('',(#7659),#177,.F.);
#8572=ADVANCED_FACE('',(#7660),#72,.T.);
#8573=ADVANCED_FACE('',(#7661),#73,.T.);
#8574=ADVANCED_FACE('',(#7662),#74,.T.);
#8575=ADVANCED_FACE('',(#7663),#75,.T.);
#8576=ADVANCED_FACE('',(#7664),#76,.T.);
#8577=ADVANCED_FACE('',(#7665),#178,.T.);
#8578=ADVANCED_FACE('',(#7666),#179,.T.);
#8579=ADVANCED_FACE('',(#7667),#77,.T.);
#8580=ADVANCED_FACE('',(#7668),#180,.T.);
#8581=ADVANCED_FACE('',(#7669),#181,.T.);
#8582=ADVANCED_FACE('',(#7670),#7999,.T.);
#8583=ADVANCED_FACE('',(#7671),#8000,.T.);
#8584=ADVANCED_FACE('',(#7672),#8001,.T.);
#8585=ADVANCED_FACE('',(#7673),#8002,.T.);
#8586=ADVANCED_FACE('',(#7674),#8003,.T.);
#8587=ADVANCED_FACE('',(#7675),#8004,.T.);
#8588=ADVANCED_FACE('',(#7676),#8005,.T.);
#8589=ADVANCED_FACE('',(#7677),#8006,.T.);
#8590=ADVANCED_FACE('',(#7678),#182,.T.);
#8591=ADVANCED_FACE('',(#7679),#78,.T.);
#8592=ADVANCED_FACE('',(#7680),#79,.T.);
#8593=ADVANCED_FACE('',(#7681),#80,.T.);
#8594=ADVANCED_FACE('',(#7682),#81,.T.);
#8595=ADVANCED_FACE('',(#7683),#82,.T.);
#8596=ADVANCED_FACE('',(#7684),#83,.T.);
#8597=ADVANCED_FACE('',(#7685),#84,.T.);
#8598=ADVANCED_FACE('',(#7686),#8007,.T.);
#8599=ADVANCED_FACE('',(#7687),#8008,.T.);
#8600=ADVANCED_FACE('',(#7688),#85,.T.);
#8601=ADVANCED_FACE('',(#7689),#86,.T.);
#8602=ADVANCED_FACE('',(#7690),#87,.T.);
#8603=ADVANCED_FACE('',(#7691),#88,.T.);
#8604=ADVANCED_FACE('',(#7692),#89,.T.);
#8605=ADVANCED_FACE('',(#7693),#90,.T.);
#8606=ADVANCED_FACE('',(#7694),#183,.F.);
#8607=ADVANCED_FACE('',(#7695),#184,.F.);
#8608=ADVANCED_FACE('',(#7696),#8009,.T.);
#8609=ADVANCED_FACE('',(#7697),#8010,.T.);
#8610=ADVANCED_FACE('',(#7698),#8011,.T.);
#8611=ADVANCED_FACE('',(#7699),#91,.T.);
#8612=ADVANCED_FACE('',(#7700),#8012,.T.);
#8613=ADVANCED_FACE('',(#7701),#8013,.T.);
#8614=ADVANCED_FACE('',(#7702),#8014,.T.);
#8615=ADVANCED_FACE('',(#7703),#8015,.T.);
#8616=ADVANCED_FACE('',(#7704),#8016,.T.);
#8617=ADVANCED_FACE('',(#7705),#8017,.T.);
#8618=ADVANCED_FACE('',(#7706),#185,.F.);
#8619=ADVANCED_FACE('',(#7707),#92,.T.);
#8620=ADVANCED_FACE('',(#7708),#8018,.T.);
#8621=ADVANCED_FACE('',(#7709),#8019,.T.);
#8622=ADVANCED_FACE('',(#7710),#8020,.T.);
#8623=ADVANCED_FACE('',(#7711),#93,.T.);
#8624=ADVANCED_FACE('',(#7712),#8021,.T.);
#8625=ADVANCED_FACE('',(#7713),#8022,.T.);
#8626=ADVANCED_FACE('',(#7714),#8023,.T.);
#8627=ADVANCED_FACE('',(#7715),#8024,.T.);
#8628=ADVANCED_FACE('',(#7716),#8025,.T.);
#8629=ADVANCED_FACE('',(#7717),#8026,.T.);
#8630=ADVANCED_FACE('',(#7718),#8027,.T.);
#8631=ADVANCED_FACE('',(#7719),#8028,.T.);
#8632=ADVANCED_FACE('',(#7720),#8029,.T.);
#8633=ADVANCED_FACE('',(#7721),#8030,.T.);
#8634=ADVANCED_FACE('',(#7722),#8031,.T.);
#8635=ADVANCED_FACE('',(#7723),#8032,.T.);
#8636=ADVANCED_FACE('',(#7724),#8033,.T.);
#8637=ADVANCED_FACE('',(#7725),#8034,.T.);
#8638=ADVANCED_FACE('',(#7726),#8035,.T.);
#8639=ADVANCED_FACE('',(#7727),#8036,.T.);
#8640=ADVANCED_FACE('',(#7728),#8037,.T.);
#8641=ADVANCED_FACE('',(#7729),#8038,.T.);
#8642=ADVANCED_FACE('',(#7730),#8039,.T.);
#8643=ADVANCED_FACE('',(#7731),#8040,.T.);
#8644=ADVANCED_FACE('',(#7732),#8041,.T.);
#8645=ADVANCED_FACE('',(#7733),#8042,.T.);
#8646=ADVANCED_FACE('',(#7734),#8043,.T.);
#8647=ADVANCED_FACE('',(#7735),#8044,.T.);
#8648=ADVANCED_FACE('',(#7736),#8045,.T.);
#8649=ADVANCED_FACE('',(#7737),#8046,.T.);
#8650=ADVANCED_FACE('',(#7738),#8047,.T.);
#8651=ADVANCED_FACE('',(#7739),#94,.T.);
#8652=ADVANCED_FACE('',(#7740),#95,.T.);
#8653=ADVANCED_FACE('',(#7741),#96,.T.);
#8654=ADVANCED_FACE('',(#7742),#97,.T.);
#8655=ADVANCED_FACE('',(#7743),#98,.T.);
#8656=ADVANCED_FACE('',(#7744),#99,.T.);
#8657=ADVANCED_FACE('',(#7745),#100,.T.);
#8658=ADVANCED_FACE('',(#7746),#101,.T.);
#8659=ADVANCED_FACE('',(#7747),#102,.T.);
#8660=ADVANCED_FACE('',(#7748),#103,.T.);
#8661=ADVANCED_FACE('',(#7749),#186,.T.);
#8662=ADVANCED_FACE('',(#7750),#104,.T.);
#8663=ADVANCED_FACE('',(#7751),#8048,.T.);
#8664=ADVANCED_FACE('',(#7752),#8049,.T.);
#8665=ADVANCED_FACE('',(#7753),#8050,.T.);
#8666=ADVANCED_FACE('',(#7754),#105,.T.);
#8667=ADVANCED_FACE('',(#7755),#106,.T.);
#8668=ADVANCED_FACE('',(#7756),#107,.T.);
#8669=ADVANCED_FACE('',(#7757),#108,.T.);
#8670=ADVANCED_FACE('',(#7758),#109,.T.);
#8671=ADVANCED_FACE('',(#7759),#110,.T.);
#8672=ADVANCED_FACE('',(#7760),#111,.T.);
#8673=ADVANCED_FACE('',(#7761),#112,.T.);
#8674=ADVANCED_FACE('',(#7762),#113,.T.);
#8675=ADVANCED_FACE('',(#7763),#114,.T.);
#8676=ADVANCED_FACE('',(#7764),#187,.T.);
#8677=ADVANCED_FACE('',(#7765),#115,.T.);
#8678=ADVANCED_FACE('',(#7766),#8051,.T.);
#8679=ADVANCED_FACE('',(#7767),#8052,.T.);
#8680=ADVANCED_FACE('',(#7768),#8053,.T.);
#8681=ADVANCED_FACE('',(#7769),#8054,.T.);
#8682=ADVANCED_FACE('',(#7770),#8055,.T.);
#8683=ADVANCED_FACE('',(#7771),#116,.T.);
#8684=ADVANCED_FACE('',(#7772),#117,.T.);
#8685=ADVANCED_FACE('',(#7773),#118,.T.);
#8686=ADVANCED_FACE('',(#7774),#119,.T.);
#8687=ADVANCED_FACE('',(#7775),#8056,.T.);
#8688=ADVANCED_FACE('',(#7776),#8057,.T.);
#8689=ADVANCED_FACE('',(#7777),#8058,.T.);
#8690=ADVANCED_FACE('',(#7778),#8059,.T.);
#8691=ADVANCED_FACE('',(#7779),#8060,.T.);
#8692=ADVANCED_FACE('',(#7780),#8061,.T.);
#8693=ADVANCED_FACE('',(#7781),#8062,.T.);
#8694=ADVANCED_FACE('',(#7782),#8063,.T.);
#8695=ADVANCED_FACE('',(#7783),#8064,.T.);
#8696=ADVANCED_FACE('',(#7784),#8065,.T.);
#8697=ADVANCED_FACE('',(#7785),#8066,.T.);
#8698=ADVANCED_FACE('',(#7786),#120,.T.);
#8699=ADVANCED_FACE('',(#7787),#121,.T.);
#8700=ADVANCED_FACE('',(#7788),#122,.T.);
#8701=ADVANCED_FACE('',(#7789),#123,.T.);
#8702=ADVANCED_FACE('',(#7790,#7791),#8067,.T.);
#8703=ADVANCED_FACE('',(#7792),#8068,.T.);
#8704=ADVANCED_FACE('',(#7793),#8069,.T.);
#8705=ADVANCED_FACE('',(#7794),#8070,.T.);
#8706=ADVANCED_FACE('',(#7795),#8071,.T.);
#8707=ADVANCED_FACE('',(#7796),#8072,.T.);
#8708=ADVANCED_FACE('',(#7797),#8073,.T.);
#8709=ADVANCED_FACE('',(#7798),#8074,.T.);
#8710=ADVANCED_FACE('',(#7799),#8075,.T.);
#8711=ADVANCED_FACE('',(#7800),#8076,.T.);
#8712=ADVANCED_FACE('',(#7801),#8077,.T.);
#8713=ADVANCED_FACE('',(#7802),#8078,.T.);
#8714=ADVANCED_FACE('',(#7803),#8079,.T.);
#8715=ADVANCED_FACE('',(#7804),#8080,.T.);
#8716=ADVANCED_FACE('',(#7805),#8081,.T.);
#8717=ADVANCED_FACE('',(#7806),#8082,.T.);
#8718=ADVANCED_FACE('',(#7807),#8083,.T.);
#8719=ADVANCED_FACE('',(#7808),#8084,.T.);
#8720=ADVANCED_FACE('',(#7809),#8085,.T.);
#8721=ADVANCED_FACE('',(#7810),#8086,.T.);
#8722=ADVANCED_FACE('',(#7811),#8087,.T.);
#8723=ADVANCED_FACE('',(#7812),#8088,.T.);
#8724=ADVANCED_FACE('',(#7813),#8089,.T.);
#8725=ADVANCED_FACE('',(#7814),#8090,.T.);
#8726=ADVANCED_FACE('',(#7815),#8091,.T.);
#8727=ADVANCED_FACE('',(#7816),#8092,.T.);
#8728=ADVANCED_FACE('',(#7817),#8093,.T.);
#8729=ADVANCED_FACE('',(#7818),#8094,.T.);
#8730=ADVANCED_FACE('',(#7819),#8095,.T.);
#8731=ADVANCED_FACE('',(#7820),#8096,.T.);
#8732=ADVANCED_FACE('',(#7821),#8097,.T.);
#8733=ADVANCED_FACE('',(#7822),#8098,.T.);
#8734=CLOSED_SHELL('',(#8284,#8285,#8286,#8287,#8288,#8289,#8290,#8291,
#8292,#8293,#8294,#8295,#8296,#8297,#8298,#8299,#8300,#8301,#8302,#8303,
#8304,#8305,#8306,#8307,#8308,#8309,#8310,#8311,#8312,#8313,#8314,#8315,
#8316,#8317,#8318,#8319,#8320,#8321,#8322,#8323,#8324,#8325,#8326,#8327,
#8328,#8329,#8330,#8331,#8332,#8333,#8334,#8335,#8336,#8337,#8338,#8339,
#8340,#8341,#8342,#8343,#8344,#8345,#8346,#8347,#8348,#8349,#8350,#8351,
#8352,#8353,#8354,#8355,#8356,#8357,#8358,#8359,#8360,#8361,#8362,#8363,
#8364,#8365,#8366,#8367,#8368,#8369,#8370,#8371,#8372,#8373,#8374,#8375,
#8376,#8377,#8378,#8379,#8380,#8381,#8382,#8383,#8384,#8385,#8386,#8387,
#8388,#8389,#8390,#8391,#8392,#8393,#8394,#8395,#8396,#8397,#8398,#8399,
#8400,#8401,#8402,#8403,#8404,#8405,#8406,#8407,#8408,#8409,#8410,#8411,
#8412,#8413,#8414,#8415,#8416,#8417,#8418,#8419,#8420,#8421,#8422,#8423,
#8424,#8425,#8426,#8427,#8428,#8429,#8430,#8431,#8432,#8433,#8434,#8435,
#8436,#8437,#8438,#8439,#8440,#8441,#8442,#8443,#8444,#8445,#8446,#8447,
#8448,#8449,#8450,#8451,#8452,#8453,#8454,#8455,#8456,#8457,#8458,#8459,
#8460,#8461,#8462,#8463,#8464,#8465,#8466,#8467,#8468,#8469,#8470,#8471,
#8472,#8473,#8474,#8475,#8476,#8477,#8478,#8479,#8480,#8481,#8482,#8483,
#8484,#8485,#8486,#8487,#8488,#8489,#8490,#8491,#8492,#8493,#8494,#8495,
#8496,#8497,#8498,#8499,#8500,#8501,#8502,#8503,#8504,#8505,#8506,#8507,
#8508,#8509,#8510,#8511,#8512,#8513,#8514,#8515,#8516,#8517,#8518,#8519,
#8520,#8521,#8522,#8523,#8524,#8525,#8526,#8527,#8528,#8529,#8530,#8531,
#8532,#8533,#8534,#8535,#8536,#8537,#8538,#8539,#8540,#8541,#8542,#8543,
#8544,#8545,#8546,#8547,#8548,#8549,#8550,#8551,#8552,#8553,#8554,#8555,
#8556,#8557,#8558,#8559,#8560,#8561,#8562,#8563,#8564,#8565,#8566,#8567,
#8568,#8569,#8570,#8571,#8572,#8573,#8574,#8575,#8576,#8577,#8578,#8579,
#8580,#8581,#8582,#8583,#8584,#8585,#8586,#8587,#8588,#8589,#8590,#8591,
#8592,#8593,#8594,#8595,#8596,#8597,#8598,#8599,#8600,#8601,#8602,#8603,
#8604,#8605,#8606,#8607,#8608,#8609,#8610,#8611,#8612,#8613,#8614,#8615,
#8616,#8617,#8618,#8619,#8620,#8621,#8622,#8623,#8624,#8625,#8626,#8627,
#8628,#8629,#8630,#8631,#8632,#8633,#8634,#8635,#8636,#8637,#8638,#8639,
#8640,#8641,#8642,#8643,#8644,#8645,#8646,#8647,#8648,#8649,#8650,#8651,
#8652,#8653,#8654,#8655,#8656,#8657,#8658,#8659,#8660,#8661,#8662,#8663,
#8664,#8665,#8666,#8667,#8668,#8669,#8670,#8671,#8672,#8673,#8674,#8675,
#8676,#8677,#8678,#8679,#8680,#8681,#8682,#8683,#8684,#8685,#8686,#8687,
#8688,#8689,#8690,#8691,#8692,#8693,#8694,#8695,#8696,#8697,#8698,#8699,
#8700,#8701,#8702,#8703,#8704,#8705,#8706,#8707,#8708,#8709,#8710,#8711,
#8712,#8713,#8714,#8715,#8716,#8717,#8718,#8719,#8720,#8721,#8722,#8723,
#8724,#8725,#8726,#8727,#8728,#8729,#8730,#8731,#8732,#8733));
#8735=STYLED_ITEM('',(#8736),#9855);
#8736=PRESENTATION_STYLE_ASSIGNMENT((#8922));
#8737=PRESENTATION_STYLE_ASSIGNMENT((#8923));
#8738=PRESENTATION_STYLE_ASSIGNMENT((#8924));
#8739=PRESENTATION_STYLE_ASSIGNMENT((#8925));
#8740=PRESENTATION_STYLE_ASSIGNMENT((#8926));
#8741=PRESENTATION_STYLE_ASSIGNMENT((#8927));
#8742=PRESENTATION_STYLE_ASSIGNMENT((#8928));
#8743=PRESENTATION_STYLE_ASSIGNMENT((#8929));
#8744=PRESENTATION_STYLE_ASSIGNMENT((#8930));
#8745=PRESENTATION_STYLE_ASSIGNMENT((#8931));
#8746=PRESENTATION_STYLE_ASSIGNMENT((#8932));
#8747=PRESENTATION_STYLE_ASSIGNMENT((#8933));
#8748=PRESENTATION_STYLE_ASSIGNMENT((#8934));
#8749=PRESENTATION_STYLE_ASSIGNMENT((#8935));
#8750=PRESENTATION_STYLE_ASSIGNMENT((#8936));
#8751=PRESENTATION_STYLE_ASSIGNMENT((#8937));
#8752=PRESENTATION_STYLE_ASSIGNMENT((#8938));
#8753=PRESENTATION_STYLE_ASSIGNMENT((#8939));
#8754=PRESENTATION_STYLE_ASSIGNMENT((#8940));
#8755=PRESENTATION_STYLE_ASSIGNMENT((#8941));
#8756=PRESENTATION_STYLE_ASSIGNMENT((#8942));
#8757=PRESENTATION_STYLE_ASSIGNMENT((#8943));
#8758=PRESENTATION_STYLE_ASSIGNMENT((#8944));
#8759=PRESENTATION_STYLE_ASSIGNMENT((#8945));
#8760=PRESENTATION_STYLE_ASSIGNMENT((#8946));
#8761=PRESENTATION_STYLE_ASSIGNMENT((#8947));
#8762=PRESENTATION_STYLE_ASSIGNMENT((#8948));
#8763=PRESENTATION_STYLE_ASSIGNMENT((#8949));
#8764=PRESENTATION_STYLE_ASSIGNMENT((#8950));
#8765=PRESENTATION_STYLE_ASSIGNMENT((#8951));
#8766=PRESENTATION_STYLE_ASSIGNMENT((#8952));
#8767=PRESENTATION_STYLE_ASSIGNMENT((#8953));
#8768=PRESENTATION_STYLE_ASSIGNMENT((#8954));
#8769=PRESENTATION_STYLE_ASSIGNMENT((#8955));
#8770=PRESENTATION_STYLE_ASSIGNMENT((#8956));
#8771=PRESENTATION_STYLE_ASSIGNMENT((#8957));
#8772=PRESENTATION_STYLE_ASSIGNMENT((#8958));
#8773=PRESENTATION_STYLE_ASSIGNMENT((#8959));
#8774=PRESENTATION_STYLE_ASSIGNMENT((#8960));
#8775=PRESENTATION_STYLE_ASSIGNMENT((#8961));
#8776=PRESENTATION_STYLE_ASSIGNMENT((#8962));
#8777=PRESENTATION_STYLE_ASSIGNMENT((#8963));
#8778=PRESENTATION_STYLE_ASSIGNMENT((#8964));
#8779=PRESENTATION_STYLE_ASSIGNMENT((#8965));
#8780=PRESENTATION_STYLE_ASSIGNMENT((#8966));
#8781=PRESENTATION_STYLE_ASSIGNMENT((#8967));
#8782=PRESENTATION_STYLE_ASSIGNMENT((#8968));
#8783=PRESENTATION_STYLE_ASSIGNMENT((#8969));
#8784=PRESENTATION_STYLE_ASSIGNMENT((#8970));
#8785=PRESENTATION_STYLE_ASSIGNMENT((#8971));
#8786=PRESENTATION_STYLE_ASSIGNMENT((#8972));
#8787=PRESENTATION_STYLE_ASSIGNMENT((#8973));
#8788=PRESENTATION_STYLE_ASSIGNMENT((#8974));
#8789=PRESENTATION_STYLE_ASSIGNMENT((#8975));
#8790=PRESENTATION_STYLE_ASSIGNMENT((#8976));
#8791=PRESENTATION_STYLE_ASSIGNMENT((#8977));
#8792=PRESENTATION_STYLE_ASSIGNMENT((#8978));
#8793=PRESENTATION_STYLE_ASSIGNMENT((#8979));
#8794=PRESENTATION_STYLE_ASSIGNMENT((#8980));
#8795=PRESENTATION_STYLE_ASSIGNMENT((#8981));
#8796=PRESENTATION_STYLE_ASSIGNMENT((#8982));
#8797=PRESENTATION_STYLE_ASSIGNMENT((#8983));
#8798=PRESENTATION_STYLE_ASSIGNMENT((#8984));
#8799=PRESENTATION_STYLE_ASSIGNMENT((#8985));
#8800=PRESENTATION_STYLE_ASSIGNMENT((#8986));
#8801=PRESENTATION_STYLE_ASSIGNMENT((#8987));
#8802=PRESENTATION_STYLE_ASSIGNMENT((#8988));
#8803=PRESENTATION_STYLE_ASSIGNMENT((#8989));
#8804=PRESENTATION_STYLE_ASSIGNMENT((#8990));
#8805=PRESENTATION_STYLE_ASSIGNMENT((#8991));
#8806=PRESENTATION_STYLE_ASSIGNMENT((#8992));
#8807=PRESENTATION_STYLE_ASSIGNMENT((#8993));
#8808=PRESENTATION_STYLE_ASSIGNMENT((#8994));
#8809=PRESENTATION_STYLE_ASSIGNMENT((#8995));
#8810=PRESENTATION_STYLE_ASSIGNMENT((#8996));
#8811=PRESENTATION_STYLE_ASSIGNMENT((#8997));
#8812=PRESENTATION_STYLE_ASSIGNMENT((#8998));
#8813=PRESENTATION_STYLE_ASSIGNMENT((#8999));
#8814=PRESENTATION_STYLE_ASSIGNMENT((#9000));
#8815=PRESENTATION_STYLE_ASSIGNMENT((#9001));
#8816=PRESENTATION_STYLE_ASSIGNMENT((#9002));
#8817=PRESENTATION_STYLE_ASSIGNMENT((#9003));
#8818=PRESENTATION_STYLE_ASSIGNMENT((#9004));
#8819=PRESENTATION_STYLE_ASSIGNMENT((#9005));
#8820=PRESENTATION_STYLE_ASSIGNMENT((#9006));
#8821=PRESENTATION_STYLE_ASSIGNMENT((#9007));
#8822=PRESENTATION_STYLE_ASSIGNMENT((#9008));
#8823=PRESENTATION_STYLE_ASSIGNMENT((#9009));
#8824=PRESENTATION_STYLE_ASSIGNMENT((#9010));
#8825=PRESENTATION_STYLE_ASSIGNMENT((#9011));
#8826=PRESENTATION_STYLE_ASSIGNMENT((#9012));
#8827=PRESENTATION_STYLE_ASSIGNMENT((#9013));
#8828=PRESENTATION_STYLE_ASSIGNMENT((#9014));
#8829=PRESENTATION_STYLE_ASSIGNMENT((#9015));
#8830=PRESENTATION_STYLE_ASSIGNMENT((#9016));
#8831=PRESENTATION_STYLE_ASSIGNMENT((#9017));
#8832=PRESENTATION_STYLE_ASSIGNMENT((#9018));
#8833=PRESENTATION_STYLE_ASSIGNMENT((#9019));
#8834=PRESENTATION_STYLE_ASSIGNMENT((#9020));
#8835=PRESENTATION_STYLE_ASSIGNMENT((#9021));
#8836=PRESENTATION_STYLE_ASSIGNMENT((#9022));
#8837=PRESENTATION_STYLE_ASSIGNMENT((#9023));
#8838=PRESENTATION_STYLE_ASSIGNMENT((#9024));
#8839=PRESENTATION_STYLE_ASSIGNMENT((#9025));
#8840=PRESENTATION_STYLE_ASSIGNMENT((#9026));
#8841=PRESENTATION_STYLE_ASSIGNMENT((#9027));
#8842=PRESENTATION_STYLE_ASSIGNMENT((#9028));
#8843=PRESENTATION_STYLE_ASSIGNMENT((#9029));
#8844=PRESENTATION_STYLE_ASSIGNMENT((#9030));
#8845=PRESENTATION_STYLE_ASSIGNMENT((#9031));
#8846=PRESENTATION_STYLE_ASSIGNMENT((#9032));
#8847=PRESENTATION_STYLE_ASSIGNMENT((#9033));
#8848=PRESENTATION_STYLE_ASSIGNMENT((#9034));
#8849=PRESENTATION_STYLE_ASSIGNMENT((#9035));
#8850=PRESENTATION_STYLE_ASSIGNMENT((#9036));
#8851=PRESENTATION_STYLE_ASSIGNMENT((#9037));
#8852=PRESENTATION_STYLE_ASSIGNMENT((#9038));
#8853=PRESENTATION_STYLE_ASSIGNMENT((#9039));
#8854=PRESENTATION_STYLE_ASSIGNMENT((#9040));
#8855=PRESENTATION_STYLE_ASSIGNMENT((#9041));
#8856=PRESENTATION_STYLE_ASSIGNMENT((#9042));
#8857=PRESENTATION_STYLE_ASSIGNMENT((#9043));
#8858=PRESENTATION_STYLE_ASSIGNMENT((#9044));
#8859=PRESENTATION_STYLE_ASSIGNMENT((#9045));
#8860=PRESENTATION_STYLE_ASSIGNMENT((#9046));
#8861=PRESENTATION_STYLE_ASSIGNMENT((#9047));
#8862=PRESENTATION_STYLE_ASSIGNMENT((#9048));
#8863=PRESENTATION_STYLE_ASSIGNMENT((#9049));
#8864=PRESENTATION_STYLE_ASSIGNMENT((#9050));
#8865=PRESENTATION_STYLE_ASSIGNMENT((#9051));
#8866=PRESENTATION_STYLE_ASSIGNMENT((#9052));
#8867=PRESENTATION_STYLE_ASSIGNMENT((#9053));
#8868=PRESENTATION_STYLE_ASSIGNMENT((#9054));
#8869=PRESENTATION_STYLE_ASSIGNMENT((#9055));
#8870=PRESENTATION_STYLE_ASSIGNMENT((#9056));
#8871=PRESENTATION_STYLE_ASSIGNMENT((#9057));
#8872=PRESENTATION_STYLE_ASSIGNMENT((#9058));
#8873=PRESENTATION_STYLE_ASSIGNMENT((#9059));
#8874=PRESENTATION_STYLE_ASSIGNMENT((#9060));
#8875=PRESENTATION_STYLE_ASSIGNMENT((#9061));
#8876=PRESENTATION_STYLE_ASSIGNMENT((#9062));
#8877=PRESENTATION_STYLE_ASSIGNMENT((#9063));
#8878=PRESENTATION_STYLE_ASSIGNMENT((#9064));
#8879=PRESENTATION_STYLE_ASSIGNMENT((#9065));
#8880=PRESENTATION_STYLE_ASSIGNMENT((#9066));
#8881=PRESENTATION_STYLE_ASSIGNMENT((#9067));
#8882=PRESENTATION_STYLE_ASSIGNMENT((#9068));
#8883=PRESENTATION_STYLE_ASSIGNMENT((#9069));
#8884=PRESENTATION_STYLE_ASSIGNMENT((#9070));
#8885=PRESENTATION_STYLE_ASSIGNMENT((#9071));
#8886=PRESENTATION_STYLE_ASSIGNMENT((#9072));
#8887=PRESENTATION_STYLE_ASSIGNMENT((#9073));
#8888=PRESENTATION_STYLE_ASSIGNMENT((#9074));
#8889=PRESENTATION_STYLE_ASSIGNMENT((#9075));
#8890=PRESENTATION_STYLE_ASSIGNMENT((#9076));
#8891=PRESENTATION_STYLE_ASSIGNMENT((#9077));
#8892=PRESENTATION_STYLE_ASSIGNMENT((#9078));
#8893=PRESENTATION_STYLE_ASSIGNMENT((#9079));
#8894=PRESENTATION_STYLE_ASSIGNMENT((#9080));
#8895=PRESENTATION_STYLE_ASSIGNMENT((#9081));
#8896=PRESENTATION_STYLE_ASSIGNMENT((#9082));
#8897=PRESENTATION_STYLE_ASSIGNMENT((#9083));
#8898=PRESENTATION_STYLE_ASSIGNMENT((#9084));
#8899=PRESENTATION_STYLE_ASSIGNMENT((#9085));
#8900=PRESENTATION_STYLE_ASSIGNMENT((#9086));
#8901=PRESENTATION_STYLE_ASSIGNMENT((#9087));
#8902=PRESENTATION_STYLE_ASSIGNMENT((#9088));
#8903=PRESENTATION_STYLE_ASSIGNMENT((#9089));
#8904=PRESENTATION_STYLE_ASSIGNMENT((#9090));
#8905=PRESENTATION_STYLE_ASSIGNMENT((#9091));
#8906=PRESENTATION_STYLE_ASSIGNMENT((#9092));
#8907=PRESENTATION_STYLE_ASSIGNMENT((#9093));
#8908=PRESENTATION_STYLE_ASSIGNMENT((#9094));
#8909=PRESENTATION_STYLE_ASSIGNMENT((#9095));
#8910=PRESENTATION_STYLE_ASSIGNMENT((#9096));
#8911=PRESENTATION_STYLE_ASSIGNMENT((#9097));
#8912=PRESENTATION_STYLE_ASSIGNMENT((#9098));
#8913=PRESENTATION_STYLE_ASSIGNMENT((#9099));
#8914=PRESENTATION_STYLE_ASSIGNMENT((#9100));
#8915=PRESENTATION_STYLE_ASSIGNMENT((#9101));
#8916=PRESENTATION_STYLE_ASSIGNMENT((#9102));
#8917=PRESENTATION_STYLE_ASSIGNMENT((#9103));
#8918=PRESENTATION_STYLE_ASSIGNMENT((#9104));
#8919=PRESENTATION_STYLE_ASSIGNMENT((#9105));
#8920=PRESENTATION_STYLE_ASSIGNMENT((#9106));
#8921=PRESENTATION_STYLE_ASSIGNMENT((#9107));
#8922=SURFACE_STYLE_USAGE(.BOTH.,#9108);
#8923=SURFACE_STYLE_USAGE(.BOTH.,#9109);
#8924=SURFACE_STYLE_USAGE(.BOTH.,#9110);
#8925=SURFACE_STYLE_USAGE(.BOTH.,#9111);
#8926=SURFACE_STYLE_USAGE(.BOTH.,#9112);
#8927=SURFACE_STYLE_USAGE(.BOTH.,#9113);
#8928=SURFACE_STYLE_USAGE(.BOTH.,#9114);
#8929=SURFACE_STYLE_USAGE(.BOTH.,#9115);
#8930=SURFACE_STYLE_USAGE(.BOTH.,#9116);
#8931=SURFACE_STYLE_USAGE(.BOTH.,#9117);
#8932=SURFACE_STYLE_USAGE(.BOTH.,#9118);
#8933=SURFACE_STYLE_USAGE(.BOTH.,#9119);
#8934=SURFACE_STYLE_USAGE(.BOTH.,#9120);
#8935=SURFACE_STYLE_USAGE(.BOTH.,#9121);
#8936=SURFACE_STYLE_USAGE(.BOTH.,#9122);
#8937=SURFACE_STYLE_USAGE(.BOTH.,#9123);
#8938=SURFACE_STYLE_USAGE(.BOTH.,#9124);
#8939=SURFACE_STYLE_USAGE(.BOTH.,#9125);
#8940=SURFACE_STYLE_USAGE(.BOTH.,#9126);
#8941=SURFACE_STYLE_USAGE(.BOTH.,#9127);
#8942=SURFACE_STYLE_USAGE(.BOTH.,#9128);
#8943=SURFACE_STYLE_USAGE(.BOTH.,#9129);
#8944=SURFACE_STYLE_USAGE(.BOTH.,#9130);
#8945=SURFACE_STYLE_USAGE(.BOTH.,#9131);
#8946=SURFACE_STYLE_USAGE(.BOTH.,#9132);
#8947=SURFACE_STYLE_USAGE(.BOTH.,#9133);
#8948=SURFACE_STYLE_USAGE(.BOTH.,#9134);
#8949=SURFACE_STYLE_USAGE(.BOTH.,#9135);
#8950=SURFACE_STYLE_USAGE(.BOTH.,#9136);
#8951=SURFACE_STYLE_USAGE(.BOTH.,#9137);
#8952=SURFACE_STYLE_USAGE(.BOTH.,#9138);
#8953=SURFACE_STYLE_USAGE(.BOTH.,#9139);
#8954=SURFACE_STYLE_USAGE(.BOTH.,#9140);
#8955=SURFACE_STYLE_USAGE(.BOTH.,#9141);
#8956=SURFACE_STYLE_USAGE(.BOTH.,#9142);
#8957=SURFACE_STYLE_USAGE(.BOTH.,#9143);
#8958=SURFACE_STYLE_USAGE(.BOTH.,#9144);
#8959=SURFACE_STYLE_USAGE(.BOTH.,#9145);
#8960=SURFACE_STYLE_USAGE(.BOTH.,#9146);
#8961=SURFACE_STYLE_USAGE(.BOTH.,#9147);
#8962=SURFACE_STYLE_USAGE(.BOTH.,#9148);
#8963=SURFACE_STYLE_USAGE(.BOTH.,#9149);
#8964=SURFACE_STYLE_USAGE(.BOTH.,#9150);
#8965=SURFACE_STYLE_USAGE(.BOTH.,#9151);
#8966=SURFACE_STYLE_USAGE(.BOTH.,#9152);
#8967=SURFACE_STYLE_USAGE(.BOTH.,#9153);
#8968=SURFACE_STYLE_USAGE(.BOTH.,#9154);
#8969=SURFACE_STYLE_USAGE(.BOTH.,#9155);
#8970=SURFACE_STYLE_USAGE(.BOTH.,#9156);
#8971=SURFACE_STYLE_USAGE(.BOTH.,#9157);
#8972=SURFACE_STYLE_USAGE(.BOTH.,#9158);
#8973=SURFACE_STYLE_USAGE(.BOTH.,#9159);
#8974=SURFACE_STYLE_USAGE(.BOTH.,#9160);
#8975=SURFACE_STYLE_USAGE(.BOTH.,#9161);
#8976=SURFACE_STYLE_USAGE(.BOTH.,#9162);
#8977=SURFACE_STYLE_USAGE(.BOTH.,#9163);
#8978=SURFACE_STYLE_USAGE(.BOTH.,#9164);
#8979=SURFACE_STYLE_USAGE(.BOTH.,#9165);
#8980=SURFACE_STYLE_USAGE(.BOTH.,#9166);
#8981=SURFACE_STYLE_USAGE(.BOTH.,#9167);
#8982=SURFACE_STYLE_USAGE(.BOTH.,#9168);
#8983=SURFACE_STYLE_USAGE(.BOTH.,#9169);
#8984=SURFACE_STYLE_USAGE(.BOTH.,#9170);
#8985=SURFACE_STYLE_USAGE(.BOTH.,#9171);
#8986=SURFACE_STYLE_USAGE(.BOTH.,#9172);
#8987=SURFACE_STYLE_USAGE(.BOTH.,#9173);
#8988=SURFACE_STYLE_USAGE(.BOTH.,#9174);
#8989=SURFACE_STYLE_USAGE(.BOTH.,#9175);
#8990=SURFACE_STYLE_USAGE(.BOTH.,#9176);
#8991=SURFACE_STYLE_USAGE(.BOTH.,#9177);
#8992=SURFACE_STYLE_USAGE(.BOTH.,#9178);
#8993=SURFACE_STYLE_USAGE(.BOTH.,#9179);
#8994=SURFACE_STYLE_USAGE(.BOTH.,#9180);
#8995=SURFACE_STYLE_USAGE(.BOTH.,#9181);
#8996=SURFACE_STYLE_USAGE(.BOTH.,#9182);
#8997=SURFACE_STYLE_USAGE(.BOTH.,#9183);
#8998=SURFACE_STYLE_USAGE(.BOTH.,#9184);
#8999=SURFACE_STYLE_USAGE(.BOTH.,#9185);
#9000=SURFACE_STYLE_USAGE(.BOTH.,#9186);
#9001=SURFACE_STYLE_USAGE(.BOTH.,#9187);
#9002=SURFACE_STYLE_USAGE(.BOTH.,#9188);
#9003=SURFACE_STYLE_USAGE(.BOTH.,#9189);
#9004=SURFACE_STYLE_USAGE(.BOTH.,#9190);
#9005=SURFACE_STYLE_USAGE(.BOTH.,#9191);
#9006=SURFACE_STYLE_USAGE(.BOTH.,#9192);
#9007=SURFACE_STYLE_USAGE(.BOTH.,#9193);
#9008=SURFACE_STYLE_USAGE(.BOTH.,#9194);
#9009=SURFACE_STYLE_USAGE(.BOTH.,#9195);
#9010=SURFACE_STYLE_USAGE(.BOTH.,#9196);
#9011=SURFACE_STYLE_USAGE(.BOTH.,#9197);
#9012=SURFACE_STYLE_USAGE(.BOTH.,#9198);
#9013=SURFACE_STYLE_USAGE(.BOTH.,#9199);
#9014=SURFACE_STYLE_USAGE(.BOTH.,#9200);
#9015=SURFACE_STYLE_USAGE(.BOTH.,#9201);
#9016=SURFACE_STYLE_USAGE(.BOTH.,#9202);
#9017=SURFACE_STYLE_USAGE(.BOTH.,#9203);
#9018=SURFACE_STYLE_USAGE(.BOTH.,#9204);
#9019=SURFACE_STYLE_USAGE(.BOTH.,#9205);
#9020=SURFACE_STYLE_USAGE(.BOTH.,#9206);
#9021=SURFACE_STYLE_USAGE(.BOTH.,#9207);
#9022=SURFACE_STYLE_USAGE(.BOTH.,#9208);
#9023=SURFACE_STYLE_USAGE(.BOTH.,#9209);
#9024=SURFACE_STYLE_USAGE(.BOTH.,#9210);
#9025=SURFACE_STYLE_USAGE(.BOTH.,#9211);
#9026=SURFACE_STYLE_USAGE(.BOTH.,#9212);
#9027=SURFACE_STYLE_USAGE(.BOTH.,#9213);
#9028=SURFACE_STYLE_USAGE(.BOTH.,#9214);
#9029=SURFACE_STYLE_USAGE(.BOTH.,#9215);
#9030=SURFACE_STYLE_USAGE(.BOTH.,#9216);
#9031=SURFACE_STYLE_USAGE(.BOTH.,#9217);
#9032=SURFACE_STYLE_USAGE(.BOTH.,#9218);
#9033=SURFACE_STYLE_USAGE(.BOTH.,#9219);
#9034=SURFACE_STYLE_USAGE(.BOTH.,#9220);
#9035=SURFACE_STYLE_USAGE(.BOTH.,#9221);
#9036=SURFACE_STYLE_USAGE(.BOTH.,#9222);
#9037=SURFACE_STYLE_USAGE(.BOTH.,#9223);
#9038=SURFACE_STYLE_USAGE(.BOTH.,#9224);
#9039=SURFACE_STYLE_USAGE(.BOTH.,#9225);
#9040=SURFACE_STYLE_USAGE(.BOTH.,#9226);
#9041=SURFACE_STYLE_USAGE(.BOTH.,#9227);
#9042=SURFACE_STYLE_USAGE(.BOTH.,#9228);
#9043=SURFACE_STYLE_USAGE(.BOTH.,#9229);
#9044=SURFACE_STYLE_USAGE(.BOTH.,#9230);
#9045=SURFACE_STYLE_USAGE(.BOTH.,#9231);
#9046=SURFACE_STYLE_USAGE(.BOTH.,#9232);
#9047=SURFACE_STYLE_USAGE(.BOTH.,#9233);
#9048=SURFACE_STYLE_USAGE(.BOTH.,#9234);
#9049=SURFACE_STYLE_USAGE(.BOTH.,#9235);
#9050=SURFACE_STYLE_USAGE(.BOTH.,#9236);
#9051=SURFACE_STYLE_USAGE(.BOTH.,#9237);
#9052=SURFACE_STYLE_USAGE(.BOTH.,#9238);
#9053=SURFACE_STYLE_USAGE(.BOTH.,#9239);
#9054=SURFACE_STYLE_USAGE(.BOTH.,#9240);
#9055=SURFACE_STYLE_USAGE(.BOTH.,#9241);
#9056=SURFACE_STYLE_USAGE(.BOTH.,#9242);
#9057=SURFACE_STYLE_USAGE(.BOTH.,#9243);
#9058=SURFACE_STYLE_USAGE(.BOTH.,#9244);
#9059=SURFACE_STYLE_USAGE(.BOTH.,#9245);
#9060=SURFACE_STYLE_USAGE(.BOTH.,#9246);
#9061=SURFACE_STYLE_USAGE(.BOTH.,#9247);
#9062=SURFACE_STYLE_USAGE(.BOTH.,#9248);
#9063=SURFACE_STYLE_USAGE(.BOTH.,#9249);
#9064=SURFACE_STYLE_USAGE(.BOTH.,#9250);
#9065=SURFACE_STYLE_USAGE(.BOTH.,#9251);
#9066=SURFACE_STYLE_USAGE(.BOTH.,#9252);
#9067=SURFACE_STYLE_USAGE(.BOTH.,#9253);
#9068=SURFACE_STYLE_USAGE(.BOTH.,#9254);
#9069=SURFACE_STYLE_USAGE(.BOTH.,#9255);
#9070=SURFACE_STYLE_USAGE(.BOTH.,#9256);
#9071=SURFACE_STYLE_USAGE(.BOTH.,#9257);
#9072=SURFACE_STYLE_USAGE(.BOTH.,#9258);
#9073=SURFACE_STYLE_USAGE(.BOTH.,#9259);
#9074=SURFACE_STYLE_USAGE(.BOTH.,#9260);
#9075=SURFACE_STYLE_USAGE(.BOTH.,#9261);
#9076=SURFACE_STYLE_USAGE(.BOTH.,#9262);
#9077=SURFACE_STYLE_USAGE(.BOTH.,#9263);
#9078=SURFACE_STYLE_USAGE(.BOTH.,#9264);
#9079=SURFACE_STYLE_USAGE(.BOTH.,#9265);
#9080=SURFACE_STYLE_USAGE(.BOTH.,#9266);
#9081=SURFACE_STYLE_USAGE(.BOTH.,#9267);
#9082=SURFACE_STYLE_USAGE(.BOTH.,#9268);
#9083=SURFACE_STYLE_USAGE(.BOTH.,#9269);
#9084=SURFACE_STYLE_USAGE(.BOTH.,#9270);
#9085=SURFACE_STYLE_USAGE(.BOTH.,#9271);
#9086=SURFACE_STYLE_USAGE(.BOTH.,#9272);
#9087=SURFACE_STYLE_USAGE(.BOTH.,#9273);
#9088=SURFACE_STYLE_USAGE(.BOTH.,#9274);
#9089=SURFACE_STYLE_USAGE(.BOTH.,#9275);
#9090=SURFACE_STYLE_USAGE(.BOTH.,#9276);
#9091=SURFACE_STYLE_USAGE(.BOTH.,#9277);
#9092=SURFACE_STYLE_USAGE(.BOTH.,#9278);
#9093=SURFACE_STYLE_USAGE(.BOTH.,#9279);
#9094=SURFACE_STYLE_USAGE(.BOTH.,#9280);
#9095=SURFACE_STYLE_USAGE(.BOTH.,#9281);
#9096=SURFACE_STYLE_USAGE(.BOTH.,#9282);
#9097=SURFACE_STYLE_USAGE(.BOTH.,#9283);
#9098=SURFACE_STYLE_USAGE(.BOTH.,#9284);
#9099=SURFACE_STYLE_USAGE(.BOTH.,#9285);
#9100=SURFACE_STYLE_USAGE(.BOTH.,#9286);
#9101=SURFACE_STYLE_USAGE(.BOTH.,#9287);
#9102=SURFACE_STYLE_USAGE(.BOTH.,#9288);
#9103=SURFACE_STYLE_USAGE(.BOTH.,#9289);
#9104=SURFACE_STYLE_USAGE(.BOTH.,#9290);
#9105=SURFACE_STYLE_USAGE(.BOTH.,#9291);
#9106=SURFACE_STYLE_USAGE(.BOTH.,#9292);
#9107=SURFACE_STYLE_USAGE(.BOTH.,#9293);
#9108=SURFACE_SIDE_STYLE('',(#9294));
#9109=SURFACE_SIDE_STYLE('',(#9295));
#9110=SURFACE_SIDE_STYLE('',(#9296));
#9111=SURFACE_SIDE_STYLE('',(#9297));
#9112=SURFACE_SIDE_STYLE('',(#9298));
#9113=SURFACE_SIDE_STYLE('',(#9299));
#9114=SURFACE_SIDE_STYLE('',(#9300));
#9115=SURFACE_SIDE_STYLE('',(#9301));
#9116=SURFACE_SIDE_STYLE('',(#9302));
#9117=SURFACE_SIDE_STYLE('',(#9303));
#9118=SURFACE_SIDE_STYLE('',(#9304));
#9119=SURFACE_SIDE_STYLE('',(#9305));
#9120=SURFACE_SIDE_STYLE('',(#9306));
#9121=SURFACE_SIDE_STYLE('',(#9307));
#9122=SURFACE_SIDE_STYLE('',(#9308));
#9123=SURFACE_SIDE_STYLE('',(#9309));
#9124=SURFACE_SIDE_STYLE('',(#9310));
#9125=SURFACE_SIDE_STYLE('',(#9311));
#9126=SURFACE_SIDE_STYLE('',(#9312));
#9127=SURFACE_SIDE_STYLE('',(#9313));
#9128=SURFACE_SIDE_STYLE('',(#9314));
#9129=SURFACE_SIDE_STYLE('',(#9315));
#9130=SURFACE_SIDE_STYLE('',(#9316));
#9131=SURFACE_SIDE_STYLE('',(#9317));
#9132=SURFACE_SIDE_STYLE('',(#9318));
#9133=SURFACE_SIDE_STYLE('',(#9319));
#9134=SURFACE_SIDE_STYLE('',(#9320));
#9135=SURFACE_SIDE_STYLE('',(#9321));
#9136=SURFACE_SIDE_STYLE('',(#9322));
#9137=SURFACE_SIDE_STYLE('',(#9323));
#9138=SURFACE_SIDE_STYLE('',(#9324));
#9139=SURFACE_SIDE_STYLE('',(#9325));
#9140=SURFACE_SIDE_STYLE('',(#9326));
#9141=SURFACE_SIDE_STYLE('',(#9327));
#9142=SURFACE_SIDE_STYLE('',(#9328));
#9143=SURFACE_SIDE_STYLE('',(#9329));
#9144=SURFACE_SIDE_STYLE('',(#9330));
#9145=SURFACE_SIDE_STYLE('',(#9331));
#9146=SURFACE_SIDE_STYLE('',(#9332));
#9147=SURFACE_SIDE_STYLE('',(#9333));
#9148=SURFACE_SIDE_STYLE('',(#9334));
#9149=SURFACE_SIDE_STYLE('',(#9335));
#9150=SURFACE_SIDE_STYLE('',(#9336));
#9151=SURFACE_SIDE_STYLE('',(#9337));
#9152=SURFACE_SIDE_STYLE('',(#9338));
#9153=SURFACE_SIDE_STYLE('',(#9339));
#9154=SURFACE_SIDE_STYLE('',(#9340));
#9155=SURFACE_SIDE_STYLE('',(#9341));
#9156=SURFACE_SIDE_STYLE('',(#9342));
#9157=SURFACE_SIDE_STYLE('',(#9343));
#9158=SURFACE_SIDE_STYLE('',(#9344));
#9159=SURFACE_SIDE_STYLE('',(#9345));
#9160=SURFACE_SIDE_STYLE('',(#9346));
#9161=SURFACE_SIDE_STYLE('',(#9347));
#9162=SURFACE_SIDE_STYLE('',(#9348));
#9163=SURFACE_SIDE_STYLE('',(#9349));
#9164=SURFACE_SIDE_STYLE('',(#9350));
#9165=SURFACE_SIDE_STYLE('',(#9351));
#9166=SURFACE_SIDE_STYLE('',(#9352));
#9167=SURFACE_SIDE_STYLE('',(#9353));
#9168=SURFACE_SIDE_STYLE('',(#9354));
#9169=SURFACE_SIDE_STYLE('',(#9355));
#9170=SURFACE_SIDE_STYLE('',(#9356));
#9171=SURFACE_SIDE_STYLE('',(#9357));
#9172=SURFACE_SIDE_STYLE('',(#9358));
#9173=SURFACE_SIDE_STYLE('',(#9359));
#9174=SURFACE_SIDE_STYLE('',(#9360));
#9175=SURFACE_SIDE_STYLE('',(#9361));
#9176=SURFACE_SIDE_STYLE('',(#9362));
#9177=SURFACE_SIDE_STYLE('',(#9363));
#9178=SURFACE_SIDE_STYLE('',(#9364));
#9179=SURFACE_SIDE_STYLE('',(#9365));
#9180=SURFACE_SIDE_STYLE('',(#9366));
#9181=SURFACE_SIDE_STYLE('',(#9367));
#9182=SURFACE_SIDE_STYLE('',(#9368));
#9183=SURFACE_SIDE_STYLE('',(#9369));
#9184=SURFACE_SIDE_STYLE('',(#9370));
#9185=SURFACE_SIDE_STYLE('',(#9371));
#9186=SURFACE_SIDE_STYLE('',(#9372));
#9187=SURFACE_SIDE_STYLE('',(#9373));
#9188=SURFACE_SIDE_STYLE('',(#9374));
#9189=SURFACE_SIDE_STYLE('',(#9375));
#9190=SURFACE_SIDE_STYLE('',(#9376));
#9191=SURFACE_SIDE_STYLE('',(#9377));
#9192=SURFACE_SIDE_STYLE('',(#9378));
#9193=SURFACE_SIDE_STYLE('',(#9379));
#9194=SURFACE_SIDE_STYLE('',(#9380));
#9195=SURFACE_SIDE_STYLE('',(#9381));
#9196=SURFACE_SIDE_STYLE('',(#9382));
#9197=SURFACE_SIDE_STYLE('',(#9383));
#9198=SURFACE_SIDE_STYLE('',(#9384));
#9199=SURFACE_SIDE_STYLE('',(#9385));
#9200=SURFACE_SIDE_STYLE('',(#9386));
#9201=SURFACE_SIDE_STYLE('',(#9387));
#9202=SURFACE_SIDE_STYLE('',(#9388));
#9203=SURFACE_SIDE_STYLE('',(#9389));
#9204=SURFACE_SIDE_STYLE('',(#9390));
#9205=SURFACE_SIDE_STYLE('',(#9391));
#9206=SURFACE_SIDE_STYLE('',(#9392));
#9207=SURFACE_SIDE_STYLE('',(#9393));
#9208=SURFACE_SIDE_STYLE('',(#9394));
#9209=SURFACE_SIDE_STYLE('',(#9395));
#9210=SURFACE_SIDE_STYLE('',(#9396));
#9211=SURFACE_SIDE_STYLE('',(#9397));
#9212=SURFACE_SIDE_STYLE('',(#9398));
#9213=SURFACE_SIDE_STYLE('',(#9399));
#9214=SURFACE_SIDE_STYLE('',(#9400));
#9215=SURFACE_SIDE_STYLE('',(#9401));
#9216=SURFACE_SIDE_STYLE('',(#9402));
#9217=SURFACE_SIDE_STYLE('',(#9403));
#9218=SURFACE_SIDE_STYLE('',(#9404));
#9219=SURFACE_SIDE_STYLE('',(#9405));
#9220=SURFACE_SIDE_STYLE('',(#9406));
#9221=SURFACE_SIDE_STYLE('',(#9407));
#9222=SURFACE_SIDE_STYLE('',(#9408));
#9223=SURFACE_SIDE_STYLE('',(#9409));
#9224=SURFACE_SIDE_STYLE('',(#9410));
#9225=SURFACE_SIDE_STYLE('',(#9411));
#9226=SURFACE_SIDE_STYLE('',(#9412));
#9227=SURFACE_SIDE_STYLE('',(#9413));
#9228=SURFACE_SIDE_STYLE('',(#9414));
#9229=SURFACE_SIDE_STYLE('',(#9415));
#9230=SURFACE_SIDE_STYLE('',(#9416));
#9231=SURFACE_SIDE_STYLE('',(#9417));
#9232=SURFACE_SIDE_STYLE('',(#9418));
#9233=SURFACE_SIDE_STYLE('',(#9419));
#9234=SURFACE_SIDE_STYLE('',(#9420));
#9235=SURFACE_SIDE_STYLE('',(#9421));
#9236=SURFACE_SIDE_STYLE('',(#9422));
#9237=SURFACE_SIDE_STYLE('',(#9423));
#9238=SURFACE_SIDE_STYLE('',(#9424));
#9239=SURFACE_SIDE_STYLE('',(#9425));
#9240=SURFACE_SIDE_STYLE('',(#9426));
#9241=SURFACE_SIDE_STYLE('',(#9427));
#9242=SURFACE_SIDE_STYLE('',(#9428));
#9243=SURFACE_SIDE_STYLE('',(#9429));
#9244=SURFACE_SIDE_STYLE('',(#9430));
#9245=SURFACE_SIDE_STYLE('',(#9431));
#9246=SURFACE_SIDE_STYLE('',(#9432));
#9247=SURFACE_SIDE_STYLE('',(#9433));
#9248=SURFACE_SIDE_STYLE('',(#9434));
#9249=SURFACE_SIDE_STYLE('',(#9435));
#9250=SURFACE_SIDE_STYLE('',(#9436));
#9251=SURFACE_SIDE_STYLE('',(#9437));
#9252=SURFACE_SIDE_STYLE('',(#9438));
#9253=SURFACE_SIDE_STYLE('',(#9439));
#9254=SURFACE_SIDE_STYLE('',(#9440));
#9255=SURFACE_SIDE_STYLE('',(#9441));
#9256=SURFACE_SIDE_STYLE('',(#9442));
#9257=SURFACE_SIDE_STYLE('',(#9443));
#9258=SURFACE_SIDE_STYLE('',(#9444));
#9259=SURFACE_SIDE_STYLE('',(#9445));
#9260=SURFACE_SIDE_STYLE('',(#9446));
#9261=SURFACE_SIDE_STYLE('',(#9447));
#9262=SURFACE_SIDE_STYLE('',(#9448));
#9263=SURFACE_SIDE_STYLE('',(#9449));
#9264=SURFACE_SIDE_STYLE('',(#9450));
#9265=SURFACE_SIDE_STYLE('',(#9451));
#9266=SURFACE_SIDE_STYLE('',(#9452));
#9267=SURFACE_SIDE_STYLE('',(#9453));
#9268=SURFACE_SIDE_STYLE('',(#9454));
#9269=SURFACE_SIDE_STYLE('',(#9455));
#9270=SURFACE_SIDE_STYLE('',(#9456));
#9271=SURFACE_SIDE_STYLE('',(#9457));
#9272=SURFACE_SIDE_STYLE('',(#9458));
#9273=SURFACE_SIDE_STYLE('',(#9459));
#9274=SURFACE_SIDE_STYLE('',(#9460));
#9275=SURFACE_SIDE_STYLE('',(#9461));
#9276=SURFACE_SIDE_STYLE('',(#9462));
#9277=SURFACE_SIDE_STYLE('',(#9463));
#9278=SURFACE_SIDE_STYLE('',(#9464));
#9279=SURFACE_SIDE_STYLE('',(#9465));
#9280=SURFACE_SIDE_STYLE('',(#9466));
#9281=SURFACE_SIDE_STYLE('',(#9467));
#9282=SURFACE_SIDE_STYLE('',(#9468));
#9283=SURFACE_SIDE_STYLE('',(#9469));
#9284=SURFACE_SIDE_STYLE('',(#9470));
#9285=SURFACE_SIDE_STYLE('',(#9471));
#9286=SURFACE_SIDE_STYLE('',(#9472));
#9287=SURFACE_SIDE_STYLE('',(#9473));
#9288=SURFACE_SIDE_STYLE('',(#9474));
#9289=SURFACE_SIDE_STYLE('',(#9475));
#9290=SURFACE_SIDE_STYLE('',(#9476));
#9291=SURFACE_SIDE_STYLE('',(#9477));
#9292=SURFACE_SIDE_STYLE('',(#9478));
#9293=SURFACE_SIDE_STYLE('',(#9479));
#9294=SURFACE_STYLE_FILL_AREA(#9480);
#9295=SURFACE_STYLE_FILL_AREA(#9481);
#9296=SURFACE_STYLE_FILL_AREA(#9482);
#9297=SURFACE_STYLE_FILL_AREA(#9483);
#9298=SURFACE_STYLE_FILL_AREA(#9484);
#9299=SURFACE_STYLE_FILL_AREA(#9485);
#9300=SURFACE_STYLE_FILL_AREA(#9486);
#9301=SURFACE_STYLE_FILL_AREA(#9487);
#9302=SURFACE_STYLE_FILL_AREA(#9488);
#9303=SURFACE_STYLE_FILL_AREA(#9489);
#9304=SURFACE_STYLE_FILL_AREA(#9490);
#9305=SURFACE_STYLE_FILL_AREA(#9491);
#9306=SURFACE_STYLE_FILL_AREA(#9492);
#9307=SURFACE_STYLE_FILL_AREA(#9493);
#9308=SURFACE_STYLE_FILL_AREA(#9494);
#9309=SURFACE_STYLE_FILL_AREA(#9495);
#9310=SURFACE_STYLE_FILL_AREA(#9496);
#9311=SURFACE_STYLE_FILL_AREA(#9497);
#9312=SURFACE_STYLE_FILL_AREA(#9498);
#9313=SURFACE_STYLE_FILL_AREA(#9499);
#9314=SURFACE_STYLE_FILL_AREA(#9500);
#9315=SURFACE_STYLE_FILL_AREA(#9501);
#9316=SURFACE_STYLE_FILL_AREA(#9502);
#9317=SURFACE_STYLE_FILL_AREA(#9503);
#9318=SURFACE_STYLE_FILL_AREA(#9504);
#9319=SURFACE_STYLE_FILL_AREA(#9505);
#9320=SURFACE_STYLE_FILL_AREA(#9506);
#9321=SURFACE_STYLE_FILL_AREA(#9507);
#9322=SURFACE_STYLE_FILL_AREA(#9508);
#9323=SURFACE_STYLE_FILL_AREA(#9509);
#9324=SURFACE_STYLE_FILL_AREA(#9510);
#9325=SURFACE_STYLE_FILL_AREA(#9511);
#9326=SURFACE_STYLE_FILL_AREA(#9512);
#9327=SURFACE_STYLE_FILL_AREA(#9513);
#9328=SURFACE_STYLE_FILL_AREA(#9514);
#9329=SURFACE_STYLE_FILL_AREA(#9515);
#9330=SURFACE_STYLE_FILL_AREA(#9516);
#9331=SURFACE_STYLE_FILL_AREA(#9517);
#9332=SURFACE_STYLE_FILL_AREA(#9518);
#9333=SURFACE_STYLE_FILL_AREA(#9519);
#9334=SURFACE_STYLE_FILL_AREA(#9520);
#9335=SURFACE_STYLE_FILL_AREA(#9521);
#9336=SURFACE_STYLE_FILL_AREA(#9522);
#9337=SURFACE_STYLE_FILL_AREA(#9523);
#9338=SURFACE_STYLE_FILL_AREA(#9524);
#9339=SURFACE_STYLE_FILL_AREA(#9525);
#9340=SURFACE_STYLE_FILL_AREA(#9526);
#9341=SURFACE_STYLE_FILL_AREA(#9527);
#9342=SURFACE_STYLE_FILL_AREA(#9528);
#9343=SURFACE_STYLE_FILL_AREA(#9529);
#9344=SURFACE_STYLE_FILL_AREA(#9530);
#9345=SURFACE_STYLE_FILL_AREA(#9531);
#9346=SURFACE_STYLE_FILL_AREA(#9532);
#9347=SURFACE_STYLE_FILL_AREA(#9533);
#9348=SURFACE_STYLE_FILL_AREA(#9534);
#9349=SURFACE_STYLE_FILL_AREA(#9535);
#9350=SURFACE_STYLE_FILL_AREA(#9536);
#9351=SURFACE_STYLE_FILL_AREA(#9537);
#9352=SURFACE_STYLE_FILL_AREA(#9538);
#9353=SURFACE_STYLE_FILL_AREA(#9539);
#9354=SURFACE_STYLE_FILL_AREA(#9540);
#9355=SURFACE_STYLE_FILL_AREA(#9541);
#9356=SURFACE_STYLE_FILL_AREA(#9542);
#9357=SURFACE_STYLE_FILL_AREA(#9543);
#9358=SURFACE_STYLE_FILL_AREA(#9544);
#9359=SURFACE_STYLE_FILL_AREA(#9545);
#9360=SURFACE_STYLE_FILL_AREA(#9546);
#9361=SURFACE_STYLE_FILL_AREA(#9547);
#9362=SURFACE_STYLE_FILL_AREA(#9548);
#9363=SURFACE_STYLE_FILL_AREA(#9549);
#9364=SURFACE_STYLE_FILL_AREA(#9550);
#9365=SURFACE_STYLE_FILL_AREA(#9551);
#9366=SURFACE_STYLE_FILL_AREA(#9552);
#9367=SURFACE_STYLE_FILL_AREA(#9553);
#9368=SURFACE_STYLE_FILL_AREA(#9554);
#9369=SURFACE_STYLE_FILL_AREA(#9555);
#9370=SURFACE_STYLE_FILL_AREA(#9556);
#9371=SURFACE_STYLE_FILL_AREA(#9557);
#9372=SURFACE_STYLE_FILL_AREA(#9558);
#9373=SURFACE_STYLE_FILL_AREA(#9559);
#9374=SURFACE_STYLE_FILL_AREA(#9560);
#9375=SURFACE_STYLE_FILL_AREA(#9561);
#9376=SURFACE_STYLE_FILL_AREA(#9562);
#9377=SURFACE_STYLE_FILL_AREA(#9563);
#9378=SURFACE_STYLE_FILL_AREA(#9564);
#9379=SURFACE_STYLE_FILL_AREA(#9565);
#9380=SURFACE_STYLE_FILL_AREA(#9566);
#9381=SURFACE_STYLE_FILL_AREA(#9567);
#9382=SURFACE_STYLE_FILL_AREA(#9568);
#9383=SURFACE_STYLE_FILL_AREA(#9569);
#9384=SURFACE_STYLE_FILL_AREA(#9570);
#9385=SURFACE_STYLE_FILL_AREA(#9571);
#9386=SURFACE_STYLE_FILL_AREA(#9572);
#9387=SURFACE_STYLE_FILL_AREA(#9573);
#9388=SURFACE_STYLE_FILL_AREA(#9574);
#9389=SURFACE_STYLE_FILL_AREA(#9575);
#9390=SURFACE_STYLE_FILL_AREA(#9576);
#9391=SURFACE_STYLE_FILL_AREA(#9577);
#9392=SURFACE_STYLE_FILL_AREA(#9578);
#9393=SURFACE_STYLE_FILL_AREA(#9579);
#9394=SURFACE_STYLE_FILL_AREA(#9580);
#9395=SURFACE_STYLE_FILL_AREA(#9581);
#9396=SURFACE_STYLE_FILL_AREA(#9582);
#9397=SURFACE_STYLE_FILL_AREA(#9583);
#9398=SURFACE_STYLE_FILL_AREA(#9584);
#9399=SURFACE_STYLE_FILL_AREA(#9585);
#9400=SURFACE_STYLE_FILL_AREA(#9586);
#9401=SURFACE_STYLE_FILL_AREA(#9587);
#9402=SURFACE_STYLE_FILL_AREA(#9588);
#9403=SURFACE_STYLE_FILL_AREA(#9589);
#9404=SURFACE_STYLE_FILL_AREA(#9590);
#9405=SURFACE_STYLE_FILL_AREA(#9591);
#9406=SURFACE_STYLE_FILL_AREA(#9592);
#9407=SURFACE_STYLE_FILL_AREA(#9593);
#9408=SURFACE_STYLE_FILL_AREA(#9594);
#9409=SURFACE_STYLE_FILL_AREA(#9595);
#9410=SURFACE_STYLE_FILL_AREA(#9596);
#9411=SURFACE_STYLE_FILL_AREA(#9597);
#9412=SURFACE_STYLE_FILL_AREA(#9598);
#9413=SURFACE_STYLE_FILL_AREA(#9599);
#9414=SURFACE_STYLE_FILL_AREA(#9600);
#9415=SURFACE_STYLE_FILL_AREA(#9601);
#9416=SURFACE_STYLE_FILL_AREA(#9602);
#9417=SURFACE_STYLE_FILL_AREA(#9603);
#9418=SURFACE_STYLE_FILL_AREA(#9604);
#9419=SURFACE_STYLE_FILL_AREA(#9605);
#9420=SURFACE_STYLE_FILL_AREA(#9606);
#9421=SURFACE_STYLE_FILL_AREA(#9607);
#9422=SURFACE_STYLE_FILL_AREA(#9608);
#9423=SURFACE_STYLE_FILL_AREA(#9609);
#9424=SURFACE_STYLE_FILL_AREA(#9610);
#9425=SURFACE_STYLE_FILL_AREA(#9611);
#9426=SURFACE_STYLE_FILL_AREA(#9612);
#9427=SURFACE_STYLE_FILL_AREA(#9613);
#9428=SURFACE_STYLE_FILL_AREA(#9614);
#9429=SURFACE_STYLE_FILL_AREA(#9615);
#9430=SURFACE_STYLE_FILL_AREA(#9616);
#9431=SURFACE_STYLE_FILL_AREA(#9617);
#9432=SURFACE_STYLE_FILL_AREA(#9618);
#9433=SURFACE_STYLE_FILL_AREA(#9619);
#9434=SURFACE_STYLE_FILL_AREA(#9620);
#9435=SURFACE_STYLE_FILL_AREA(#9621);
#9436=SURFACE_STYLE_FILL_AREA(#9622);
#9437=SURFACE_STYLE_FILL_AREA(#9623);
#9438=SURFACE_STYLE_FILL_AREA(#9624);
#9439=SURFACE_STYLE_FILL_AREA(#9625);
#9440=SURFACE_STYLE_FILL_AREA(#9626);
#9441=SURFACE_STYLE_FILL_AREA(#9627);
#9442=SURFACE_STYLE_FILL_AREA(#9628);
#9443=SURFACE_STYLE_FILL_AREA(#9629);
#9444=SURFACE_STYLE_FILL_AREA(#9630);
#9445=SURFACE_STYLE_FILL_AREA(#9631);
#9446=SURFACE_STYLE_FILL_AREA(#9632);
#9447=SURFACE_STYLE_FILL_AREA(#9633);
#9448=SURFACE_STYLE_FILL_AREA(#9634);
#9449=SURFACE_STYLE_FILL_AREA(#9635);
#9450=SURFACE_STYLE_FILL_AREA(#9636);
#9451=SURFACE_STYLE_FILL_AREA(#9637);
#9452=SURFACE_STYLE_FILL_AREA(#9638);
#9453=SURFACE_STYLE_FILL_AREA(#9639);
#9454=SURFACE_STYLE_FILL_AREA(#9640);
#9455=SURFACE_STYLE_FILL_AREA(#9641);
#9456=SURFACE_STYLE_FILL_AREA(#9642);
#9457=SURFACE_STYLE_FILL_AREA(#9643);
#9458=SURFACE_STYLE_FILL_AREA(#9644);
#9459=SURFACE_STYLE_FILL_AREA(#9645);
#9460=SURFACE_STYLE_FILL_AREA(#9646);
#9461=SURFACE_STYLE_FILL_AREA(#9647);
#9462=SURFACE_STYLE_FILL_AREA(#9648);
#9463=SURFACE_STYLE_FILL_AREA(#9649);
#9464=SURFACE_STYLE_FILL_AREA(#9650);
#9465=SURFACE_STYLE_FILL_AREA(#9651);
#9466=SURFACE_STYLE_FILL_AREA(#9652);
#9467=SURFACE_STYLE_FILL_AREA(#9653);
#9468=SURFACE_STYLE_FILL_AREA(#9654);
#9469=SURFACE_STYLE_FILL_AREA(#9655);
#9470=SURFACE_STYLE_FILL_AREA(#9656);
#9471=SURFACE_STYLE_FILL_AREA(#9657);
#9472=SURFACE_STYLE_FILL_AREA(#9658);
#9473=SURFACE_STYLE_FILL_AREA(#9659);
#9474=SURFACE_STYLE_FILL_AREA(#9660);
#9475=SURFACE_STYLE_FILL_AREA(#9661);
#9476=SURFACE_STYLE_FILL_AREA(#9662);
#9477=SURFACE_STYLE_FILL_AREA(#9663);
#9478=SURFACE_STYLE_FILL_AREA(#9664);
#9479=SURFACE_STYLE_FILL_AREA(#9665);
#9480=FILL_AREA_STYLE('',(#9666));
#9481=FILL_AREA_STYLE('',(#9667));
#9482=FILL_AREA_STYLE('',(#9668));
#9483=FILL_AREA_STYLE('',(#9669));
#9484=FILL_AREA_STYLE('',(#9670));
#9485=FILL_AREA_STYLE('',(#9671));
#9486=FILL_AREA_STYLE('',(#9672));
#9487=FILL_AREA_STYLE('',(#9673));
#9488=FILL_AREA_STYLE('',(#9674));
#9489=FILL_AREA_STYLE('',(#9675));
#9490=FILL_AREA_STYLE('',(#9676));
#9491=FILL_AREA_STYLE('',(#9677));
#9492=FILL_AREA_STYLE('',(#9678));
#9493=FILL_AREA_STYLE('',(#9679));
#9494=FILL_AREA_STYLE('',(#9680));
#9495=FILL_AREA_STYLE('',(#9681));
#9496=FILL_AREA_STYLE('',(#9682));
#9497=FILL_AREA_STYLE('',(#9683));
#9498=FILL_AREA_STYLE('',(#9684));
#9499=FILL_AREA_STYLE('',(#9685));
#9500=FILL_AREA_STYLE('',(#9686));
#9501=FILL_AREA_STYLE('',(#9687));
#9502=FILL_AREA_STYLE('',(#9688));
#9503=FILL_AREA_STYLE('',(#9689));
#9504=FILL_AREA_STYLE('',(#9690));
#9505=FILL_AREA_STYLE('',(#9691));
#9506=FILL_AREA_STYLE('',(#9692));
#9507=FILL_AREA_STYLE('',(#9693));
#9508=FILL_AREA_STYLE('',(#9694));
#9509=FILL_AREA_STYLE('',(#9695));
#9510=FILL_AREA_STYLE('',(#9696));
#9511=FILL_AREA_STYLE('',(#9697));
#9512=FILL_AREA_STYLE('',(#9698));
#9513=FILL_AREA_STYLE('',(#9699));
#9514=FILL_AREA_STYLE('',(#9700));
#9515=FILL_AREA_STYLE('',(#9701));
#9516=FILL_AREA_STYLE('',(#9702));
#9517=FILL_AREA_STYLE('',(#9703));
#9518=FILL_AREA_STYLE('',(#9704));
#9519=FILL_AREA_STYLE('',(#9705));
#9520=FILL_AREA_STYLE('',(#9706));
#9521=FILL_AREA_STYLE('',(#9707));
#9522=FILL_AREA_STYLE('',(#9708));
#9523=FILL_AREA_STYLE('',(#9709));
#9524=FILL_AREA_STYLE('',(#9710));
#9525=FILL_AREA_STYLE('',(#9711));
#9526=FILL_AREA_STYLE('',(#9712));
#9527=FILL_AREA_STYLE('',(#9713));
#9528=FILL_AREA_STYLE('',(#9714));
#9529=FILL_AREA_STYLE('',(#9715));
#9530=FILL_AREA_STYLE('',(#9716));
#9531=FILL_AREA_STYLE('',(#9717));
#9532=FILL_AREA_STYLE('',(#9718));
#9533=FILL_AREA_STYLE('',(#9719));
#9534=FILL_AREA_STYLE('',(#9720));
#9535=FILL_AREA_STYLE('',(#9721));
#9536=FILL_AREA_STYLE('',(#9722));
#9537=FILL_AREA_STYLE('',(#9723));
#9538=FILL_AREA_STYLE('',(#9724));
#9539=FILL_AREA_STYLE('',(#9725));
#9540=FILL_AREA_STYLE('',(#9726));
#9541=FILL_AREA_STYLE('',(#9727));
#9542=FILL_AREA_STYLE('',(#9728));
#9543=FILL_AREA_STYLE('',(#9729));
#9544=FILL_AREA_STYLE('',(#9730));
#9545=FILL_AREA_STYLE('',(#9731));
#9546=FILL_AREA_STYLE('',(#9732));
#9547=FILL_AREA_STYLE('',(#9733));
#9548=FILL_AREA_STYLE('',(#9734));
#9549=FILL_AREA_STYLE('',(#9735));
#9550=FILL_AREA_STYLE('',(#9736));
#9551=FILL_AREA_STYLE('',(#9737));
#9552=FILL_AREA_STYLE('',(#9738));
#9553=FILL_AREA_STYLE('',(#9739));
#9554=FILL_AREA_STYLE('',(#9740));
#9555=FILL_AREA_STYLE('',(#9741));
#9556=FILL_AREA_STYLE('',(#9742));
#9557=FILL_AREA_STYLE('',(#9743));
#9558=FILL_AREA_STYLE('',(#9744));
#9559=FILL_AREA_STYLE('',(#9745));
#9560=FILL_AREA_STYLE('',(#9746));
#9561=FILL_AREA_STYLE('',(#9747));
#9562=FILL_AREA_STYLE('',(#9748));
#9563=FILL_AREA_STYLE('',(#9749));
#9564=FILL_AREA_STYLE('',(#9750));
#9565=FILL_AREA_STYLE('',(#9751));
#9566=FILL_AREA_STYLE('',(#9752));
#9567=FILL_AREA_STYLE('',(#9753));
#9568=FILL_AREA_STYLE('',(#9754));
#9569=FILL_AREA_STYLE('',(#9755));
#9570=FILL_AREA_STYLE('',(#9756));
#9571=FILL_AREA_STYLE('',(#9757));
#9572=FILL_AREA_STYLE('',(#9758));
#9573=FILL_AREA_STYLE('',(#9759));
#9574=FILL_AREA_STYLE('',(#9760));
#9575=FILL_AREA_STYLE('',(#9761));
#9576=FILL_AREA_STYLE('',(#9762));
#9577=FILL_AREA_STYLE('',(#9763));
#9578=FILL_AREA_STYLE('',(#9764));
#9579=FILL_AREA_STYLE('',(#9765));
#9580=FILL_AREA_STYLE('',(#9766));
#9581=FILL_AREA_STYLE('',(#9767));
#9582=FILL_AREA_STYLE('',(#9768));
#9583=FILL_AREA_STYLE('',(#9769));
#9584=FILL_AREA_STYLE('',(#9770));
#9585=FILL_AREA_STYLE('',(#9771));
#9586=FILL_AREA_STYLE('',(#9772));
#9587=FILL_AREA_STYLE('',(#9773));
#9588=FILL_AREA_STYLE('',(#9774));
#9589=FILL_AREA_STYLE('',(#9775));
#9590=FILL_AREA_STYLE('',(#9776));
#9591=FILL_AREA_STYLE('',(#9777));
#9592=FILL_AREA_STYLE('',(#9778));
#9593=FILL_AREA_STYLE('',(#9779));
#9594=FILL_AREA_STYLE('',(#9780));
#9595=FILL_AREA_STYLE('',(#9781));
#9596=FILL_AREA_STYLE('',(#9782));
#9597=FILL_AREA_STYLE('',(#9783));
#9598=FILL_AREA_STYLE('',(#9784));
#9599=FILL_AREA_STYLE('',(#9785));
#9600=FILL_AREA_STYLE('',(#9786));
#9601=FILL_AREA_STYLE('',(#9787));
#9602=FILL_AREA_STYLE('',(#9788));
#9603=FILL_AREA_STYLE('',(#9789));
#9604=FILL_AREA_STYLE('',(#9790));
#9605=FILL_AREA_STYLE('',(#9791));
#9606=FILL_AREA_STYLE('',(#9792));
#9607=FILL_AREA_STYLE('',(#9793));
#9608=FILL_AREA_STYLE('',(#9794));
#9609=FILL_AREA_STYLE('',(#9795));
#9610=FILL_AREA_STYLE('',(#9796));
#9611=FILL_AREA_STYLE('',(#9797));
#9612=FILL_AREA_STYLE('',(#9798));
#9613=FILL_AREA_STYLE('',(#9799));
#9614=FILL_AREA_STYLE('',(#9800));
#9615=FILL_AREA_STYLE('',(#9801));
#9616=FILL_AREA_STYLE('',(#9802));
#9617=FILL_AREA_STYLE('',(#9803));
#9618=FILL_AREA_STYLE('',(#9804));
#9619=FILL_AREA_STYLE('',(#9805));
#9620=FILL_AREA_STYLE('',(#9806));
#9621=FILL_AREA_STYLE('',(#9807));
#9622=FILL_AREA_STYLE('',(#9808));
#9623=FILL_AREA_STYLE('',(#9809));
#9624=FILL_AREA_STYLE('',(#9810));
#9625=FILL_AREA_STYLE('',(#9811));
#9626=FILL_AREA_STYLE('',(#9812));
#9627=FILL_AREA_STYLE('',(#9813));
#9628=FILL_AREA_STYLE('',(#9814));
#9629=FILL_AREA_STYLE('',(#9815));
#9630=FILL_AREA_STYLE('',(#9816));
#9631=FILL_AREA_STYLE('',(#9817));
#9632=FILL_AREA_STYLE('',(#9818));
#9633=FILL_AREA_STYLE('',(#9819));
#9634=FILL_AREA_STYLE('',(#9820));
#9635=FILL_AREA_STYLE('',(#9821));
#9636=FILL_AREA_STYLE('',(#9822));
#9637=FILL_AREA_STYLE('',(#9823));
#9638=FILL_AREA_STYLE('',(#9824));
#9639=FILL_AREA_STYLE('',(#9825));
#9640=FILL_AREA_STYLE('',(#9826));
#9641=FILL_AREA_STYLE('',(#9827));
#9642=FILL_AREA_STYLE('',(#9828));
#9643=FILL_AREA_STYLE('',(#9829));
#9644=FILL_AREA_STYLE('',(#9830));
#9645=FILL_AREA_STYLE('',(#9831));
#9646=FILL_AREA_STYLE('',(#9832));
#9647=FILL_AREA_STYLE('',(#9833));
#9648=FILL_AREA_STYLE('',(#9834));
#9649=FILL_AREA_STYLE('',(#9835));
#9650=FILL_AREA_STYLE('',(#9836));
#9651=FILL_AREA_STYLE('',(#9837));
#9652=FILL_AREA_STYLE('',(#9838));
#9653=FILL_AREA_STYLE('',(#9839));
#9654=FILL_AREA_STYLE('',(#9840));
#9655=FILL_AREA_STYLE('',(#9841));
#9656=FILL_AREA_STYLE('',(#9842));
#9657=FILL_AREA_STYLE('',(#9843));
#9658=FILL_AREA_STYLE('',(#9844));
#9659=FILL_AREA_STYLE('',(#9845));
#9660=FILL_AREA_STYLE('',(#9846));
#9661=FILL_AREA_STYLE('',(#9847));
#9662=FILL_AREA_STYLE('',(#9848));
#9663=FILL_AREA_STYLE('',(#9849));
#9664=FILL_AREA_STYLE('',(#9850));
#9665=FILL_AREA_STYLE('',(#9851));
#9666=FILL_AREA_STYLE_COLOUR('',#9852);
#9667=FILL_AREA_STYLE_COLOUR('',#9853);
#9668=FILL_AREA_STYLE_COLOUR('',#9853);
#9669=FILL_AREA_STYLE_COLOUR('',#9853);
#9670=FILL_AREA_STYLE_COLOUR('',#9853);
#9671=FILL_AREA_STYLE_COLOUR('',#9853);
#9672=FILL_AREA_STYLE_COLOUR('',#9853);
#9673=FILL_AREA_STYLE_COLOUR('',#9853);
#9674=FILL_AREA_STYLE_COLOUR('',#9853);
#9675=FILL_AREA_STYLE_COLOUR('',#9853);
#9676=FILL_AREA_STYLE_COLOUR('',#9853);
#9677=FILL_AREA_STYLE_COLOUR('',#9853);
#9678=FILL_AREA_STYLE_COLOUR('',#9853);
#9679=FILL_AREA_STYLE_COLOUR('',#9853);
#9680=FILL_AREA_STYLE_COLOUR('',#9853);
#9681=FILL_AREA_STYLE_COLOUR('',#9853);
#9682=FILL_AREA_STYLE_COLOUR('',#9853);
#9683=FILL_AREA_STYLE_COLOUR('',#9853);
#9684=FILL_AREA_STYLE_COLOUR('',#9853);
#9685=FILL_AREA_STYLE_COLOUR('',#9853);
#9686=FILL_AREA_STYLE_COLOUR('',#9853);
#9687=FILL_AREA_STYLE_COLOUR('',#9853);
#9688=FILL_AREA_STYLE_COLOUR('',#9853);
#9689=FILL_AREA_STYLE_COLOUR('',#9853);
#9690=FILL_AREA_STYLE_COLOUR('',#9853);
#9691=FILL_AREA_STYLE_COLOUR('',#9853);
#9692=FILL_AREA_STYLE_COLOUR('',#9853);
#9693=FILL_AREA_STYLE_COLOUR('',#9853);
#9694=FILL_AREA_STYLE_COLOUR('',#9853);
#9695=FILL_AREA_STYLE_COLOUR('',#9853);
#9696=FILL_AREA_STYLE_COLOUR('',#9853);
#9697=FILL_AREA_STYLE_COLOUR('',#9853);
#9698=FILL_AREA_STYLE_COLOUR('',#9853);
#9699=FILL_AREA_STYLE_COLOUR('',#9853);
#9700=FILL_AREA_STYLE_COLOUR('',#9853);
#9701=FILL_AREA_STYLE_COLOUR('',#9853);
#9702=FILL_AREA_STYLE_COLOUR('',#9853);
#9703=FILL_AREA_STYLE_COLOUR('',#9853);
#9704=FILL_AREA_STYLE_COLOUR('',#9853);
#9705=FILL_AREA_STYLE_COLOUR('',#9853);
#9706=FILL_AREA_STYLE_COLOUR('',#9853);
#9707=FILL_AREA_STYLE_COLOUR('',#9853);
#9708=FILL_AREA_STYLE_COLOUR('',#9853);
#9709=FILL_AREA_STYLE_COLOUR('',#9853);
#9710=FILL_AREA_STYLE_COLOUR('',#9853);
#9711=FILL_AREA_STYLE_COLOUR('',#9853);
#9712=FILL_AREA_STYLE_COLOUR('',#9853);
#9713=FILL_AREA_STYLE_COLOUR('',#9853);
#9714=FILL_AREA_STYLE_COLOUR('',#9853);
#9715=FILL_AREA_STYLE_COLOUR('',#9853);
#9716=FILL_AREA_STYLE_COLOUR('',#9853);
#9717=FILL_AREA_STYLE_COLOUR('',#9853);
#9718=FILL_AREA_STYLE_COLOUR('',#9853);
#9719=FILL_AREA_STYLE_COLOUR('',#9853);
#9720=FILL_AREA_STYLE_COLOUR('',#9853);
#9721=FILL_AREA_STYLE_COLOUR('',#9853);
#9722=FILL_AREA_STYLE_COLOUR('',#9853);
#9723=FILL_AREA_STYLE_COLOUR('',#9853);
#9724=FILL_AREA_STYLE_COLOUR('',#9853);
#9725=FILL_AREA_STYLE_COLOUR('',#9853);
#9726=FILL_AREA_STYLE_COLOUR('',#9853);
#9727=FILL_AREA_STYLE_COLOUR('',#9853);
#9728=FILL_AREA_STYLE_COLOUR('',#9853);
#9729=FILL_AREA_STYLE_COLOUR('',#9853);
#9730=FILL_AREA_STYLE_COLOUR('',#9853);
#9731=FILL_AREA_STYLE_COLOUR('',#9853);
#9732=FILL_AREA_STYLE_COLOUR('',#9853);
#9733=FILL_AREA_STYLE_COLOUR('',#9853);
#9734=FILL_AREA_STYLE_COLOUR('',#9853);
#9735=FILL_AREA_STYLE_COLOUR('',#9853);
#9736=FILL_AREA_STYLE_COLOUR('',#9853);
#9737=FILL_AREA_STYLE_COLOUR('',#9853);
#9738=FILL_AREA_STYLE_COLOUR('',#9854);
#9739=FILL_AREA_STYLE_COLOUR('',#9853);
#9740=FILL_AREA_STYLE_COLOUR('',#9853);
#9741=FILL_AREA_STYLE_COLOUR('',#9853);
#9742=FILL_AREA_STYLE_COLOUR('',#9853);
#9743=FILL_AREA_STYLE_COLOUR('',#9853);
#9744=FILL_AREA_STYLE_COLOUR('',#9853);
#9745=FILL_AREA_STYLE_COLOUR('',#9853);
#9746=FILL_AREA_STYLE_COLOUR('',#9853);
#9747=FILL_AREA_STYLE_COLOUR('',#9853);
#9748=FILL_AREA_STYLE_COLOUR('',#9853);
#9749=FILL_AREA_STYLE_COLOUR('',#9853);
#9750=FILL_AREA_STYLE_COLOUR('',#9853);
#9751=FILL_AREA_STYLE_COLOUR('',#9853);
#9752=FILL_AREA_STYLE_COLOUR('',#9853);
#9753=FILL_AREA_STYLE_COLOUR('',#9853);
#9754=FILL_AREA_STYLE_COLOUR('',#9853);
#9755=FILL_AREA_STYLE_COLOUR('',#9853);
#9756=FILL_AREA_STYLE_COLOUR('',#9853);
#9757=FILL_AREA_STYLE_COLOUR('',#9853);
#9758=FILL_AREA_STYLE_COLOUR('',#9853);
#9759=FILL_AREA_STYLE_COLOUR('',#9853);
#9760=FILL_AREA_STYLE_COLOUR('',#9853);
#9761=FILL_AREA_STYLE_COLOUR('',#9853);
#9762=FILL_AREA_STYLE_COLOUR('',#9853);
#9763=FILL_AREA_STYLE_COLOUR('',#9853);
#9764=FILL_AREA_STYLE_COLOUR('',#9853);
#9765=FILL_AREA_STYLE_COLOUR('',#9853);
#9766=FILL_AREA_STYLE_COLOUR('',#9853);
#9767=FILL_AREA_STYLE_COLOUR('',#9853);
#9768=FILL_AREA_STYLE_COLOUR('',#9853);
#9769=FILL_AREA_STYLE_COLOUR('',#9853);
#9770=FILL_AREA_STYLE_COLOUR('',#9853);
#9771=FILL_AREA_STYLE_COLOUR('',#9853);
#9772=FILL_AREA_STYLE_COLOUR('',#9853);
#9773=FILL_AREA_STYLE_COLOUR('',#9853);
#9774=FILL_AREA_STYLE_COLOUR('',#9853);
#9775=FILL_AREA_STYLE_COLOUR('',#9853);
#9776=FILL_AREA_STYLE_COLOUR('',#9853);
#9777=FILL_AREA_STYLE_COLOUR('',#9853);
#9778=FILL_AREA_STYLE_COLOUR('',#9853);
#9779=FILL_AREA_STYLE_COLOUR('',#9853);
#9780=FILL_AREA_STYLE_COLOUR('',#9853);
#9781=FILL_AREA_STYLE_COLOUR('',#9853);
#9782=FILL_AREA_STYLE_COLOUR('',#9853);
#9783=FILL_AREA_STYLE_COLOUR('',#9853);
#9784=FILL_AREA_STYLE_COLOUR('',#9853);
#9785=FILL_AREA_STYLE_COLOUR('',#9853);
#9786=FILL_AREA_STYLE_COLOUR('',#9853);
#9787=FILL_AREA_STYLE_COLOUR('',#9853);
#9788=FILL_AREA_STYLE_COLOUR('',#9853);
#9789=FILL_AREA_STYLE_COLOUR('',#9853);
#9790=FILL_AREA_STYLE_COLOUR('',#9853);
#9791=FILL_AREA_STYLE_COLOUR('',#9853);
#9792=FILL_AREA_STYLE_COLOUR('',#9853);
#9793=FILL_AREA_STYLE_COLOUR('',#9853);
#9794=FILL_AREA_STYLE_COLOUR('',#9853);
#9795=FILL_AREA_STYLE_COLOUR('',#9853);
#9796=FILL_AREA_STYLE_COLOUR('',#9853);
#9797=FILL_AREA_STYLE_COLOUR('',#9853);
#9798=FILL_AREA_STYLE_COLOUR('',#9853);
#9799=FILL_AREA_STYLE_COLOUR('',#9853);
#9800=FILL_AREA_STYLE_COLOUR('',#9853);
#9801=FILL_AREA_STYLE_COLOUR('',#9853);
#9802=FILL_AREA_STYLE_COLOUR('',#9853);
#9803=FILL_AREA_STYLE_COLOUR('',#9853);
#9804=FILL_AREA_STYLE_COLOUR('',#9853);
#9805=FILL_AREA_STYLE_COLOUR('',#9853);
#9806=FILL_AREA_STYLE_COLOUR('',#9853);
#9807=FILL_AREA_STYLE_COLOUR('',#9853);
#9808=FILL_AREA_STYLE_COLOUR('',#9853);
#9809=FILL_AREA_STYLE_COLOUR('',#9853);
#9810=FILL_AREA_STYLE_COLOUR('',#9853);
#9811=FILL_AREA_STYLE_COLOUR('',#9853);
#9812=FILL_AREA_STYLE_COLOUR('',#9853);
#9813=FILL_AREA_STYLE_COLOUR('',#9853);
#9814=FILL_AREA_STYLE_COLOUR('',#9853);
#9815=FILL_AREA_STYLE_COLOUR('',#9853);
#9816=FILL_AREA_STYLE_COLOUR('',#9853);
#9817=FILL_AREA_STYLE_COLOUR('',#9853);
#9818=FILL_AREA_STYLE_COLOUR('',#9853);
#9819=FILL_AREA_STYLE_COLOUR('',#9853);
#9820=FILL_AREA_STYLE_COLOUR('',#9853);
#9821=FILL_AREA_STYLE_COLOUR('',#9853);
#9822=FILL_AREA_STYLE_COLOUR('',#9853);
#9823=FILL_AREA_STYLE_COLOUR('',#9853);
#9824=FILL_AREA_STYLE_COLOUR('',#9853);
#9825=FILL_AREA_STYLE_COLOUR('',#9853);
#9826=FILL_AREA_STYLE_COLOUR('',#9853);
#9827=FILL_AREA_STYLE_COLOUR('',#9853);
#9828=FILL_AREA_STYLE_COLOUR('',#9853);
#9829=FILL_AREA_STYLE_COLOUR('',#9853);
#9830=FILL_AREA_STYLE_COLOUR('',#9853);
#9831=FILL_AREA_STYLE_COLOUR('',#9853);
#9832=FILL_AREA_STYLE_COLOUR('',#9853);
#9833=FILL_AREA_STYLE_COLOUR('',#9853);
#9834=FILL_AREA_STYLE_COLOUR('',#9853);
#9835=FILL_AREA_STYLE_COLOUR('',#9853);
#9836=FILL_AREA_STYLE_COLOUR('',#9853);
#9837=FILL_AREA_STYLE_COLOUR('',#9853);
#9838=FILL_AREA_STYLE_COLOUR('',#9853);
#9839=FILL_AREA_STYLE_COLOUR('',#9853);
#9840=FILL_AREA_STYLE_COLOUR('',#9853);
#9841=FILL_AREA_STYLE_COLOUR('',#9853);
#9842=FILL_AREA_STYLE_COLOUR('',#9853);
#9843=FILL_AREA_STYLE_COLOUR('',#9853);
#9844=FILL_AREA_STYLE_COLOUR('',#9853);
#9845=FILL_AREA_STYLE_COLOUR('',#9853);
#9846=FILL_AREA_STYLE_COLOUR('',#9853);
#9847=FILL_AREA_STYLE_COLOUR('',#9853);
#9848=FILL_AREA_STYLE_COLOUR('',#9853);
#9849=FILL_AREA_STYLE_COLOUR('',#9853);
#9850=FILL_AREA_STYLE_COLOUR('',#9853);
#9851=FILL_AREA_STYLE_COLOUR('',#9853);
#9852=COLOUR_RGB('',0.964705882352941,0.964705882352941,0.952941176470588);
#9853=COLOUR_RGB('',0.282352941176471,0.137254901960784,0.0941176470588235);
#9854=COLOUR_RGB('',0.31764705882353,0.223529411764706,0.129411764705882);
#9855=MANIFOLD_SOLID_BREP('top shell right half:1__Body1',#8734);
#9856=SHAPE_DEFINITION_REPRESENTATION(#16376,#9857);
#9857=SHAPE_REPRESENTATION('top shell right half:1__Body1',(#9858),#16371);
#9858=AXIS2_PLACEMENT_3D('',#12101,#10320,#10321);
#9859=AXIS2_PLACEMENT_3D('',#12102,#10322,#10323);
#9860=AXIS2_PLACEMENT_3D('',#12114,#10327,#10328);
#9861=AXIS2_PLACEMENT_3D('',#12166,#10332,#10333);
#9862=AXIS2_PLACEMENT_3D('',#12307,#10361,#10362);
#9863=AXIS2_PLACEMENT_3D('',#12346,#10369,#10370);
#9864=AXIS2_PLACEMENT_3D('',#12485,#10412,#10413);
#9865=AXIS2_PLACEMENT_3D('',#12557,#10449,#10450);
#9866=AXIS2_PLACEMENT_3D('',#12559,#10451,#10452);
#9867=AXIS2_PLACEMENT_3D('',#12579,#10454,#10455);
#9868=AXIS2_PLACEMENT_3D('',#12581,#10456,#10457);
#9869=AXIS2_PLACEMENT_3D('',#12603,#10468,#10469);
#9870=AXIS2_PLACEMENT_3D('',#12609,#10470,#10471);
#9871=AXIS2_PLACEMENT_3D('',#12611,#10472,#10473);
#9872=AXIS2_PLACEMENT_3D('',#12617,#10476,#10477);
#9873=AXIS2_PLACEMENT_3D('',#12623,#10478,#10479);
#9874=AXIS2_PLACEMENT_3D('',#12659,#10497,#10498);
#9875=AXIS2_PLACEMENT_3D('',#12661,#10499,#10500);
#9876=AXIS2_PLACEMENT_3D('',#12667,#10501,#10502);
#9877=AXIS2_PLACEMENT_3D('',#12669,#10503,#10504);
#9878=AXIS2_PLACEMENT_3D('',#12691,#10505,#10506);
#9879=AXIS2_PLACEMENT_3D('',#12693,#10507,#10508);
#9880=AXIS2_PLACEMENT_3D('',#12701,#10512,#10513);
#9881=AXIS2_PLACEMENT_3D('',#12703,#10514,#10515);
#9882=AXIS2_PLACEMENT_3D('',#12709,#10516,#10517);
#9883=AXIS2_PLACEMENT_3D('',#12735,#10518,#10519);
#9884=AXIS2_PLACEMENT_3D('',#12749,#10524,#10525);
#9885=AXIS2_PLACEMENT_3D('',#12751,#10526,#10527);
#9886=AXIS2_PLACEMENT_3D('',#12809,#10530,#10531);
#9887=AXIS2_PLACEMENT_3D('',#12839,#10540,#10541);
#9888=AXIS2_PLACEMENT_3D('',#12850,#10547,#10548);
#9889=AXIS2_PLACEMENT_3D('',#12851,#10549,#10550);
#9890=AXIS2_PLACEMENT_3D('',#12856,#10552,#10553);
#9891=AXIS2_PLACEMENT_3D('',#12859,#10555,#10556);
#9892=AXIS2_PLACEMENT_3D('',#12871,#10560,#10561);
#9893=AXIS2_PLACEMENT_3D('',#12880,#10564,#10565);
#9894=AXIS2_PLACEMENT_3D('',#12889,#10568,#10569);
#9895=AXIS2_PLACEMENT_3D('',#12898,#10572,#10573);
#9896=AXIS2_PLACEMENT_3D('',#12918,#10577,#10578);
#9897=AXIS2_PLACEMENT_3D('',#12930,#10582,#10583);
#9898=AXIS2_PLACEMENT_3D('',#12942,#10587,#10588);
#9899=AXIS2_PLACEMENT_3D('',#12951,#10591,#10592);
#9900=AXIS2_PLACEMENT_3D('',#12960,#10595,#10596);
#9901=AXIS2_PLACEMENT_3D('',#12969,#10599,#10600);
#9902=AXIS2_PLACEMENT_3D('',#12988,#10601,#10602);
#9903=AXIS2_PLACEMENT_3D('',#12994,#10603,#10604);
#9904=AXIS2_PLACEMENT_3D('',#13009,#10605,#10606);
#9905=AXIS2_PLACEMENT_3D('',#13015,#10607,#10608);
#9906=AXIS2_PLACEMENT_3D('',#13042,#10611,#10612);
#9907=AXIS2_PLACEMENT_3D('',#13051,#10615,#10616);
#9908=AXIS2_PLACEMENT_3D('',#13194,#10619,#10620);
#9909=AXIS2_PLACEMENT_3D('',#13203,#10623,#10624);
#9910=AXIS2_PLACEMENT_3D('',#13212,#10627,#10628);
#9911=AXIS2_PLACEMENT_3D('',#13221,#10631,#10632);
#9912=AXIS2_PLACEMENT_3D('',#13401,#10634,#10635);
#9913=AXIS2_PLACEMENT_3D('',#13409,#10637,#10638);
#9914=AXIS2_PLACEMENT_3D('',#13439,#10645,#10646);
#9915=AXIS2_PLACEMENT_3D('',#13451,#10647,#10648);
#9916=AXIS2_PLACEMENT_3D('',#13452,#10649,#10650);
#9917=AXIS2_PLACEMENT_3D('',#13460,#10651,#10652);
#9918=AXIS2_PLACEMENT_3D('',#13461,#10653,#10654);
#9919=AXIS2_PLACEMENT_3D('',#13483,#10658,#10659);
#9920=AXIS2_PLACEMENT_3D('',#13495,#10661,#10662);
#9921=AXIS2_PLACEMENT_3D('',#13496,#10663,#10664);
#9922=AXIS2_PLACEMENT_3D('',#13501,#10666,#10667);
#9923=AXIS2_PLACEMENT_3D('',#13561,#10669,#10670);
#9924=AXIS2_PLACEMENT_3D('',#13562,#10671,#10672);
#9925=AXIS2_PLACEMENT_3D('',#13564,#10673,#10674);
#9926=AXIS2_PLACEMENT_3D('',#13565,#10675,#10676);
#9927=AXIS2_PLACEMENT_3D('',#13567,#10677,#10678);
#9928=AXIS2_PLACEMENT_3D('',#13568,#10679,#10680);
#9929=AXIS2_PLACEMENT_3D('',#13570,#10681,#10682);
#9930=AXIS2_PLACEMENT_3D('',#13572,#10683,#10684);
#9931=AXIS2_PLACEMENT_3D('',#13573,#10685,#10686);
#9932=AXIS2_PLACEMENT_3D('',#13574,#10687,#10688);
#9933=AXIS2_PLACEMENT_3D('',#13575,#10689,#10690);
#9934=AXIS2_PLACEMENT_3D('',#13577,#10691,#10692);
#9935=AXIS2_PLACEMENT_3D('',#13578,#10693,#10694);
#9936=AXIS2_PLACEMENT_3D('',#13580,#10695,#10696);
#9937=AXIS2_PLACEMENT_3D('',#13581,#10697,#10698);
#9938=AXIS2_PLACEMENT_3D('',#13588,#10702,#10703);
#9939=AXIS2_PLACEMENT_3D('',#13598,#10706,#10707);
#9940=AXIS2_PLACEMENT_3D('',#13607,#10712,#10713);
#9941=AXIS2_PLACEMENT_3D('',#13626,#10714,#10715);
#9942=AXIS2_PLACEMENT_3D('',#13644,#10717,#10718);
#9943=AXIS2_PLACEMENT_3D('',#13650,#10722,#10723);
#9944=AXIS2_PLACEMENT_3D('',#13654,#10726,#10727);
#9945=AXIS2_PLACEMENT_3D('',#13657,#10729,#10730);
#9946=AXIS2_PLACEMENT_3D('',#13665,#10732,#10733);
#9947=AXIS2_PLACEMENT_3D('',#13666,#10734,#10735);
#9948=AXIS2_PLACEMENT_3D('',#13667,#10736,#10737);
#9949=AXIS2_PLACEMENT_3D('',#13669,#10739,#10740);
#9950=AXIS2_PLACEMENT_3D('',#13690,#10741,#10742);
#9951=AXIS2_PLACEMENT_3D('',#13691,#10743,#10744);
#9952=AXIS2_PLACEMENT_3D('',#13696,#10746,#10747);
#9953=AXIS2_PLACEMENT_3D('',#13699,#10749,#10750);
#9954=AXIS2_PLACEMENT_3D('',#13706,#10751,#10752);
#9955=AXIS2_PLACEMENT_3D('',#13708,#10753,#10754);
#9956=AXIS2_PLACEMENT_3D('',#13719,#10755,#10756);
#9957=AXIS2_PLACEMENT_3D('',#13722,#10759,#10760);
#9958=AXIS2_PLACEMENT_3D('',#13723,#10761,#10762);
#9959=AXIS2_PLACEMENT_3D('',#13727,#10765,#10766);
#9960=AXIS2_PLACEMENT_3D('',#13749,#10772,#10773);
#9961=AXIS2_PLACEMENT_3D('',#13752,#10776,#10777);
#9962=AXIS2_PLACEMENT_3D('',#13759,#10781,#10782);
#9963=AXIS2_PLACEMENT_3D('',#13768,#10787,#10788);
#9964=AXIS2_PLACEMENT_3D('',#13779,#10789,#10790);
#9965=AXIS2_PLACEMENT_3D('',#13782,#10793,#10794);
#9966=AXIS2_PLACEMENT_3D('',#13788,#10795,#10796);
#9967=AXIS2_PLACEMENT_3D('',#13794,#10800,#10801);
#9968=AXIS2_PLACEMENT_3D('',#13800,#10802,#10803);
#9969=AXIS2_PLACEMENT_3D('',#13804,#10807,#10808);
#9970=AXIS2_PLACEMENT_3D('',#13805,#10809,#10810);
#9971=AXIS2_PLACEMENT_3D('',#13811,#10812,#10813);
#9972=AXIS2_PLACEMENT_3D('',#13841,#10817,#10818);
#9973=AXIS2_PLACEMENT_3D('',#13858,#10820,#10821);
#9974=AXIS2_PLACEMENT_3D('',#13862,#10823,#10824);
#9975=AXIS2_PLACEMENT_3D('',#13868,#10828,#10829);
#9976=AXIS2_PLACEMENT_3D('',#13869,#10830,#10831);
#9977=AXIS2_PLACEMENT_3D('',#13876,#10832,#10833);
#9978=AXIS2_PLACEMENT_3D('',#13879,#10835,#10836);
#9979=AXIS2_PLACEMENT_3D('',#13933,#10864,#10865);
#9980=AXIS2_PLACEMENT_3D('',#13934,#10866,#10867);
#9981=AXIS2_PLACEMENT_3D('',#13935,#10868,#10869);
#9982=AXIS2_PLACEMENT_3D('',#13936,#10870,#10871);
#9983=AXIS2_PLACEMENT_3D('',#13997,#10872,#10873);
#9984=AXIS2_PLACEMENT_3D('',#14003,#10874,#10875);
#9985=AXIS2_PLACEMENT_3D('',#14004,#10876,#10877);
#9986=AXIS2_PLACEMENT_3D('',#14005,#10878,#10879);
#9987=AXIS2_PLACEMENT_3D('',#14006,#10880,#10881);
#9988=AXIS2_PLACEMENT_3D('',#14007,#10882,#10883);
#9989=AXIS2_PLACEMENT_3D('',#14008,#10884,#10885);
#9990=AXIS2_PLACEMENT_3D('',#14009,#10886,#10887);
#9991=AXIS2_PLACEMENT_3D('',#14010,#10888,#10889);
#9992=AXIS2_PLACEMENT_3D('',#14011,#10890,#10891);
#9993=AXIS2_PLACEMENT_3D('',#14012,#10892,#10893);
#9994=AXIS2_PLACEMENT_3D('',#14013,#10894,#10895);
#9995=AXIS2_PLACEMENT_3D('',#14014,#10896,#10897);
#9996=AXIS2_PLACEMENT_3D('',#14018,#10900,#10901);
#9997=AXIS2_PLACEMENT_3D('',#14022,#10904,#10905);
#9998=AXIS2_PLACEMENT_3D('',#14024,#10907,#10908);
#9999=AXIS2_PLACEMENT_3D('',#14033,#10913,#10914);
#10000=AXIS2_PLACEMENT_3D('',#14039,#10918,#10919);
#10001=AXIS2_PLACEMENT_3D('',#14043,#10922,#10923);
#10002=AXIS2_PLACEMENT_3D('',#14047,#10926,#10927);
#10003=AXIS2_PLACEMENT_3D('',#14049,#10929,#10930);
#10004=AXIS2_PLACEMENT_3D('',#14054,#10934,#10935);
#10005=AXIS2_PLACEMENT_3D('',#14057,#10938,#10939);
#10006=AXIS2_PLACEMENT_3D('',#14058,#10940,#10941);
#10007=AXIS2_PLACEMENT_3D('',#14059,#10942,#10943);
#10008=AXIS2_PLACEMENT_3D('',#14060,#10944,#10945);
#10009=AXIS2_PLACEMENT_3D('',#14069,#10950,#10951);
#10010=AXIS2_PLACEMENT_3D('',#14075,#10955,#10956);
#10011=AXIS2_PLACEMENT_3D('',#14079,#10959,#10960);
#10012=AXIS2_PLACEMENT_3D('',#14083,#10963,#10964);
#10013=AXIS2_PLACEMENT_3D('',#14092,#10969,#10970);
#10014=AXIS2_PLACEMENT_3D('',#14098,#10974,#10975);
#10015=AXIS2_PLACEMENT_3D('',#14102,#10978,#10979);
#10016=AXIS2_PLACEMENT_3D('',#14106,#10982,#10983);
#10017=AXIS2_PLACEMENT_3D('',#14108,#10985,#10986);
#10018=AXIS2_PLACEMENT_3D('',#14109,#10987,#10988);
#10019=AXIS2_PLACEMENT_3D('',#14111,#10989,#10990);
#10020=AXIS2_PLACEMENT_3D('',#14112,#10991,#10992);
#10021=AXIS2_PLACEMENT_3D('',#14114,#10993,#10994);
#10022=AXIS2_PLACEMENT_3D('',#14115,#10995,#10996);
#10023=AXIS2_PLACEMENT_3D('',#14117,#10997,#10998);
#10024=AXIS2_PLACEMENT_3D('',#14118,#10999,#11000);
#10025=AXIS2_PLACEMENT_3D('',#14120,#11001,#11002);
#10026=AXIS2_PLACEMENT_3D('',#14121,#11003,#11004);
#10027=AXIS2_PLACEMENT_3D('',#14123,#11005,#11006);
#10028=AXIS2_PLACEMENT_3D('',#14124,#11007,#11008);
#10029=AXIS2_PLACEMENT_3D('',#14126,#11009,#11010);
#10030=AXIS2_PLACEMENT_3D('',#14127,#11011,#11012);
#10031=AXIS2_PLACEMENT_3D('',#14129,#11013,#11014);
#10032=AXIS2_PLACEMENT_3D('',#14130,#11015,#11016);
#10033=AXIS2_PLACEMENT_3D('',#14132,#11017,#11018);
#10034=AXIS2_PLACEMENT_3D('',#14133,#11019,#11020);
#10035=AXIS2_PLACEMENT_3D('',#14135,#11021,#11022);
#10036=AXIS2_PLACEMENT_3D('',#14136,#11023,#11024);
#10037=AXIS2_PLACEMENT_3D('',#14138,#11025,#11026);
#10038=AXIS2_PLACEMENT_3D('',#14139,#11027,#11028);
#10039=AXIS2_PLACEMENT_3D('',#14141,#11029,#11030);
#10040=AXIS2_PLACEMENT_3D('',#14142,#11031,#11032);
#10041=AXIS2_PLACEMENT_3D('',#14144,#11033,#11034);
#10042=AXIS2_PLACEMENT_3D('',#14183,#11057,#11058);
#10043=AXIS2_PLACEMENT_3D('',#14191,#11063,#11064);
#10044=AXIS2_PLACEMENT_3D('',#14195,#11067,#11068);
#10045=AXIS2_PLACEMENT_3D('',#14199,#11071,#11072);
#10046=AXIS2_PLACEMENT_3D('',#14203,#11075,#11076);
#10047=AXIS2_PLACEMENT_3D('',#14207,#11079,#11080);
#10048=AXIS2_PLACEMENT_3D('',#14211,#11083,#11084);
#10049=AXIS2_PLACEMENT_3D('',#14215,#11087,#11088);
#10050=AXIS2_PLACEMENT_3D('',#14221,#11092,#11093);
#10051=AXIS2_PLACEMENT_3D('',#14225,#11096,#11097);
#10052=AXIS2_PLACEMENT_3D('',#14238,#11104,#11105);
#10053=AXIS2_PLACEMENT_3D('',#14241,#11108,#11109);
#10054=AXIS2_PLACEMENT_3D('',#14243,#11111,#11112);
#10055=AXIS2_PLACEMENT_3D('',#14256,#11119,#11120);
#10056=AXIS2_PLACEMENT_3D('',#14259,#11123,#11124);
#10057=AXIS2_PLACEMENT_3D('',#14261,#11126,#11127);
#10058=AXIS2_PLACEMENT_3D('',#14269,#11132,#11133);
#10059=AXIS2_PLACEMENT_3D('',#14271,#11135,#11136);
#10060=AXIS2_PLACEMENT_3D('',#14284,#11143,#11144);
#10061=AXIS2_PLACEMENT_3D('',#14287,#11147,#11148);
#10062=AXIS2_PLACEMENT_3D('',#14289,#11150,#11151);
#10063=AXIS2_PLACEMENT_3D('',#14291,#11153,#11154);
#10064=AXIS2_PLACEMENT_3D('',#14293,#11156,#11157);
#10065=AXIS2_PLACEMENT_3D('',#14295,#11159,#11160);
#10066=AXIS2_PLACEMENT_3D('',#14297,#11162,#11163);
#10067=AXIS2_PLACEMENT_3D('',#14303,#11169,#11170);
#10068=AXIS2_PLACEMENT_3D('',#14304,#11171,#11172);
#10069=AXIS2_PLACEMENT_3D('',#14306,#11174,#11175);
#10070=AXIS2_PLACEMENT_3D('',#14307,#11176,#11177);
#10071=AXIS2_PLACEMENT_3D('',#14309,#11179,#11180);
#10072=AXIS2_PLACEMENT_3D('',#14310,#11181,#11182);
#10073=AXIS2_PLACEMENT_3D('',#14312,#11184,#11185);
#10074=AXIS2_PLACEMENT_3D('',#14313,#11186,#11187);
#10075=AXIS2_PLACEMENT_3D('',#14315,#11189,#11190);
#10076=AXIS2_PLACEMENT_3D('',#14316,#11191,#11192);
#10077=AXIS2_PLACEMENT_3D('',#14333,#11194,#11195);
#10078=AXIS2_PLACEMENT_3D('',#14345,#11197,#11198);
#10079=AXIS2_PLACEMENT_3D('',#14355,#11199,#11200);
#10080=AXIS2_PLACEMENT_3D('',#14597,#11201,#11202);
#10081=AXIS2_PLACEMENT_3D('',#14601,#11205,#11206);
#10082=AXIS2_PLACEMENT_3D('',#14602,#11207,#11208);
#10083=AXIS2_PLACEMENT_3D('',#14603,#11209,#11210);
#10084=AXIS2_PLACEMENT_3D('',#14628,#11212,#11213);
#10085=AXIS2_PLACEMENT_3D('',#14653,#11215,#11216);
#10086=AXIS2_PLACEMENT_3D('',#14654,#11217,#11218);
#10087=AXIS2_PLACEMENT_3D('',#14655,#11219,#11220);
#10088=AXIS2_PLACEMENT_3D('',#14656,#11221,#11222);
#10089=AXIS2_PLACEMENT_3D('',#14657,#11223,#11224);
#10090=AXIS2_PLACEMENT_3D('',#14658,#11225,#11226);
#10091=AXIS2_PLACEMENT_3D('',#14664,#11230,#11231);
#10092=AXIS2_PLACEMENT_3D('',#14668,#11234,#11235);
#10093=AXIS2_PLACEMENT_3D('',#14672,#11238,#11239);
#10094=AXIS2_PLACEMENT_3D('',#14676,#11242,#11243);
#10095=AXIS2_PLACEMENT_3D('',#14680,#11246,#11247);
#10096=AXIS2_PLACEMENT_3D('',#14684,#11250,#11251);
#10097=AXIS2_PLACEMENT_3D('',#14688,#11254,#11255);
#10098=AXIS2_PLACEMENT_3D('',#14692,#11258,#11259);
#10099=AXIS2_PLACEMENT_3D('',#14696,#11262,#11263);
#10100=AXIS2_PLACEMENT_3D('',#14700,#11266,#11267);
#10101=AXIS2_PLACEMENT_3D('',#14704,#11270,#11271);
#10102=AXIS2_PLACEMENT_3D('',#14708,#11274,#11275);
#10103=AXIS2_PLACEMENT_3D('',#14712,#11278,#11279);
#10104=AXIS2_PLACEMENT_3D('',#14716,#11282,#11283);
#10105=AXIS2_PLACEMENT_3D('',#14720,#11286,#11287);
#10106=AXIS2_PLACEMENT_3D('',#14724,#11290,#11291);
#10107=AXIS2_PLACEMENT_3D('',#14728,#11294,#11295);
#10108=AXIS2_PLACEMENT_3D('',#14732,#11298,#11299);
#10109=AXIS2_PLACEMENT_3D('',#14736,#11302,#11303);
#10110=AXIS2_PLACEMENT_3D('',#14740,#11306,#11307);
#10111=AXIS2_PLACEMENT_3D('',#14744,#11310,#11311);
#10112=AXIS2_PLACEMENT_3D('',#14748,#11314,#11315);
#10113=AXIS2_PLACEMENT_3D('',#14752,#11318,#11319);
#10114=AXIS2_PLACEMENT_3D('',#14756,#11322,#11323);
#10115=AXIS2_PLACEMENT_3D('',#14760,#11326,#11327);
#10116=AXIS2_PLACEMENT_3D('',#14764,#11330,#11331);
#10117=AXIS2_PLACEMENT_3D('',#14766,#11333,#11334);
#10118=AXIS2_PLACEMENT_3D('',#14787,#11337,#11338);
#10119=AXIS2_PLACEMENT_3D('',#14827,#11344,#11345);
#10120=AXIS2_PLACEMENT_3D('',#14828,#11346,#11347);
#10121=AXIS2_PLACEMENT_3D('',#14832,#11349,#11350);
#10122=AXIS2_PLACEMENT_3D('',#14833,#11351,#11352);
#10123=AXIS2_PLACEMENT_3D('',#14834,#11353,#11354);
#10124=AXIS2_PLACEMENT_3D('',#14838,#11356,#11357);
#10125=AXIS2_PLACEMENT_3D('',#14839,#11358,#11359);
#10126=AXIS2_PLACEMENT_3D('',#14845,#11363,#11364);
#10127=AXIS2_PLACEMENT_3D('',#14846,#11365,#11366);
#10128=AXIS2_PLACEMENT_3D('',#14850,#11368,#11369);
#10129=AXIS2_PLACEMENT_3D('',#14851,#11370,#11371);
#10130=AXIS2_PLACEMENT_3D('',#14852,#11372,#11373);
#10131=AXIS2_PLACEMENT_3D('',#14856,#11375,#11376);
#10132=AXIS2_PLACEMENT_3D('',#14857,#11377,#11378);
#10133=AXIS2_PLACEMENT_3D('',#14863,#11382,#11383);
#10134=AXIS2_PLACEMENT_3D('',#14867,#11386,#11387);
#10135=AXIS2_PLACEMENT_3D('',#14871,#11390,#11391);
#10136=AXIS2_PLACEMENT_3D('',#14875,#11394,#11395);
#10137=AXIS2_PLACEMENT_3D('',#14879,#11398,#11399);
#10138=AXIS2_PLACEMENT_3D('',#14883,#11402,#11403);
#10139=AXIS2_PLACEMENT_3D('',#14887,#11406,#11407);
#10140=AXIS2_PLACEMENT_3D('',#14891,#11410,#11411);
#10141=AXIS2_PLACEMENT_3D('',#14895,#11414,#11415);
#10142=AXIS2_PLACEMENT_3D('',#14898,#11417,#11418);
#10143=AXIS2_PLACEMENT_3D('',#14899,#11419,#11420);
#10144=AXIS2_PLACEMENT_3D('',#14902,#11422,#11423);
#10145=AXIS2_PLACEMENT_3D('',#14929,#11426,#11427);
#10146=AXIS2_PLACEMENT_3D('',#14959,#11432,#11433);
#10147=AXIS2_PLACEMENT_3D('',#14962,#11435,#11436);
#10148=AXIS2_PLACEMENT_3D('',#14963,#11437,#11438);
#10149=AXIS2_PLACEMENT_3D('',#14966,#11440,#11441);
#10150=AXIS2_PLACEMENT_3D('',#14967,#11442,#11443);
#10151=AXIS2_PLACEMENT_3D('',#14971,#11446,#11447);
#10152=AXIS2_PLACEMENT_3D('',#14987,#11449,#11450);
#10153=AXIS2_PLACEMENT_3D('',#14988,#11451,#11452);
#10154=AXIS2_PLACEMENT_3D('',#14994,#11456,#11457);
#10155=AXIS2_PLACEMENT_3D('',#14998,#11460,#11461);
#10156=AXIS2_PLACEMENT_3D('',#15002,#11464,#11465);
#10157=AXIS2_PLACEMENT_3D('',#15006,#11468,#11469);
#10158=AXIS2_PLACEMENT_3D('',#15010,#11472,#11473);
#10159=AXIS2_PLACEMENT_3D('',#15014,#11476,#11477);
#10160=AXIS2_PLACEMENT_3D('',#15018,#11480,#11481);
#10161=AXIS2_PLACEMENT_3D('',#15022,#11484,#11485);
#10162=AXIS2_PLACEMENT_3D('',#15026,#11488,#11489);
#10163=AXIS2_PLACEMENT_3D('',#15030,#11492,#11493);
#10164=AXIS2_PLACEMENT_3D('',#15034,#11496,#11497);
#10165=AXIS2_PLACEMENT_3D('',#15038,#11500,#11501);
#10166=AXIS2_PLACEMENT_3D('',#15042,#11504,#11505);
#10167=AXIS2_PLACEMENT_3D('',#15046,#11508,#11509);
#10168=AXIS2_PLACEMENT_3D('',#15050,#11512,#11513);
#10169=AXIS2_PLACEMENT_3D('',#15054,#11516,#11517);
#10170=AXIS2_PLACEMENT_3D('',#15057,#11519,#11520);
#10171=AXIS2_PLACEMENT_3D('',#15071,#11522,#11523);
#10172=AXIS2_PLACEMENT_3D('',#15074,#11525,#11526);
#10173=AXIS2_PLACEMENT_3D('',#15075,#11527,#11528);
#10174=AXIS2_PLACEMENT_3D('',#15079,#11531,#11532);
#10175=AXIS2_PLACEMENT_3D('',#15083,#11535,#11536);
#10176=AXIS2_PLACEMENT_3D('',#15086,#11538,#11539);
#10177=AXIS2_PLACEMENT_3D('',#15087,#11540,#11541);
#10178=AXIS2_PLACEMENT_3D('',#15090,#11543,#11544);
#10179=AXIS2_PLACEMENT_3D('',#15104,#11546,#11547);
#10180=AXIS2_PLACEMENT_3D('',#15107,#11549,#11550);
#10181=AXIS2_PLACEMENT_3D('',#15108,#11551,#11552);
#10182=AXIS2_PLACEMENT_3D('',#15110,#11554,#11555);
#10183=AXIS2_PLACEMENT_3D('',#15111,#11556,#11557);
#10184=AXIS2_PLACEMENT_3D('',#15117,#11561,#11562);
#10185=AXIS2_PLACEMENT_3D('',#15134,#11566,#11567);
#10186=AXIS2_PLACEMENT_3D('',#15137,#11569,#11570);
#10187=AXIS2_PLACEMENT_3D('',#15216,#11577,#11578);
#10188=AXIS2_PLACEMENT_3D('',#15219,#11580,#11581);
#10189=AXIS2_PLACEMENT_3D('',#15233,#11583,#11584);
#10190=AXIS2_PLACEMENT_3D('',#15236,#11586,#11587);
#10191=AXIS2_PLACEMENT_3D('',#15237,#11588,#11589);
#10192=AXIS2_PLACEMENT_3D('',#15240,#11591,#11592);
#10193=AXIS2_PLACEMENT_3D('',#15241,#11593,#11594);
#10194=AXIS2_PLACEMENT_3D('',#15245,#11597,#11598);
#10195=AXIS2_PLACEMENT_3D('',#15249,#11601,#11602);
#10196=AXIS2_PLACEMENT_3D('',#15253,#11605,#11606);
#10197=AXIS2_PLACEMENT_3D('',#15256,#11608,#11609);
#10198=AXIS2_PLACEMENT_3D('',#15257,#11610,#11611);
#10199=AXIS2_PLACEMENT_3D('',#15260,#11613,#11614);
#10200=AXIS2_PLACEMENT_3D('',#15326,#11620,#11621);
#10201=AXIS2_PLACEMENT_3D('',#15329,#11623,#11624);
#10202=AXIS2_PLACEMENT_3D('',#15330,#11625,#11626);
#10203=AXIS2_PLACEMENT_3D('',#15333,#11628,#11629);
#10204=AXIS2_PLACEMENT_3D('',#15347,#11631,#11632);
#10205=AXIS2_PLACEMENT_3D('',#15350,#11634,#11635);
#10206=AXIS2_PLACEMENT_3D('',#15351,#11636,#11637);
#10207=AXIS2_PLACEMENT_3D('',#15354,#11639,#11640);
#10208=AXIS2_PLACEMENT_3D('',#15355,#11641,#11642);
#10209=AXIS2_PLACEMENT_3D('',#15357,#11644,#11645);
#10210=AXIS2_PLACEMENT_3D('',#15358,#11646,#11647);
#10211=AXIS2_PLACEMENT_3D('',#15364,#11651,#11652);
#10212=AXIS2_PLACEMENT_3D('',#15368,#11655,#11656);
#10213=AXIS2_PLACEMENT_3D('',#15372,#11659,#11660);
#10214=AXIS2_PLACEMENT_3D('',#15376,#11663,#11664);
#10215=AXIS2_PLACEMENT_3D('',#15380,#11667,#11668);
#10216=AXIS2_PLACEMENT_3D('',#15384,#11671,#11672);
#10217=AXIS2_PLACEMENT_3D('',#15387,#11674,#11675);
#10218=AXIS2_PLACEMENT_3D('',#15479,#11683,#11684);
#10219=AXIS2_PLACEMENT_3D('',#15483,#11687,#11688);
#10220=AXIS2_PLACEMENT_3D('',#15565,#11697,#11698);
#10221=AXIS2_PLACEMENT_3D('',#15568,#11700,#11701);
#10222=AXIS2_PLACEMENT_3D('',#15569,#11702,#11703);
#10223=AXIS2_PLACEMENT_3D('',#15572,#11705,#11706);
#10224=AXIS2_PLACEMENT_3D('',#15573,#11707,#11708);
#10225=AXIS2_PLACEMENT_3D('',#15577,#11711,#11712);
#10226=AXIS2_PLACEMENT_3D('',#15579,#11714,#11715);
#10227=AXIS2_PLACEMENT_3D('',#15595,#11718,#11719);
#10228=AXIS2_PLACEMENT_3D('',#15599,#11722,#11723);
#10229=AXIS2_PLACEMENT_3D('',#15603,#11726,#11727);
#10230=AXIS2_PLACEMENT_3D('',#15607,#11730,#11731);
#10231=AXIS2_PLACEMENT_3D('',#15611,#11734,#11735);
#10232=AXIS2_PLACEMENT_3D('',#15615,#11738,#11739);
#10233=AXIS2_PLACEMENT_3D('',#15619,#11742,#11743);
#10234=AXIS2_PLACEMENT_3D('',#15622,#11745,#11746);
#10235=AXIS2_PLACEMENT_3D('',#15636,#11748,#11749);
#10236=AXIS2_PLACEMENT_3D('',#15640,#11752,#11753);
#10237=AXIS2_PLACEMENT_3D('',#15644,#11756,#11757);
#10238=AXIS2_PLACEMENT_3D('',#15659,#11760,#11761);
#10239=AXIS2_PLACEMENT_3D('',#15660,#11762,#11763);
#10240=AXIS2_PLACEMENT_3D('',#15661,#11764,#11765);
#10241=AXIS2_PLACEMENT_3D('',#15667,#11769,#11770);
#10242=AXIS2_PLACEMENT_3D('',#15671,#11773,#11774);
#10243=AXIS2_PLACEMENT_3D('',#15675,#11777,#11778);
#10244=AXIS2_PLACEMENT_3D('',#15679,#11781,#11782);
#10245=AXIS2_PLACEMENT_3D('',#15683,#11785,#11786);
#10246=AXIS2_PLACEMENT_3D('',#15687,#11789,#11790);
#10247=AXIS2_PLACEMENT_3D('',#15691,#11793,#11794);
#10248=AXIS2_PLACEMENT_3D('',#15695,#11797,#11798);
#10249=AXIS2_PLACEMENT_3D('',#15699,#11801,#11802);
#10250=AXIS2_PLACEMENT_3D('',#15703,#11805,#11806);
#10251=AXIS2_PLACEMENT_3D('',#15707,#11809,#11810);
#10252=AXIS2_PLACEMENT_3D('',#15711,#11813,#11814);
#10253=AXIS2_PLACEMENT_3D('',#15715,#11817,#11818);
#10254=AXIS2_PLACEMENT_3D('',#15719,#11821,#11822);
#10255=AXIS2_PLACEMENT_3D('',#15723,#11825,#11826);
#10256=AXIS2_PLACEMENT_3D('',#15727,#11829,#11830);
#10257=AXIS2_PLACEMENT_3D('',#15731,#11833,#11834);
#10258=AXIS2_PLACEMENT_3D('',#15735,#11837,#11838);
#10259=AXIS2_PLACEMENT_3D('',#15739,#11841,#11842);
#10260=AXIS2_PLACEMENT_3D('',#15743,#11845,#11846);
#10261=AXIS2_PLACEMENT_3D('',#15747,#11849,#11850);
#10262=AXIS2_PLACEMENT_3D('',#15749,#11852,#11853);
#10263=AXIS2_PLACEMENT_3D('',#15750,#11854,#11855);
#10264=AXIS2_PLACEMENT_3D('',#15756,#11859,#11860);
#10265=AXIS2_PLACEMENT_3D('',#15890,#11873,#11874);
#10266=AXIS2_PLACEMENT_3D('',#15893,#11876,#11877);
#10267=AXIS2_PLACEMENT_3D('',#15907,#11879,#11880);
#10268=AXIS2_PLACEMENT_3D('',#15911,#11883,#11884);
#10269=AXIS2_PLACEMENT_3D('',#15915,#11887,#11888);
#10270=AXIS2_PLACEMENT_3D('',#16049,#11901,#11902);
#10271=AXIS2_PLACEMENT_3D('',#16052,#11904,#11905);
#10272=AXIS2_PLACEMENT_3D('',#16066,#11907,#11908);
#10273=AXIS2_PLACEMENT_3D('',#16068,#11910,#11911);
#10274=AXIS2_PLACEMENT_3D('',#16069,#11912,#11913);
#10275=AXIS2_PLACEMENT_3D('',#16078,#11918,#11919);
#10276=AXIS2_PLACEMENT_3D('',#16084,#11923,#11924);
#10277=AXIS2_PLACEMENT_3D('',#16156,#11933,#11934);
#10278=AXIS2_PLACEMENT_3D('',#16160,#11937,#11938);
#10279=AXIS2_PLACEMENT_3D('',#16164,#11941,#11942);
#10280=AXIS2_PLACEMENT_3D('',#16168,#11945,#11946);
#10281=AXIS2_PLACEMENT_3D('',#16172,#11949,#11950);
#10282=AXIS2_PLACEMENT_3D('',#16176,#11953,#11954);
#10283=AXIS2_PLACEMENT_3D('',#16180,#11957,#11958);
#10284=AXIS2_PLACEMENT_3D('',#16184,#11961,#11962);
#10285=AXIS2_PLACEMENT_3D('',#16188,#11965,#11966);
#10286=AXIS2_PLACEMENT_3D('',#16192,#11969,#11970);
#10287=AXIS2_PLACEMENT_3D('',#16196,#11973,#11974);
#10288=AXIS2_PLACEMENT_3D('',#16251,#11979,#11980);
#10289=AXIS2_PLACEMENT_3D('',#16252,#11981,#11982);
#10290=AXIS2_PLACEMENT_3D('',#16258,#11986,#11987);
#10291=AXIS2_PLACEMENT_3D('',#16262,#11990,#11991);
#10292=AXIS2_PLACEMENT_3D('',#16266,#11994,#11995);
#10293=AXIS2_PLACEMENT_3D('',#16270,#11998,#11999);
#10294=AXIS2_PLACEMENT_3D('',#16274,#12002,#12003);
#10295=AXIS2_PLACEMENT_3D('',#16278,#12006,#12007);
#10296=AXIS2_PLACEMENT_3D('',#16282,#12010,#12011);
#10297=AXIS2_PLACEMENT_3D('',#16286,#12014,#12015);
#10298=AXIS2_PLACEMENT_3D('',#16290,#12018,#12019);
#10299=AXIS2_PLACEMENT_3D('',#16294,#12022,#12023);
#10300=AXIS2_PLACEMENT_3D('',#16298,#12026,#12027);
#10301=AXIS2_PLACEMENT_3D('',#16302,#12030,#12031);
#10302=AXIS2_PLACEMENT_3D('',#16306,#12034,#12035);
#10303=AXIS2_PLACEMENT_3D('',#16310,#12038,#12039);
#10304=AXIS2_PLACEMENT_3D('',#16314,#12042,#12043);
#10305=AXIS2_PLACEMENT_3D('',#16318,#12046,#12047);
#10306=AXIS2_PLACEMENT_3D('',#16322,#12050,#12051);
#10307=AXIS2_PLACEMENT_3D('',#16326,#12054,#12055);
#10308=AXIS2_PLACEMENT_3D('',#16330,#12058,#12059);
#10309=AXIS2_PLACEMENT_3D('',#16334,#12062,#12063);
#10310=AXIS2_PLACEMENT_3D('',#16338,#12066,#12067);
#10311=AXIS2_PLACEMENT_3D('',#16342,#12070,#12071);
#10312=AXIS2_PLACEMENT_3D('',#16346,#12074,#12075);
#10313=AXIS2_PLACEMENT_3D('',#16350,#12078,#12079);
#10314=AXIS2_PLACEMENT_3D('',#16354,#12082,#12083);
#10315=AXIS2_PLACEMENT_3D('',#16358,#12086,#12087);
#10316=AXIS2_PLACEMENT_3D('',#16362,#12090,#12091);
#10317=AXIS2_PLACEMENT_3D('',#16366,#12094,#12095);
#10318=AXIS2_PLACEMENT_3D('',#16368,#12097,#12098);
#10319=AXIS2_PLACEMENT_3D('',#16369,#12099,#12100);
#10320=DIRECTION('',(0.,0.,1.));
#10321=DIRECTION('',(1.,0.,0.));
#10322=DIRECTION('',(0.,0.,1.));
#10323=DIRECTION('',(-1.,0.,0.));
#10324=DIRECTION('',(0.,-1.,0.));
#10325=DIRECTION('',(-1.,0.,0.));
#10326=DIRECTION('',(-0.187039881918174,0.982352320998956,0.));
#10327=DIRECTION('',(0.,0.,1.));
#10328=DIRECTION('',(1.,0.,0.));
#10329=DIRECTION('',(0.,1.,0.));
#10330=DIRECTION('',(1.,0.,0.));
#10331=DIRECTION('',(0.148265708621032,-0.988947561626552,0.));
#10332=DIRECTION('',(0.,0.,1.));
#10333=DIRECTION('',(1.,0.,0.));
#10334=DIRECTION('',(0.,-1.,0.));
#10335=DIRECTION('',(-0.989949493661167,-0.141421356237309,0.));
#10336=DIRECTION('',(0.42725370490797,-0.904131777808088,0.));
#10337=DIRECTION('',(1.,0.,0.));
#10338=DIRECTION('',(0.42725370490797,0.904131777808088,0.));
#10339=DIRECTION('',(-0.989841908786165,0.142172415083099,0.));
#10340=DIRECTION('',(0.,1.,0.));
#10341=DIRECTION('',(1.,0.,0.));
#10342=DIRECTION('',(0.,-1.,0.));
#10343=DIRECTION('',(-0.987472375229473,-0.157791977485115,0.));
#10344=DIRECTION('',(-0.467661890123486,-0.883907436627913,0.));
#10345=DIRECTION('',(0.,-1.,0.));
#10346=DIRECTION('',(0.981876790057201,-0.189520366047999,0.));
#10347=DIRECTION('',(0.,-1.,0.));
#10348=DIRECTION('',(-1.,0.,0.));
#10349=DIRECTION('',(0.,1.,0.));
#10350=DIRECTION('',(0.981948992459079,0.189145912481874,0.));
#10351=DIRECTION('',(0.,1.,0.));
#10352=DIRECTION('',(-0.468826317790648,0.883290373403256,0.));
#10353=DIRECTION('',(-0.987215033719797,0.15939409398601,0.));
#10354=DIRECTION('',(0.,1.,0.));
#10355=DIRECTION('',(1.,0.,0.));
#10356=DIRECTION('',(-1.0980076890841E-16,1.,6.72335800938013E-33));
#10357=DIRECTION('',(0.,-1.,0.));
#10358=DIRECTION('',(-1.0980076890841E-16,1.,6.72335800938013E-33));
#10359=DIRECTION('',(-1.0980076890841E-16,1.,6.72335800938013E-33));
#10360=DIRECTION('',(1.,5.2169070173282E-17,-3.08148791101957E-33));
#10361=DIRECTION('',(0.,0.,1.));
#10362=DIRECTION('',(1.,0.,0.));
#10363=DIRECTION('',(0.,1.,0.));
#10364=DIRECTION('',(-1.,0.,0.));
#10365=DIRECTION('',(-1.,0.,0.));
#10366=DIRECTION('',(6.48423741339752E-16,1.,4.93038065763132E-32));
#10367=DIRECTION('',(1.,0.,0.));
#10368=DIRECTION('',(6.48423741339752E-16,-1.,0.));
#10369=DIRECTION('',(0.,0.,1.));
#10370=DIRECTION('',(1.,0.,0.));
#10371=DIRECTION('',(-1.,0.,0.));
#10372=DIRECTION('',(1.,0.,0.));
#10373=DIRECTION('',(-1.,0.,0.));
#10374=DIRECTION('',(0.,-1.,0.));
#10375=DIRECTION('',(0.981876790057201,-0.189520366047999,0.));
#10376=DIRECTION('',(0.,-1.,0.));
#10377=DIRECTION('',(-1.,0.,0.));
#10378=DIRECTION('',(0.,1.,0.));
#10379=DIRECTION('',(0.981657588779446,0.190652506911721,0.));
#10380=DIRECTION('',(0.,1.,0.));
#10381=DIRECTION('',(-0.981657588779446,0.190652506911721,0.));
#10382=DIRECTION('',(0.,1.,0.));
#10383=DIRECTION('',(0.,1.,0.));
#10384=DIRECTION('',(0.981657588779446,0.190652506911721,0.));
#10385=DIRECTION('',(0.,1.,0.));
#10386=DIRECTION('',(-0.981657588779446,0.190652506911721,0.));
#10387=DIRECTION('',(0.,1.,0.));
#10388=DIRECTION('',(1.,0.,0.));
#10389=DIRECTION('',(0.,-1.,0.));
#10390=DIRECTION('',(-0.979922617063608,-0.199378194813798,0.));
#10391=DIRECTION('',(0.,-1.,0.));
#10392=DIRECTION('',(1.,0.,0.));
#10393=DIRECTION('',(0.566748715818242,0.823890704595199,0.));
#10394=DIRECTION('',(-0.990672626458565,0.136263521111442,0.));
#10395=DIRECTION('',(0.,1.,0.));
#10396=DIRECTION('',(1.,0.,0.));
#10397=DIRECTION('',(0.,-1.,0.));
#10398=DIRECTION('',(-0.985849251293653,-0.167634285645102,0.));
#10399=DIRECTION('',(-0.599142206769966,-0.800642626935898,0.));
#10400=DIRECTION('',(0.572880576544735,-0.819638850358969,0.));
#10401=DIRECTION('',(0.985683899741826,-0.168603824955861,0.));
#10402=DIRECTION('',(0.,-1.,0.));
#10403=DIRECTION('',(-1.,0.,0.));
#10404=DIRECTION('',(0.,1.,0.));
#10405=DIRECTION('',(0.991442282273048,0.130545780939908,0.));
#10406=DIRECTION('',(-0.553677603607273,0.832731115825335,0.));
#10407=DIRECTION('',(-1.,0.,0.));
#10408=DIRECTION('',(0.,-1.,0.));
#10409=DIRECTION('',(0.979922617063608,-0.199378194813798,0.));
#10410=DIRECTION('',(0.,-1.,0.));
#10411=DIRECTION('',(-1.,0.,0.));
#10412=DIRECTION('',(0.,0.,1.));
#10413=DIRECTION('',(-1.,0.,0.));
#10414=DIRECTION('',(-0.828089148696769,-0.560596433997453,0.));
#10415=DIRECTION('',(-0.707106781186548,0.707106781186548,0.));
#10416=DIRECTION('',(0.707106781186548,0.707106781186548,0.));
#10417=DIRECTION('',(0.707106781186551,-0.707106781186545,0.));
#10418=DIRECTION('',(0.707106781186505,0.70710678118659,0.));
#10419=DIRECTION('',(-0.168185742250551,0.985755322635202,0.));
#10420=DIRECTION('',(-0.795160819647761,-0.606398607268438,0.));
#10421=DIRECTION('',(-0.707106781186548,0.707106781186548,0.));
#10422=DIRECTION('',(0.707106781186548,0.707106781186548,0.));
#10423=DIRECTION('',(0.707106781186548,-0.707106781186548,0.));
#10424=DIRECTION('',(-0.534641712604432,-0.845078836052235,0.));
#10425=DIRECTION('',(0.155542175091377,-0.987829252334554,0.));
#10426=DIRECTION('',(0.980261822114572,-0.197703717983801,0.));
#10427=DIRECTION('',(0.836019308520822,0.548700023492224,0.));
#10428=DIRECTION('',(0.707106781186548,-0.707106781186548,0.));
#10429=DIRECTION('',(-0.707106781186542,-0.707106781186553,0.));
#10430=DIRECTION('',(-0.707106781186548,0.707106781186548,0.));
#10431=DIRECTION('',(0.581943728073417,0.813229055897546,0.));
#10432=DIRECTION('',(-0.973266348455753,0.229679374266836,0.));
#10433=DIRECTION('',(-0.707106781186526,-0.70710678118657,0.));
#10434=DIRECTION('',(0.707106781186548,-0.707106781186548,0.));
#10435=DIRECTION('',(0.851897979363522,0.523707774198883,0.));
#10436=DIRECTION('',(0.707106781186548,-0.707106781186548,0.));
#10437=DIRECTION('',(-0.707106781186548,-0.707106781186548,0.));
#10438=DIRECTION('',(-0.707106781186548,0.707106781186548,0.));
#10439=DIRECTION('',(0.544161272899006,0.838980636890348,0.));
#10440=DIRECTION('',(-0.70710678118655,0.707106781186545,0.));
#10441=DIRECTION('',(-0.707106781186548,-0.707106781186547,0.));
#10442=DIRECTION('',(6.48423741339752E-16,1.,0.));
#10443=DIRECTION('',(0.707106781186544,0.707106781186551,-1.11022302462516E-16));
#10444=DIRECTION('',(6.48423741339752E-16,-1.,0.));
#10445=DIRECTION('',(-0.826979446616272,-0.562232153895741,0.));
#10446=DIRECTION('',(-0.707106781186548,0.707106781186548,0.));
#10447=DIRECTION('',(0.707106781186541,0.707106781186554,0.));
#10448=DIRECTION('',(0.781391876525044,-0.62404065196161,0.));
#10449=DIRECTION('',(0.,0.,1.));
#10450=DIRECTION('',(1.,0.,0.));
#10451=DIRECTION('',(0.,0.,1.));
#10452=DIRECTION('',(1.,0.,0.));
#10453=DIRECTION('',(0.707106781186548,-0.707106781186548,0.));
#10454=DIRECTION('',(0.,0.,1.));
#10455=DIRECTION('',(1.,0.,0.));
#10456=DIRECTION('',(0.,0.,1.));
#10457=DIRECTION('',(1.,0.,0.));
#10458=DIRECTION('',(0.707106781186556,-0.707106781186539,0.));
#10459=DIRECTION('',(0.838980636890359,0.544161272898988,0.));
#10460=DIRECTION('',(0.707106781186548,-0.707106781186548,0.));
#10461=DIRECTION('',(-0.707106781186548,-0.707106781186548,0.));
#10462=DIRECTION('',(-0.707106781186548,0.707106781186548,0.));
#10463=DIRECTION('',(0.544161272899006,0.838980636890348,0.));
#10464=DIRECTION('',(-0.70710678118655,0.707106781186545,0.));
#10465=DIRECTION('',(0.707106781186548,-0.707106781186548,0.));
#10466=DIRECTION('',(-0.59538633430889,-0.803439551502303,0.));
#10467=DIRECTION('',(0.411559787466866,-0.911382763354798,0.));
#10468=DIRECTION('',(0.,0.,1.));
#10469=DIRECTION('',(1.,0.,0.));
#10470=DIRECTION('',(0.,0.,1.));
#10471=DIRECTION('',(1.,0.,0.));
#10472=DIRECTION('',(0.,0.,1.));
#10473=DIRECTION('',(1.,0.,0.));
#10474=DIRECTION('',(-0.587173735045629,0.80946093474149,0.));
#10475=DIRECTION('',(0.796756562094155,0.604300406056378,0.));
#10476=DIRECTION('',(0.,0.,1.));
#10477=DIRECTION('',(1.,0.,0.));
#10478=DIRECTION('',(0.,0.,1.));
#10479=DIRECTION('',(1.,0.,0.));
#10480=DIRECTION('',(-0.392062890531469,0.919938416345415,0.));
#10481=DIRECTION('',(-0.913967868412315,0.405786563983887,0.));
#10482=DIRECTION('',(-0.808927192606824,-0.587908833971087,0.));
#10483=DIRECTION('',(-0.707106781186548,0.707106781186548,0.));
#10484=DIRECTION('',(0.707106781186545,0.70710678118655,0.));
#10485=DIRECTION('',(0.707106781186548,-0.707106781186548,0.));
#10486=DIRECTION('',(-0.583673986840442,-0.811988101566633,0.));
#10487=DIRECTION('',(0.898258337615864,-0.439467813273719,0.));
#10488=DIRECTION('',(0.828089148696746,-0.560596433997487,0.));
#10489=DIRECTION('',(0.808736084303343,0.588171697674834,0.));
#10490=DIRECTION('',(-0.446373560987282,0.894846715394057,0.));
#10491=DIRECTION('',(-0.811499595132098,-0.584352981596262,0.));
#10492=DIRECTION('',(-0.707106781186548,0.707106781186548,0.));
#10493=DIRECTION('',(0.707106781186548,0.707106781186548,0.));
#10494=DIRECTION('',(0.714641907460795,-0.699490488928046,0.));
#10495=DIRECTION('',(-0.707106781186548,-0.707106781186548,0.));
#10496=DIRECTION('',(-0.847539271883709,0.530732684705618,0.));
#10497=DIRECTION('',(0.,0.,1.));
#10498=DIRECTION('',(1.,0.,0.));
#10499=DIRECTION('',(0.,0.,1.));
#10500=DIRECTION('',(1.,0.,0.));
#10501=DIRECTION('',(0.,0.,1.));
#10502=DIRECTION('',(1.,0.,0.));
#10503=DIRECTION('',(0.,0.,1.));
#10504=DIRECTION('',(1.,0.,0.));
#10505=DIRECTION('',(0.,0.,1.));
#10506=DIRECTION('',(1.,0.,0.));
#10507=DIRECTION('',(0.,0.,1.));
#10508=DIRECTION('',(1.,0.,0.));
#10509=DIRECTION('',(-0.715441150961155,0.698672998985489,0.));
#10510=DIRECTION('',(0.707106781186534,0.707106781186561,0.));
#10511=DIRECTION('',(0.873427097958099,-0.486954930719973,0.));
#10512=DIRECTION('',(0.,0.,1.));
#10513=DIRECTION('',(1.,0.,0.));
#10514=DIRECTION('',(0.,0.,1.));
#10515=DIRECTION('',(1.,0.,0.));
#10516=DIRECTION('',(0.,0.,1.));
#10517=DIRECTION('',(1.,0.,0.));
#10518=DIRECTION('',(0.,0.,1.));
#10519=DIRECTION('',(1.,0.,0.));
#10520=DIRECTION('',(-0.707106781186548,-0.707106781186548,0.));
#10521=DIRECTION('',(-0.864507186684195,0.502620457374526,0.));
#10522=DIRECTION('',(-0.707106781186544,-0.707106781186551,0.));
#10523=DIRECTION('',(0.616344310680484,-0.787476787398714,0.));
#10524=DIRECTION('',(0.,0.,1.));
#10525=DIRECTION('',(1.,0.,0.));
#10526=DIRECTION('',(0.,0.,1.));
#10527=DIRECTION('',(1.,0.,0.));
#10528=DIRECTION('',(-0.34174306308537,0.939793423488922,0.));
#10529=DIRECTION('',(0.670701960724307,0.741726957768538,0.));
#10530=DIRECTION('',(0.,0.,1.));
#10531=DIRECTION('',(1.,0.,0.));
#10532=DIRECTION('',(-0.751979865482566,-0.659186075329889,0.));
#10533=DIRECTION('',(-0.63063442265039,0.776080037733486,0.));
#10534=DIRECTION('',(0.707106781186546,0.707106781186549,0.));
#10535=DIRECTION('',(0.707106781186552,-0.707106781186544,0.));
#10536=DIRECTION('',(0.707106781186554,-0.707106781186542,0.));
#10537=DIRECTION('',(0.637038596485752,-0.770831905532888,0.));
#10538=DIRECTION('',(-0.707106781186538,-0.707106781186557,0.));
#10539=DIRECTION('',(-0.637038596485752,0.770831905532888,0.));
#10540=DIRECTION('',(0.,0.,1.));
#10541=DIRECTION('',(1.,0.,0.));
#10542=DIRECTION('',(-0.707106781186548,-0.707106781186548,0.));
#10543=DIRECTION('',(0.650146060975,-0.759809251982819,0.));
#10544=DIRECTION('',(-0.707106781186548,-0.707106781186548,0.));
#10545=DIRECTION('',(-0.707106781186555,0.70710678118654,0.));
#10546=DIRECTION('',(0.707106781186547,0.707106781186548,0.));
#10547=DIRECTION('',(0.,0.,1.));
#10548=DIRECTION('',(-1.24329437578321E-14,-1.,0.));
#10549=DIRECTION('',(0.,0.,1.));
#10550=DIRECTION('',(1.,0.,0.));
#10551=DIRECTION('',(0.,0.,1.));
#10552=DIRECTION('',(0.,0.,1.));
#10553=DIRECTION('',(1.,0.,0.));
#10554=DIRECTION('',(0.,0.,1.));
#10555=DIRECTION('',(1.,0.,0.));
#10556=DIRECTION('',(0.,-1.,0.));
#10557=DIRECTION('',(0.,0.,-1.));
#10558=DIRECTION('',(0.,-1.,0.));
#10559=DIRECTION('',(0.,0.,-1.));
#10560=DIRECTION('',(0.,1.,0.));
#10561=DIRECTION('',(1.,0.,0.));
#10562=DIRECTION('',(-1.,0.,0.));
#10563=DIRECTION('',(0.,0.,-1.));
#10564=DIRECTION('',(1.,0.,0.));
#10565=DIRECTION('',(0.,-1.,0.));
#10566=DIRECTION('',(0.,-1.,0.));
#10567=DIRECTION('',(0.,0.,-1.));
#10568=DIRECTION('',(0.,1.,0.));
#10569=DIRECTION('',(1.,0.,0.));
#10570=DIRECTION('',(0.,0.,-1.));
#10571=DIRECTION('',(-1.,0.,0.));
#10572=DIRECTION('',(1.,0.,0.));
#10573=DIRECTION('',(0.,-1.,0.));
#10574=DIRECTION('',(0.,-1.,0.));
#10575=DIRECTION('',(0.,0.,-1.));
#10576=DIRECTION('',(0.,0.,-1.));
#10577=DIRECTION('',(0.,-1.,0.));
#10578=DIRECTION('',(-1.,0.,0.));
#10579=DIRECTION('',(0.,0.,-1.));
#10580=DIRECTION('',(-1.,0.,0.));
#10581=DIRECTION('',(0.,0.,-1.));
#10582=DIRECTION('',(0.,-1.,0.));
#10583=DIRECTION('',(-1.,0.,0.));
#10584=DIRECTION('',(0.,0.,-1.));
#10585=DIRECTION('',(-1.,0.,0.));
#10586=DIRECTION('',(0.,0.,-1.));
#10587=DIRECTION('',(1.,0.,0.));
#10588=DIRECTION('',(0.,-1.,0.));
#10589=DIRECTION('',(0.,-1.,0.));
#10590=DIRECTION('',(0.,0.,-1.));
#10591=DIRECTION('',(0.,-1.,0.));
#10592=DIRECTION('',(-1.,0.,0.));
#10593=DIRECTION('',(-1.,0.,0.));
#10594=DIRECTION('',(0.,0.,-1.));
#10595=DIRECTION('',(1.,6.10464556099229E-16,0.));
#10596=DIRECTION('',(6.10464556099229E-16,-1.,0.));
#10597=DIRECTION('',(0.,0.,-1.));
#10598=DIRECTION('',(0.,-1.,0.));
#10599=DIRECTION('',(-8.43566540337316E-15,2.14997351172592E-15,1.));
#10600=DIRECTION('',(1.,0.,8.43566540337316E-15));
#10601=DIRECTION('',(-8.43566540337316E-15,2.14997351172592E-15,1.));
#10602=DIRECTION('',(1.,0.,8.43566540337316E-15));
#10603=DIRECTION('',(1.87593676441055E-15,-6.62241777519868E-16,1.));
#10604=DIRECTION('',(1.,0.,-1.87593676441055E-15));
#10605=DIRECTION('',(1.87593676441055E-15,-6.62241777519868E-16,1.));
#10606=DIRECTION('',(1.,0.,-1.87593676441055E-15));
#10607=DIRECTION('',(0.,-1.,0.));
#10608=DIRECTION('',(-1.,0.,0.));
#10609=DIRECTION('',(6.12323399573677E-17,0.,1.));
#10610=DIRECTION('',(-1.,0.,0.));
#10611=DIRECTION('',(1.,0.,0.));
#10612=DIRECTION('',(0.,-1.,0.));
#10613=DIRECTION('',(0.,-1.,0.));
#10614=DIRECTION('',(0.,0.,-1.));
#10615=DIRECTION('',(0.,-1.,0.));
#10616=DIRECTION('',(-1.,0.,0.));
#10617=DIRECTION('',(6.12323399573677E-17,0.,1.));
#10618=DIRECTION('',(-1.,0.,0.));
#10619=DIRECTION('',(0.,-1.,0.));
#10620=DIRECTION('',(-1.,0.,0.));
#10621=DIRECTION('',(-1.,0.,0.));
#10622=DIRECTION('',(0.,0.,-1.));
#10623=DIRECTION('',(-1.,0.,0.));
#10624=DIRECTION('',(0.,1.,0.));
#10625=DIRECTION('',(0.,-1.,0.));
#10626=DIRECTION('',(0.,0.,-1.));
#10627=DIRECTION('',(0.,1.,0.));
#10628=DIRECTION('',(1.,0.,0.));
#10629=DIRECTION('',(-1.,0.,0.));
#10630=DIRECTION('',(0.,0.,-1.));
#10631=DIRECTION('',(-1.,0.,0.));
#10632=DIRECTION('',(0.,1.,0.));
#10633=DIRECTION('',(0.,-1.,0.));
#10634=DIRECTION('',(1.,6.48423741339752E-16,0.));
#10635=DIRECTION('',(6.48423741339752E-16,-1.,0.));
#10636=DIRECTION('',(6.48423741339752E-16,-1.,0.));
#10637=DIRECTION('',(1.,0.,0.));
#10638=DIRECTION('',(0.,0.,-1.));
#10639=DIRECTION('',(0.,0.,-1.));
#10640=DIRECTION('',(0.,-1.,0.));
#10641=DIRECTION('',(0.,0.,-1.));
#10642=DIRECTION('',(0.,0.,-1.));
#10643=DIRECTION('',(0.,-1.,0.));
#10644=DIRECTION('',(0.,0.,-1.));
#10645=DIRECTION('',(-6.33971361781561E-15,2.08210116510172E-15,1.));
#10646=DIRECTION('',(1.,0.,6.33971361781561E-15));
#10647=DIRECTION('',(-6.33971361781561E-15,2.08210116510172E-15,1.));
#10648=DIRECTION('',(1.,0.,6.33971361781561E-15));
#10649=DIRECTION('',(1.20980294963545E-15,-1.4387479461668E-15,1.));
#10650=DIRECTION('',(0.,-1.,-1.4387479461668E-15));
#10651=DIRECTION('',(1.20980294963545E-15,-1.4387479461668E-15,1.));
#10652=DIRECTION('',(0.,-1.,-1.4387479461668E-15));
#10653=DIRECTION('',(1.,0.,0.));
#10654=DIRECTION('',(0.,-1.,0.));
#10655=DIRECTION('',(0.,0.,-1.));
#10656=DIRECTION('',(0.,-1.,0.));
#10657=DIRECTION('',(0.,0.,-1.));
#10658=DIRECTION('',(-1.,0.,0.));
#10659=DIRECTION('',(0.,0.0731183697894568,0.997323269556733));
#10660=DIRECTION('',(-1.,0.,0.));
#10661=DIRECTION('',(-1.,0.,0.));
#10662=DIRECTION('',(0.,-0.073118369789457,-0.997323269556733));
#10663=DIRECTION('',(1.,0.,0.));
#10664=DIRECTION('',(0.,0.,-1.));
#10665=DIRECTION('',(-1.,0.,0.));
#10666=DIRECTION('',(-1.,0.,0.));
#10667=DIRECTION('',(0.,0.,1.));
#10668=DIRECTION('',(-1.,0.,0.));
#10669=DIRECTION('',(0.,0.,1.));
#10670=DIRECTION('',(-1.,0.,0.));
#10671=DIRECTION('',(0.,0.,1.));
#10672=DIRECTION('',(1.,0.,0.));
#10673=DIRECTION('',(0.,0.,1.));
#10674=DIRECTION('',(-1.,0.,0.));
#10675=DIRECTION('',(0.,0.,1.));
#10676=DIRECTION('',(1.,0.,0.));
#10677=DIRECTION('',(0.,0.,-1.));
#10678=DIRECTION('',(-1.,0.,0.));
#10679=DIRECTION('',(0.,0.,-1.));
#10680=DIRECTION('',(-1.,0.,0.));
#10681=DIRECTION('',(0.,0.,-1.));
#10682=DIRECTION('',(-1.,0.,0.));
#10683=DIRECTION('',(0.,0.,1.));
#10684=DIRECTION('',(1.,0.,0.));
#10685=DIRECTION('',(0.,0.,-1.));
#10686=DIRECTION('',(0.,-1.,0.));
#10687=DIRECTION('',(0.,0.,1.));
#10688=DIRECTION('',(1.,0.,0.));
#10689=DIRECTION('',(0.,0.,1.));
#10690=DIRECTION('',(1.,0.,0.));
#10691=DIRECTION('',(0.,0.,1.));
#10692=DIRECTION('',(1.,0.,0.));
#10693=DIRECTION('',(0.,0.,1.));
#10694=DIRECTION('',(1.,0.,0.));
#10695=DIRECTION('',(0.,0.,-1.));
#10696=DIRECTION('',(0.,-1.,0.));
#10697=DIRECTION('',(0.,0.,1.));
#10698=DIRECTION('',(1.,0.,0.));
#10699=DIRECTION('',(0.866025403784437,0.5,0.));
#10700=DIRECTION('',(1.,0.,0.));
#10701=DIRECTION('',(0.,-1.,0.));
#10702=DIRECTION('',(0.,0.,1.));
#10703=DIRECTION('',(1.,0.,0.));
#10704=DIRECTION('',(-0.866025403740677,-0.500000000075798,-5.55111512312578E-17));
#10705=DIRECTION('',(-1.,0.,0.));
#10706=DIRECTION('',(0.5,-0.866025403784437,0.));
#10707=DIRECTION('',(0.866025403784437,0.5,0.));
#10708=DIRECTION('',(0.866025403784437,0.5,0.));
#10709=DIRECTION('',(0.,0.,-1.));
#10710=DIRECTION('',(0.866025403784437,0.5,0.));
#10711=DIRECTION('',(0.,0.,-1.));
#10712=DIRECTION('',(0.866025403784437,0.5,0.));
#10713=DIRECTION('',(0.353553390593277,-0.612372435695794,0.707106781186547));
#10714=DIRECTION('',(-0.866025403740677,-0.500000000075798,-5.55111512312578E-17));
#10715=DIRECTION('',(-0.353553390646864,0.612372435664838,0.707106781186562));
#10716=DIRECTION('',(-0.866025403740677,-0.500000000075798,-5.55111512312578E-17));
#10717=DIRECTION('',(0.,1.,0.));
#10718=DIRECTION('',(1.,0.,0.));
#10719=DIRECTION('',(1.,0.,0.));
#10720=DIRECTION('',(0.,0.,-1.));
#10721=DIRECTION('',(-1.,0.,0.));
#10722=DIRECTION('',(1.,0.,0.));
#10723=DIRECTION('',(0.,-1.,0.));
#10724=DIRECTION('',(0.,-1.,0.));
#10725=DIRECTION('',(0.,0.,-1.));
#10726=DIRECTION('',(1.,0.,0.));
#10727=DIRECTION('',(0.,0.,-1.));
#10728=DIRECTION('',(0.,1.,0.));
#10729=DIRECTION('',(-1.,0.,0.));
#10730=DIRECTION('',(0.,-0.707106781186551,0.707106781186544));
#10731=DIRECTION('',(-1.,0.,0.));
#10732=DIRECTION('',(-0.707106781186548,0.707106781186548,0.));
#10733=DIRECTION('',(-0.707106781186548,-0.707106781186548,0.));
#10734=DIRECTION('',(0.,1.,0.));
#10735=DIRECTION('',(-0.707106781186514,0.,0.707106781186581));
#10736=DIRECTION('',(0.,-1.,0.));
#10737=DIRECTION('',(0.,0.,-1.));
#10738=DIRECTION('',(0.,1.,0.));
#10739=DIRECTION('',(1.,0.,0.));
#10740=DIRECTION('',(0.,0.,-1.));
#10741=DIRECTION('',(1.,0.,0.));
#10742=DIRECTION('',(0.,-0.134394556056568,-0.990927900153365));
#10743=DIRECTION('',(-1.,0.,0.));
#10744=DIRECTION('',(0.,0.,1.));
#10745=DIRECTION('',(1.,0.,0.));
#10746=DIRECTION('',(1.,0.,0.));
#10747=DIRECTION('',(0.,0.,-1.));
#10748=DIRECTION('',(1.,0.,0.));
#10749=DIRECTION('',(-1.,0.,0.));
#10750=DIRECTION('',(0.,0.,1.));
#10751=DIRECTION('',(-1.,0.,0.));
#10752=DIRECTION('',(0.,0.,1.));
#10753=DIRECTION('',(0.,-1.,0.));
#10754=DIRECTION('',(0.,0.,-1.));
#10755=DIRECTION('',(0.,-1.,0.));
#10756=DIRECTION('',(0.707106781186564,0.,0.707106781186531));
#10757=DIRECTION('',(0.,-1.,0.));
#10758=DIRECTION('',(0.,-1.,0.));
#10759=DIRECTION('',(1.,0.,0.));
#10760=DIRECTION('',(0.,1.,0.));
#10761=DIRECTION('',(1.,0.,0.));
#10762=DIRECTION('',(0.,0.,-1.));
#10763=DIRECTION('',(1.,0.,0.));
#10764=DIRECTION('',(1.,0.,0.));
#10765=DIRECTION('',(0.,-1.,0.));
#10766=DIRECTION('',(-1.,0.,0.));
#10767=DIRECTION('',(0.,0.,-1.));
#10768=DIRECTION('',(-1.,0.,0.));
#10769=DIRECTION('',(0.,0.,-1.));
#10770=DIRECTION('',(0.,0.,-1.));
#10771=DIRECTION('',(-1.,0.,0.));
#10772=DIRECTION('',(-0.707106781186549,0.707106781186546,0.));
#10773=DIRECTION('',(-0.707106781186546,-0.707106781186549,0.));
#10774=DIRECTION('',(-0.707106781186546,-0.707106781186549,2.77555756156289E-17));
#10775=DIRECTION('',(-0.707106781186546,-0.707106781186549,0.));
#10776=DIRECTION('',(0.,0.,1.));
#10777=DIRECTION('',(1.,0.,0.));
#10778=DIRECTION('',(0.707106781186569,0.707106781186526,-2.77555756156289E-17));
#10779=DIRECTION('',(1.,0.,0.));
#10780=DIRECTION('',(6.48423741339752E-16,1.,0.));
#10781=DIRECTION('',(0.707106781186526,-0.707106781186569,0.));
#10782=DIRECTION('',(0.707106781186569,0.707106781186526,0.));
#10783=DIRECTION('',(0.707106781186569,0.707106781186526,-2.77555756156289E-17));
#10784=DIRECTION('',(0.,0.,-1.));
#10785=DIRECTION('',(-0.707106781186546,-0.707106781186549,0.));
#10786=DIRECTION('',(0.,0.,-1.));
#10787=DIRECTION('',(0.707106781186569,0.707106781186526,-2.77555756156289E-17));
#10788=DIRECTION('',(0.499999999999986,-0.500000000000016,0.707106781186546));
#10789=DIRECTION('',(0.707106781186551,-0.707106781186544,0.));
#10790=DIRECTION('',(0.707106781186544,0.707106781186551,0.));
#10791=DIRECTION('',(0.707106781186544,0.707106781186551,-1.11022302462516E-16));
#10792=DIRECTION('',(-0.70710678118651,-0.707106781186585,0.));
#10793=DIRECTION('',(0.707106781186544,0.707106781186551,-1.11022302462516E-16));
#10794=DIRECTION('',(0.5,-0.5,0.707106781186551));
#10795=DIRECTION('',(-0.707106781186547,0.707106781186548,0.));
#10796=DIRECTION('',(-0.707106781186548,-0.707106781186547,0.));
#10797=DIRECTION('',(-0.707106781186548,-0.707106781186547,0.));
#10798=DIRECTION('',(-0.707106781186548,-0.707106781186547,0.));
#10799=DIRECTION('',(0.,0.,-1.));
#10800=DIRECTION('',(-0.707106781186548,-0.707106781186547,0.));
#10801=DIRECTION('',(-0.5,0.5,0.70710678118655));
#10802=DIRECTION('',(0.,0.,1.));
#10803=DIRECTION('',(-1.,0.,0.));
#10804=DIRECTION('',(-0.707106781186546,-0.707106781186549,2.77555756156289E-17));
#10805=DIRECTION('',(6.48423741339752E-16,1.,0.));
#10806=DIRECTION('',(0.,-1.,0.));
#10807=DIRECTION('',(-0.707106781186546,-0.707106781186549,2.77555756156289E-17));
#10808=DIRECTION('',(-0.500000000000022,0.50000000000002,0.707106781186518));
#10809=DIRECTION('',(0.242511489921861,-0.970148533604973,0.));
#10810=DIRECTION('',(-0.970148533604973,-0.242511489921861,0.));
#10811=DIRECTION('',(0.97014853360497,0.242511489921871,0.));
#10812=DIRECTION('',(0.,-0.145845303246159,-0.989307407998664));
#10813=DIRECTION('',(0.,-0.989307407998664,0.145845303246159));
#10814=DIRECTION('',(-1.,0.,0.));
#10815=DIRECTION('',(-2.77555756156289E-17,-0.989307407998664,0.145845303246159));
#10816=DIRECTION('',(0.,-0.989307407998664,0.145845303246159));
#10817=DIRECTION('',(1.,0.,0.));
#10818=DIRECTION('',(0.,1.,0.));
#10819=DIRECTION('',(0.,-1.,0.));
#10820=DIRECTION('',(1.,0.,0.));
#10821=DIRECTION('',(0.,0.,-1.));
#10822=DIRECTION('',(-2.77555756156289E-17,-0.989307407998664,0.145845303246159));
#10823=DIRECTION('',(-1.,0.,0.));
#10824=DIRECTION('',(0.,0.,1.));
#10825=DIRECTION('',(0.,1.,0.));
#10826=DIRECTION('',(0.,-1.,0.));
#10827=DIRECTION('',(0.,0.,1.));
#10828=DIRECTION('',(0.,0.,1.));
#10829=DIRECTION('',(1.,-9.90750205702245E-15,0.));
#10830=DIRECTION('',(0.,0.,1.));
#10831=DIRECTION('',(1.,0.,0.));
#10832=DIRECTION('',(0.,0.,1.));
#10833=DIRECTION('',(1.,0.,0.));
#10834=DIRECTION('',(0.,0.,1.));
#10835=DIRECTION('',(0.,1.,0.));
#10836=DIRECTION('',(-1.,0.,0.));
#10837=DIRECTION('',(6.12323399573677E-17,0.,1.));
#10838=DIRECTION('',(-1.,0.,0.));
#10839=DIRECTION('',(-1.,0.,0.));
#10840=DIRECTION('',(0.,0.,1.));
#10841=DIRECTION('',(-0.707106781186544,0.,0.707106781186551));
#10842=DIRECTION('',(-1.,0.,0.));
#10843=DIRECTION('',(-0.707106781186545,0.,-0.70710678118655));
#10844=DIRECTION('',(0.,0.,1.));
#10845=DIRECTION('',(-1.,0.,0.));
#10846=DIRECTION('',(0.,0.,1.));
#10847=DIRECTION('',(-0.707106781186535,0.,0.707106781186561));
#10848=DIRECTION('',(-1.,0.,0.));
#10849=DIRECTION('',(-0.707106781186555,0.,-0.70710678118654));
#10850=DIRECTION('',(0.,0.,1.));
#10851=DIRECTION('',(-1.,0.,0.));
#10852=DIRECTION('',(0.,0.,1.));
#10853=DIRECTION('',(-0.707106781186544,0.,0.707106781186551));
#10854=DIRECTION('',(-1.,0.,0.));
#10855=DIRECTION('',(-0.707106781186545,0.,-0.70710678118655));
#10856=DIRECTION('',(0.,0.,1.));
#10857=DIRECTION('',(-1.,0.,0.));
#10858=DIRECTION('',(0.,0.,1.));
#10859=DIRECTION('',(-0.707106781186544,0.,0.707106781186551));
#10860=DIRECTION('',(-1.,0.,0.));
#10861=DIRECTION('',(-0.707106781186554,0.,-0.707106781186541));
#10862=DIRECTION('',(0.,0.,1.));
#10863=DIRECTION('',(-1.,0.,0.));
#10864=DIRECTION('',(1.,0.,0.));
#10865=DIRECTION('',(0.,0.,-1.));
#10866=DIRECTION('',(0.,-1.,0.));
#10867=DIRECTION('',(0.,0.,-1.));
#10868=DIRECTION('',(-2.77555756156289E-17,-0.989307407998664,0.145845303246159));
#10869=DIRECTION('',(0.,-0.145845303246159,-0.989307407998664));
#10870=DIRECTION('',(0.,-1.,0.));
#10871=DIRECTION('',(0.707106781186535,0.,0.70710678118656));
#10872=DIRECTION('',(-0.0219931002783386,-0.00563161013674013,0.999742261039021));
#10873=DIRECTION('',(0.999758114845392,0.,0.021993449042582));
#10874=DIRECTION('',(0.,0.,1.));
#10875=DIRECTION('',(1.,0.,0.));
#10876=DIRECTION('',(-1.,0.,0.));
#10877=DIRECTION('',(0.,0.,1.));
#10878=DIRECTION('',(0.,0.,1.));
#10879=DIRECTION('',(1.,0.,0.));
#10880=DIRECTION('',(-1.,-1.59265981952815E-15,0.));
#10881=DIRECTION('',(1.59265981952815E-15,-1.,0.));
#10882=DIRECTION('',(0.,1.,0.));
#10883=DIRECTION('',(0.,0.,1.));
#10884=DIRECTION('',(0.,1.,0.));
#10885=DIRECTION('',(0.707106781186534,0.,0.707106781186561));
#10886=DIRECTION('',(0.,-1.,0.));
#10887=DIRECTION('',(0.,0.,-1.));
#10888=DIRECTION('',(-1.,0.,0.));
#10889=DIRECTION('',(0.,0.,1.));
#10890=DIRECTION('',(-2.77555756156289E-17,-0.989307407998664,0.145845303246159));
#10891=DIRECTION('',(0.,-0.145845303246159,-0.989307407998664));
#10892=DIRECTION('',(-1.,0.,0.));
#10893=DIRECTION('',(0.,0.,1.));
#10894=DIRECTION('',(-2.77555756156289E-17,-0.989307407998664,0.145845303246159));
#10895=DIRECTION('',(0.707106781186572,0.103128202929564,0.699545976873918));
#10896=DIRECTION('',(-1.,0.,0.));
#10897=DIRECTION('',(0.,1.,0.));
#10898=DIRECTION('',(0.,1.,0.));
#10899=DIRECTION('',(0.,0.,-1.));
#10900=DIRECTION('',(0.,-1.,0.));
#10901=DIRECTION('',(-1.,0.,0.));
#10902=DIRECTION('',(-1.,0.,0.));
#10903=DIRECTION('',(0.,0.,-1.));
#10904=DIRECTION('',(-0.500000000075798,0.866025403740677,0.));
#10905=DIRECTION('',(-0.866025403740677,-0.500000000075798,0.));
#10906=DIRECTION('',(-0.866025403740677,-0.500000000075798,0.));
#10907=DIRECTION('',(0.,0.,1.));
#10908=DIRECTION('',(1.,0.,0.));
#10909=DIRECTION('',(1.,-2.20391667419386E-16,0.));
#10910=DIRECTION('',(0.,-1.,0.));
#10911=DIRECTION('',(-1.,2.20391667419386E-16,0.));
#10912=DIRECTION('',(0.,1.,0.));
#10913=DIRECTION('',(-2.20391667419386E-16,-1.,0.));
#10914=DIRECTION('',(1.,-2.20391667419386E-16,0.));
#10915=DIRECTION('',(-1.,0.,0.));
#10916=DIRECTION('',(0.,0.,1.));
#10917=DIRECTION('',(0.,0.,1.));
#10918=DIRECTION('',(1.,0.,0.));
#10919=DIRECTION('',(0.,1.,0.));
#10920=DIRECTION('',(0.,-1.,0.));
#10921=DIRECTION('',(0.,0.,1.));
#10922=DIRECTION('',(2.20391667419386E-16,1.,0.));
#10923=DIRECTION('',(-1.,2.20391667419386E-16,0.));
#10924=DIRECTION('',(-1.,0.,0.));
#10925=DIRECTION('',(0.,0.,1.));
#10926=DIRECTION('',(-1.,0.,0.));
#10927=DIRECTION('',(0.,-1.,0.));
#10928=DIRECTION('',(0.,-1.,0.));
#10929=DIRECTION('',(-1.,6.48423741339752E-16,0.));
#10930=DIRECTION('',(6.48423741339752E-16,1.,0.));
#10931=DIRECTION('',(6.48423741339752E-16,1.,4.93038065763132E-32));
#10932=DIRECTION('',(0.,-1.,0.));
#10933=DIRECTION('',(0.,0.,-1.));
#10934=DIRECTION('',(0.,1.,0.));
#10935=DIRECTION('',(1.,0.,0.));
#10936=DIRECTION('',(1.,0.,0.));
#10937=DIRECTION('',(-1.,0.,0.));
#10938=DIRECTION('',(6.48423741339752E-16,1.,4.93038065763132E-32));
#10939=DIRECTION('',(0.707106781186535,-4.58504824583683E-16,0.70710678118656));
#10940=DIRECTION('',(0.707106781186548,0.707106781186547,3.4863055968421E-32));
#10941=DIRECTION('',(-0.707106781186547,0.707106781186548,3.4863055968421E-32));
#10942=DIRECTION('',(1.,0.,0.));
#10943=DIRECTION('',(0.,-0.707106781186548,0.707106781186547));
#10944=DIRECTION('',(0.,0.,-1.));
#10945=DIRECTION('',(1.,0.,0.));
#10946=DIRECTION('',(-1.0980076890841E-16,1.,6.72335800938013E-33));
#10947=DIRECTION('',(-1.,1.19940322006742E-16,0.));
#10948=DIRECTION('',(0.,1.,0.));
#10949=DIRECTION('',(1.,0.,0.));
#10950=DIRECTION('',(1.,0.,0.));
#10951=DIRECTION('',(0.,1.,0.));
#10952=DIRECTION('',(0.,-1.,0.));
#10953=DIRECTION('',(0.,0.,1.));
#10954=DIRECTION('',(0.,0.,1.));
#10955=DIRECTION('',(1.19940322006742E-16,1.,0.));
#10956=DIRECTION('',(-1.,1.19940322006742E-16,0.));
#10957=DIRECTION('',(6.12323399573677E-17,0.,1.));
#10958=DIRECTION('',(-1.,0.,0.));
#10959=DIRECTION('',(0.,-1.,0.));
#10960=DIRECTION('',(1.,0.,0.));
#10961=DIRECTION('',(6.12323399573677E-17,0.,1.));
#10962=DIRECTION('',(-1.,0.,0.));
#10963=DIRECTION('',(0.,0.,1.));
#10964=DIRECTION('',(1.,0.,0.));
#10965=DIRECTION('',(-1.,0.,0.));
#10966=DIRECTION('',(0.,1.,0.));
#10967=DIRECTION('',(1.,0.,0.));
#10968=DIRECTION('',(0.,-1.,0.));
#10969=DIRECTION('',(0.,1.,0.));
#10970=DIRECTION('',(-1.,0.,0.));
#10971=DIRECTION('',(-1.,0.,0.));
#10972=DIRECTION('',(0.,0.,1.));
#10973=DIRECTION('',(0.,0.,1.));
#10974=DIRECTION('',(-1.,0.,0.));
#10975=DIRECTION('',(0.,-1.,0.));
#10976=DIRECTION('',(0.,-1.,0.));
#10977=DIRECTION('',(0.,0.,1.));
#10978=DIRECTION('',(0.,-1.,0.));
#10979=DIRECTION('',(1.,0.,0.));
#10980=DIRECTION('',(-1.,0.,0.));
#10981=DIRECTION('',(0.,0.,1.));
#10982=DIRECTION('',(1.,0.,0.));
#10983=DIRECTION('',(0.,1.,0.));
#10984=DIRECTION('',(0.,-1.,0.));
#10985=DIRECTION('',(0.,0.,-1.));
#10986=DIRECTION('',(1.,0.,0.));
#10987=DIRECTION('',(0.,0.,1.));
#10988=DIRECTION('',(1.,0.,0.));
#10989=DIRECTION('',(0.,0.,1.));
#10990=DIRECTION('',(1.,0.,0.));
#10991=DIRECTION('',(0.,0.,1.));
#10992=DIRECTION('',(1.,0.,0.));
#10993=DIRECTION('',(0.,0.,-1.));
#10994=DIRECTION('',(1.,0.,0.));
#10995=DIRECTION('',(0.,0.,1.));
#10996=DIRECTION('',(1.,0.,0.));
#10997=DIRECTION('',(0.,0.,1.));
#10998=DIRECTION('',(1.,0.,0.));
#10999=DIRECTION('',(0.,0.,1.));
#11000=DIRECTION('',(1.,0.,0.));
#11001=DIRECTION('',(0.,0.,-1.));
#11002=DIRECTION('',(1.,0.,0.));
#11003=DIRECTION('',(0.,0.,1.));
#11004=DIRECTION('',(1.,0.,0.));
#11005=DIRECTION('',(0.,0.,1.));
#11006=DIRECTION('',(1.,0.,0.));
#11007=DIRECTION('',(0.,0.,1.));
#11008=DIRECTION('',(1.,0.,0.));
#11009=DIRECTION('',(0.,0.,-1.));
#11010=DIRECTION('',(1.,0.,0.));
#11011=DIRECTION('',(0.,0.,1.));
#11012=DIRECTION('',(1.,0.,0.));
#11013=DIRECTION('',(0.,0.,1.));
#11014=DIRECTION('',(1.,0.,0.));
#11015=DIRECTION('',(0.,0.,1.));
#11016=DIRECTION('',(1.,0.,0.));
#11017=DIRECTION('',(0.,0.,-1.));
#11018=DIRECTION('',(1.,0.,0.));
#11019=DIRECTION('',(0.,0.,1.));
#11020=DIRECTION('',(1.,0.,0.));
#11021=DIRECTION('',(0.,0.,1.));
#11022=DIRECTION('',(1.,0.,0.));
#11023=DIRECTION('',(0.,0.,1.));
#11024=DIRECTION('',(1.,0.,0.));
#11025=DIRECTION('',(0.,0.,-1.));
#11026=DIRECTION('',(1.,0.,0.));
#11027=DIRECTION('',(0.,0.,1.));
#11028=DIRECTION('',(1.,0.,0.));
#11029=DIRECTION('',(0.,0.,1.));
#11030=DIRECTION('',(1.,0.,0.));
#11031=DIRECTION('',(0.,0.,1.));
#11032=DIRECTION('',(1.,0.,0.));
#11033=DIRECTION('',(0.,0.,1.));
#11034=DIRECTION('',(-1.,0.,0.));
#11035=DIRECTION('',(-1.0980076890841E-16,1.,6.72335800938013E-33));
#11036=DIRECTION('',(0.,-1.,0.));
#11037=DIRECTION('',(-1.,0.,0.));
#11038=DIRECTION('',(-0.707106781186555,-0.70710678118654,0.));
#11039=DIRECTION('',(0.,-1.,0.));
#11040=DIRECTION('',(0.707106781186553,-0.707106781186542,0.));
#11041=DIRECTION('',(-1.,0.,0.));
#11042=DIRECTION('',(0.707106781186546,0.70710678118655,0.));
#11043=DIRECTION('',(0.,-1.,0.));
#11044=DIRECTION('',(-1.,0.,0.));
#11045=DIRECTION('',(0.,-1.,0.));
#11046=DIRECTION('',(1.,0.,0.));
#11047=DIRECTION('',(0.,-1.,0.));
#11048=DIRECTION('',(-1.,0.,0.));
#11049=DIRECTION('',(-1.0980076890841E-16,1.,6.72335800938013E-33));
#11050=DIRECTION('',(-1.,0.,0.));
#11051=DIRECTION('',(-1.0980076890841E-16,1.,6.72335800938013E-33));
#11052=DIRECTION('',(-1.,0.,0.));
#11053=DIRECTION('',(-1.0980076890841E-16,1.,6.72335800938013E-33));
#11054=DIRECTION('',(-0.97586816281917,-0.218360547709373,0.));
#11055=DIRECTION('',(0.,-1.,0.));
#11056=DIRECTION('',(-1.,0.,0.));
#11057=DIRECTION('',(0.,1.,0.));
#11058=DIRECTION('',(-1.,0.,0.));
#11059=DIRECTION('',(0.,0.,1.));
#11060=DIRECTION('',(-0.707106781186554,0.,-0.707106781186541));
#11061=DIRECTION('',(-1.,0.,0.));
#11062=DIRECTION('',(0.,0.,1.));
#11063=DIRECTION('',(-0.707106781186551,0.707106781186544,0.));
#11064=DIRECTION('',(-0.707106781186544,-0.707106781186551,0.));
#11065=DIRECTION('',(-0.707106781186544,-0.707106781186551,0.));
#11066=DIRECTION('',(0.,0.,1.));
#11067=DIRECTION('',(-1.,0.,0.));
#11068=DIRECTION('',(0.,-1.,0.));
#11069=DIRECTION('',(0.,-1.,0.));
#11070=DIRECTION('',(0.,0.,1.));
#11071=DIRECTION('',(-0.707106781186552,-0.707106781186543,0.));
#11072=DIRECTION('',(0.707106781186543,-0.707106781186552,0.));
#11073=DIRECTION('',(0.707106781186543,-0.707106781186552,0.));
#11074=DIRECTION('',(0.,0.,1.));
#11075=DIRECTION('',(0.,-1.,0.));
#11076=DIRECTION('',(1.,0.,0.));
#11077=DIRECTION('',(1.,0.,0.));
#11078=DIRECTION('',(0.,0.,1.));
#11079=DIRECTION('',(0.707106781186562,-0.707106781186533,0.));
#11080=DIRECTION('',(0.707106781186533,0.707106781186562,0.));
#11081=DIRECTION('',(0.707106781186533,0.707106781186562,0.));
#11082=DIRECTION('',(0.,0.,1.));
#11083=DIRECTION('',(1.,-5.18039323243004E-15,0.));
#11084=DIRECTION('',(5.18039323243004E-15,1.,0.));
#11085=DIRECTION('',(5.18039323243004E-15,1.,0.));
#11086=DIRECTION('',(0.,0.,1.));
#11087=DIRECTION('',(0.,1.,0.));
#11088=DIRECTION('',(-1.,0.,0.));
#11089=DIRECTION('',(-1.,0.,0.));
#11090=DIRECTION('',(-0.707106781186535,0.,0.707106781186561));
#11091=DIRECTION('',(0.,0.,1.));
#11092=DIRECTION('',(1.,0.,0.));
#11093=DIRECTION('',(0.,1.,0.));
#11094=DIRECTION('',(0.,0.,1.));
#11095=DIRECTION('',(0.,1.,0.));
#11096=DIRECTION('',(0.,-1.,0.));
#11097=DIRECTION('',(0.,0.,-1.));
#11098=DIRECTION('',(1.,0.,0.));
#11099=DIRECTION('',(-0.707106781186535,0.,0.707106781186561));
#11100=DIRECTION('',(0.,0.,-1.));
#11101=DIRECTION('',(1.,0.,0.));
#11102=DIRECTION('',(0.,0.,-1.));
#11103=DIRECTION('',(-0.707106781186545,0.,-0.70710678118655));
#11104=DIRECTION('',(0.,0.,-1.));
#11105=DIRECTION('',(1.,0.,0.));
#11106=DIRECTION('',(0.,-1.,0.));
#11107=DIRECTION('',(0.,-1.,0.));
#11108=DIRECTION('',(-1.,0.,0.));
#11109=DIRECTION('',(0.,0.,-1.));
#11110=DIRECTION('',(0.,1.,0.));
#11111=DIRECTION('',(0.,-1.,0.));
#11112=DIRECTION('',(0.,0.,-1.));
#11113=DIRECTION('',(1.,0.,0.));
#11114=DIRECTION('',(-0.707106781186544,0.,0.707106781186551));
#11115=DIRECTION('',(0.,0.,-1.));
#11116=DIRECTION('',(1.,0.,0.));
#11117=DIRECTION('',(0.,0.,-1.));
#11118=DIRECTION('',(-0.707106781186555,0.,-0.70710678118654));
#11119=DIRECTION('',(0.,0.,-1.));
#11120=DIRECTION('',(1.,0.,0.));
#11121=DIRECTION('',(0.,-1.,0.));
#11122=DIRECTION('',(0.,-1.,0.));
#11123=DIRECTION('',(-1.,0.,0.));
#11124=DIRECTION('',(0.,0.,-1.));
#11125=DIRECTION('',(0.,1.,0.));
#11126=DIRECTION('',(0.,-1.,0.));
#11127=DIRECTION('',(0.,0.,-1.));
#11128=DIRECTION('',(1.,0.,0.));
#11129=DIRECTION('',(-0.707106781186544,0.,0.707106781186551));
#11130=DIRECTION('',(0.,0.,-1.));
#11131=DIRECTION('',(-0.707106781186535,0.,0.707106781186561));
#11132=DIRECTION('',(-1.,0.,0.));
#11133=DIRECTION('',(0.,0.,-1.));
#11134=DIRECTION('',(0.,1.,0.));
#11135=DIRECTION('',(0.,-1.,0.));
#11136=DIRECTION('',(0.,0.,-1.));
#11137=DIRECTION('',(1.,0.,0.));
#11138=DIRECTION('',(-0.707106781186544,0.,0.707106781186551));
#11139=DIRECTION('',(0.,0.,-1.));
#11140=DIRECTION('',(1.,0.,0.));
#11141=DIRECTION('',(0.,0.,-1.));
#11142=DIRECTION('',(-0.707106781186545,0.,-0.70710678118655));
#11143=DIRECTION('',(0.,0.,-1.));
#11144=DIRECTION('',(1.,0.,0.));
#11145=DIRECTION('',(0.,-1.,0.));
#11146=DIRECTION('',(0.,-1.,0.));
#11147=DIRECTION('',(-1.,0.,0.));
#11148=DIRECTION('',(0.,0.,-1.));
#11149=DIRECTION('',(0.,1.,0.));
#11150=DIRECTION('',(-0.707106781186551,0.,-0.707106781186544));
#11151=DIRECTION('',(-0.707106781186544,0.,0.707106781186551));
#11152=DIRECTION('',(0.,1.,0.));
#11153=DIRECTION('',(-0.707106781186561,0.,-0.707106781186535));
#11154=DIRECTION('',(-0.707106781186535,0.,0.707106781186561));
#11155=DIRECTION('',(0.,1.,0.));
#11156=DIRECTION('',(-0.707106781186551,0.,-0.707106781186544));
#11157=DIRECTION('',(-0.707106781186544,0.,0.707106781186551));
#11158=DIRECTION('',(0.,1.,0.));
#11159=DIRECTION('',(-0.707106781186551,0.,-0.707106781186544));
#11160=DIRECTION('',(-0.707106781186544,0.,0.707106781186551));
#11161=DIRECTION('',(0.,1.,0.));
#11162=DIRECTION('',(0.,0.,1.));
#11163=DIRECTION('',(1.,0.,0.));
#11164=DIRECTION('',(0.,1.,0.));
#11165=DIRECTION('',(0.,1.,0.));
#11166=DIRECTION('',(0.,1.,0.));
#11167=DIRECTION('',(0.,1.,0.));
#11168=DIRECTION('',(0.,1.,0.));
#11169=DIRECTION('',(-0.707106781186561,0.,-0.707106781186535));
#11170=DIRECTION('',(-0.707106781186535,0.,0.707106781186561));
#11171=DIRECTION('',(-1.,0.,0.));
#11172=DIRECTION('',(0.,-1.,0.));
#11173=DIRECTION('',(0.,1.,0.));
#11174=DIRECTION('',(0.707106781186541,0.,-0.707106781186554));
#11175=DIRECTION('',(-0.707106781186554,0.,-0.707106781186541));
#11176=DIRECTION('',(1.,0.,0.));
#11177=DIRECTION('',(0.,0.,1.));
#11178=DIRECTION('',(0.,1.,0.));
#11179=DIRECTION('',(0.70710678118655,0.,-0.707106781186545));
#11180=DIRECTION('',(-0.707106781186545,0.,-0.70710678118655));
#11181=DIRECTION('',(1.,0.,0.));
#11182=DIRECTION('',(0.,0.,1.));
#11183=DIRECTION('',(0.,1.,0.));
#11184=DIRECTION('',(0.70710678118654,0.,-0.707106781186555));
#11185=DIRECTION('',(-0.707106781186555,0.,-0.70710678118654));
#11186=DIRECTION('',(1.,0.,0.));
#11187=DIRECTION('',(0.,0.,1.));
#11188=DIRECTION('',(0.,1.,0.));
#11189=DIRECTION('',(0.70710678118655,0.,-0.707106781186545));
#11190=DIRECTION('',(-0.707106781186545,0.,-0.70710678118655));
#11191=DIRECTION('',(-1.,0.,0.));
#11192=DIRECTION('',(0.,1.,0.));
#11193=DIRECTION('',(0.,0.,-1.));
#11194=DIRECTION('',(-0.218360547709372,0.975868162819171,0.));
#11195=DIRECTION('',(0.975868162819171,0.218360547709372,0.));
#11196=DIRECTION('',(0.,0.,-1.));
#11197=DIRECTION('',(0.,1.,0.));
#11198=DIRECTION('',(1.,0.,0.));
#11199=DIRECTION('',(-1.,0.,0.));
#11200=DIRECTION('',(0.,0.0731183697894568,0.997323269556733));
#11201=DIRECTION('',(5.2169070173282E-17,-1.,0.));
#11202=DIRECTION('',(1.,5.2169070173282E-17,0.));
#11203=DIRECTION('',(6.12323399573677E-17,0.,1.));
#11204=DIRECTION('',(1.,5.2169070173282E-17,-3.08148791101957E-33));
#11205=DIRECTION('',(1.,5.2169070173282E-17,-3.08148791101957E-33));
#11206=DIRECTION('',(3.68891032877243E-17,-0.707106781186544,0.707106781186551));
#11207=DIRECTION('',(1.,5.2169070173282E-17,-3.08148791101957E-33));
#11208=DIRECTION('',(-5.2169070173282E-17,1.,0.));
#11209=DIRECTION('',(3.78877495313772E-15,1.,0.));
#11210=DIRECTION('',(1.,-3.78877495313772E-15,0.));
#11211=DIRECTION('',(6.12323399573677E-17,0.,1.));
#11212=DIRECTION('',(0.,1.,0.));
#11213=DIRECTION('',(1.,0.,0.));
#11214=DIRECTION('',(6.12323399573677E-17,0.,1.));
#11215=DIRECTION('',(-1.,0.,0.));
#11216=DIRECTION('',(0.,0.707106781186547,0.707106781186548));
#11217=DIRECTION('',(-1.,0.,0.));
#11218=DIRECTION('',(0.,0.,1.));
#11219=DIRECTION('',(-1.,-1.0980076890841E-16,6.12323399573677E-17));
#11220=DIRECTION('',(6.12323399573677E-17,0.,1.));
#11221=DIRECTION('',(-1.,-1.0980076890841E-16,6.12323399573677E-17));
#11222=DIRECTION('',(6.12323399573677E-17,0.,1.));
#11223=DIRECTION('',(-1.,-1.0980076890841E-16,6.12323399573677E-17));
#11224=DIRECTION('',(6.12323399573677E-17,0.,1.));
#11225=DIRECTION('',(0.707106781186548,0.707106781186548,0.));
#11226=DIRECTION('',(-0.707106781186548,0.707106781186548,0.));
#11227=DIRECTION('',(0.,0.,1.));
#11228=DIRECTION('',(-0.707106781186548,0.707106781186548,0.));
#11229=DIRECTION('',(0.,0.,1.));
#11230=DIRECTION('',(-0.560596433997453,0.828089148696769,0.));
#11231=DIRECTION('',(-0.828089148696769,-0.560596433997453,0.));
#11232=DIRECTION('',(0.,0.,1.));
#11233=DIRECTION('',(-0.828089148696769,-0.560596433997453,0.));
#11234=DIRECTION('',(0.707106781186545,0.70710678118655,0.));
#11235=DIRECTION('',(-0.70710678118655,0.707106781186545,0.));
#11236=DIRECTION('',(0.,0.,1.));
#11237=DIRECTION('',(-0.70710678118655,0.707106781186545,0.));
#11238=DIRECTION('',(0.838980636890348,-0.544161272899006,0.));
#11239=DIRECTION('',(0.544161272899006,0.838980636890348,0.));
#11240=DIRECTION('',(0.,0.,1.));
#11241=DIRECTION('',(0.544161272899006,0.838980636890348,0.));
#11242=DIRECTION('',(0.707106781186548,0.707106781186548,0.));
#11243=DIRECTION('',(-0.707106781186548,0.707106781186548,0.));
#11244=DIRECTION('',(0.,0.,1.));
#11245=DIRECTION('',(-0.707106781186548,0.707106781186548,0.));
#11246=DIRECTION('',(-0.707106781186548,0.707106781186548,0.));
#11247=DIRECTION('',(-0.707106781186548,-0.707106781186548,0.));
#11248=DIRECTION('',(0.,0.,1.));
#11249=DIRECTION('',(-0.707106781186548,-0.707106781186548,0.));
#11250=DIRECTION('',(-0.707106781186548,-0.707106781186548,0.));
#11251=DIRECTION('',(0.707106781186548,-0.707106781186548,0.));
#11252=DIRECTION('',(0.,0.,1.));
#11253=DIRECTION('',(0.707106781186548,-0.707106781186548,0.));
#11254=DIRECTION('',(0.523707774198883,-0.851897979363523,0.));
#11255=DIRECTION('',(0.851897979363522,0.523707774198882,0.));
#11256=DIRECTION('',(0.,0.,1.));
#11257=DIRECTION('',(0.851897979363522,0.523707774198883,0.));
#11258=DIRECTION('',(-0.707106781186548,-0.707106781186548,0.));
#11259=DIRECTION('',(0.707106781186548,-0.707106781186548,0.));
#11260=DIRECTION('',(0.,0.,1.));
#11261=DIRECTION('',(0.707106781186548,-0.707106781186548,0.));
#11262=DIRECTION('',(-0.70710678118657,0.707106781186526,0.));
#11263=DIRECTION('',(-0.707106781186526,-0.70710678118657,0.));
#11264=DIRECTION('',(0.,0.,1.));
#11265=DIRECTION('',(-0.707106781186526,-0.70710678118657,0.));
#11266=DIRECTION('',(0.229679374266836,0.973266348455753,0.));
#11267=DIRECTION('',(-0.973266348455753,0.229679374266836,0.));
#11268=DIRECTION('',(0.,0.,1.));
#11269=DIRECTION('',(-0.973266348455753,0.229679374266836,0.));
#11270=DIRECTION('',(0.813229055897546,-0.581943728073417,0.));
#11271=DIRECTION('',(0.581943728073417,0.813229055897546,0.));
#11272=DIRECTION('',(0.,0.,1.));
#11273=DIRECTION('',(0.581943728073417,0.813229055897546,0.));
#11274=DIRECTION('',(0.707106781186548,0.707106781186548,0.));
#11275=DIRECTION('',(-0.707106781186548,0.707106781186548,0.));
#11276=DIRECTION('',(0.,0.,1.));
#11277=DIRECTION('',(-0.707106781186548,0.707106781186548,0.));
#11278=DIRECTION('',(-0.707106781186553,0.707106781186542,0.));
#11279=DIRECTION('',(-0.707106781186542,-0.707106781186553,0.));
#11280=DIRECTION('',(0.,0.,1.));
#11281=DIRECTION('',(-0.707106781186542,-0.707106781186553,0.));
#11282=DIRECTION('',(-0.707106781186548,-0.707106781186548,0.));
#11283=DIRECTION('',(0.707106781186548,-0.707106781186548,0.));
#11284=DIRECTION('',(0.,0.,1.));
#11285=DIRECTION('',(0.707106781186548,-0.707106781186548,0.));
#11286=DIRECTION('',(0.548700023492224,-0.836019308520822,0.));
#11287=DIRECTION('',(0.836019308520822,0.548700023492224,0.));
#11288=DIRECTION('',(0.,0.,1.));
#11289=DIRECTION('',(0.836019308520822,0.548700023492224,0.));
#11290=DIRECTION('',(-0.197703717983801,-0.980261822114572,0.));
#11291=DIRECTION('',(0.980261822114572,-0.197703717983801,0.));
#11292=DIRECTION('',(0.,0.,1.));
#11293=DIRECTION('',(0.980261822114572,-0.197703717983801,0.));
#11294=DIRECTION('',(-0.987829252334554,-0.155542175091377,0.));
#11295=DIRECTION('',(0.155542175091377,-0.987829252334554,0.));
#11296=DIRECTION('',(0.,0.,1.));
#11297=DIRECTION('',(0.155542175091377,-0.987829252334554,0.));
#11298=DIRECTION('',(-0.845078836052235,0.534641712604432,0.));
#11299=DIRECTION('',(-0.534641712604432,-0.845078836052235,0.));
#11300=DIRECTION('',(0.,0.,1.));
#11301=DIRECTION('',(-0.534641712604432,-0.845078836052235,0.));
#11302=DIRECTION('',(-0.707106781186548,-0.707106781186548,0.));
#11303=DIRECTION('',(0.707106781186548,-0.707106781186548,0.));
#11304=DIRECTION('',(0.,0.,1.));
#11305=DIRECTION('',(0.707106781186548,-0.707106781186548,0.));
#11306=DIRECTION('',(0.707106781186548,-0.707106781186548,0.));
#11307=DIRECTION('',(0.707106781186548,0.707106781186548,0.));
#11308=DIRECTION('',(0.,0.,1.));
#11309=DIRECTION('',(0.707106781186548,0.707106781186548,0.));
#11310=DIRECTION('',(0.707106781186548,0.707106781186548,0.));
#11311=DIRECTION('',(-0.707106781186548,0.707106781186548,0.));
#11312=DIRECTION('',(0.,0.,1.));
#11313=DIRECTION('',(-0.707106781186548,0.707106781186548,0.));
#11314=DIRECTION('',(-0.606398607268438,0.795160819647761,0.));
#11315=DIRECTION('',(-0.795160819647761,-0.606398607268438,0.));
#11316=DIRECTION('',(0.,0.,1.));
#11317=DIRECTION('',(-0.795160819647761,-0.606398607268438,0.));
#11318=DIRECTION('',(0.985755322635202,0.168185742250551,0.));
#11319=DIRECTION('',(-0.168185742250551,0.985755322635202,0.));
#11320=DIRECTION('',(0.,0.,1.));
#11321=DIRECTION('',(-0.168185742250551,0.985755322635202,0.));
#11322=DIRECTION('',(0.70710678118659,-0.707106781186505,0.));
#11323=DIRECTION('',(0.707106781186505,0.70710678118659,0.));
#11324=DIRECTION('',(0.,0.,1.));
#11325=DIRECTION('',(0.707106781186505,0.70710678118659,0.));
#11326=DIRECTION('',(-0.707106781186545,-0.707106781186551,0.));
#11327=DIRECTION('',(0.707106781186551,-0.707106781186545,0.));
#11328=DIRECTION('',(0.,0.,1.));
#11329=DIRECTION('',(0.707106781186551,-0.707106781186545,0.));
#11330=DIRECTION('',(0.707106781186548,-0.707106781186548,0.));
#11331=DIRECTION('',(0.707106781186548,0.707106781186548,0.));
#11332=DIRECTION('',(0.707106781186548,0.707106781186548,0.));
#11333=DIRECTION('',(0.,0.,1.));
#11334=DIRECTION('',(1.,0.,0.));
#11335=DIRECTION('',(0.,0.,1.));
#11336=DIRECTION('',(0.,0.,1.));
#11337=DIRECTION('',(0.707106781186548,0.707106781186548,0.));
#11338=DIRECTION('',(-0.707106781186548,0.707106781186548,0.));
#11339=DIRECTION('',(-0.707106781186548,0.707106781186548,0.));
#11340=DIRECTION('',(0.,0.,1.));
#11341=DIRECTION('',(-0.707106781186548,0.707106781186548,0.));
#11342=DIRECTION('',(0.,0.,1.));
#11343=DIRECTION('',(0.,0.,1.));
#11344=DIRECTION('',(0.,0.,1.));
#11345=DIRECTION('',(0.538336145474373,-0.842730202660255,0.));
#11346=DIRECTION('',(0.,0.,1.));
#11347=DIRECTION('',(1.,0.,0.));
#11348=DIRECTION('',(0.,0.,1.));
#11349=DIRECTION('',(0.,0.,1.));
#11350=DIRECTION('',(1.,0.,0.));
#11351=DIRECTION('',(0.,0.,1.));
#11352=DIRECTION('',(0.0243391339266549,-0.999703759400604,0.));
#11353=DIRECTION('',(0.,0.,1.));
#11354=DIRECTION('',(1.,0.,0.));
#11355=DIRECTION('',(0.,0.,1.));
#11356=DIRECTION('',(0.,0.,1.));
#11357=DIRECTION('',(1.,0.,0.));
#11358=DIRECTION('',(-0.707106781186548,-0.707106781186548,0.));
#11359=DIRECTION('',(0.707106781186548,-0.707106781186548,0.));
#11360=DIRECTION('',(0.707106781186548,-0.707106781186548,0.));
#11361=DIRECTION('',(0.,0.,1.));
#11362=DIRECTION('',(0.707106781186548,-0.707106781186548,0.));
#11363=DIRECTION('',(0.,0.,1.));
#11364=DIRECTION('',(-0.9997681470922,-0.0215325813554719,0.));
#11365=DIRECTION('',(0.,0.,1.));
#11366=DIRECTION('',(1.,0.,0.));
#11367=DIRECTION('',(0.,0.,1.));
#11368=DIRECTION('',(0.,0.,1.));
#11369=DIRECTION('',(1.,0.,0.));
#11370=DIRECTION('',(0.,0.,1.));
#11371=DIRECTION('',(-0.856949049108619,0.515401132354047,0.));
#11372=DIRECTION('',(0.,0.,1.));
#11373=DIRECTION('',(1.,0.,0.));
#11374=DIRECTION('',(0.,0.,1.));
#11375=DIRECTION('',(0.,0.,1.));
#11376=DIRECTION('',(1.,0.,0.));
#11377=DIRECTION('',(0.707106781186548,0.707106781186548,0.));
#11378=DIRECTION('',(-0.707106781186548,0.707106781186548,0.));
#11379=DIRECTION('',(0.,0.,1.));
#11380=DIRECTION('',(-0.707106781186548,0.707106781186548,0.));
#11381=DIRECTION('',(0.,0.,1.));
#11382=DIRECTION('',(-0.562232153895741,0.826979446616272,0.));
#11383=DIRECTION('',(-0.826979446616272,-0.562232153895741,0.));
#11384=DIRECTION('',(0.,0.,1.));
#11385=DIRECTION('',(-0.826979446616272,-0.562232153895741,0.));
#11386=DIRECTION('',(0.707106781186545,0.70710678118655,0.));
#11387=DIRECTION('',(-0.70710678118655,0.707106781186545,0.));
#11388=DIRECTION('',(0.,0.,1.));
#11389=DIRECTION('',(-0.70710678118655,0.707106781186545,0.));
#11390=DIRECTION('',(0.838980636890348,-0.544161272899006,0.));
#11391=DIRECTION('',(0.544161272899006,0.838980636890348,0.));
#11392=DIRECTION('',(0.,0.,1.));
#11393=DIRECTION('',(0.544161272899006,0.838980636890348,0.));
#11394=DIRECTION('',(0.707106781186548,0.707106781186548,0.));
#11395=DIRECTION('',(-0.707106781186548,0.707106781186548,0.));
#11396=DIRECTION('',(0.,0.,1.));
#11397=DIRECTION('',(-0.707106781186548,0.707106781186548,0.));
#11398=DIRECTION('',(-0.707106781186548,0.707106781186548,0.));
#11399=DIRECTION('',(-0.707106781186548,-0.707106781186548,0.));
#11400=DIRECTION('',(0.,0.,1.));
#11401=DIRECTION('',(-0.707106781186548,-0.707106781186548,0.));
#11402=DIRECTION('',(-0.707106781186548,-0.707106781186548,0.));
#11403=DIRECTION('',(0.707106781186548,-0.707106781186548,0.));
#11404=DIRECTION('',(0.,0.,1.));
#11405=DIRECTION('',(0.707106781186548,-0.707106781186548,0.));
#11406=DIRECTION('',(0.544161272898988,-0.838980636890359,0.));
#11407=DIRECTION('',(0.838980636890359,0.544161272898988,0.));
#11408=DIRECTION('',(0.,0.,1.));
#11409=DIRECTION('',(0.838980636890359,0.544161272898988,0.));
#11410=DIRECTION('',(-0.707106781186539,-0.707106781186557,0.));
#11411=DIRECTION('',(0.707106781186557,-0.707106781186539,0.));
#11412=DIRECTION('',(0.,0.,1.));
#11413=DIRECTION('',(0.707106781186556,-0.707106781186539,0.));
#11414=DIRECTION('',(0.,0.,1.));
#11415=DIRECTION('',(0.100564106363601,-0.994930580749879,0.));
#11416=DIRECTION('',(0.,0.,1.));
#11417=DIRECTION('',(0.,0.,1.));
#11418=DIRECTION('',(1.,0.,0.));
#11419=DIRECTION('',(0.,0.,1.));
#11420=DIRECTION('',(0.542809538996587,-0.839855823563969,0.));
#11421=DIRECTION('',(0.,0.,1.));
#11422=DIRECTION('',(0.,0.,1.));
#11423=DIRECTION('',(1.,0.,0.));
#11424=DIRECTION('',(0.,0.,1.));
#11425=DIRECTION('',(0.,0.,1.));
#11426=DIRECTION('',(-0.707106781186548,-0.707106781186548,0.));
#11427=DIRECTION('',(0.707106781186548,-0.707106781186548,0.));
#11428=DIRECTION('',(0.,0.,1.));
#11429=DIRECTION('',(0.707106781186548,-0.707106781186548,0.));
#11430=DIRECTION('',(0.,0.,1.));
#11431=DIRECTION('',(0.,0.,1.));
#11432=DIRECTION('',(0.,0.,1.));
#11433=DIRECTION('',(-0.857985635757586,0.513673679327304,0.));
#11434=DIRECTION('',(0.,0.,1.));
#11435=DIRECTION('',(0.,0.,1.));
#11436=DIRECTION('',(1.,0.,0.));
#11437=DIRECTION('',(0.,0.,1.));
#11438=DIRECTION('',(-0.999352804079614,0.035971835902738,0.));
#11439=DIRECTION('',(0.,0.,1.));
#11440=DIRECTION('',(0.,0.,1.));
#11441=DIRECTION('',(1.,0.,0.));
#11442=DIRECTION('',(-0.62404065196161,-0.781391876525044,0.));
#11443=DIRECTION('',(0.781391876525044,-0.62404065196161,0.));
#11444=DIRECTION('',(0.,0.,1.));
#11445=DIRECTION('',(0.781391876525044,-0.62404065196161,0.));
#11446=DIRECTION('',(0.707106781186554,-0.707106781186541,0.));
#11447=DIRECTION('',(0.707106781186541,0.707106781186554,0.));
#11448=DIRECTION('',(0.707106781186541,0.707106781186554,0.));
#11449=DIRECTION('',(0.,0.,1.));
#11450=DIRECTION('',(1.,0.,0.));
#11451=DIRECTION('',(-0.803439551502303,0.59538633430889,0.));
#11452=DIRECTION('',(-0.59538633430889,-0.803439551502304,0.));
#11453=DIRECTION('',(0.,0.,1.));
#11454=DIRECTION('',(-0.59538633430889,-0.803439551502303,0.));
#11455=DIRECTION('',(0.,0.,1.));
#11456=DIRECTION('',(-0.707106781186548,-0.707106781186548,0.));
#11457=DIRECTION('',(0.707106781186548,-0.707106781186548,0.));
#11458=DIRECTION('',(0.,0.,1.));
#11459=DIRECTION('',(0.707106781186548,-0.707106781186548,0.));
#11460=DIRECTION('',(0.707106781186548,-0.707106781186548,0.));
#11461=DIRECTION('',(0.707106781186548,0.707106781186548,0.));
#11462=DIRECTION('',(0.,0.,1.));
#11463=DIRECTION('',(0.707106781186548,0.707106781186548,0.));
#11464=DIRECTION('',(0.707106781186548,0.707106781186548,0.));
#11465=DIRECTION('',(-0.707106781186548,0.707106781186548,0.));
#11466=DIRECTION('',(0.,0.,1.));
#11467=DIRECTION('',(-0.707106781186548,0.707106781186548,0.));
#11468=DIRECTION('',(-0.584352981596262,0.811499595132098,0.));
#11469=DIRECTION('',(-0.811499595132098,-0.584352981596262,0.));
#11470=DIRECTION('',(0.,0.,1.));
#11471=DIRECTION('',(-0.811499595132098,-0.584352981596262,0.));
#11472=DIRECTION('',(0.894846715394057,0.446373560987282,0.));
#11473=DIRECTION('',(-0.446373560987282,0.894846715394057,0.));
#11474=DIRECTION('',(0.,0.,1.));
#11475=DIRECTION('',(-0.446373560987282,0.894846715394057,0.));
#11476=DIRECTION('',(0.588171697674834,-0.808736084303343,0.));
#11477=DIRECTION('',(0.808736084303343,0.588171697674834,0.));
#11478=DIRECTION('',(0.,0.,1.));
#11479=DIRECTION('',(0.808736084303343,0.588171697674834,0.));
#11480=DIRECTION('',(-0.560596433997487,-0.828089148696746,0.));
#11481=DIRECTION('',(0.828089148696746,-0.560596433997487,0.));
#11482=DIRECTION('',(0.,0.,1.));
#11483=DIRECTION('',(0.828089148696746,-0.560596433997487,0.));
#11484=DIRECTION('',(-0.439467813273719,-0.898258337615864,0.));
#11485=DIRECTION('',(0.898258337615864,-0.439467813273719,0.));
#11486=DIRECTION('',(0.,0.,1.));
#11487=DIRECTION('',(0.898258337615864,-0.439467813273719,0.));
#11488=DIRECTION('',(-0.811988101566633,0.583673986840442,0.));
#11489=DIRECTION('',(-0.583673986840442,-0.811988101566633,0.));
#11490=DIRECTION('',(0.,0.,1.));
#11491=DIRECTION('',(-0.583673986840442,-0.811988101566633,0.));
#11492=DIRECTION('',(-0.707106781186548,-0.707106781186548,0.));
#11493=DIRECTION('',(0.707106781186548,-0.707106781186548,0.));
#11494=DIRECTION('',(0.,0.,1.));
#11495=DIRECTION('',(0.707106781186548,-0.707106781186548,0.));
#11496=DIRECTION('',(0.70710678118655,-0.707106781186545,0.));
#11497=DIRECTION('',(0.707106781186545,0.70710678118655,0.));
#11498=DIRECTION('',(0.,0.,1.));
#11499=DIRECTION('',(0.707106781186545,0.70710678118655,0.));
#11500=DIRECTION('',(0.707106781186548,0.707106781186548,0.));
#11501=DIRECTION('',(-0.707106781186548,0.707106781186548,0.));
#11502=DIRECTION('',(0.,0.,1.));
#11503=DIRECTION('',(-0.707106781186548,0.707106781186548,0.));
#11504=DIRECTION('',(-0.587908833971086,0.808927192606824,0.));
#11505=DIRECTION('',(-0.808927192606824,-0.587908833971086,0.));
#11506=DIRECTION('',(0.,0.,1.));
#11507=DIRECTION('',(-0.808927192606824,-0.587908833971087,0.));
#11508=DIRECTION('',(0.405786563983887,0.913967868412315,0.));
#11509=DIRECTION('',(-0.913967868412315,0.405786563983887,0.));
#11510=DIRECTION('',(0.,0.,1.));
#11511=DIRECTION('',(-0.913967868412315,0.405786563983887,0.));
#11512=DIRECTION('',(0.919938416345415,0.392062890531469,0.));
#11513=DIRECTION('',(-0.392062890531469,0.919938416345415,0.));
#11514=DIRECTION('',(0.,0.,1.));
#11515=DIRECTION('',(-0.392062890531469,0.919938416345415,0.));
#11516=DIRECTION('',(0.,0.,1.));
#11517=DIRECTION('',(0.982761039209227,0.184880339172125,0.));
#11518=DIRECTION('',(0.,0.,1.));
#11519=DIRECTION('',(0.,0.,1.));
#11520=DIRECTION('',(1.,0.,0.));
#11521=DIRECTION('',(0.,0.,1.));
#11522=DIRECTION('',(0.,0.,1.));
#11523=DIRECTION('',(0.651047327851117,-0.759037138022851,0.));
#11524=DIRECTION('',(0.,0.,1.));
#11525=DIRECTION('',(0.,0.,1.));
#11526=DIRECTION('',(1.,0.,0.));
#11527=DIRECTION('',(0.604300406056378,-0.796756562094155,1.82103660961262E-26));
#11528=DIRECTION('',(-0.796756562094155,-0.604300406056378,-3.00825253511558E-15));
#11529=DIRECTION('',(-1.06950803317671E-26,1.47439321716506E-26,1.));
#11530=DIRECTION('',(-0.796756562094155,-0.604300406056378,-3.00825253511558E-15));
#11531=DIRECTION('',(0.80946093474149,0.587173735045629,0.));
#11532=DIRECTION('',(-0.587173735045629,0.80946093474149,0.));
#11533=DIRECTION('',(0.,0.,1.));
#11534=DIRECTION('',(-0.587173735045629,0.80946093474149,0.));
#11535=DIRECTION('',(0.,0.,1.));
#11536=DIRECTION('',(0.538830144651859,-0.842414431983722,0.));
#11537=DIRECTION('',(0.,0.,1.));
#11538=DIRECTION('',(0.,0.,1.));
#11539=DIRECTION('',(1.,0.,0.));
#11540=DIRECTION('',(0.,0.,1.));
#11541=DIRECTION('',(0.641313436047248,-0.767279008409114,0.));
#11542=DIRECTION('',(0.,0.,1.));
#11543=DIRECTION('',(0.,0.,1.));
#11544=DIRECTION('',(1.,0.,0.));
#11545=DIRECTION('',(0.,0.,1.));
#11546=DIRECTION('',(0.,0.,1.));
#11547=DIRECTION('',(0.977696181107814,0.210024230619222,0.));
#11548=DIRECTION('',(0.,0.,1.));
#11549=DIRECTION('',(0.,0.,1.));
#11550=DIRECTION('',(1.,0.,0.));
#11551=DIRECTION('',(-0.911382763354798,-0.411559787466866,0.));
#11552=DIRECTION('',(0.411559787466866,-0.911382763354798,0.));
#11553=DIRECTION('',(0.411559787466866,-0.911382763354798,0.));
#11554=DIRECTION('',(0.,0.,1.));
#11555=DIRECTION('',(1.,0.,0.));
#11556=DIRECTION('',(-0.707106781186548,0.707106781186548,0.));
#11557=DIRECTION('',(-0.707106781186548,-0.707106781186548,0.));
#11558=DIRECTION('',(0.,0.,1.));
#11559=DIRECTION('',(-0.707106781186548,-0.707106781186548,0.));
#11560=DIRECTION('',(0.,0.,1.));
#11561=DIRECTION('',(-0.699490488928046,-0.714641907460795,0.));
#11562=DIRECTION('',(0.714641907460795,-0.699490488928046,0.));
#11563=DIRECTION('',(0.,0.,1.));
#11564=DIRECTION('',(0.714641907460795,-0.699490488928046,0.));
#11565=DIRECTION('',(0.,0.,1.));
#11566=DIRECTION('',(0.,0.,1.));
#11567=DIRECTION('',(-0.598603433027707,0.801045523030647,0.));
#11568=DIRECTION('',(0.,0.,1.));
#11569=DIRECTION('',(0.,0.,1.));
#11570=DIRECTION('',(1.,0.,0.));
#11571=DIRECTION('',(0.,0.,1.));
#11572=DIRECTION('',(0.,0.,1.));
#11573=DIRECTION('',(0.,0.,1.));
#11574=DIRECTION('',(0.,0.,1.));
#11575=DIRECTION('',(0.,0.,1.));
#11576=DIRECTION('',(0.,0.,1.));
#11577=DIRECTION('',(0.,0.,1.));
#11578=DIRECTION('',(0.956242470160302,0.292575354843372,0.));
#11579=DIRECTION('',(0.,0.,1.));
#11580=DIRECTION('',(0.,0.,1.));
#11581=DIRECTION('',(1.,0.,0.));
#11582=DIRECTION('',(0.,0.,1.));
#11583=DIRECTION('',(0.,0.,1.));
#11584=DIRECTION('',(0.622790822153843,-0.782388389382754,0.));
#11585=DIRECTION('',(0.,0.,1.));
#11586=DIRECTION('',(0.,0.,1.));
#11587=DIRECTION('',(1.,0.,0.));
#11588=DIRECTION('',(0.,0.,1.));
#11589=DIRECTION('',(0.335002607331213,-0.942217200586621,0.));
#11590=DIRECTION('',(0.,0.,1.));
#11591=DIRECTION('',(0.,0.,1.));
#11592=DIRECTION('',(1.,0.,0.));
#11593=DIRECTION('',(-0.486954930719973,-0.873427097958099,0.));
#11594=DIRECTION('',(0.873427097958099,-0.486954930719973,0.));
#11595=DIRECTION('',(0.,0.,1.));
#11596=DIRECTION('',(0.873427097958099,-0.486954930719973,0.));
#11597=DIRECTION('',(0.707106781186561,-0.707106781186534,0.));
#11598=DIRECTION('',(0.707106781186534,0.707106781186561,0.));
#11599=DIRECTION('',(0.,0.,1.));
#11600=DIRECTION('',(0.707106781186534,0.707106781186561,0.));
#11601=DIRECTION('',(0.698672998985489,0.715441150961155,0.));
#11602=DIRECTION('',(-0.715441150961155,0.698672998985489,0.));
#11603=DIRECTION('',(0.,0.,1.));
#11604=DIRECTION('',(-0.715441150961155,0.698672998985489,0.));
#11605=DIRECTION('',(0.,0.,1.));
#11606=DIRECTION('',(0.268348420189606,-0.963321921987527,0.));
#11607=DIRECTION('',(0.,0.,1.));
#11608=DIRECTION('',(0.,0.,1.));
#11609=DIRECTION('',(1.,0.,0.));
#11610=DIRECTION('',(0.,0.,1.));
#11611=DIRECTION('',(0.583889193214016,-0.811833363473001,0.));
#11612=DIRECTION('',(0.,0.,1.));
#11613=DIRECTION('',(0.,0.,1.));
#11614=DIRECTION('',(1.,0.,0.));
#11615=DIRECTION('',(0.,0.,1.));
#11616=DIRECTION('',(0.,0.,1.));
#11617=DIRECTION('',(0.,0.,1.));
#11618=DIRECTION('',(0.,0.,1.));
#11619=DIRECTION('',(0.,0.,1.));
#11620=DIRECTION('',(0.,0.,1.));
#11621=DIRECTION('',(-0.304612788021243,-0.952476272341692,0.));
#11622=DIRECTION('',(0.,0.,1.));
#11623=DIRECTION('',(0.,0.,1.));
#11624=DIRECTION('',(1.,0.,0.));
#11625=DIRECTION('',(0.,0.,1.));
#11626=DIRECTION('',(-0.951064277583271,-0.308993106565521,0.));
#11627=DIRECTION('',(0.,0.,1.));
#11628=DIRECTION('',(0.,0.,1.));
#11629=DIRECTION('',(1.,0.,0.));
#11630=DIRECTION('',(0.,0.,1.));
#11631=DIRECTION('',(0.,0.,1.));
#11632=DIRECTION('',(-0.584018159052289,0.811740592737098,0.));
#11633=DIRECTION('',(0.,0.,1.));
#11634=DIRECTION('',(0.,0.,1.));
#11635=DIRECTION('',(1.,0.,0.));
#11636=DIRECTION('',(0.,0.,1.));
#11637=DIRECTION('',(-0.287890699586114,0.957663273333492,0.));
#11638=DIRECTION('',(0.,0.,1.));
#11639=DIRECTION('',(0.,0.,1.));
#11640=DIRECTION('',(1.,0.,0.));
#11641=DIRECTION('',(0.530732684705618,0.847539271883709,0.));
#11642=DIRECTION('',(-0.847539271883709,0.530732684705618,0.));
#11643=DIRECTION('',(-0.847539271883709,0.530732684705618,0.));
#11644=DIRECTION('',(0.,0.,1.));
#11645=DIRECTION('',(1.,0.,0.));
#11646=DIRECTION('',(0.502620457374526,0.864507186684195,0.));
#11647=DIRECTION('',(-0.864507186684195,0.502620457374526,0.));
#11648=DIRECTION('',(0.,0.,1.));
#11649=DIRECTION('',(-0.864507186684195,0.502620457374526,0.));
#11650=DIRECTION('',(0.,0.,1.));
#11651=DIRECTION('',(-0.707106781186548,0.707106781186548,0.));
#11652=DIRECTION('',(-0.707106781186548,-0.707106781186548,0.));
#11653=DIRECTION('',(0.,0.,1.));
#11654=DIRECTION('',(-0.707106781186548,-0.707106781186548,0.));
#11655=DIRECTION('',(-0.707106781186544,-0.707106781186552,0.));
#11656=DIRECTION('',(0.707106781186552,-0.707106781186544,0.));
#11657=DIRECTION('',(0.,0.,1.));
#11658=DIRECTION('',(0.707106781186552,-0.707106781186544,0.));
#11659=DIRECTION('',(0.707106781186549,-0.707106781186546,0.));
#11660=DIRECTION('',(0.707106781186546,0.707106781186549,0.));
#11661=DIRECTION('',(0.,0.,1.));
#11662=DIRECTION('',(0.707106781186546,0.707106781186549,0.));
#11663=DIRECTION('',(0.776080037733486,0.63063442265039,0.));
#11664=DIRECTION('',(-0.63063442265039,0.776080037733487,0.));
#11665=DIRECTION('',(0.,0.,1.));
#11666=DIRECTION('',(-0.63063442265039,0.776080037733486,0.));
#11667=DIRECTION('',(-0.659186075329889,0.751979865482566,0.));
#11668=DIRECTION('',(-0.751979865482566,-0.659186075329889,0.));
#11669=DIRECTION('',(0.,0.,1.));
#11670=DIRECTION('',(-0.751979865482566,-0.659186075329889,0.));
#11671=DIRECTION('',(0.,0.,1.));
#11672=DIRECTION('',(-0.990717920587167,-0.135933814142916,0.));
#11673=DIRECTION('',(0.,0.,1.));
#11674=DIRECTION('',(0.,0.,1.));
#11675=DIRECTION('',(1.,0.,0.));
#11676=DIRECTION('',(0.,0.,1.));
#11677=DIRECTION('',(0.,0.,1.));
#11678=DIRECTION('',(0.,0.,1.));
#11679=DIRECTION('',(0.,0.,1.));
#11680=DIRECTION('',(0.,0.,1.));
#11681=DIRECTION('',(0.,0.,1.));
#11682=DIRECTION('',(0.,0.,1.));
#11683=DIRECTION('',(0.741726957768538,-0.670701960724307,0.));
#11684=DIRECTION('',(0.670701960724307,0.741726957768538,0.));
#11685=DIRECTION('',(0.,0.,1.));
#11686=DIRECTION('',(0.670701960724307,0.741726957768538,0.));
#11687=DIRECTION('',(0.939793423488922,0.34174306308537,0.));
#11688=DIRECTION('',(-0.34174306308537,0.939793423488922,0.));
#11689=DIRECTION('',(0.,0.,1.));
#11690=DIRECTION('',(-0.34174306308537,0.939793423488922,0.));
#11691=DIRECTION('',(0.,0.,1.));
#11692=DIRECTION('',(0.,0.,1.));
#11693=DIRECTION('',(0.,0.,1.));
#11694=DIRECTION('',(0.,0.,1.));
#11695=DIRECTION('',(0.,0.,1.));
#11696=DIRECTION('',(0.,0.,1.));
#11697=DIRECTION('',(0.,0.,1.));
#11698=DIRECTION('',(-0.81415975533636,0.580640932755036,0.));
#11699=DIRECTION('',(0.,0.,1.));
#11700=DIRECTION('',(0.,0.,1.));
#11701=DIRECTION('',(1.,0.,0.));
#11702=DIRECTION('',(0.,0.,1.));
#11703=DIRECTION('',(-0.951256196835673,0.308401763908269,0.));
#11704=DIRECTION('',(0.,0.,1.));
#11705=DIRECTION('',(0.,0.,1.));
#11706=DIRECTION('',(1.,0.,0.));
#11707=DIRECTION('',(-0.787476787398714,-0.616344310680484,0.));
#11708=DIRECTION('',(0.616344310680484,-0.787476787398714,0.));
#11709=DIRECTION('',(0.,0.,1.));
#11710=DIRECTION('',(0.616344310680484,-0.787476787398714,0.));
#11711=DIRECTION('',(-0.707106781186551,0.707106781186544,0.));
#11712=DIRECTION('',(-0.707106781186544,-0.707106781186551,0.));
#11713=DIRECTION('',(-0.707106781186544,-0.707106781186551,0.));
#11714=DIRECTION('',(0.,0.,1.));
#11715=DIRECTION('',(1.,0.,0.));
#11716=DIRECTION('',(0.,0.,1.));
#11717=DIRECTION('',(0.,0.,1.));
#11718=DIRECTION('',(-0.707106781186542,-0.707106781186554,0.));
#11719=DIRECTION('',(0.707106781186554,-0.707106781186542,0.));
#11720=DIRECTION('',(0.,0.,1.));
#11721=DIRECTION('',(0.707106781186554,-0.707106781186542,0.));
#11722=DIRECTION('',(0.707106781186548,-0.707106781186547,0.));
#11723=DIRECTION('',(0.707106781186547,0.707106781186548,0.));
#11724=DIRECTION('',(0.,0.,1.));
#11725=DIRECTION('',(0.707106781186547,0.707106781186548,0.));
#11726=DIRECTION('',(0.70710678118654,0.707106781186555,0.));
#11727=DIRECTION('',(-0.707106781186555,0.70710678118654,0.));
#11728=DIRECTION('',(0.,0.,1.));
#11729=DIRECTION('',(-0.707106781186555,0.70710678118654,0.));
#11730=DIRECTION('',(-0.707106781186548,0.707106781186548,0.));
#11731=DIRECTION('',(-0.707106781186548,-0.707106781186548,0.));
#11732=DIRECTION('',(0.,0.,1.));
#11733=DIRECTION('',(-0.707106781186548,-0.707106781186548,0.));
#11734=DIRECTION('',(-0.759809251982819,-0.650146060975,0.));
#11735=DIRECTION('',(0.650146060975,-0.759809251982819,0.));
#11736=DIRECTION('',(0.,0.,1.));
#11737=DIRECTION('',(0.650146060975,-0.759809251982819,0.));
#11738=DIRECTION('',(-0.707106781186548,0.707106781186548,0.));
#11739=DIRECTION('',(-0.707106781186548,-0.707106781186548,0.));
#11740=DIRECTION('',(0.,0.,1.));
#11741=DIRECTION('',(-0.707106781186548,-0.707106781186548,0.));
#11742=DIRECTION('',(0.,0.,1.));
#11743=DIRECTION('',(-0.973850919758366,-0.227187997230895,0.));
#11744=DIRECTION('',(0.,0.,1.));
#11745=DIRECTION('',(0.,0.,1.));
#11746=DIRECTION('',(1.,0.,0.));
#11747=DIRECTION('',(0.,0.,1.));
#11748=DIRECTION('',(0.770831905532888,0.637038596485752,0.));
#11749=DIRECTION('',(-0.637038596485752,0.770831905532888,0.));
#11750=DIRECTION('',(0.,0.,1.));
#11751=DIRECTION('',(-0.637038596485752,0.770831905532888,0.));
#11752=DIRECTION('',(-0.707106781186557,0.707106781186538,0.));
#11753=DIRECTION('',(-0.707106781186538,-0.707106781186557,0.));
#11754=DIRECTION('',(0.,0.,1.));
#11755=DIRECTION('',(-0.707106781186538,-0.707106781186557,0.));
#11756=DIRECTION('',(-0.770831905532888,-0.637038596485752,0.));
#11757=DIRECTION('',(0.637038596485752,-0.770831905532888,0.));
#11758=DIRECTION('',(0.,0.,1.));
#11759=DIRECTION('',(0.637038596485752,-0.770831905532888,0.));
#11760=DIRECTION('',(0.,0.,1.));
#11761=DIRECTION('',(1.,0.,0.));
#11762=DIRECTION('',(0.,0.,1.));
#11763=DIRECTION('',(-1.,0.,0.));
#11764=DIRECTION('',(-0.141421356237309,0.989949493661167,0.));
#11765=DIRECTION('',(-0.989949493661167,-0.141421356237309,0.));
#11766=DIRECTION('',(0.,0.,1.));
#11767=DIRECTION('',(-0.989949493661167,-0.141421356237309,0.));
#11768=DIRECTION('',(0.,0.,1.));
#11769=DIRECTION('',(-1.,0.,0.));
#11770=DIRECTION('',(0.,0.,1.));
#11771=DIRECTION('',(0.,0.,1.));
#11772=DIRECTION('',(0.,-1.,0.));
#11773=DIRECTION('',(0.,-1.,0.));
#11774=DIRECTION('',(0.,0.,-1.));
#11775=DIRECTION('',(0.,0.,1.));
#11776=DIRECTION('',(1.,0.,0.));
#11777=DIRECTION('',(1.,0.,0.));
#11778=DIRECTION('',(0.,0.,-1.));
#11779=DIRECTION('',(0.,0.,1.));
#11780=DIRECTION('',(0.,1.,0.));
#11781=DIRECTION('',(0.15939409398601,0.987215033719797,0.));
#11782=DIRECTION('',(-0.987215033719797,0.15939409398601,0.));
#11783=DIRECTION('',(0.,0.,1.));
#11784=DIRECTION('',(-0.987215033719797,0.15939409398601,0.));
#11785=DIRECTION('',(0.883290373403256,0.468826317790648,0.));
#11786=DIRECTION('',(-0.468826317790648,0.883290373403256,0.));
#11787=DIRECTION('',(0.,0.,1.));
#11788=DIRECTION('',(-0.468826317790648,0.883290373403256,0.));
#11789=DIRECTION('',(1.,0.,0.));
#11790=DIRECTION('',(0.,0.,-1.));
#11791=DIRECTION('',(0.,0.,1.));
#11792=DIRECTION('',(0.,1.,0.));
#11793=DIRECTION('',(0.189145912481874,-0.981948992459079,0.));
#11794=DIRECTION('',(0.981948992459079,0.189145912481874,0.));
#11795=DIRECTION('',(0.,0.,1.));
#11796=DIRECTION('',(0.981948992459079,0.189145912481874,0.));
#11797=DIRECTION('',(1.,0.,0.));
#11798=DIRECTION('',(0.,0.,-1.));
#11799=DIRECTION('',(0.,0.,1.));
#11800=DIRECTION('',(0.,1.,0.));
#11801=DIRECTION('',(0.,1.,0.));
#11802=DIRECTION('',(0.,0.,1.));
#11803=DIRECTION('',(0.,0.,1.));
#11804=DIRECTION('',(-1.,0.,0.));
#11805=DIRECTION('',(-1.,0.,0.));
#11806=DIRECTION('',(0.,0.,1.));
#11807=DIRECTION('',(0.,0.,1.));
#11808=DIRECTION('',(0.,-1.,0.));
#11809=DIRECTION('',(-0.189520366047999,-0.981876790057201,0.));
#11810=DIRECTION('',(0.981876790057201,-0.189520366047999,0.));
#11811=DIRECTION('',(0.,0.,1.));
#11812=DIRECTION('',(0.981876790057201,-0.189520366047999,0.));
#11813=DIRECTION('',(-1.,0.,0.));
#11814=DIRECTION('',(0.,0.,1.));
#11815=DIRECTION('',(0.,0.,1.));
#11816=DIRECTION('',(0.,-1.,0.));
#11817=DIRECTION('',(-0.883907436627913,0.467661890123486,0.));
#11818=DIRECTION('',(-0.467661890123486,-0.883907436627913,0.));
#11819=DIRECTION('',(0.,0.,1.));
#11820=DIRECTION('',(-0.467661890123486,-0.883907436627913,0.));
#11821=DIRECTION('',(-0.157791977485115,0.987472375229473,0.));
#11822=DIRECTION('',(-0.987472375229473,-0.157791977485115,0.));
#11823=DIRECTION('',(0.,0.,1.));
#11824=DIRECTION('',(-0.987472375229473,-0.157791977485115,0.));
#11825=DIRECTION('',(-1.,0.,0.));
#11826=DIRECTION('',(0.,0.,1.));
#11827=DIRECTION('',(0.,0.,1.));
#11828=DIRECTION('',(0.,-1.,0.));
#11829=DIRECTION('',(0.,-1.,0.));
#11830=DIRECTION('',(0.,0.,-1.));
#11831=DIRECTION('',(0.,0.,1.));
#11832=DIRECTION('',(1.,0.,0.));
#11833=DIRECTION('',(1.,0.,0.));
#11834=DIRECTION('',(0.,0.,-1.));
#11835=DIRECTION('',(0.,0.,1.));
#11836=DIRECTION('',(0.,1.,0.));
#11837=DIRECTION('',(0.142172415083099,0.989841908786165,0.));
#11838=DIRECTION('',(-0.989841908786165,0.142172415083099,0.));
#11839=DIRECTION('',(0.,0.,1.));
#11840=DIRECTION('',(-0.989841908786165,0.142172415083099,0.));
#11841=DIRECTION('',(0.904131777808088,-0.42725370490797,0.));
#11842=DIRECTION('',(0.42725370490797,0.904131777808088,0.));
#11843=DIRECTION('',(0.,0.,1.));
#11844=DIRECTION('',(0.42725370490797,0.904131777808088,0.));
#11845=DIRECTION('',(0.,-1.,0.));
#11846=DIRECTION('',(0.,0.,-1.));
#11847=DIRECTION('',(0.,0.,1.));
#11848=DIRECTION('',(1.,0.,0.));
#11849=DIRECTION('',(-0.904131777808088,-0.42725370490797,0.));
#11850=DIRECTION('',(0.42725370490797,-0.904131777808088,0.));
#11851=DIRECTION('',(0.42725370490797,-0.904131777808088,0.));
#11852=DIRECTION('',(0.,0.,1.));
#11853=DIRECTION('',(1.,0.,0.));
#11854=DIRECTION('',(0.,1.,0.));
#11855=DIRECTION('',(0.,0.,1.));
#11856=DIRECTION('',(0.,0.,1.));
#11857=DIRECTION('',(-1.,0.,0.));
#11858=DIRECTION('',(0.,0.,1.));
#11859=DIRECTION('',(-1.,0.,0.));
#11860=DIRECTION('',(0.,0.,1.));
#11861=DIRECTION('',(0.,0.,1.));
#11862=DIRECTION('',(0.,-1.,0.));
#11863=DIRECTION('',(0.,0.,1.));
#11864=DIRECTION('',(0.,0.,1.));
#11865=DIRECTION('',(0.,0.,1.));
#11866=DIRECTION('',(0.,0.,1.));
#11867=DIRECTION('',(0.,0.,1.));
#11868=DIRECTION('',(0.,0.,1.));
#11869=DIRECTION('',(0.,0.,1.));
#11870=DIRECTION('',(0.,0.,1.));
#11871=DIRECTION('',(0.,0.,1.));
#11872=DIRECTION('',(0.,0.,1.));
#11873=DIRECTION('',(0.,0.,1.));
#11874=DIRECTION('',(-0.142220602355628,-0.989834986381873,0.));
#11875=DIRECTION('',(0.,0.,1.));
#11876=DIRECTION('',(0.,0.,1.));
#11877=DIRECTION('',(1.,0.,0.));
#11878=DIRECTION('',(0.,0.,1.));
#11879=DIRECTION('',(-0.988947561626552,-0.148265708621032,0.));
#11880=DIRECTION('',(0.148265708621032,-0.988947561626552,0.));
#11881=DIRECTION('',(0.,0.,1.));
#11882=DIRECTION('',(0.148265708621032,-0.988947561626552,0.));
#11883=DIRECTION('',(0.,-1.,0.));
#11884=DIRECTION('',(0.,0.,-1.));
#11885=DIRECTION('',(0.,0.,1.));
#11886=DIRECTION('',(1.,0.,0.));
#11887=DIRECTION('',(1.,0.,0.));
#11888=DIRECTION('',(0.,0.,-1.));
#11889=DIRECTION('',(0.,0.,1.));
#11890=DIRECTION('',(0.,1.,0.));
#11891=DIRECTION('',(0.,0.,1.));
#11892=DIRECTION('',(0.,0.,1.));
#11893=DIRECTION('',(0.,0.,1.));
#11894=DIRECTION('',(0.,0.,1.));
#11895=DIRECTION('',(0.,0.,1.));
#11896=DIRECTION('',(0.,0.,1.));
#11897=DIRECTION('',(0.,0.,1.));
#11898=DIRECTION('',(0.,0.,1.));
#11899=DIRECTION('',(0.,0.,1.));
#11900=DIRECTION('',(0.,0.,1.));
#11901=DIRECTION('',(0.,0.,1.));
#11902=DIRECTION('',(0.116668475191585,0.993170915248967,0.));
#11903=DIRECTION('',(0.,0.,1.));
#11904=DIRECTION('',(0.,0.,1.));
#11905=DIRECTION('',(1.,0.,0.));
#11906=DIRECTION('',(0.,0.,1.));
#11907=DIRECTION('',(0.982352320998956,0.187039881918174,0.));
#11908=DIRECTION('',(-0.187039881918174,0.982352320998956,0.));
#11909=DIRECTION('',(-0.187039881918174,0.982352320998956,0.));
#11910=DIRECTION('',(0.,0.,1.));
#11911=DIRECTION('',(1.,0.,0.));
#11912=DIRECTION('',(0.,-1.,0.));
#11913=DIRECTION('',(0.,0.,-1.));
#11914=DIRECTION('',(1.,0.,0.));
#11915=DIRECTION('',(0.,0.,1.));
#11916=DIRECTION('',(1.,0.,0.));
#11917=DIRECTION('',(0.,0.,1.));
#11918=DIRECTION('',(-1.,0.,0.));
#11919=DIRECTION('',(0.,0.,1.));
#11920=DIRECTION('',(0.,-1.,0.));
#11921=DIRECTION('',(0.,0.,1.));
#11922=DIRECTION('',(0.,-1.,0.));
#11923=DIRECTION('',(0.,1.,0.));
#11924=DIRECTION('',(0.,0.,1.));
#11925=DIRECTION('',(-1.,0.,0.));
#11926=DIRECTION('',(0.,0.,1.));
#11927=DIRECTION('',(-1.,0.,0.));
#11928=DIRECTION('',(0.,0.,1.));
#11929=DIRECTION('',(0.,0.,1.));
#11930=DIRECTION('',(0.,0.,1.));
#11931=DIRECTION('',(0.,0.,1.));
#11932=DIRECTION('',(0.,0.,1.));
#11933=DIRECTION('',(0.,-1.,0.));
#11934=DIRECTION('',(0.,0.,-1.));
#11935=DIRECTION('',(0.,0.,1.));
#11936=DIRECTION('',(1.,0.,0.));
#11937=DIRECTION('',(1.,0.,0.));
#11938=DIRECTION('',(0.,0.,-1.));
#11939=DIRECTION('',(0.,0.,1.));
#11940=DIRECTION('',(0.,1.,0.));
#11941=DIRECTION('',(0.190652506911721,0.981657588779446,0.));
#11942=DIRECTION('',(-0.981657588779446,0.190652506911721,0.));
#11943=DIRECTION('',(0.,0.,1.));
#11944=DIRECTION('',(-0.981657588779446,0.190652506911721,0.));
#11945=DIRECTION('',(1.,0.,0.));
#11946=DIRECTION('',(0.,0.,-1.));
#11947=DIRECTION('',(0.,0.,1.));
#11948=DIRECTION('',(0.,1.,0.));
#11949=DIRECTION('',(0.190652506911721,-0.981657588779446,0.));
#11950=DIRECTION('',(0.981657588779446,0.190652506911721,0.));
#11951=DIRECTION('',(0.,0.,1.));
#11952=DIRECTION('',(0.981657588779446,0.190652506911721,0.));
#11953=DIRECTION('',(1.,0.,0.));
#11954=DIRECTION('',(0.,0.,-1.));
#11955=DIRECTION('',(0.,0.,1.));
#11956=DIRECTION('',(0.,1.,0.));
#11957=DIRECTION('',(0.,1.,0.));
#11958=DIRECTION('',(0.,0.,1.));
#11959=DIRECTION('',(0.,0.,1.));
#11960=DIRECTION('',(-1.,0.,0.));
#11961=DIRECTION('',(-1.,0.,0.));
#11962=DIRECTION('',(0.,0.,1.));
#11963=DIRECTION('',(0.,0.,1.));
#11964=DIRECTION('',(0.,-1.,0.));
#11965=DIRECTION('',(-0.189520366047999,-0.981876790057201,0.));
#11966=DIRECTION('',(0.981876790057201,-0.189520366047999,0.));
#11967=DIRECTION('',(0.,0.,1.));
#11968=DIRECTION('',(0.981876790057201,-0.189520366047999,0.));
#11969=DIRECTION('',(-1.,0.,0.));
#11970=DIRECTION('',(0.,0.,1.));
#11971=DIRECTION('',(0.,0.,1.));
#11972=DIRECTION('',(0.,-1.,0.));
#11973=DIRECTION('',(0.,1.,0.));
#11974=DIRECTION('',(0.,0.,1.));
#11975=DIRECTION('',(0.,0.,1.));
#11976=DIRECTION('',(-1.,0.,0.));
#11977=DIRECTION('',(0.,0.,1.));
#11978=DIRECTION('',(0.,0.,1.));
#11979=DIRECTION('',(0.,0.,1.));
#11980=DIRECTION('',(1.,0.,0.));
#11981=DIRECTION('',(0.190652506911721,-0.981657588779446,0.));
#11982=DIRECTION('',(0.981657588779446,0.190652506911721,0.));
#11983=DIRECTION('',(0.,0.,1.));
#11984=DIRECTION('',(0.981657588779446,0.190652506911721,0.));
#11985=DIRECTION('',(0.,0.,1.));
#11986=DIRECTION('',(1.,0.,0.));
#11987=DIRECTION('',(0.,0.,-1.));
#11988=DIRECTION('',(0.,0.,1.));
#11989=DIRECTION('',(0.,1.,0.));
#11990=DIRECTION('',(0.,1.,0.));
#11991=DIRECTION('',(0.,0.,1.));
#11992=DIRECTION('',(0.,0.,1.));
#11993=DIRECTION('',(-1.,0.,0.));
#11994=DIRECTION('',(-1.,0.,0.));
#11995=DIRECTION('',(0.,0.,1.));
#11996=DIRECTION('',(0.,0.,1.));
#11997=DIRECTION('',(0.,-1.,0.));
#11998=DIRECTION('',(-0.199378194813798,-0.979922617063608,0.));
#11999=DIRECTION('',(0.979922617063608,-0.199378194813798,0.));
#12000=DIRECTION('',(0.,0.,1.));
#12001=DIRECTION('',(0.979922617063608,-0.199378194813798,0.));
#12002=DIRECTION('',(-1.,0.,0.));
#12003=DIRECTION('',(0.,0.,1.));
#12004=DIRECTION('',(0.,0.,1.));
#12005=DIRECTION('',(0.,-1.,0.));
#12006=DIRECTION('',(0.,1.,0.));
#12007=DIRECTION('',(0.,0.,1.));
#12008=DIRECTION('',(0.,0.,1.));
#12009=DIRECTION('',(-1.,0.,0.));
#12010=DIRECTION('',(0.832731115825335,0.553677603607273,0.));
#12011=DIRECTION('',(-0.553677603607273,0.832731115825335,0.));
#12012=DIRECTION('',(0.,0.,1.));
#12013=DIRECTION('',(-0.553677603607273,0.832731115825335,0.));
#12014=DIRECTION('',(0.130545780939908,-0.991442282273048,0.));
#12015=DIRECTION('',(0.991442282273048,0.130545780939908,0.));
#12016=DIRECTION('',(0.,0.,1.));
#12017=DIRECTION('',(0.991442282273048,0.130545780939908,0.));
#12018=DIRECTION('',(1.,0.,0.));
#12019=DIRECTION('',(0.,0.,-1.));
#12020=DIRECTION('',(0.,0.,1.));
#12021=DIRECTION('',(0.,1.,0.));
#12022=DIRECTION('',(0.,1.,0.));
#12023=DIRECTION('',(0.,0.,1.));
#12024=DIRECTION('',(0.,0.,1.));
#12025=DIRECTION('',(-1.,0.,0.));
#12026=DIRECTION('',(-1.,0.,0.));
#12027=DIRECTION('',(0.,0.,1.));
#12028=DIRECTION('',(0.,0.,1.));
#12029=DIRECTION('',(0.,-1.,0.));
#12030=DIRECTION('',(-0.168603824955861,-0.985683899741826,0.));
#12031=DIRECTION('',(0.985683899741826,-0.168603824955861,0.));
#12032=DIRECTION('',(0.,0.,1.));
#12033=DIRECTION('',(0.985683899741826,-0.168603824955861,0.));
#12034=DIRECTION('',(-0.819638850358969,-0.572880576544735,0.));
#12035=DIRECTION('',(0.572880576544735,-0.819638850358969,0.));
#12036=DIRECTION('',(0.,0.,1.));
#12037=DIRECTION('',(0.572880576544735,-0.819638850358969,0.));
#12038=DIRECTION('',(-0.800642626935898,0.599142206769966,0.));
#12039=DIRECTION('',(-0.599142206769966,-0.800642626935898,0.));
#12040=DIRECTION('',(0.,0.,1.));
#12041=DIRECTION('',(-0.599142206769966,-0.800642626935898,0.));
#12042=DIRECTION('',(-0.167634285645102,0.985849251293653,0.));
#12043=DIRECTION('',(-0.985849251293653,-0.167634285645102,0.));
#12044=DIRECTION('',(0.,0.,1.));
#12045=DIRECTION('',(-0.985849251293653,-0.167634285645102,0.));
#12046=DIRECTION('',(-1.,0.,0.));
#12047=DIRECTION('',(0.,0.,1.));
#12048=DIRECTION('',(0.,0.,1.));
#12049=DIRECTION('',(0.,-1.,0.));
#12050=DIRECTION('',(0.,-1.,0.));
#12051=DIRECTION('',(0.,0.,-1.));
#12052=DIRECTION('',(0.,0.,1.));
#12053=DIRECTION('',(1.,0.,0.));
#12054=DIRECTION('',(1.,0.,0.));
#12055=DIRECTION('',(0.,0.,-1.));
#12056=DIRECTION('',(0.,0.,1.));
#12057=DIRECTION('',(0.,1.,0.));
#12058=DIRECTION('',(0.136263521111442,0.990672626458565,0.));
#12059=DIRECTION('',(-0.990672626458565,0.136263521111442,0.));
#12060=DIRECTION('',(0.,0.,1.));
#12061=DIRECTION('',(-0.990672626458565,0.136263521111442,0.));
#12062=DIRECTION('',(0.823890704595199,-0.566748715818242,0.));
#12063=DIRECTION('',(0.566748715818242,0.823890704595199,0.));
#12064=DIRECTION('',(0.,0.,1.));
#12065=DIRECTION('',(0.566748715818242,0.823890704595199,0.));
#12066=DIRECTION('',(0.,-1.,0.));
#12067=DIRECTION('',(0.,0.,-1.));
#12068=DIRECTION('',(0.,0.,1.));
#12069=DIRECTION('',(1.,0.,0.));
#12070=DIRECTION('',(-1.,0.,0.));
#12071=DIRECTION('',(0.,0.,1.));
#12072=DIRECTION('',(0.,0.,1.));
#12073=DIRECTION('',(0.,-1.,0.));
#12074=DIRECTION('',(-0.199378194813798,0.979922617063608,0.));
#12075=DIRECTION('',(-0.979922617063608,-0.199378194813798,0.));
#12076=DIRECTION('',(0.,0.,1.));
#12077=DIRECTION('',(-0.979922617063608,-0.199378194813798,0.));
#12078=DIRECTION('',(-1.,0.,0.));
#12079=DIRECTION('',(0.,0.,1.));
#12080=DIRECTION('',(0.,0.,1.));
#12081=DIRECTION('',(0.,-1.,0.));
#12082=DIRECTION('',(0.,-1.,0.));
#12083=DIRECTION('',(0.,0.,-1.));
#12084=DIRECTION('',(0.,0.,1.));
#12085=DIRECTION('',(1.,0.,0.));
#12086=DIRECTION('',(1.,0.,0.));
#12087=DIRECTION('',(0.,0.,-1.));
#12088=DIRECTION('',(0.,0.,1.));
#12089=DIRECTION('',(0.,1.,0.));
#12090=DIRECTION('',(0.190652506911721,0.981657588779446,0.));
#12091=DIRECTION('',(-0.981657588779446,0.190652506911721,0.));
#12092=DIRECTION('',(0.,0.,1.));
#12093=DIRECTION('',(-0.981657588779446,0.190652506911721,0.));
#12094=DIRECTION('',(1.,0.,0.));
#12095=DIRECTION('',(0.,0.,-1.));
#12096=DIRECTION('',(0.,1.,0.));
#12097=DIRECTION('',(0.,0.,1.));
#12098=DIRECTION('',(1.,0.,0.));
#12099=DIRECTION('',(0.,0.,1.));
#12100=DIRECTION('',(-1.,0.,0.));
#12101=CARTESIAN_POINT('',(0.,0.,0.));
#12102=CARTESIAN_POINT('',(0.170242,-0.07451,0.011303));
#12103=CARTESIAN_POINT('',(0.347323441733472,-0.135427812929887,0.011303));
#12104=CARTESIAN_POINT('',(0.347323441733472,-0.134615753974178,0.011303));
#12105=CARTESIAN_POINT('',(0.347323441733472,-0.136239871885596,0.011303));
#12106=CARTESIAN_POINT('',(0.346726826990502,-0.136239871885596,0.011303));
#12107=CARTESIAN_POINT('',(0.346130212247532,-0.136239871885596,0.011303));
#12108=CARTESIAN_POINT('',(0.346026415238155,-0.135694719525426,0.011303));
#12109=CARTESIAN_POINT('',(0.34592261822878,-0.135149567165256,0.011303));
#12110=CARTESIAN_POINT('',(0.34592261822878,-0.135149567165256,0.011303));
#12111=CARTESIAN_POINT('',(0.345715024210026,-0.135018730598816,0.011303));
#12112=CARTESIAN_POINT('',(0.345317281048047,-0.134921039295873,0.011303));
#12113=CARTESIAN_POINT('',(0.345317281048047,-0.134921039295873,0.011303));
#12114=CARTESIAN_POINT('',(0.344495257683932,-0.138355614183463,0.011303));
#12115=CARTESIAN_POINT('',(0.344472949072616,-0.134823347992931,0.011303));
#12116=CARTESIAN_POINT('',(0.344472949072616,-0.134823347992931,0.011303));
#12117=CARTESIAN_POINT('',(0.343818766240413,-0.134823347992931,0.011303));
#12118=CARTESIAN_POINT('',(0.343462018535917,-0.135098104782456,0.011303));
#12119=CARTESIAN_POINT('',(0.343462018535917,-0.135098104782456,0.011303));
#12120=CARTESIAN_POINT('',(0.343462018535917,-0.135098104782456,0.011303));
#12121=CARTESIAN_POINT('',(0.343105270831423,-0.135372861571982,0.011303));
#12122=CARTESIAN_POINT('',(0.343105270831423,-0.135808983460118,0.011303));
#12123=CARTESIAN_POINT('',(0.343105270831423,-0.135808983460118,0.011303));
#12124=CARTESIAN_POINT('',(0.343105270831423,-0.135808983460118,0.011303));
#12125=CARTESIAN_POINT('',(0.343105270831423,-0.136211960084755,0.011303));
#12126=CARTESIAN_POINT('',(0.343478591167666,-0.136471016486308,0.011303));
#12127=CARTESIAN_POINT('',(0.343478591167666,-0.136471016486308,0.011303));
#12128=CARTESIAN_POINT('',(0.343478591167666,-0.136471016486308,0.011303));
#12129=CARTESIAN_POINT('',(0.343851911503911,-0.13673007288786,0.011303));
#12130=CARTESIAN_POINT('',(0.344767767468996,-0.137019657821582,0.011303));
#12131=CARTESIAN_POINT('',(0.344767767468996,-0.137019657821582,0.011303));
#12132=CARTESIAN_POINT('',(0.344767767468996,-0.137019657821582,0.011303));
#12133=CARTESIAN_POINT('',(0.34608136659606,-0.137384255720064,0.011303));
#12134=CARTESIAN_POINT('',(0.346759972254,-0.137984359438139,0.011303));
#12135=CARTESIAN_POINT('',(0.346759972254,-0.137984359438139,0.011303));
#12136=CARTESIAN_POINT('',(0.346759972254,-0.137984359438139,0.011303));
#12137=CARTESIAN_POINT('',(0.347438577911939,-0.138584463156214,0.011303));
#12138=CARTESIAN_POINT('',(0.347438577911939,-0.139559631698085,0.011303));
#12139=CARTESIAN_POINT('',(0.347438577911939,-0.139559631698085,0.011303));
#12140=CARTESIAN_POINT('',(0.347438577911939,-0.139559631698085,0.011303));
#12141=CARTESIAN_POINT('',(0.347438577911939,-0.140580156916323,0.011303));
#12142=CARTESIAN_POINT('',(0.346631752418888,-0.141168921465306,0.011303));
#12143=CARTESIAN_POINT('',(0.346631752418888,-0.141168921465306,0.011303));
#12144=CARTESIAN_POINT('',(0.346631752418888,-0.141168921465306,0.011303));
#12145=CARTESIAN_POINT('',(0.345824926925837,-0.141757686014289,0.011303));
#12146=CARTESIAN_POINT('',(0.344506094336115,-0.141757686014289,0.011303));
#12147=CARTESIAN_POINT('',(0.344506094336115,-0.141757686014289,0.011303));
#12148=CARTESIAN_POINT('',(0.344506094336115,-0.141757686014289,0.011303));
#12149=CARTESIAN_POINT('',(0.343562326570188,-0.141757686014289,0.011303));
#12150=CARTESIAN_POINT('',(0.34280172999728,-0.141457634155252,0.011303));
#12151=CARTESIAN_POINT('',(0.34280172999728,-0.141457634155252,0.011303));
#12152=CARTESIAN_POINT('',(0.34280172999728,-0.141457634155252,0.011303));
#12153=CARTESIAN_POINT('',(0.342041133424371,-0.141157582296214,0.011303));
#12154=CARTESIAN_POINT('',(0.341535232034133,-0.140629002567794,0.011303));
#12155=CARTESIAN_POINT('',(0.341535232034133,-0.140629002567794,0.011303));
#12156=CARTESIAN_POINT('',(0.341535232034133,-0.139800370980336,0.011303));
#12157=CARTESIAN_POINT('',(0.341535232034133,-0.138971739392878,0.011303));
#12158=CARTESIAN_POINT('',(0.342151036140181,-0.138971739392878,0.011303));
#12159=CARTESIAN_POINT('',(0.342766840246229,-0.138971739392878,0.011303));
#12160=CARTESIAN_POINT('',(0.342851447892527,-0.139536081116126,0.011303));
#12161=CARTESIAN_POINT('',(0.342936055538826,-0.140100422839373,0.011303));
#12162=CARTESIAN_POINT('',(0.342936055538826,-0.140100422839373,0.011303));
#12163=CARTESIAN_POINT('',(0.343175050333524,-0.140295805445258,0.011303));
#12164=CARTESIAN_POINT('',(0.343586749395925,-0.14042402528037,0.011303));
#12165=CARTESIAN_POINT('',(0.343586749395925,-0.14042402528037,0.011303));
#12166=CARTESIAN_POINT('',(0.344462217414676,-0.137459368779856,0.011303));
#12167=CARTESIAN_POINT('',(0.344506094336115,-0.140552245115482,0.011303));
#12168=CARTESIAN_POINT('',(0.344506094336115,-0.140552245115482,0.011303));
#12169=CARTESIAN_POINT('',(0.345160277168318,-0.140552245115482,0.011303));
#12170=CARTESIAN_POINT('',(0.345500452241064,-0.140285338519943,0.011303));
#12171=CARTESIAN_POINT('',(0.345500452241064,-0.140285338519943,0.011303));
#12172=CARTESIAN_POINT('',(0.345500452241064,-0.140285338519943,0.011303));
#12173=CARTESIAN_POINT('',(0.34584062731381,-0.140018431924404,0.011303));
#12174=CARTESIAN_POINT('',(0.34584062731381,-0.1395700986234,0.011303));
#12175=CARTESIAN_POINT('',(0.34584062731381,-0.1395700986234,0.011303));
#12176=CARTESIAN_POINT('',(0.34584062731381,-0.1395700986234,0.011303));
#12177=CARTESIAN_POINT('',(0.34584062731381,-0.139113042884634,0.011303));
#12178=CARTESIAN_POINT('',(0.345516152629037,-0.138834797120003,0.011303));
#12179=CARTESIAN_POINT('',(0.345516152629037,-0.138834797120003,0.011303));
#12180=CARTESIAN_POINT('',(0.345516152629037,-0.138834797120003,0.011303));
#12181=CARTESIAN_POINT('',(0.345191677944264,-0.138556551355373,0.011303));
#12182=CARTESIAN_POINT('',(0.344380491232331,-0.138312323098017,0.011303));
#12183=CARTESIAN_POINT('',(0.344380491232331,-0.138312323098017,0.011303));
#12184=CARTESIAN_POINT('',(0.344380491232331,-0.138312323098017,0.011303));
#12185=CARTESIAN_POINT('',(0.342967456314771,-0.137902368523169,0.011303));
#12186=CARTESIAN_POINT('',(0.34224262173669,-0.13734064353125,0.011303));
#12187=CARTESIAN_POINT('',(0.34224262173669,-0.13734064353125,0.011303));
#12188=CARTESIAN_POINT('',(0.34224262173669,-0.13734064353125,0.011303));
#12189=CARTESIAN_POINT('',(0.341517787158609,-0.136778918539332,0.011303));
#12190=CARTESIAN_POINT('',(0.341517787158609,-0.13580374999746,0.011303));
#12191=CARTESIAN_POINT('',(0.341517787158609,-0.13580374999746,0.011303));
#12192=CARTESIAN_POINT('',(0.341517787158609,-0.13580374999746,0.011303));
#12193=CARTESIAN_POINT('',(0.341517787158609,-0.134839048380904,0.011303));
#12194=CARTESIAN_POINT('',(0.342335951820751,-0.134225861006185,0.011303));
#12195=CARTESIAN_POINT('',(0.342335951820751,-0.134225861006185,0.011303));
#12196=CARTESIAN_POINT('',(0.342335951820751,-0.134225861006185,0.011303));
#12197=CARTESIAN_POINT('',(0.343154116482894,-0.133612673631466,0.011303));
#12198=CARTESIAN_POINT('',(0.344390958157647,-0.133595228755941,0.011303));
#12199=CARTESIAN_POINT('',(0.344390958157647,-0.133595228755941,0.011303));
#12200=CARTESIAN_POINT('',(0.344390958157647,-0.133595228755941,0.011303));
#12201=CARTESIAN_POINT('',(0.345306814122732,-0.133595228755941,0.011303));
#12202=CARTESIAN_POINT('',(0.346059560501654,-0.133873474520571,0.011303));
#12203=CARTESIAN_POINT('',(0.346059560501654,-0.133873474520571,0.011303));
#12204=CARTESIAN_POINT('',(0.346059560501654,-0.133873474520571,0.011303));
#12205=CARTESIAN_POINT('',(0.346812306880577,-0.134151720285202,0.011303));
#12206=CARTESIAN_POINT('',(0.347323441733472,-0.134615753974178,0.011303));
#12207=CARTESIAN_POINT('',(0.329343008529411,-0.1341848655487,0.011303));
#12208=CARTESIAN_POINT('',(0.329343008529411,-0.133705131471751,0.011303));
#12209=CARTESIAN_POINT('',(0.329343008529411,-0.134664599625649,0.011303));
#12210=CARTESIAN_POINT('',(0.329019406088414,-0.134710828545792,0.011303));
#12211=CARTESIAN_POINT('',(0.328695803647418,-0.134757057465934,0.011303));
#12212=CARTESIAN_POINT('',(0.329311607753465,-0.136060189667684,0.011303));
#12213=CARTESIAN_POINT('',(0.329927411859513,-0.137363321869433,0.011303));
#12214=CARTESIAN_POINT('',(0.329943984491262,-0.137363321869433,0.011303));
#12215=CARTESIAN_POINT('',(0.329960557123011,-0.137363321869433,0.011303));
#12216=CARTESIAN_POINT('',(0.330576361229058,-0.136060189667684,0.011303));
#12217=CARTESIAN_POINT('',(0.331192165335106,-0.134757057465934,0.011303));
#12218=CARTESIAN_POINT('',(0.330870307381662,-0.134710828545792,0.011303));
#12219=CARTESIAN_POINT('',(0.330548449428218,-0.134664599625649,0.011303));
#12220=CARTESIAN_POINT('',(0.330548449428218,-0.1341848655487,0.011303));
#12221=CARTESIAN_POINT('',(0.330548449428218,-0.133705131471751,0.011303));
#12222=CARTESIAN_POINT('',(0.332050453210957,-0.133705131471751,0.011303));
#12223=CARTESIAN_POINT('',(0.333552456993697,-0.133705131471751,0.011303));
#12224=CARTESIAN_POINT('',(0.333552456993697,-0.1341848655487,0.011303));
#12225=CARTESIAN_POINT('',(0.333552456993697,-0.134664599625649,0.011303));
#12226=CARTESIAN_POINT('',(0.333214026408504,-0.134718678739778,0.011303));
#12227=CARTESIAN_POINT('',(0.33287559582331,-0.134772757853907,0.011303));
#12228=CARTESIAN_POINT('',(0.331796630272062,-0.13681206380283,0.011303));
#12229=CARTESIAN_POINT('',(0.330717664720815,-0.138851369751753,0.011303));
#12230=CARTESIAN_POINT('',(0.330717664720815,-0.139687851533197,0.011303));
#12231=CARTESIAN_POINT('',(0.330717664720815,-0.140524333314641,0.011303));
#12232=CARTESIAN_POINT('',(0.331142447439859,-0.140606324229611,0.011303));
#12233=CARTESIAN_POINT('',(0.331567230158903,-0.14068831514458,0.011303));
#12234=CARTESIAN_POINT('',(0.331567230158903,-0.141165432490201,0.011303));
#12235=CARTESIAN_POINT('',(0.331567230158903,-0.141642549835821,0.011303));
#12236=CARTESIAN_POINT('',(0.329923922884407,-0.141642549835821,0.011303));
#12237=CARTESIAN_POINT('',(0.328280615609912,-0.141642549835821,0.011303));
#12238=CARTESIAN_POINT('',(0.328280615609912,-0.141165432490201,0.011303));
#12239=CARTESIAN_POINT('',(0.328280615609912,-0.14068831514458,0.011303));
#12240=CARTESIAN_POINT('',(0.328706270572732,-0.140606324229611,0.011303));
#12241=CARTESIAN_POINT('',(0.329131925535553,-0.140524333314641,0.011303));
#12242=CARTESIAN_POINT('',(0.329131925535553,-0.139646856075712,0.011303));
#12243=CARTESIAN_POINT('',(0.329131925535553,-0.138769378836783,0.011303));
#12244=CARTESIAN_POINT('',(0.328071277103607,-0.136771068345345,0.011303));
#12245=CARTESIAN_POINT('',(0.327010628671661,-0.134772757853907,0.011303));
#12246=CARTESIAN_POINT('',(0.326675687061573,-0.134718678739778,0.011303));
#12247=CARTESIAN_POINT('',(0.326340745451485,-0.134664599625649,0.011303));
#12248=CARTESIAN_POINT('',(0.326340745451485,-0.1341848655487,0.011303));
#12249=CARTESIAN_POINT('',(0.326340745451485,-0.133705131471751,0.011303));
#12250=CARTESIAN_POINT('',(0.327841876990447,-0.133705131471751,0.011303));
#12251=CARTESIAN_POINT('',(0.135730471383383,-0.07451,0.011303));
#12252=CARTESIAN_POINT('',(0.135730471425466,-0.0190461848288371,0.011303));
#12253=CARTESIAN_POINT('',(0.135730471383383,0.00511000000000008,0.011303));
#12254=CARTESIAN_POINT('',(0.135730471383383,-0.0190461848288372,0.011303));
#12255=CARTESIAN_POINT('',(0.186027725019102,-0.0190461848288372,0.011303));
#12256=CARTESIAN_POINT('',(0.236324978654821,-0.0190461848288372,0.011303));
#12257=CARTESIAN_POINT('',(0.286622232290541,-0.0190461848288372,0.011303));
#12258=CARTESIAN_POINT('',(0.286622232248457,-0.0190461848705487,0.011303));
#12259=CARTESIAN_POINT('',(0.286622232290541,-0.07451,0.011303));
#12260=CARTESIAN_POINT('',(0.286622232248457,-0.0406678422371667,0.011303));
#12261=CARTESIAN_POINT('',(0.286622232290541,-0.0406678422788783,0.011303));
#12262=CARTESIAN_POINT('',(0.236324978668849,-0.0406678422788783,0.011303));
#12263=CARTESIAN_POINT('',(0.186027725047158,-0.0406678422788783,0.011303));
#12264=CARTESIAN_POINT('',(0.135730471425466,-0.0406678422788783,0.011303));
#12265=CARTESIAN_POINT('',(0.135730471425466,-0.0406678425059494,0.011303));
#12266=CARTESIAN_POINT('',(0.135730471383383,-0.07451,0.011303));
#12267=CARTESIAN_POINT('',(0.135730471425466,-0.0429380488683744,0.011303));
#12268=CARTESIAN_POINT('',(0.135730471383383,-0.0429380488683745,0.011303));
#12269=CARTESIAN_POINT('',(0.185918932779566,-0.0429380488683747,0.011303));
#12270=CARTESIAN_POINT('',(0.236107394175748,-0.0429380488683748,0.011303));
#12271=CARTESIAN_POINT('',(0.286295855571931,-0.042938048868375,0.011303));
#12272=CARTESIAN_POINT('',(0.286295855571931,-0.0429380489527261,0.011303));
#12273=CARTESIAN_POINT('',(0.286295855656282,-0.0429380489527262,0.011303));
#12274=CARTESIAN_POINT('',(0.286295855656282,-0.0628450112293847,0.011303));
#12275=CARTESIAN_POINT('',(0.286295855656282,-0.0827519735060433,0.011303));
#12276=CARTESIAN_POINT('',(0.286295855656282,-0.102658935782702,0.011303));
#12277=CARTESIAN_POINT('',(0.286295855571931,-0.102658935782702,0.011303));
#12278=CARTESIAN_POINT('',(0.286295855571931,-0.102658935867053,0.011303));
#12279=CARTESIAN_POINT('',(0.280732512081082,-0.102658935867053,0.011303));
#12280=CARTESIAN_POINT('',(0.275169168590233,-0.102658935867053,0.011303));
#12281=CARTESIAN_POINT('',(0.269605825099384,-0.102658935867053,0.011303));
#12282=CARTESIAN_POINT('',(0.269605825099384,-0.102658935951045,0.011303));
#12283=CARTESIAN_POINT('',(0.269605825015395,-0.102658935951045,0.011303));
#12284=CARTESIAN_POINT('',(0.269605825015395,-0.10901694349852,0.011303));
#12285=CARTESIAN_POINT('',(0.269605825015395,-0.115374951045995,0.011303));
#12286=CARTESIAN_POINT('',(0.269605825015395,-0.12173295859347,0.011303));
#12287=CARTESIAN_POINT('',(0.269605824931043,-0.12173295859347,0.011303));
#12288=CARTESIAN_POINT('',(0.269605824931043,-0.121732958677821,0.011303));
#12289=CARTESIAN_POINT('',(0.262815940445682,-0.121732958677821,0.011303));
#12290=CARTESIAN_POINT('',(0.256026055960321,-0.121732958677821,0.011303));
#12291=CARTESIAN_POINT('',(0.249236171474959,-0.121732958677821,0.011303));
#12292=CARTESIAN_POINT('',(0.249236171474959,-0.121732958761813,0.011303));
#12293=CARTESIAN_POINT('',(0.24923617139097,-0.121732958761813,0.011303));
#12294=CARTESIAN_POINT('',(0.24923617139097,-0.128090968855627,0.011303));
#12295=CARTESIAN_POINT('',(0.24923617139097,-0.134448978949441,0.011303));
#12296=CARTESIAN_POINT('',(0.24923617139097,-0.140806989043256,0.011303));
#12297=CARTESIAN_POINT('',(0.249236171306619,-0.140806989043255,0.011303));
#12298=CARTESIAN_POINT('',(0.249236171306618,-0.140806989127607,0.011303));
#12299=CARTESIAN_POINT('',(0.211400938012901,-0.140806989127607,0.011303));
#12300=CARTESIAN_POINT('',(0.173565704719184,-0.140806989127607,0.011303));
#12301=CARTESIAN_POINT('',(0.135730471425466,-0.140806989127607,0.011303));
#12302=CARTESIAN_POINT('',(0.135730471425466,-0.140806989354683,0.011303));
#12303=CARTESIAN_POINT('',(0.135730471383383,-0.07451,0.011303));
#12304=CARTESIAN_POINT('',(0.135730471383383,-0.15413,0.011303));
#12305=CARTESIAN_POINT('',(0.085117,-0.15413,0.011303));
#12306=CARTESIAN_POINT('',(0.340492,-0.15413,0.011303));
#12307=CARTESIAN_POINT('',(0.340492,-0.14397,0.011303));
#12308=CARTESIAN_POINT('',(0.350652,-0.14397,0.011303));
#12309=CARTESIAN_POINT('',(0.350652,-0.10924,0.011303));
#12310=CARTESIAN_POINT('',(0.350652,-0.0877005549299084,0.011303));
#12311=CARTESIAN_POINT('',(0.261082,-0.0877005549299084,0.011303));
#12312=CARTESIAN_POINT('',(0.341927487108788,-0.087700554987874,0.011303));
#12313=CARTESIAN_POINT('',(0.341927486983968,-0.0877005549878741,0.011303));
#12314=CARTESIAN_POINT('',(0.341927486983968,-0.0967308581565102,0.011303));
#12315=CARTESIAN_POINT('',(0.341927486983968,-0.105761161325146,0.011303));
#12316=CARTESIAN_POINT('',(0.341927486983968,-0.114791464493782,0.011303));
#12317=CARTESIAN_POINT('',(0.341927486899581,-0.114791464493782,0.011303));
#12318=CARTESIAN_POINT('',(0.341927486920046,-0.114791464575651,0.011303));
#12319=CARTESIAN_POINT('',(0.335272502713248,-0.116455034719286,0.011303));
#12320=CARTESIAN_POINT('',(0.328617518506451,-0.118118604862921,0.011303));
#12321=CARTESIAN_POINT('',(0.321962534299653,-0.119782175006555,0.011303));
#12322=CARTESIAN_POINT('',(0.32196253428934,-0.119782174922782,0.011303));
#12323=CARTESIAN_POINT('',(0.321962534299653,-0.119782175006555,0.011303));
#12324=CARTESIAN_POINT('',(0.314882960856574,-0.119782175006554,0.011303));
#12325=CARTESIAN_POINT('',(0.307803387413495,-0.119782175006553,0.011303));
#12326=CARTESIAN_POINT('',(0.300723813970416,-0.119782175006552,0.011303));
#12327=CARTESIAN_POINT('',(0.300723813970416,-0.119782174922137,0.011303));
#12328=CARTESIAN_POINT('',(0.300723813885999,-0.119782174922138,0.011303));
#12329=CARTESIAN_POINT('',(0.300723813886,-0.109088301610716,0.011303));
#12330=CARTESIAN_POINT('',(0.300723813886002,-0.0983944282992953,0.011303));
#12331=CARTESIAN_POINT('',(0.300723813886003,-0.0877005549878741,0.011303));
#12332=CARTESIAN_POINT('',(0.300723813761183,-0.087700554987874,0.011303));
#12333=CARTESIAN_POINT('',(0.170242,-0.0877005549299084,0.011303));
#12334=CARTESIAN_POINT('',(0.291722,-0.0877005549299084,0.011303));
#12335=CARTESIAN_POINT('',(0.291722,-0.063365,0.011303));
#12336=CARTESIAN_POINT('',(0.291722,-0.00123999999999987,0.011303));
#12337=CARTESIAN_POINT('',(0.231617,-0.00123999999999994,0.011303));
#12338=CARTESIAN_POINT('',(0.315992,-0.00123999999999994,0.011303));
#12339=CARTESIAN_POINT('',(0.315992,-0.00250999999999994,0.011303));
#12340=CARTESIAN_POINT('',(0.315992000042082,-0.0025099999617722,0.011303));
#12341=CARTESIAN_POINT('',(0.315992,-0.00251000000000001,0.011303));
#12342=CARTESIAN_POINT('',(0.327437792566455,-0.00251000000000001,0.011303));
#12343=CARTESIAN_POINT('',(0.338883585132911,-0.00251000000000001,0.011303));
#12344=CARTESIAN_POINT('',(0.350329377699366,-0.00251000000000001,0.011303));
#12345=CARTESIAN_POINT('',(0.350329377619302,-0.00250999994259904,0.011303));
#12346=CARTESIAN_POINT('',(0.340492,-0.00504999999999984,0.011303));
#12347=CARTESIAN_POINT('',(0.340492,0.00511000000000008,0.011303));
#12348=CARTESIAN_POINT('',(0.255367,0.00511000000000008,0.011303));
#12349=CARTESIAN_POINT('',(0.315495254963816,-0.145574996384417,0.011303));
#12350=CARTESIAN_POINT('',(0.295738692263055,-0.145574996384417,0.011303));
#12351=CARTESIAN_POINT('',(0.275982129562295,-0.145574996384417,0.011303));
#12352=CARTESIAN_POINT('',(0.256225566861535,-0.145574996384417,0.011303));
#12353=CARTESIAN_POINT('',(0.256225566861535,-0.145574996300066,0.011303));
#12354=CARTESIAN_POINT('',(0.315495254963816,-0.145574996300066,0.011303));
#12355=CARTESIAN_POINT('',(0.256225566777184,-0.145574996300066,0.011303));
#12356=CARTESIAN_POINT('',(0.256225566777184,-0.13836777704714,0.011303));
#12357=CARTESIAN_POINT('',(0.256225566777184,-0.131160557794214,0.011303));
#12358=CARTESIAN_POINT('',(0.256225566777184,-0.123953338541288,0.011303));
#12359=CARTESIAN_POINT('',(0.256225566861535,-0.123953338541288,0.011303));
#12360=CARTESIAN_POINT('',(0.256225566861535,-0.123953338456937,0.011303));
#12361=CARTESIAN_POINT('',(0.262750238529339,-0.123953338456937,0.011303));
#12362=CARTESIAN_POINT('',(0.269274910197142,-0.123953338456937,0.011303));
#12363=CARTESIAN_POINT('',(0.275799581864946,-0.123953338456937,0.011303));
#12364=CARTESIAN_POINT('',(0.275799581864946,-0.123953338372945,0.011303));
#12365=CARTESIAN_POINT('',(0.275799581948935,-0.123953338372945,0.011303));
#12366=CARTESIAN_POINT('',(0.275799581948935,-0.117595328279131,0.011303));
#12367=CARTESIAN_POINT('',(0.275799581948935,-0.111237318185317,0.011303));
#12368=CARTESIAN_POINT('',(0.275799581948935,-0.104879308091503,0.011303));
#12369=CARTESIAN_POINT('',(0.275799582033286,-0.104879308091503,0.011303));
#12370=CARTESIAN_POINT('',(0.275799582033287,-0.104879308007152,0.011303));
#12371=CARTESIAN_POINT('',(0.282840134619546,-0.104879308007152,0.011303));
#12372=CARTESIAN_POINT('',(0.289880687205806,-0.104879308007152,0.011303));
#12373=CARTESIAN_POINT('',(0.296921239792065,-0.104879308007152,0.011303));
#12374=CARTESIAN_POINT('',(0.296921239792065,-0.104879308091503,0.011303));
#12375=CARTESIAN_POINT('',(0.296921239876416,-0.104879308091503,0.011303));
#12376=CARTESIAN_POINT('',(0.296921239876416,-0.111237318185318,0.011303));
#12377=CARTESIAN_POINT('',(0.296921239876416,-0.117595328279133,0.011303));
#12378=CARTESIAN_POINT('',(0.296921239876416,-0.123953338372948,0.011303));
#12379=CARTESIAN_POINT('',(0.296921239960408,-0.123953338372948,0.011303));
#12380=CARTESIAN_POINT('',(0.296921239960408,-0.123953338456937,0.011303));
#12381=CARTESIAN_POINT('',(0.303112578294877,-0.123953338456937,0.011303));
#12382=CARTESIAN_POINT('',(0.309303916629347,-0.123953338456937,0.011303));
#12383=CARTESIAN_POINT('',(0.315495254963816,-0.123953338456937,0.011303));
#12384=CARTESIAN_POINT('',(0.315495254963816,-0.123953338541288,0.011303));
#12385=CARTESIAN_POINT('',(0.315495255048167,-0.123953338541288,0.011303));
#12386=CARTESIAN_POINT('',(0.315495255048167,-0.131160557794214,0.011303));
#12387=CARTESIAN_POINT('',(0.315495255048167,-0.13836777704714,0.011303));
#12388=CARTESIAN_POINT('',(0.315495255048167,-0.145574996300066,0.011303));
#12389=CARTESIAN_POINT('',(0.336382015803922,-0.133705131471751,0.011303));
#12390=CARTESIAN_POINT('',(0.334070569796802,-0.133705131471751,0.011303));
#12391=CARTESIAN_POINT('',(0.337849129835611,-0.133705131471751,0.011303));
#12392=CARTESIAN_POINT('',(0.337849129835611,-0.133705131471751,0.011303));
#12393=CARTESIAN_POINT('',(0.339211574614147,-0.133705131471751,0.011303));
#12394=CARTESIAN_POINT('',(0.339999210744119,-0.134405543224097,0.011303));
#12395=CARTESIAN_POINT('',(0.339999210744119,-0.134405543224097,0.011303));
#12396=CARTESIAN_POINT('',(0.339999210744119,-0.134405543224097,0.011303));
#12397=CARTESIAN_POINT('',(0.340786846874093,-0.135105954976443,0.011303));
#12398=CARTESIAN_POINT('',(0.340786846874093,-0.136239871885596,0.011303));
#12399=CARTESIAN_POINT('',(0.340786846874093,-0.136239871885596,0.011303));
#12400=CARTESIAN_POINT('',(0.340786846874093,-0.136239871885596,0.011303));
#12401=CARTESIAN_POINT('',(0.340786846874093,-0.137379022257406,0.011303));
#12402=CARTESIAN_POINT('',(0.339999210744119,-0.138071583815766,0.011303));
#12403=CARTESIAN_POINT('',(0.339999210744119,-0.138071583815766,0.011303));
#12404=CARTESIAN_POINT('',(0.339999210744119,-0.138071583815766,0.011303));
#12405=CARTESIAN_POINT('',(0.339211574614147,-0.138764145374125,0.011303));
#12406=CARTESIAN_POINT('',(0.337849129835611,-0.138764145374125,0.011303));
#12407=CARTESIAN_POINT('',(0.337849129835611,-0.138764145374125,0.011303));
#12408=CARTESIAN_POINT('',(0.337178374371657,-0.138764145374125,0.011303));
#12409=CARTESIAN_POINT('',(0.336507618907705,-0.138764145374125,0.011303));
#12410=CARTESIAN_POINT('',(0.336507618907705,-0.139644239344383,0.011303));
#12411=CARTESIAN_POINT('',(0.336507618907705,-0.140524333314641,0.011303));
#12412=CARTESIAN_POINT('',(0.336932401626749,-0.140606324229611,0.011303));
#12413=CARTESIAN_POINT('',(0.337357184345793,-0.14068831514458,0.011303));
#12414=CARTESIAN_POINT('',(0.337357184345793,-0.141165432490201,0.011303));
#12415=CARTESIAN_POINT('',(0.337357184345793,-0.141642549835821,0.011303));
#12416=CARTESIAN_POINT('',(0.335713877071298,-0.141642549835821,0.011303));
#12417=CARTESIAN_POINT('',(0.334070569796802,-0.141642549835821,0.011303));
#12418=CARTESIAN_POINT('',(0.334070569796802,-0.141165432490201,0.011303));
#12419=CARTESIAN_POINT('',(0.334070569796802,-0.14068831514458,0.011303));
#12420=CARTESIAN_POINT('',(0.334492735784517,-0.140606324229611,0.011303));
#12421=CARTESIAN_POINT('',(0.334914901772233,-0.140524333314641,0.011303));
#12422=CARTESIAN_POINT('',(0.334914901772233,-0.137676457385115,0.011303));
#12423=CARTESIAN_POINT('',(0.334914901772233,-0.134828581455589,0.011303));
#12424=CARTESIAN_POINT('',(0.334492735784517,-0.134746590540619,0.011303));
#12425=CARTESIAN_POINT('',(0.334070569796802,-0.134664599625649,0.011303));
#12426=CARTESIAN_POINT('',(0.334070569796802,-0.1341848655487,0.011303));
#12427=CARTESIAN_POINT('',(0.318467873126858,-0.141165432490201,0.011303));
#12428=CARTESIAN_POINT('',(0.318467873126858,-0.141642549835821,0.011303));
#12429=CARTESIAN_POINT('',(0.318467873126858,-0.14068831514458,0.011303));
#12430=CARTESIAN_POINT('',(0.318890039114574,-0.140606324229611,0.011303));
#12431=CARTESIAN_POINT('',(0.319312205102289,-0.140524333314641,0.011303));
#12432=CARTESIAN_POINT('',(0.319312205102289,-0.137676457385115,0.011303));
#12433=CARTESIAN_POINT('',(0.319312205102289,-0.134828581455589,0.011303));
#12434=CARTESIAN_POINT('',(0.318890039114574,-0.134746590540619,0.011303));
#12435=CARTESIAN_POINT('',(0.318467873126858,-0.134664599625649,0.011303));
#12436=CARTESIAN_POINT('',(0.318467873126858,-0.1341848655487,0.011303));
#12437=CARTESIAN_POINT('',(0.318467873126858,-0.133705131471751,0.011303));
#12438=CARTESIAN_POINT('',(0.320089374306947,-0.133705131471751,0.011303));
#12439=CARTESIAN_POINT('',(0.321710875487036,-0.133705131471751,0.011303));
#12440=CARTESIAN_POINT('',(0.321710875487036,-0.1341848655487,0.011303));
#12441=CARTESIAN_POINT('',(0.321710875487036,-0.134664599625649,0.011303));
#12442=CARTESIAN_POINT('',(0.321307898862398,-0.134746590540619,0.011303));
#12443=CARTESIAN_POINT('',(0.32090492223776,-0.134828581455589,0.011303));
#12444=CARTESIAN_POINT('',(0.32090492223776,-0.135888357643758,0.011303));
#12445=CARTESIAN_POINT('',(0.32090492223776,-0.136948133831928,0.011303));
#12446=CARTESIAN_POINT('',(0.32125120301694,-0.136948133831928,0.011303));
#12447=CARTESIAN_POINT('',(0.32159748379612,-0.136948133831928,0.011303));
#12448=CARTESIAN_POINT('',(0.322360697100357,-0.135838639748511,0.011303));
#12449=CARTESIAN_POINT('',(0.323123910404595,-0.134729145665094,0.011303));
#12450=CARTESIAN_POINT('',(0.322889276828778,-0.134696872645371,0.011303));
#12451=CARTESIAN_POINT('',(0.322654643252961,-0.134664599625649,0.011303));
#12452=CARTESIAN_POINT('',(0.322654643252961,-0.1341848655487,0.011303));
#12453=CARTESIAN_POINT('',(0.322654643252961,-0.133705131471751,0.011303));
#12454=CARTESIAN_POINT('',(0.324227298781579,-0.133705131471751,0.011303));
#12455=CARTESIAN_POINT('',(0.325799954310196,-0.133705131471751,0.011303));
#12456=CARTESIAN_POINT('',(0.325799954310196,-0.1341848655487,0.011303));
#12457=CARTESIAN_POINT('',(0.325799954310196,-0.134664599625649,0.011303));
#12458=CARTESIAN_POINT('',(0.325369065884718,-0.134737868102856,0.011303));
#12459=CARTESIAN_POINT('',(0.32493817745924,-0.134811136580063,0.011303));
#12460=CARTESIAN_POINT('',(0.323963008917369,-0.136114268781813,0.011303));
#12461=CARTESIAN_POINT('',(0.322987840375497,-0.137417400983562,0.011303));
#12462=CARTESIAN_POINT('',(0.324083378558494,-0.138984823049522,0.011303));
#12463=CARTESIAN_POINT('',(0.32517891674149,-0.140552245115482,0.011303));
#12464=CARTESIAN_POINT('',(0.325576659903471,-0.140620280130031,0.011303));
#12465=CARTESIAN_POINT('',(0.325974403065451,-0.14068831514458,0.011303));
#12466=CARTESIAN_POINT('',(0.325974403065451,-0.141165432490201,0.011303));
#12467=CARTESIAN_POINT('',(0.325974403065451,-0.141642549835821,0.011303));
#12468=CARTESIAN_POINT('',(0.324401747536833,-0.141642549835821,0.011303));
#12469=CARTESIAN_POINT('',(0.322829092008215,-0.141642549835821,0.011303));
#12470=CARTESIAN_POINT('',(0.322829092008215,-0.141165432490201,0.011303));
#12471=CARTESIAN_POINT('',(0.322829092008215,-0.14068831514458,0.011303));
#12472=CARTESIAN_POINT('',(0.323074192509347,-0.140656042124858,0.011303));
#12473=CARTESIAN_POINT('',(0.32331929301048,-0.140623769105136,0.011303));
#12474=CARTESIAN_POINT('',(0.322556079706243,-0.139475896295563,0.011303));
#12475=CARTESIAN_POINT('',(0.321792866402005,-0.13832802348599,0.011303));
#12476=CARTESIAN_POINT('',(0.321348894319883,-0.13832802348599,0.011303));
#12477=CARTESIAN_POINT('',(0.32090492223776,-0.13832802348599,0.011303));
#12478=CARTESIAN_POINT('',(0.32090492223776,-0.139426178400316,0.011303));
#12479=CARTESIAN_POINT('',(0.32090492223776,-0.140524333314641,0.011303));
#12480=CARTESIAN_POINT('',(0.321307898862398,-0.140606324229611,0.011303));
#12481=CARTESIAN_POINT('',(0.321710875487036,-0.14068831514458,0.011303));
#12482=CARTESIAN_POINT('',(0.321710875487036,-0.141165432490201,0.011303));
#12483=CARTESIAN_POINT('',(0.321710875487036,-0.141642549835821,0.011303));
#12484=CARTESIAN_POINT('',(0.320089374306947,-0.141642549835821,0.011303));
#12485=CARTESIAN_POINT('',(0.330371053151815,-0.0289626882457555,0.008763));
#12486=CARTESIAN_POINT('',(0.295232569482445,-0.0414666315144016,0.008763));
#12487=CARTESIAN_POINT('',(0.295398618987082,-0.0413542199940804,0.008763));
#12488=CARTESIAN_POINT('',(0.295066519977808,-0.0415790430347229,0.008763));
#12489=CARTESIAN_POINT('',(0.294909600342842,-0.0414221233997567,0.008763));
#12490=CARTESIAN_POINT('',(0.294752680707875,-0.0412652037647905,0.008763));
#12491=CARTESIAN_POINT('',(0.29515125658069,-0.0408666278919763,0.008763));
#12492=CARTESIAN_POINT('',(0.295549832453504,-0.040468052019162,0.008763));
#12493=CARTESIAN_POINT('',(0.296355828760376,-0.041274048326034,0.008763));
#12494=CARTESIAN_POINT('',(0.297161825067248,-0.042080044632906,0.008763));
#12495=CARTESIAN_POINT('',(0.297219742677972,-0.0420221270221821,0.008763));
#12496=CARTESIAN_POINT('',(0.297277660288696,-0.0419642094114582,0.008763));
#12497=CARTESIAN_POINT('',(0.297216033668418,-0.0416030089426087,0.008763));
#12498=CARTESIAN_POINT('',(0.297154407048141,-0.0412418084737592,0.008763));
#12499=CARTESIAN_POINT('',(0.29705825810817,-0.0413151327395525,0.008763));
#12500=CARTESIAN_POINT('',(0.2969621091682,-0.0413884570053457,0.008763));
#12501=CARTESIAN_POINT('',(0.296805189533234,-0.0412315373703796,0.008763));
#12502=CARTESIAN_POINT('',(0.296648269898268,-0.0410746177354133,0.008763));
#12503=CARTESIAN_POINT('',(0.29712273781272,-0.0406001498209609,0.008763));
#12504=CARTESIAN_POINT('',(0.297597205727172,-0.0401256819065084,0.008763));
#12505=CARTESIAN_POINT('',(0.297754125362138,-0.0402826015414747,0.008763));
#12506=CARTESIAN_POINT('',(0.297911044997105,-0.040439521176441,0.008763));
#12507=CARTESIAN_POINT('',(0.29782259938467,-0.0405793223057744,0.008763));
#12508=CARTESIAN_POINT('',(0.297734153772234,-0.040719123435108,0.008763));
#12509=CARTESIAN_POINT('',(0.297799204093638,-0.04113225003771,0.008763));
#12510=CARTESIAN_POINT('',(0.297864254415042,-0.041545376640312,0.008763));
#12511=CARTESIAN_POINT('',(0.298473958523993,-0.04166834457244,0.008763));
#12512=CARTESIAN_POINT('',(0.299083662632943,-0.0417913125045681,0.008763));
#12513=CARTESIAN_POINT('',(0.299203206863945,-0.0417128526870851,0.008763));
#12514=CARTESIAN_POINT('',(0.299322751094946,-0.041634392869602,0.008763));
#12515=CARTESIAN_POINT('',(0.299478814804631,-0.0417904565792865,0.008763));
#12516=CARTESIAN_POINT('',(0.299634878514315,-0.0419465202889711,0.008763));
#12517=CARTESIAN_POINT('',(0.299189226751011,-0.0423921720522752,0.008763));
#12518=CARTESIAN_POINT('',(0.298743574987708,-0.0428378238155793,0.008763));
#12519=CARTESIAN_POINT('',(0.298587511278023,-0.0426817601058947,0.008763));
#12520=CARTESIAN_POINT('',(0.298431447568339,-0.0425256963962101,0.008763));
#12521=CARTESIAN_POINT('',(0.298475955682984,-0.0424634991590781,0.008763));
#12522=CARTESIAN_POINT('',(0.298520463797629,-0.042401301921946,0.008763));
#12523=CARTESIAN_POINT('',(0.298133585570329,-0.0423100032252384,0.008763));
#12524=CARTESIAN_POINT('',(0.297746707343031,-0.0422187045285307,0.008763));
#12525=CARTESIAN_POINT('',(0.297635151747991,-0.0423302601235703,0.008763));
#12526=CARTESIAN_POINT('',(0.297523596152952,-0.04244181571861,0.008763));
#12527=CARTESIAN_POINT('',(0.297744710184041,-0.0426629297496987,0.008763));
#12528=CARTESIAN_POINT('',(0.29796582421513,-0.0428840437807875,0.008763));
#12529=CARTESIAN_POINT('',(0.298105054727608,-0.0427984512526241,0.008763));
#12530=CARTESIAN_POINT('',(0.298244285240088,-0.0427128587244608,0.008763));
#12531=CARTESIAN_POINT('',(0.298400348949772,-0.0428689224341453,0.008763));
#12532=CARTESIAN_POINT('',(0.298556412659457,-0.0430249861438299,0.008763));
#12533=CARTESIAN_POINT('',(0.2980588347624,-0.0435225640408864,0.008763));
#12534=CARTESIAN_POINT('',(0.297561256865344,-0.044020141937943,0.008763));
#12535=CARTESIAN_POINT('',(0.297405193155659,-0.0438640782282584,0.008763));
#12536=CARTESIAN_POINT('',(0.297249129445974,-0.0437080145185739,0.008763));
#12537=CARTESIAN_POINT('',(0.297348131470217,-0.0435553745100158,0.008763));
#12538=CARTESIAN_POINT('',(0.297447133494459,-0.0434027345014577,0.008763));
#12539=CARTESIAN_POINT('',(0.296422876240771,-0.0423784772477691,0.008763));
#12540=CARTESIAN_POINT('',(0.317726616838622,-0.0179914343855916,0.008763));
#12541=CARTESIAN_POINT('',(0.292992,-0.0427260512242137,0.008763));
#12542=CARTESIAN_POINT('',(0.315992,-0.019726051224214,0.008763));
#12543=CARTESIAN_POINT('',(0.292992,-0.05222,0.008763));
#12544=CARTESIAN_POINT('',(0.292992,-0.0505639487757859,0.008763));
#12545=CARTESIAN_POINT('',(0.307358065614407,-0.0361978831613781,0.008763));
#12546=CARTESIAN_POINT('',(0.315992,-0.0275639487757859,0.008763));
#12547=CARTESIAN_POINT('',(0.315992,-0.00250999999999994,0.008763));
#12548=CARTESIAN_POINT('',(0.300489377253814,-0.0379142562871934,0.008763));
#12549=CARTESIAN_POINT('',(0.300655141450024,-0.037801559458445,0.008763));
#12550=CARTESIAN_POINT('',(0.300323613057604,-0.0380269531159419,0.008763));
#12551=CARTESIAN_POINT('',(0.300166693422637,-0.0378700334809757,0.008763));
#12552=CARTESIAN_POINT('',(0.300009773787671,-0.0377131138460095,0.008763));
#12553=CARTESIAN_POINT('',(0.300387807453727,-0.0373350801799545,0.008763));
#12554=CARTESIAN_POINT('',(0.300765841119781,-0.0369570465138995,0.008763));
#12555=CARTESIAN_POINT('',(0.300890520902472,-0.0370566191549963,0.008763));
#12556=CARTESIAN_POINT('',(0.301015200685164,-0.037156191796093,0.008763));
#12557=CARTESIAN_POINT('',(0.301877139141591,-0.0369834480297445,0.008763));
#12558=CARTESIAN_POINT('',(0.301027739932161,-0.0367586686410677,0.008763));
#12559=CARTESIAN_POINT('',(0.301779020407665,-0.0369811927804554,0.008763));
#12560=CARTESIAN_POINT('',(0.301238311875243,-0.0364126780347802,0.008763));
#12561=CARTESIAN_POINT('',(0.301238311875243,-0.0364126780347802,0.008763));
#12562=CARTESIAN_POINT('',(0.301596659259821,-0.0360543306502028,0.008763));
#12563=CARTESIAN_POINT('',(0.302074550875399,-0.0361362141688125,0.008763));
#12564=CARTESIAN_POINT('',(0.302074550875399,-0.0361362141688125,0.008763));
#12565=CARTESIAN_POINT('',(0.302074550875399,-0.0361362141688125,0.008763));
#12566=CARTESIAN_POINT('',(0.302552442490978,-0.0362180976874222,0.008763));
#12567=CARTESIAN_POINT('',(0.303008935974517,-0.0366745911709603,0.008763));
#12568=CARTESIAN_POINT('',(0.303008935974517,-0.0366745911709603,0.008763));
#12569=CARTESIAN_POINT('',(0.303027766330713,-0.0366934215271562,0.008763));
#12570=CARTESIAN_POINT('',(0.303046596686908,-0.0367122518833521,0.008763));
#12571=CARTESIAN_POINT('',(0.303046596686908,-0.0367122518833521,0.008763));
#12572=CARTESIAN_POINT('',(0.303474559327725,-0.0371402145241692,0.008763));
#12573=CARTESIAN_POINT('',(0.303537041873285,-0.0375987051666977,0.008763));
#12574=CARTESIAN_POINT('',(0.303537041873285,-0.0375987051666977,0.008763));
#12575=CARTESIAN_POINT('',(0.303537041873285,-0.0375987051666977,0.008763));
#12576=CARTESIAN_POINT('',(0.303599524418845,-0.0380571958092263,0.008763));
#12577=CARTESIAN_POINT('',(0.303244600735393,-0.0384121194926772,0.008763));
#12578=CARTESIAN_POINT('',(0.303244600735393,-0.0384121194926772,0.008763));
#12579=CARTESIAN_POINT('',(0.302612674704289,-0.03780689649365,0.008763));
#12580=CARTESIAN_POINT('',(0.302919160249132,-0.0386255086839922,0.008763));
#12581=CARTESIAN_POINT('',(0.30266185058791,-0.0378865391445393,0.008763));
#12582=CARTESIAN_POINT('',(0.302552442490978,-0.0386614790580599,0.008763));
#12583=CARTESIAN_POINT('',(0.302831474132791,-0.0389405106998726,0.008763));
#12584=CARTESIAN_POINT('',(0.303110505774604,-0.0392195423416853,0.008763));
#12585=CARTESIAN_POINT('',(0.303263145783162,-0.0391205403174429,0.008763));
#12586=CARTESIAN_POINT('',(0.30341578579172,-0.0390215382932006,0.008763));
#12587=CARTESIAN_POINT('',(0.303572705426687,-0.0391784579281668,0.008763));
#12588=CARTESIAN_POINT('',(0.303729625061653,-0.039335377563133,0.008763));
#12589=CARTESIAN_POINT('',(0.303218637668517,-0.0398463649562686,0.008763));
#12590=CARTESIAN_POINT('',(0.302707650275381,-0.040357352349404,0.008763));
#12591=CARTESIAN_POINT('',(0.302550730640415,-0.0402004327144378,0.008763));
#12592=CARTESIAN_POINT('',(0.302393811005449,-0.0400435130794716,0.008763));
#12593=CARTESIAN_POINT('',(0.302492813029692,-0.0398908730709135,0.008763));
#12594=CARTESIAN_POINT('',(0.302591815053934,-0.0397382330623554,0.008763));
#12595=CARTESIAN_POINT('',(0.301623478251978,-0.0387698962604002,0.008763));
#12596=CARTESIAN_POINT('',(0.300041728331519,-0.0379949985720942,0.008763));
#12597=CARTESIAN_POINT('',(0.299884808696553,-0.0378380789371281,0.008763));
#12598=CARTESIAN_POINT('',(0.300198647966485,-0.0381519182070605,0.008763));
#12599=CARTESIAN_POINT('',(0.300121899999566,-0.0382554851661382,0.008763));
#12600=CARTESIAN_POINT('',(0.300045152032645,-0.0383590521252159,0.008763));
#12601=CARTESIAN_POINT('',(0.300629178383147,-0.0396523552257649,0.008763));
#12602=CARTESIAN_POINT('',(0.301212895384538,-0.0409457962641515,0.008763));
#12603=CARTESIAN_POINT('',(0.299871767839552,-0.0415438010007403,0.008763));
#12604=CARTESIAN_POINT('',(0.301339025750049,-0.0415194135734357,0.008763));
#12605=CARTESIAN_POINT('',(0.301339025750049,-0.0415194135734357,0.008763));
#12606=CARTESIAN_POINT('',(0.30133988167533,-0.0418004423742389,0.008763));
#12607=CARTESIAN_POINT('',(0.301057996949246,-0.0420823271003237,0.008763));
#12608=CARTESIAN_POINT('',(0.301057996949246,-0.0420823271003237,0.008763));
#12609=CARTESIAN_POINT('',(0.30038220191818,-0.0414142271498494,0.008763));
#12610=CARTESIAN_POINT('',(0.300923443934708,-0.0421952344776697,0.008763));
#12611=CARTESIAN_POINT('',(0.298902865808614,-0.039204882480723,0.008763));
#12612=CARTESIAN_POINT('',(0.300756670829205,-0.0423013882493154,0.008763));
#12613=CARTESIAN_POINT('',(0.300596938530872,-0.0420811858666148,0.008763));
#12614=CARTESIAN_POINT('',(0.300437159244689,-0.041860918707805,0.008763));
#12615=CARTESIAN_POINT('',(0.325650068337568,-0.0227381754163744,0.008763));
#12616=CARTESIAN_POINT('',(0.3004962075765,-0.0418161110963119,0.008763));
#12617=CARTESIAN_POINT('',(0.300203120215096,-0.0414198811280801,0.008763));
#12618=CARTESIAN_POINT('',(0.300546153630828,-0.0417736233820811,0.008763));
#12619=CARTESIAN_POINT('',(0.300546153630828,-0.0417736233820811,0.008763));
#12620=CARTESIAN_POINT('',(0.300676254273637,-0.0416435227392727,0.008763));
#12621=CARTESIAN_POINT('',(0.300682531059035,-0.0415105690121922,0.008763));
#12622=CARTESIAN_POINT('',(0.300682531059035,-0.0415105690121922,0.008763));
#12623=CARTESIAN_POINT('',(0.300090106822623,-0.0414874087437253,0.008763));
#12624=CARTESIAN_POINT('',(0.300631632598016,-0.0412452829500152,0.008763));
#12625=CARTESIAN_POINT('',(0.300588093969628,-0.0411428064495168,0.008763));
#12626=CARTESIAN_POINT('',(0.300544441780266,-0.0410403807241479,0.008763));
#12627=CARTESIAN_POINT('',(0.299444292484938,-0.0405519326967621,0.008763));
#12628=CARTESIAN_POINT('',(0.298344143189611,-0.0400634846693763,0.008763));
#12629=CARTESIAN_POINT('',(0.298239720305252,-0.0401393767110146,0.008763));
#12630=CARTESIAN_POINT('',(0.298135297420893,-0.0402152687526528,0.008763));
#12631=CARTESIAN_POINT('',(0.297978377785927,-0.0400583491176865,0.008763));
#12632=CARTESIAN_POINT('',(0.297821458150961,-0.0399014294827203,0.008763));
#12633=CARTESIAN_POINT('',(0.29829421421485,-0.0394286734188312,0.008763));
#12634=CARTESIAN_POINT('',(0.298766970278739,-0.038955917354942,0.008763));
#12635=CARTESIAN_POINT('',(0.298923889913705,-0.0391128369899083,0.008763));
#12636=CARTESIAN_POINT('',(0.299080809548672,-0.0392697566248744,0.008763));
#12637=CARTESIAN_POINT('',(0.298990366777245,-0.0393955776412747,0.008763));
#12638=CARTESIAN_POINT('',(0.298899924005819,-0.0395213986576749,0.008763));
#12639=CARTESIAN_POINT('',(0.299417188184353,-0.0397744672326113,0.008763));
#12640=CARTESIAN_POINT('',(0.299934452362888,-0.0400275358075477,0.008763));
#12641=CARTESIAN_POINT('',(0.300017477115206,-0.0400837415677084,0.008763));
#12642=CARTESIAN_POINT('',(0.300100501867525,-0.040139947327869,0.008763));
#12643=CARTESIAN_POINT('',(0.300106778652924,-0.0401353823930337,0.008763));
#12644=CARTESIAN_POINT('',(0.300113055438322,-0.0401308174581982,0.008763));
#12645=CARTESIAN_POINT('',(0.299809772580196,-0.0395228251998109,0.008763));
#12646=CARTESIAN_POINT('',(0.299506489722071,-0.0389148329414236,0.008763));
#12647=CARTESIAN_POINT('',(0.299380098088816,-0.039005846329704,0.008763));
#12648=CARTESIAN_POINT('',(0.299253706455561,-0.0390968597179844,0.008763));
#12649=CARTESIAN_POINT('',(0.299096786820595,-0.0389399400830182,0.008763));
#12650=CARTESIAN_POINT('',(0.298939867185629,-0.038783020448052,0.008763));
#12651=CARTESIAN_POINT('',(0.299412337941091,-0.03831054969259,0.008763));
#12652=CARTESIAN_POINT('',(0.304255448493003,-0.034314234552641,0.008763));
#12653=CARTESIAN_POINT('',(0.304013221638301,-0.0340771432496283,0.008763));
#12654=CARTESIAN_POINT('',(0.304497675347705,-0.0345513258556536,0.008763));
#12655=CARTESIAN_POINT('',(0.304323066590252,-0.0347259346131069,0.008763));
#12656=CARTESIAN_POINT('',(0.304148457832799,-0.0349005433705603,0.008763));
#12657=CARTESIAN_POINT('',(0.304000382759076,-0.0348078181317166,0.008763));
#12658=CARTESIAN_POINT('',(0.303851839719746,-0.0347147998428258,0.008763));
#12659=CARTESIAN_POINT('',(0.303940178530139,-0.0353603503173222,0.008763));
#12660=CARTESIAN_POINT('',(0.303646338131339,-0.034778473953847,0.008763));
#12661=CARTESIAN_POINT('',(0.303983358686456,-0.0354591176885593,0.008763));
#12662=CARTESIAN_POINT('',(0.303438610465897,-0.0349290742132814,0.008763));
#12663=CARTESIAN_POINT('',(0.303438610465897,-0.0349290742132814,0.008763));
#12664=CARTESIAN_POINT('',(0.303301091803981,-0.0350665928751972,0.008763));
#12665=CARTESIAN_POINT('',(0.303282546756212,-0.0352083911635213,0.008763));
#12666=CARTESIAN_POINT('',(0.303282546756212,-0.0352083911635213,0.008763));
#12667=CARTESIAN_POINT('',(0.303543099605085,-0.035256187739574,0.008763));
#12668=CARTESIAN_POINT('',(0.303356344956959,-0.0354427260557123,0.008763));
#12669=CARTESIAN_POINT('',(0.303531631131125,-0.0352673860408783,0.008763));
#12670=CARTESIAN_POINT('',(0.303578982212085,-0.0355116740216469,0.008763));
#12671=CARTESIAN_POINT('',(0.303578982212085,-0.0355116740216469,0.008763));
#12672=CARTESIAN_POINT('',(0.303713647789729,-0.0354928436654509,0.008763));
#12673=CARTESIAN_POINT('',(0.303988114496706,-0.0353073931877636,0.008763));
#12674=CARTESIAN_POINT('',(0.303988114496706,-0.0353073931877636,0.008763));
#12675=CARTESIAN_POINT('',(0.303988114496706,-0.0353073931877636,0.008763));
#12676=CARTESIAN_POINT('',(0.304417788988087,-0.035020372909989,0.008763));
#12677=CARTESIAN_POINT('',(0.304728775173747,-0.0349855652818692,0.008763));
#12678=CARTESIAN_POINT('',(0.304728775173747,-0.0349855652818692,0.008763));
#12679=CARTESIAN_POINT('',(0.304728775173747,-0.0349855652818692,0.008763));
#12680=CARTESIAN_POINT('',(0.305039761359407,-0.0349507576537494,0.008763));
#12681=CARTESIAN_POINT('',(0.305282273522537,-0.035193269816879,0.008763));
#12682=CARTESIAN_POINT('',(0.305282273522537,-0.035193269816879,0.008763));
#12683=CARTESIAN_POINT('',(0.305282273522537,-0.035193269816879,0.008763));
#12684=CARTESIAN_POINT('',(0.305542474808153,-0.0354534711024958,0.008763));
#12685=CARTESIAN_POINT('',(0.305483986580575,-0.0358423464887848,0.008763));
#12686=CARTESIAN_POINT('',(0.305483986580575,-0.0358423464887848,0.008763));
#12687=CARTESIAN_POINT('',(0.305483986580575,-0.0358423464887848,0.008763));
#12688=CARTESIAN_POINT('',(0.305425498352997,-0.0362312218750738,0.008763));
#12689=CARTESIAN_POINT('',(0.305059732949312,-0.0365969872787587,0.008763));
#12690=CARTESIAN_POINT('',(0.305059732949312,-0.0365969872787587,0.008763));
#12691=CARTESIAN_POINT('',(0.303814703432154,-0.0353825931708448,0.008763));
#12692=CARTESIAN_POINT('',(0.304585612837984,-0.0369406229990494,0.008763));
#12693=CARTESIAN_POINT('',(0.303928728854412,-0.0355955003442878,0.008763));
#12694=CARTESIAN_POINT('',(0.304068149761795,-0.0370855807216425,0.008763));
#12695=CARTESIAN_POINT('',(0.303848883984227,-0.036871453985736,0.008763));
#12696=CARTESIAN_POINT('',(0.303629767112128,-0.0366574726653276,0.008763));
#12697=CARTESIAN_POINT('',(0.30381179388869,-0.0364754458887667,0.008763));
#12698=CARTESIAN_POINT('',(0.303993820665251,-0.0362934191122059,0.008763));
#12699=CARTESIAN_POINT('',(0.304155019926625,-0.0363832912667775,0.008763));
#12700=CARTESIAN_POINT('',(0.304316258912116,-0.0364734775903977,0.008763));
#12701=CARTESIAN_POINT('',(0.304263114130732,-0.0360531675463463,0.008763));
#12702=CARTESIAN_POINT('',(0.30450066049455,-0.0364047510611287,0.008763));
#12703=CARTESIAN_POINT('',(0.303953643308815,-0.0355290546100809,0.008763));
#12704=CARTESIAN_POINT('',(0.304687120143374,-0.0362563290166684,0.008763));
#12705=CARTESIAN_POINT('',(0.304687120143374,-0.0362563290166684,0.008763));
#12706=CARTESIAN_POINT('',(0.304845751628903,-0.036097697531139,0.008763));
#12707=CARTESIAN_POINT('',(0.30487171469578,-0.0359576110933782,0.008763));
#12708=CARTESIAN_POINT('',(0.30487171469578,-0.0359576110933782,0.008763));
#12709=CARTESIAN_POINT('',(0.304625600651674,-0.0359017622023577,0.008763));
#12710=CARTESIAN_POINT('',(0.304799531663695,-0.0357193785566568,0.008763));
#12711=CARTESIAN_POINT('',(0.304799531663695,-0.0357193785566568,0.008763));
#12712=CARTESIAN_POINT('',(0.304713939135531,-0.0356337860284933,0.008763));
#12713=CARTESIAN_POINT('',(0.304567575912372,-0.0356551841605342,0.008763));
#12714=CARTESIAN_POINT('',(0.304567575912372,-0.0356551841605342,0.008763));
#12715=CARTESIAN_POINT('',(0.304567575912372,-0.0356551841605342,0.008763));
#12716=CARTESIAN_POINT('',(0.304421212689213,-0.0356765822925751,0.008763));
#12717=CARTESIAN_POINT('',(0.304148457832799,-0.035853473517446,0.008763));
#12718=CARTESIAN_POINT('',(0.304148457832799,-0.035853473517446,0.008763));
#12719=CARTESIAN_POINT('',(0.304148457832799,-0.035853473517446,0.008763));
#12720=CARTESIAN_POINT('',(0.303738754931324,-0.0361239459064424,0.008763));
#12721=CARTESIAN_POINT('',(0.303428339362518,-0.0361616066188343,0.008763));
#12722=CARTESIAN_POINT('',(0.303428339362518,-0.0361616066188343,0.008763));
#12723=CARTESIAN_POINT('',(0.303428339362518,-0.0361616066188343,0.008763));
#12724=CARTESIAN_POINT('',(0.303117923793711,-0.0361992673312262,0.008763));
#12725=CARTESIAN_POINT('',(0.302882259032835,-0.0359636025703496,0.008763));
#12726=CARTESIAN_POINT('',(0.302882259032835,-0.0359636025703496,0.008763));
#12727=CARTESIAN_POINT('',(0.302882259032835,-0.0359636025703496,0.008763));
#12728=CARTESIAN_POINT('',(0.302639746869705,-0.03572109040722,0.008763));
#12729=CARTESIAN_POINT('',(0.302663712777591,-0.0353456245170099,0.008763));
#12730=CARTESIAN_POINT('',(0.302663712777591,-0.0353456245170099,0.008763));
#12731=CARTESIAN_POINT('',(0.302663712777591,-0.0353456245170099,0.008763));
#12732=CARTESIAN_POINT('',(0.302687678685477,-0.0349701586267998,0.008763));
#12733=CARTESIAN_POINT('',(0.303056867790289,-0.0346009695219884,0.008763));
#12734=CARTESIAN_POINT('',(0.303056867790289,-0.0346009695219884,0.008763));
#12735=CARTESIAN_POINT('',(0.304526558395379,-0.0360510546003459,0.008763));
#12736=CARTESIAN_POINT('',(0.303543033350257,-0.0342363453520123,0.008763));
#12737=CARTESIAN_POINT('',(0.303543033350257,-0.0342363453520123,0.008763));
#12738=CARTESIAN_POINT('',(0.303804375869582,-0.0340965442226787,0.008763));
#12739=CARTESIAN_POINT('',(0.304013221638301,-0.0340771432496283,0.008763));
#12740=CARTESIAN_POINT('',(0.30846888334606,-0.0291033614380533,0.008763));
#12741=CARTESIAN_POINT('',(0.30862951199058,-0.0289427327935334,0.008763));
#12742=CARTESIAN_POINT('',(0.30830825470154,-0.0292639900825734,0.008763));
#12743=CARTESIAN_POINT('',(0.308197840340209,-0.0291997956864508,0.008763));
#12744=CARTESIAN_POINT('',(0.308087425978879,-0.0291356012903282,0.008763));
#12745=CARTESIAN_POINT('',(0.307737923155545,-0.0294851041136621,0.008763));
#12746=CARTESIAN_POINT('',(0.30738842033221,-0.029834606936996,0.008763));
#12747=CARTESIAN_POINT('',(0.307651474702099,-0.0301707002642509,0.008763));
#12748=CARTESIAN_POINT('',(0.307914272523963,-0.0305064658173545,0.008763));
#12749=CARTESIAN_POINT('',(0.308811781450879,-0.0306585046325112,0.008763));
#12750=CARTESIAN_POINT('',(0.3080009824129,-0.0302440275854773,0.008763));
#12751=CARTESIAN_POINT('',(0.308933014422584,-0.030717848820623,0.008763));
#12752=CARTESIAN_POINT('',(0.308188995778966,-0.0299823967022914,0.008763));
#12753=CARTESIAN_POINT('',(0.308188995778966,-0.0299823967022914,0.008763));
#12754=CARTESIAN_POINT('',(0.308558184883777,-0.0296029364941004,0.008763));
#12755=CARTESIAN_POINT('',(0.308995277394265,-0.0296297554862582,0.008763));
#12756=CARTESIAN_POINT('',(0.308995277394265,-0.0296297554862582,0.008763));
#12757=CARTESIAN_POINT('',(0.308995277394265,-0.0296297554862582,0.008763));
#12758=CARTESIAN_POINT('',(0.309432369904752,-0.0296565744784161,0.008763));
#12759=CARTESIAN_POINT('',(0.309846067124209,-0.0300702716978725,0.008763));
#12760=CARTESIAN_POINT('',(0.309846067124209,-0.0300702716978725,0.008763));
#12761=CARTESIAN_POINT('',(0.309846067124209,-0.0300702716978725,0.008763));
#12762=CARTESIAN_POINT('',(0.31022039178071,-0.0304445963543737,0.008763));
#12763=CARTESIAN_POINT('',(0.310242645838032,-0.0309182083435445,0.008763));
#12764=CARTESIAN_POINT('',(0.310242645838032,-0.0309182083435445,0.008763));
#12765=CARTESIAN_POINT('',(0.310242645838032,-0.0309182083435445,0.008763));
#12766=CARTESIAN_POINT('',(0.310264899895355,-0.0313918203327153,0.008763));
#12767=CARTESIAN_POINT('',(0.309840931572519,-0.0318157886555514,0.008763));
#12768=CARTESIAN_POINT('',(0.309840931572519,-0.0318157886555514,0.008763));
#12769=CARTESIAN_POINT('',(0.309840931572519,-0.0318157886555514,0.008763));
#12770=CARTESIAN_POINT('',(0.309484296038505,-0.0321724241895655,0.008763));
#12771=CARTESIAN_POINT('',(0.309033794031938,-0.0322320536508527,0.008763));
#12772=CARTESIAN_POINT('',(0.309033794031938,-0.0322320536508527,0.008763));
#12773=CARTESIAN_POINT('',(0.309033794031938,-0.0322320536508527,0.008763));
#12774=CARTESIAN_POINT('',(0.308583292025371,-0.0322916831121399,0.008763));
#12775=CARTESIAN_POINT('',(0.308249481165534,-0.03194075374667,0.008763));
#12776=CARTESIAN_POINT('',(0.308249481165534,-0.03194075374667,0.008763));
#12777=CARTESIAN_POINT('',(0.308247198698117,-0.0319344769612713,0.008763));
#12778=CARTESIAN_POINT('',(0.308244916230699,-0.0319282001758726,0.008763));
#12779=CARTESIAN_POINT('',(0.308482007533712,-0.0316660017312655,0.008763));
#12780=CARTESIAN_POINT('',(0.308719098836724,-0.0314038032866582,0.008763));
#12781=CARTESIAN_POINT('',(0.308719098836724,-0.0314038032866582,0.008763));
#12782=CARTESIAN_POINT('',(0.308891995743614,-0.0315767001935483,0.008763));
#12783=CARTESIAN_POINT('',(0.309087146707827,-0.0315761295766939,0.008763));
#12784=CARTESIAN_POINT('',(0.309087146707827,-0.0315761295766939,0.008763));
#12785=CARTESIAN_POINT('',(0.309087146707827,-0.0315761295766939,0.008763));
#12786=CARTESIAN_POINT('',(0.309282297672039,-0.0315755589598395,0.008763));
#12787=CARTESIAN_POINT('',(0.309441499774424,-0.0314163568574556,0.008763));
#12788=CARTESIAN_POINT('',(0.309441499774424,-0.0314163568574556,0.008763));
#12789=CARTESIAN_POINT('',(0.309441499774424,-0.0314163568574556,0.008763));
#12790=CARTESIAN_POINT('',(0.309622955934129,-0.0312349006977491,0.008763));
#12791=CARTESIAN_POINT('',(0.309580159670048,-0.0310169250593597,0.008763));
#12792=CARTESIAN_POINT('',(0.309580159670048,-0.0310169250593597,0.008763));
#12793=CARTESIAN_POINT('',(0.309580159670048,-0.0310169250593597,0.008763));
#12794=CARTESIAN_POINT('',(0.309537363405966,-0.0307989494209703,0.008763));
#12795=CARTESIAN_POINT('',(0.309330800104666,-0.0305923861196692,0.008763));
#12796=CARTESIAN_POINT('',(0.309330800104666,-0.0305923861196692,0.008763));
#12797=CARTESIAN_POINT('',(0.309330800104666,-0.0305923861196692,0.008763));
#12798=CARTESIAN_POINT('',(0.309105977064023,-0.0303675630790267,0.008763));
#12799=CARTESIAN_POINT('',(0.308877730322254,-0.030324766814945,0.008763));
#12800=CARTESIAN_POINT('',(0.308877730322254,-0.030324766814945,0.008763));
#12801=CARTESIAN_POINT('',(0.308877730322254,-0.030324766814945,0.008763));
#12802=CARTESIAN_POINT('',(0.308649483580484,-0.0302819705508633,0.008763));
#12803=CARTESIAN_POINT('',(0.30846574495336,-0.0304657091779874,0.008763));
#12804=CARTESIAN_POINT('',(0.30846574495336,-0.0304657091779874,0.008763));
#12805=CARTESIAN_POINT('',(0.30846574495336,-0.0304657091779874,0.008763));
#12806=CARTESIAN_POINT('',(0.308317384571211,-0.0306140695601373,0.008763));
#12807=CARTESIAN_POINT('',(0.308293418663325,-0.030748735137781,0.008763));
#12808=CARTESIAN_POINT('',(0.308293418663325,-0.030748735137781,0.008763));
#12809=CARTESIAN_POINT('',(0.308711728798585,-0.0308239021612821,0.008763));
#12810=CARTESIAN_POINT('',(0.308330103775476,-0.0310110736964015,0.008763));
#12811=CARTESIAN_POINT('',(0.308084858203033,-0.0312260561365056,0.008763));
#12812=CARTESIAN_POINT('',(0.307839778264059,-0.0314408933821957,0.008763));
#12813=CARTESIAN_POINT('',(0.307191557517435,-0.0306431710197128,0.008763));
#12814=CARTESIAN_POINT('',(0.306543336770811,-0.02984544865723,0.008763));
#12815=CARTESIAN_POINT('',(0.307290559541677,-0.0290982258863636,0.008763));
#12816=CARTESIAN_POINT('',(0.308037782312543,-0.0283510031154971,0.008763));
#12817=CARTESIAN_POINT('',(0.308333647151561,-0.0286468679545153,0.008763));
#12818=CARTESIAN_POINT('',(0.306378713808309,-0.0304112152683901,0.008763));
#12819=CARTESIAN_POINT('',(0.30617814198398,-0.0302106434440605,0.008763));
#12820=CARTESIAN_POINT('',(0.306579285632639,-0.0306117870927197,0.008763));
#12821=CARTESIAN_POINT('',(0.306579285632639,-0.0306117870927196,0.008763));
#12822=CARTESIAN_POINT('',(0.306650612739442,-0.0315173560406884,0.008763));
#12823=CARTESIAN_POINT('',(0.306920799820012,-0.0320928231383736,0.008763));
#12824=CARTESIAN_POINT('',(0.306920799820012,-0.0320928231383736,0.008763));
#12825=CARTESIAN_POINT('',(0.306920799820012,-0.0320928231383736,0.008763));
#12826=CARTESIAN_POINT('',(0.30719098690058,-0.0326682902360588,0.008763));
#12827=CARTESIAN_POINT('',(0.307722231192048,-0.0333307764040435,0.008763));
#12828=CARTESIAN_POINT('',(0.307722231192048,-0.0333307764040435,0.008763));
#12829=CARTESIAN_POINT('',(0.307841775423049,-0.0334754277766397,0.008763));
#12830=CARTESIAN_POINT('',(0.307961319654051,-0.0336200791492358,0.008763));
#12831=CARTESIAN_POINT('',(0.307700833060007,-0.0338805657432797,0.008763));
#12832=CARTESIAN_POINT('',(0.307440346465963,-0.0341410523373237,0.008763));
#12833=CARTESIAN_POINT('',(0.307320802234961,-0.0339964009647276,0.008763));
#12834=CARTESIAN_POINT('',(0.30720125800396,-0.0338517495921314,0.008763));
#12835=CARTESIAN_POINT('',(0.30720125800396,-0.0338517495921314,0.008763));
#12836=CARTESIAN_POINT('',(0.306689414685543,-0.0332189355005767,0.008763));
#12837=CARTESIAN_POINT('',(0.30641038304373,-0.0325404720606682,0.008763));
#12838=CARTESIAN_POINT('',(0.30641038304373,-0.0325404720606682,0.008763));
#12839=CARTESIAN_POINT('',(0.310645759263462,-0.0308043397976166,0.008763));
#12840=CARTESIAN_POINT('',(0.306078284034456,-0.0311127886909027,0.008763));
#12841=CARTESIAN_POINT('',(0.305620934625636,-0.0315701380997225,0.008763));
#12842=CARTESIAN_POINT('',(0.305163585216817,-0.0320274875085422,0.008763));
#12843=CARTESIAN_POINT('',(0.30528198821411,-0.0321658620957397,0.008763));
#12844=CARTESIAN_POINT('',(0.305400391211402,-0.0323042366829372,0.008763));
#12845=CARTESIAN_POINT('',(0.305200675312354,-0.0325039525819851,0.008763));
#12846=CARTESIAN_POINT('',(0.305000959413307,-0.032703668481033,0.008763));
#12847=CARTESIAN_POINT('',(0.304671998796732,-0.0323747078644584,0.008763));
#12848=CARTESIAN_POINT('',(0.304343038180157,-0.0320457472478838,0.008763));
#12849=CARTESIAN_POINT('',(0.305260590082069,-0.0311281953459721,0.008763));
#12850=CARTESIAN_POINT('',(0.340492,-0.14397,0.006223));
#12851=CARTESIAN_POINT('',(0.340492,-0.14397,0.010033));
#12852=CARTESIAN_POINT('',(0.340492,-0.1554,0.010033));
#12853=CARTESIAN_POINT('',(0.351922,-0.14397,0.010033));
#12854=CARTESIAN_POINT('',(0.340492,-0.1554,0.006223));
#12855=CARTESIAN_POINT('',(0.340492,-0.1554,0.006223));
#12856=CARTESIAN_POINT('',(0.340492,-0.14397,0.006223));
#12857=CARTESIAN_POINT('',(0.351922,-0.14397,0.006223));
#12858=CARTESIAN_POINT('',(0.351922,-0.14397,0.006223));
#12859=CARTESIAN_POINT('',(0.296159239876417,-0.105641308007152,0.011303));
#12860=CARTESIAN_POINT('',(0.296159239876417,-0.124715338393812,0.008763));
#12861=CARTESIAN_POINT('',(0.296159239876417,-0.118357328285967,0.008763));
#12862=CARTESIAN_POINT('',(0.296159239876417,-0.111999318178122,0.008763));
#12863=CARTESIAN_POINT('',(0.296159239876417,-0.105641308070277,0.008763));
#12864=CARTESIAN_POINT('',(0.296159239813292,-0.105641308070277,0.00876299987557529));
#12865=CARTESIAN_POINT('',(0.296159239939543,-0.124715338393812,0.00876299987557531));
#12866=CARTESIAN_POINT('',(0.296159239876417,-0.105641308007152,0.011303));
#12867=CARTESIAN_POINT('',(0.296159239876417,-0.105641308007152,0.006223));
#12868=CARTESIAN_POINT('',(0.296159239876417,-0.07451,0.006223));
#12869=CARTESIAN_POINT('',(0.296159239876417,-0.124715338456937,0.006223));
#12870=CARTESIAN_POINT('',(0.296159239876417,-0.124715338456937,0.011303));
#12871=CARTESIAN_POINT('',(0.296159239876417,-0.124715338456937,0.011303));
#12872=CARTESIAN_POINT('',(0.314733254985042,-0.124715338456937,0.008763));
#12873=CARTESIAN_POINT('',(0.308541916636543,-0.124715338456937,0.008763));
#12874=CARTESIAN_POINT('',(0.302350578288043,-0.124715338456937,0.008763));
#12875=CARTESIAN_POINT('',(0.296159239939543,-0.124715338456937,0.008763));
#12876=CARTESIAN_POINT('',(0.314733254985042,-0.124715338520062,0.00876299987557533));
#12877=CARTESIAN_POINT('',(0.170242,-0.124715338456937,0.006223));
#12878=CARTESIAN_POINT('',(0.314733255048167,-0.124715338456937,0.006223));
#12879=CARTESIAN_POINT('',(0.314733255048167,-0.124715338456937,0.011303));
#12880=CARTESIAN_POINT('',(0.314733255048167,-0.124715338456937,0.011303));
#12881=CARTESIAN_POINT('',(0.314733255048167,-0.144812996321292,0.008763));
#12882=CARTESIAN_POINT('',(0.314733255048167,-0.138113777054215,0.008763));
#12883=CARTESIAN_POINT('',(0.314733255048167,-0.131414557787139,0.008763));
#12884=CARTESIAN_POINT('',(0.314733255048167,-0.124715338520062,0.008763));
#12885=CARTESIAN_POINT('',(0.314733254985042,-0.144812996321292,0.00876299987557533));
#12886=CARTESIAN_POINT('',(0.314733255048167,-0.07451,0.006223));
#12887=CARTESIAN_POINT('',(0.314733255048167,-0.144812996384417,0.006223));
#12888=CARTESIAN_POINT('',(0.314733255048167,-0.144812996384417,0.011303));
#12889=CARTESIAN_POINT('',(0.276561581948935,-0.105641308007152,0.011303));
#12890=CARTESIAN_POINT('',(0.296159239813292,-0.105641308007152,0.008763));
#12891=CARTESIAN_POINT('',(0.289626687212881,-0.105641308007152,0.008763));
#12892=CARTESIAN_POINT('',(0.283094134612471,-0.105641308007152,0.008763));
#12893=CARTESIAN_POINT('',(0.27656158201206,-0.105641308007152,0.008763));
#12894=CARTESIAN_POINT('',(0.27656158201206,-0.105641308070277,0.00876299987557528));
#12895=CARTESIAN_POINT('',(0.276561581948935,-0.105641308007152,0.011303));
#12896=CARTESIAN_POINT('',(0.276561581948935,-0.105641308007152,0.006223));
#12897=CARTESIAN_POINT('',(0.170242,-0.105641308007152,0.006223));
#12898=CARTESIAN_POINT('',(0.286622232290541,-0.0198081848288371,0.011303));
#12899=CARTESIAN_POINT('',(0.286622232290541,-0.07451,0.006223));
#12900=CARTESIAN_POINT('',(0.286622232290541,-0.0399058422788782,0.006223));
#12901=CARTESIAN_POINT('',(0.286622232290541,-0.0198081848288371,0.006223));
#12902=CARTESIAN_POINT('',(0.286622232290541,-0.0399058422788782,0.011303));
#12903=CARTESIAN_POINT('',(0.286622232165556,-0.0399058422788782,0.008763));
#12904=CARTESIAN_POINT('',(0.286622232290541,-0.0399058422788782,0.008763));
#12905=CARTESIAN_POINT('',(0.286622232290541,-0.0399058422788782,0.0093616837414046));
#12906=CARTESIAN_POINT('',(0.286622232290541,-0.0400208370701389,0.0104159403419176));
#12907=CARTESIAN_POINT('',(0.286622232290541,-0.0403850414138977,0.0111976302614172));
#12908=CARTESIAN_POINT('',(0.286622232290541,-0.0405780397176675,0.011303));
#12909=CARTESIAN_POINT('',(0.286622232290541,-0.0406678422788782,0.011303));
#12910=CARTESIAN_POINT('',(0.286622232290541,-0.0190461848288371,0.011303));
#12911=CARTESIAN_POINT('',(0.286622232290541,-0.0191359873900478,0.011303));
#12912=CARTESIAN_POINT('',(0.286622232290541,-0.0193289866710403,0.0111976284102609));
#12913=CARTESIAN_POINT('',(0.286622232290541,-0.0196931938545313,0.0104159331830998));
#12914=CARTESIAN_POINT('',(0.286622232290541,-0.0198081848288371,0.0093616837414046));
#12915=CARTESIAN_POINT('',(0.286622232290541,-0.0198081848288371,0.008763));
#12916=CARTESIAN_POINT('',(0.286622232248457,-0.0198081848288371,0.00876299995850964));
#12917=CARTESIAN_POINT('',(0.286622232290541,-0.0198081848288371,0.011303));
#12918=CARTESIAN_POINT('',(0.321837471813482,-0.118766175006552,0.011303));
#12919=CARTESIAN_POINT('',(0.301739813949127,-0.118766175006552,0.008763));
#12920=CARTESIAN_POINT('',(0.308439033236617,-0.118766175006552,0.008763));
#12921=CARTESIAN_POINT('',(0.315138252524107,-0.118766175006552,0.008763));
#12922=CARTESIAN_POINT('',(0.321837471811597,-0.118766175006552,0.008763));
#12923=CARTESIAN_POINT('',(0.321837471811597,-0.118766174991244,0.00876299987558563));
#12924=CARTESIAN_POINT('',(0.301739813949128,-0.118766174943427,0.0087629998755035));
#12925=CARTESIAN_POINT('',(0.321837471813482,-0.118766175006552,0.011303));
#12926=CARTESIAN_POINT('',(0.321837471813482,-0.118766175006552,0.006223));
#12927=CARTESIAN_POINT('',(0.170242,-0.118766175006552,0.006223));
#12928=CARTESIAN_POINT('',(0.301739813886003,-0.118766175006552,0.006223));
#12929=CARTESIAN_POINT('',(0.301739813886003,-0.118766175006552,0.011303));
#12930=CARTESIAN_POINT('',(0.285533855656282,-0.101896935867053,0.011303));
#12931=CARTESIAN_POINT('',(0.268843825078519,-0.101896935867053,0.008763));
#12932=CARTESIAN_POINT('',(0.274407168583399,-0.101896935867053,0.008763));
#12933=CARTESIAN_POINT('',(0.279970512088278,-0.101896935867053,0.008763));
#12934=CARTESIAN_POINT('',(0.285533855593157,-0.101896935867053,0.008763));
#12935=CARTESIAN_POINT('',(0.285533855593158,-0.101896935803928,0.00876299987557527));
#12936=CARTESIAN_POINT('',(0.26884382507852,-0.10189693593018,0.00876299987557527));
#12937=CARTESIAN_POINT('',(0.285533855656282,-0.101896935867053,0.011303));
#12938=CARTESIAN_POINT('',(0.285533855656282,-0.101896935867053,0.006223));
#12939=CARTESIAN_POINT('',(0.170242,-0.101896935867053,0.006223));
#12940=CARTESIAN_POINT('',(0.268843825015394,-0.101896935867053,0.006223));
#12941=CARTESIAN_POINT('',(0.268843825015394,-0.101896935867053,0.011303));
#12942=CARTESIAN_POINT('',(0.268843825015394,-0.101896935867053,0.011303));
#12943=CARTESIAN_POINT('',(0.268843825015394,-0.120970958614696,0.008763));
#12944=CARTESIAN_POINT('',(0.268843825015394,-0.114612951053191,0.008763));
#12945=CARTESIAN_POINT('',(0.268843825015394,-0.108254943491685,0.008763));
#12946=CARTESIAN_POINT('',(0.268843825015394,-0.10189693593018,0.008763));
#12947=CARTESIAN_POINT('',(0.268843824952269,-0.120970958614696,0.00876299987557527));
#12948=CARTESIAN_POINT('',(0.268843825015394,-0.07451,0.006223));
#12949=CARTESIAN_POINT('',(0.268843825015394,-0.120970958677821,0.006223));
#12950=CARTESIAN_POINT('',(0.268843825015394,-0.120970958677821,0.011303));
#12951=CARTESIAN_POINT('',(0.268843825015394,-0.120970958677821,0.011303));
#12952=CARTESIAN_POINT('',(0.248474171454095,-0.120970958677821,0.008763));
#12953=CARTESIAN_POINT('',(0.255264055953486,-0.120970958677821,0.008763));
#12954=CARTESIAN_POINT('',(0.262053940452878,-0.120970958677821,0.008763));
#12955=CARTESIAN_POINT('',(0.268843824952269,-0.120970958677821,0.008763));
#12956=CARTESIAN_POINT('',(0.248474171454095,-0.120970958740948,0.00876299987557528));
#12957=CARTESIAN_POINT('',(0.170242,-0.120970958677821,0.006223));
#12958=CARTESIAN_POINT('',(0.24847417139097,-0.120970958677821,0.006223));
#12959=CARTESIAN_POINT('',(0.24847417139097,-0.120970958677821,0.011303));
#12960=CARTESIAN_POINT('',(0.285533855656282,-0.0437000488683749,0.011303));
#12961=CARTESIAN_POINT('',(0.285533855656283,-0.101896935803928,0.008763));
#12962=CARTESIAN_POINT('',(0.285533855656283,-0.0824979735131186,0.008763));
#12963=CARTESIAN_POINT('',(0.285533855656282,-0.0630990112223093,0.008763));
#12964=CARTESIAN_POINT('',(0.285533855656282,-0.0437000489314999,0.008763));
#12965=CARTESIAN_POINT('',(0.285533855593158,-0.0437000489315,0.00876299987557523));
#12966=CARTESIAN_POINT('',(0.285533855656282,-0.0437000488683749,0.011303));
#12967=CARTESIAN_POINT('',(0.285533855656282,-0.0437000488683749,0.006223));
#12968=CARTESIAN_POINT('',(0.285533855656282,-0.07451,0.006223));
#12969=CARTESIAN_POINT('',(0.331491859252696,-0.045269690716022,0.007493));
#12970=CARTESIAN_POINT('',(0.33149182448363,-0.0492698422323088,0.00876299999999998));
#12971=CARTESIAN_POINT('',(0.332539063691988,-0.0492698513348465,0.00876299999999999));
#12972=CARTESIAN_POINT('',(0.334625212062108,-0.0484030886415036,0.008763));
#12973=CARTESIAN_POINT('',(0.335492004792878,-0.0463169527517282,0.00876299999999999));
#12974=CARTESIAN_POINT('',(0.335492010769069,-0.0452697135433478,0.00876299999999998));
#12975=CARTESIAN_POINT('',(0.331491824484746,-0.049269713552843,0.00876299999833418));
#12976=CARTESIAN_POINT('',(0.335491808156832,-0.0452697135422849,0.00876300025000127));
#12977=CARTESIAN_POINT('',(0.335492010769069,-0.0452697135433478,0.00876299999999998));
#12978=CARTESIAN_POINT('',(0.335492016745304,-0.0442224667257927,0.00876299999999999));
#12979=CARTESIAN_POINT('',(0.334625234564079,-0.0421363060501797,0.008763));
#12980=CARTESIAN_POINT('',(0.332539071300765,-0.0412695300970274,0.00876299999999999));
#12981=CARTESIAN_POINT('',(0.331491824483233,-0.0412695391997352,0.00876299999999999));
#12982=CARTESIAN_POINT('',(0.331491824484751,-0.0412697135527908,0.00876299999833418));
#12983=CARTESIAN_POINT('',(0.331491824483233,-0.0412695391997352,0.00876300000000253));
#12984=CARTESIAN_POINT('',(0.331491824483233,-0.0412695391997352,0.00791633333333417));
#12985=CARTESIAN_POINT('',(0.331491824483233,-0.0412695391997352,0.00706966666666581));
#12986=CARTESIAN_POINT('',(0.331491824483233,-0.0412695391997352,0.00622299999999745));
#12987=CARTESIAN_POINT('',(0.331491824484751,-0.0412697135528175,0.00622300000166582));
#12988=CARTESIAN_POINT('',(0.331491859252696,-0.045269690716022,0.006223));
#12989=CARTESIAN_POINT('',(0.331491824484746,-0.0492697135528165,0.00622300000166582));
#12990=CARTESIAN_POINT('',(0.33149182448363,-0.0492698422323088,0.00622299999999744));
#12991=CARTESIAN_POINT('',(0.33149182448363,-0.0492698422323088,0.0070696666666658));
#12992=CARTESIAN_POINT('',(0.33149182448363,-0.0492698422323088,0.00791633333333416));
#12993=CARTESIAN_POINT('',(0.33149182448363,-0.0492698422323088,0.00876300000000252));
#12994=CARTESIAN_POINT('',(0.331491789716798,-0.0262197363896116,0.007493));
#12995=CARTESIAN_POINT('',(0.331491824485867,-0.0222195848733246,0.00876299999999999));
#12996=CARTESIAN_POINT('',(0.330444581472921,-0.0222195757707534,0.00876299999999999));
#12997=CARTESIAN_POINT('',(0.328358425656245,-0.0230851539879071,0.008763));
#12998=CARTESIAN_POINT('',(0.32705824447234,-0.0262197363898316,0.008763));
#12999=CARTESIAN_POINT('',(0.328358425656556,-0.0293543187916271,0.008763));
#13000=CARTESIAN_POINT('',(0.330444581473318,-0.0302198970085738,0.008763));
#13001=CARTESIAN_POINT('',(0.331491824486264,-0.0302198879058986,0.008763));
#13002=CARTESIAN_POINT('',(0.331491824484751,-0.0222197135527906,0.00876299999833418));
#13003=CARTESIAN_POINT('',(0.331491824484746,-0.0302197135528429,0.00876299999833418));
#13004=CARTESIAN_POINT('',(0.331491824486264,-0.0302198879058986,0.00876300000000253));
#13005=CARTESIAN_POINT('',(0.331491824486264,-0.0302198879058986,0.00791633333333417));
#13006=CARTESIAN_POINT('',(0.331491824486264,-0.0302198879058986,0.00706966666666581));
#13007=CARTESIAN_POINT('',(0.331491824486264,-0.0302198879058986,0.00622299999999745));
#13008=CARTESIAN_POINT('',(0.331491824484746,-0.0302197135528164,0.00622300000166582));
#13009=CARTESIAN_POINT('',(0.331491789716798,-0.0262197363896116,0.006223));
#13010=CARTESIAN_POINT('',(0.331491824484751,-0.0222197135528174,0.00622300000166582));
#13011=CARTESIAN_POINT('',(0.331491824485867,-0.0222195848733246,0.00622299999999745));
#13012=CARTESIAN_POINT('',(0.331491824485867,-0.0222195848733246,0.00706966666666581));
#13013=CARTESIAN_POINT('',(0.331491824485867,-0.0222195848733246,0.00791633333333418));
#13014=CARTESIAN_POINT('',(0.331491824485867,-0.0222195848733246,0.00876300000000254));
#13015=CARTESIAN_POINT('',(0.286622232290541,-0.0399058422788782,0.011303));
#13016=CARTESIAN_POINT('',(0.135730471383383,-0.0399058422788782,0.00955880273915273));
#13017=CARTESIAN_POINT('',(0.135730471425466,-0.0399058422788782,0.008763));
#13018=CARTESIAN_POINT('',(0.135730471383383,-0.0399058422788782,0.006223));
#13019=CARTESIAN_POINT('',(0.135730471383383,-0.0399058422788782,0.008763));
#13020=CARTESIAN_POINT('',(0.186027724977441,-0.0399058422788782,0.008763));
#13021=CARTESIAN_POINT('',(0.236324978571499,-0.0399058422788782,0.008763));
#13022=CARTESIAN_POINT('',(0.286622232165556,-0.0399058422788782,0.008763));
#13023=CARTESIAN_POINT('',(0.170242,-0.0399058422788782,0.006223));
#13024=CARTESIAN_POINT('',(0.286622232290541,-0.0406743082917189,0.011303));
#13025=CARTESIAN_POINT('',(0.135730471404424,-0.0406743082917189,0.011303));
#13026=CARTESIAN_POINT('',(0.286622232290541,-0.0405839668961048,0.011303));
#13027=CARTESIAN_POINT('',(0.135730471404424,-0.0405839668961048,0.011303));
#13028=CARTESIAN_POINT('',(0.286622232290541,-0.0403904274535099,0.0112061254673542));
#13029=CARTESIAN_POINT('',(0.135730471404425,-0.0403904274535099,0.0112061254673542));
#13030=CARTESIAN_POINT('',(0.286622232290541,-0.0400224485032652,0.010426092281451));
#13031=CARTESIAN_POINT('',(0.135730471404424,-0.0400224485032652,0.010426092281451));
#13032=CARTESIAN_POINT('',(0.286622232290541,-0.0399058422788782,0.00936527597076056));
#13033=CARTESIAN_POINT('',(0.135730471404424,-0.0399058422788782,0.00936527597076056));
#13034=CARTESIAN_POINT('',(0.286622232290541,-0.0399058422788782,0.008763));
#13035=CARTESIAN_POINT('',(0.135730471404424,-0.0399058422788782,0.008763));
#13036=CARTESIAN_POINT('',(0.135730471383383,-0.0406678422788783,0.011303));
#13037=CARTESIAN_POINT('',(0.135730471383383,-0.0405780397176676,0.011303));
#13038=CARTESIAN_POINT('',(0.135730471383383,-0.0403850414138977,0.0111976302614172));
#13039=CARTESIAN_POINT('',(0.135730471383383,-0.040020837070139,0.0104159403419176));
#13040=CARTESIAN_POINT('',(0.135730471383383,-0.0399058422788783,0.00936168374140461));
#13041=CARTESIAN_POINT('',(0.135730471383383,-0.0399058422788783,0.008763));
#13042=CARTESIAN_POINT('',(0.24847417139097,-0.120970958677821,0.011303));
#13043=CARTESIAN_POINT('',(0.24847417139097,-0.140044989064482,0.008763));
#13044=CARTESIAN_POINT('',(0.24847417139097,-0.133686978956637,0.008763));
#13045=CARTESIAN_POINT('',(0.24847417139097,-0.127328968848792,0.008763));
#13046=CARTESIAN_POINT('',(0.24847417139097,-0.120970958740948,0.008763));
#13047=CARTESIAN_POINT('',(0.248474171327844,-0.140044989064482,0.00876299987552896));
#13048=CARTESIAN_POINT('',(0.24847417139097,-0.07451,0.006223));
#13049=CARTESIAN_POINT('',(0.24847417139097,-0.140044989127607,0.006223));
#13050=CARTESIAN_POINT('',(0.24847417139097,-0.140044989127607,0.011303));
#13051=CARTESIAN_POINT('',(0.24847417139097,-0.140044989127607,0.011303));
#13052=CARTESIAN_POINT('',(0.135730471383383,-0.140044989127607,0.00955880273915273));
#13053=CARTESIAN_POINT('',(0.135730471425466,-0.140044989127607,0.008763));
#13054=CARTESIAN_POINT('',(0.135730471383383,-0.140044989127607,0.006223));
#13055=CARTESIAN_POINT('',(0.135730471383383,-0.140044989127607,0.008763));
#13056=CARTESIAN_POINT('',(0.173311704698203,-0.140044989127607,0.008763));
#13057=CARTESIAN_POINT('',(0.210892938013024,-0.140044989127607,0.008763));
#13058=CARTESIAN_POINT('',(0.248474171327845,-0.140044989127607,0.008763));
#13059=CARTESIAN_POINT('',(0.170242,-0.140044989127607,0.006223));
#13060=CARTESIAN_POINT('',(0.269732614852284,-0.121732958677821,0.011303));
#13061=CARTESIAN_POINT('',(0.248347381469729,-0.121732958677821,0.011303));
#13062=CARTESIAN_POINT('',(0.269732614852284,-0.12164315611661,0.011303));
#13063=CARTESIAN_POINT('',(0.248347381469729,-0.12164315611661,0.011303));
#13064=CARTESIAN_POINT('',(0.269732614852284,-0.12145016013119,0.0111976346527309));
#13065=CARTESIAN_POINT('',(0.248347381469729,-0.12145016013119,0.0111976346527309));
#13066=CARTESIAN_POINT('',(0.269732614852284,-0.121085962482409,0.0104159572468239));
#13067=CARTESIAN_POINT('',(0.248347381469729,-0.121085962482409,0.0104159572468239));
#13068=CARTESIAN_POINT('',(0.269732614852284,-0.120970958677821,0.00936168374140467));
#13069=CARTESIAN_POINT('',(0.248347381469729,-0.120970958677821,0.00936168374140467));
#13070=CARTESIAN_POINT('',(0.269732614852284,-0.120970958677821,0.008763));
#13071=CARTESIAN_POINT('',(0.248347381469729,-0.120970958677821,0.008763));
#13072=CARTESIAN_POINT('',(0.24847417139097,-0.120970958677821,0.008763));
#13073=CARTESIAN_POINT('',(0.24847417139097,-0.120970958677821,0.0090515788368811));
#13074=CARTESIAN_POINT('',(0.248500709142619,-0.120997183940247,0.00952252308179744));
#13075=CARTESIAN_POINT('',(0.248583953274132,-0.121080258223035,0.0101060053052825));
#13076=CARTESIAN_POINT('',(0.248680746685395,-0.121177740749405,0.0105222883849494));
#13077=CARTESIAN_POINT('',(0.248770180084069,-0.12126652341454,0.0107846589934739));
#13078=CARTESIAN_POINT('',(0.248905544688733,-0.121401890841724,0.0110781519468667));
#13079=CARTESIAN_POINT('',(0.249073300615964,-0.121572929335794,0.011268818695276));
#13080=CARTESIAN_POINT('',(0.249181127149091,-0.121680792371523,0.011303));
#13081=CARTESIAN_POINT('',(0.24923617147496,-0.121732958677821,0.011303));
#13082=CARTESIAN_POINT('',(0.269605824931043,-0.12173295859347,0.011303));
#13083=CARTESIAN_POINT('',(0.269553641418194,-0.121680775080564,0.011302999980471));
#13084=CARTESIAN_POINT('',(0.269450805643179,-0.121574359591164,0.0112724650563707));
#13085=CARTESIAN_POINT('',(0.269269729133901,-0.121396584677982,0.0110651559967888));
#13086=CARTESIAN_POINT('',(0.269156079574295,-0.121285682400339,0.0108319892607451));
#13087=CARTESIAN_POINT('',(0.269008516160005,-0.121134708941651,0.0104019597676654));
#13088=CARTESIAN_POINT('',(0.268877174995415,-0.121003815033092,0.00967283363641211));
#13089=CARTESIAN_POINT('',(0.268843825015394,-0.120970958677821,0.00905054802173688));
#13090=CARTESIAN_POINT('',(0.268843825015394,-0.120970958677821,0.008763));
#13091=CARTESIAN_POINT('',(0.249917205506032,-0.140813455140453,0.011303));
#13092=CARTESIAN_POINT('',(0.135730471404424,-0.140813455140453,0.011303));
#13093=CARTESIAN_POINT('',(0.249917205506032,-0.140723113744838,0.011303));
#13094=CARTESIAN_POINT('',(0.135730471404424,-0.140723113744838,0.011303));
#13095=CARTESIAN_POINT('',(0.249917205506032,-0.140529576456061,0.0112061295484674));
#13096=CARTESIAN_POINT('',(0.135730471404424,-0.140529576456061,0.0112061295484674));
#13097=CARTESIAN_POINT('',(0.249917205506032,-0.140161604261737,0.0104261089932539));
#13098=CARTESIAN_POINT('',(0.135730471404425,-0.140161604261737,0.0104261089932539));
#13099=CARTESIAN_POINT('',(0.249917205506032,-0.140044989127607,0.0093652759707637));
#13100=CARTESIAN_POINT('',(0.135730471404424,-0.140044989127607,0.0093652759707637));
#13101=CARTESIAN_POINT('',(0.249917205506032,-0.140044989127607,0.008763));
#13102=CARTESIAN_POINT('',(0.135730471404424,-0.140044989127607,0.008763));
#13103=CARTESIAN_POINT('',(0.135730471383383,-0.140806989127607,0.011303));
#13104=CARTESIAN_POINT('',(0.135730471383383,-0.140717186566396,0.011303));
#13105=CARTESIAN_POINT('',(0.135730471383383,-0.140524190541091,0.0111976345771877));
#13106=CARTESIAN_POINT('',(0.135730471383383,-0.140159992777624,0.0104159569569179));
#13107=CARTESIAN_POINT('',(0.135730471383383,-0.140044989127607,0.0093616837414046));
#13108=CARTESIAN_POINT('',(0.135730471383383,-0.140044989127607,0.008763));
#13109=CARTESIAN_POINT('',(0.249236171306618,-0.140806989043255,0.011303));
#13110=CARTESIAN_POINT('',(0.249184005004651,-0.14075482274131,0.0113029999804774));
#13111=CARTESIAN_POINT('',(0.249081539372204,-0.140648783908174,0.0112733105824966));
#13112=CARTESIAN_POINT('',(0.248898293588696,-0.14046953650809,0.0110624299071838));
#13113=CARTESIAN_POINT('',(0.248790945218234,-0.140364268406174,0.0108430544213627));
#13114=CARTESIAN_POINT('',(0.248559489856041,-0.140127136930709,0.0101720239456076));
#13115=CARTESIAN_POINT('',(0.24847417139097,-0.140044989127607,0.00934025674008583));
#13116=CARTESIAN_POINT('',(0.24847417139097,-0.140044989127607,0.008763));
#13117=CARTESIAN_POINT('',(0.24923617139097,-0.120851942495629,0.011303));
#13118=CARTESIAN_POINT('',(0.24923617139097,-0.140926005225448,0.011303));
#13119=CARTESIAN_POINT('',(0.249146368829759,-0.120851942495629,0.011303));
#13120=CARTESIAN_POINT('',(0.249146368829759,-0.140926005225448,0.011303));
#13121=CARTESIAN_POINT('',(0.248953372804454,-0.120851942495629,0.0111976345771878));
#13122=CARTESIAN_POINT('',(0.248953372804454,-0.140926005225448,0.0111976345771878));
#13123=CARTESIAN_POINT('',(0.248589175040987,-0.120851942495629,0.010415956956918));
#13124=CARTESIAN_POINT('',(0.248589175040987,-0.140926005225448,0.010415956956918));
#13125=CARTESIAN_POINT('',(0.24847417139097,-0.120851942495629,0.00936168374140466));
#13126=CARTESIAN_POINT('',(0.24847417139097,-0.140926005225448,0.00936168374140466));
#13127=CARTESIAN_POINT('',(0.24847417139097,-0.120851942495629,0.008763));
#13128=CARTESIAN_POINT('',(0.24847417139097,-0.140926005225448,0.008763));
#13129=CARTESIAN_POINT('',(0.286295855656282,-0.0425797236317462,0.011303));
#13130=CARTESIAN_POINT('',(0.286295855656282,-0.103017261103681,0.011303));
#13131=CARTESIAN_POINT('',(0.286206053095072,-0.0425797236317463,0.011303));
#13132=CARTESIAN_POINT('',(0.286206053095072,-0.103017261103682,0.011303));
#13133=CARTESIAN_POINT('',(0.286013057036071,-0.0425797236317463,0.0111976345133672));
#13134=CARTESIAN_POINT('',(0.286013057036071,-0.103017261103681,0.0111976345133672));
#13135=CARTESIAN_POINT('',(0.285648859175704,-0.0425797236317463,0.0104159567119746));
#13136=CARTESIAN_POINT('',(0.285648859175704,-0.103017261103682,0.0104159567119746));
#13137=CARTESIAN_POINT('',(0.285533855656282,-0.0425797236317462,0.00936168374140461));
#13138=CARTESIAN_POINT('',(0.285533855656282,-0.103017261103681,0.00936168374140461));
#13139=CARTESIAN_POINT('',(0.285533855656282,-0.0425797236317462,0.008763));
#13140=CARTESIAN_POINT('',(0.285533855656282,-0.103017261103681,0.008763));
#13141=CARTESIAN_POINT('',(0.286295855571931,-0.0429380489527262,0.011303));
#13142=CARTESIAN_POINT('',(0.286243672021347,-0.0429902325033442,0.0113029999804709));
#13143=CARTESIAN_POINT('',(0.286137256459745,-0.043093068329767,0.0112724650425029));
#13144=CARTESIAN_POINT('',(0.285959481189129,-0.0432741452451012,0.0110651551656874));
#13145=CARTESIAN_POINT('',(0.285848579351685,-0.0433877943357157,0.0108319892341263));
#13146=CARTESIAN_POINT('',(0.285697605558233,-0.0435353579580309,0.0104019589492695));
#13147=CARTESIAN_POINT('',(0.285566711957885,-0.0436666988704916,0.00967283354192288));
#13148=CARTESIAN_POINT('',(0.285533855656282,-0.0437000488683749,0.00905054803577745));
#13149=CARTESIAN_POINT('',(0.285533855656282,-0.0437000488683749,0.008763));
#13150=CARTESIAN_POINT('',(0.285533855656282,-0.101896935867053,0.008763));
#13151=CARTESIAN_POINT('',(0.285533855656282,-0.101896935867053,0.00905157895968188));
#13152=CARTESIAN_POINT('',(0.285560080861164,-0.101923473591358,0.00952252313843971));
#13153=CARTESIAN_POINT('',(0.285643155048644,-0.102006717653208,0.0101060050405035));
#13154=CARTESIAN_POINT('',(0.28574063747486,-0.102103510952652,0.0105222878095086));
#13155=CARTESIAN_POINT('',(0.285829420171218,-0.102192944351811,0.0107846584935985));
#13156=CARTESIAN_POINT('',(0.285964787423347,-0.102328308766579,0.011078151266099));
#13157=CARTESIAN_POINT('',(0.286135826142892,-0.102496064881778,0.0112688185951412));
#13158=CARTESIAN_POINT('',(0.28624368924015,-0.102603891439998,0.0113029999804774));
#13159=CARTESIAN_POINT('',(0.286295855571931,-0.102658935782702,0.011303));
#13160=CARTESIAN_POINT('',(0.286400567755271,-0.102658935867053,0.011303));
#13161=CARTESIAN_POINT('',(0.268739112832055,-0.102658935867053,0.011303));
#13162=CARTESIAN_POINT('',(0.286400567755271,-0.102569133305842,0.011303));
#13163=CARTESIAN_POINT('',(0.268739112832055,-0.102569133305842,0.011303));
#13164=CARTESIAN_POINT('',(0.28640056775527,-0.102376137246842,0.0111976345133672));
#13165=CARTESIAN_POINT('',(0.268739112832054,-0.102376137246842,0.0111976345133672));
#13166=CARTESIAN_POINT('',(0.286400567755271,-0.102011939386473,0.0104159567119746));
#13167=CARTESIAN_POINT('',(0.268739112832055,-0.102011939386473,0.0104159567119746));
#13168=CARTESIAN_POINT('',(0.286400567755271,-0.101896935867053,0.00936168374140461));
#13169=CARTESIAN_POINT('',(0.268739112832055,-0.101896935867053,0.00936168374140461));
#13170=CARTESIAN_POINT('',(0.286400567755271,-0.101896935867053,0.008763));
#13171=CARTESIAN_POINT('',(0.268739112832055,-0.101896935867053,0.008763));
#13172=CARTESIAN_POINT('',(0.268843825015395,-0.101896935867053,0.008763));
#13173=CARTESIAN_POINT('',(0.268843825015395,-0.101896935867053,0.00905157873216457));
#13174=CARTESIAN_POINT('',(0.268870362754397,-0.101923161033894,0.00952252272492269));
#13175=CARTESIAN_POINT('',(0.268953606857455,-0.102006235208646,0.010106004799697));
#13176=CARTESIAN_POINT('',(0.269050400214179,-0.102103717705476,0.0105222879209705));
#13177=CARTESIAN_POINT('',(0.269139833634715,-0.102192500476235,0.0107846587248474));
#13178=CARTESIAN_POINT('',(0.269275197919469,-0.102327867665553,0.0110781513092455));
#13179=CARTESIAN_POINT('',(0.269442954065239,-0.102498906429408,0.0112688186599645));
#13180=CARTESIAN_POINT('',(0.269550780700077,-0.10260676953178,0.011303));
#13181=CARTESIAN_POINT('',(0.269605825099385,-0.102658935867053,0.011303));
#13182=CARTESIAN_POINT('',(0.269605825015395,-0.101777919730694,0.011303));
#13183=CARTESIAN_POINT('',(0.269605825015395,-0.121851974729829,0.011303));
#13184=CARTESIAN_POINT('',(0.269516022454184,-0.101777919730694,0.011303));
#13185=CARTESIAN_POINT('',(0.269516022454184,-0.121851974729829,0.011303));
#13186=CARTESIAN_POINT('',(0.269323026468763,-0.101777919730694,0.0111976346527308));
#13187=CARTESIAN_POINT('',(0.269323026468763,-0.121851974729829,0.0111976346527308));
#13188=CARTESIAN_POINT('',(0.268958828819983,-0.101777919730694,0.0104159572468238));
#13189=CARTESIAN_POINT('',(0.268958828819983,-0.121851974729829,0.0104159572468238));
#13190=CARTESIAN_POINT('',(0.268843825015394,-0.101777919730694,0.00936168374140461));
#13191=CARTESIAN_POINT('',(0.268843825015394,-0.121851974729829,0.00936168374140461));
#13192=CARTESIAN_POINT('',(0.268843825015394,-0.101777919730694,0.008763));
#13193=CARTESIAN_POINT('',(0.268843825015394,-0.121851974729829,0.008763));
#13194=CARTESIAN_POINT('',(0.314733255048167,-0.144812996384417,0.011303));
#13195=CARTESIAN_POINT('',(0.256987566840309,-0.144812996384417,0.008763));
#13196=CARTESIAN_POINT('',(0.27623612955522,-0.144812996384417,0.008763));
#13197=CARTESIAN_POINT('',(0.295484692270131,-0.144812996384417,0.008763));
#13198=CARTESIAN_POINT('',(0.314733254985042,-0.144812996384417,0.008763));
#13199=CARTESIAN_POINT('',(0.256987566840308,-0.144812996321292,0.00876299987552897));
#13200=CARTESIAN_POINT('',(0.170242,-0.144812996384417,0.006223));
#13201=CARTESIAN_POINT('',(0.256987566777183,-0.144812996384417,0.006223));
#13202=CARTESIAN_POINT('',(0.256987566777183,-0.144812996384417,0.011303));
#13203=CARTESIAN_POINT('',(0.256987566777183,-0.144812996384417,0.011303));
#13204=CARTESIAN_POINT('',(0.256987566777183,-0.124715338520062,0.008763));
#13205=CARTESIAN_POINT('',(0.256987566777183,-0.131414557787139,0.008763));
#13206=CARTESIAN_POINT('',(0.256987566777183,-0.138113777054215,0.008763));
#13207=CARTESIAN_POINT('',(0.256987566777183,-0.144812996321292,0.008763));
#13208=CARTESIAN_POINT('',(0.256987566840308,-0.124715338520062,0.00876299987557528));
#13209=CARTESIAN_POINT('',(0.256987566777183,-0.07451,0.006223));
#13210=CARTESIAN_POINT('',(0.256987566777183,-0.124715338456937,0.006223));
#13211=CARTESIAN_POINT('',(0.256987566777183,-0.124715338456937,0.011303));
#13212=CARTESIAN_POINT('',(0.256987566777183,-0.124715338456937,0.011303));
#13213=CARTESIAN_POINT('',(0.27656158188581,-0.124715338456937,0.008763));
#13214=CARTESIAN_POINT('',(0.270036910203976,-0.124715338456937,0.008763));
#13215=CARTESIAN_POINT('',(0.263512238522142,-0.124715338456937,0.008763));
#13216=CARTESIAN_POINT('',(0.256987566840308,-0.124715338456937,0.008763));
#13217=CARTESIAN_POINT('',(0.27656158188581,-0.12471533839381,0.00876299987557528));
#13218=CARTESIAN_POINT('',(0.170242,-0.124715338456937,0.006223));
#13219=CARTESIAN_POINT('',(0.276561581948935,-0.124715338456937,0.006223));
#13220=CARTESIAN_POINT('',(0.276561581948935,-0.124715338456937,0.011303));
#13221=CARTESIAN_POINT('',(0.276561581948935,-0.124715338456937,0.011303));
#13222=CARTESIAN_POINT('',(0.276561581948935,-0.105641308070277,0.008763));
#13223=CARTESIAN_POINT('',(0.276561581948935,-0.111999318178121,0.008763));
#13224=CARTESIAN_POINT('',(0.276561581948935,-0.118357328285966,0.008763));
#13225=CARTESIAN_POINT('',(0.276561581948935,-0.12471533839381,0.008763));
#13226=CARTESIAN_POINT('',(0.276561581948935,-0.07451,0.006223));
#13227=CARTESIAN_POINT('',(0.256987566777183,-0.123823608594735,0.008763));
#13228=CARTESIAN_POINT('',(0.256987566777183,-0.145704726246618,0.008763));
#13229=CARTESIAN_POINT('',(0.256987566777183,-0.123823608594735,0.0093616837402368));
#13230=CARTESIAN_POINT('',(0.256987566777183,-0.145704726246618,0.0093616837402368));
#13231=CARTESIAN_POINT('',(0.256872561747123,-0.123823608594736,0.0104159595427795));
#13232=CARTESIAN_POINT('',(0.256872561747123,-0.145704726246618,0.0104159595427795));
#13233=CARTESIAN_POINT('',(0.256508365009006,-0.123823608594735,0.011197635249796));
#13234=CARTESIAN_POINT('',(0.256508365009006,-0.145704726246618,0.011197635249796));
#13235=CARTESIAN_POINT('',(0.256315369340431,-0.123823608594735,0.0113029999991625));
#13236=CARTESIAN_POINT('',(0.256315369340431,-0.145704726246618,0.0113029999991625));
#13237=CARTESIAN_POINT('',(0.256225566779286,-0.123823608594735,0.011303));
#13238=CARTESIAN_POINT('',(0.256225566779286,-0.145704726246618,0.011303));
#13239=CARTESIAN_POINT('',(0.256987566777183,-0.124715338456937,0.008763));
#13240=CARTESIAN_POINT('',(0.256987566777183,-0.124715338456937,0.0090515772129242));
#13241=CARTESIAN_POINT('',(0.256961341467786,-0.124688800676287,0.0095225202567633));
#13242=CARTESIAN_POINT('',(0.256878267142074,-0.124605556490535,0.0101060031709464));
#13243=CARTESIAN_POINT('',(0.256780784528718,-0.12450876294595,0.0105222877988361));
#13244=CARTESIAN_POINT('',(0.256692001953533,-0.12441932966074,0.0107846586254187));
#13245=CARTESIAN_POINT('',(0.256556635201536,-0.124283965762589,0.0110781511840112));
#13246=CARTESIAN_POINT('',(0.256385596465915,-0.124116209635074,0.0112688187676475));
#13247=CARTESIAN_POINT('',(0.256277733298795,-0.124008382977947,0.0113029999804775));
#13248=CARTESIAN_POINT('',(0.256225566861535,-0.123953338541288,0.011303));
#13249=CARTESIAN_POINT('',(0.256225566861535,-0.145574996300065,0.011303));
#13250=CARTESIAN_POINT('',(0.256277733347277,-0.14552282981447,0.0113029999804774));
#13251=CARTESIAN_POINT('',(0.256383772069361,-0.145420364291531,0.0112733115126437));
#13252=CARTESIAN_POINT('',(0.256563021401735,-0.145237115934408,0.0110624259425763));
#13253=CARTESIAN_POINT('',(0.256668283210659,-0.145129774756986,0.0108430642133254));
#13254=CARTESIAN_POINT('',(0.256905424434051,-0.144898313319836,0.0101720091306671));
#13255=CARTESIAN_POINT('',(0.256987566777183,-0.144812996384417,0.00934024294214311));
#13256=CARTESIAN_POINT('',(0.256987566777183,-0.144812996384417,0.008763));
#13257=CARTESIAN_POINT('',(0.27668359803946,-0.124715338456937,0.008763));
#13258=CARTESIAN_POINT('',(0.256103550771011,-0.124715338456937,0.008763));
#13259=CARTESIAN_POINT('',(0.27668359803946,-0.124715338456937,0.00936168374140461));
#13260=CARTESIAN_POINT('',(0.256103550771011,-0.124715338456937,0.00936168374140461));
#13261=CARTESIAN_POINT('',(0.27668359803946,-0.124600333572139,0.0104159592728184));
#13262=CARTESIAN_POINT('',(0.256103550771011,-0.124600333572139,0.0104159592728184));
#13263=CARTESIAN_POINT('',(0.27668359803946,-0.124236136724716,0.0111976351808894));
#13264=CARTESIAN_POINT('',(0.256103550771011,-0.124236136724716,0.0111976351808894));
#13265=CARTESIAN_POINT('',(0.27668359803946,-0.124043141018148,0.011303));
#13266=CARTESIAN_POINT('',(0.256103550771011,-0.124043141018148,0.011303));
#13267=CARTESIAN_POINT('',(0.27668359803946,-0.123953338456937,0.011303));
#13268=CARTESIAN_POINT('',(0.256103550771011,-0.123953338456937,0.011303));
#13269=CARTESIAN_POINT('',(0.276561581948935,-0.124715338456937,0.008763));
#13270=CARTESIAN_POINT('',(0.276561581948935,-0.124715338456937,0.00905157729721845));
#13271=CARTESIAN_POINT('',(0.276535044162335,-0.124689113171081,0.0095225204038395));
#13272=CARTESIAN_POINT('',(0.276451799956623,-0.124606038851942,0.0101060033411441));
#13273=CARTESIAN_POINT('',(0.276355006391307,-0.124508556205012,0.0105222879762919));
#13274=CARTESIAN_POINT('',(0.276265573078593,-0.124419773578398,0.010784658832477));
#13275=CARTESIAN_POINT('',(0.276130209155174,-0.12428440676848,0.0110781513413585));
#13276=CARTESIAN_POINT('',(0.275962453027052,-0.124113368036026,0.01126881881264));
#13277=CARTESIAN_POINT('',(0.27585462632807,-0.124005504880492,0.011303));
#13278=CARTESIAN_POINT('',(0.275799581864945,-0.123953338456937,0.011303));
#13279=CARTESIAN_POINT('',(0.276561581948935,-0.10476029190931,0.008763));
#13280=CARTESIAN_POINT('',(0.276561581948935,-0.12483435463913,0.008763));
#13281=CARTESIAN_POINT('',(0.276561581948935,-0.10476029190931,0.00936168374140461));
#13282=CARTESIAN_POINT('',(0.276561581948935,-0.12483435463913,0.00936168374140461));
#13283=CARTESIAN_POINT('',(0.276446577064138,-0.10476029190931,0.0104159592728184));
#13284=CARTESIAN_POINT('',(0.276446577064138,-0.12483435463913,0.0104159592728184));
#13285=CARTESIAN_POINT('',(0.276082380216715,-0.10476029190931,0.0111976351808894));
#13286=CARTESIAN_POINT('',(0.276082380216715,-0.12483435463913,0.0111976351808894));
#13287=CARTESIAN_POINT('',(0.275889384510146,-0.10476029190931,0.011303));
#13288=CARTESIAN_POINT('',(0.275889384510146,-0.12483435463913,0.011303));
#13289=CARTESIAN_POINT('',(0.275799581948936,-0.10476029190931,0.011303));
#13290=CARTESIAN_POINT('',(0.275799581948936,-0.12483435463913,0.011303));
#13291=CARTESIAN_POINT('',(0.276561581948935,-0.105641308007152,0.008763));
#13292=CARTESIAN_POINT('',(0.276561581948935,-0.105641308007152,0.00905157713940284));
#13293=CARTESIAN_POINT('',(0.276535356690669,-0.105614770222132,0.00952252007285074));
#13294=CARTESIAN_POINT('',(0.276452282403331,-0.105531526021125,0.0101060030170514));
#13295=CARTESIAN_POINT('',(0.276354799757766,-0.105434732461762,0.0105222877841106));
#13296=CARTESIAN_POINT('',(0.27626601710525,-0.105345299152925,0.0107846587276463));
#13297=CARTESIAN_POINT('',(0.276130650387548,-0.10520993534837,0.011078151127939));
#13298=CARTESIAN_POINT('',(0.275959611622587,-0.105042179220307,0.0112688187605693));
#13299=CARTESIAN_POINT('',(0.275851748462614,-0.10493435254527,0.0113029999804775));
#13300=CARTESIAN_POINT('',(0.275799582033287,-0.104879308091503,0.011303));
#13301=CARTESIAN_POINT('',(0.297047969738618,-0.105641308007152,0.008763));
#13302=CARTESIAN_POINT('',(0.275672852086734,-0.105641308007152,0.008763));
#13303=CARTESIAN_POINT('',(0.297047969738618,-0.105641308007152,0.00936168374020916));
#13304=CARTESIAN_POINT('',(0.275672852086734,-0.105641308007152,0.00936168374020916));
#13305=CARTESIAN_POINT('',(0.297047969738618,-0.105526302977106,0.0104159595426929));
#13306=CARTESIAN_POINT('',(0.275672852086734,-0.105526302977106,0.0104159595426929));
#13307=CARTESIAN_POINT('',(0.297047969738618,-0.105162106239014,0.0111976352497379));
#13308=CARTESIAN_POINT('',(0.275672852086734,-0.105162106239014,0.0111976352497379));
#13309=CARTESIAN_POINT('',(0.297047969738618,-0.104969110570447,0.0113029999991427));
#13310=CARTESIAN_POINT('',(0.275672852086734,-0.104969110570447,0.0113029999991427));
#13311=CARTESIAN_POINT('',(0.297047969738618,-0.104879308009303,0.011303));
#13312=CARTESIAN_POINT('',(0.275672852086734,-0.104879308009303,0.011303));
#13313=CARTESIAN_POINT('',(0.296159239876416,-0.105641308007152,0.008763));
#13314=CARTESIAN_POINT('',(0.296159239876416,-0.105641308007152,0.00905157526635295));
#13315=CARTESIAN_POINT('',(0.296185777746593,-0.105615083026589,0.00952251658105344));
#13316=CARTESIAN_POINT('',(0.296269022180277,-0.105532008882145,0.0101060006234518));
#13317=CARTESIAN_POINT('',(0.296365816076075,-0.105434525818169,0.0105222879114784));
#13318=CARTESIAN_POINT('',(0.29645524947383,-0.105345742697337,0.0107846597924163));
#13319=CARTESIAN_POINT('',(0.296590612307122,-0.105210376507922,0.0110781509629954));
#13320=CARTESIAN_POINT('',(0.296758368330153,-0.105039337642491,0.0112688188553459));
#13321=CARTESIAN_POINT('',(0.296866195169178,-0.104931474522427,0.0113029999804775));
#13322=CARTESIAN_POINT('',(0.296921239792065,-0.104879308091503,0.011303));
#13323=CARTESIAN_POINT('',(0.296921239876416,-0.10476029190931,0.011303));
#13324=CARTESIAN_POINT('',(0.296921239876416,-0.124834354639129,0.011303));
#13325=CARTESIAN_POINT('',(0.296831437315206,-0.10476029190931,0.011303));
#13326=CARTESIAN_POINT('',(0.296831437315206,-0.124834354639129,0.011303));
#13327=CARTESIAN_POINT('',(0.296638442197158,-0.10476029190931,0.0111976362955521));
#13328=CARTESIAN_POINT('',(0.296638442197158,-0.124834354639129,0.0111976362955521));
#13329=CARTESIAN_POINT('',(0.296274247038281,-0.104760291909311,0.010415963543595));
#13330=CARTESIAN_POINT('',(0.296274247038281,-0.12483435463913,0.010415963543595));
#13331=CARTESIAN_POINT('',(0.296159239876417,-0.10476029190931,0.00936168374140461));
#13332=CARTESIAN_POINT('',(0.296159239876417,-0.124834354639129,0.00936168374140461));
#13333=CARTESIAN_POINT('',(0.296159239876417,-0.10476029190931,0.008763));
#13334=CARTESIAN_POINT('',(0.296159239876417,-0.124834354639129,0.008763));
#13335=CARTESIAN_POINT('',(0.296159239876417,-0.124715338456937,0.008763));
#13336=CARTESIAN_POINT('',(0.296159239876417,-0.124715338456937,0.00905157297802099));
#13337=CARTESIAN_POINT('',(0.296185465035341,-0.12468880050227,0.00952251289577122));
#13338=CARTESIAN_POINT('',(0.296268539415882,-0.124605555879886,0.0101059983877252));
#13339=CARTESIAN_POINT('',(0.296366022759435,-0.124508761618673,0.0105222881807167));
#13340=CARTESIAN_POINT('',(0.296454805684915,-0.12441932837508,0.0107846601655666));
#13341=CARTESIAN_POINT('',(0.296590171306137,-0.124283966107816,0.0110781511771795));
#13342=CARTESIAN_POINT('',(0.296761210114324,-0.124116210113049,0.0112688191543444));
#13343=CARTESIAN_POINT('',(0.296869073311853,-0.12400838312692,0.011303));
#13344=CARTESIAN_POINT('',(0.296921239876416,-0.123953338372946,0.011303));
#13345=CARTESIAN_POINT('',(0.31561127105434,-0.124715338456937,0.008763));
#13346=CARTESIAN_POINT('',(0.296043223785892,-0.124715338456937,0.008763));
#13347=CARTESIAN_POINT('',(0.31561127105434,-0.124715338456937,0.00936168374140461));
#13348=CARTESIAN_POINT('',(0.296043223785892,-0.124715338456937,0.00936168374140461));
#13349=CARTESIAN_POINT('',(0.31561127105434,-0.124600329516477,0.0104159668794666));
#13350=CARTESIAN_POINT('',(0.296043223785892,-0.124600329516477,0.0104159668794666));
#13351=CARTESIAN_POINT('',(0.31561127105434,-0.12423613567584,0.0111976371674403));
#13352=CARTESIAN_POINT('',(0.296043223785892,-0.12423613567584,0.0111976371674403));
#13353=CARTESIAN_POINT('',(0.31561127105434,-0.124043141018148,0.011303));
#13354=CARTESIAN_POINT('',(0.296043223785892,-0.124043141018148,0.011303));
#13355=CARTESIAN_POINT('',(0.31561127105434,-0.123953338456937,0.011303));
#13356=CARTESIAN_POINT('',(0.296043223785892,-0.123953338456937,0.011303));
#13357=CARTESIAN_POINT('',(0.314733255048167,-0.124715338456937,0.008763));
#13358=CARTESIAN_POINT('',(0.314733255048167,-0.124715338456937,0.00905157071473264));
#13359=CARTESIAN_POINT('',(0.314759793104206,-0.124689113207205,0.00952250920481885));
#13360=CARTESIAN_POINT('',(0.314843037968421,-0.12460603863555,0.0101059962505088));
#13361=CARTESIAN_POINT('',(0.314939832656496,-0.124508554913483,0.0105222887454481));
#13362=CARTESIAN_POINT('',(0.315029265803819,-0.124419772029486,0.0107846610333795));
#13363=CARTESIAN_POINT('',(0.315164627596914,-0.124284406781514,0.0110781518040241));
#13364=CARTESIAN_POINT('',(0.315332383223085,-0.124113368299068,0.0112688193431374));
#13365=CARTESIAN_POINT('',(0.315440210181499,-0.124005505157243,0.0113029999804778));
#13366=CARTESIAN_POINT('',(0.315495254963816,-0.123953338541288,0.011303));
#13367=CARTESIAN_POINT('',(0.315495255048167,-0.123823608594736,0.011303));
#13368=CARTESIAN_POINT('',(0.315495255048167,-0.145704726246618,0.011303));
#13369=CARTESIAN_POINT('',(0.315405452486956,-0.123823608594736,0.011303));
#13370=CARTESIAN_POINT('',(0.315405452486956,-0.145704726246618,0.011303));
#13371=CARTESIAN_POINT('',(0.315212458337366,-0.123823608594736,0.0111976381297452));
#13372=CARTESIAN_POINT('',(0.315212458337366,-0.145704726246618,0.0111976381297452));
#13373=CARTESIAN_POINT('',(0.31484826594911,-0.123823608594735,0.0104159705564883));
#13374=CARTESIAN_POINT('',(0.31484826594911,-0.145704726246618,0.0104159705564883));
#13375=CARTESIAN_POINT('',(0.314733255048167,-0.123823608594736,0.00936168374140461));
#13376=CARTESIAN_POINT('',(0.314733255048167,-0.145704726246618,0.00936168374140461));
#13377=CARTESIAN_POINT('',(0.314733255048167,-0.123823608594736,0.008763));
#13378=CARTESIAN_POINT('',(0.314733255048167,-0.145704726246618,0.008763));
#13379=CARTESIAN_POINT('',(0.314733255048167,-0.144812996384417,0.008763));
#13380=CARTESIAN_POINT('',(0.314733255048167,-0.144812996384417,0.00905156977584094));
#13381=CARTESIAN_POINT('',(0.314759480651929,-0.144839534402217,0.00952250778761467));
#13382=CARTESIAN_POINT('',(0.314842555430996,-0.144922779119452,0.0101059948953915));
#13383=CARTESIAN_POINT('',(0.314940038872404,-0.145019573688323,0.0105222875295655));
#13384=CARTESIAN_POINT('',(0.315028821134648,-0.145109006551365,0.0107846592454617));
#13385=CARTESIAN_POINT('',(0.315164185645575,-0.145244367989841,0.0110781504644898));
#13386=CARTESIAN_POINT('',(0.315335224619252,-0.145412124263001,0.0112688194564669));
#13387=CARTESIAN_POINT('',(0.315443088091059,-0.145519951408961,0.0113029999804778));
#13388=CARTESIAN_POINT('',(0.315495254963816,-0.145574996300066,0.011303));
#13389=CARTESIAN_POINT('',(0.315850873092429,-0.145574996384417,0.011303));
#13390=CARTESIAN_POINT('',(0.255869948732921,-0.145574996384417,0.011303));
#13391=CARTESIAN_POINT('',(0.315850873092429,-0.145485193823207,0.011303));
#13392=CARTESIAN_POINT('',(0.255869948732921,-0.145485193823207,0.011303));
#13393=CARTESIAN_POINT('',(0.315850873092429,-0.145292199673618,0.0111976381297453));
#13394=CARTESIAN_POINT('',(0.255869948732921,-0.145292199673618,0.0111976381297453));
#13395=CARTESIAN_POINT('',(0.31585087309243,-0.144928007285361,0.0104159705564884));
#13396=CARTESIAN_POINT('',(0.255869948732923,-0.144928007285361,0.0104159705564884));
#13397=CARTESIAN_POINT('',(0.315850873092429,-0.144812996384417,0.00936168374140464));
#13398=CARTESIAN_POINT('',(0.255869948732921,-0.144812996384417,0.00936168374140464));
#13399=CARTESIAN_POINT('',(0.315850873092429,-0.144812996384417,0.008763));
#13400=CARTESIAN_POINT('',(0.255869948732921,-0.144812996384417,0.008763));
#13401=CARTESIAN_POINT('',(0.315992,-0.00250999999999994,0.011303));
#13402=CARTESIAN_POINT('',(0.315992,-0.00250999999999994,0.008763));
#13403=CARTESIAN_POINT('',(0.315992,-0.0438560512242144,0.008763));
#13404=CARTESIAN_POINT('',(0.315992000042082,-0.0522199999579392,0.008763));
#13405=CARTESIAN_POINT('',(0.315992,-0.0522199999999999,0.008763));
#13406=CARTESIAN_POINT('',(0.315992,-0.0490698358533944,0.008763));
#13407=CARTESIAN_POINT('',(0.315992,-0.0300198358533944,0.011303));
#13408=CARTESIAN_POINT('',(0.315992,-0.00251000000000014,0.011303));
#13409=CARTESIAN_POINT('',(0.315992,-0.00123999999999994,0.010033));
#13410=CARTESIAN_POINT('',(0.315992,-0.00250999999999994,0.010033));
#13411=CARTESIAN_POINT('',(0.315992,-0.00250999999999994,0.011303));
#13412=CARTESIAN_POINT('',(0.315992,-0.00250999999999995,0.006223));
#13413=CARTESIAN_POINT('',(0.315992,-0.07451,0.006223));
#13414=CARTESIAN_POINT('',(0.315992,-0.01793,0.006223));
#13415=CARTESIAN_POINT('',(0.315992,-0.01793,0.011303));
#13416=CARTESIAN_POINT('',(0.315992,-0.01793,0.007493));
#13417=CARTESIAN_POINT('',(0.315992,-0.0179299999999999,0.007493));
#13418=CARTESIAN_POINT('',(0.315992,-0.0179299999999999,0.00781700530606912));
#13419=CARTESIAN_POINT('',(0.315992,-0.0183131831853825,0.0084920485711793));
#13420=CARTESIAN_POINT('',(0.315992,-0.01926783852609,0.00876300000000001));
#13421=CARTESIAN_POINT('',(0.315992,-0.0197260512242137,0.008763));
#13422=CARTESIAN_POINT('',(0.315992,-0.0275639487757859,0.008763));
#13423=CARTESIAN_POINT('',(0.315992,-0.0279872821091193,0.008763));
#13424=CARTESIAN_POINT('',(0.315992,-0.0289942564970124,0.00850438028886269));
#13425=CARTESIAN_POINT('',(0.315992,-0.0293599999999999,0.00779234187070231));
#13426=CARTESIAN_POINT('',(0.315992,-0.0293599999999999,0.007493));
#13427=CARTESIAN_POINT('',(0.315992,-0.02936,0.007493));
#13428=CARTESIAN_POINT('',(0.315992,-0.02936,0.011303));
#13429=CARTESIAN_POINT('',(0.315992,-0.02936,0.006223));
#13430=CARTESIAN_POINT('',(0.315992,-0.07451,0.006223));
#13431=CARTESIAN_POINT('',(0.315992,-0.04206,0.006223));
#13432=CARTESIAN_POINT('',(0.315992,-0.04206,0.011303));
#13433=CARTESIAN_POINT('',(0.315992,-0.04206,0.007493));
#13434=CARTESIAN_POINT('',(0.315992,-0.0420599999999999,0.007493));
#13435=CARTESIAN_POINT('',(0.315992,-0.04206,0.0077923418707023));
#13436=CARTESIAN_POINT('',(0.315992,-0.0424257435029875,0.00850438028886267));
#13437=CARTESIAN_POINT('',(0.315992,-0.0434327178908806,0.008763));
#13438=CARTESIAN_POINT('',(0.315992,-0.0438560512242139,0.008763));
#13439=CARTESIAN_POINT('',(0.331491859252745,-0.0262196907160188,0.007493));
#13440=CARTESIAN_POINT('',(0.33149182448363,-0.0302198422322713,0.00876299999999999));
#13441=CARTESIAN_POINT('',(0.332539063691986,-0.0302198513348216,0.00876299999999999));
#13442=CARTESIAN_POINT('',(0.334625212062114,-0.0293530886414983,0.008763));
#13443=CARTESIAN_POINT('',(0.335492004792891,-0.0272669527517268,0.00876299999999999));
#13444=CARTESIAN_POINT('',(0.335492010769083,-0.0262197135433479,0.00876299999999999));
#13445=CARTESIAN_POINT('',(0.335491808156832,-0.0262197135422848,0.00876300025000127));
#13446=CARTESIAN_POINT('',(0.335492010769083,-0.0262197135433479,0.00876299999999999));
#13447=CARTESIAN_POINT('',(0.335492016745319,-0.0251724667257931,0.00876299999999999));
#13448=CARTESIAN_POINT('',(0.334625234564088,-0.0230863060501805,0.008763));
#13449=CARTESIAN_POINT('',(0.332539071300765,-0.0222195300970459,0.00876299999999999));
#13450=CARTESIAN_POINT('',(0.331491824483233,-0.0222195391997663,0.00876299999999999));
#13451=CARTESIAN_POINT('',(0.331491859252745,-0.0262196907160188,0.006223));
#13452=CARTESIAN_POINT('',(0.331491789716798,-0.0452697363896116,0.007493));
#13453=CARTESIAN_POINT('',(0.331491824485867,-0.0412695848733246,0.00876299999999999));
#13454=CARTESIAN_POINT('',(0.330444581472921,-0.0412695757707534,0.00876299999999999));
#13455=CARTESIAN_POINT('',(0.328358425656245,-0.0421351539879071,0.008763));
#13456=CARTESIAN_POINT('',(0.32705824447234,-0.0452697363898316,0.008763));
#13457=CARTESIAN_POINT('',(0.328358425656556,-0.0484043187916271,0.008763));
#13458=CARTESIAN_POINT('',(0.330444581473318,-0.0492698970085738,0.00876299999999999));
#13459=CARTESIAN_POINT('',(0.331491824486264,-0.0492698879058986,0.00876299999999999));
#13460=CARTESIAN_POINT('',(0.331491789716798,-0.0452697363896116,0.006223));
#13461=CARTESIAN_POINT('',(0.340911486983968,-0.0753264870122979,0.011303));
#13462=CARTESIAN_POINT('',(0.340911486983968,-0.0820512371086684,0.00834882244882826));
#13463=CARTESIAN_POINT('',(0.340911486983968,-0.0798096537432116,0.00801836459210611));
#13464=CARTESIAN_POINT('',(0.340911486983968,-0.0775680703777547,0.00768790673538395));
#13465=CARTESIAN_POINT('',(0.340911486983968,-0.0753264870122979,0.00735744887866179));
#13466=CARTESIAN_POINT('',(0.340911486983968,-0.0753264870122979,0.00735744884293702));
#13467=CARTESIAN_POINT('',(0.340911486983969,-0.0820512371109497,0.0083488224497727));
#13468=CARTESIAN_POINT('',(0.340911486983968,-0.0753264870122979,0.011303));
#13469=CARTESIAN_POINT('',(0.340911486983969,-0.0753264870122979,0.006223));
#13470=CARTESIAN_POINT('',(0.340911486983969,-0.07451,0.006223));
#13471=CARTESIAN_POINT('',(0.340911486983969,-0.113998175388392,0.006223));
#13472=CARTESIAN_POINT('',(0.340911486983968,-0.113998175388392,0.011303));
#13473=CARTESIAN_POINT('',(0.340911486922727,-0.113998175340576,0.00876299987551525));
#13474=CARTESIAN_POINT('',(0.340911486983968,-0.113998175340576,0.008763));
#13475=CARTESIAN_POINT('',(0.340911486983968,-0.105232301870353,0.008763));
#13476=CARTESIAN_POINT('',(0.340911486983968,-0.0964664284001308,0.008763));
#13477=CARTESIAN_POINT('',(0.340911486983968,-0.0877005549299083,0.008763));
#13478=CARTESIAN_POINT('',(0.340911486983969,-0.0877005549275137,0.00876300000062593));
#13479=CARTESIAN_POINT('',(0.340911486983968,-0.0877005549299083,0.008763));
#13480=CARTESIAN_POINT('',(0.340911486983968,-0.0858107083896968,0.008763));
#13481=CARTESIAN_POINT('',(0.340911486983968,-0.0839208762908802,0.00862444769057411));
#13482=CARTESIAN_POINT('',(0.340911486983968,-0.0820512371086684,0.00834882244882826));
#13483=CARTESIAN_POINT('',(0.261082,-0.0877005549299084,-0.029972));
#13484=CARTESIAN_POINT('',(0.300723813886003,-0.0877005549299084,0.011303));
#13485=CARTESIAN_POINT('',(0.300723813886003,-0.0856867840264043,0.011303));
#13486=CARTESIAN_POINT('',(0.300723813886003,-0.0836730285112719,0.0111553622932347));
#13487=CARTESIAN_POINT('',(0.300723813886003,-0.0816807900384232,0.0108616632651449));
#13488=CARTESIAN_POINT('',(0.300723813761229,-0.0816807899810773,0.0108616632566908));
#13489=CARTESIAN_POINT('',(0.261082,-0.0816807900384232,0.0108616632651449));
#13490=CARTESIAN_POINT('',(0.292684401783559,-0.0816807900384238,0.010861663265145));
#13491=CARTESIAN_POINT('',(0.29268440178356,-0.0816807900384239,0.010861663265145));
#13492=CARTESIAN_POINT('',(0.292430842541669,-0.0836783351234883,0.0111561446026177));
#13493=CARTESIAN_POINT('',(0.292078897300487,-0.0856659197409652,0.011303));
#13494=CARTESIAN_POINT('',(0.291722,-0.0877005549299084,0.011303));
#13495=CARTESIAN_POINT('',(0.341146526575907,-0.0644189393382434,0.050038));
#13496=CARTESIAN_POINT('',(0.350652,-0.0644189393382434,0.050038));
#13497=CARTESIAN_POINT('',(0.350652,-0.0644189393382434,0.008763));
#13498=CARTESIAN_POINT('',(0.350652,-0.0704387042297286,0.00920433673485513));
#13499=CARTESIAN_POINT('',(0.341146526575907,-0.0644189393382434,0.008763));
#13500=CARTESIAN_POINT('',(0.322813,-0.0644189393382434,0.008763));
#13501=CARTESIAN_POINT('',(0.322813,-0.0644189393382434,0.050038));
#13502=CARTESIAN_POINT('',(0.322813,-0.0704387042297286,0.00920433673485513));
#13503=CARTESIAN_POINT('',(0.341146526575907,-0.0704387042297286,0.00920433673485513));
#13504=CARTESIAN_POINT('',(0.350652,-0.05222,0.008763));
#13505=CARTESIAN_POINT('',(0.315992000042082,-0.05222,0.008763));
#13506=CARTESIAN_POINT('',(0.350652,-0.0490698358519352,0.008763));
#13507=CARTESIAN_POINT('',(0.315992000042082,-0.0490698358519352,0.008763));
#13508=CARTESIAN_POINT('',(0.350652,-0.0300198358279091,0.011303));
#13509=CARTESIAN_POINT('',(0.315992000042082,-0.0300198358279091,0.011303));
#13510=CARTESIAN_POINT('',(0.350652,-0.0025099999617722,0.011303));
#13511=CARTESIAN_POINT('',(0.315992000042082,-0.00250999996177219,0.011303));
#13512=CARTESIAN_POINT('',(0.350329378744352,-0.00250999971250738,0.0113034201048806));
#13513=CARTESIAN_POINT('',(0.3505434747929,-0.00334103955852523,0.0113034562638799));
#13514=CARTESIAN_POINT('',(0.350652152119551,-0.00419913838278329,0.0113010208090367));
#13515=CARTESIAN_POINT('',(0.350652001132112,-0.00505722387872371,0.0112961912334951));
#13516=CARTESIAN_POINT('',(0.350652000000179,-0.00505722148476962,0.0112957524202303));
#13517=CARTESIAN_POINT('',(0.350651999937084,-0.0522200000000001,0.008763));
#13518=CARTESIAN_POINT('',(0.339098666624722,-0.0522200000000001,0.008763));
#13519=CARTESIAN_POINT('',(0.327545333312361,-0.05222,0.008763));
#13520=CARTESIAN_POINT('',(0.315991999999999,-0.0522199999999999,0.008763));
#13521=CARTESIAN_POINT('',(0.350651999937084,-0.0522200001238126,0.008763));
#13522=CARTESIAN_POINT('',(0.350652,-0.05222,0.008763));
#13523=CARTESIAN_POINT('',(0.350652,-0.0491680132312946,0.008763));
#13524=CARTESIAN_POINT('',(0.350652,-0.0311918091175142,0.0111471448682879));
#13525=CARTESIAN_POINT('',(0.350652,-0.00505722140874871,0.0112957524206626));
#13526=CARTESIAN_POINT('',(0.331491824484748,-0.0208692283236005,0.0109295954804393));
#13527=CARTESIAN_POINT('',(0.330156662188809,-0.0208692283236004,0.0109295954804393));
#13528=CARTESIAN_POINT('',(0.327504437636508,-0.0218951690644488,0.0108897028114089));
#13529=CARTESIAN_POINT('',(0.325570561624283,-0.0257134060622143,0.0107146414639154));
#13530=CARTESIAN_POINT('',(0.326685592259287,-0.0298427521756811,0.0104829873915854));
#13531=CARTESIAN_POINT('',(0.330277086898166,-0.032166033089713,0.010333559337273));
#13532=CARTESIAN_POINT('',(0.334498182656883,-0.0314729524271429,0.0103795423280932));
#13533=CARTESIAN_POINT('',(0.337163814117504,-0.0281333001494235,0.0105842209260131));
#13534=CARTESIAN_POINT('',(0.336910359103164,-0.023857890453445,0.0108043510783523));
#13535=CARTESIAN_POINT('',(0.334890267781149,-0.021857891442055,0.0108887960439504));
#13536=CARTESIAN_POINT('',(0.333664727110658,-0.0213229105602468,0.0109109946021891));
#13537=CARTESIAN_POINT('',(0.333664727110658,-0.0213229105602074,0.0109109946021907));
#13538=CARTESIAN_POINT('',(0.331491824484748,-0.020869228353931,0.0109295955637716));
#13539=CARTESIAN_POINT('',(0.333664727110658,-0.0213229105602468,0.0109109946021891));
#13540=CARTESIAN_POINT('',(0.332979937598037,-0.0210239818456509,0.0109233983846526));
#13541=CARTESIAN_POINT('',(0.332237866749931,-0.0208692283236005,0.0109295954804393));
#13542=CARTESIAN_POINT('',(0.331491824484748,-0.0208692283236005,0.0109295954804393));
#13543=CARTESIAN_POINT('',(0.331491824484748,-0.0395087030378133,0.00980168652762321));
#13544=CARTESIAN_POINT('',(0.330714710355586,-0.0395087030378133,0.00980168652762316));
#13545=CARTESIAN_POINT('',(0.329942353060599,-0.0396621976863627,0.00978949671744219));
#13546=CARTESIAN_POINT('',(0.329223789537182,-0.0399596143468422,0.00976550808338157));
#13547=CARTESIAN_POINT('',(0.329223789537183,-0.0399596143468421,0.00976550808338158));
#13548=CARTESIAN_POINT('',(0.331491824484749,-0.039508703067682,0.00980168660968705));
#13549=CARTESIAN_POINT('',(0.33149182448475,-0.0395087030378133,0.00980168652762326));
#13550=CARTESIAN_POINT('',(0.332229877910946,-0.0395087030378134,0.00980168652762324));
#13551=CARTESIAN_POINT('',(0.333673855344435,-0.0397805383623428,0.00978008590338742));
#13552=CARTESIAN_POINT('',(0.336216642442579,-0.0413432876050058,0.00965359604994944));
#13553=CARTESIAN_POINT('',(0.337958295609166,-0.0448196177709305,0.00935913972226978));
#13554=CARTESIAN_POINT('',(0.336726322405778,-0.0493273498902456,0.00894241349977594));
#13555=CARTESIAN_POINT('',(0.33276553681557,-0.0518340151179776,0.0087647650496258));
#13556=CARTESIAN_POINT('',(0.328138756997722,-0.0510372974779002,0.00880655319030371));
#13557=CARTESIAN_POINT('',(0.325263047027196,-0.0473363373312454,0.00912706995269151));
#13558=CARTESIAN_POINT('',(0.325622166377481,-0.0426754833361825,0.00954558158708102));
#13559=CARTESIAN_POINT('',(0.327860586415505,-0.0405238502244058,0.00971999870358957));
#13560=CARTESIAN_POINT('',(0.329223789537183,-0.0399596143468423,0.00976550808338178));
#13561=CARTESIAN_POINT('',(0.331491824484748,-0.0262197135528165,0.008763));
#13562=CARTESIAN_POINT('',(0.331491824484748,-0.0262197135528165,0.012895374991792));
#13563=CARTESIAN_POINT('',(0.335491824484828,-0.0262197135528165,0.012895374991792));
#13564=CARTESIAN_POINT('',(0.331491824484748,-0.0452697135528168,0.008763));
#13565=CARTESIAN_POINT('',(0.331491824484748,-0.0452697135528168,0.012895374991792));
#13566=CARTESIAN_POINT('',(0.335491824484828,-0.0452697135528168,0.012895374991792));
#13567=CARTESIAN_POINT('',(0.331491824484748,-0.0452697135528168,0.012387374991663));
#13568=CARTESIAN_POINT('',(0.331491824484748,-0.0452697135528168,0.012895374991663));
#13569=CARTESIAN_POINT('',(0.327212529914159,-0.0452697135528168,0.012895374991663));
#13570=CARTESIAN_POINT('',(0.331491824484748,-0.0452697135528168,0.0125611212244725));
#13571=CARTESIAN_POINT('',(0.326735166062799,-0.0452697135528168,0.0125611212244725));
#13572=CARTESIAN_POINT('',(0.331491824484748,-0.0495490081234063,0.012895374991663));
#13573=CARTESIAN_POINT('',(0.331491824484748,-0.0452697135528168,0.0106620606122362));
#13574=CARTESIAN_POINT('',(0.331491824484748,-0.030219713552817,0.012895374991663));
#13575=CARTESIAN_POINT('',(0.331491824484748,-0.0262197135528165,0.012895374991663));
#13576=CARTESIAN_POINT('',(0.335771119055339,-0.0262197135528165,0.012895374991663));
#13577=CARTESIAN_POINT('',(0.331491824484748,-0.0262197135528165,0.012387374991663));
#13578=CARTESIAN_POINT('',(0.331491824484748,-0.0262197135528165,0.0125611212244713));
#13579=CARTESIAN_POINT('',(0.336248482906697,-0.0262197135528165,0.0125611212244713));
#13580=CARTESIAN_POINT('',(0.331491824484748,-0.0262197135528165,0.0106620606122362));
#13581=CARTESIAN_POINT('',(0.297648,-0.0596382052944319,0.008128));
#13582=CARTESIAN_POINT('',(0.2963145,-0.0592349261314028,0.008128));
#13583=CARTESIAN_POINT('',(0.297395419082999,-0.0586108572078611,0.008128));
#13584=CARTESIAN_POINT('',(0.295922857207861,-0.0594610412028702,0.008128));
#13585=CARTESIAN_POINT('',(0.297648,-0.0586108572078611,0.008128));
#13586=CARTESIAN_POINT('',(0.295922857207861,-0.0586108572078612,0.00812799999999982));
#13587=CARTESIAN_POINT('',(0.295922857207861,-0.0494738441228779,0.00812799999999973));
#13588=CARTESIAN_POINT('',(0.320146,-0.0690317947053753,0.008128));
#13589=CARTESIAN_POINT('',(0.321479500000077,-0.0694350738682629,0.008128));
#13590=CARTESIAN_POINT('',(0.320526999999691,-0.069985,0.00812800000000033));
#13591=CARTESIAN_POINT('',(0.321802298164074,-0.0692487062613446,0.008128));
#13592=CARTESIAN_POINT('',(0.321797,-0.069985,0.00812800000000133));
#13593=CARTESIAN_POINT('',(0.32179708319581,-0.0699849999990609,0.00812800000000103));
#13594=CARTESIAN_POINT('',(0.321802298164074,-0.0692487062613437,0.00812799999999982));
#13595=CARTESIAN_POINT('',(0.321799347056818,-0.0695001302800227,0.00812799999999992));
#13596=CARTESIAN_POINT('',(0.321797477136351,-0.0697511961736345,0.00812799999998831));
#13597=CARTESIAN_POINT('',(0.321797083195811,-0.0699849999981217,0.00812800000000131));
#13598=CARTESIAN_POINT('',(0.295997,-0.0605914105888641,0.006223));
#13599=CARTESIAN_POINT('',(0.295997,-0.0605914105888641,0.006985));
#13600=CARTESIAN_POINT('',(0.295997,-0.0605914105888641,0.006985));
#13601=CARTESIAN_POINT('',(0.299299,-0.058685,0.006985));
#13602=CARTESIAN_POINT('',(0.299299,-0.058685,0.011303));
#13603=CARTESIAN_POINT('',(0.299299,-0.058685,0.007112));
#13604=CARTESIAN_POINT('',(0.2968225,-0.0601148079416481,0.007112));
#13605=CARTESIAN_POINT('',(0.295997,-0.0605914105888641,0.007112));
#13606=CARTESIAN_POINT('',(0.295997,-0.0605914105888641,0.011303));
#13607=CARTESIAN_POINT('',(0.2963145,-0.0592349261314031,0.007112));
#13608=CARTESIAN_POINT('',(0.295997,-0.0605914105888641,0.007112));
#13609=CARTESIAN_POINT('',(0.295997,-0.0605914105888641,0.00733632685392855));
#13610=CARTESIAN_POINT('',(0.295997,-0.0604959388277163,0.00757188490577865));
#13611=CARTESIAN_POINT('',(0.295997,-0.0603340448658386,0.007747));
#13612=CARTESIAN_POINT('',(0.295997,-0.0603340448658386,0.007747));
#13613=CARTESIAN_POINT('',(0.298853229491593,-0.058685,0.00774699999999994));
#13614=CARTESIAN_POINT('',(0.299133638059004,-0.058685,0.00757188490577858));
#13615=CARTESIAN_POINT('',(0.299299,-0.058685,0.0073363268539285));
#13616=CARTESIAN_POINT('',(0.299299,-0.058685,0.007112));
#13617=CARTESIAN_POINT('',(0.298853229491593,-0.058685,0.00774699999999986));
#13618=CARTESIAN_POINT('',(0.298853229491593,-0.058685,0.00774699999999973));
#13619=CARTESIAN_POINT('',(0.29841691256377,-0.0586850000000001,0.00801947983409261));
#13620=CARTESIAN_POINT('',(0.297908162564069,-0.0586108572078611,0.00812800000000007));
#13621=CARTESIAN_POINT('',(0.297395419082999,-0.0586108572078611,0.008128));
#13622=CARTESIAN_POINT('',(0.295997,-0.0603340448658385,0.007747));
#13623=CARTESIAN_POINT('',(0.295997,-0.0601092595422071,0.00799014250309739));
#13624=CARTESIAN_POINT('',(0.295922857207861,-0.0597920311435267,0.00812800000000001));
#13625=CARTESIAN_POINT('',(0.295922857207861,-0.0594610412028704,0.008128));
#13626=CARTESIAN_POINT('',(0.321479500000077,-0.0694350738682634,0.007112));
#13627=CARTESIAN_POINT('',(0.321797,-0.0680785894107504,0.007112));
#13628=CARTESIAN_POINT('',(0.321797,-0.0680785894107505,0.00742964670555116));
#13629=CARTESIAN_POINT('',(0.321797,-0.0682907764202578,0.0077757250291731));
#13630=CARTESIAN_POINT('',(0.321797,-0.0685946217092933,0.00795365186751604));
#13631=CARTESIAN_POINT('',(0.321797,-0.0685946217092933,0.00795365186751605));
#13632=CARTESIAN_POINT('',(0.321797,-0.0680785894107502,0.007112));
#13633=CARTESIAN_POINT('',(0.3209715,-0.0685551920580628,0.007112));
#13634=CARTESIAN_POINT('',(0.318495,-0.069985,0.007112));
#13635=CARTESIAN_POINT('',(0.32052699999969,-0.069985,0.008128));
#13636=CARTESIAN_POINT('',(0.320008591510058,-0.069985,0.008128));
#13637=CARTESIAN_POINT('',(0.318928522286045,-0.069985,0.00791123885694342));
#13638=CARTESIAN_POINT('',(0.318494999999999,-0.069985,0.00737120424485529));
#13639=CARTESIAN_POINT('',(0.318494999999999,-0.069985,0.007112));
#13640=CARTESIAN_POINT('',(0.321797,-0.0685946217092932,0.00795365186751604));
#13641=CARTESIAN_POINT('',(0.321797,-0.0687924406972905,0.00806949143577272));
#13642=CARTESIAN_POINT('',(0.321804949434333,-0.0690228273062743,0.00812799999999934));
#13643=CARTESIAN_POINT('',(0.321802298164074,-0.0692487062613437,0.00812799999999982));
#13644=CARTESIAN_POINT('',(0.295997,-0.058685,0.011303));
#13645=CARTESIAN_POINT('',(0.295997,-0.058685,0.006985));
#13646=CARTESIAN_POINT('',(0.321797,-0.058685,0.006985));
#13647=CARTESIAN_POINT('',(0.321797,-0.058685,0.011303));
#13648=CARTESIAN_POINT('',(0.321797,-0.058685,0.007747));
#13649=CARTESIAN_POINT('',(0.313184026575906,-0.058685,0.007747));
#13650=CARTESIAN_POINT('',(0.321797,-0.058685,0.011303));
#13651=CARTESIAN_POINT('',(0.321797,-0.058685,0.006985));
#13652=CARTESIAN_POINT('',(0.321797,-0.0680785894107505,0.006985));
#13653=CARTESIAN_POINT('',(0.321797,-0.0680785894107505,0.011303));
#13654=CARTESIAN_POINT('',(0.321797,-0.0644189393382434,0.050038));
#13655=CARTESIAN_POINT('',(0.321797,-0.0644189393382434,0.007747));
#13656=CARTESIAN_POINT('',(0.321797,-0.0438238441228779,0.007747));
#13657=CARTESIAN_POINT('',(0.313184026575906,-0.057669,0.007747));
#13658=CARTESIAN_POINT('',(0.313184026575906,-0.057669,0.008763));
#13659=CARTESIAN_POINT('',(0.322813,-0.057669,0.008763));
#13660=CARTESIAN_POINT('',(0.294981,-0.057669,0.008763));
#13661=CARTESIAN_POINT('',(0.294981,-0.057669,0.008763));
#13662=CARTESIAN_POINT('',(0.295382793981712,-0.0580707939817121,0.008763));
#13663=CARTESIAN_POINT('',(0.295772184464717,-0.0584601844647192,0.00850047298991206));
#13664=CARTESIAN_POINT('',(0.295922857207861,-0.0586108572078612,0.0081279999999999));
#13665=CARTESIAN_POINT('',(0.322813,-0.057669,0.007747));
#13666=CARTESIAN_POINT('',(0.322813,-0.0438238441228779,0.007747));
#13667=CARTESIAN_POINT('',(0.322813,-0.0644189393382434,0.007747));
#13668=CARTESIAN_POINT('',(0.322813,-0.0438238441228779,0.008763));
#13669=CARTESIAN_POINT('',(0.322813,-0.0644189393382434,0.050038));
#13670=CARTESIAN_POINT('',(0.321807270425794,-0.0699850000000052,0.00826025020008508));
#13671=CARTESIAN_POINT('',(0.32180104064194,-0.0699850000000052,0.00821638510614905));
#13672=CARTESIAN_POINT('',(0.321797645238078,-0.069985,0.00817230167994561));
#13673=CARTESIAN_POINT('',(0.321797083195809,-0.069985,0.00812800000000074));
#13674=CARTESIAN_POINT('',(0.321807270425793,-0.069985,0.00826025020004623));
#13675=CARTESIAN_POINT('',(0.322747360913812,-0.0708528211719018,0.00926538652637824));
#13676=CARTESIAN_POINT('',(0.322753143308369,-0.0708163009239736,0.00926000265217427));
#13677=CARTESIAN_POINT('',(0.322702544860414,-0.0707541237604562,0.00924699585382827));
#13678=CARTESIAN_POINT('',(0.322606720081247,-0.0706522049830884,0.00921700038034977));
#13679=CARTESIAN_POINT('',(0.322479023867192,-0.0705301755048452,0.00916532974525082));
#13680=CARTESIAN_POINT('',(0.322330447456491,-0.07039240422561,0.00907930373671337));
#13681=CARTESIAN_POINT('',(0.322142341640095,-0.0702248863234857,0.00893266207206393));
#13682=CARTESIAN_POINT('',(0.321931531092884,-0.0700495743267994,0.00868255988144329));
#13683=CARTESIAN_POINT('',(0.321828057832633,-0.0699850000000339,0.00840661828848857));
#13684=CARTESIAN_POINT('',(0.321807270425789,-0.069985,0.00826025020008671));
#13685=CARTESIAN_POINT('',(0.322747360913812,-0.0708528211719018,0.00926538652637824));
#13686=CARTESIAN_POINT('',(0.322747360913811,-0.0708528211719018,0.00926538652637823));
#13687=CARTESIAN_POINT('',(0.322769412524178,-0.0707135483724029,0.00924485470430492));
#13688=CARTESIAN_POINT('',(0.32279131088541,-0.0705754675926651,0.00922449861171884));
#13689=CARTESIAN_POINT('',(0.322813,-0.0704387042297285,0.00920433673485511));
#13690=CARTESIAN_POINT('',(0.3368595,-0.064437864698765,0.050038));
#13691=CARTESIAN_POINT('',(0.294981,-0.064437864698765,0.050038));
#13692=CARTESIAN_POINT('',(0.294981,-0.064437864698765,0.008763));
#13693=CARTESIAN_POINT('',(0.294981,-0.0708024374116648,0.0092566581978693));
#13694=CARTESIAN_POINT('',(0.3368595,-0.064437864698765,0.008763));
#13695=CARTESIAN_POINT('',(0.292992,-0.064437864698765,0.008763));
#13696=CARTESIAN_POINT('',(0.292992,-0.064437864698765,0.050038));
#13697=CARTESIAN_POINT('',(0.292992,-0.0708024374116649,0.00925665819786932));
#13698=CARTESIAN_POINT('',(0.321797,-0.0708024374116644,0.00925665819786923));
#13699=CARTESIAN_POINT('',(0.294981,-0.064437864698765,0.050038));
#13700=CARTESIAN_POINT('',(0.295986368915316,-0.069985,0.00826025020006333));
#13701=CARTESIAN_POINT('',(0.295993456731048,-0.069985,0.00821121350414222));
#13702=CARTESIAN_POINT('',(0.295997,-0.069985,0.00816192198141102));
#13703=CARTESIAN_POINT('',(0.295997,-0.069985,0.0081123757237916));
#13704=CARTESIAN_POINT('',(0.295986368915302,-0.069985,0.00826025020003454));
#13705=CARTESIAN_POINT('',(0.295997,-0.069985,0.00811237572379161));
#13706=CARTESIAN_POINT('',(0.295997,-0.064437864698765,0.050038));
#13707=CARTESIAN_POINT('',(0.295997,-0.064437864698765,0.007747));
#13708=CARTESIAN_POINT('',(0.294981,-0.0644378646987649,0.007747));
#13709=CARTESIAN_POINT('',(0.295986368915309,-0.0699850000000074,0.00826025020006229));
#13710=CARTESIAN_POINT('',(0.295965166013715,-0.0699850000000378,0.0084069414061395));
#13711=CARTESIAN_POINT('',(0.295861531307579,-0.0700492869975087,0.00868118812940607));
#13712=CARTESIAN_POINT('',(0.295649900795568,-0.0702237395653658,0.00893154655937511));
#13713=CARTESIAN_POINT('',(0.295459878385437,-0.0703916361119478,0.00907858001612773));
#13714=CARTESIAN_POINT('',(0.295309100083102,-0.0705272952687168,0.00916402138067053));
#13715=CARTESIAN_POINT('',(0.295180157038782,-0.0706509327796117,0.00921598220254837));
#13716=CARTESIAN_POINT('',(0.295072843176464,-0.0707416540820306,0.00924390345604709));
#13717=CARTESIAN_POINT('',(0.295019331168272,-0.0708024374116652,0.00925665819786938));
#13718=CARTESIAN_POINT('',(0.294981,-0.0708024374116652,0.00925665819786938));
#13719=CARTESIAN_POINT('',(0.294981,-0.0494738441228779,0.007747));
#13720=CARTESIAN_POINT('',(0.294981,-0.0494738441228779,0.008763));
#13721=CARTESIAN_POINT('',(0.295997,-0.0494738441228779,0.007747));
#13722=CARTESIAN_POINT('',(0.321797,-0.071001,0.0082602501998516));
#13723=CARTESIAN_POINT('',(0.292992,-0.071001,0.0082602501998516));
#13724=CARTESIAN_POINT('',(0.292992,-0.0708528211719018,0.00926538652637824));
#13725=CARTESIAN_POINT('',(0.321797,-0.0708528211719018,0.00926538652637823));
#13726=CARTESIAN_POINT('',(0.321797,-0.069985,0.00826025020000574));
#13727=CARTESIAN_POINT('',(0.315992,-0.05222,0.011303));
#13728=CARTESIAN_POINT('',(0.305832,-0.05222,0.011303));
#13729=CARTESIAN_POINT('',(0.305832,-0.05222,0.007493));
#13730=CARTESIAN_POINT('',(0.305832,-0.05222,0.006223));
#13731=CARTESIAN_POINT('',(0.170242,-0.05222,0.006223));
#13732=CARTESIAN_POINT('',(0.293132,-0.05222,0.006223));
#13733=CARTESIAN_POINT('',(0.293132,-0.05222,0.011303));
#13734=CARTESIAN_POINT('',(0.293132,-0.05222,0.007493));
#13735=CARTESIAN_POINT('',(0.293132000000002,-0.05222,0.007493));
#13736=CARTESIAN_POINT('',(0.293132000000002,-0.05222,0.00766014836104177));
#13737=CARTESIAN_POINT('',(0.293083496452793,-0.05222,0.00783045686079033));
#13738=CARTESIAN_POINT('',(0.292992000000001,-0.05222,0.0079845762111722));
#13739=CARTESIAN_POINT('',(0.292992,-0.05222,0.00798457621117217));
#13740=CARTESIAN_POINT('',(0.292992,-0.05222,0.011303));
#13741=CARTESIAN_POINT('',(0.292992,-0.05222,0.008763));
#13742=CARTESIAN_POINT('',(0.315992,-0.05222,0.008763));
#13743=CARTESIAN_POINT('',(0.307628051224214,-0.05222,0.008763));
#13744=CARTESIAN_POINT('',(0.307628051224215,-0.05222,0.008763));
#13745=CARTESIAN_POINT('',(0.307204717890882,-0.05222,0.008763));
#13746=CARTESIAN_POINT('',(0.306197743502988,-0.05222,0.00850438028886267));
#13747=CARTESIAN_POINT('',(0.305832000000001,-0.05222,0.0077923418707023));
#13748=CARTESIAN_POINT('',(0.305832000000001,-0.05222,0.007493));
#13749=CARTESIAN_POINT('',(0.315992,-0.04206,0.006223));
#13750=CARTESIAN_POINT('',(0.322861091226515,-0.0351909087734853,0.007493));
#13751=CARTESIAN_POINT('',(0.315992,-0.04206,0.006223));
#13752=CARTESIAN_POINT('',(0.298072,-0.00758999999999989,0.008763));
#13753=CARTESIAN_POINT('',(0.294633974387894,-0.00923197438789314,0.008763));
#13754=CARTESIAN_POINT('',(0.301355948775787,-0.00250999999999994,0.008763));
#13755=CARTESIAN_POINT('',(0.292992,-0.0108739487757865,0.008763));
#13756=CARTESIAN_POINT('',(0.292992,-0.00250999999999994,0.008763));
#13757=CARTESIAN_POINT('',(0.292992,-0.00250999999999994,0.008763));
#13758=CARTESIAN_POINT('',(0.292992,-0.05222,0.008763));
#13759=CARTESIAN_POINT('',(0.292992,-0.01267,0.006223));
#13760=CARTESIAN_POINT('',(0.295532,-0.0101299999999999,0.007493));
#13761=CARTESIAN_POINT('',(0.292992,-0.01267,0.007493));
#13762=CARTESIAN_POINT('',(0.303152,-0.00251,0.007493));
#13763=CARTESIAN_POINT('',(0.292992,-0.01267,0.011303));
#13764=CARTESIAN_POINT('',(0.292992,-0.01267,0.006223));
#13765=CARTESIAN_POINT('',(0.303152,-0.00250999999999992,0.006223));
#13766=CARTESIAN_POINT('',(0.303152,-0.00250999999999995,0.006223));
#13767=CARTESIAN_POINT('',(0.303152,-0.00250999999999994,0.011303));
#13768=CARTESIAN_POINT('',(0.294633974387894,-0.00923197438789294,0.007493));
#13769=CARTESIAN_POINT('',(0.292992,-0.01267,0.007493));
#13770=CARTESIAN_POINT('',(0.292992,-0.01267,0.00779234187070231));
#13771=CARTESIAN_POINT('',(0.292992,-0.0123042564970126,0.00850438028886268));
#13772=CARTESIAN_POINT('',(0.292992,-0.0112972821091195,0.008763));
#13773=CARTESIAN_POINT('',(0.292992,-0.0108739487757862,0.008763));
#13774=CARTESIAN_POINT('',(0.301355948775788,-0.00250999999999994,0.008763));
#13775=CARTESIAN_POINT('',(0.301779282109121,-0.00250999999999994,0.008763));
#13776=CARTESIAN_POINT('',(0.302786256497014,-0.00250999999999994,0.00850438028886269));
#13777=CARTESIAN_POINT('',(0.303152000000001,-0.00250999999999994,0.00779234187070231));
#13778=CARTESIAN_POINT('',(0.303152000000001,-0.00250999999999994,0.007493));
#13779=CARTESIAN_POINT('',(0.293132,-0.05222,0.006223));
#13780=CARTESIAN_POINT('',(0.308256091226514,-0.0370959087734853,0.007493));
#13781=CARTESIAN_POINT('',(0.315992,-0.02936,0.006223));
#13782=CARTESIAN_POINT('',(0.307358065614407,-0.0361978831613785,0.007493));
#13783=CARTESIAN_POINT('',(0.292992,-0.05222,0.00798457621117214));
#13784=CARTESIAN_POINT('',(0.292992,-0.0520917150254002,0.00820066324346324));
#13785=CARTESIAN_POINT('',(0.292992,-0.0516229173822358,0.00861944698317536));
#13786=CARTESIAN_POINT('',(0.292992,-0.0508953763632876,0.008763));
#13787=CARTESIAN_POINT('',(0.292992,-0.0505639487757865,0.008763));
#13788=CARTESIAN_POINT('',(0.315992,-0.01793,0.006223));
#13789=CARTESIAN_POINT('',(0.316828591226515,-0.0170934087734852,0.007493));
#13790=CARTESIAN_POINT('',(0.292992,-0.04093,0.007493));
#13791=CARTESIAN_POINT('',(0.315992,-0.01793,0.006223));
#13792=CARTESIAN_POINT('',(0.292992,-0.04093,0.006223));
#13793=CARTESIAN_POINT('',(0.292992,-0.04093,0.011303));
#13794=CARTESIAN_POINT('',(0.317726616838622,-0.0179914343855922,0.007493));
#13795=CARTESIAN_POINT('',(0.292992,-0.0427260512242139,0.008763));
#13796=CARTESIAN_POINT('',(0.292992,-0.0423027178908806,0.008763));
#13797=CARTESIAN_POINT('',(0.292992,-0.0412957435029875,0.00850438028886268));
#13798=CARTESIAN_POINT('',(0.292992,-0.04093,0.00779234187070231));
#13799=CARTESIAN_POINT('',(0.292992,-0.04093,0.007493));
#13800=CARTESIAN_POINT('',(0.330371053151815,-0.0289626882457555,0.008763));
#13801=CARTESIAN_POINT('',(0.323759116838622,-0.0360889343855919,0.008763));
#13802=CARTESIAN_POINT('',(0.292992,-0.05222,0.008763));
#13803=CARTESIAN_POINT('',(0.350652,-0.0864663441228778,0.008763));
#13804=CARTESIAN_POINT('',(0.323759116838622,-0.0360889343855922,0.007493));
#13805=CARTESIAN_POINT('',(0.340911486983968,-0.113998175388392,0.011303));
#13806=CARTESIAN_POINT('',(0.321837471815309,-0.118766175006095,0.008763));
#13807=CARTESIAN_POINT('',(0.328195476856066,-0.11717684180406,0.008763));
#13808=CARTESIAN_POINT('',(0.334553481896822,-0.115587508602024,0.008763));
#13809=CARTESIAN_POINT('',(0.340911486937579,-0.113998175399988,0.008763));
#13810=CARTESIAN_POINT('',(0.321837471813482,-0.118766175006552,0.006223));
#13811=CARTESIAN_POINT('',(0.351922,-0.067445,0.008763));
#13812=CARTESIAN_POINT('',(0.341927486983968,-0.0743213507692652,0.0097767227873379));
#13813=CARTESIAN_POINT('',(0.341927486983968,-0.0767744971732026,0.0101383696104556));
#13814=CARTESIAN_POINT('',(0.341927486983968,-0.07922764357714,0.0105000164335732));
#13815=CARTESIAN_POINT('',(0.341927486983968,-0.0816807899810774,0.0108616632566908));
#13816=CARTESIAN_POINT('',(0.341927487108788,-0.0816807899810773,0.0108616632566908));
#13817=CARTESIAN_POINT('',(0.341927486899554,-0.0743213507692652,0.0097767227873379));
#13818=CARTESIAN_POINT('',(0.261082,-0.0816807900384232,0.0108616632651449));
#13819=CARTESIAN_POINT('',(0.350652,-0.0816807900384232,0.0108616632651449));
#13820=CARTESIAN_POINT('',(0.350652,-0.104710380991591,0.0142567229291521));
#13821=CARTESIAN_POINT('',(0.292992,-0.067445,0.008763));
#13822=CARTESIAN_POINT('',(0.292992,-0.076059747134076,0.010033));
#13823=CARTESIAN_POINT('',(0.292992,-0.0760597471340761,0.010033));
#13824=CARTESIAN_POINT('',(0.292992,-0.0780583491603033,0.0103276371534538));
#13825=CARTESIAN_POINT('',(0.292876649803728,-0.080166256058372,0.0106383882084625));
#13826=CARTESIAN_POINT('',(0.292684401783559,-0.0816807900384242,0.010861663265145));
#13827=CARTESIAN_POINT('',(0.300723813886003,-0.0816807899810773,0.0108616632566908));
#13828=CARTESIAN_POINT('',(0.300723813886003,-0.0807176297661732,0.0107196726150747));
#13829=CARTESIAN_POINT('',(0.300723813886003,-0.079754469551269,0.0105776819734586));
#13830=CARTESIAN_POINT('',(0.300723813886003,-0.0787913093363648,0.0104356913318424));
#13831=CARTESIAN_POINT('',(0.300723813970393,-0.0787913093363647,0.0104356913318424));
#13832=CARTESIAN_POINT('',(0.30072381395178,-0.0787913092549502,0.0104356913198401));
#13833=CARTESIAN_POINT('',(0.307382663734158,-0.0773013230652238,0.0102160351382364));
#13834=CARTESIAN_POINT('',(0.314041513516535,-0.0758113368754973,0.00999637895663274));
#13835=CARTESIAN_POINT('',(0.320700363298913,-0.0743213506857709,0.00977672277502903));
#13836=CARTESIAN_POINT('',(0.320700363308265,-0.0743213507686116,0.00977672278724156));
#13837=CARTESIAN_POINT('',(0.320700363298913,-0.0743213506857709,0.00977672277502903));
#13838=CARTESIAN_POINT('',(0.327776071165793,-0.0743213506857711,0.00977672277502907));
#13839=CARTESIAN_POINT('',(0.334851779032674,-0.0743213506857713,0.0097767227750291));
#13840=CARTESIAN_POINT('',(0.341927486899554,-0.0743213506857715,0.00977672277502913));
#13841=CARTESIAN_POINT('',(0.351922,-0.14397,0.006223));
#13842=CARTESIAN_POINT('',(0.351922,-0.005049999999997,0.0100257729518303));
#13843=CARTESIAN_POINT('',(0.351922,-0.0089878883950748,0.0100033811711587));
#13844=CARTESIAN_POINT('',(0.351922,-0.0168626981097918,0.00985499099957908));
#13845=CARTESIAN_POINT('',(0.351922,-0.0266983243183,0.00941361246160936));
#13846=CARTESIAN_POINT('',(0.351922,-0.0345586476411774,0.00891155587468428));
#13847=CARTESIAN_POINT('',(0.351922,-0.0394668248391238,0.00853706311148704));
#13848=CARTESIAN_POINT('',(0.351922,-0.0433906115721227,0.00820500952046448));
#13849=CARTESIAN_POINT('',(0.351922,-0.0463329306372228,0.00794485818239097));
#13850=CARTESIAN_POINT('',(0.351922,-0.0487841806042577,0.0077206700818387));
#13851=CARTESIAN_POINT('',(0.351922,-0.0507458447357405,0.00756225092690651));
#13852=CARTESIAN_POINT('',(0.351922,-0.0517277559928645,0.007493));
#13853=CARTESIAN_POINT('',(0.351922,-0.05222,0.007493));
#13854=CARTESIAN_POINT('',(0.351922,-0.0522199999999784,0.007493));
#13855=CARTESIAN_POINT('',(0.351922,-0.00505000006176211,0.0100257728267265));
#13856=CARTESIAN_POINT('',(0.351922,-0.0864663441228778,0.007493));
#13857=CARTESIAN_POINT('',(0.351922,-0.0644189393382434,0.007493));
#13858=CARTESIAN_POINT('',(0.351922,-0.0644189393382434,0.050038));
#13859=CARTESIAN_POINT('',(0.351922,-0.0706239277648512,0.00794791632669682));
#13860=CARTESIAN_POINT('',(0.351922,-0.104895604526713,0.0130003025209937));
#13861=CARTESIAN_POINT('',(0.351922,-0.0818660135735458,0.00960524285698659));
#13862=CARTESIAN_POINT('',(0.351922,-0.0877005549299084,-0.029972));
#13863=CARTESIAN_POINT('',(0.351922,-0.0877005549299084,0.010033));
#13864=CARTESIAN_POINT('',(0.351922,-0.10924,0.010033));
#13865=CARTESIAN_POINT('',(0.351922,-0.07451,0.006223));
#13866=CARTESIAN_POINT('',(0.351922,-0.00504999999999992,0.006223));
#13867=CARTESIAN_POINT('',(0.351922,-0.00505,0.006223));
#13868=CARTESIAN_POINT('',(0.340492,-0.00504999999999984,0.006223));
#13869=CARTESIAN_POINT('',(0.340492,-0.00504999999999984,0.0100330000000005));
#13870=CARTESIAN_POINT('',(0.351559049911783,-0.00219249999998535,0.0100330000002725));
#13871=CARTESIAN_POINT('',(0.340492,0.00638000000000008,0.0100330000000002));
#13872=CARTESIAN_POINT('',(0.351559049911788,-0.00219249999999978,0.010033));
#13873=CARTESIAN_POINT('',(0.351799729004052,-0.00312464611611872,0.010033));
#13874=CARTESIAN_POINT('',(0.351922,-0.00408729919448111,0.0100306388614813));
#13875=CARTESIAN_POINT('',(0.351922,-0.00504999999999995,0.0100257729518303));
#13876=CARTESIAN_POINT('',(0.340492,-0.00504999999999984,0.006223));
#13877=CARTESIAN_POINT('',(0.340492,0.00638000000000008,0.006223));
#13878=CARTESIAN_POINT('',(0.340492,0.00638000000000008,0.006223));
#13879=CARTESIAN_POINT('',(0.340492,0.00638000000000008,0.006223));
#13880=CARTESIAN_POINT('',(0.135730471383383,0.00638000000000008,0.00955880273915273));
#13881=CARTESIAN_POINT('',(0.135730471383383,0.00638000000000008,0.010033));
#13882=CARTESIAN_POINT('',(0.135730471383383,0.00638000000000008,0.006223));
#13883=CARTESIAN_POINT('',(0.255367,0.00638000000000008,0.010033));
#13884=CARTESIAN_POINT('',(0.340492,0.00638000000000008,0.006223));
#13885=CARTESIAN_POINT('',(0.2494388,0.00638000000000008,0.006223));
#13886=CARTESIAN_POINT('',(0.2494388,0.00638000000000008,0.006223));
#13887=CARTESIAN_POINT('',(0.2494388,0.00638000000000008,0.008509));
#13888=CARTESIAN_POINT('',(0.2488038,0.00638000000000008,0.009144));
#13889=CARTESIAN_POINT('',(0.2481688,0.00638000000000008,0.009779));
#13890=CARTESIAN_POINT('',(0.340492,0.00638000000000008,0.009779));
#13891=CARTESIAN_POINT('',(0.2335352,0.00638000000000008,0.009779));
#13892=CARTESIAN_POINT('',(0.2329002,0.00638000000000008,0.009144));
#13893=CARTESIAN_POINT('',(0.2322652,0.00638000000000008,0.008509));
#13894=CARTESIAN_POINT('',(0.2322652,0.00638000000000008,0.006223));
#13895=CARTESIAN_POINT('',(0.2322652,0.00638000000000008,0.006223));
#13896=CARTESIAN_POINT('',(0.340492,0.00638000000000008,0.006223));
#13897=CARTESIAN_POINT('',(0.2242988,0.00638000000000008,0.006223));
#13898=CARTESIAN_POINT('',(0.2242988,0.00638000000000008,0.006223));
#13899=CARTESIAN_POINT('',(0.2242988,0.00638000000000008,0.00850899999999975));
#13900=CARTESIAN_POINT('',(0.2236638,0.00638000000000008,0.009144));
#13901=CARTESIAN_POINT('',(0.2230288,0.00638000000000008,0.009779));
#13902=CARTESIAN_POINT('',(0.340492,0.00638000000000008,0.009779));
#13903=CARTESIAN_POINT('',(0.2083952,0.00638000000000008,0.009779));
#13904=CARTESIAN_POINT('',(0.2077602,0.00638000000000008,0.009144));
#13905=CARTESIAN_POINT('',(0.2071252,0.00638000000000008,0.008509));
#13906=CARTESIAN_POINT('',(0.2071252,0.00638000000000008,0.006223));
#13907=CARTESIAN_POINT('',(0.2071252,0.00638000000000008,0.006223));
#13908=CARTESIAN_POINT('',(0.340492,0.00638000000000008,0.006223));
#13909=CARTESIAN_POINT('',(0.1991588,0.00638000000000008,0.006223));
#13910=CARTESIAN_POINT('',(0.1991588,0.00638000000000008,0.006223));
#13911=CARTESIAN_POINT('',(0.1991588,0.00638000000000008,0.008509));
#13912=CARTESIAN_POINT('',(0.1985238,0.00638000000000008,0.009144));
#13913=CARTESIAN_POINT('',(0.1978888,0.00638000000000008,0.009779));
#13914=CARTESIAN_POINT('',(0.340492,0.00638000000000008,0.009779));
#13915=CARTESIAN_POINT('',(0.1832552,0.00638000000000008,0.009779));
#13916=CARTESIAN_POINT('',(0.1826202,0.00638000000000008,0.009144));
#13917=CARTESIAN_POINT('',(0.1819852,0.00638000000000008,0.008509));
#13918=CARTESIAN_POINT('',(0.1819852,0.00638000000000008,0.006223));
#13919=CARTESIAN_POINT('',(0.1819852,0.00638000000000008,0.006223));
#13920=CARTESIAN_POINT('',(0.340492,0.00638000000000008,0.006223));
#13921=CARTESIAN_POINT('',(0.1740188,0.00638000000000008,0.006223));
#13922=CARTESIAN_POINT('',(0.1740188,0.00638000000000008,0.006223));
#13923=CARTESIAN_POINT('',(0.1740188,0.00638000000000008,0.008509));
#13924=CARTESIAN_POINT('',(0.1733838,0.00638000000000008,0.009144));
#13925=CARTESIAN_POINT('',(0.1727488,0.00638000000000008,0.009779));
#13926=CARTESIAN_POINT('',(0.340492,0.00638000000000008,0.009779));
#13927=CARTESIAN_POINT('',(0.15812,0.00638000000000008,0.009779));
#13928=CARTESIAN_POINT('',(0.157485,0.00638000000000008,0.009144));
#13929=CARTESIAN_POINT('',(0.15685,0.00638000000000008,0.008509));
#13930=CARTESIAN_POINT('',(0.15685,0.00638000000000008,0.006223));
#13931=CARTESIAN_POINT('',(0.15685,0.00638000000000008,0.006223));
#13932=CARTESIAN_POINT('',(0.170242,0.00638000000000008,0.006223));
#13933=CARTESIAN_POINT('',(0.350652,-0.0644189393382434,0.050038));
#13934=CARTESIAN_POINT('',(0.350652,-0.0644189393382434,0.007493));
#13935=CARTESIAN_POINT('',(0.350652,-0.0706239277648513,0.00794791632669683));
#13936=CARTESIAN_POINT('',(0.350652,-0.0864663441228778,0.007493));
#13937=CARTESIAN_POINT('',(0.351922,-0.0522200000000002,0.007493));
#13938=CARTESIAN_POINT('',(0.351922,-0.0522200000000002,0.00782548522250492));
#13939=CARTESIAN_POINT('',(0.351646808612961,-0.0522200000000002,0.00848780861296137));
#13940=CARTESIAN_POINT('',(0.350984485222505,-0.0522200000000002,0.008763));
#13941=CARTESIAN_POINT('',(0.350652,-0.0522200000000002,0.008763));
#13942=CARTESIAN_POINT('',(0.351922,-0.05222,0.007493));
#13943=CARTESIAN_POINT('',(0.351922,-0.051938717710208,0.007493));
#13944=CARTESIAN_POINT('',(0.351922,-0.0513772035207446,0.00751978748331807));
#13945=CARTESIAN_POINT('',(0.351922,-0.0502551743165486,0.0075985587614867));
#13946=CARTESIAN_POINT('',(0.351922,-0.0482941364239155,0.00776602880041603));
#13947=CARTESIAN_POINT('',(0.351922,-0.0443715197323243,0.00812225552953011));
#13948=CARTESIAN_POINT('',(0.351922,-0.0365246761126866,0.00879357265830087));
#13949=CARTESIAN_POINT('',(0.351922,-0.0230494266164159,0.00966933433106228));
#13950=CARTESIAN_POINT('',(0.351922,-0.0118006658201301,0.00998738704210753));
#13951=CARTESIAN_POINT('',(0.351922,-0.00504999999999601,0.0100257729518303));
#13952=CARTESIAN_POINT('',(0.351922,-0.05222,0.00787298311143421));
#13953=CARTESIAN_POINT('',(0.351922,-0.0519537724474901,0.00787298311143421));
#13954=CARTESIAN_POINT('',(0.351922,-0.0514009415694325,0.00789907044841399));
#13955=CARTESIAN_POINT('',(0.351922,-0.0502869875422568,0.00797738233987237));
#13956=CARTESIAN_POINT('',(0.351922,-0.0483287888077307,0.00814449086606484));
#13957=CARTESIAN_POINT('',(0.351922,-0.0444059996993292,0.00850079087211237));
#13958=CARTESIAN_POINT('',(0.351922,-0.0365531099856107,0.00917254045048571));
#13959=CARTESIAN_POINT('',(0.351922,-0.0230668860177692,0.0100490301246299));
#13960=CARTESIAN_POINT('',(0.351922,-0.0118085805549703,0.0103673312914658));
#13961=CARTESIAN_POINT('',(0.351922,-0.00505216064044231,0.0104057499203535));
#13962=CARTESIAN_POINT('',(0.35160281184342,-0.05222,0.00853053902881708));
#13963=CARTESIAN_POINT('',(0.35160281184342,-0.0519796320543385,0.00853053902881708));
#13964=CARTESIAN_POINT('',(0.35160281184342,-0.0514417236258362,0.00855542344971301));
#13965=CARTESIAN_POINT('',(0.35160281184342,-0.0503416464405342,0.00863294599979371));
#13966=CARTESIAN_POINT('',(0.35160281184342,-0.0483883492464034,0.00879943255202538));
#13967=CARTESIAN_POINT('',(0.35160281184342,-0.0444653269501768,0.0091558558901183));
#13968=CARTESIAN_POINT('',(0.35160281184342,-0.03660210554004,0.00982834677591265));
#13969=CARTESIAN_POINT('',(0.35160281184342,-0.0230970935963357,0.0107060866568908));
#13970=CARTESIAN_POINT('',(0.35160281184342,-0.0118222033559279,0.0110248203767264));
#13971=CARTESIAN_POINT('',(0.35160281184342,-0.00505589960111725,0.0110632952075074));
#13972=CARTESIAN_POINT('',(0.350936987333575,-0.05222,0.008763));
#13973=CARTESIAN_POINT('',(0.350936987333575,-0.0519888581103583,0.008763));
#13974=CARTESIAN_POINT('',(0.350936987333575,-0.0514562705199491,0.00878745536997649));
#13975=CARTESIAN_POINT('',(0.350936987333575,-0.0503611415717712,0.00886469641312658));
#13976=CARTESIAN_POINT('',(0.350936987333575,-0.0484095822473765,0.00903096150167702));
#13977=CARTESIAN_POINT('',(0.350936987333575,-0.0444864490288513,0.00938742995818562));
#13978=CARTESIAN_POINT('',(0.350936987333575,-0.0366195178802153,0.0100601859902529));
#13979=CARTESIAN_POINT('',(0.350936987333575,-0.0231077751501203,0.0109383720391082));
#13980=CARTESIAN_POINT('',(0.350936987333575,-0.0118270514686837,0.0112572575384624));
#13981=CARTESIAN_POINT('',(0.350936987333575,-0.00505722140874874,0.0112957524206626));
#13982=CARTESIAN_POINT('',(0.350652,-0.05222,0.008763));
#13983=CARTESIAN_POINT('',(0.350652,-0.0519888173921156,0.008763));
#13984=CARTESIAN_POINT('',(0.350652,-0.0514562078136219,0.00878745720634835));
#13985=CARTESIAN_POINT('',(0.350652,-0.0503610583080576,0.00886469943903904));
#13986=CARTESIAN_POINT('',(0.350652,-0.0484094965318915,0.00903096529344073));
#13987=CARTESIAN_POINT('',(0.350652,-0.0444863771053531,0.00938743301508969));
#13988=CARTESIAN_POINT('',(0.350652,-0.0366194736756075,0.010060187557211));
#13989=CARTESIAN_POINT('',(0.350652,-0.0231077739455861,0.0109383715766983));
#13990=CARTESIAN_POINT('',(0.350652,-0.0118270359057012,0.0112572576269573));
#13991=CARTESIAN_POINT('',(0.350652,-0.00505722140874874,0.0112957524206626));
#13992=CARTESIAN_POINT('',(0.350652001132112,-0.00505722387872483,0.0112961912334951));
#13993=CARTESIAN_POINT('',(0.350984243265259,-0.00505718322334965,0.0112953342964887));
#13994=CARTESIAN_POINT('',(0.351645405356355,-0.00505556388859178,0.0110194420475495));
#13995=CARTESIAN_POINT('',(0.351920627514117,-0.00505184564918633,0.0103580092052425));
#13996=CARTESIAN_POINT('',(0.351921145626662,-0.00505000012985443,0.0100257714939926));
#13997=CARTESIAN_POINT('',(0.340482352516809,-0.00505057850052348,0.0098001364000443));
#13998=CARTESIAN_POINT('',(0.351558223029609,-0.0021927133566006,0.0100329986556634));
#13999=CARTESIAN_POINT('',(0.35155772525507,-0.00219287759505118,0.0103652384250879));
#14000=CARTESIAN_POINT('',(0.351291244379535,-0.00226170811022589,0.0110266716638305));
#14001=CARTESIAN_POINT('',(0.350651072662614,-0.00242695859544277,0.0113025630824437));
#14002=CARTESIAN_POINT('',(0.350329378744352,-0.00250999971250706,0.0113034201048806));
#14003=CARTESIAN_POINT('',(0.340492,-0.00504999999999984,0.010033));
#14004=CARTESIAN_POINT('',(0.340492,0.00511000000000008,0.010033));
#14005=CARTESIAN_POINT('',(0.340492,-0.14397,0.010033));
#14006=CARTESIAN_POINT('',(0.340492,-0.15413,0.010033));
#14007=CARTESIAN_POINT('',(0.350652,-0.14397,0.010033));
#14008=CARTESIAN_POINT('',(0.350652,-0.10924,0.010033));
#14009=CARTESIAN_POINT('',(0.350652,-0.0877005549299084,0.010033));
#14010=CARTESIAN_POINT('',(0.350652,-0.0877005549299084,-0.029972));
#14011=CARTESIAN_POINT('',(0.350652,-0.0818660135735458,0.0096052428569866));
#14012=CARTESIAN_POINT('',(0.350652,-0.0877005549299084,-0.029972));
#14013=CARTESIAN_POINT('',(0.350652,-0.104895604526713,0.0130003025209938));
#14014=CARTESIAN_POINT('',(0.295997,-0.069985,0.011303));
#14015=CARTESIAN_POINT('',(0.295997,-0.069985,0.006985));
#14016=CARTESIAN_POINT('',(0.295997,-0.069985,0.006985));
#14017=CARTESIAN_POINT('',(0.295997,-0.069985,0.011303));
#14018=CARTESIAN_POINT('',(0.321797,-0.069985,0.011303));
#14019=CARTESIAN_POINT('',(0.321797,-0.069985,0.006985));
#14020=CARTESIAN_POINT('',(0.318495,-0.069985,0.006985));
#14021=CARTESIAN_POINT('',(0.318495,-0.069985,0.011303));
#14022=CARTESIAN_POINT('',(0.321797,-0.0680785894107505,0.006223));
#14023=CARTESIAN_POINT('',(0.321797,-0.0680785894107505,0.006985));
#14024=CARTESIAN_POINT('',(0.307697,-0.064335,0.006985));
#14025=CARTESIAN_POINT('',(0.287547,-0.071385,0.006985));
#14026=CARTESIAN_POINT('',(0.287547,-0.071385,0.006985));
#14027=CARTESIAN_POINT('',(0.327847,-0.071385,0.006985));
#14028=CARTESIAN_POINT('',(0.287547,-0.057285,0.006985));
#14029=CARTESIAN_POINT('',(0.287547,-0.057285,0.006985));
#14030=CARTESIAN_POINT('',(0.327847,-0.057285,0.006985));
#14031=CARTESIAN_POINT('',(0.327847,-0.057285,0.006985));
#14032=CARTESIAN_POINT('',(0.327847,-0.071385,0.006985));
#14033=CARTESIAN_POINT('',(0.287547,-0.071385,0.006223));
#14034=CARTESIAN_POINT('',(0.170242,-0.071385,0.006223));
#14035=CARTESIAN_POINT('',(0.287547,-0.071385,0.006223));
#14036=CARTESIAN_POINT('',(0.327847,-0.071385,0.006223));
#14037=CARTESIAN_POINT('',(0.287547,-0.071385,0.006223));
#14038=CARTESIAN_POINT('',(0.327847,-0.071385,0.006223));
#14039=CARTESIAN_POINT('',(0.327847,-0.071385,0.006223));
#14040=CARTESIAN_POINT('',(0.327847,-0.07451,0.006223));
#14041=CARTESIAN_POINT('',(0.327847,-0.057285,0.006223));
#14042=CARTESIAN_POINT('',(0.327847,-0.057285,0.006223));
#14043=CARTESIAN_POINT('',(0.327847,-0.057285,0.006223));
#14044=CARTESIAN_POINT('',(0.170242,-0.057285,0.006223));
#14045=CARTESIAN_POINT('',(0.287547,-0.057285,0.006223));
#14046=CARTESIAN_POINT('',(0.287547,-0.057285,0.006223));
#14047=CARTESIAN_POINT('',(0.287547,-0.057285,0.006223));
#14048=CARTESIAN_POINT('',(0.287547,-0.07451,0.006223));
#14049=CARTESIAN_POINT('',(0.292992,-0.05222,0.011303));
#14050=CARTESIAN_POINT('',(0.292992,-0.063365,0.010033));
#14051=CARTESIAN_POINT('',(0.292992,-0.00250999999999993,0.010033));
#14052=CARTESIAN_POINT('',(0.292992,-0.07451,0.006223));
#14053=CARTESIAN_POINT('',(0.292992,-0.00250999999999994,0.011303));
#14054=CARTESIAN_POINT('',(0.292992,-0.00250999999999994,0.011303));
#14055=CARTESIAN_POINT('',(0.231617,-0.00250999999999994,0.010033));
#14056=CARTESIAN_POINT('',(0.170242,-0.00250999999999995,0.006223));
#14057=CARTESIAN_POINT('',(0.291722,-0.063365,0.010033));
#14058=CARTESIAN_POINT('',(0.291722,-0.00123999999999994,0.010033));
#14059=CARTESIAN_POINT('',(0.231617,-0.00123999999999994,0.010033));
#14060=CARTESIAN_POINT('',(0.075607,-0.00947,0.008763));
#14061=CARTESIAN_POINT('',(0.135730471383383,-0.07451,0.008763));
#14062=CARTESIAN_POINT('',(0.135730471383383,-0.00519999999999993,0.008763));
#14063=CARTESIAN_POINT('',(0.135730471383383,-0.01374,0.008763));
#14064=CARTESIAN_POINT('',(0.146742,-0.00519999999999993,0.008763));
#14065=CARTESIAN_POINT('',(0.146742,-0.00519999999999993,0.008763));
#14066=CARTESIAN_POINT('',(0.146742,-0.01374,0.008763));
#14067=CARTESIAN_POINT('',(0.146742,-0.01374,0.008763));
#14068=CARTESIAN_POINT('',(0.004472,-0.01374,0.008763));
#14069=CARTESIAN_POINT('',(0.146742,-0.01374,0.006223));
#14070=CARTESIAN_POINT('',(0.146742,-0.07451,0.006223));
#14071=CARTESIAN_POINT('',(0.146742,-0.01374,0.006223));
#14072=CARTESIAN_POINT('',(0.146742,-0.00519999999999993,0.006223));
#14073=CARTESIAN_POINT('',(0.146742,-0.01374,0.006223));
#14074=CARTESIAN_POINT('',(0.146742,-0.00519999999999993,0.006223));
#14075=CARTESIAN_POINT('',(0.146742,-0.00519999999999993,0.006223));
#14076=CARTESIAN_POINT('',(0.135730471383383,-0.00519999999999993,0.00955880273915273));
#14077=CARTESIAN_POINT('',(0.135730471383383,-0.00519999999999993,0.006223));
#14078=CARTESIAN_POINT('',(0.170242,-0.00519999999999993,0.006223));
#14079=CARTESIAN_POINT('',(0.004472,-0.01374,0.006223));
#14080=CARTESIAN_POINT('',(0.135730471383383,-0.01374,0.00955880273915273));
#14081=CARTESIAN_POINT('',(0.135730471383383,-0.01374,0.006223));
#14082=CARTESIAN_POINT('',(0.170242,-0.01374,0.006223));
#14083=CARTESIAN_POINT('',(0.328992,-0.00746999999999989,0.008763));
#14084=CARTESIAN_POINT('',(0.333008,-0.0034539999999999,0.008763));
#14085=CARTESIAN_POINT('',(0.333008,-0.0034539999999999,0.008763));
#14086=CARTESIAN_POINT('',(0.324976,-0.0034539999999999,0.008763));
#14087=CARTESIAN_POINT('',(0.333008,-0.011486,0.008763));
#14088=CARTESIAN_POINT('',(0.333008,-0.011486,0.008763));
#14089=CARTESIAN_POINT('',(0.324976,-0.011486,0.008763));
#14090=CARTESIAN_POINT('',(0.324976,-0.011486,0.008763));
#14091=CARTESIAN_POINT('',(0.324976,-0.0034539999999999,0.008763));
#14092=CARTESIAN_POINT('',(0.333008,-0.0034539999999999,0.006223));
#14093=CARTESIAN_POINT('',(0.170242,-0.00345399999999992,0.006223));
#14094=CARTESIAN_POINT('',(0.333008,-0.00345399999999991,0.006223));
#14095=CARTESIAN_POINT('',(0.324976,-0.00345399999999991,0.006223));
#14096=CARTESIAN_POINT('',(0.333008,-0.0034539999999999,0.006223));
#14097=CARTESIAN_POINT('',(0.324976,-0.0034539999999999,0.006223));
#14098=CARTESIAN_POINT('',(0.324976,-0.0034539999999999,0.006223));
#14099=CARTESIAN_POINT('',(0.324976,-0.07451,0.006223));
#14100=CARTESIAN_POINT('',(0.324976,-0.011486,0.006223));
#14101=CARTESIAN_POINT('',(0.324976,-0.011486,0.006223));
#14102=CARTESIAN_POINT('',(0.324976,-0.011486,0.006223));
#14103=CARTESIAN_POINT('',(0.170242,-0.011486,0.006223));
#14104=CARTESIAN_POINT('',(0.333008,-0.011486,0.006223));
#14105=CARTESIAN_POINT('',(0.333008,-0.011486,0.006223));
#14106=CARTESIAN_POINT('',(0.333008,-0.011486,0.006223));
#14107=CARTESIAN_POINT('',(0.333008,-0.07451,0.006223));
#14108=CARTESIAN_POINT('',(0.170242,-0.14778,0.008763));
#14109=CARTESIAN_POINT('',(0.170242,-0.14778,0.008763));
#14110=CARTESIAN_POINT('',(0.1723375,-0.14778,0.008763));
#14111=CARTESIAN_POINT('',(0.170242,-0.14778,0.006223));
#14112=CARTESIAN_POINT('',(0.170242,-0.14778,0.006223));
#14113=CARTESIAN_POINT('',(0.1723375,-0.14778,0.006223));
#14114=CARTESIAN_POINT('',(0.320742,-0.00421999999999991,0.008763));
#14115=CARTESIAN_POINT('',(0.320742,-0.00421999999999991,0.008763));
#14116=CARTESIAN_POINT('',(0.3228375,-0.00421999999999991,0.008763));
#14117=CARTESIAN_POINT('',(0.320742,-0.00421999999999991,0.006223));
#14118=CARTESIAN_POINT('',(0.320742,-0.00421999999999991,0.006223));
#14119=CARTESIAN_POINT('',(0.3228375,-0.00421999999999991,0.006223));
#14120=CARTESIAN_POINT('',(0.344302,-0.03799,0.008763));
#14121=CARTESIAN_POINT('',(0.344302,-0.03799,0.008763));
#14122=CARTESIAN_POINT('',(0.3463975,-0.03799,0.008763));
#14123=CARTESIAN_POINT('',(0.344302,-0.03799,0.006223));
#14124=CARTESIAN_POINT('',(0.344302,-0.03799,0.006223));
#14125=CARTESIAN_POINT('',(0.3463975,-0.03799,0.006223));
#14126=CARTESIAN_POINT('',(0.285812,-0.14778,0.008763));
#14127=CARTESIAN_POINT('',(0.285812,-0.14778,0.008763));
#14128=CARTESIAN_POINT('',(0.2879075,-0.14778,0.008763));
#14129=CARTESIAN_POINT('',(0.285812,-0.14778,0.006223));
#14130=CARTESIAN_POINT('',(0.285812,-0.14778,0.006223));
#14131=CARTESIAN_POINT('',(0.2879075,-0.14778,0.006223));
#14132=CARTESIAN_POINT('',(0.151992,-0.00421999999999991,0.008763));
#14133=CARTESIAN_POINT('',(0.151992,-0.00421999999999991,0.008763));
#14134=CARTESIAN_POINT('',(0.1540875,-0.00421999999999991,0.008763));
#14135=CARTESIAN_POINT('',(0.151992,-0.00421999999999991,0.006223));
#14136=CARTESIAN_POINT('',(0.151992,-0.00421999999999991,0.006223));
#14137=CARTESIAN_POINT('',(0.1540875,-0.00421999999999991,0.006223));
#14138=CARTESIAN_POINT('',(0.344302,-0.10595,0.008763));
#14139=CARTESIAN_POINT('',(0.344302,-0.10595,0.008763));
#14140=CARTESIAN_POINT('',(0.3463975,-0.10595,0.008763));
#14141=CARTESIAN_POINT('',(0.344302,-0.10595,0.006223));
#14142=CARTESIAN_POINT('',(0.344302,-0.10595,0.006223));
#14143=CARTESIAN_POINT('',(0.3463975,-0.10595,0.006223));
#14144=CARTESIAN_POINT('',(0.170242,-0.07451,0.006223));
#14145=CARTESIAN_POINT('',(0.135730471383383,-0.07451,0.006223));
#14146=CARTESIAN_POINT('',(0.15685,-0.07451,0.006223));
#14147=CARTESIAN_POINT('',(0.15685,-0.008996,0.006223));
#14148=CARTESIAN_POINT('',(0.170242,-0.008996,0.006223));
#14149=CARTESIAN_POINT('',(0.150292,-0.008996,0.006223));
#14150=CARTESIAN_POINT('',(0.150292,-0.008996,0.006223));
#14151=CARTESIAN_POINT('',(0.149022,-0.010266,0.006223));
#14152=CARTESIAN_POINT('',(0.149022,-0.07451,0.006223));
#14153=CARTESIAN_POINT('',(0.149022,-0.015854,0.006223));
#14154=CARTESIAN_POINT('',(0.149022,-0.015854,0.006223));
#14155=CARTESIAN_POINT('',(0.150292,-0.017124,0.006223));
#14156=CARTESIAN_POINT('',(0.170242,-0.017124,0.006223));
#14157=CARTESIAN_POINT('',(0.283162,-0.017124,0.006223));
#14158=CARTESIAN_POINT('',(0.283162,-0.017124,0.006223));
#14159=CARTESIAN_POINT('',(0.284432,-0.015854,0.006223));
#14160=CARTESIAN_POINT('',(0.284432,-0.07451,0.006223));
#14161=CARTESIAN_POINT('',(0.284432,-0.008996,0.006223));
#14162=CARTESIAN_POINT('',(0.170242,-0.008996,0.006223));
#14163=CARTESIAN_POINT('',(0.277574,-0.008996,0.006223));
#14164=CARTESIAN_POINT('',(0.277574,-0.07451,0.006223));
#14165=CARTESIAN_POINT('',(0.277574,0.00307800000000008,0.006223));
#14166=CARTESIAN_POINT('',(0.254922,0.00307800000000009,0.006223));
#14167=CARTESIAN_POINT('',(0.2494388,0.00307800000000009,0.006223));
#14168=CARTESIAN_POINT('',(0.2494388,0.00638000000000008,0.006223));
#14169=CARTESIAN_POINT('',(0.170242,-0.1554,0.006223));
#14170=CARTESIAN_POINT('',(0.135730471383383,-0.1554,0.006223));
#14171=CARTESIAN_POINT('',(0.135730471383383,-0.07451,0.006223));
#14172=CARTESIAN_POINT('',(0.170242,-0.0437000488683749,0.006223));
#14173=CARTESIAN_POINT('',(0.135730471383383,-0.0437000488683747,0.006223));
#14174=CARTESIAN_POINT('',(0.135730471383383,-0.07451,0.006223));
#14175=CARTESIAN_POINT('',(0.170242,-0.0198081848288371,0.006223));
#14176=CARTESIAN_POINT('',(0.135730471383383,-0.0198081848288371,0.006223));
#14177=CARTESIAN_POINT('',(0.135730471383383,-0.07451,0.006223));
#14178=CARTESIAN_POINT('',(0.320813829056603,-0.075326487012298,0.006223));
#14179=CARTESIAN_POINT('',(0.320813829056603,-0.075326487012298,0.006223));
#14180=CARTESIAN_POINT('',(0.301739813886003,-0.0795944942681521,0.006223));
#14181=CARTESIAN_POINT('',(0.301739813886003,-0.07451,0.006223));
#14182=CARTESIAN_POINT('',(0.170242,-0.075326487012298,0.006223));
#14183=CARTESIAN_POINT('',(0.15685,-0.008996,0.006223));
#14184=CARTESIAN_POINT('',(0.15685,-0.008996,0.006223));
#14185=CARTESIAN_POINT('',(0.15685,-0.008996,0.008509));
#14186=CARTESIAN_POINT('',(0.157485,-0.008996,0.009144));
#14187=CARTESIAN_POINT('',(0.15812,-0.008996,0.009779));
#14188=CARTESIAN_POINT('',(0.15685,-0.008996,0.009779));
#14189=CARTESIAN_POINT('',(0.150292,-0.008996,0.009779));
#14190=CARTESIAN_POINT('',(0.150292,-0.008996,0.006223));
#14191=CARTESIAN_POINT('',(0.150292,-0.008996,0.006223));
#14192=CARTESIAN_POINT('',(0.150292,-0.008996,0.009779));
#14193=CARTESIAN_POINT('',(0.149022,-0.010266,0.009779));
#14194=CARTESIAN_POINT('',(0.149022,-0.010266,0.006223));
#14195=CARTESIAN_POINT('',(0.149022,-0.010266,0.006223));
#14196=CARTESIAN_POINT('',(0.149022,-0.010266,0.009779));
#14197=CARTESIAN_POINT('',(0.149022,-0.015854,0.009779));
#14198=CARTESIAN_POINT('',(0.149022,-0.015854,0.006223));
#14199=CARTESIAN_POINT('',(0.149022,-0.015854,0.006223));
#14200=CARTESIAN_POINT('',(0.149022,-0.015854,0.009779));
#14201=CARTESIAN_POINT('',(0.150292,-0.017124,0.009779));
#14202=CARTESIAN_POINT('',(0.150292,-0.017124,0.006223));
#14203=CARTESIAN_POINT('',(0.150292,-0.017124,0.006223));
#14204=CARTESIAN_POINT('',(0.150292,-0.017124,0.009779));
#14205=CARTESIAN_POINT('',(0.283162,-0.017124,0.009779));
#14206=CARTESIAN_POINT('',(0.283162,-0.017124,0.006223));
#14207=CARTESIAN_POINT('',(0.283162,-0.017124,0.006223));
#14208=CARTESIAN_POINT('',(0.283162,-0.017124,0.009779));
#14209=CARTESIAN_POINT('',(0.284432,-0.015854,0.009779));
#14210=CARTESIAN_POINT('',(0.284432,-0.015854,0.006223));
#14211=CARTESIAN_POINT('',(0.284432,-0.015854,0.006223));
#14212=CARTESIAN_POINT('',(0.284432,-0.015854,0.009779));
#14213=CARTESIAN_POINT('',(0.284432,-0.008996,0.009779));
#14214=CARTESIAN_POINT('',(0.284432,-0.008996,0.006223));
#14215=CARTESIAN_POINT('',(0.284432,-0.008996,0.006223));
#14216=CARTESIAN_POINT('',(0.284432,-0.008996,0.009779));
#14217=CARTESIAN_POINT('',(0.276304,-0.008996,0.009779));
#14218=CARTESIAN_POINT('',(0.276939,-0.008996,0.009144));
#14219=CARTESIAN_POINT('',(0.277574,-0.008996,0.008509));
#14220=CARTESIAN_POINT('',(0.277574,-0.008996,0.006223));
#14221=CARTESIAN_POINT('',(0.277574,-0.008996,0.006223));
#14222=CARTESIAN_POINT('',(0.277574,0.00307800000000007,0.006223));
#14223=CARTESIAN_POINT('',(0.277574,0.00307800000000007,0.008509));
#14224=CARTESIAN_POINT('',(0.277574,-0.007184,0.008509));
#14225=CARTESIAN_POINT('',(0.228282,0.00307800000000009,0.008006));
#14226=CARTESIAN_POINT('',(0.216727,0.00307800000000009,0.009779));
#14227=CARTESIAN_POINT('',(0.2230288,0.00307800000000009,0.009779));
#14228=CARTESIAN_POINT('',(0.2335352,0.00307800000000009,0.009779));
#14229=CARTESIAN_POINT('',(0.2236638,0.00307800000000009,0.009144));
#14230=CARTESIAN_POINT('',(0.2242988,0.00307800000000009,0.00850899999999977));
#14231=CARTESIAN_POINT('',(0.2242988,0.00307800000000009,0.008006));
#14232=CARTESIAN_POINT('',(0.2242988,0.00307800000000009,0.006223));
#14233=CARTESIAN_POINT('',(0.228282,0.00307800000000009,0.006223));
#14234=CARTESIAN_POINT('',(0.2322652,0.00307800000000009,0.006223));
#14235=CARTESIAN_POINT('',(0.2322652,0.00307800000000009,0.008006));
#14236=CARTESIAN_POINT('',(0.2322652,0.00307800000000009,0.008509));
#14237=CARTESIAN_POINT('',(0.2329002,0.00307800000000009,0.009144));
#14238=CARTESIAN_POINT('',(0.2242988,0.00638000000000008,0.006223));
#14239=CARTESIAN_POINT('',(0.2322652,0.00638000000000008,0.006223));
#14240=CARTESIAN_POINT('',(0.2242988,0.00638000000000008,0.006223));
#14241=CARTESIAN_POINT('',(0.2242988,0.00638000000000008,0.009789));
#14242=CARTESIAN_POINT('',(0.2242988,0.00050400000000008,0.00850899999999985));
#14243=CARTESIAN_POINT('',(0.203142,0.00307800000000009,0.008006));
#14244=CARTESIAN_POINT('',(0.216727,0.00307800000000009,0.009779));
#14245=CARTESIAN_POINT('',(0.1978888,0.00307800000000009,0.009779));
#14246=CARTESIAN_POINT('',(0.2083952,0.00307800000000009,0.009779));
#14247=CARTESIAN_POINT('',(0.1985238,0.00307800000000009,0.009144));
#14248=CARTESIAN_POINT('',(0.1991588,0.00307800000000009,0.008509));
#14249=CARTESIAN_POINT('',(0.1991588,0.00307800000000009,0.008006));
#14250=CARTESIAN_POINT('',(0.1991588,0.00307800000000009,0.006223));
#14251=CARTESIAN_POINT('',(0.203142,0.00307800000000009,0.006223));
#14252=CARTESIAN_POINT('',(0.2071252,0.00307800000000009,0.006223));
#14253=CARTESIAN_POINT('',(0.2071252,0.00307800000000009,0.008006));
#14254=CARTESIAN_POINT('',(0.2071252,0.00307800000000009,0.008509));
#14255=CARTESIAN_POINT('',(0.2077602,0.00307800000000009,0.009144));
#14256=CARTESIAN_POINT('',(0.1991588,0.00638000000000008,0.006223));
#14257=CARTESIAN_POINT('',(0.2071252,0.00638000000000008,0.006223));
#14258=CARTESIAN_POINT('',(0.1991588,0.00638000000000008,0.006223));
#14259=CARTESIAN_POINT('',(0.1991588,0.00638000000000008,0.009789));
#14260=CARTESIAN_POINT('',(0.1991588,0.00050400000000008,0.008509));
#14261=CARTESIAN_POINT('',(0.254922,0.00307800000000009,0.008006));
#14262=CARTESIAN_POINT('',(0.216727,0.00307800000000009,0.009779));
#14263=CARTESIAN_POINT('',(0.2481688,0.00307800000000009,0.009779));
#14264=CARTESIAN_POINT('',(0.276304,0.00307800000000008,0.009779));
#14265=CARTESIAN_POINT('',(0.2488038,0.00307800000000009,0.009144));
#14266=CARTESIAN_POINT('',(0.2494388,0.00307800000000009,0.008509));
#14267=CARTESIAN_POINT('',(0.2494388,0.00307800000000009,0.008006));
#14268=CARTESIAN_POINT('',(0.276939,0.00307800000000008,0.009144));
#14269=CARTESIAN_POINT('',(0.2494388,0.00638000000000008,0.009789));
#14270=CARTESIAN_POINT('',(0.2494388,0.00050400000000008,0.008509));
#14271=CARTESIAN_POINT('',(0.178002,0.00307800000000009,0.008006));
#14272=CARTESIAN_POINT('',(0.216727,0.00307800000000009,0.009779));
#14273=CARTESIAN_POINT('',(0.1727488,0.00307800000000009,0.009779));
#14274=CARTESIAN_POINT('',(0.1832552,0.00307800000000009,0.009779));
#14275=CARTESIAN_POINT('',(0.1733838,0.00307800000000009,0.009144));
#14276=CARTESIAN_POINT('',(0.1740188,0.00307800000000009,0.008509));
#14277=CARTESIAN_POINT('',(0.1740188,0.00307800000000009,0.008006));
#14278=CARTESIAN_POINT('',(0.1740188,0.00307800000000009,0.006223));
#14279=CARTESIAN_POINT('',(0.178002,0.00307800000000009,0.006223));
#14280=CARTESIAN_POINT('',(0.1819852,0.00307800000000009,0.006223));
#14281=CARTESIAN_POINT('',(0.1819852,0.00307800000000009,0.008006));
#14282=CARTESIAN_POINT('',(0.1819852,0.00307800000000009,0.008509));
#14283=CARTESIAN_POINT('',(0.1826202,0.00307800000000009,0.009144));
#14284=CARTESIAN_POINT('',(0.1740188,0.00638000000000008,0.006223));
#14285=CARTESIAN_POINT('',(0.1819852,0.00638000000000008,0.006223));
#14286=CARTESIAN_POINT('',(0.1740188,0.00638000000000008,0.006223));
#14287=CARTESIAN_POINT('',(0.1740188,0.00638000000000008,0.009789));
#14288=CARTESIAN_POINT('',(0.1740188,0.00050400000000008,0.008509));
#14289=CARTESIAN_POINT('',(0.1985238,0.00050400000000008,0.009144));
#14290=CARTESIAN_POINT('',(0.1978888,0.00050400000000008,0.009779));
#14291=CARTESIAN_POINT('',(0.2236638,0.00050400000000008,0.009144));
#14292=CARTESIAN_POINT('',(0.2230288,0.00050400000000008,0.00977899999999988));
#14293=CARTESIAN_POINT('',(0.1733838,0.00050400000000008,0.009144));
#14294=CARTESIAN_POINT('',(0.1727488,0.00050400000000008,0.009779));
#14295=CARTESIAN_POINT('',(0.2488038,0.00050400000000008,0.009144));
#14296=CARTESIAN_POINT('',(0.2481688,0.00050400000000008,0.009779));
#14297=CARTESIAN_POINT('',(0.216727,-0.00537199999999993,0.009779));
#14298=CARTESIAN_POINT('',(0.276304,-0.007184,0.009779));
#14299=CARTESIAN_POINT('',(0.15812,0.000504000000000085,0.009779));
#14300=CARTESIAN_POINT('',(0.1832552,0.00050400000000008,0.009779));
#14301=CARTESIAN_POINT('',(0.2083952,0.00050400000000008,0.009779));
#14302=CARTESIAN_POINT('',(0.2335352,0.00050400000000008,0.00977900000000014));
#14303=CARTESIAN_POINT('',(0.276939,-0.007184,0.009144));
#14304=CARTESIAN_POINT('',(0.15685,0.00638000000000008,0.006223));
#14305=CARTESIAN_POINT('',(0.15685,0.000504000000000085,0.008509));
#14306=CARTESIAN_POINT('',(0.157485,0.000504000000000085,0.009144));
#14307=CARTESIAN_POINT('',(0.1819852,0.00638000000000008,0.006223));
#14308=CARTESIAN_POINT('',(0.1819852,0.00050400000000008,0.008509));
#14309=CARTESIAN_POINT('',(0.1826202,0.00050400000000008,0.009144));
#14310=CARTESIAN_POINT('',(0.2071252,0.00638000000000008,0.006223));
#14311=CARTESIAN_POINT('',(0.2071252,0.00050400000000008,0.008509));
#14312=CARTESIAN_POINT('',(0.2077602,0.00050400000000008,0.009144));
#14313=CARTESIAN_POINT('',(0.2322652,0.00638000000000008,0.006223));
#14314=CARTESIAN_POINT('',(0.2322652,0.00050400000000008,0.008509));
#14315=CARTESIAN_POINT('',(0.2329002,0.00050400000000008,0.009144));
#14316=CARTESIAN_POINT('',(0.301739813886003,-0.118766175006552,0.011303));
#14317=CARTESIAN_POINT('',(0.301739813886003,-0.0795944942681519,0.00798664543319489));
#14318=CARTESIAN_POINT('',(0.301739813886003,-0.0804134085483241,0.00810737110507268));
#14319=CARTESIAN_POINT('',(0.301739813886003,-0.0812323228284962,0.00822809677695047));
#14320=CARTESIAN_POINT('',(0.301739813886003,-0.0820512371086684,0.00834882244882826));
#14321=CARTESIAN_POINT('',(0.301739813886003,-0.0820512371109494,0.00834882244977531));
#14322=CARTESIAN_POINT('',(0.301739813886003,-0.0795944943041766,0.00798664543850569));
#14323=CARTESIAN_POINT('',(0.301739813886003,-0.0820512371086684,0.00834882244882826));
#14324=CARTESIAN_POINT('',(0.301739813886003,-0.08392087629088,0.00862444769057411));
#14325=CARTESIAN_POINT('',(0.301739813886003,-0.0858107083896968,0.008763));
#14326=CARTESIAN_POINT('',(0.301739813886003,-0.0877005549299082,0.008763));
#14327=CARTESIAN_POINT('',(0.301739813886003,-0.0877005549275138,0.00876300000065316));
#14328=CARTESIAN_POINT('',(0.301739813886003,-0.0877005549299082,0.008763));
#14329=CARTESIAN_POINT('',(0.301739813886003,-0.0980557616010812,0.008763));
#14330=CARTESIAN_POINT('',(0.301739813886003,-0.108410968272254,0.008763));
#14331=CARTESIAN_POINT('',(0.301739813886003,-0.118766174943427,0.008763));
#14332=CARTESIAN_POINT('',(0.301739813886003,-0.0795944942681521,0.011303));
#14333=CARTESIAN_POINT('',(0.301739813886003,-0.0795944942681521,0.011303));
#14334=CARTESIAN_POINT('',(0.320813828977075,-0.0753264870300933,0.00738358589029316));
#14335=CARTESIAN_POINT('',(0.314455825916543,-0.0767491556686776,0.00759331800928704));
#14336=CARTESIAN_POINT('',(0.30809782285601,-0.078171824307262,0.00780305012828092));
#14337=CARTESIAN_POINT('',(0.301739819795477,-0.0795944929458464,0.00801278224727479));
#14338=CARTESIAN_POINT('',(0.301739760592305,-0.0795945058923397,0.00801278685097301));
#14339=CARTESIAN_POINT('',(0.320813828894512,-0.0753264869862343,0.00738490051647823));
#14340=CARTESIAN_POINT('',(0.301739760697641,-0.0795945061695957,0.00801278685114831));
#14341=CARTESIAN_POINT('',(0.301739795998024,-0.0795944982707716,0.00800406659498256));
#14342=CARTESIAN_POINT('',(0.301739813886003,-0.0795944942681521,0.00799535122660169));
#14343=CARTESIAN_POINT('',(0.301739813886003,-0.0795944942681521,0.00798664543319489));
#14344=CARTESIAN_POINT('',(0.320813829056603,-0.0753264870122979,0.011303));
#14345=CARTESIAN_POINT('',(0.320813829056603,-0.0753264870122979,0.011303));
#14346=CARTESIAN_POINT('',(0.340911486983967,-0.0753264870122979,0.00738490160316347));
#14347=CARTESIAN_POINT('',(0.334212267674846,-0.0753264870122979,0.00738490160315138));
#14348=CARTESIAN_POINT('',(0.327513048365725,-0.0753264870122979,0.00738490160313931));
#14349=CARTESIAN_POINT('',(0.320813829056603,-0.0753264870122979,0.00738490160312723));
#14350=CARTESIAN_POINT('',(0.340911545834269,-0.0753264867955066,0.00738490454562965));
#14351=CARTESIAN_POINT('',(0.340911486983968,-0.0753264870122979,0.00735744887866179));
#14352=CARTESIAN_POINT('',(0.340911486983968,-0.0753264870122979,0.00736660217326329));
#14353=CARTESIAN_POINT('',(0.340911506905685,-0.0753264870122979,0.00737575590813567));
#14354=CARTESIAN_POINT('',(0.340911545835363,-0.0753264870122979,0.00738490454562496));
#14355=CARTESIAN_POINT('',(0.261082,-0.0877005549299084,-0.029972));
#14356=CARTESIAN_POINT('',(0.341927486983968,-0.0816807900384232,0.0108616632651449));
#14357=CARTESIAN_POINT('',(0.341927486983968,-0.083673028511272,0.0111553622932347));
#14358=CARTESIAN_POINT('',(0.341927486983968,-0.0856867840264043,0.011303));
#14359=CARTESIAN_POINT('',(0.341927486983968,-0.0877005549299084,0.011303));
#14360=CARTESIAN_POINT('',(0.341927486983968,-0.0742771941304671,0.00977021314400182));
#14361=CARTESIAN_POINT('',(0.341927486983968,-0.0816807900384231,0.0108616632651449));
#14362=CARTESIAN_POINT('',(0.341807750235099,-0.0742771941304671,0.00977021314400182));
#14363=CARTESIAN_POINT('',(0.341807750235099,-0.0816807900384231,0.0108616632651449));
#14364=CARTESIAN_POINT('',(0.341549698127154,-0.0742929490980141,0.00966334301681969));
#14365=CARTESIAN_POINT('',(0.341549698127154,-0.0816965450059701,0.0107547931379628));
#14366=CARTESIAN_POINT('',(0.341064497564519,-0.0744063239441734,0.00889429133884456));
#14367=CARTESIAN_POINT('',(0.341064497564519,-0.0818099198521294,0.00998574145998762));
#14368=CARTESIAN_POINT('',(0.340911486983968,-0.0745603259910464,0.00784965457353663));
#14369=CARTESIAN_POINT('',(0.340911486983968,-0.0819639218990024,0.00894110469467969));
#14370=CARTESIAN_POINT('',(0.340911486983968,-0.0746476412032898,0.0072573723102028));
#14371=CARTESIAN_POINT('',(0.340911486983968,-0.0820512371112458,0.00834882243134586));
#14372=CARTESIAN_POINT('',(0.340911486983968,-0.0820512371086685,0.00834882244882828));
#14373=CARTESIAN_POINT('',(0.340911486983968,-0.0819639218968547,0.00894110470924822));
#14374=CARTESIAN_POINT('',(0.341064497568635,-0.0818099198507199,0.00998574146954917));
#14375=CARTESIAN_POINT('',(0.341549698129051,-0.0816965450058253,0.010754793138945));
#14376=CARTESIAN_POINT('',(0.341807750235688,-0.0816807900384231,0.0108616632651449));
#14377=CARTESIAN_POINT('',(0.341927486983968,-0.0816807900384231,0.0108616632651449));
#14378=CARTESIAN_POINT('',(0.341927486896582,-0.074321350766101,0.00977672278687145));
#14379=CARTESIAN_POINT('',(0.341821016013329,-0.0744192241851315,0.00979115142155559));
#14380=CARTESIAN_POINT('',(0.341683261093183,-0.0745467916764789,0.00974445023369176));
#14381=CARTESIAN_POINT('',(0.341586553977234,-0.0746415162422366,0.00967676985753542));
#14382=CARTESIAN_POINT('',(0.341542573963606,-0.0746849080433672,0.00963906446681742));
#14383=CARTESIAN_POINT('',(0.341533219075478,-0.0746942076877675,0.00963141358184295));
#14384=CARTESIAN_POINT('',(0.341473845811731,-0.0747519133758993,0.0095720150591364));
#14385=CARTESIAN_POINT('',(0.341415529769405,-0.0748089458165011,0.00950180232136735));
#14386=CARTESIAN_POINT('',(0.341311731132195,-0.0749112947239525,0.00935207261134179));
#14387=CARTESIAN_POINT('',(0.341199377259276,-0.0750259695524421,0.00912481930393568));
#14388=CARTESIAN_POINT('',(0.341068190315373,-0.0751605456960767,0.00873377810472054));
#14389=CARTESIAN_POINT('',(0.340951275685913,-0.0752834429684838,0.00818386314674065));
#14390=CARTESIAN_POINT('',(0.340912919561089,-0.0753264881151213,0.00770146723658745));
#14391=CARTESIAN_POINT('',(0.340911546591245,-0.0753264863619159,0.00738490454234924));
#14392=CARTESIAN_POINT('',(0.340911486983968,-0.0877346447006451,0.0087414342598411));
#14393=CARTESIAN_POINT('',(0.340911486983968,-0.0858213777806331,0.00874304461643774));
#14394=CARTESIAN_POINT('',(0.340911486983968,-0.083913231600199,0.00860314803122126));
#14395=CARTESIAN_POINT('',(0.340911486983968,-0.0820206577897121,0.00832251077011699));
#14396=CARTESIAN_POINT('',(0.340911486983968,-0.0877351521092442,0.00934369408106518));
#14397=CARTESIAN_POINT('',(0.340911486983968,-0.0857921360136693,0.00934532950157438));
#14398=CARTESIAN_POINT('',(0.340911486983968,-0.0838543202776616,0.00920325770442784));
#14399=CARTESIAN_POINT('',(0.340911486983968,-0.0819323190428443,0.00891825687000029));
#14400=CARTESIAN_POINT('',(0.341059778406278,-0.0877360456173715,0.0104042280305119));
#14401=CARTESIAN_POINT('',(0.341059778406278,-0.0857406434758731,0.0104059075866736));
#14402=CARTESIAN_POINT('',(0.341059778406278,-0.0837505818987153,0.0102600054059985));
#14403=CARTESIAN_POINT('',(0.341059778406278,-0.0817767611975359,0.0099673206493049));
#14404=CARTESIAN_POINT('',(0.341548132651699,-0.0877367130402685,0.0111964140430842));
#14405=CARTESIAN_POINT('',(0.341548132651699,-0.0857021801450057,0.0111981265672112));
#14406=CARTESIAN_POINT('',(0.341548132651699,-0.0836730925427068,0.011049363208678));
#14407=CARTESIAN_POINT('',(0.341548132651699,-0.0816605643051467,0.0107509388000439));
#14408=CARTESIAN_POINT('',(0.341807031501066,-0.0877368028306139,0.0113029891337707));
#14409=CARTESIAN_POINT('',(0.341807031501066,-0.0856970055611198,0.011304706093174));
#14410=CARTESIAN_POINT('',(0.341807031501066,-0.083662667674036,0.0111555578120533));
#14411=CARTESIAN_POINT('',(0.341807031501066,-0.0816449319989114,0.0108563612313329));
#14412=CARTESIAN_POINT('',(0.341927486983968,-0.0877368028328032,0.0113029917323878));
#14413=CARTESIAN_POINT('',(0.341927486983968,-0.085697005434948,0.0113047086918993));
#14414=CARTESIAN_POINT('',(0.341927486983968,-0.0836626674198467,0.0111555604013931));
#14415=CARTESIAN_POINT('',(0.341927486983968,-0.0816449316177493,0.0108563638018449));
#14416=CARTESIAN_POINT('',(0.341927486983968,-0.0877005549299085,0.011303));
#14417=CARTESIAN_POINT('',(0.341807750235687,-0.0877005549299085,0.011303));
#14418=CARTESIAN_POINT('',(0.341550424570697,-0.0877005549299085,0.0111976379419591));
#14419=CARTESIAN_POINT('',(0.341064834342077,-0.0877005549299085,0.0104159698393403));
#14420=CARTESIAN_POINT('',(0.340911486983968,-0.0877005549299085,0.00936168374140461));
#14421=CARTESIAN_POINT('',(0.340911486983968,-0.0877005549299085,0.008763));
#14422=CARTESIAN_POINT('',(0.341927486983968,-0.0877005549299084,0.011303));
#14423=CARTESIAN_POINT('',(0.341927486983968,-0.114954009951165,0.011303));
#14424=CARTESIAN_POINT('',(0.341807750235687,-0.0877005549299084,0.011303));
#14425=CARTESIAN_POINT('',(0.341807750235687,-0.114954009951165,0.011303));
#14426=CARTESIAN_POINT('',(0.341550424570697,-0.0877005549299084,0.0111976379419591));
#14427=CARTESIAN_POINT('',(0.341550424570697,-0.114954009951165,0.0111976379419591));
#14428=CARTESIAN_POINT('',(0.341064834342077,-0.0877005549299084,0.0104159698393403));
#14429=CARTESIAN_POINT('',(0.341064834342077,-0.114954009951165,0.0104159698393403));
#14430=CARTESIAN_POINT('',(0.340911486983968,-0.0877005549299084,0.00936168374140461));
#14431=CARTESIAN_POINT('',(0.340911486983968,-0.114954009951165,0.00936168374140461));
#14432=CARTESIAN_POINT('',(0.340911486983968,-0.0877005549299084,0.008763));
#14433=CARTESIAN_POINT('',(0.340911486983968,-0.114954009951165,0.008763));
#14434=CARTESIAN_POINT('',(0.340911486983968,-0.113998175388392,0.008763));
#14435=CARTESIAN_POINT('',(0.340911486983968,-0.113998175388392,0.00905086627750443));
#14436=CARTESIAN_POINT('',(0.340946240499531,-0.114025583444129,0.00952022384073114));
#14437=CARTESIAN_POINT('',(0.341056334591019,-0.114111705415348,0.0101018130671499));
#14438=CARTESIAN_POINT('',(0.341184945085324,-0.114211562271353,0.0105164819596606));
#14439=CARTESIAN_POINT('',(0.341303517489372,-0.114304778788394,0.0107801233257357));
#14440=CARTESIAN_POINT('',(0.341480185890522,-0.114442643021791,0.0110710661547856));
#14441=CARTESIAN_POINT('',(0.341712063747974,-0.114620080614896,0.0112686557789457));
#14442=CARTESIAN_POINT('',(0.341857182621438,-0.1147334210031,0.0113029999851927));
#14443=CARTESIAN_POINT('',(0.341927486899571,-0.114791464493764,0.011303));
#14444=CARTESIAN_POINT('',(0.301739813886003,-0.0791444195185187,0.00792029468335418));
#14445=CARTESIAN_POINT('',(0.301739813886003,-0.0820512371086685,0.00834882244882828));
#14446=CARTESIAN_POINT('',(0.301739813886003,-0.0790571043067052,0.00851257694377411));
#14447=CARTESIAN_POINT('',(0.301739813886003,-0.0819639218968549,0.00894110470924821));
#14448=CARTESIAN_POINT('',(0.301586803238292,-0.0789031027968208,0.00955721006654541));
#14449=CARTESIAN_POINT('',(0.301586803238292,-0.0818099203869705,0.00998573783201951));
#14450=CARTESIAN_POINT('',(0.301101602681088,-0.0787897277688126,0.0103262629780477));
#14451=CARTESIAN_POINT('',(0.301101602681088,-0.0816965453589624,0.0107547907435218));
#14452=CARTESIAN_POINT('',(0.300843550634283,-0.0787739724482737,0.0104331354996708));
#14453=CARTESIAN_POINT('',(0.300843550634283,-0.0816807900384234,0.0108616632651449));
#14454=CARTESIAN_POINT('',(0.300723813886003,-0.0787739724482737,0.0104331354996708));
#14455=CARTESIAN_POINT('',(0.300723813886003,-0.0816807900384234,0.0108616632651449));
#14456=CARTESIAN_POINT('',(0.300723813886003,-0.0816807900384232,0.0108616632651449));
#14457=CARTESIAN_POINT('',(0.300843550634283,-0.0816807900384232,0.0108616632651449));
#14458=CARTESIAN_POINT('',(0.301101602681089,-0.0816965453589622,0.0107547907435217));
#14459=CARTESIAN_POINT('',(0.301586803238292,-0.0818099203869704,0.00998573783201951));
#14460=CARTESIAN_POINT('',(0.301739813886003,-0.0819639218968549,0.00894110470924822));
#14461=CARTESIAN_POINT('',(0.301739813886003,-0.0820512371086685,0.00834882244882828));
#14462=CARTESIAN_POINT('',(0.301739759850123,-0.0795945060519299,0.00801278684770045));
#14463=CARTESIAN_POINT('',(0.301738444262602,-0.0795947931047669,0.00833138081462362));
#14464=CARTESIAN_POINT('',(0.301690590366167,-0.0795504046469262,0.00896590331026004));
#14465=CARTESIAN_POINT('',(0.301503491547889,-0.0793928760831699,0.00965984687058774));
#14466=CARTESIAN_POINT('',(0.301330497568484,-0.0792515513222905,0.0100069707809357));
#14467=CARTESIAN_POINT('',(0.30122029020181,-0.0791653225902775,0.010170270240756));
#14468=CARTESIAN_POINT('',(0.301112003271307,-0.0790818403414118,0.0102869251920714));
#14469=CARTESIAN_POINT('',(0.301072193644285,-0.0790504968407399,0.0103198434144904));
#14470=CARTESIAN_POINT('',(0.300948753147082,-0.0789548184147231,0.0104078712884916));
#14471=CARTESIAN_POINT('',(0.300822076812931,-0.0788620983912851,0.0104461271474787));
#14472=CARTESIAN_POINT('',(0.300723813973232,-0.0787913093325091,0.010435691331274));
#14473=CARTESIAN_POINT('',(0.342047276635768,-0.114761520313063,0.011303));
#14474=CARTESIAN_POINT('',(0.321842744583931,-0.119812119269141,0.011303));
#14475=CARTESIAN_POINT('',(0.342018239098544,-0.1146453578823,0.011303));
#14476=CARTESIAN_POINT('',(0.321813707046707,-0.119695956838377,0.011303));
#14477=CARTESIAN_POINT('',(0.341955834668133,-0.114395713765753,0.0111976379419605));
#14478=CARTESIAN_POINT('',(0.321751302616296,-0.11944631272183,0.0111976379419605));
#14479=CARTESIAN_POINT('',(0.341838073458298,-0.113924619117521,0.0104159698393418));
#14480=CARTESIAN_POINT('',(0.321633541406461,-0.118975218073598,0.0104159698393418));
#14481=CARTESIAN_POINT('',(0.341800884962008,-0.113775849402921,0.00936168374140516));
#14482=CARTESIAN_POINT('',(0.321596352910171,-0.118826448358998,0.00936168374140516));
#14483=CARTESIAN_POINT('',(0.341800884962008,-0.113775849402921,0.008763));
#14484=CARTESIAN_POINT('',(0.321596352910171,-0.118826448358998,0.008763));
#14485=CARTESIAN_POINT('',(0.321837471813482,-0.118766175006552,0.008763));
#14486=CARTESIAN_POINT('',(0.321837471813482,-0.118766175006552,0.00905361032921572));
#14487=CARTESIAN_POINT('',(0.321842152701816,-0.118806703772318,0.00956639344244483));
#14488=CARTESIAN_POINT('',(0.321855886773023,-0.118916663406529,0.0101221986197159));
#14489=CARTESIAN_POINT('',(0.321871405929396,-0.119041734065855,0.0105179293290869));
#14490=CARTESIAN_POINT('',(0.321885086817876,-0.119154249221101,0.0107807755252083));
#14491=CARTESIAN_POINT('',(0.3219072172946,-0.119332203636033,0.0110494482242229));
#14492=CARTESIAN_POINT('',(0.321917436632898,-0.119415451654629,0.011135822472108));
#14493=CARTESIAN_POINT('',(0.32193221878759,-0.119535716027835,0.0112376909560726));
#14494=CARTESIAN_POINT('',(0.32195105209794,-0.119688678071427,0.0112993305581152));
#14495=CARTESIAN_POINT('',(0.321959042061585,-0.11975380427976,0.011303));
#14496=CARTESIAN_POINT('',(0.321962534299663,-0.119782175006553,0.011303));
#14497=CARTESIAN_POINT('',(0.300723813886003,-0.0877368028329504,0.0113029869772496));
#14498=CARTESIAN_POINT('',(0.300723813886003,-0.0856970054376496,0.0113047071088258));
#14499=CARTESIAN_POINT('',(0.300723813886003,-0.0836626671911762,0.0111555619725857));
#14500=CARTESIAN_POINT('',(0.300723813886003,-0.0816449309264229,0.0108563684923287));
#14501=CARTESIAN_POINT('',(0.300844269368666,-0.087736802830761,0.0113029843786325));
#14502=CARTESIAN_POINT('',(0.300844269368666,-0.0856970055638213,0.0113047045101005));
#14503=CARTESIAN_POINT('',(0.300844269368666,-0.0836626674453654,0.0111555593832459));
#14504=CARTESIAN_POINT('',(0.300844269368666,-0.0816449313075849,0.0108563659218168));
#14505=CARTESIAN_POINT('',(0.301103169791821,-0.0877367130384928,0.0111964070581839));
#14506=CARTESIAN_POINT('',(0.301103169791821,-0.0857021802562513,0.0111981227542804));
#14507=CARTESIAN_POINT('',(0.301103169791821,-0.0836730925327498,0.0110493625581122));
#14508=CARTESIAN_POINT('',(0.301103169791821,-0.0816605639417993,0.010750941285018));
#14509=CARTESIAN_POINT('',(0.301591528452801,-0.087736045610069,0.0104042148752259));
#14510=CARTESIAN_POINT('',(0.301591528452801,-0.0857406438888048,0.0104058976030819));
#14511=CARTESIAN_POINT('',(0.301591528452801,-0.0837505824968233,0.0102599986073971));
#14512=CARTESIAN_POINT('',(0.301591528452801,-0.0817767617460935,0.00996731703164287));
#14513=CARTESIAN_POINT('',(0.301739813886003,-0.0877351521085839,0.00934368933190159));
#14514=CARTESIAN_POINT('',(0.301739813886003,-0.0857921360212562,0.00934532792443056));
#14515=CARTESIAN_POINT('',(0.301739813886003,-0.0838543200595244,0.0092032592823676));
#14516=CARTESIAN_POINT('',(0.301739813886003,-0.0819323183675586,0.00891826156890196));
#14517=CARTESIAN_POINT('',(0.301739813886003,-0.0877346446997369,0.00874142951187246));
#14518=CARTESIAN_POINT('',(0.301739813886003,-0.0858213777897536,0.00874304304047506));
#14519=CARTESIAN_POINT('',(0.301739813886003,-0.0839132313853631,0.0086031496105958));
#14520=CARTESIAN_POINT('',(0.301739813886003,-0.0820206571194519,0.00832251547097165));
#14521=CARTESIAN_POINT('',(0.301739813886003,-0.0877005549299084,0.008763));
#14522=CARTESIAN_POINT('',(0.301739813886003,-0.0877005549299084,0.00936168374140461));
#14523=CARTESIAN_POINT('',(0.301586471133029,-0.0877005549299084,0.010415963361411));
#14524=CARTESIAN_POINT('',(0.301100877491843,-0.0877005549299085,0.0111976362479663));
#14525=CARTESIAN_POINT('',(0.300843550634284,-0.0877005549299084,0.011303));
#14526=CARTESIAN_POINT('',(0.300723813886003,-0.0877005549299084,0.011303));
#14527=CARTESIAN_POINT('',(0.322089966621639,-0.119782175006552,0.011303));
#14528=CARTESIAN_POINT('',(0.300596381648441,-0.119782175006552,0.011303));
#14529=CARTESIAN_POINT('',(0.322089966621639,-0.119662438258272,0.011303));
#14530=CARTESIAN_POINT('',(0.300596381648441,-0.119662438258272,0.011303));
#14531=CARTESIAN_POINT('',(0.322089966621639,-0.119405112119666,0.0111976372692176));
#14532=CARTESIAN_POINT('',(0.30059638164844,-0.119405112119666,0.0111976372692176));
#14533=CARTESIAN_POINT('',(0.322089966621639,-0.118919520537129,0.0104159672685963));
#14534=CARTESIAN_POINT('',(0.300596381648441,-0.118919520537129,0.0104159672685963));
#14535=CARTESIAN_POINT('',(0.322089966621639,-0.118766175006552,0.00936168374140525));
#14536=CARTESIAN_POINT('',(0.300596381648441,-0.118766175006552,0.00936168374140525));
#14537=CARTESIAN_POINT('',(0.322089966621639,-0.118766175006552,0.008763));
#14538=CARTESIAN_POINT('',(0.300596381648441,-0.118766175006552,0.008763));
#14539=CARTESIAN_POINT('',(0.301739813886003,-0.118766175006552,0.008763));
#14540=CARTESIAN_POINT('',(0.301739813886003,-0.118766175006552,0.00905060401796296));
#14541=CARTESIAN_POINT('',(0.301704756263402,-0.118800859512177,0.00951960308089315));
#14542=CARTESIAN_POINT('',(0.301594527567976,-0.118910875674095,0.0101012077538542));
#14543=CARTESIAN_POINT('',(0.301466853353937,-0.119039379837406,0.0105157229099116));
#14544=CARTESIAN_POINT('',(0.30134721682006,-0.119158171926882,0.0107805753690958));
#14545=CARTESIAN_POINT('',(0.301167803648158,-0.119337598669266,0.0110744665643051));
#14546=CARTESIAN_POINT('',(0.300942341710677,-0.119567549025749,0.0112686116820094));
#14547=CARTESIAN_POINT('',(0.300797729229552,-0.119712187068446,0.0113029999852554));
#14548=CARTESIAN_POINT('',(0.300723813970434,-0.119782174922133,0.011303));
#14549=CARTESIAN_POINT('',(0.301739813886003,-0.0877005549299084,0.008763));
#14550=CARTESIAN_POINT('',(0.301739813886003,-0.119974664642091,0.008763));
#14551=CARTESIAN_POINT('',(0.301739813886003,-0.0877005549299084,0.00936168374140461));
#14552=CARTESIAN_POINT('',(0.301739813886003,-0.119974664642091,0.00936168374140461));
#14553=CARTESIAN_POINT('',(0.301586471133029,-0.0877005549299084,0.010415963361411));
#14554=CARTESIAN_POINT('',(0.301586471133029,-0.119974664642091,0.010415963361411));
#14555=CARTESIAN_POINT('',(0.301100877491843,-0.0877005549299084,0.0111976362479663));
#14556=CARTESIAN_POINT('',(0.301100877491843,-0.119974664642091,0.0111976362479663));
#14557=CARTESIAN_POINT('',(0.300843550634284,-0.0877005549299084,0.011303));
#14558=CARTESIAN_POINT('',(0.300843550634284,-0.119974664642091,0.011303));
#14559=CARTESIAN_POINT('',(0.300723813886003,-0.0877005549299084,0.011303));
#14560=CARTESIAN_POINT('',(0.300723813886003,-0.119974664642091,0.011303));
#14561=CARTESIAN_POINT('',(0.320964607795841,-0.0752927487171701,0.00737861213346135));
#14562=CARTESIAN_POINT('',(0.300748339856543,-0.0798163467891799,0.00804548830081023));
#14563=CARTESIAN_POINT('',(0.320973312023676,-0.0752908010565847,0.00765569121472867));
#14564=CARTESIAN_POINT('',(0.300757044084378,-0.0798143991285945,0.00832256738207755));
#14565=CARTESIAN_POINT('',(0.320983357254305,-0.0752447326678963,0.008272705239703));
#14566=CARTESIAN_POINT('',(0.300767089315008,-0.0797683307399061,0.00893958140705187));
#14567=CARTESIAN_POINT('',(0.32095885277057,-0.075004219204849,0.00916132153435906));
#14568=CARTESIAN_POINT('',(0.300742584831272,-0.0795278172768588,0.00982819770170793));
#14569=CARTESIAN_POINT('',(0.320896513605364,-0.0746437228151122,0.00971686021578468));
#14570=CARTESIAN_POINT('',(0.300680245666067,-0.079167320887122,0.0103837363831336));
#14571=CARTESIAN_POINT('',(0.320844685422002,-0.0744015315166207,0.00978854316320697));
#14572=CARTESIAN_POINT('',(0.300628417482704,-0.0789251295886305,0.0104554193305558));
#14573=CARTESIAN_POINT('',(0.320820222594995,-0.0742945309343558,0.00977276896376018));
#14574=CARTESIAN_POINT('',(0.300603954655698,-0.0788181290063656,0.0104396451311091));
#14575=CARTESIAN_POINT('',(0.320813828680378,-0.0753264869335758,0.00738490051624332));
#14576=CARTESIAN_POINT('',(0.320813510425316,-0.0753264862269898,0.00767511670628351));
#14577=CARTESIAN_POINT('',(0.320809801652608,-0.0752811561579872,0.00828707534579094));
#14578=CARTESIAN_POINT('',(0.320788348777502,-0.0750908541267451,0.00897305267206923));
#14579=CARTESIAN_POINT('',(0.320772170930854,-0.0749380196749683,0.00930384922525377));
#14580=CARTESIAN_POINT('',(0.320747882302047,-0.074709188326171,0.00966944020827822));
#14581=CARTESIAN_POINT('',(0.320718943999626,-0.0744747486519276,0.00979933695208929));
#14582=CARTESIAN_POINT('',(0.32070036329891,-0.0743213506857714,0.00977672277502913));
#14583=CARTESIAN_POINT('',(0.342054849641158,-0.0753264870122979,0.00738490160312722));
#14584=CARTESIAN_POINT('',(0.320573000557306,-0.0753264870122979,0.00738490160312722));
#14585=CARTESIAN_POINT('',(0.342054849641158,-0.0753264870122979,0.00766155482673578));
#14586=CARTESIAN_POINT('',(0.320573000557306,-0.0753264870122979,0.00766155482673578));
#14587=CARTESIAN_POINT('',(0.342054849641158,-0.075283972869503,0.00828026484008021));
#14588=CARTESIAN_POINT('',(0.320573000557306,-0.075283972869503,0.00828026484008021));
#14589=CARTESIAN_POINT('',(0.342054849641158,-0.0750433905317741,0.00916822082988693));
#14590=CARTESIAN_POINT('',(0.320573000557306,-0.0750433905317741,0.00916822082988693));
#14591=CARTESIAN_POINT('',(0.342054849641158,-0.0746774889380108,0.00971985390005511));
#14592=CARTESIAN_POINT('',(0.320573000557306,-0.0746774889380108,0.00971985390005511));
#14593=CARTESIAN_POINT('',(0.342054849641158,-0.0744308287191964,0.0097928622043456));
#14594=CARTESIAN_POINT('',(0.320573000557306,-0.0744308287191964,0.0097928622043456));
#14595=CARTESIAN_POINT('',(0.342054849641158,-0.0743213506857715,0.00977672277502913));
#14596=CARTESIAN_POINT('',(0.320573000557306,-0.0743213506857715,0.00977672277502913));
#14597=CARTESIAN_POINT('',(-7.99999999998136E-6,-0.1554,0.006223));
#14598=CARTESIAN_POINT('',(0.135730471383383,-0.1554,0.00955880273915273));
#14599=CARTESIAN_POINT('',(0.135730471383383,-0.1554,0.010033));
#14600=CARTESIAN_POINT('',(0.085117,-0.1554,0.010033));
#14601=CARTESIAN_POINT('',(0.085117,-0.15413,0.010033));
#14602=CARTESIAN_POINT('',(0.135730471383383,-0.15413,0.010033));
#14603=CARTESIAN_POINT('',(-0.000462986446142505,-0.0437000488683739,0.011303));
#14604=CARTESIAN_POINT('',(0.135730471383383,-0.0437000488683744,0.00955880273915273));
#14605=CARTESIAN_POINT('',(0.135730471383383,-0.0437000488683744,0.00876299629020427));
#14606=CARTESIAN_POINT('',(0.285533855593157,-0.043700048868375,0.008763));
#14607=CARTESIAN_POINT('',(0.235599394189899,-0.0437000488683748,0.008763));
#14608=CARTESIAN_POINT('',(0.185664932786641,-0.0437000488683746,0.008763));
#14609=CARTESIAN_POINT('',(0.135730471383383,-0.0437000488683744,0.008763));
#14610=CARTESIAN_POINT('',(0.287199247877062,-0.0437000488683748,0.00874144365325769));
#14611=CARTESIAN_POINT('',(0.135730471383383,-0.0437000488683743,0.00874144365325769));
#14612=CARTESIAN_POINT('',(0.287199247877062,-0.0437000488683748,0.00934372011911934));
#14613=CARTESIAN_POINT('',(0.135730471383383,-0.0437000488683743,0.00934372011911934));
#14614=CARTESIAN_POINT('',(0.287199247877062,-0.0435888421443321,0.0104042140228038));
#14615=CARTESIAN_POINT('',(0.135730471383383,-0.0435888421443316,0.0104042140228038));
#14616=CARTESIAN_POINT('',(0.287199247877062,-0.043222567527417,0.0111964188713903));
#14617=CARTESIAN_POINT('',(0.135730471383383,-0.0432225675274164,0.0111964188713903));
#14618=CARTESIAN_POINT('',(0.287199247877062,-0.0430283903382541,0.011303));
#14619=CARTESIAN_POINT('',(0.135730471383383,-0.0430283903382535,0.011303));
#14620=CARTESIAN_POINT('',(0.287199247877062,-0.0429380488683748,0.011303));
#14621=CARTESIAN_POINT('',(0.135730471383383,-0.0429380488683743,0.011303));
#14622=CARTESIAN_POINT('',(0.135730471383383,-0.0437000488683745,0.008763));
#14623=CARTESIAN_POINT('',(0.135730471383383,-0.0437000488683745,0.00936168374140461));
#14624=CARTESIAN_POINT('',(0.135730471383383,-0.0435850537369919,0.0104159409798281));
#14625=CARTESIAN_POINT('',(0.135730471383383,-0.0432208496461449,0.0111976304266155));
#14626=CARTESIAN_POINT('',(0.135730471383383,-0.0430278514295852,0.011303));
#14627=CARTESIAN_POINT('',(0.135730471383383,-0.0429380488683745,0.011303));
#14628=CARTESIAN_POINT('',(0.0238312189497568,-0.0198081848288371,0.011303));
#14629=CARTESIAN_POINT('',(0.135730471383383,-0.0198081848288371,0.00955880273915273));
#14630=CARTESIAN_POINT('',(0.135730471383383,-0.0198081848288371,0.00876299629008384));
#14631=CARTESIAN_POINT('',(0.286622232290541,-0.0198081848288371,0.008763));
#14632=CARTESIAN_POINT('',(0.236324978654822,-0.0198081848288371,0.008763));
#14633=CARTESIAN_POINT('',(0.186027725019102,-0.0198081848288371,0.008763));
#14634=CARTESIAN_POINT('',(0.135730471383383,-0.0198081848288371,0.008763));
#14635=CARTESIAN_POINT('',(0.286622232290541,-0.0198081848288371,0.00874144365313653));
#14636=CARTESIAN_POINT('',(0.135730471383383,-0.0198081848288371,0.00874144365313653));
#14637=CARTESIAN_POINT('',(0.286622232290541,-0.0198081848288371,0.00934372011901838));
#14638=CARTESIAN_POINT('',(0.135730471383383,-0.0198081848288371,0.00934372011901838));
#14639=CARTESIAN_POINT('',(0.286622232290541,-0.0196969822615204,0.0104042062271141));
#14640=CARTESIAN_POINT('',(0.135730471383383,-0.0196969822615204,0.0104042062271141));
#14641=CARTESIAN_POINT('',(0.286622232290541,-0.0193307045703181,0.0111964168210955));
#14642=CARTESIAN_POINT('',(0.135730471383383,-0.0193307045703181,0.0111964168210955));
#14643=CARTESIAN_POINT('',(0.286622232290541,-0.0191365262987194,0.011303));
#14644=CARTESIAN_POINT('',(0.135730471383383,-0.0191365262987194,0.011303));
#14645=CARTESIAN_POINT('',(0.286622232290541,-0.0190461848288371,0.011303));
#14646=CARTESIAN_POINT('',(0.135730471383383,-0.0190461848288371,0.011303));
#14647=CARTESIAN_POINT('',(0.135730471383383,-0.0198081848288372,0.008763));
#14648=CARTESIAN_POINT('',(0.135730471383383,-0.0198081848288372,0.0093616837414046));
#14649=CARTESIAN_POINT('',(0.135730471383383,-0.0196931938545314,0.0104159331830998));
#14650=CARTESIAN_POINT('',(0.135730471383383,-0.0193289866710403,0.0111976284102609));
#14651=CARTESIAN_POINT('',(0.135730471383383,-0.0191359873900479,0.011303));
#14652=CARTESIAN_POINT('',(0.135730471383383,-0.0190461848288372,0.011303));
#14653=CARTESIAN_POINT('',(0.255367,0.00511000000000008,0.010033));
#14654=CARTESIAN_POINT('',(0.135730471383383,0.00511000000000008,0.010033));
#14655=CARTESIAN_POINT('',(0.135730471383383,-0.07451,0.00955880273915273));
#14656=CARTESIAN_POINT('',(0.135730471383383,-0.07451,0.00955880273915273));
#14657=CARTESIAN_POINT('',(0.135730471383383,-0.07451,0.00955880273915273));
#14658=CARTESIAN_POINT('',(0.294909600342842,-0.0414221233997567,0.006763));
#14659=CARTESIAN_POINT('',(0.295066519977808,-0.0415790430347229,0.006763));
#14660=CARTESIAN_POINT('',(0.295066519977808,-0.0415790430347229,0.006763));
#14661=CARTESIAN_POINT('',(0.294909600342842,-0.0414221233997567,0.006763));
#14662=CARTESIAN_POINT('',(0.294752680707875,-0.0412652037647905,0.006763));
#14663=CARTESIAN_POINT('',(0.294752680707875,-0.0412652037647905,0.006763));
#14664=CARTESIAN_POINT('',(0.295232569482445,-0.0414666315144016,0.006763));
#14665=CARTESIAN_POINT('',(0.295398618987082,-0.0413542199940804,0.006763));
#14666=CARTESIAN_POINT('',(0.295398618987082,-0.0413542199940804,0.006763));
#14667=CARTESIAN_POINT('',(0.295232569482445,-0.0414666315144016,0.006763));
#14668=CARTESIAN_POINT('',(0.296422876240771,-0.0423784772477691,0.006763));
#14669=CARTESIAN_POINT('',(0.297447133494459,-0.0434027345014577,0.006763));
#14670=CARTESIAN_POINT('',(0.297447133494459,-0.0434027345014577,0.006763));
#14671=CARTESIAN_POINT('',(0.296422876240771,-0.0423784772477691,0.006763));
#14672=CARTESIAN_POINT('',(0.297348131470217,-0.0435553745100158,0.006763));
#14673=CARTESIAN_POINT('',(0.297249129445974,-0.0437080145185739,0.006763));
#14674=CARTESIAN_POINT('',(0.297249129445974,-0.0437080145185739,0.006763));
#14675=CARTESIAN_POINT('',(0.297348131470217,-0.0435553745100158,0.006763));
#14676=CARTESIAN_POINT('',(0.297405193155659,-0.0438640782282584,0.006763));
#14677=CARTESIAN_POINT('',(0.297561256865344,-0.044020141937943,0.006763));
#14678=CARTESIAN_POINT('',(0.297561256865344,-0.044020141937943,0.006763));
#14679=CARTESIAN_POINT('',(0.297405193155659,-0.0438640782282584,0.006763));
#14680=CARTESIAN_POINT('',(0.2980588347624,-0.0435225640408864,0.006763));
#14681=CARTESIAN_POINT('',(0.298556412659457,-0.0430249861438299,0.006763));
#14682=CARTESIAN_POINT('',(0.298556412659457,-0.0430249861438299,0.006763));
#14683=CARTESIAN_POINT('',(0.2980588347624,-0.0435225640408864,0.006763));
#14684=CARTESIAN_POINT('',(0.298400348949772,-0.0428689224341453,0.006763));
#14685=CARTESIAN_POINT('',(0.298244285240088,-0.0427128587244608,0.006763));
#14686=CARTESIAN_POINT('',(0.298244285240088,-0.0427128587244608,0.006763));
#14687=CARTESIAN_POINT('',(0.298400348949772,-0.0428689224341453,0.006763));
#14688=CARTESIAN_POINT('',(0.298105054727608,-0.0427984512526241,0.006763));
#14689=CARTESIAN_POINT('',(0.29796582421513,-0.0428840437807875,0.006763));
#14690=CARTESIAN_POINT('',(0.29796582421513,-0.0428840437807875,0.006763));
#14691=CARTESIAN_POINT('',(0.298105054727608,-0.0427984512526241,0.006763));
#14692=CARTESIAN_POINT('',(0.297744710184041,-0.0426629297496987,0.006763));
#14693=CARTESIAN_POINT('',(0.297523596152952,-0.04244181571861,0.006763));
#14694=CARTESIAN_POINT('',(0.297523596152952,-0.04244181571861,0.006763));
#14695=CARTESIAN_POINT('',(0.297744710184041,-0.0426629297496987,0.006763));
#14696=CARTESIAN_POINT('',(0.297635151747991,-0.0423302601235703,0.006763));
#14697=CARTESIAN_POINT('',(0.297746707343031,-0.0422187045285307,0.006763));
#14698=CARTESIAN_POINT('',(0.297746707343031,-0.0422187045285307,0.006763));
#14699=CARTESIAN_POINT('',(0.297635151747991,-0.0423302601235703,0.006763));
#14700=CARTESIAN_POINT('',(0.298133585570329,-0.0423100032252384,0.006763));
#14701=CARTESIAN_POINT('',(0.298520463797629,-0.042401301921946,0.006763));
#14702=CARTESIAN_POINT('',(0.298520463797629,-0.042401301921946,0.006763));
#14703=CARTESIAN_POINT('',(0.298133585570329,-0.0423100032252384,0.006763));
#14704=CARTESIAN_POINT('',(0.298475955682984,-0.0424634991590781,0.006763));
#14705=CARTESIAN_POINT('',(0.298431447568339,-0.0425256963962101,0.006763));
#14706=CARTESIAN_POINT('',(0.298431447568339,-0.0425256963962101,0.006763));
#14707=CARTESIAN_POINT('',(0.298475955682984,-0.0424634991590781,0.006763));
#14708=CARTESIAN_POINT('',(0.298587511278023,-0.0426817601058947,0.006763));
#14709=CARTESIAN_POINT('',(0.298743574987708,-0.0428378238155793,0.006763));
#14710=CARTESIAN_POINT('',(0.298743574987708,-0.0428378238155793,0.006763));
#14711=CARTESIAN_POINT('',(0.298587511278023,-0.0426817601058947,0.006763));
#14712=CARTESIAN_POINT('',(0.299189226751011,-0.0423921720522752,0.006763));
#14713=CARTESIAN_POINT('',(0.299634878514315,-0.0419465202889711,0.006763));
#14714=CARTESIAN_POINT('',(0.299634878514315,-0.0419465202889711,0.006763));
#14715=CARTESIAN_POINT('',(0.299189226751011,-0.0423921720522752,0.006763));
#14716=CARTESIAN_POINT('',(0.299478814804631,-0.0417904565792865,0.006763));
#14717=CARTESIAN_POINT('',(0.299322751094946,-0.041634392869602,0.006763));
#14718=CARTESIAN_POINT('',(0.299322751094946,-0.041634392869602,0.006763));
#14719=CARTESIAN_POINT('',(0.299478814804631,-0.0417904565792865,0.006763));
#14720=CARTESIAN_POINT('',(0.299203206863945,-0.0417128526870851,0.006763));
#14721=CARTESIAN_POINT('',(0.299083662632943,-0.0417913125045681,0.006763));
#14722=CARTESIAN_POINT('',(0.299083662632943,-0.0417913125045681,0.006763));
#14723=CARTESIAN_POINT('',(0.299203206863945,-0.0417128526870851,0.006763));
#14724=CARTESIAN_POINT('',(0.298473958523993,-0.04166834457244,0.006763));
#14725=CARTESIAN_POINT('',(0.297864254415042,-0.041545376640312,0.006763));
#14726=CARTESIAN_POINT('',(0.297864254415042,-0.041545376640312,0.006763));
#14727=CARTESIAN_POINT('',(0.298473958523993,-0.04166834457244,0.006763));
#14728=CARTESIAN_POINT('',(0.297799204093638,-0.04113225003771,0.006763));
#14729=CARTESIAN_POINT('',(0.297734153772234,-0.040719123435108,0.006763));
#14730=CARTESIAN_POINT('',(0.297734153772234,-0.040719123435108,0.006763));
#14731=CARTESIAN_POINT('',(0.297799204093638,-0.04113225003771,0.006763));
#14732=CARTESIAN_POINT('',(0.29782259938467,-0.0405793223057744,0.006763));
#14733=CARTESIAN_POINT('',(0.297911044997105,-0.040439521176441,0.006763));
#14734=CARTESIAN_POINT('',(0.297911044997105,-0.040439521176441,0.006763));
#14735=CARTESIAN_POINT('',(0.29782259938467,-0.0405793223057744,0.006763));
#14736=CARTESIAN_POINT('',(0.297754125362138,-0.0402826015414747,0.006763));
#14737=CARTESIAN_POINT('',(0.297597205727172,-0.0401256819065084,0.006763));
#14738=CARTESIAN_POINT('',(0.297597205727172,-0.0401256819065084,0.006763));
#14739=CARTESIAN_POINT('',(0.297754125362138,-0.0402826015414747,0.006763));
#14740=CARTESIAN_POINT('',(0.29712273781272,-0.0406001498209609,0.006763));
#14741=CARTESIAN_POINT('',(0.296648269898268,-0.0410746177354133,0.006763));
#14742=CARTESIAN_POINT('',(0.296648269898268,-0.0410746177354133,0.006763));
#14743=CARTESIAN_POINT('',(0.29712273781272,-0.0406001498209609,0.006763));
#14744=CARTESIAN_POINT('',(0.296805189533234,-0.0412315373703796,0.006763));
#14745=CARTESIAN_POINT('',(0.2969621091682,-0.0413884570053457,0.006763));
#14746=CARTESIAN_POINT('',(0.2969621091682,-0.0413884570053457,0.006763));
#14747=CARTESIAN_POINT('',(0.296805189533234,-0.0412315373703796,0.006763));
#14748=CARTESIAN_POINT('',(0.29705825810817,-0.0413151327395525,0.006763));
#14749=CARTESIAN_POINT('',(0.297154407048141,-0.0412418084737592,0.006763));
#14750=CARTESIAN_POINT('',(0.297154407048141,-0.0412418084737592,0.006763));
#14751=CARTESIAN_POINT('',(0.29705825810817,-0.0413151327395525,0.006763));
#14752=CARTESIAN_POINT('',(0.297216033668418,-0.0416030089426087,0.006763));
#14753=CARTESIAN_POINT('',(0.297277660288696,-0.0419642094114582,0.006763));
#14754=CARTESIAN_POINT('',(0.297277660288696,-0.0419642094114582,0.006763));
#14755=CARTESIAN_POINT('',(0.297216033668418,-0.0416030089426087,0.006763));
#14756=CARTESIAN_POINT('',(0.297219742677972,-0.0420221270221821,0.006763));
#14757=CARTESIAN_POINT('',(0.297161825067248,-0.042080044632906,0.006763));
#14758=CARTESIAN_POINT('',(0.297161825067248,-0.042080044632906,0.006763));
#14759=CARTESIAN_POINT('',(0.297219742677972,-0.0420221270221821,0.006763));
#14760=CARTESIAN_POINT('',(0.296355828760376,-0.041274048326034,0.006763));
#14761=CARTESIAN_POINT('',(0.295549832453504,-0.040468052019162,0.006763));
#14762=CARTESIAN_POINT('',(0.295549832453504,-0.040468052019162,0.006763));
#14763=CARTESIAN_POINT('',(0.296355828760376,-0.041274048326034,0.006763));
#14764=CARTESIAN_POINT('',(0.29515125658069,-0.0408666278919763,0.006763));
#14765=CARTESIAN_POINT('',(0.29515125658069,-0.0408666278919763,0.006763));
#14766=CARTESIAN_POINT('',(0.304492,-0.035145,0.006763));
#14767=CARTESIAN_POINT('',(0.302487962786429,-0.0371955643590481,0.006763));
#14768=CARTESIAN_POINT('',(0.302487962786429,-0.0371955643590481,0.008763));
#14769=CARTESIAN_POINT('',(0.302306126215486,-0.0370137277881055,0.006763));
#14770=CARTESIAN_POINT('',(0.302306126215486,-0.0370137277881055,0.008763));
#14771=CARTESIAN_POINT('',(0.302128474168143,-0.0368967513329488,0.006763));
#14772=CARTESIAN_POINT('',(0.302128474168143,-0.0368967513329488,0.008763));
#14773=CARTESIAN_POINT('',(0.301955006644398,-0.0368446349935782,0.006763));
#14774=CARTESIAN_POINT('',(0.301955006644398,-0.0368446349935782,0.008763));
#14775=CARTESIAN_POINT('',(0.302487962786429,-0.0371955643590481,0.008763));
#14776=CARTESIAN_POINT('',(0.302215207930015,-0.0369228095026341,0.008763));
#14777=CARTESIAN_POINT('',(0.301955006644398,-0.0368446349935782,0.008763));
#14778=CARTESIAN_POINT('',(0.302487962786429,-0.0371955643590481,0.008763));
#14779=CARTESIAN_POINT('',(0.301955006644398,-0.0368446349935782,0.008763));
#14780=CARTESIAN_POINT('',(0.302487962786429,-0.0371955643590481,0.006763));
#14781=CARTESIAN_POINT('',(0.302487962786429,-0.0371955643590481,0.006763));
#14782=CARTESIAN_POINT('',(0.302487962786429,-0.0371955643590481,0.006763));
#14783=CARTESIAN_POINT('',(0.302215207930015,-0.0369228095026341,0.006763));
#14784=CARTESIAN_POINT('',(0.301955006644398,-0.0368446349935782,0.006763));
#14785=CARTESIAN_POINT('',(0.301955006644398,-0.0368446349935782,0.006763));
#14786=CARTESIAN_POINT('',(0.301955006644398,-0.0368446349935782,0.006763));
#14787=CARTESIAN_POINT('',(0.302506793142625,-0.0372143947152441,0.006763));
#14788=CARTESIAN_POINT('',(0.302506793142625,-0.0372143947152441,0.008763));
#14789=CARTESIAN_POINT('',(0.302525623498821,-0.03723322507144,0.008763));
#14790=CARTESIAN_POINT('',(0.302525623498821,-0.03723322507144,0.006763));
#14791=CARTESIAN_POINT('',(0.302525623498821,-0.03723322507144,0.006763));
#14792=CARTESIAN_POINT('',(0.302506793142625,-0.0372143947152441,0.006763));
#14793=CARTESIAN_POINT('',(0.302838892151899,-0.0377228143325346,0.006763));
#14794=CARTESIAN_POINT('',(0.302838892151899,-0.0377228143325346,0.008763));
#14795=CARTESIAN_POINT('',(0.302798948972089,-0.037565324080714,0.006763));
#14796=CARTESIAN_POINT('',(0.302798948972089,-0.037565324080714,0.008763));
#14797=CARTESIAN_POINT('',(0.30269452608773,-0.0374021276603492,0.006763));
#14798=CARTESIAN_POINT('',(0.30269452608773,-0.0374021276603492,0.008763));
#14799=CARTESIAN_POINT('',(0.302525623498821,-0.0372332250714401,0.006763));
#14800=CARTESIAN_POINT('',(0.302525623498821,-0.0372332250714401,0.008763));
#14801=CARTESIAN_POINT('',(0.302838892151899,-0.0377228143325346,0.008763));
#14802=CARTESIAN_POINT('',(0.302778977382185,-0.0374865789548037,0.008763));
#14803=CARTESIAN_POINT('',(0.302525623498821,-0.0372332250714401,0.008763));
#14804=CARTESIAN_POINT('',(0.302838892151899,-0.0377228143325346,0.008763));
#14805=CARTESIAN_POINT('',(0.302838892151899,-0.0377228143325346,0.006763));
#14806=CARTESIAN_POINT('',(0.302838892151899,-0.0377228143325346,0.006763));
#14807=CARTESIAN_POINT('',(0.302838892151899,-0.0377228143325346,0.006763));
#14808=CARTESIAN_POINT('',(0.302778977382185,-0.0374865789548037,0.006763));
#14809=CARTESIAN_POINT('',(0.302525623498821,-0.0372332250714401,0.006763));
#14810=CARTESIAN_POINT('',(0.3027099327428,-0.0381479238890795,0.006763));
#14811=CARTESIAN_POINT('',(0.3027099327428,-0.0381479238890795,0.008763));
#14812=CARTESIAN_POINT('',(0.302835848862009,-0.0380220077698703,0.006763));
#14813=CARTESIAN_POINT('',(0.302835848862009,-0.0380220077698703,0.008763));
#14814=CARTESIAN_POINT('',(0.302878835331709,-0.0378803045843553,0.006763));
#14815=CARTESIAN_POINT('',(0.302878835331709,-0.0378803045843553,0.008763));
#14816=CARTESIAN_POINT('',(0.302838892151899,-0.0377228143325346,0.006763));
#14817=CARTESIAN_POINT('',(0.302838892151899,-0.0377228143325346,0.008763));
#14818=CARTESIAN_POINT('',(0.3027099327428,-0.0381479238890795,0.008763));
#14819=CARTESIAN_POINT('',(0.302898806921614,-0.0379590497102656,0.008763));
#14820=CARTESIAN_POINT('',(0.302838892151899,-0.0377228143325346,0.008763));
#14821=CARTESIAN_POINT('',(0.3027099327428,-0.0381479238890795,0.008763));
#14822=CARTESIAN_POINT('',(0.3027099327428,-0.0381479238890795,0.006763));
#14823=CARTESIAN_POINT('',(0.3027099327428,-0.0381479238890795,0.006763));
#14824=CARTESIAN_POINT('',(0.3027099327428,-0.0381479238890795,0.006763));
#14825=CARTESIAN_POINT('',(0.302898806921614,-0.0379590497102656,0.006763));
#14826=CARTESIAN_POINT('',(0.302838892151899,-0.0377228143325346,0.006763));
#14827=CARTESIAN_POINT('',(0.302247691270723,-0.0377174681158883,0.006763));
#14828=CARTESIAN_POINT('',(0.302247691270723,-0.0377174681158883,0.008763));
#14829=CARTESIAN_POINT('',(0.302462709688985,-0.0383100777713874,0.008763));
#14830=CARTESIAN_POINT('',(0.302462570336407,-0.0383096937673084,0.006763));
#14831=CARTESIAN_POINT('',(0.302462709688985,-0.0383100777713874,0.006763));
#14832=CARTESIAN_POINT('',(0.302247691270723,-0.0377174681158883,0.006763));
#14833=CARTESIAN_POINT('',(0.302324767707732,-0.0378831193011768,0.006763));
#14834=CARTESIAN_POINT('',(0.302324767707732,-0.0378831193011768,0.008763));
#14835=CARTESIAN_POINT('',(0.302206471823686,-0.0383155083923903,0.008763));
#14836=CARTESIAN_POINT('',(0.30220647182309,-0.038315508393417,0.006763));
#14837=CARTESIAN_POINT('',(0.302206471823686,-0.0383155083923903,0.006763));
#14838=CARTESIAN_POINT('',(0.302324767707732,-0.0378831193011768,0.006763));
#14839=CARTESIAN_POINT('',(0.301784106896498,-0.0378931434635799,0.006763));
#14840=CARTESIAN_POINT('',(0.301784106896498,-0.0378931434635799,0.008763));
#14841=CARTESIAN_POINT('',(0.301361965999238,-0.0374710025663199,0.008763));
#14842=CARTESIAN_POINT('',(0.301361965999238,-0.0374710025663199,0.006763));
#14843=CARTESIAN_POINT('',(0.301361965999238,-0.0374710025663199,0.006763));
#14844=CARTESIAN_POINT('',(0.301784106896498,-0.0378931434635799,0.006763));
#14845=CARTESIAN_POINT('',(0.301819059956711,-0.0373243863079505,0.006763));
#14846=CARTESIAN_POINT('',(0.301819059956711,-0.0373243863079505,0.008763));
#14847=CARTESIAN_POINT('',(0.301354678506324,-0.0372020319659688,0.008763));
#14848=CARTESIAN_POINT('',(0.301355003021973,-0.037202126452874,0.006763));
#14849=CARTESIAN_POINT('',(0.301354678506324,-0.0372020319659688,0.006763));
#14850=CARTESIAN_POINT('',(0.301819059956711,-0.0373243863079505,0.006763));
#14851=CARTESIAN_POINT('',(0.301891076171367,-0.0373634327028369,0.00676299999999999));
#14852=CARTESIAN_POINT('',(0.301891076171367,-0.0373634327028369,0.008763));
#14853=CARTESIAN_POINT('',(0.301507643030531,-0.036953622812773,0.008763));
#14854=CARTESIAN_POINT('',(0.301507643030531,-0.036953622812773,0.006763));
#14855=CARTESIAN_POINT('',(0.301507643030531,-0.036953622812773,0.006763));
#14856=CARTESIAN_POINT('',(0.301891076171367,-0.0373634327028369,0.006763));
#14857=CARTESIAN_POINT('',(0.300166693422637,-0.0378700334809757,0.006763));
#14858=CARTESIAN_POINT('',(0.300323613057604,-0.0380269531159419,0.006763));
#14859=CARTESIAN_POINT('',(0.300323613057604,-0.0380269531159419,0.006763));
#14860=CARTESIAN_POINT('',(0.300166693422637,-0.0378700334809757,0.006763));
#14861=CARTESIAN_POINT('',(0.300009773787671,-0.0377131138460095,0.006763));
#14862=CARTESIAN_POINT('',(0.300009773787671,-0.0377131138460095,0.006763));
#14863=CARTESIAN_POINT('',(0.300489377253814,-0.0379142562871934,0.006763));
#14864=CARTESIAN_POINT('',(0.300655141450024,-0.037801559458445,0.006763));
#14865=CARTESIAN_POINT('',(0.300655141450024,-0.037801559458445,0.006763));
#14866=CARTESIAN_POINT('',(0.300489377253814,-0.0379142562871934,0.006763));
#14867=CARTESIAN_POINT('',(0.301623478251978,-0.0387698962604002,0.006763));
#14868=CARTESIAN_POINT('',(0.302591815053934,-0.0397382330623554,0.006763));
#14869=CARTESIAN_POINT('',(0.302591815053934,-0.0397382330623554,0.006763));
#14870=CARTESIAN_POINT('',(0.301623478251978,-0.0387698962604002,0.006763));
#14871=CARTESIAN_POINT('',(0.302492813029692,-0.0398908730709135,0.006763));
#14872=CARTESIAN_POINT('',(0.302393811005449,-0.0400435130794716,0.006763));
#14873=CARTESIAN_POINT('',(0.302393811005449,-0.0400435130794716,0.006763));
#14874=CARTESIAN_POINT('',(0.302492813029692,-0.0398908730709135,0.006763));
#14875=CARTESIAN_POINT('',(0.302550730640415,-0.0402004327144378,0.006763));
#14876=CARTESIAN_POINT('',(0.302707650275381,-0.040357352349404,0.006763));
#14877=CARTESIAN_POINT('',(0.302707650275381,-0.040357352349404,0.006763));
#14878=CARTESIAN_POINT('',(0.302550730640415,-0.0402004327144378,0.006763));
#14879=CARTESIAN_POINT('',(0.303218637668517,-0.0398463649562686,0.006763));
#14880=CARTESIAN_POINT('',(0.303729625061653,-0.039335377563133,0.006763));
#14881=CARTESIAN_POINT('',(0.303729625061653,-0.039335377563133,0.006763));
#14882=CARTESIAN_POINT('',(0.303218637668517,-0.0398463649562686,0.006763));
#14883=CARTESIAN_POINT('',(0.303572705426687,-0.0391784579281668,0.006763));
#14884=CARTESIAN_POINT('',(0.30341578579172,-0.0390215382932006,0.006763));
#14885=CARTESIAN_POINT('',(0.30341578579172,-0.0390215382932006,0.006763));
#14886=CARTESIAN_POINT('',(0.303572705426687,-0.0391784579281668,0.006763));
#14887=CARTESIAN_POINT('',(0.303263145783162,-0.0391205403174429,0.006763));
#14888=CARTESIAN_POINT('',(0.303110505774604,-0.0392195423416853,0.006763));
#14889=CARTESIAN_POINT('',(0.303110505774604,-0.0392195423416853,0.006763));
#14890=CARTESIAN_POINT('',(0.303263145783162,-0.0391205403174429,0.006763));
#14891=CARTESIAN_POINT('',(0.302831474132791,-0.0389405106998726,0.006763));
#14892=CARTESIAN_POINT('',(0.302552139217815,-0.0386611757848966,0.006763));
#14893=CARTESIAN_POINT('',(0.302552442490978,-0.0386614790580599,0.006763));
#14894=CARTESIAN_POINT('',(0.302831474132791,-0.0389405106998726,0.006763));
#14895=CARTESIAN_POINT('',(0.30266185058791,-0.0378865391445393,0.00676299999999999));
#14896=CARTESIAN_POINT('',(0.302919063819945,-0.0386252448878041,0.006763));
#14897=CARTESIAN_POINT('',(0.302919160249132,-0.0386255086839922,0.006763));
#14898=CARTESIAN_POINT('',(0.30266185058791,-0.0378865391445393,0.006763));
#14899=CARTESIAN_POINT('',(0.302612674704289,-0.03780689649365,0.00676299999999999));
#14900=CARTESIAN_POINT('',(0.303244600735393,-0.0384121194926772,0.006763));
#14901=CARTESIAN_POINT('',(0.303244600735393,-0.0384121194926772,0.006763));
#14902=CARTESIAN_POINT('',(0.302612674704289,-0.03780689649365,0.006763));
#14903=CARTESIAN_POINT('',(0.303537041873285,-0.0375987051666977,0.006763));
#14904=CARTESIAN_POINT('',(0.303537041873285,-0.0375987051666977,0.008763));
#14905=CARTESIAN_POINT('',(0.303578696903658,-0.0379043655950502,0.006763));
#14906=CARTESIAN_POINT('',(0.303578696903658,-0.0379043655950502,0.008763));
#14907=CARTESIAN_POINT('',(0.303481216524361,-0.03817550370371,0.006763));
#14908=CARTESIAN_POINT('',(0.303481216524361,-0.03817550370371,0.008763));
#14909=CARTESIAN_POINT('',(0.303244600735393,-0.0384121194926772,0.006763));
#14910=CARTESIAN_POINT('',(0.303244600735393,-0.0384121194926772,0.008763));
#14911=CARTESIAN_POINT('',(0.303537041873285,-0.0375987051666977,0.006763));
#14912=CARTESIAN_POINT('',(0.303537041873285,-0.0375987051666977,0.006763));
#14913=CARTESIAN_POINT('',(0.303537041873285,-0.0375987051666977,0.006763));
#14914=CARTESIAN_POINT('',(0.303599524418845,-0.0380571958092263,0.006763));
#14915=CARTESIAN_POINT('',(0.303244600735393,-0.0384121194926772,0.006763));
#14916=CARTESIAN_POINT('',(0.303046596686908,-0.0367122518833521,0.006763));
#14917=CARTESIAN_POINT('',(0.303046596686908,-0.0367122518833521,0.008763));
#14918=CARTESIAN_POINT('',(0.30333190511412,-0.0369975603105635,0.006763));
#14919=CARTESIAN_POINT('',(0.30333190511412,-0.0369975603105635,0.008763));
#14920=CARTESIAN_POINT('',(0.303495386842912,-0.0372930447383453,0.006763));
#14921=CARTESIAN_POINT('',(0.303495386842912,-0.0372930447383453,0.008763));
#14922=CARTESIAN_POINT('',(0.303537041873285,-0.0375987051666977,0.006763));
#14923=CARTESIAN_POINT('',(0.303537041873285,-0.0375987051666977,0.008763));
#14924=CARTESIAN_POINT('',(0.303046596686908,-0.0367122518833521,0.006763));
#14925=CARTESIAN_POINT('',(0.303046596686908,-0.0367122518833521,0.006763));
#14926=CARTESIAN_POINT('',(0.303046596686908,-0.0367122518833521,0.006763));
#14927=CARTESIAN_POINT('',(0.303474559327725,-0.0371402145241692,0.006763));
#14928=CARTESIAN_POINT('',(0.303537041873285,-0.0375987051666977,0.006763));
#14929=CARTESIAN_POINT('',(0.303027766330713,-0.0366934215271562,0.006763));
#14930=CARTESIAN_POINT('',(0.303008935974517,-0.0366745911709603,0.006763));
#14931=CARTESIAN_POINT('',(0.303008935974517,-0.0366745911709603,0.006763));
#14932=CARTESIAN_POINT('',(0.303027766330713,-0.0366934215271562,0.006763));
#14933=CARTESIAN_POINT('',(0.302074550875399,-0.0361362141688125,0.006763));
#14934=CARTESIAN_POINT('',(0.302074550875399,-0.0361362141688125,0.008763));
#14935=CARTESIAN_POINT('',(0.302393145285785,-0.0361908031812189,0.006763));
#14936=CARTESIAN_POINT('',(0.302393145285785,-0.0361908031812189,0.008763));
#14937=CARTESIAN_POINT('',(0.302704606985491,-0.0363702621819348,0.006763));
#14938=CARTESIAN_POINT('',(0.302704606985491,-0.0363702621819348,0.008763));
#14939=CARTESIAN_POINT('',(0.303008935974517,-0.0366745911709603,0.006763));
#14940=CARTESIAN_POINT('',(0.303008935974517,-0.0366745911709603,0.008763));
#14941=CARTESIAN_POINT('',(0.302074550875399,-0.0361362141688125,0.006763));
#14942=CARTESIAN_POINT('',(0.302074550875399,-0.0361362141688125,0.006763));
#14943=CARTESIAN_POINT('',(0.302074550875399,-0.0361362141688125,0.006763));
#14944=CARTESIAN_POINT('',(0.302552442490978,-0.0362180976874222,0.006763));
#14945=CARTESIAN_POINT('',(0.303008935974517,-0.0366745911709603,0.006763));
#14946=CARTESIAN_POINT('',(0.301238311875243,-0.0364126780347802,0.006763));
#14947=CARTESIAN_POINT('',(0.301238311875243,-0.0364126780347802,0.008763));
#14948=CARTESIAN_POINT('',(0.301477210131628,-0.0361737797783953,0.006763));
#14949=CARTESIAN_POINT('',(0.301477210131628,-0.0361737797783953,0.008763));
#14950=CARTESIAN_POINT('',(0.301755956465014,-0.0360816251564061,0.006763));
#14951=CARTESIAN_POINT('',(0.301755956465014,-0.0360816251564061,0.008763));
#14952=CARTESIAN_POINT('',(0.302074550875399,-0.0361362141688125,0.006763));
#14953=CARTESIAN_POINT('',(0.302074550875399,-0.0361362141688125,0.008763));
#14954=CARTESIAN_POINT('',(0.301238311875243,-0.0364126780347802,0.006763));
#14955=CARTESIAN_POINT('',(0.301238311875243,-0.0364126780347802,0.006763));
#14956=CARTESIAN_POINT('',(0.301238311875243,-0.0364126780347802,0.006763));
#14957=CARTESIAN_POINT('',(0.301596659259821,-0.0360543306502028,0.006763));
#14958=CARTESIAN_POINT('',(0.302074550875399,-0.0361362141688125,0.006763));
#14959=CARTESIAN_POINT('',(0.301779020407665,-0.0369811927804554,0.00676299999999999));
#14960=CARTESIAN_POINT('',(0.301028039564389,-0.0367587571569876,0.006763));
#14961=CARTESIAN_POINT('',(0.301027739932161,-0.0367586686410677,0.006763));
#14962=CARTESIAN_POINT('',(0.301779020407665,-0.0369811927804554,0.006763));
#14963=CARTESIAN_POINT('',(0.301877139141591,-0.0369834480297445,0.006763));
#14964=CARTESIAN_POINT('',(0.301015707185466,-0.0371565963009114,0.006763));
#14965=CARTESIAN_POINT('',(0.301015200685164,-0.037156191796093,0.006763));
#14966=CARTESIAN_POINT('',(0.301877139141591,-0.0369834480297445,0.006763));
#14967=CARTESIAN_POINT('',(0.300890520902472,-0.0370566191549963,0.006763));
#14968=CARTESIAN_POINT('',(0.300765841119781,-0.0369570465138995,0.006763));
#14969=CARTESIAN_POINT('',(0.300765841119781,-0.0369570465138995,0.006763));
#14970=CARTESIAN_POINT('',(0.300890520902472,-0.0370566191549963,0.006763));
#14971=CARTESIAN_POINT('',(0.300387807453727,-0.0373350801799545,0.006763));
#14972=CARTESIAN_POINT('',(0.300387807453727,-0.0373350801799545,0.006763));
#14973=CARTESIAN_POINT('',(0.301955006644398,-0.0368446349935782,0.006763));
#14974=CARTESIAN_POINT('',(0.301955006644398,-0.0368446349935782,0.008763));
#14975=CARTESIAN_POINT('',(0.301781539120654,-0.0367925186542076,0.006763));
#14976=CARTESIAN_POINT('',(0.301781539120654,-0.0367925186542076,0.008763));
#14977=CARTESIAN_POINT('',(0.301632417916031,-0.0368288479272725,0.006763));
#14978=CARTESIAN_POINT('',(0.301632417916031,-0.0368288479272725,0.008763));
#14979=CARTESIAN_POINT('',(0.301507643030531,-0.036953622812773,0.006763));
#14980=CARTESIAN_POINT('',(0.301507643030531,-0.036953622812773,0.008763));
#14981=CARTESIAN_POINT('',(0.301955006644398,-0.0368446349935782,0.008763));
#14982=CARTESIAN_POINT('',(0.301694805358782,-0.0367664604845223,0.008763));
#14983=CARTESIAN_POINT('',(0.301507643030531,-0.036953622812773,0.008763));
#14984=CARTESIAN_POINT('',(0.301955006644398,-0.0368446349935782,0.006763));
#14985=CARTESIAN_POINT('',(0.301694805358782,-0.0367664604845223,0.006763));
#14986=CARTESIAN_POINT('',(0.301507643030531,-0.036953622812773,0.006763));
#14987=CARTESIAN_POINT('',(0.304492,-0.035145,0.006763));
#14988=CARTESIAN_POINT('',(0.300121899999566,-0.0382554851661382,0.006763));
#14989=CARTESIAN_POINT('',(0.300198647966485,-0.0381519182070605,0.006763));
#14990=CARTESIAN_POINT('',(0.300198647966485,-0.0381519182070605,0.006763));
#14991=CARTESIAN_POINT('',(0.300121899999566,-0.0382554851661382,0.006763));
#14992=CARTESIAN_POINT('',(0.300045152032645,-0.0383590521252159,0.006763));
#14993=CARTESIAN_POINT('',(0.300045152032645,-0.0383590521252159,0.006763));
#14994=CARTESIAN_POINT('',(0.300041728331519,-0.0379949985720942,0.006763));
#14995=CARTESIAN_POINT('',(0.299884808696553,-0.0378380789371281,0.006763));
#14996=CARTESIAN_POINT('',(0.299884808696553,-0.0378380789371281,0.006763));
#14997=CARTESIAN_POINT('',(0.300041728331519,-0.0379949985720942,0.006763));
#14998=CARTESIAN_POINT('',(0.299412337941091,-0.03831054969259,0.006763));
#14999=CARTESIAN_POINT('',(0.298939867185629,-0.038783020448052,0.006763));
#15000=CARTESIAN_POINT('',(0.298939867185629,-0.038783020448052,0.006763));
#15001=CARTESIAN_POINT('',(0.299412337941091,-0.03831054969259,0.006763));
#15002=CARTESIAN_POINT('',(0.299096786820595,-0.0389399400830182,0.006763));
#15003=CARTESIAN_POINT('',(0.299253706455561,-0.0390968597179844,0.006763));
#15004=CARTESIAN_POINT('',(0.299253706455561,-0.0390968597179844,0.006763));
#15005=CARTESIAN_POINT('',(0.299096786820595,-0.0389399400830182,0.006763));
#15006=CARTESIAN_POINT('',(0.299380098088816,-0.039005846329704,0.006763));
#15007=CARTESIAN_POINT('',(0.299506489722071,-0.0389148329414236,0.006763));
#15008=CARTESIAN_POINT('',(0.299506489722071,-0.0389148329414236,0.006763));
#15009=CARTESIAN_POINT('',(0.299380098088816,-0.039005846329704,0.006763));
#15010=CARTESIAN_POINT('',(0.299809772580196,-0.0395228251998109,0.006763));
#15011=CARTESIAN_POINT('',(0.300113055438322,-0.0401308174581982,0.006763));
#15012=CARTESIAN_POINT('',(0.300113055438322,-0.0401308174581982,0.006763));
#15013=CARTESIAN_POINT('',(0.299809772580196,-0.0395228251998109,0.006763));
#15014=CARTESIAN_POINT('',(0.300106778652924,-0.0401353823930337,0.006763));
#15015=CARTESIAN_POINT('',(0.300100501867525,-0.040139947327869,0.006763));
#15016=CARTESIAN_POINT('',(0.300100501867525,-0.040139947327869,0.006763));
#15017=CARTESIAN_POINT('',(0.300106778652924,-0.0401353823930337,0.006763));
#15018=CARTESIAN_POINT('',(0.300017477115206,-0.0400837415677084,0.006763));
#15019=CARTESIAN_POINT('',(0.299934452362888,-0.0400275358075477,0.006763));
#15020=CARTESIAN_POINT('',(0.299934452362888,-0.0400275358075477,0.006763));
#15021=CARTESIAN_POINT('',(0.300017477115206,-0.0400837415677084,0.006763));
#15022=CARTESIAN_POINT('',(0.299417188184353,-0.0397744672326113,0.006763));
#15023=CARTESIAN_POINT('',(0.298899924005819,-0.0395213986576749,0.006763));
#15024=CARTESIAN_POINT('',(0.298899924005819,-0.0395213986576749,0.006763));
#15025=CARTESIAN_POINT('',(0.299417188184353,-0.0397744672326113,0.006763));
#15026=CARTESIAN_POINT('',(0.298990366777245,-0.0393955776412747,0.006763));
#15027=CARTESIAN_POINT('',(0.299080809548672,-0.0392697566248744,0.006763));
#15028=CARTESIAN_POINT('',(0.299080809548672,-0.0392697566248744,0.006763));
#15029=CARTESIAN_POINT('',(0.298990366777245,-0.0393955776412747,0.006763));
#15030=CARTESIAN_POINT('',(0.298923889913705,-0.0391128369899083,0.006763));
#15031=CARTESIAN_POINT('',(0.298766970278739,-0.038955917354942,0.006763));
#15032=CARTESIAN_POINT('',(0.298766970278739,-0.038955917354942,0.006763));
#15033=CARTESIAN_POINT('',(0.298923889913705,-0.0391128369899083,0.006763));
#15034=CARTESIAN_POINT('',(0.29829421421485,-0.0394286734188312,0.006763));
#15035=CARTESIAN_POINT('',(0.297821458150961,-0.0399014294827203,0.006763));
#15036=CARTESIAN_POINT('',(0.297821458150961,-0.0399014294827203,0.006763));
#15037=CARTESIAN_POINT('',(0.29829421421485,-0.0394286734188312,0.006763));
#15038=CARTESIAN_POINT('',(0.297978377785927,-0.0400583491176865,0.006763));
#15039=CARTESIAN_POINT('',(0.298135297420893,-0.0402152687526528,0.006763));
#15040=CARTESIAN_POINT('',(0.298135297420893,-0.0402152687526528,0.006763));
#15041=CARTESIAN_POINT('',(0.297978377785927,-0.0400583491176865,0.006763));
#15042=CARTESIAN_POINT('',(0.298239720305252,-0.0401393767110146,0.006763));
#15043=CARTESIAN_POINT('',(0.298344143189611,-0.0400634846693763,0.006763));
#15044=CARTESIAN_POINT('',(0.298344143189611,-0.0400634846693763,0.006763));
#15045=CARTESIAN_POINT('',(0.298239720305252,-0.0401393767110146,0.006763));
#15046=CARTESIAN_POINT('',(0.299444292484938,-0.0405519326967621,0.006763));
#15047=CARTESIAN_POINT('',(0.300544441780266,-0.0410403807241479,0.006763));
#15048=CARTESIAN_POINT('',(0.300544441780266,-0.0410403807241479,0.006763));
#15049=CARTESIAN_POINT('',(0.299444292484938,-0.0405519326967621,0.006763));
#15050=CARTESIAN_POINT('',(0.300588093969628,-0.0411428064495168,0.006763));
#15051=CARTESIAN_POINT('',(0.300631746158992,-0.0412452321748857,0.006763));
#15052=CARTESIAN_POINT('',(0.300631632598016,-0.0412452829500152,0.006763));
#15053=CARTESIAN_POINT('',(0.300588093969628,-0.0411428064495168,0.006763));
#15054=CARTESIAN_POINT('',(0.300090106822623,-0.0414874087437253,0.006763));
#15055=CARTESIAN_POINT('',(0.300682531059035,-0.0415105690121922,0.006763));
#15056=CARTESIAN_POINT('',(0.300682531059035,-0.0415105690121922,0.006763));
#15057=CARTESIAN_POINT('',(0.300090106822623,-0.0414874087437253,0.006763));
#15058=CARTESIAN_POINT('',(0.300546153630828,-0.0417736233820811,0.006763));
#15059=CARTESIAN_POINT('',(0.300546153630828,-0.0417736233820811,0.008763));
#15060=CARTESIAN_POINT('',(0.300632887392701,-0.0416868896202088,0.006763));
#15061=CARTESIAN_POINT('',(0.300632887392701,-0.0416868896202088,0.008763));
#15062=CARTESIAN_POINT('',(0.300678346535436,-0.0415992048302459,0.006763));
#15063=CARTESIAN_POINT('',(0.300678346535436,-0.0415992048302459,0.008763));
#15064=CARTESIAN_POINT('',(0.300682531059035,-0.0415105690121922,0.006763));
#15065=CARTESIAN_POINT('',(0.300682531059035,-0.0415105690121922,0.008763));
#15066=CARTESIAN_POINT('',(0.300546153630828,-0.0417736233820811,0.006763));
#15067=CARTESIAN_POINT('',(0.300546153630828,-0.0417736233820811,0.006763));
#15068=CARTESIAN_POINT('',(0.300546153630828,-0.0417736233820811,0.006763));
#15069=CARTESIAN_POINT('',(0.300676254273637,-0.0416435227392727,0.006763));
#15070=CARTESIAN_POINT('',(0.300682531059035,-0.0415105690121922,0.006763));
#15071=CARTESIAN_POINT('',(0.300203120215096,-0.0414198811280801,0.006763));
#15072=CARTESIAN_POINT('',(0.300496224656066,-0.0418161343377356,0.006763));
#15073=CARTESIAN_POINT('',(0.3004962075765,-0.0418161110963119,0.006763));
#15074=CARTESIAN_POINT('',(0.300203120215096,-0.0414198811280801,0.006763));
#15075=CARTESIAN_POINT('',(0.300466379892957,-0.0418387562927668,0.00676300000057381));
#15076=CARTESIAN_POINT('',(0.300437159244689,-0.041860918707805,0.00676300000057381));
#15077=CARTESIAN_POINT('',(0.300437159244689,-0.041860918707805,0.006763));
#15078=CARTESIAN_POINT('',(0.300466379892957,-0.0418387562927668,0.006763));
#15079=CARTESIAN_POINT('',(0.300596938530872,-0.0420811858666148,0.006763));
#15080=CARTESIAN_POINT('',(0.300756670829205,-0.0423013882493154,0.006763));
#15081=CARTESIAN_POINT('',(0.300756670829205,-0.0423013882493154,0.006763));
#15082=CARTESIAN_POINT('',(0.300596938530872,-0.0420811858666148,0.006763));
#15083=CARTESIAN_POINT('',(0.298902865808614,-0.039204882480723,0.006763));
#15084=CARTESIAN_POINT('',(0.300923443934708,-0.0421952344776697,0.006763));
#15085=CARTESIAN_POINT('',(0.300923443934708,-0.0421952344776697,0.006763));
#15086=CARTESIAN_POINT('',(0.298902865808614,-0.039204882480723,0.006763));
#15087=CARTESIAN_POINT('',(0.30038220191818,-0.0414142271498494,0.006763));
#15088=CARTESIAN_POINT('',(0.301057996949246,-0.0420823271003237,0.006763));
#15089=CARTESIAN_POINT('',(0.301057996949246,-0.0420823271003237,0.006763));
#15090=CARTESIAN_POINT('',(0.30038220191818,-0.0414142271498494,0.006763));
#15091=CARTESIAN_POINT('',(0.301339025750049,-0.0415194135734357,0.006763));
#15092=CARTESIAN_POINT('',(0.301339025750049,-0.0415194135734357,0.008763));
#15093=CARTESIAN_POINT('',(0.301339596366903,-0.0417067661073045,0.006763));
#15094=CARTESIAN_POINT('',(0.301339596366903,-0.0417067661073045,0.008763));
#15095=CARTESIAN_POINT('',(0.301245920099969,-0.0418944039496005,0.006763));
#15096=CARTESIAN_POINT('',(0.301245920099969,-0.0418944039496005,0.008763));
#15097=CARTESIAN_POINT('',(0.301057996949246,-0.0420823271003237,0.006763));
#15098=CARTESIAN_POINT('',(0.301057996949246,-0.0420823271003237,0.008763));
#15099=CARTESIAN_POINT('',(0.301339025750049,-0.0415194135734357,0.006763));
#15100=CARTESIAN_POINT('',(0.301339025750049,-0.0415194135734357,0.006763));
#15101=CARTESIAN_POINT('',(0.301339025750049,-0.0415194135734357,0.006763));
#15102=CARTESIAN_POINT('',(0.30133988167533,-0.0418004423742389,0.006763));
#15103=CARTESIAN_POINT('',(0.301057996949246,-0.0420823271003237,0.006763));
#15104=CARTESIAN_POINT('',(0.299871767839552,-0.0415438010007403,0.00676299999999999));
#15105=CARTESIAN_POINT('',(0.301213204733648,-0.0409456583263138,0.006763));
#15106=CARTESIAN_POINT('',(0.301212895384538,-0.0409457962641515,0.00676300025));
#15107=CARTESIAN_POINT('',(0.299871767839552,-0.0415438010007403,0.006763));
#15108=CARTESIAN_POINT('',(0.300629178383147,-0.0396523552257649,0.006763));
#15109=CARTESIAN_POINT('',(0.300629178383147,-0.0396523552257649,0.006763));
#15110=CARTESIAN_POINT('',(0.304492,-0.035145,0.006763));
#15111=CARTESIAN_POINT('',(0.304323066590252,-0.0347259346131069,0.006763));
#15112=CARTESIAN_POINT('',(0.304497675347705,-0.0345513258556536,0.006763));
#15113=CARTESIAN_POINT('',(0.304497675347705,-0.0345513258556536,0.006763));
#15114=CARTESIAN_POINT('',(0.304323066590252,-0.0347259346131069,0.006763));
#15115=CARTESIAN_POINT('',(0.304148457832799,-0.0349005433705603,0.006763));
#15116=CARTESIAN_POINT('',(0.304148457832799,-0.0349005433705603,0.006763));
#15117=CARTESIAN_POINT('',(0.304255448493003,-0.034314234552641,0.006763));
#15118=CARTESIAN_POINT('',(0.304013221638301,-0.0340771432496283,0.006763));
#15119=CARTESIAN_POINT('',(0.304013221638301,-0.0340771432496283,0.006763));
#15120=CARTESIAN_POINT('',(0.304255448493003,-0.034314234552641,0.006763));
#15121=CARTESIAN_POINT('',(0.303543033350257,-0.0342363453520123,0.006763));
#15122=CARTESIAN_POINT('',(0.303543033350257,-0.0342363453520123,0.008763));
#15123=CARTESIAN_POINT('',(0.303717261696474,-0.0341431445991233,0.006763));
#15124=CARTESIAN_POINT('',(0.303717261696474,-0.0341431445991233,0.008763));
#15125=CARTESIAN_POINT('',(0.303873991125822,-0.0340900772316619,0.006763));
#15126=CARTESIAN_POINT('',(0.303873991125822,-0.0340900772316619,0.008763));
#15127=CARTESIAN_POINT('',(0.304013221638301,-0.0340771432496283,0.006763));
#15128=CARTESIAN_POINT('',(0.304013221638301,-0.0340771432496283,0.008763));
#15129=CARTESIAN_POINT('',(0.303543033350257,-0.0342363453520123,0.006763));
#15130=CARTESIAN_POINT('',(0.303543033350257,-0.0342363453520123,0.006763));
#15131=CARTESIAN_POINT('',(0.303543033350257,-0.0342363453520123,0.006763));
#15132=CARTESIAN_POINT('',(0.303804375869582,-0.0340965442226787,0.006763));
#15133=CARTESIAN_POINT('',(0.304013221638301,-0.0340771432496283,0.006763));
#15134=CARTESIAN_POINT('',(0.304526558395379,-0.0360510546003459,0.00676299999999998));
#15135=CARTESIAN_POINT('',(0.303056867790289,-0.0346009695219884,0.006763));
#15136=CARTESIAN_POINT('',(0.303056867790289,-0.0346009695219884,0.006763));
#15137=CARTESIAN_POINT('',(0.304526558395379,-0.0360510546003459,0.006763));
#15138=CARTESIAN_POINT('',(0.302663712777591,-0.0353456245170099,0.006763));
#15139=CARTESIAN_POINT('',(0.302663712777591,-0.0353456245170099,0.008763));
#15140=CARTESIAN_POINT('',(0.302679690049515,-0.0350953139235365,0.006763));
#15141=CARTESIAN_POINT('',(0.302679690049515,-0.0350953139235365,0.008763));
#15142=CARTESIAN_POINT('',(0.302810741720414,-0.0348470955918627,0.006763));
#15143=CARTESIAN_POINT('',(0.302810741720414,-0.0348470955918627,0.008763));
#15144=CARTESIAN_POINT('',(0.303056867790289,-0.0346009695219884,0.006763));
#15145=CARTESIAN_POINT('',(0.303056867790289,-0.0346009695219884,0.008763));
#15146=CARTESIAN_POINT('',(0.302663712777591,-0.0353456245170099,0.006763));
#15147=CARTESIAN_POINT('',(0.302663712777591,-0.0353456245170099,0.006763));
#15148=CARTESIAN_POINT('',(0.302663712777591,-0.0353456245170099,0.006763));
#15149=CARTESIAN_POINT('',(0.302687678685477,-0.0349701586267998,0.006763));
#15150=CARTESIAN_POINT('',(0.303056867790289,-0.0346009695219884,0.006763));
#15151=CARTESIAN_POINT('',(0.302882259032835,-0.0359636025703496,0.006763));
#15152=CARTESIAN_POINT('',(0.302882259032835,-0.0359636025703496,0.008763));
#15153=CARTESIAN_POINT('',(0.302720584257415,-0.0358019277949299,0.006763));
#15154=CARTESIAN_POINT('',(0.302720584257415,-0.0358019277949299,0.008763));
#15155=CARTESIAN_POINT('',(0.302647735505667,-0.0355959351104833,0.006763));
#15156=CARTESIAN_POINT('',(0.302647735505667,-0.0355959351104833,0.008763));
#15157=CARTESIAN_POINT('',(0.302663712777591,-0.0353456245170099,0.006763));
#15158=CARTESIAN_POINT('',(0.302663712777591,-0.0353456245170099,0.008763));
#15159=CARTESIAN_POINT('',(0.302882259032835,-0.0359636025703496,0.006763));
#15160=CARTESIAN_POINT('',(0.302882259032835,-0.0359636025703496,0.006763));
#15161=CARTESIAN_POINT('',(0.302882259032835,-0.0359636025703496,0.006763));
#15162=CARTESIAN_POINT('',(0.302639746869705,-0.03572109040722,0.006763));
#15163=CARTESIAN_POINT('',(0.302663712777591,-0.0353456245170099,0.006763));
#15164=CARTESIAN_POINT('',(0.303428339362518,-0.0361616066188343,0.006763));
#15165=CARTESIAN_POINT('',(0.303428339362518,-0.0361616066188343,0.008763));
#15166=CARTESIAN_POINT('',(0.30322139564998,-0.0361867137604289,0.006763));
#15167=CARTESIAN_POINT('',(0.30322139564998,-0.0361867137604289,0.008763));
#15168=CARTESIAN_POINT('',(0.303039368873419,-0.036120712410934,0.006763));
#15169=CARTESIAN_POINT('',(0.303039368873419,-0.036120712410934,0.008763));
#15170=CARTESIAN_POINT('',(0.302882259032835,-0.0359636025703496,0.006763));
#15171=CARTESIAN_POINT('',(0.302882259032835,-0.0359636025703496,0.008763));
#15172=CARTESIAN_POINT('',(0.303428339362518,-0.0361616066188343,0.006763));
#15173=CARTESIAN_POINT('',(0.303428339362518,-0.0361616066188343,0.006763));
#15174=CARTESIAN_POINT('',(0.303428339362518,-0.0361616066188343,0.006763));
#15175=CARTESIAN_POINT('',(0.303117923793711,-0.0361992673312262,0.006763));
#15176=CARTESIAN_POINT('',(0.302882259032835,-0.0359636025703496,0.006763));
#15177=CARTESIAN_POINT('',(0.304148457832799,-0.035853473517446,0.006763));
#15178=CARTESIAN_POINT('',(0.304148457832799,-0.035853473517446,0.008763));
#15179=CARTESIAN_POINT('',(0.303875322565149,-0.0360337884434436,0.006763));
#15180=CARTESIAN_POINT('',(0.303875322565149,-0.0360337884434436,0.008763));
#15181=CARTESIAN_POINT('',(0.303635283075055,-0.0361364994772397,0.006763));
#15182=CARTESIAN_POINT('',(0.303635283075055,-0.0361364994772397,0.008763));
#15183=CARTESIAN_POINT('',(0.303428339362518,-0.0361616066188343,0.006763));
#15184=CARTESIAN_POINT('',(0.303428339362518,-0.0361616066188343,0.008763));
#15185=CARTESIAN_POINT('',(0.304148457832799,-0.035853473517446,0.006763));
#15186=CARTESIAN_POINT('',(0.304148457832799,-0.035853473517446,0.006763));
#15187=CARTESIAN_POINT('',(0.304148457832799,-0.035853473517446,0.006763));
#15188=CARTESIAN_POINT('',(0.303738754931324,-0.0361239459064424,0.006763));
#15189=CARTESIAN_POINT('',(0.303428339362518,-0.0361616066188343,0.006763));
#15190=CARTESIAN_POINT('',(0.304567575912372,-0.0356551841605342,0.006763));
#15191=CARTESIAN_POINT('',(0.304567575912372,-0.0356551841605342,0.008763));
#15192=CARTESIAN_POINT('',(0.304470000430266,-0.0356694495818948,0.006763));
#15193=CARTESIAN_POINT('',(0.304470000430266,-0.0356694495818948,0.008763));
#15194=CARTESIAN_POINT('',(0.304330294403742,-0.0357355460341987,0.006763));
#15195=CARTESIAN_POINT('',(0.304330294403742,-0.0357355460341987,0.008763));
#15196=CARTESIAN_POINT('',(0.304148457832799,-0.035853473517446,0.006763));
#15197=CARTESIAN_POINT('',(0.304148457832799,-0.035853473517446,0.008763));
#15198=CARTESIAN_POINT('',(0.304567575912372,-0.0356551841605342,0.006763));
#15199=CARTESIAN_POINT('',(0.304567575912372,-0.0356551841605342,0.006763));
#15200=CARTESIAN_POINT('',(0.304567575912372,-0.0356551841605342,0.006763));
#15201=CARTESIAN_POINT('',(0.304421212689213,-0.0356765822925751,0.006763));
#15202=CARTESIAN_POINT('',(0.304148457832799,-0.035853473517446,0.006763));
#15203=CARTESIAN_POINT('',(0.304799531663695,-0.0357193785566568,0.006763));
#15204=CARTESIAN_POINT('',(0.304799531663695,-0.0357193785566568,0.008763));
#15205=CARTESIAN_POINT('',(0.304742469978253,-0.0356623168712145,0.006763));
#15206=CARTESIAN_POINT('',(0.304742469978253,-0.0356623168712145,0.008763));
#15207=CARTESIAN_POINT('',(0.304665151394478,-0.0356409187391736,0.006763));
#15208=CARTESIAN_POINT('',(0.304665151394478,-0.0356409187391736,0.008763));
#15209=CARTESIAN_POINT('',(0.304567575912372,-0.0356551841605342,0.006763));
#15210=CARTESIAN_POINT('',(0.304567575912372,-0.0356551841605342,0.008763));
#15211=CARTESIAN_POINT('',(0.304799531663695,-0.0357193785566568,0.006763));
#15212=CARTESIAN_POINT('',(0.304799531663695,-0.0357193785566568,0.006763));
#15213=CARTESIAN_POINT('',(0.304799531663695,-0.0357193785566568,0.006763));
#15214=CARTESIAN_POINT('',(0.304713939135531,-0.0356337860284933,0.006763));
#15215=CARTESIAN_POINT('',(0.304567575912372,-0.0356551841605342,0.006763));
#15216=CARTESIAN_POINT('',(0.304625600651674,-0.0359017622023577,0.006763));
#15217=CARTESIAN_POINT('',(0.30487171469578,-0.0359576110933782,0.006763));
#15218=CARTESIAN_POINT('',(0.30487171469578,-0.0359576110933782,0.006763));
#15219=CARTESIAN_POINT('',(0.304625600651674,-0.0359017622023577,0.006763));
#15220=CARTESIAN_POINT('',(0.304687120143374,-0.0362563290166684,0.006763));
#15221=CARTESIAN_POINT('',(0.304687120143374,-0.0362563290166684,0.008763));
#15222=CARTESIAN_POINT('',(0.30479287446706,-0.0361505746929821,0.006763));
#15223=CARTESIAN_POINT('',(0.30479287446706,-0.0361505746929821,0.008763));
#15224=CARTESIAN_POINT('',(0.304854405984529,-0.0360510020518854,0.006763));
#15225=CARTESIAN_POINT('',(0.304854405984529,-0.0360510020518854,0.008763));
#15226=CARTESIAN_POINT('',(0.30487171469578,-0.0359576110933782,0.006763));
#15227=CARTESIAN_POINT('',(0.30487171469578,-0.0359576110933782,0.008763));
#15228=CARTESIAN_POINT('',(0.304687120143374,-0.0362563290166684,0.006763));
#15229=CARTESIAN_POINT('',(0.304687120143374,-0.0362563290166684,0.006763));
#15230=CARTESIAN_POINT('',(0.304687120143374,-0.0362563290166684,0.006763));
#15231=CARTESIAN_POINT('',(0.304845751628903,-0.036097697531139,0.006763));
#15232=CARTESIAN_POINT('',(0.30487171469578,-0.0359576110933782,0.006763));
#15233=CARTESIAN_POINT('',(0.303953643308815,-0.0355290546100809,0.006763));
#15234=CARTESIAN_POINT('',(0.304500813740405,-0.0364049747072456,0.006763));
#15235=CARTESIAN_POINT('',(0.30450066049455,-0.0364047510611287,0.006763));
#15236=CARTESIAN_POINT('',(0.303953643308815,-0.0355290546100809,0.006763));
#15237=CARTESIAN_POINT('',(0.304263114130732,-0.0360531675463463,0.006763));
#15238=CARTESIAN_POINT('',(0.304316219187999,-0.036473163421349,0.006763));
#15239=CARTESIAN_POINT('',(0.304316258911213,-0.0364734772879151,0.00676300030970445));
#15240=CARTESIAN_POINT('',(0.304263114130732,-0.0360531675463463,0.006763));
#15241=CARTESIAN_POINT('',(0.304155019926625,-0.0363832912667775,0.006763));
#15242=CARTESIAN_POINT('',(0.303993820665251,-0.0362934191122059,0.006763));
#15243=CARTESIAN_POINT('',(0.303993820665251,-0.0362934191122059,0.006763));
#15244=CARTESIAN_POINT('',(0.304155019926625,-0.0363832912667775,0.006763));
#15245=CARTESIAN_POINT('',(0.30381179388869,-0.0364754458887667,0.006763));
#15246=CARTESIAN_POINT('',(0.303629767112128,-0.0366574726653276,0.006763));
#15247=CARTESIAN_POINT('',(0.303629767112128,-0.0366574726653276,0.006763));
#15248=CARTESIAN_POINT('',(0.30381179388869,-0.0364754458887667,0.006763));
#15249=CARTESIAN_POINT('',(0.303848883984227,-0.036871453985736,0.006763));
#15250=CARTESIAN_POINT('',(0.304068149761795,-0.0370855807216425,0.006763));
#15251=CARTESIAN_POINT('',(0.304068149761795,-0.0370855807216425,0.006763));
#15252=CARTESIAN_POINT('',(0.303848883984227,-0.036871453985736,0.006763));
#15253=CARTESIAN_POINT('',(0.303928728854412,-0.0355955003442878,0.00676299999999999));
#15254=CARTESIAN_POINT('',(0.304585550343286,-0.0369404986251212,0.006763));
#15255=CARTESIAN_POINT('',(0.304585612837984,-0.0369406229990494,0.006763));
#15256=CARTESIAN_POINT('',(0.303928728854412,-0.0355955003442878,0.006763));
#15257=CARTESIAN_POINT('',(0.303814703432154,-0.0353825931708448,0.00676299999999998));
#15258=CARTESIAN_POINT('',(0.305059732949312,-0.0365969872787587,0.006763));
#15259=CARTESIAN_POINT('',(0.305059732949312,-0.0365969872787587,0.006763));
#15260=CARTESIAN_POINT('',(0.303814703432154,-0.0353825931708448,0.006763));
#15261=CARTESIAN_POINT('',(0.305483986580575,-0.0358423464887848,0.006763));
#15262=CARTESIAN_POINT('',(0.305483986580575,-0.0358423464887848,0.008763));
#15263=CARTESIAN_POINT('',(0.305444994428856,-0.0361015967463108,0.006763));
#15264=CARTESIAN_POINT('',(0.305444994428856,-0.0361015967463108,0.008763));
#15265=CARTESIAN_POINT('',(0.305303576551768,-0.0363531436763022,0.006763));
#15266=CARTESIAN_POINT('',(0.305303576551768,-0.0363531436763022,0.008763));
#15267=CARTESIAN_POINT('',(0.305059732949312,-0.0365969872787587,0.006763));
#15268=CARTESIAN_POINT('',(0.305059732949312,-0.0365969872787587,0.008763));
#15269=CARTESIAN_POINT('',(0.305483986580575,-0.0358423464887848,0.006763));
#15270=CARTESIAN_POINT('',(0.305483986580575,-0.0358423464887848,0.006763));
#15271=CARTESIAN_POINT('',(0.305483986580575,-0.0358423464887848,0.006763));
#15272=CARTESIAN_POINT('',(0.305425498352997,-0.0362312218750738,0.006763));
#15273=CARTESIAN_POINT('',(0.305059732949312,-0.0365969872787587,0.006763));
#15274=CARTESIAN_POINT('',(0.305282273522537,-0.035193269816879,0.006763));
#15275=CARTESIAN_POINT('',(0.305282273522537,-0.035193269816879,0.008763));
#15276=CARTESIAN_POINT('',(0.305455741046281,-0.0353667373406236,0.006763));
#15277=CARTESIAN_POINT('',(0.305455741046281,-0.0353667373406236,0.008763));
#15278=CARTESIAN_POINT('',(0.305522978732294,-0.0355830962312588,0.006763));
#15279=CARTESIAN_POINT('',(0.305522978732294,-0.0355830962312588,0.008763));
#15280=CARTESIAN_POINT('',(0.305483986580575,-0.0358423464887848,0.006763));
#15281=CARTESIAN_POINT('',(0.305483986580575,-0.0358423464887848,0.008763));
#15282=CARTESIAN_POINT('',(0.305282273522537,-0.035193269816879,0.006763));
#15283=CARTESIAN_POINT('',(0.305282273522537,-0.035193269816879,0.006763));
#15284=CARTESIAN_POINT('',(0.305282273522537,-0.035193269816879,0.006763));
#15285=CARTESIAN_POINT('',(0.305542474808153,-0.0354534711024958,0.006763));
#15286=CARTESIAN_POINT('',(0.305483986580575,-0.0358423464887848,0.006763));
#15287=CARTESIAN_POINT('',(0.304728775173747,-0.0349855652818692,0.006763));
#15288=CARTESIAN_POINT('',(0.304728775173747,-0.0349855652818692,0.008763));
#15289=CARTESIAN_POINT('',(0.30493609929752,-0.034962360196456,0.006763));
#15290=CARTESIAN_POINT('',(0.30493609929752,-0.034962360196456,0.008763));
#15291=CARTESIAN_POINT('',(0.305120598747117,-0.0350315950414593,0.006763));
#15292=CARTESIAN_POINT('',(0.305120598747117,-0.0350315950414593,0.008763));
#15293=CARTESIAN_POINT('',(0.305282273522537,-0.035193269816879,0.006763));
#15294=CARTESIAN_POINT('',(0.305282273522537,-0.035193269816879,0.008763));
#15295=CARTESIAN_POINT('',(0.304728775173747,-0.0349855652818692,0.006763));
#15296=CARTESIAN_POINT('',(0.304728775173747,-0.0349855652818692,0.006763));
#15297=CARTESIAN_POINT('',(0.304728775173747,-0.0349855652818692,0.006763));
#15298=CARTESIAN_POINT('',(0.305039761359407,-0.0349507576537494,0.006763));
#15299=CARTESIAN_POINT('',(0.305282273522537,-0.035193269816879,0.006763));
#15300=CARTESIAN_POINT('',(0.303988114496706,-0.0353073931877636,0.006763));
#15301=CARTESIAN_POINT('',(0.303988114496706,-0.0353073931877636,0.008763));
#15302=CARTESIAN_POINT('',(0.304274564157626,-0.0351160463359139,0.006763));
#15303=CARTESIAN_POINT('',(0.304274564157626,-0.0351160463359139,0.008763));
#15304=CARTESIAN_POINT('',(0.304521451049973,-0.0350087703672824,0.006763));
#15305=CARTESIAN_POINT('',(0.304521451049973,-0.0350087703672824,0.008763));
#15306=CARTESIAN_POINT('',(0.304728775173747,-0.0349855652818692,0.006763));
#15307=CARTESIAN_POINT('',(0.304728775173747,-0.0349855652818692,0.008763));
#15308=CARTESIAN_POINT('',(0.303988114496706,-0.0353073931877636,0.006763));
#15309=CARTESIAN_POINT('',(0.303988114496706,-0.0353073931877636,0.006763));
#15310=CARTESIAN_POINT('',(0.303988114496706,-0.0353073931877636,0.006763));
#15311=CARTESIAN_POINT('',(0.304417788988087,-0.035020372909989,0.006763));
#15312=CARTESIAN_POINT('',(0.304728775173747,-0.0349855652818692,0.006763));
#15313=CARTESIAN_POINT('',(0.303578982212085,-0.0355116740216469,0.006763));
#15314=CARTESIAN_POINT('',(0.303578982212085,-0.0355116740216469,0.008763));
#15315=CARTESIAN_POINT('',(0.303668759263848,-0.0354991204508496,0.006763));
#15316=CARTESIAN_POINT('',(0.303668759263848,-0.0354991204508496,0.008763));
#15317=CARTESIAN_POINT('',(0.303805136692055,-0.0354310268395552,0.006763));
#15318=CARTESIAN_POINT('',(0.303805136692055,-0.0354310268395552,0.008763));
#15319=CARTESIAN_POINT('',(0.303988114496706,-0.0353073931877636,0.006763));
#15320=CARTESIAN_POINT('',(0.303988114496706,-0.0353073931877636,0.008763));
#15321=CARTESIAN_POINT('',(0.303578982212085,-0.0355116740216469,0.006763));
#15322=CARTESIAN_POINT('',(0.303578982212085,-0.0355116740216469,0.006763));
#15323=CARTESIAN_POINT('',(0.303578982212085,-0.0355116740216469,0.006763));
#15324=CARTESIAN_POINT('',(0.303713647789729,-0.0354928436654509,0.006763));
#15325=CARTESIAN_POINT('',(0.303988114496706,-0.0353073931877636,0.006763));
#15326=CARTESIAN_POINT('',(0.303531631131125,-0.0352673860408783,0.006763));
#15327=CARTESIAN_POINT('',(0.30335644163886,-0.0354426293822618,0.006763));
#15328=CARTESIAN_POINT('',(0.303356344956959,-0.0354427260557123,0.006763));
#15329=CARTESIAN_POINT('',(0.303531631131125,-0.0352673860408783,0.006763));
#15330=CARTESIAN_POINT('',(0.303543099605085,-0.035256187739574,0.006763));
#15331=CARTESIAN_POINT('',(0.303282546756212,-0.0352083911635213,0.006763));
#15332=CARTESIAN_POINT('',(0.303282546756212,-0.0352083911635213,0.006763));
#15333=CARTESIAN_POINT('',(0.303543099605085,-0.035256187739574,0.006763));
#15334=CARTESIAN_POINT('',(0.303438610465897,-0.0349290742132814,0.006763));
#15335=CARTESIAN_POINT('',(0.303438610465897,-0.0349290742132814,0.008763));
#15336=CARTESIAN_POINT('',(0.303346931357953,-0.0350207533212253,0.006763));
#15337=CARTESIAN_POINT('',(0.303346931357953,-0.0350207533212253,0.008763));
#15338=CARTESIAN_POINT('',(0.303294910121391,-0.0351138589713052,0.006763));
#15339=CARTESIAN_POINT('',(0.303294910121391,-0.0351138589713052,0.008763));
#15340=CARTESIAN_POINT('',(0.303282546756212,-0.0352083911635213,0.006763));
#15341=CARTESIAN_POINT('',(0.303282546756212,-0.0352083911635213,0.008763));
#15342=CARTESIAN_POINT('',(0.303438610465897,-0.0349290742132814,0.006763));
#15343=CARTESIAN_POINT('',(0.303438610465897,-0.0349290742132814,0.006763));
#15344=CARTESIAN_POINT('',(0.303438610465897,-0.0349290742132814,0.006763));
#15345=CARTESIAN_POINT('',(0.303301091803981,-0.0350665928751972,0.006763));
#15346=CARTESIAN_POINT('',(0.303282546756212,-0.0352083911635213,0.006763));
#15347=CARTESIAN_POINT('',(0.303983358686456,-0.0354591176885593,0.006763));
#15348=CARTESIAN_POINT('',(0.303646315000907,-0.0347784313637138,0.006763));
#15349=CARTESIAN_POINT('',(0.303646338131339,-0.034778473953847,0.006763));
#15350=CARTESIAN_POINT('',(0.303983358686456,-0.0354591176885593,0.006763));
#15351=CARTESIAN_POINT('',(0.303940178530139,-0.0353603503173222,0.006763));
#15352=CARTESIAN_POINT('',(0.303851839721262,-0.0347147998357747,0.006763));
#15353=CARTESIAN_POINT('',(0.303851839719746,-0.0347147998428258,0.006763));
#15354=CARTESIAN_POINT('',(0.303940178530139,-0.0353603503173222,0.006763));
#15355=CARTESIAN_POINT('',(0.304000382759076,-0.0348078181317166,0.006763));
#15356=CARTESIAN_POINT('',(0.304000382759076,-0.0348078181317166,0.006763));
#15357=CARTESIAN_POINT('',(0.304492,-0.035145,0.006763));
#15358=CARTESIAN_POINT('',(0.308197840340209,-0.0291997956864508,0.006763));
#15359=CARTESIAN_POINT('',(0.30830825470154,-0.0292639900825734,0.006763));
#15360=CARTESIAN_POINT('',(0.30830825470154,-0.0292639900825734,0.006763));
#15361=CARTESIAN_POINT('',(0.308197840340209,-0.0291997956864508,0.006763));
#15362=CARTESIAN_POINT('',(0.308087425978879,-0.0291356012903282,0.006763));
#15363=CARTESIAN_POINT('',(0.308087425978879,-0.0291356012903282,0.006763));
#15364=CARTESIAN_POINT('',(0.30846888334606,-0.0291033614380533,0.006763));
#15365=CARTESIAN_POINT('',(0.30862951199058,-0.0289427327935334,0.006763));
#15366=CARTESIAN_POINT('',(0.30862951199058,-0.0289427327935334,0.006763));
#15367=CARTESIAN_POINT('',(0.30846888334606,-0.0291033614380533,0.006763));
#15368=CARTESIAN_POINT('',(0.308333647151561,-0.0286468679545153,0.006763));
#15369=CARTESIAN_POINT('',(0.308037782312543,-0.0283510031154971,0.006763));
#15370=CARTESIAN_POINT('',(0.308037782312543,-0.0283510031154971,0.006763));
#15371=CARTESIAN_POINT('',(0.308333647151561,-0.0286468679545153,0.006763));
#15372=CARTESIAN_POINT('',(0.307290559541677,-0.0290982258863636,0.006763));
#15373=CARTESIAN_POINT('',(0.306543336770811,-0.02984544865723,0.006763));
#15374=CARTESIAN_POINT('',(0.306543336770811,-0.02984544865723,0.006763));
#15375=CARTESIAN_POINT('',(0.307290559541677,-0.0290982258863636,0.006763));
#15376=CARTESIAN_POINT('',(0.307191557517435,-0.0306431710197128,0.006763));
#15377=CARTESIAN_POINT('',(0.307839778264059,-0.0314408933821957,0.006763));
#15378=CARTESIAN_POINT('',(0.307839778264059,-0.0314408933821957,0.006763));
#15379=CARTESIAN_POINT('',(0.307191557517435,-0.0306431710197128,0.006763));
#15380=CARTESIAN_POINT('',(0.308084858203033,-0.0312260561365056,0.006763));
#15381=CARTESIAN_POINT('',(0.308330103775476,-0.0310110736964015,0.006763));
#15382=CARTESIAN_POINT('',(0.308330103775476,-0.0310110736964015,0.006763));
#15383=CARTESIAN_POINT('',(0.308084858203033,-0.0312260561365056,0.006763));
#15384=CARTESIAN_POINT('',(0.308711728798585,-0.0308239021612821,0.00676299999999999));
#15385=CARTESIAN_POINT('',(0.308293418663325,-0.030748735137781,0.006763));
#15386=CARTESIAN_POINT('',(0.308293418663325,-0.030748735137781,0.006763));
#15387=CARTESIAN_POINT('',(0.308711728798585,-0.0308239021612821,0.006763));
#15388=CARTESIAN_POINT('',(0.30846574495336,-0.0304657091779874,0.006763));
#15389=CARTESIAN_POINT('',(0.30846574495336,-0.0304657091779874,0.008763));
#15390=CARTESIAN_POINT('',(0.308366838031927,-0.0305646160994207,0.006763));
#15391=CARTESIAN_POINT('',(0.308366838031927,-0.0305646160994207,0.008763));
#15392=CARTESIAN_POINT('',(0.308309395935249,-0.0306589580860185,0.006763));
#15393=CARTESIAN_POINT('',(0.308309395935249,-0.0306589580860185,0.008763));
#15394=CARTESIAN_POINT('',(0.308293418663325,-0.030748735137781,0.006763));
#15395=CARTESIAN_POINT('',(0.308293418663325,-0.030748735137781,0.008763));
#15396=CARTESIAN_POINT('',(0.30846574495336,-0.0304657091779874,0.006763));
#15397=CARTESIAN_POINT('',(0.30846574495336,-0.0304657091779874,0.006763));
#15398=CARTESIAN_POINT('',(0.30846574495336,-0.0304657091779874,0.006763));
#15399=CARTESIAN_POINT('',(0.308317384571211,-0.0306140695601373,0.006763));
#15400=CARTESIAN_POINT('',(0.308293418663325,-0.030748735137781,0.006763));
#15401=CARTESIAN_POINT('',(0.308877730322254,-0.030324766814945,0.006763));
#15402=CARTESIAN_POINT('',(0.308877730322254,-0.030324766814945,0.008763));
#15403=CARTESIAN_POINT('',(0.308725565827741,-0.0302962359722239,0.006763));
#15404=CARTESIAN_POINT('',(0.308725565827741,-0.0302962359722239,0.008763));
#15405=CARTESIAN_POINT('',(0.308588237371443,-0.0303432167599047,0.006763));
#15406=CARTESIAN_POINT('',(0.308588237371443,-0.0303432167599047,0.008763));
#15407=CARTESIAN_POINT('',(0.30846574495336,-0.0304657091779874,0.006763));
#15408=CARTESIAN_POINT('',(0.30846574495336,-0.0304657091779874,0.008763));
#15409=CARTESIAN_POINT('',(0.308877730322254,-0.030324766814945,0.006763));
#15410=CARTESIAN_POINT('',(0.308877730322254,-0.030324766814945,0.006763));
#15411=CARTESIAN_POINT('',(0.308877730322254,-0.030324766814945,0.006763));
#15412=CARTESIAN_POINT('',(0.308649483580484,-0.0302819705508633,0.006763));
#15413=CARTESIAN_POINT('',(0.30846574495336,-0.0304657091779874,0.006763));
#15414=CARTESIAN_POINT('',(0.309330800104666,-0.0305923861196692,0.006763));
#15415=CARTESIAN_POINT('',(0.309330800104666,-0.0305923861196692,0.008763));
#15416=CARTESIAN_POINT('',(0.30918091807757,-0.0304425040925742,0.006763));
#15417=CARTESIAN_POINT('',(0.30918091807757,-0.0304425040925742,0.008763));
#15418=CARTESIAN_POINT('',(0.309029894816767,-0.0303532976576661,0.006763));
#15419=CARTESIAN_POINT('',(0.309029894816767,-0.0303532976576661,0.008763));
#15420=CARTESIAN_POINT('',(0.308877730322254,-0.030324766814945,0.006763));
#15421=CARTESIAN_POINT('',(0.308877730322254,-0.030324766814945,0.008763));
#15422=CARTESIAN_POINT('',(0.309330800104666,-0.0305923861196692,0.006763));
#15423=CARTESIAN_POINT('',(0.309330800104666,-0.0305923861196692,0.006763));
#15424=CARTESIAN_POINT('',(0.309330800104666,-0.0305923861196692,0.006763));
#15425=CARTESIAN_POINT('',(0.309105977064023,-0.0303675630790267,0.006763));
#15426=CARTESIAN_POINT('',(0.308877730322254,-0.030324766814945,0.006763));
#15427=CARTESIAN_POINT('',(0.309580159670048,-0.0310169250593597,0.006763));
#15428=CARTESIAN_POINT('',(0.309580159670048,-0.0310169250593597,0.008763));
#15429=CARTESIAN_POINT('',(0.309551628827327,-0.0308716079671001,0.006763));
#15430=CARTESIAN_POINT('',(0.309551628827327,-0.0308716079671001,0.008763));
#15431=CARTESIAN_POINT('',(0.3094685089722,-0.0307300949872032,0.006763));
#15432=CARTESIAN_POINT('',(0.3094685089722,-0.0307300949872032,0.008763));
#15433=CARTESIAN_POINT('',(0.309330800104666,-0.0305923861196692,0.006763));
#15434=CARTESIAN_POINT('',(0.309330800104666,-0.0305923861196692,0.008763));
#15435=CARTESIAN_POINT('',(0.309580159670048,-0.0310169250593597,0.006763));
#15436=CARTESIAN_POINT('',(0.309580159670048,-0.0310169250593597,0.006763));
#15437=CARTESIAN_POINT('',(0.309580159670048,-0.0310169250593597,0.006763));
#15438=CARTESIAN_POINT('',(0.309537363405966,-0.0307989494209703,0.006763));
#15439=CARTESIAN_POINT('',(0.309330800104666,-0.0305923861196692,0.006763));
#15440=CARTESIAN_POINT('',(0.309441499774424,-0.0314163568574556,0.006763));
#15441=CARTESIAN_POINT('',(0.309441499774424,-0.0314163568574556,0.008763));
#15442=CARTESIAN_POINT('',(0.309562470547561,-0.0312953860843179,0.006763));
#15443=CARTESIAN_POINT('',(0.309562470547561,-0.0312953860843179,0.008763));
#15444=CARTESIAN_POINT('',(0.309608690512769,-0.0311622421516193,0.006763));
#15445=CARTESIAN_POINT('',(0.309608690512769,-0.0311622421516193,0.008763));
#15446=CARTESIAN_POINT('',(0.309580159670048,-0.0310169250593597,0.006763));
#15447=CARTESIAN_POINT('',(0.309580159670048,-0.0310169250593597,0.008763));
#15448=CARTESIAN_POINT('',(0.309441499774424,-0.0314163568574556,0.006763));
#15449=CARTESIAN_POINT('',(0.309441499774424,-0.0314163568574556,0.006763));
#15450=CARTESIAN_POINT('',(0.309441499774424,-0.0314163568574556,0.006763));
#15451=CARTESIAN_POINT('',(0.309622955934129,-0.0312349006977491,0.006763));
#15452=CARTESIAN_POINT('',(0.309580159670048,-0.0310169250593597,0.006763));
#15453=CARTESIAN_POINT('',(0.309087146707827,-0.0315761295766939,0.006763));
#15454=CARTESIAN_POINT('',(0.309087146707827,-0.0315761295766939,0.008763));
#15455=CARTESIAN_POINT('',(0.309217247350635,-0.0315757491654576,0.006763));
#15456=CARTESIAN_POINT('',(0.309217247350635,-0.0315757491654576,0.008763));
#15457=CARTESIAN_POINT('',(0.309335365039501,-0.0315224915923782,0.006763));
#15458=CARTESIAN_POINT('',(0.309335365039501,-0.0315224915923782,0.008763));
#15459=CARTESIAN_POINT('',(0.309441499774424,-0.0314163568574556,0.006763));
#15460=CARTESIAN_POINT('',(0.309441499774424,-0.0314163568574556,0.008763));
#15461=CARTESIAN_POINT('',(0.309087146707827,-0.0315761295766939,0.006763));
#15462=CARTESIAN_POINT('',(0.309087146707827,-0.0315761295766939,0.006763));
#15463=CARTESIAN_POINT('',(0.309087146707827,-0.0315761295766939,0.006763));
#15464=CARTESIAN_POINT('',(0.309282297672039,-0.0315755589598395,0.006763));
#15465=CARTESIAN_POINT('',(0.309441499774424,-0.0314163568574556,0.006763));
#15466=CARTESIAN_POINT('',(0.308719098836724,-0.0314038032866582,0.006763));
#15467=CARTESIAN_POINT('',(0.308719098836724,-0.0314038032866582,0.008763));
#15468=CARTESIAN_POINT('',(0.308834363441318,-0.0315190678912516,0.006763));
#15469=CARTESIAN_POINT('',(0.308834363441318,-0.0315190678912516,0.008763));
#15470=CARTESIAN_POINT('',(0.308957046065019,-0.0315765099879302,0.006763));
#15471=CARTESIAN_POINT('',(0.308957046065019,-0.0315765099879302,0.008763));
#15472=CARTESIAN_POINT('',(0.309087146707827,-0.0315761295766939,0.006763));
#15473=CARTESIAN_POINT('',(0.309087146707827,-0.0315761295766939,0.008763));
#15474=CARTESIAN_POINT('',(0.308719098836724,-0.0314038032866582,0.006763));
#15475=CARTESIAN_POINT('',(0.308719098836724,-0.0314038032866582,0.006763));
#15476=CARTESIAN_POINT('',(0.308719098836724,-0.0314038032866582,0.006763));
#15477=CARTESIAN_POINT('',(0.308891995743614,-0.0315767001935483,0.006763));
#15478=CARTESIAN_POINT('',(0.309087146707827,-0.0315761295766939,0.006763));
#15479=CARTESIAN_POINT('',(0.308482007533712,-0.0316660017312655,0.006763));
#15480=CARTESIAN_POINT('',(0.308244916230699,-0.0319282001758726,0.006763));
#15481=CARTESIAN_POINT('',(0.308244916230699,-0.0319282001758726,0.006763));
#15482=CARTESIAN_POINT('',(0.308482007533712,-0.0316660017312655,0.006763));
#15483=CARTESIAN_POINT('',(0.308247198698117,-0.0319344769612713,0.006763));
#15484=CARTESIAN_POINT('',(0.308249481165534,-0.03194075374667,0.006763));
#15485=CARTESIAN_POINT('',(0.308249481165534,-0.03194075374667,0.006763));
#15486=CARTESIAN_POINT('',(0.308247198698117,-0.0319344769612713,0.006763));
#15487=CARTESIAN_POINT('',(0.309033794031938,-0.0322320536508527,0.006763));
#15488=CARTESIAN_POINT('',(0.309033794031938,-0.0322320536508527,0.008763));
#15489=CARTESIAN_POINT('',(0.308733459360894,-0.0322718066250442,0.006763));
#15490=CARTESIAN_POINT('',(0.308733459360894,-0.0322718066250442,0.008763));
#15491=CARTESIAN_POINT('',(0.308472021738759,-0.0321747066569832,0.006763));
#15492=CARTESIAN_POINT('',(0.308472021738759,-0.0321747066569832,0.008763));
#15493=CARTESIAN_POINT('',(0.308249481165534,-0.03194075374667,0.006763));
#15494=CARTESIAN_POINT('',(0.308249481165534,-0.03194075374667,0.008763));
#15495=CARTESIAN_POINT('',(0.309033794031938,-0.0322320536508527,0.006763));
#15496=CARTESIAN_POINT('',(0.309033794031938,-0.0322320536508527,0.006763));
#15497=CARTESIAN_POINT('',(0.309033794031938,-0.0322320536508527,0.006763));
#15498=CARTESIAN_POINT('',(0.308583292025371,-0.0322916831121399,0.006763));
#15499=CARTESIAN_POINT('',(0.308249481165534,-0.03194075374667,0.006763));
#15500=CARTESIAN_POINT('',(0.309840931572519,-0.0318157886555514,0.006763));
#15501=CARTESIAN_POINT('',(0.309840931572519,-0.0318157886555514,0.008763));
#15502=CARTESIAN_POINT('',(0.309603174549843,-0.0320535456782275,0.006763));
#15503=CARTESIAN_POINT('',(0.309603174549843,-0.0320535456782275,0.008763));
#15504=CARTESIAN_POINT('',(0.309334128702983,-0.0321923006766613,0.006763));
#15505=CARTESIAN_POINT('',(0.309334128702983,-0.0321923006766613,0.008763));
#15506=CARTESIAN_POINT('',(0.309033794031938,-0.0322320536508527,0.006763));
#15507=CARTESIAN_POINT('',(0.309033794031938,-0.0322320536508527,0.008763));
#15508=CARTESIAN_POINT('',(0.309840931572519,-0.0318157886555514,0.006763));
#15509=CARTESIAN_POINT('',(0.309840931572519,-0.0318157886555514,0.006763));
#15510=CARTESIAN_POINT('',(0.309840931572519,-0.0318157886555514,0.006763));
#15511=CARTESIAN_POINT('',(0.309484296038505,-0.0321724241895655,0.006763));
#15512=CARTESIAN_POINT('',(0.309033794031938,-0.0322320536508527,0.006763));
#15513=CARTESIAN_POINT('',(0.310242645838032,-0.0309182083435445,0.006763));
#15514=CARTESIAN_POINT('',(0.310242645838032,-0.0309182083435445,0.008763));
#15515=CARTESIAN_POINT('',(0.310257481876247,-0.0312339496696584,0.006763));
#15516=CARTESIAN_POINT('',(0.310257481876247,-0.0312339496696584,0.008763));
#15517=CARTESIAN_POINT('',(0.310123577121076,-0.031533143106994,0.006763));
#15518=CARTESIAN_POINT('',(0.310123577121076,-0.031533143106994,0.008763));
#15519=CARTESIAN_POINT('',(0.309840931572519,-0.0318157886555514,0.006763));
#15520=CARTESIAN_POINT('',(0.309840931572519,-0.0318157886555514,0.008763));
#15521=CARTESIAN_POINT('',(0.310242645838032,-0.0309182083435445,0.006763));
#15522=CARTESIAN_POINT('',(0.310242645838032,-0.0309182083435445,0.006763));
#15523=CARTESIAN_POINT('',(0.310242645838032,-0.0309182083435445,0.006763));
#15524=CARTESIAN_POINT('',(0.310264899895355,-0.0313918203327153,0.006763));
#15525=CARTESIAN_POINT('',(0.309840931572519,-0.0318157886555514,0.006763));
#15526=CARTESIAN_POINT('',(0.309846067124209,-0.0300702716978725,0.006763));
#15527=CARTESIAN_POINT('',(0.309846067124209,-0.0300702716978725,0.008763));
#15528=CARTESIAN_POINT('',(0.31009561689521,-0.0303198214688733,0.006763));
#15529=CARTESIAN_POINT('',(0.31009561689521,-0.0303198214688733,0.008763));
#15530=CARTESIAN_POINT('',(0.310227809799817,-0.0306024670174307,0.006763));
#15531=CARTESIAN_POINT('',(0.310227809799817,-0.0306024670174307,0.008763));
#15532=CARTESIAN_POINT('',(0.310242645838032,-0.0309182083435445,0.006763));
#15533=CARTESIAN_POINT('',(0.310242645838032,-0.0309182083435445,0.008763));
#15534=CARTESIAN_POINT('',(0.309846067124209,-0.0300702716978725,0.006763));
#15535=CARTESIAN_POINT('',(0.309846067124209,-0.0300702716978725,0.006763));
#15536=CARTESIAN_POINT('',(0.309846067124209,-0.0300702716978725,0.006763));
#15537=CARTESIAN_POINT('',(0.31022039178071,-0.0304445963543737,0.006763));
#15538=CARTESIAN_POINT('',(0.310242645838032,-0.0309182083435445,0.006763));
#15539=CARTESIAN_POINT('',(0.308995277394265,-0.0296297554862582,0.006763));
#15540=CARTESIAN_POINT('',(0.308995277394265,-0.0296297554862582,0.008763));
#15541=CARTESIAN_POINT('',(0.309286672401257,-0.0296476348143635,0.006763));
#15542=CARTESIAN_POINT('',(0.309286672401257,-0.0296476348143635,0.008763));
#15543=CARTESIAN_POINT('',(0.309570268977905,-0.0297944735515682,0.006763));
#15544=CARTESIAN_POINT('',(0.309570268977905,-0.0297944735515682,0.008763));
#15545=CARTESIAN_POINT('',(0.309846067124209,-0.0300702716978725,0.006763));
#15546=CARTESIAN_POINT('',(0.309846067124209,-0.0300702716978725,0.008763));
#15547=CARTESIAN_POINT('',(0.308995277394265,-0.0296297554862582,0.006763));
#15548=CARTESIAN_POINT('',(0.308995277394265,-0.0296297554862582,0.006763));
#15549=CARTESIAN_POINT('',(0.308995277394265,-0.0296297554862582,0.006763));
#15550=CARTESIAN_POINT('',(0.309432369904752,-0.0296565744784161,0.006763));
#15551=CARTESIAN_POINT('',(0.309846067124209,-0.0300702716978725,0.006763));
#15552=CARTESIAN_POINT('',(0.308188995778966,-0.0299823967022914,0.006763));
#15553=CARTESIAN_POINT('',(0.308188995778966,-0.0299823967022914,0.008763));
#15554=CARTESIAN_POINT('',(0.30843512184884,-0.029729423230164,0.006763));
#15555=CARTESIAN_POINT('',(0.30843512184884,-0.029729423230164,0.008763));
#15556=CARTESIAN_POINT('',(0.308703882387273,-0.029611876158153,0.006763));
#15557=CARTESIAN_POINT('',(0.308703882387273,-0.029611876158153,0.008763));
#15558=CARTESIAN_POINT('',(0.308995277394265,-0.0296297554862582,0.006763));
#15559=CARTESIAN_POINT('',(0.308995277394265,-0.0296297554862582,0.008763));
#15560=CARTESIAN_POINT('',(0.308188995778966,-0.0299823967022914,0.006763));
#15561=CARTESIAN_POINT('',(0.308188995778966,-0.0299823967022914,0.006763));
#15562=CARTESIAN_POINT('',(0.308188995778966,-0.0299823967022914,0.006763));
#15563=CARTESIAN_POINT('',(0.308558184883777,-0.0296029364941004,0.006763));
#15564=CARTESIAN_POINT('',(0.308995277394265,-0.0296297554862582,0.006763));
#15565=CARTESIAN_POINT('',(0.308933014422584,-0.030717848820623,0.006763));
#15566=CARTESIAN_POINT('',(0.308000977525433,-0.0302440245300442,0.006763));
#15567=CARTESIAN_POINT('',(0.3080009824129,-0.0302440275854773,0.006763));
#15568=CARTESIAN_POINT('',(0.308933014422584,-0.030717848820623,0.006763));
#15569=CARTESIAN_POINT('',(0.308811781450879,-0.0306585046325112,0.006763));
#15570=CARTESIAN_POINT('',(0.307914272519849,-0.0305064658183968,0.006763));
#15571=CARTESIAN_POINT('',(0.307914272523963,-0.0305064658173545,0.006763));
#15572=CARTESIAN_POINT('',(0.308811781450879,-0.0306585046325112,0.006763));
#15573=CARTESIAN_POINT('',(0.307651474702099,-0.0301707002642509,0.006763));
#15574=CARTESIAN_POINT('',(0.30738842033221,-0.029834606936996,0.006763));
#15575=CARTESIAN_POINT('',(0.30738842033221,-0.029834606936996,0.006763));
#15576=CARTESIAN_POINT('',(0.307651474702099,-0.0301707002642509,0.006763));
#15577=CARTESIAN_POINT('',(0.307737923155545,-0.0294851041136621,0.006763));
#15578=CARTESIAN_POINT('',(0.307737923155545,-0.0294851041136621,0.006763));
#15579=CARTESIAN_POINT('',(0.304492,-0.035145,0.006763));
#15580=CARTESIAN_POINT('',(0.306579285632639,-0.0306117870927196,0.006763));
#15581=CARTESIAN_POINT('',(0.306579285632639,-0.0306117870927196,0.008763));
#15582=CARTESIAN_POINT('',(0.306626837037174,-0.0312154997246988,0.006763));
#15583=CARTESIAN_POINT('',(0.306626837037174,-0.0312154997246988,0.008763));
#15584=CARTESIAN_POINT('',(0.306740675099632,-0.0317091784065834,0.006763));
#15585=CARTESIAN_POINT('',(0.306740675099632,-0.0317091784065834,0.008763));
#15586=CARTESIAN_POINT('',(0.306920799820012,-0.0320928231383736,0.006763));
#15587=CARTESIAN_POINT('',(0.306920799820012,-0.0320928231383736,0.008763));
#15588=CARTESIAN_POINT('',(0.306579285632639,-0.0306117870927197,0.006763));
#15589=CARTESIAN_POINT('',(0.306579285632639,-0.0306117870927197,0.006763));
#15590=CARTESIAN_POINT('',(0.306579285632639,-0.0306117870927196,0.006763));
#15591=CARTESIAN_POINT('',(0.306650612739442,-0.0315173560406884,0.006763));
#15592=CARTESIAN_POINT('',(0.306920799820012,-0.0320928231383736,0.006763));
#15593=CARTESIAN_POINT('',(0.306920799820012,-0.0320928231383736,0.006763));
#15594=CARTESIAN_POINT('',(0.306920799820012,-0.0320928231383736,0.006763));
#15595=CARTESIAN_POINT('',(0.306378713808309,-0.0304112152683901,0.006763));
#15596=CARTESIAN_POINT('',(0.30617814198398,-0.0302106434440605,0.006763));
#15597=CARTESIAN_POINT('',(0.30617814198398,-0.0302106434440605,0.006763));
#15598=CARTESIAN_POINT('',(0.306378713808309,-0.0304112152683901,0.006763));
#15599=CARTESIAN_POINT('',(0.305260590082069,-0.0311281953459721,0.006763));
#15600=CARTESIAN_POINT('',(0.304343038180157,-0.0320457472478838,0.006763));
#15601=CARTESIAN_POINT('',(0.304343038180157,-0.0320457472478838,0.006763));
#15602=CARTESIAN_POINT('',(0.305260590082069,-0.0311281953459721,0.006763));
#15603=CARTESIAN_POINT('',(0.304671998796732,-0.0323747078644584,0.006763));
#15604=CARTESIAN_POINT('',(0.305000959413307,-0.032703668481033,0.006763));
#15605=CARTESIAN_POINT('',(0.305000959413307,-0.032703668481033,0.006763));
#15606=CARTESIAN_POINT('',(0.304671998796732,-0.0323747078644584,0.006763));
#15607=CARTESIAN_POINT('',(0.305200675312354,-0.0325039525819851,0.006763));
#15608=CARTESIAN_POINT('',(0.305400391211402,-0.0323042366829372,0.006763));
#15609=CARTESIAN_POINT('',(0.305400391211402,-0.0323042366829372,0.006763));
#15610=CARTESIAN_POINT('',(0.305200675312354,-0.0325039525819851,0.006763));
#15611=CARTESIAN_POINT('',(0.30528198821411,-0.0321658620957397,0.006763));
#15612=CARTESIAN_POINT('',(0.305163585216817,-0.0320274875085422,0.006763));
#15613=CARTESIAN_POINT('',(0.305163585216817,-0.0320274875085422,0.006763));
#15614=CARTESIAN_POINT('',(0.30528198821411,-0.0321658620957397,0.006763));
#15615=CARTESIAN_POINT('',(0.305620934625636,-0.0315701380997225,0.006763));
#15616=CARTESIAN_POINT('',(0.306078566963229,-0.0311125057621295,0.006763));
#15617=CARTESIAN_POINT('',(0.306078284034456,-0.0311127886909027,0.006763));
#15618=CARTESIAN_POINT('',(0.305620934625636,-0.0315701380997225,0.006763));
#15619=CARTESIAN_POINT('',(0.310645759263462,-0.0308043397976166,0.00676299999999998));
#15620=CARTESIAN_POINT('',(0.30641038304373,-0.0325404720606682,0.006763));
#15621=CARTESIAN_POINT('',(0.30641038304373,-0.0325404720606682,0.006763));
#15622=CARTESIAN_POINT('',(0.310645759263462,-0.0308043397976166,0.006763));
#15623=CARTESIAN_POINT('',(0.30720125800396,-0.0338517495921314,0.006763));
#15624=CARTESIAN_POINT('',(0.30720125800396,-0.0338517495921314,0.008763));
#15625=CARTESIAN_POINT('',(0.306860029125015,-0.0334298735310949,0.006763));
#15626=CARTESIAN_POINT('',(0.306860029125015,-0.0334298735310949,0.008763));
#15627=CARTESIAN_POINT('',(0.306596404138272,-0.0329927810206072,0.006763));
#15628=CARTESIAN_POINT('',(0.306596404138272,-0.0329927810206072,0.008763));
#15629=CARTESIAN_POINT('',(0.30641038304373,-0.0325404720606682,0.006763));
#15630=CARTESIAN_POINT('',(0.30641038304373,-0.0325404720606682,0.008763));
#15631=CARTESIAN_POINT('',(0.30720125800396,-0.0338517495921314,0.006763));
#15632=CARTESIAN_POINT('',(0.30720125800396,-0.0338517495921314,0.006763));
#15633=CARTESIAN_POINT('',(0.30720125800396,-0.0338517495921314,0.006763));
#15634=CARTESIAN_POINT('',(0.306689414685543,-0.0332189355005767,0.006763));
#15635=CARTESIAN_POINT('',(0.30641038304373,-0.0325404720606682,0.006763));
#15636=CARTESIAN_POINT('',(0.307320802234961,-0.0339964009647276,0.006763));
#15637=CARTESIAN_POINT('',(0.307440346465963,-0.0341410523373237,0.006763));
#15638=CARTESIAN_POINT('',(0.307440346465963,-0.0341410523373237,0.006763));
#15639=CARTESIAN_POINT('',(0.307320802234961,-0.0339964009647276,0.006763));
#15640=CARTESIAN_POINT('',(0.307700833060007,-0.0338805657432797,0.006763));
#15641=CARTESIAN_POINT('',(0.307961319654051,-0.0336200791492358,0.006763));
#15642=CARTESIAN_POINT('',(0.307961319654051,-0.0336200791492358,0.006763));
#15643=CARTESIAN_POINT('',(0.307700833060007,-0.0338805657432797,0.006763));
#15644=CARTESIAN_POINT('',(0.307841775423049,-0.0334754277766397,0.006763));
#15645=CARTESIAN_POINT('',(0.307722231192048,-0.0333307764040435,0.006763));
#15646=CARTESIAN_POINT('',(0.307722231192048,-0.0333307764040435,0.006763));
#15647=CARTESIAN_POINT('',(0.307841775423049,-0.0334754277766397,0.006763));
#15648=CARTESIAN_POINT('',(0.306920799820012,-0.0320928231383736,0.006763));
#15649=CARTESIAN_POINT('',(0.306920799820012,-0.0320928231383736,0.008763));
#15650=CARTESIAN_POINT('',(0.307100924540391,-0.0324764678701638,0.006763));
#15651=CARTESIAN_POINT('',(0.307100924540391,-0.0324764678701638,0.008763));
#15652=CARTESIAN_POINT('',(0.30736806833107,-0.0328891189587204,0.006763));
#15653=CARTESIAN_POINT('',(0.30736806833107,-0.0328891189587204,0.008763));
#15654=CARTESIAN_POINT('',(0.307722231192048,-0.0333307764040435,0.006763));
#15655=CARTESIAN_POINT('',(0.307722231192048,-0.0333307764040435,0.008763));
#15656=CARTESIAN_POINT('',(0.306920799820012,-0.0320928231383736,0.006763));
#15657=CARTESIAN_POINT('',(0.30719098690058,-0.0326682902360588,0.006763));
#15658=CARTESIAN_POINT('',(0.307722231192048,-0.0333307764040435,0.006763));
#15659=CARTESIAN_POINT('',(0.304492,-0.035145,0.006763));
#15660=CARTESIAN_POINT('',(0.330371053151815,-0.0289626882457555,0.008763));
#15661=CARTESIAN_POINT('',(0.329019406088414,-0.134710828545792,0.010303));
#15662=CARTESIAN_POINT('',(0.329343008529411,-0.134664599625649,0.010303));
#15663=CARTESIAN_POINT('',(0.329343008529411,-0.134664599625649,0.010303));
#15664=CARTESIAN_POINT('',(0.329019406088414,-0.134710828545792,0.010303));
#15665=CARTESIAN_POINT('',(0.328695803647418,-0.134757057465934,0.010303));
#15666=CARTESIAN_POINT('',(0.328695803647418,-0.134757057465934,0.010303));
#15667=CARTESIAN_POINT('',(0.329343008529411,-0.1341848655487,0.010303));
#15668=CARTESIAN_POINT('',(0.329343008529411,-0.133705131471751,0.010303));
#15669=CARTESIAN_POINT('',(0.329343008529411,-0.133705131471751,0.010303));
#15670=CARTESIAN_POINT('',(0.329343008529411,-0.1341848655487,0.010303));
#15671=CARTESIAN_POINT('',(0.327841876990447,-0.133705131471751,0.010303));
#15672=CARTESIAN_POINT('',(0.326340745451485,-0.133705131471751,0.010303));
#15673=CARTESIAN_POINT('',(0.326340745451485,-0.133705131471751,0.010303));
#15674=CARTESIAN_POINT('',(0.327841876990447,-0.133705131471751,0.010303));
#15675=CARTESIAN_POINT('',(0.326340745451485,-0.1341848655487,0.010303));
#15676=CARTESIAN_POINT('',(0.326340745451485,-0.134664599625649,0.010303));
#15677=CARTESIAN_POINT('',(0.326340745451485,-0.134664599625649,0.010303));
#15678=CARTESIAN_POINT('',(0.326340745451485,-0.1341848655487,0.010303));
#15679=CARTESIAN_POINT('',(0.326675687061573,-0.134718678739778,0.010303));
#15680=CARTESIAN_POINT('',(0.327010628671661,-0.134772757853907,0.010303));
#15681=CARTESIAN_POINT('',(0.327010628671661,-0.134772757853907,0.010303));
#15682=CARTESIAN_POINT('',(0.326675687061573,-0.134718678739778,0.010303));
#15683=CARTESIAN_POINT('',(0.328071277103607,-0.136771068345345,0.010303));
#15684=CARTESIAN_POINT('',(0.329131925535553,-0.138769378836783,0.010303));
#15685=CARTESIAN_POINT('',(0.329131925535553,-0.138769378836783,0.010303));
#15686=CARTESIAN_POINT('',(0.328071277103607,-0.136771068345345,0.010303));
#15687=CARTESIAN_POINT('',(0.329131925535553,-0.139646856075712,0.010303));
#15688=CARTESIAN_POINT('',(0.329131925535553,-0.140524333314641,0.010303));
#15689=CARTESIAN_POINT('',(0.329131925535553,-0.140524333314641,0.010303));
#15690=CARTESIAN_POINT('',(0.329131925535553,-0.139646856075712,0.010303));
#15691=CARTESIAN_POINT('',(0.328706270572732,-0.140606324229611,0.010303));
#15692=CARTESIAN_POINT('',(0.328280615609912,-0.14068831514458,0.010303));
#15693=CARTESIAN_POINT('',(0.328280615609912,-0.14068831514458,0.010303));
#15694=CARTESIAN_POINT('',(0.328706270572732,-0.140606324229611,0.010303));
#15695=CARTESIAN_POINT('',(0.328280615609912,-0.141165432490201,0.010303));
#15696=CARTESIAN_POINT('',(0.328280615609912,-0.141642549835821,0.010303));
#15697=CARTESIAN_POINT('',(0.328280615609912,-0.141642549835821,0.010303));
#15698=CARTESIAN_POINT('',(0.328280615609912,-0.141165432490201,0.010303));
#15699=CARTESIAN_POINT('',(0.329923922884407,-0.141642549835821,0.010303));
#15700=CARTESIAN_POINT('',(0.331567230158903,-0.141642549835821,0.010303));
#15701=CARTESIAN_POINT('',(0.331567230158903,-0.141642549835821,0.010303));
#15702=CARTESIAN_POINT('',(0.329923922884407,-0.141642549835821,0.010303));
#15703=CARTESIAN_POINT('',(0.331567230158903,-0.141165432490201,0.010303));
#15704=CARTESIAN_POINT('',(0.331567230158903,-0.14068831514458,0.010303));
#15705=CARTESIAN_POINT('',(0.331567230158903,-0.14068831514458,0.010303));
#15706=CARTESIAN_POINT('',(0.331567230158903,-0.141165432490201,0.010303));
#15707=CARTESIAN_POINT('',(0.331142447439859,-0.140606324229611,0.010303));
#15708=CARTESIAN_POINT('',(0.330717664720815,-0.140524333314641,0.010303));
#15709=CARTESIAN_POINT('',(0.330717664720815,-0.140524333314641,0.010303));
#15710=CARTESIAN_POINT('',(0.331142447439859,-0.140606324229611,0.010303));
#15711=CARTESIAN_POINT('',(0.330717664720815,-0.139687851533197,0.010303));
#15712=CARTESIAN_POINT('',(0.330717664720815,-0.138851369751753,0.010303));
#15713=CARTESIAN_POINT('',(0.330717664720815,-0.138851369751753,0.010303));
#15714=CARTESIAN_POINT('',(0.330717664720815,-0.139687851533197,0.010303));
#15715=CARTESIAN_POINT('',(0.331796630272062,-0.13681206380283,0.010303));
#15716=CARTESIAN_POINT('',(0.33287559582331,-0.134772757853907,0.010303));
#15717=CARTESIAN_POINT('',(0.33287559582331,-0.134772757853907,0.010303));
#15718=CARTESIAN_POINT('',(0.331796630272062,-0.13681206380283,0.010303));
#15719=CARTESIAN_POINT('',(0.333214026408504,-0.134718678739778,0.010303));
#15720=CARTESIAN_POINT('',(0.333552456993697,-0.134664599625649,0.010303));
#15721=CARTESIAN_POINT('',(0.333552456993697,-0.134664599625649,0.010303));
#15722=CARTESIAN_POINT('',(0.333214026408504,-0.134718678739778,0.010303));
#15723=CARTESIAN_POINT('',(0.333552456993697,-0.1341848655487,0.010303));
#15724=CARTESIAN_POINT('',(0.333552456993697,-0.133705131471751,0.010303));
#15725=CARTESIAN_POINT('',(0.333552456993697,-0.133705131471751,0.010303));
#15726=CARTESIAN_POINT('',(0.333552456993697,-0.1341848655487,0.010303));
#15727=CARTESIAN_POINT('',(0.332050453210957,-0.133705131471751,0.010303));
#15728=CARTESIAN_POINT('',(0.330548449428218,-0.133705131471751,0.010303));
#15729=CARTESIAN_POINT('',(0.330548449428218,-0.133705131471751,0.010303));
#15730=CARTESIAN_POINT('',(0.332050453210957,-0.133705131471751,0.010303));
#15731=CARTESIAN_POINT('',(0.330548449428218,-0.1341848655487,0.010303));
#15732=CARTESIAN_POINT('',(0.330548449428218,-0.134664599625649,0.010303));
#15733=CARTESIAN_POINT('',(0.330548449428218,-0.134664599625649,0.010303));
#15734=CARTESIAN_POINT('',(0.330548449428218,-0.1341848655487,0.010303));
#15735=CARTESIAN_POINT('',(0.330870307381662,-0.134710828545792,0.010303));
#15736=CARTESIAN_POINT('',(0.331192165335106,-0.134757057465934,0.010303));
#15737=CARTESIAN_POINT('',(0.331192165335106,-0.134757057465934,0.010303));
#15738=CARTESIAN_POINT('',(0.330870307381662,-0.134710828545792,0.010303));
#15739=CARTESIAN_POINT('',(0.330576361229058,-0.136060189667684,0.010303));
#15740=CARTESIAN_POINT('',(0.329960557123011,-0.137363321869433,0.010303));
#15741=CARTESIAN_POINT('',(0.329960557123011,-0.137363321869433,0.010303));
#15742=CARTESIAN_POINT('',(0.330576361229058,-0.136060189667684,0.010303));
#15743=CARTESIAN_POINT('',(0.329943984491262,-0.137363321869433,0.010303));
#15744=CARTESIAN_POINT('',(0.329927411859513,-0.137363321869433,0.010303));
#15745=CARTESIAN_POINT('',(0.329927411859513,-0.137363321869433,0.010303));
#15746=CARTESIAN_POINT('',(0.329943984491262,-0.137363321869433,0.010303));
#15747=CARTESIAN_POINT('',(0.329311607753465,-0.136060189667684,0.010303));
#15748=CARTESIAN_POINT('',(0.329311607753465,-0.136060189667684,0.010303));
#15749=CARTESIAN_POINT('',(0.243191235691692,-0.0745099874999999,0.010303));
#15750=CARTESIAN_POINT('',(0.346726826990502,-0.136239871885596,0.010303));
#15751=CARTESIAN_POINT('',(0.347323441733472,-0.136239871885596,0.010303));
#15752=CARTESIAN_POINT('',(0.347323441733472,-0.136239871885596,0.010303));
#15753=CARTESIAN_POINT('',(0.346726826990502,-0.136239871885596,0.010303));
#15754=CARTESIAN_POINT('',(0.346130212247532,-0.136239871885596,0.010303));
#15755=CARTESIAN_POINT('',(0.346130212247532,-0.136239871885596,0.010303));
#15756=CARTESIAN_POINT('',(0.347323441733472,-0.135427812929887,0.010303));
#15757=CARTESIAN_POINT('',(0.347323441733472,-0.134615753974178,0.010303));
#15758=CARTESIAN_POINT('',(0.347323441733472,-0.134615753974178,0.010303));
#15759=CARTESIAN_POINT('',(0.347323441733472,-0.135427812929887,0.010303));
#15760=CARTESIAN_POINT('',(0.346059560501654,-0.133873474520571,0.010303));
#15761=CARTESIAN_POINT('',(0.346059560501654,-0.133873474520571,0.011303));
#15762=CARTESIAN_POINT('',(0.346561391420936,-0.134058971696992,0.010303));
#15763=CARTESIAN_POINT('',(0.346561391420936,-0.134058971696992,0.011303));
#15764=CARTESIAN_POINT('',(0.346982685164875,-0.134306398181527,0.010303));
#15765=CARTESIAN_POINT('',(0.346982685164875,-0.134306398181527,0.011303));
#15766=CARTESIAN_POINT('',(0.347323441733472,-0.134615753974178,0.010303));
#15767=CARTESIAN_POINT('',(0.347323441733472,-0.134615753974178,0.011303));
#15768=CARTESIAN_POINT('',(0.346059560501654,-0.133873474520571,0.010303));
#15769=CARTESIAN_POINT('',(0.346059560501654,-0.133873474520571,0.010303));
#15770=CARTESIAN_POINT('',(0.346059560501654,-0.133873474520571,0.010303));
#15771=CARTESIAN_POINT('',(0.346812306880577,-0.134151720285202,0.010303));
#15772=CARTESIAN_POINT('',(0.347323441733472,-0.134615753974178,0.010303));
#15773=CARTESIAN_POINT('',(0.344390958157647,-0.133595228755941,0.010303));
#15774=CARTESIAN_POINT('',(0.344390958157647,-0.133595228755941,0.011303));
#15775=CARTESIAN_POINT('',(0.345001528801036,-0.133595228755941,0.010303));
#15776=CARTESIAN_POINT('',(0.345001528801036,-0.133595228755941,0.011303));
#15777=CARTESIAN_POINT('',(0.345557729582372,-0.133687977344151,0.010303));
#15778=CARTESIAN_POINT('',(0.345557729582372,-0.133687977344151,0.011303));
#15779=CARTESIAN_POINT('',(0.346059560501654,-0.133873474520571,0.010303));
#15780=CARTESIAN_POINT('',(0.346059560501654,-0.133873474520571,0.011303));
#15781=CARTESIAN_POINT('',(0.344390958157647,-0.133595228755941,0.010303));
#15782=CARTESIAN_POINT('',(0.344390958157647,-0.133595228755941,0.010303));
#15783=CARTESIAN_POINT('',(0.344390958157647,-0.133595228755941,0.010303));
#15784=CARTESIAN_POINT('',(0.345306814122732,-0.133595228755941,0.010303));
#15785=CARTESIAN_POINT('',(0.346059560501654,-0.133873474520571,0.010303));
#15786=CARTESIAN_POINT('',(0.342335951820751,-0.134225861006185,0.010303));
#15787=CARTESIAN_POINT('',(0.342335951820751,-0.134225861006185,0.011303));
#15788=CARTESIAN_POINT('',(0.342881394928846,-0.133817069423039,0.010303));
#15789=CARTESIAN_POINT('',(0.342881394928846,-0.133817069423039,0.011303));
#15790=CARTESIAN_POINT('',(0.343566397041145,-0.133606858672958,0.010303));
#15791=CARTESIAN_POINT('',(0.343566397041145,-0.133606858672958,0.011303));
#15792=CARTESIAN_POINT('',(0.344390958157647,-0.133595228755941,0.010303));
#15793=CARTESIAN_POINT('',(0.344390958157647,-0.133595228755941,0.011303));
#15794=CARTESIAN_POINT('',(0.342335951820751,-0.134225861006185,0.010303));
#15795=CARTESIAN_POINT('',(0.342335951820751,-0.134225861006185,0.010303));
#15796=CARTESIAN_POINT('',(0.342335951820751,-0.134225861006185,0.010303));
#15797=CARTESIAN_POINT('',(0.343154116482894,-0.133612673631466,0.010303));
#15798=CARTESIAN_POINT('',(0.344390958157647,-0.133595228755941,0.010303));
#15799=CARTESIAN_POINT('',(0.341517787158609,-0.13580374999746,0.010303));
#15800=CARTESIAN_POINT('',(0.341517787158609,-0.13580374999746,0.011303));
#15801=CARTESIAN_POINT('',(0.341517787158609,-0.135160615586423,0.010303));
#15802=CARTESIAN_POINT('',(0.341517787158609,-0.135160615586423,0.011303));
#15803=CARTESIAN_POINT('',(0.341790508712656,-0.134634652589331,0.010303));
#15804=CARTESIAN_POINT('',(0.341790508712656,-0.134634652589331,0.011303));
#15805=CARTESIAN_POINT('',(0.342335951820751,-0.134225861006185,0.010303));
#15806=CARTESIAN_POINT('',(0.342335951820751,-0.134225861006185,0.011303));
#15807=CARTESIAN_POINT('',(0.341517787158609,-0.13580374999746,0.010303));
#15808=CARTESIAN_POINT('',(0.341517787158609,-0.13580374999746,0.010303));
#15809=CARTESIAN_POINT('',(0.341517787158609,-0.13580374999746,0.010303));
#15810=CARTESIAN_POINT('',(0.341517787158609,-0.134839048380904,0.010303));
#15811=CARTESIAN_POINT('',(0.342335951820751,-0.134225861006185,0.010303));
#15812=CARTESIAN_POINT('',(0.34224262173669,-0.13734064353125,0.010303));
#15813=CARTESIAN_POINT('',(0.34224262173669,-0.13734064353125,0.011303));
#15814=CARTESIAN_POINT('',(0.341759398684636,-0.136966160203305,0.010303));
#15815=CARTESIAN_POINT('',(0.341759398684636,-0.136966160203305,0.011303));
#15816=CARTESIAN_POINT('',(0.341517787158609,-0.136453862358708,0.010303));
#15817=CARTESIAN_POINT('',(0.341517787158609,-0.136453862358708,0.011303));
#15818=CARTESIAN_POINT('',(0.341517787158609,-0.13580374999746,0.010303));
#15819=CARTESIAN_POINT('',(0.341517787158609,-0.13580374999746,0.011303));
#15820=CARTESIAN_POINT('',(0.34224262173669,-0.13734064353125,0.010303));
#15821=CARTESIAN_POINT('',(0.34224262173669,-0.13734064353125,0.010303));
#15822=CARTESIAN_POINT('',(0.34224262173669,-0.13734064353125,0.010303));
#15823=CARTESIAN_POINT('',(0.341517787158609,-0.136778918539332,0.010303));
#15824=CARTESIAN_POINT('',(0.341517787158609,-0.13580374999746,0.010303));
#15825=CARTESIAN_POINT('',(0.344380491232331,-0.138312323098017,0.010303));
#15826=CARTESIAN_POINT('',(0.344380491232331,-0.138312323098017,0.011303));
#15827=CARTESIAN_POINT('',(0.343438467953958,-0.138039020048118,0.010303));
#15828=CARTESIAN_POINT('',(0.343438467953958,-0.138039020048118,0.011303));
#15829=CARTESIAN_POINT('',(0.342725844788744,-0.137715126859196,0.010303));
#15830=CARTESIAN_POINT('',(0.342725844788744,-0.137715126859196,0.011303));
#15831=CARTESIAN_POINT('',(0.34224262173669,-0.13734064353125,0.010303));
#15832=CARTESIAN_POINT('',(0.34224262173669,-0.13734064353125,0.011303));
#15833=CARTESIAN_POINT('',(0.344380491232331,-0.138312323098017,0.010303));
#15834=CARTESIAN_POINT('',(0.344380491232331,-0.138312323098017,0.010303));
#15835=CARTESIAN_POINT('',(0.344380491232331,-0.138312323098017,0.010303));
#15836=CARTESIAN_POINT('',(0.342967456314771,-0.137902368523169,0.010303));
#15837=CARTESIAN_POINT('',(0.34224262173669,-0.13734064353125,0.010303));
#15838=CARTESIAN_POINT('',(0.345516152629037,-0.138834797120003,0.010303));
#15839=CARTESIAN_POINT('',(0.345516152629037,-0.138834797120003,0.011303));
#15840=CARTESIAN_POINT('',(0.345299836172522,-0.138649299943583,0.010303));
#15841=CARTESIAN_POINT('',(0.345299836172522,-0.138649299943583,0.011303));
#15842=CARTESIAN_POINT('',(0.34492128237362,-0.138475141936254,0.010303));
#15843=CARTESIAN_POINT('',(0.34492128237362,-0.138475141936254,0.011303));
#15844=CARTESIAN_POINT('',(0.344380491232331,-0.138312323098017,0.010303));
#15845=CARTESIAN_POINT('',(0.344380491232331,-0.138312323098017,0.011303));
#15846=CARTESIAN_POINT('',(0.345516152629037,-0.138834797120003,0.010303));
#15847=CARTESIAN_POINT('',(0.345516152629037,-0.138834797120003,0.010303));
#15848=CARTESIAN_POINT('',(0.345516152629037,-0.138834797120003,0.010303));
#15849=CARTESIAN_POINT('',(0.345191677944264,-0.138556551355373,0.010303));
#15850=CARTESIAN_POINT('',(0.344380491232331,-0.138312323098017,0.010303));
#15851=CARTESIAN_POINT('',(0.34584062731381,-0.1395700986234,0.010303));
#15852=CARTESIAN_POINT('',(0.34584062731381,-0.1395700986234,0.011303));
#15853=CARTESIAN_POINT('',(0.34584062731381,-0.139265394797556,0.010303));
#15854=CARTESIAN_POINT('',(0.34584062731381,-0.139265394797556,0.011303));
#15855=CARTESIAN_POINT('',(0.345732469085552,-0.139020294296424,0.010303));
#15856=CARTESIAN_POINT('',(0.345732469085552,-0.139020294296424,0.011303));
#15857=CARTESIAN_POINT('',(0.345516152629037,-0.138834797120003,0.010303));
#15858=CARTESIAN_POINT('',(0.345516152629037,-0.138834797120003,0.011303));
#15859=CARTESIAN_POINT('',(0.34584062731381,-0.1395700986234,0.010303));
#15860=CARTESIAN_POINT('',(0.34584062731381,-0.1395700986234,0.010303));
#15861=CARTESIAN_POINT('',(0.34584062731381,-0.1395700986234,0.010303));
#15862=CARTESIAN_POINT('',(0.34584062731381,-0.139113042884634,0.010303));
#15863=CARTESIAN_POINT('',(0.345516152629037,-0.138834797120003,0.010303));
#15864=CARTESIAN_POINT('',(0.345500452241064,-0.140285338519943,0.010303));
#15865=CARTESIAN_POINT('',(0.345500452241064,-0.140285338519943,0.011303));
#15866=CARTESIAN_POINT('',(0.345727235622895,-0.140107400789584,0.010303));
#15867=CARTESIAN_POINT('',(0.345727235622895,-0.140107400789584,0.011303));
#15868=CARTESIAN_POINT('',(0.34584062731381,-0.139868987490736,0.010303));
#15869=CARTESIAN_POINT('',(0.34584062731381,-0.139868987490736,0.011303));
#15870=CARTESIAN_POINT('',(0.34584062731381,-0.1395700986234,0.010303));
#15871=CARTESIAN_POINT('',(0.34584062731381,-0.1395700986234,0.011303));
#15872=CARTESIAN_POINT('',(0.345500452241064,-0.140285338519943,0.010303));
#15873=CARTESIAN_POINT('',(0.345500452241064,-0.140285338519943,0.010303));
#15874=CARTESIAN_POINT('',(0.345500452241064,-0.140285338519943,0.010303));
#15875=CARTESIAN_POINT('',(0.34584062731381,-0.140018431924404,0.010303));
#15876=CARTESIAN_POINT('',(0.34584062731381,-0.1395700986234,0.010303));
#15877=CARTESIAN_POINT('',(0.344506094336115,-0.140552245115482,0.010303));
#15878=CARTESIAN_POINT('',(0.344506094336115,-0.140552245115482,0.011303));
#15879=CARTESIAN_POINT('',(0.34494221622425,-0.140552245115482,0.010303));
#15880=CARTESIAN_POINT('',(0.34494221622425,-0.140552245115482,0.011303));
#15881=CARTESIAN_POINT('',(0.345273668859233,-0.140463276250302,0.010303));
#15882=CARTESIAN_POINT('',(0.345273668859233,-0.140463276250302,0.011303));
#15883=CARTESIAN_POINT('',(0.345500452241064,-0.140285338519943,0.010303));
#15884=CARTESIAN_POINT('',(0.345500452241064,-0.140285338519943,0.011303));
#15885=CARTESIAN_POINT('',(0.344506094336115,-0.140552245115482,0.010303));
#15886=CARTESIAN_POINT('',(0.344506094336115,-0.140552245115482,0.010303));
#15887=CARTESIAN_POINT('',(0.344506094336115,-0.140552245115482,0.010303));
#15888=CARTESIAN_POINT('',(0.345160277168318,-0.140552245115482,0.010303));
#15889=CARTESIAN_POINT('',(0.345500452241064,-0.140285338519943,0.010303));
#15890=CARTESIAN_POINT('',(0.344462217414676,-0.137459368779856,0.010303));
#15891=CARTESIAN_POINT('',(0.343586749395925,-0.14042402528037,0.010303));
#15892=CARTESIAN_POINT('',(0.343586749395925,-0.14042402528037,0.010303));
#15893=CARTESIAN_POINT('',(0.344462217414676,-0.137459368779856,0.010303));
#15894=CARTESIAN_POINT('',(0.342936055538826,-0.140100422839373,0.010303));
#15895=CARTESIAN_POINT('',(0.342936055538826,-0.140100422839373,0.011303));
#15896=CARTESIAN_POINT('',(0.343095385401958,-0.140230677909963,0.010303));
#15897=CARTESIAN_POINT('',(0.343095385401958,-0.140230677909963,0.011303));
#15898=CARTESIAN_POINT('',(0.343312283354324,-0.140338545390296,0.010303));
#15899=CARTESIAN_POINT('',(0.343312283354324,-0.140338545390296,0.011303));
#15900=CARTESIAN_POINT('',(0.343586749395925,-0.14042402528037,0.010303));
#15901=CARTESIAN_POINT('',(0.343586749395925,-0.14042402528037,0.011303));
#15902=CARTESIAN_POINT('',(0.342936055538826,-0.140100422839373,0.010303));
#15903=CARTESIAN_POINT('',(0.342936055538826,-0.140100422839373,0.010303));
#15904=CARTESIAN_POINT('',(0.342936055538826,-0.140100422839373,0.010303));
#15905=CARTESIAN_POINT('',(0.343175050333524,-0.140295805445258,0.010303));
#15906=CARTESIAN_POINT('',(0.343586749395925,-0.14042402528037,0.010303));
#15907=CARTESIAN_POINT('',(0.342851447892527,-0.139536081116126,0.010303));
#15908=CARTESIAN_POINT('',(0.342766840246229,-0.138971739392878,0.010303));
#15909=CARTESIAN_POINT('',(0.342766840246229,-0.138971739392878,0.010303));
#15910=CARTESIAN_POINT('',(0.342851447892527,-0.139536081116126,0.010303));
#15911=CARTESIAN_POINT('',(0.342151036140181,-0.138971739392878,0.010303));
#15912=CARTESIAN_POINT('',(0.341535232034133,-0.138971739392878,0.010303));
#15913=CARTESIAN_POINT('',(0.341535232034133,-0.138971739392878,0.010303));
#15914=CARTESIAN_POINT('',(0.342151036140181,-0.138971739392878,0.010303));
#15915=CARTESIAN_POINT('',(0.341535232034133,-0.139800370980336,0.010303));
#15916=CARTESIAN_POINT('',(0.341535232034133,-0.140629002567794,0.010303));
#15917=CARTESIAN_POINT('',(0.341535232034133,-0.140629002567794,0.010303));
#15918=CARTESIAN_POINT('',(0.341535232034133,-0.139800370980336,0.010303));
#15919=CARTESIAN_POINT('',(0.34280172999728,-0.141457634155252,0.010303));
#15920=CARTESIAN_POINT('',(0.34280172999728,-0.141457634155252,0.011303));
#15921=CARTESIAN_POINT('',(0.342294665615341,-0.14125759958256,0.010303));
#15922=CARTESIAN_POINT('',(0.342294665615341,-0.14125759958256,0.011303));
#15923=CARTESIAN_POINT('',(0.341872499627625,-0.140981389053408,0.010303));
#15924=CARTESIAN_POINT('',(0.341872499627625,-0.140981389053408,0.011303));
#15925=CARTESIAN_POINT('',(0.341535232034133,-0.140629002567794,0.010303));
#15926=CARTESIAN_POINT('',(0.341535232034133,-0.140629002567794,0.011303));
#15927=CARTESIAN_POINT('',(0.34280172999728,-0.141457634155252,0.010303));
#15928=CARTESIAN_POINT('',(0.34280172999728,-0.141457634155252,0.010303));
#15929=CARTESIAN_POINT('',(0.34280172999728,-0.141457634155252,0.010303));
#15930=CARTESIAN_POINT('',(0.342041133424371,-0.141157582296214,0.010303));
#15931=CARTESIAN_POINT('',(0.341535232034133,-0.140629002567794,0.010303));
#15932=CARTESIAN_POINT('',(0.344506094336115,-0.141757686014289,0.010303));
#15933=CARTESIAN_POINT('',(0.344506094336115,-0.141757686014289,0.011303));
#15934=CARTESIAN_POINT('',(0.343876915825497,-0.141757686014289,0.010303));
#15935=CARTESIAN_POINT('',(0.343876915825497,-0.141757686014289,0.011303));
#15936=CARTESIAN_POINT('',(0.343308794379219,-0.141657668727943,0.010303));
#15937=CARTESIAN_POINT('',(0.343308794379219,-0.141657668727943,0.011303));
#15938=CARTESIAN_POINT('',(0.34280172999728,-0.141457634155252,0.010303));
#15939=CARTESIAN_POINT('',(0.34280172999728,-0.141457634155252,0.011303));
#15940=CARTESIAN_POINT('',(0.344506094336115,-0.141757686014289,0.010303));
#15941=CARTESIAN_POINT('',(0.344506094336115,-0.141757686014289,0.010303));
#15942=CARTESIAN_POINT('',(0.344506094336115,-0.141757686014289,0.010303));
#15943=CARTESIAN_POINT('',(0.343562326570188,-0.141757686014289,0.010303));
#15944=CARTESIAN_POINT('',(0.34280172999728,-0.141457634155252,0.010303));
#15945=CARTESIAN_POINT('',(0.346631752418888,-0.141168921465306,0.010303));
#15946=CARTESIAN_POINT('',(0.346631752418888,-0.141168921465306,0.011303));
#15947=CARTESIAN_POINT('',(0.346093868756854,-0.141561431164628,0.010303));
#15948=CARTESIAN_POINT('',(0.346093868756854,-0.141561431164628,0.011303));
#15949=CARTESIAN_POINT('',(0.345385316062596,-0.141757686014289,0.010303));
#15950=CARTESIAN_POINT('',(0.345385316062596,-0.141757686014289,0.011303));
#15951=CARTESIAN_POINT('',(0.344506094336115,-0.141757686014289,0.010303));
#15952=CARTESIAN_POINT('',(0.344506094336115,-0.141757686014289,0.011303));
#15953=CARTESIAN_POINT('',(0.346631752418888,-0.141168921465306,0.010303));
#15954=CARTESIAN_POINT('',(0.346631752418888,-0.141168921465306,0.010303));
#15955=CARTESIAN_POINT('',(0.346631752418888,-0.141168921465306,0.010303));
#15956=CARTESIAN_POINT('',(0.345824926925837,-0.141757686014289,0.010303));
#15957=CARTESIAN_POINT('',(0.344506094336115,-0.141757686014289,0.010303));
#15958=CARTESIAN_POINT('',(0.347438577911939,-0.139559631698085,0.010303));
#15959=CARTESIAN_POINT('',(0.347438577911939,-0.139559631698085,0.011303));
#15960=CARTESIAN_POINT('',(0.347438577911939,-0.140239981843577,0.010303));
#15961=CARTESIAN_POINT('',(0.347438577911939,-0.140239981843577,0.011303));
#15962=CARTESIAN_POINT('',(0.347169636080922,-0.140776411765984,0.010303));
#15963=CARTESIAN_POINT('',(0.347169636080922,-0.140776411765984,0.011303));
#15964=CARTESIAN_POINT('',(0.346631752418888,-0.141168921465306,0.010303));
#15965=CARTESIAN_POINT('',(0.346631752418888,-0.141168921465306,0.011303));
#15966=CARTESIAN_POINT('',(0.347438577911939,-0.139559631698085,0.010303));
#15967=CARTESIAN_POINT('',(0.347438577911939,-0.139559631698085,0.010303));
#15968=CARTESIAN_POINT('',(0.347438577911939,-0.139559631698085,0.010303));
#15969=CARTESIAN_POINT('',(0.347438577911939,-0.140580156916323,0.010303));
#15970=CARTESIAN_POINT('',(0.346631752418888,-0.141168921465306,0.010303));
#15971=CARTESIAN_POINT('',(0.346759972254,-0.137984359438139,0.010303));
#15972=CARTESIAN_POINT('',(0.346759972254,-0.137984359438139,0.011303));
#15973=CARTESIAN_POINT('',(0.347212376025959,-0.138384428583522,0.010303));
#15974=CARTESIAN_POINT('',(0.347212376025959,-0.138384428583522,0.011303));
#15975=CARTESIAN_POINT('',(0.347438577911939,-0.138909519336837,0.010303));
#15976=CARTESIAN_POINT('',(0.347438577911939,-0.138909519336837,0.011303));
#15977=CARTESIAN_POINT('',(0.347438577911939,-0.139559631698085,0.010303));
#15978=CARTESIAN_POINT('',(0.347438577911939,-0.139559631698085,0.011303));
#15979=CARTESIAN_POINT('',(0.346759972254,-0.137984359438139,0.010303));
#15980=CARTESIAN_POINT('',(0.346759972254,-0.137984359438139,0.010303));
#15981=CARTESIAN_POINT('',(0.346759972254,-0.137984359438139,0.010303));
#15982=CARTESIAN_POINT('',(0.347438577911939,-0.138584463156214,0.010303));
#15983=CARTESIAN_POINT('',(0.347438577911939,-0.139559631698085,0.010303));
#15984=CARTESIAN_POINT('',(0.344767767468996,-0.137019657821582,0.010303));
#15985=CARTESIAN_POINT('',(0.344767767468996,-0.137019657821582,0.011303));
#15986=CARTESIAN_POINT('',(0.345643500220372,-0.137262723087237,0.010303));
#15987=CARTESIAN_POINT('',(0.345643500220372,-0.137262723087237,0.011303));
#15988=CARTESIAN_POINT('',(0.34630756848204,-0.137584290292756,0.010303));
#15989=CARTESIAN_POINT('',(0.34630756848204,-0.137584290292756,0.011303));
#15990=CARTESIAN_POINT('',(0.346759972254,-0.137984359438139,0.010303));
#15991=CARTESIAN_POINT('',(0.346759972254,-0.137984359438139,0.011303));
#15992=CARTESIAN_POINT('',(0.344767767468996,-0.137019657821582,0.010303));
#15993=CARTESIAN_POINT('',(0.344767767468996,-0.137019657821582,0.010303));
#15994=CARTESIAN_POINT('',(0.344767767468996,-0.137019657821582,0.010303));
#15995=CARTESIAN_POINT('',(0.34608136659606,-0.137384255720064,0.010303));
#15996=CARTESIAN_POINT('',(0.346759972254,-0.137984359438139,0.010303));
#15997=CARTESIAN_POINT('',(0.343478591167666,-0.136471016486308,0.010303));
#15998=CARTESIAN_POINT('',(0.343478591167666,-0.136471016486308,0.011303));
#15999=CARTESIAN_POINT('',(0.343727471391829,-0.13664372075401,0.010303));
#16000=CARTESIAN_POINT('',(0.343727471391829,-0.13664372075401,0.011303));
#16001=CARTESIAN_POINT('',(0.344157196825606,-0.136826601199101,0.010303));
#16002=CARTESIAN_POINT('',(0.344157196825606,-0.136826601199101,0.011303));
#16003=CARTESIAN_POINT('',(0.344767767468996,-0.137019657821582,0.010303));
#16004=CARTESIAN_POINT('',(0.344767767468996,-0.137019657821582,0.011303));
#16005=CARTESIAN_POINT('',(0.343478591167666,-0.136471016486308,0.010303));
#16006=CARTESIAN_POINT('',(0.343478591167666,-0.136471016486308,0.010303));
#16007=CARTESIAN_POINT('',(0.343478591167666,-0.136471016486308,0.010303));
#16008=CARTESIAN_POINT('',(0.343851911503911,-0.13673007288786,0.010303));
#16009=CARTESIAN_POINT('',(0.344767767468996,-0.137019657821582,0.010303));
#16010=CARTESIAN_POINT('',(0.343105270831423,-0.135808983460118,0.010303));
#16011=CARTESIAN_POINT('',(0.343105270831423,-0.135808983460118,0.011303));
#16012=CARTESIAN_POINT('',(0.343105270831422,-0.136077634543209,0.010303));
#16013=CARTESIAN_POINT('',(0.343105270831422,-0.136077634543209,0.011303));
#16014=CARTESIAN_POINT('',(0.343229710943504,-0.136298312218606,0.010303));
#16015=CARTESIAN_POINT('',(0.343229710943504,-0.136298312218606,0.011303));
#16016=CARTESIAN_POINT('',(0.343478591167666,-0.136471016486308,0.010303));
#16017=CARTESIAN_POINT('',(0.343478591167666,-0.136471016486308,0.011303));
#16018=CARTESIAN_POINT('',(0.343105270831423,-0.135808983460118,0.010303));
#16019=CARTESIAN_POINT('',(0.343105270831423,-0.135808983460118,0.010303));
#16020=CARTESIAN_POINT('',(0.343105270831423,-0.135808983460118,0.010303));
#16021=CARTESIAN_POINT('',(0.343105270831423,-0.136211960084755,0.010303));
#16022=CARTESIAN_POINT('',(0.343478591167666,-0.136471016486308,0.010303));
#16023=CARTESIAN_POINT('',(0.343462018535917,-0.135098104782456,0.010303));
#16024=CARTESIAN_POINT('',(0.343462018535917,-0.135098104782456,0.011303));
#16025=CARTESIAN_POINT('',(0.343224186732921,-0.135281275975473,0.010303));
#16026=CARTESIAN_POINT('',(0.343224186732921,-0.135281275975473,0.011303));
#16027=CARTESIAN_POINT('',(0.343105270831422,-0.135518235534694,0.010303));
#16028=CARTESIAN_POINT('',(0.343105270831422,-0.135518235534694,0.011303));
#16029=CARTESIAN_POINT('',(0.343105270831423,-0.135808983460118,0.010303));
#16030=CARTESIAN_POINT('',(0.343105270831423,-0.135808983460118,0.011303));
#16031=CARTESIAN_POINT('',(0.343462018535917,-0.135098104782456,0.010303));
#16032=CARTESIAN_POINT('',(0.343462018535917,-0.135098104782456,0.010303));
#16033=CARTESIAN_POINT('',(0.343462018535917,-0.135098104782456,0.010303));
#16034=CARTESIAN_POINT('',(0.343105270831423,-0.135372861571982,0.010303));
#16035=CARTESIAN_POINT('',(0.343105270831423,-0.135808983460118,0.010303));
#16036=CARTESIAN_POINT('',(0.344472949072616,-0.134823347992931,0.010303));
#16037=CARTESIAN_POINT('',(0.344472949072616,-0.134823347992931,0.011303));
#16038=CARTESIAN_POINT('',(0.34403682718448,-0.134823347992931,0.010303));
#16039=CARTESIAN_POINT('',(0.34403682718448,-0.134823347992931,0.011303));
#16040=CARTESIAN_POINT('',(0.343699850338914,-0.134914933589439,0.010303));
#16041=CARTESIAN_POINT('',(0.343699850338914,-0.134914933589439,0.011303));
#16042=CARTESIAN_POINT('',(0.343462018535917,-0.135098104782456,0.010303));
#16043=CARTESIAN_POINT('',(0.343462018535917,-0.135098104782456,0.011303));
#16044=CARTESIAN_POINT('',(0.344472949072616,-0.134823347992931,0.010303));
#16045=CARTESIAN_POINT('',(0.344472949072616,-0.134823347992931,0.010303));
#16046=CARTESIAN_POINT('',(0.344472949072616,-0.134823347992931,0.010303));
#16047=CARTESIAN_POINT('',(0.343818766240413,-0.134823347992931,0.010303));
#16048=CARTESIAN_POINT('',(0.343462018535917,-0.135098104782456,0.010303));
#16049=CARTESIAN_POINT('',(0.344495257683932,-0.138355614183463,0.010303));
#16050=CARTESIAN_POINT('',(0.345317281048047,-0.134921039295873,0.010303));
#16051=CARTESIAN_POINT('',(0.345317281048047,-0.134921039295873,0.010303));
#16052=CARTESIAN_POINT('',(0.344495257683932,-0.138355614183463,0.010303));
#16053=CARTESIAN_POINT('',(0.34592261822878,-0.135149567165256,0.010303));
#16054=CARTESIAN_POINT('',(0.34592261822878,-0.135149567165256,0.011303));
#16055=CARTESIAN_POINT('',(0.345784222216277,-0.135062342787629,0.010303));
#16056=CARTESIAN_POINT('',(0.345784222216277,-0.135062342787629,0.011303));
#16057=CARTESIAN_POINT('',(0.345582443156033,-0.134986166831168,0.010303));
#16058=CARTESIAN_POINT('',(0.345582443156033,-0.134986166831168,0.011303));
#16059=CARTESIAN_POINT('',(0.345317281048047,-0.134921039295873,0.010303));
#16060=CARTESIAN_POINT('',(0.345317281048047,-0.134921039295873,0.011303));
#16061=CARTESIAN_POINT('',(0.34592261822878,-0.135149567165256,0.010303));
#16062=CARTESIAN_POINT('',(0.34592261822878,-0.135149567165256,0.010303));
#16063=CARTESIAN_POINT('',(0.34592261822878,-0.135149567165256,0.010303));
#16064=CARTESIAN_POINT('',(0.345715024210026,-0.135018730598816,0.010303));
#16065=CARTESIAN_POINT('',(0.345317281048047,-0.134921039295873,0.010303));
#16066=CARTESIAN_POINT('',(0.346026415238155,-0.135694719525426,0.010303));
#16067=CARTESIAN_POINT('',(0.346026415238155,-0.135694719525426,0.010303));
#16068=CARTESIAN_POINT('',(0.243191235691692,-0.0745099874999999,0.010303));
#16069=CARTESIAN_POINT('',(0.337178374371657,-0.137537770624688,0.010303));
#16070=CARTESIAN_POINT('',(0.337178374371657,-0.137537770624688,0.011303));
#16071=CARTESIAN_POINT('',(0.336507618907705,-0.137537770624688,0.011303));
#16072=CARTESIAN_POINT('',(0.337849129835611,-0.137537770624688,0.011303));
#16073=CARTESIAN_POINT('',(0.336507618907705,-0.137537770624688,0.010303));
#16074=CARTESIAN_POINT('',(0.336507618907705,-0.137537770624688,0.010303));
#16075=CARTESIAN_POINT('',(0.337178374371657,-0.137537770624688,0.010303));
#16076=CARTESIAN_POINT('',(0.337849129835611,-0.137537770624688,0.010303));
#16077=CARTESIAN_POINT('',(0.337849129835611,-0.137537770624688,0.010303));
#16078=CARTESIAN_POINT('',(0.336507618907705,-0.136234638422938,0.010303));
#16079=CARTESIAN_POINT('',(0.336507618907705,-0.136234638422938,0.011303));
#16080=CARTESIAN_POINT('',(0.336507618907705,-0.134931506221189,0.011303));
#16081=CARTESIAN_POINT('',(0.336507618907705,-0.134931506221189,0.010303));
#16082=CARTESIAN_POINT('',(0.336507618907705,-0.134931506221189,0.010303));
#16083=CARTESIAN_POINT('',(0.336507618907705,-0.136234638422938,0.010303));
#16084=CARTESIAN_POINT('',(0.337178374371657,-0.134931506221189,0.010303));
#16085=CARTESIAN_POINT('',(0.337178374371657,-0.134931506221189,0.011303));
#16086=CARTESIAN_POINT('',(0.337849129835611,-0.134931506221189,0.011303));
#16087=CARTESIAN_POINT('',(0.337849129835611,-0.134931506221189,0.010303));
#16088=CARTESIAN_POINT('',(0.337849129835611,-0.134931506221189,0.010303));
#16089=CARTESIAN_POINT('',(0.337178374371657,-0.134931506221189,0.010303));
#16090=CARTESIAN_POINT('',(0.338854826909652,-0.135304826557433,0.010303));
#16091=CARTESIAN_POINT('',(0.338854826909652,-0.135304826557433,0.011303));
#16092=CARTESIAN_POINT('',(0.33862746203197,-0.13505594633327,0.010303));
#16093=CARTESIAN_POINT('',(0.33862746203197,-0.13505594633327,0.011303));
#16094=CARTESIAN_POINT('',(0.338292229673957,-0.134931506221189,0.010303));
#16095=CARTESIAN_POINT('',(0.338292229673957,-0.134931506221189,0.011303));
#16096=CARTESIAN_POINT('',(0.337849129835611,-0.134931506221189,0.010303));
#16097=CARTESIAN_POINT('',(0.337849129835611,-0.134931506221189,0.011303));
#16098=CARTESIAN_POINT('',(0.338854826909652,-0.135304826557433,0.011303));
#16099=CARTESIAN_POINT('',(0.33851377959313,-0.134931506221189,0.011303));
#16100=CARTESIAN_POINT('',(0.337849129835611,-0.134931506221189,0.011303));
#16101=CARTESIAN_POINT('',(0.338854826909652,-0.135304826557433,0.011303));
#16102=CARTESIAN_POINT('',(0.338854826909652,-0.135304826557433,0.010303));
#16103=CARTESIAN_POINT('',(0.338854826909652,-0.135304826557433,0.010303));
#16104=CARTESIAN_POINT('',(0.338854826909652,-0.135304826557433,0.010303));
#16105=CARTESIAN_POINT('',(0.33851377959313,-0.134931506221189,0.010303));
#16106=CARTESIAN_POINT('',(0.337849129835611,-0.134931506221189,0.010303));
#16107=CARTESIAN_POINT('',(0.339195874226174,-0.136250338810911,0.010303));
#16108=CARTESIAN_POINT('',(0.339195874226174,-0.136250338810911,0.011303));
#16109=CARTESIAN_POINT('',(0.339195874226174,-0.135868877532755,0.010303));
#16110=CARTESIAN_POINT('',(0.339195874226174,-0.135868877532755,0.011303));
#16111=CARTESIAN_POINT('',(0.339082191787333,-0.135553706781596,0.010303));
#16112=CARTESIAN_POINT('',(0.339082191787333,-0.135553706781596,0.011303));
#16113=CARTESIAN_POINT('',(0.338854826909652,-0.135304826557433,0.010303));
#16114=CARTESIAN_POINT('',(0.338854826909652,-0.135304826557433,0.011303));
#16115=CARTESIAN_POINT('',(0.339195874226174,-0.136250338810911,0.011303));
#16116=CARTESIAN_POINT('',(0.339195874226174,-0.135678146893677,0.011303));
#16117=CARTESIAN_POINT('',(0.338854826909652,-0.135304826557433,0.011303));
#16118=CARTESIAN_POINT('',(0.339195874226174,-0.136250338810911,0.011303));
#16119=CARTESIAN_POINT('',(0.339195874226174,-0.136250338810911,0.010303));
#16120=CARTESIAN_POINT('',(0.339195874226174,-0.136250338810911,0.010303));
#16121=CARTESIAN_POINT('',(0.339195874226174,-0.136250338810911,0.010303));
#16122=CARTESIAN_POINT('',(0.339195874226174,-0.135678146893677,0.010303));
#16123=CARTESIAN_POINT('',(0.338854826909652,-0.135304826557433,0.010303));
#16124=CARTESIAN_POINT('',(0.338854826909652,-0.137174917213759,0.010303));
#16125=CARTESIAN_POINT('',(0.338854826909652,-0.137174917213759,0.011303));
#16126=CARTESIAN_POINT('',(0.339082191787333,-0.136933014939806,0.010303));
#16127=CARTESIAN_POINT('',(0.339082191787333,-0.136933014939806,0.011303));
#16128=CARTESIAN_POINT('',(0.339195874226174,-0.136624822138857,0.010303));
#16129=CARTESIAN_POINT('',(0.339195874226174,-0.136624822138857,0.011303));
#16130=CARTESIAN_POINT('',(0.339195874226174,-0.136250338810911,0.010303));
#16131=CARTESIAN_POINT('',(0.339195874226174,-0.136250338810911,0.011303));
#16132=CARTESIAN_POINT('',(0.338854826909652,-0.137174917213759,0.011303));
#16133=CARTESIAN_POINT('',(0.339195874226174,-0.13681206380283,0.011303));
#16134=CARTESIAN_POINT('',(0.339195874226174,-0.136250338810911,0.011303));
#16135=CARTESIAN_POINT('',(0.338854826909652,-0.137174917213759,0.011303));
#16136=CARTESIAN_POINT('',(0.338854826909652,-0.137174917213759,0.010303));
#16137=CARTESIAN_POINT('',(0.338854826909652,-0.137174917213759,0.010303));
#16138=CARTESIAN_POINT('',(0.338854826909652,-0.137174917213759,0.010303));
#16139=CARTESIAN_POINT('',(0.339195874226174,-0.13681206380283,0.010303));
#16140=CARTESIAN_POINT('',(0.339195874226174,-0.136250338810911,0.010303));
#16141=CARTESIAN_POINT('',(0.337849129835611,-0.133705131471751,0.010303));
#16142=CARTESIAN_POINT('',(0.337849129835611,-0.133705131471751,0.011303));
#16143=CARTESIAN_POINT('',(0.338757426354635,-0.133705131471751,0.010303));
#16144=CARTESIAN_POINT('',(0.338757426354635,-0.133705131471751,0.011303));
#16145=CARTESIAN_POINT('',(0.339474119990804,-0.133938602055866,0.010303));
#16146=CARTESIAN_POINT('',(0.339474119990804,-0.133938602055866,0.011303));
#16147=CARTESIAN_POINT('',(0.339999210744119,-0.134405543224097,0.010303));
#16148=CARTESIAN_POINT('',(0.339999210744119,-0.134405543224097,0.011303));
#16149=CARTESIAN_POINT('',(0.337849129835611,-0.133705131471751,0.010303));
#16150=CARTESIAN_POINT('',(0.337849129835611,-0.133705131471751,0.010303));
#16151=CARTESIAN_POINT('',(0.337849129835611,-0.133705131471751,0.010303));
#16152=CARTESIAN_POINT('',(0.339211574614147,-0.133705131471751,0.010303));
#16153=CARTESIAN_POINT('',(0.339999210744119,-0.134405543224097,0.010303));
#16154=CARTESIAN_POINT('',(0.339999210744119,-0.134405543224097,0.010303));
#16155=CARTESIAN_POINT('',(0.339999210744119,-0.134405543224097,0.010303));
#16156=CARTESIAN_POINT('',(0.336382015803922,-0.133705131471751,0.010303));
#16157=CARTESIAN_POINT('',(0.334070569796802,-0.133705131471751,0.010303));
#16158=CARTESIAN_POINT('',(0.334070569796802,-0.133705131471751,0.010303));
#16159=CARTESIAN_POINT('',(0.336382015803922,-0.133705131471751,0.010303));
#16160=CARTESIAN_POINT('',(0.334070569796802,-0.1341848655487,0.010303));
#16161=CARTESIAN_POINT('',(0.334070569796802,-0.134664599625649,0.010303));
#16162=CARTESIAN_POINT('',(0.334070569796802,-0.134664599625649,0.010303));
#16163=CARTESIAN_POINT('',(0.334070569796802,-0.1341848655487,0.010303));
#16164=CARTESIAN_POINT('',(0.334492735784517,-0.134746590540619,0.010303));
#16165=CARTESIAN_POINT('',(0.334914901772233,-0.134828581455589,0.010303));
#16166=CARTESIAN_POINT('',(0.334914901772233,-0.134828581455589,0.010303));
#16167=CARTESIAN_POINT('',(0.334492735784517,-0.134746590540619,0.010303));
#16168=CARTESIAN_POINT('',(0.334914901772233,-0.137676457385115,0.010303));
#16169=CARTESIAN_POINT('',(0.334914901772233,-0.140524333314641,0.010303));
#16170=CARTESIAN_POINT('',(0.334914901772233,-0.140524333314641,0.010303));
#16171=CARTESIAN_POINT('',(0.334914901772233,-0.137676457385115,0.010303));
#16172=CARTESIAN_POINT('',(0.334492735784517,-0.140606324229611,0.010303));
#16173=CARTESIAN_POINT('',(0.334070569796802,-0.14068831514458,0.010303));
#16174=CARTESIAN_POINT('',(0.334070569796802,-0.14068831514458,0.010303));
#16175=CARTESIAN_POINT('',(0.334492735784517,-0.140606324229611,0.010303));
#16176=CARTESIAN_POINT('',(0.334070569796802,-0.141165432490201,0.010303));
#16177=CARTESIAN_POINT('',(0.334070569796802,-0.141642549835821,0.010303));
#16178=CARTESIAN_POINT('',(0.334070569796802,-0.141642549835821,0.010303));
#16179=CARTESIAN_POINT('',(0.334070569796802,-0.141165432490201,0.010303));
#16180=CARTESIAN_POINT('',(0.335713877071298,-0.141642549835821,0.010303));
#16181=CARTESIAN_POINT('',(0.337357184345793,-0.141642549835821,0.010303));
#16182=CARTESIAN_POINT('',(0.337357184345793,-0.141642549835821,0.010303));
#16183=CARTESIAN_POINT('',(0.335713877071298,-0.141642549835821,0.010303));
#16184=CARTESIAN_POINT('',(0.337357184345793,-0.141165432490201,0.010303));
#16185=CARTESIAN_POINT('',(0.337357184345793,-0.14068831514458,0.010303));
#16186=CARTESIAN_POINT('',(0.337357184345793,-0.14068831514458,0.010303));
#16187=CARTESIAN_POINT('',(0.337357184345793,-0.141165432490201,0.010303));
#16188=CARTESIAN_POINT('',(0.336932401626749,-0.140606324229611,0.010303));
#16189=CARTESIAN_POINT('',(0.336507618907705,-0.140524333314641,0.010303));
#16190=CARTESIAN_POINT('',(0.336507618907705,-0.140524333314641,0.010303));
#16191=CARTESIAN_POINT('',(0.336932401626749,-0.140606324229611,0.010303));
#16192=CARTESIAN_POINT('',(0.336507618907705,-0.139644239344383,0.010303));
#16193=CARTESIAN_POINT('',(0.336507618907705,-0.138764145374125,0.010303));
#16194=CARTESIAN_POINT('',(0.336507618907705,-0.138764145374125,0.010303));
#16195=CARTESIAN_POINT('',(0.336507618907705,-0.139644239344383,0.010303));
#16196=CARTESIAN_POINT('',(0.337178374371657,-0.138764145374125,0.010303));
#16197=CARTESIAN_POINT('',(0.337849129835611,-0.138764145374125,0.010303));
#16198=CARTESIAN_POINT('',(0.337849129835611,-0.138764145374125,0.010303));
#16199=CARTESIAN_POINT('',(0.337178374371657,-0.138764145374125,0.010303));
#16200=CARTESIAN_POINT('',(0.339999210744119,-0.138071583815766,0.010303));
#16201=CARTESIAN_POINT('',(0.339999210744119,-0.138071583815766,0.011303));
#16202=CARTESIAN_POINT('',(0.339474119990804,-0.138533291521339,0.010303));
#16203=CARTESIAN_POINT('',(0.339474119990804,-0.138533291521339,0.011303));
#16204=CARTESIAN_POINT('',(0.338757426354635,-0.138764145374125,0.010303));
#16205=CARTESIAN_POINT('',(0.338757426354635,-0.138764145374125,0.011303));
#16206=CARTESIAN_POINT('',(0.337849129835611,-0.138764145374125,0.010303));
#16207=CARTESIAN_POINT('',(0.337849129835611,-0.138764145374125,0.011303));
#16208=CARTESIAN_POINT('',(0.339999210744119,-0.138071583815766,0.010303));
#16209=CARTESIAN_POINT('',(0.339999210744119,-0.138071583815766,0.010303));
#16210=CARTESIAN_POINT('',(0.339999210744119,-0.138071583815766,0.010303));
#16211=CARTESIAN_POINT('',(0.339211574614147,-0.138764145374125,0.010303));
#16212=CARTESIAN_POINT('',(0.337849129835611,-0.138764145374125,0.010303));
#16213=CARTESIAN_POINT('',(0.340786846874093,-0.136239871885596,0.010303));
#16214=CARTESIAN_POINT('',(0.340786846874093,-0.136239871885596,0.011303));
#16215=CARTESIAN_POINT('',(0.340786846874093,-0.136999305466803,0.010303));
#16216=CARTESIAN_POINT('',(0.340786846874093,-0.136999305466803,0.011303));
#16217=CARTESIAN_POINT('',(0.340524301497435,-0.137609876110193,0.010303));
#16218=CARTESIAN_POINT('',(0.340524301497435,-0.137609876110193,0.011303));
#16219=CARTESIAN_POINT('',(0.339999210744119,-0.138071583815766,0.010303));
#16220=CARTESIAN_POINT('',(0.339999210744119,-0.138071583815766,0.011303));
#16221=CARTESIAN_POINT('',(0.340786846874093,-0.136239871885596,0.010303));
#16222=CARTESIAN_POINT('',(0.340786846874093,-0.136239871885596,0.010303));
#16223=CARTESIAN_POINT('',(0.340786846874093,-0.136239871885596,0.010303));
#16224=CARTESIAN_POINT('',(0.340786846874093,-0.137379022257406,0.010303));
#16225=CARTESIAN_POINT('',(0.339999210744119,-0.138071583815766,0.010303));
#16226=CARTESIAN_POINT('',(0.339999210744119,-0.134405543224097,0.010303));
#16227=CARTESIAN_POINT('',(0.339999210744119,-0.134405543224097,0.011303));
#16228=CARTESIAN_POINT('',(0.340524301497435,-0.134872484392328,0.010303));
#16229=CARTESIAN_POINT('',(0.340524301497435,-0.134872484392328,0.011303));
#16230=CARTESIAN_POINT('',(0.340786846874093,-0.135483927279494,0.010303));
#16231=CARTESIAN_POINT('',(0.340786846874093,-0.135483927279494,0.011303));
#16232=CARTESIAN_POINT('',(0.340786846874093,-0.136239871885596,0.010303));
#16233=CARTESIAN_POINT('',(0.340786846874093,-0.136239871885596,0.011303));
#16234=CARTESIAN_POINT('',(0.339999210744119,-0.134405543224097,0.010303));
#16235=CARTESIAN_POINT('',(0.340786846874093,-0.135105954976443,0.010303));
#16236=CARTESIAN_POINT('',(0.340786846874093,-0.136239871885596,0.010303));
#16237=CARTESIAN_POINT('',(0.337849129835611,-0.137537770624688,0.010303));
#16238=CARTESIAN_POINT('',(0.337849129835611,-0.137537770624688,0.011303));
#16239=CARTESIAN_POINT('',(0.338292229673957,-0.137537770624688,0.010303));
#16240=CARTESIAN_POINT('',(0.338292229673957,-0.137537770624688,0.011303));
#16241=CARTESIAN_POINT('',(0.33862746203197,-0.137416819487712,0.010303));
#16242=CARTESIAN_POINT('',(0.33862746203197,-0.137416819487712,0.011303));
#16243=CARTESIAN_POINT('',(0.338854826909652,-0.137174917213759,0.010303));
#16244=CARTESIAN_POINT('',(0.338854826909652,-0.137174917213759,0.011303));
#16245=CARTESIAN_POINT('',(0.337849129835611,-0.137537770624688,0.011303));
#16246=CARTESIAN_POINT('',(0.33851377959313,-0.137537770624688,0.011303));
#16247=CARTESIAN_POINT('',(0.338854826909652,-0.137174917213759,0.011303));
#16248=CARTESIAN_POINT('',(0.337849129835611,-0.137537770624688,0.010303));
#16249=CARTESIAN_POINT('',(0.33851377959313,-0.137537770624688,0.010303));
#16250=CARTESIAN_POINT('',(0.338854826909652,-0.137174917213759,0.010303));
#16251=CARTESIAN_POINT('',(0.243191235691692,-0.0745099874999999,0.010303));
#16252=CARTESIAN_POINT('',(0.318890039114574,-0.140606324229611,0.010303));
#16253=CARTESIAN_POINT('',(0.318467873126858,-0.14068831514458,0.010303));
#16254=CARTESIAN_POINT('',(0.318467873126858,-0.14068831514458,0.010303));
#16255=CARTESIAN_POINT('',(0.318890039114574,-0.140606324229611,0.010303));
#16256=CARTESIAN_POINT('',(0.319312205102289,-0.140524333314641,0.010303));
#16257=CARTESIAN_POINT('',(0.319312205102289,-0.140524333314641,0.010303));
#16258=CARTESIAN_POINT('',(0.318467873126858,-0.141165432490201,0.010303));
#16259=CARTESIAN_POINT('',(0.318467873126858,-0.141642549835821,0.010303));
#16260=CARTESIAN_POINT('',(0.318467873126858,-0.141642549835821,0.010303));
#16261=CARTESIAN_POINT('',(0.318467873126858,-0.141165432490201,0.010303));
#16262=CARTESIAN_POINT('',(0.320089374306947,-0.141642549835821,0.010303));
#16263=CARTESIAN_POINT('',(0.321710875487036,-0.141642549835821,0.010303));
#16264=CARTESIAN_POINT('',(0.321710875487036,-0.141642549835821,0.010303));
#16265=CARTESIAN_POINT('',(0.320089374306947,-0.141642549835821,0.010303));
#16266=CARTESIAN_POINT('',(0.321710875487036,-0.141165432490201,0.010303));
#16267=CARTESIAN_POINT('',(0.321710875487036,-0.14068831514458,0.010303));
#16268=CARTESIAN_POINT('',(0.321710875487036,-0.14068831514458,0.010303));
#16269=CARTESIAN_POINT('',(0.321710875487036,-0.141165432490201,0.010303));
#16270=CARTESIAN_POINT('',(0.321307898862398,-0.140606324229611,0.010303));
#16271=CARTESIAN_POINT('',(0.32090492223776,-0.140524333314641,0.010303));
#16272=CARTESIAN_POINT('',(0.32090492223776,-0.140524333314641,0.010303));
#16273=CARTESIAN_POINT('',(0.321307898862398,-0.140606324229611,0.010303));
#16274=CARTESIAN_POINT('',(0.32090492223776,-0.139426178400316,0.010303));
#16275=CARTESIAN_POINT('',(0.32090492223776,-0.13832802348599,0.010303));
#16276=CARTESIAN_POINT('',(0.32090492223776,-0.13832802348599,0.010303));
#16277=CARTESIAN_POINT('',(0.32090492223776,-0.139426178400316,0.010303));
#16278=CARTESIAN_POINT('',(0.321348894319883,-0.13832802348599,0.010303));
#16279=CARTESIAN_POINT('',(0.321792866402005,-0.13832802348599,0.010303));
#16280=CARTESIAN_POINT('',(0.321792866402005,-0.13832802348599,0.010303));
#16281=CARTESIAN_POINT('',(0.321348894319883,-0.13832802348599,0.010303));
#16282=CARTESIAN_POINT('',(0.322556079706243,-0.139475896295563,0.010303));
#16283=CARTESIAN_POINT('',(0.32331929301048,-0.140623769105136,0.010303));
#16284=CARTESIAN_POINT('',(0.32331929301048,-0.140623769105136,0.010303));
#16285=CARTESIAN_POINT('',(0.322556079706243,-0.139475896295563,0.010303));
#16286=CARTESIAN_POINT('',(0.323074192509347,-0.140656042124858,0.010303));
#16287=CARTESIAN_POINT('',(0.322829092008215,-0.14068831514458,0.010303));
#16288=CARTESIAN_POINT('',(0.322829092008215,-0.14068831514458,0.010303));
#16289=CARTESIAN_POINT('',(0.323074192509347,-0.140656042124858,0.010303));
#16290=CARTESIAN_POINT('',(0.322829092008215,-0.141165432490201,0.010303));
#16291=CARTESIAN_POINT('',(0.322829092008215,-0.141642549835821,0.010303));
#16292=CARTESIAN_POINT('',(0.322829092008215,-0.141642549835821,0.010303));
#16293=CARTESIAN_POINT('',(0.322829092008215,-0.141165432490201,0.010303));
#16294=CARTESIAN_POINT('',(0.324401747536833,-0.141642549835821,0.010303));
#16295=CARTESIAN_POINT('',(0.325974403065451,-0.141642549835821,0.010303));
#16296=CARTESIAN_POINT('',(0.325974403065451,-0.141642549835821,0.010303));
#16297=CARTESIAN_POINT('',(0.324401747536833,-0.141642549835821,0.010303));
#16298=CARTESIAN_POINT('',(0.325974403065451,-0.141165432490201,0.010303));
#16299=CARTESIAN_POINT('',(0.325974403065451,-0.14068831514458,0.010303));
#16300=CARTESIAN_POINT('',(0.325974403065451,-0.14068831514458,0.010303));
#16301=CARTESIAN_POINT('',(0.325974403065451,-0.141165432490201,0.010303));
#16302=CARTESIAN_POINT('',(0.325576659903471,-0.140620280130031,0.010303));
#16303=CARTESIAN_POINT('',(0.32517891674149,-0.140552245115482,0.010303));
#16304=CARTESIAN_POINT('',(0.32517891674149,-0.140552245115482,0.010303));
#16305=CARTESIAN_POINT('',(0.325576659903471,-0.140620280130031,0.010303));
#16306=CARTESIAN_POINT('',(0.324083378558494,-0.138984823049522,0.010303));
#16307=CARTESIAN_POINT('',(0.322987840375497,-0.137417400983562,0.010303));
#16308=CARTESIAN_POINT('',(0.322987840375497,-0.137417400983562,0.010303));
#16309=CARTESIAN_POINT('',(0.324083378558494,-0.138984823049522,0.010303));
#16310=CARTESIAN_POINT('',(0.323963008917369,-0.136114268781813,0.010303));
#16311=CARTESIAN_POINT('',(0.32493817745924,-0.134811136580063,0.010303));
#16312=CARTESIAN_POINT('',(0.32493817745924,-0.134811136580063,0.010303));
#16313=CARTESIAN_POINT('',(0.323963008917369,-0.136114268781813,0.010303));
#16314=CARTESIAN_POINT('',(0.325369065884718,-0.134737868102856,0.010303));
#16315=CARTESIAN_POINT('',(0.325799954310196,-0.134664599625649,0.010303));
#16316=CARTESIAN_POINT('',(0.325799954310196,-0.134664599625649,0.010303));
#16317=CARTESIAN_POINT('',(0.325369065884718,-0.134737868102856,0.010303));
#16318=CARTESIAN_POINT('',(0.325799954310196,-0.1341848655487,0.010303));
#16319=CARTESIAN_POINT('',(0.325799954310196,-0.133705131471751,0.010303));
#16320=CARTESIAN_POINT('',(0.325799954310196,-0.133705131471751,0.010303));
#16321=CARTESIAN_POINT('',(0.325799954310196,-0.1341848655487,0.010303));
#16322=CARTESIAN_POINT('',(0.324227298781579,-0.133705131471751,0.010303));
#16323=CARTESIAN_POINT('',(0.322654643252961,-0.133705131471751,0.010303));
#16324=CARTESIAN_POINT('',(0.322654643252961,-0.133705131471751,0.010303));
#16325=CARTESIAN_POINT('',(0.324227298781579,-0.133705131471751,0.010303));
#16326=CARTESIAN_POINT('',(0.322654643252961,-0.1341848655487,0.010303));
#16327=CARTESIAN_POINT('',(0.322654643252961,-0.134664599625649,0.010303));
#16328=CARTESIAN_POINT('',(0.322654643252961,-0.134664599625649,0.010303));
#16329=CARTESIAN_POINT('',(0.322654643252961,-0.1341848655487,0.010303));
#16330=CARTESIAN_POINT('',(0.322889276828778,-0.134696872645371,0.010303));
#16331=CARTESIAN_POINT('',(0.323123910404595,-0.134729145665094,0.010303));
#16332=CARTESIAN_POINT('',(0.323123910404595,-0.134729145665094,0.010303));
#16333=CARTESIAN_POINT('',(0.322889276828778,-0.134696872645371,0.010303));
#16334=CARTESIAN_POINT('',(0.322360697100357,-0.135838639748511,0.010303));
#16335=CARTESIAN_POINT('',(0.32159748379612,-0.136948133831928,0.010303));
#16336=CARTESIAN_POINT('',(0.32159748379612,-0.136948133831928,0.010303));
#16337=CARTESIAN_POINT('',(0.322360697100357,-0.135838639748511,0.010303));
#16338=CARTESIAN_POINT('',(0.32125120301694,-0.136948133831928,0.010303));
#16339=CARTESIAN_POINT('',(0.32090492223776,-0.136948133831928,0.010303));
#16340=CARTESIAN_POINT('',(0.32090492223776,-0.136948133831928,0.010303));
#16341=CARTESIAN_POINT('',(0.32125120301694,-0.136948133831928,0.010303));
#16342=CARTESIAN_POINT('',(0.32090492223776,-0.135888357643758,0.010303));
#16343=CARTESIAN_POINT('',(0.32090492223776,-0.134828581455589,0.010303));
#16344=CARTESIAN_POINT('',(0.32090492223776,-0.134828581455589,0.010303));
#16345=CARTESIAN_POINT('',(0.32090492223776,-0.135888357643758,0.010303));
#16346=CARTESIAN_POINT('',(0.321307898862398,-0.134746590540619,0.010303));
#16347=CARTESIAN_POINT('',(0.321710875487036,-0.134664599625649,0.010303));
#16348=CARTESIAN_POINT('',(0.321710875487036,-0.134664599625649,0.010303));
#16349=CARTESIAN_POINT('',(0.321307898862398,-0.134746590540619,0.010303));
#16350=CARTESIAN_POINT('',(0.321710875487036,-0.1341848655487,0.010303));
#16351=CARTESIAN_POINT('',(0.321710875487036,-0.133705131471751,0.010303));
#16352=CARTESIAN_POINT('',(0.321710875487036,-0.133705131471751,0.010303));
#16353=CARTESIAN_POINT('',(0.321710875487036,-0.1341848655487,0.010303));
#16354=CARTESIAN_POINT('',(0.320089374306947,-0.133705131471751,0.010303));
#16355=CARTESIAN_POINT('',(0.318467873126858,-0.133705131471751,0.010303));
#16356=CARTESIAN_POINT('',(0.318467873126858,-0.133705131471751,0.010303));
#16357=CARTESIAN_POINT('',(0.320089374306947,-0.133705131471751,0.010303));
#16358=CARTESIAN_POINT('',(0.318467873126858,-0.1341848655487,0.010303));
#16359=CARTESIAN_POINT('',(0.318467873126858,-0.134664599625649,0.010303));
#16360=CARTESIAN_POINT('',(0.318467873126858,-0.134664599625649,0.010303));
#16361=CARTESIAN_POINT('',(0.318467873126858,-0.1341848655487,0.010303));
#16362=CARTESIAN_POINT('',(0.318890039114574,-0.134746590540619,0.010303));
#16363=CARTESIAN_POINT('',(0.319312205102289,-0.134828581455589,0.010303));
#16364=CARTESIAN_POINT('',(0.319312205102289,-0.134828581455589,0.010303));
#16365=CARTESIAN_POINT('',(0.318890039114574,-0.134746590540619,0.010303));
#16366=CARTESIAN_POINT('',(0.319312205102289,-0.137676457385115,0.010303));
#16367=CARTESIAN_POINT('',(0.319312205102289,-0.137676457385115,0.010303));
#16368=CARTESIAN_POINT('',(0.243191235691692,-0.0745099874999999,0.010303));
#16369=CARTESIAN_POINT('',(0.170242,-0.07451,0.011303));
#16370=MECHANICAL_DESIGN_GEOMETRIC_PRESENTATION_REPRESENTATION('',(#8735,
#8099,#8100,#8101,#8102,#8103,#8104,#8105,#8106,#8107,#8108,#8109,#8110,
#8111,#8112,#8113,#8114,#8115,#8116,#8117,#8118,#8119,#8120,#8121,#8122,
#8123,#8124,#8125,#8126,#8127,#8128,#8129,#8130,#8131,#8132,#8133,#8134,
#8135,#8136,#8137,#8138,#8139,#8140,#8141,#8142,#8143,#8144,#8145,#8146,
#8147,#8148,#8149,#8150,#8151,#8152,#8153,#8154,#8155,#8156,#8157,#8158,
#8159,#8160,#8161,#8162,#8163,#8164,#8165,#8166,#8167,#8168,#8169,#8170,
#8171,#8172,#8173,#8174,#8175,#8176,#8177,#8178,#8179,#8180,#8181,#8182,
#8183,#8184,#8185,#8186,#8187,#8188,#8189,#8190,#8191,#8192,#8193,#8194,
#8195,#8196,#8197,#8198,#8199,#8200,#8201,#8202,#8203,#8204,#8205,#8206,
#8207,#8208,#8209,#8210,#8211,#8212,#8213,#8214,#8215,#8216,#8217,#8218,
#8219,#8220,#8221,#8222,#8223,#8224,#8225,#8226,#8227,#8228,#8229,#8230,
#8231,#8232,#8233,#8234,#8235,#8236,#8237,#8238,#8239,#8240,#8241,#8242,
#8243,#8244,#8245,#8246,#8247,#8248,#8249,#8250,#8251,#8252,#8253,#8254,
#8255,#8256,#8257,#8258,#8259,#8260,#8261,#8262,#8263,#8264,#8265,#8266,
#8267,#8268,#8269,#8270,#8271,#8272,#8273,#8274,#8275,#8276,#8277,#8278,
#8279,#8280,#8281,#8282,#8283),#16371);
#16371=(
GEOMETRIC_REPRESENTATION_CONTEXT(3)
GLOBAL_UNCERTAINTY_ASSIGNED_CONTEXT((#16372))
GLOBAL_UNIT_ASSIGNED_CONTEXT((#16375,#16374,#16373))
REPRESENTATION_CONTEXT('top shell right half:1__Body1',
'TOP_LEVEL_ASSEMBLY_PART')
);
#16372=UNCERTAINTY_MEASURE_WITH_UNIT(LENGTH_MEASURE(2.E-5),#16375,
'DISTANCE_ACCURACY_VALUE','Maximum Tolerance applied to model');
#16373=(
NAMED_UNIT(*)
SI_UNIT($,.STERADIAN.)
SOLID_ANGLE_UNIT()
);
#16374=(
NAMED_UNIT(*)
PLANE_ANGLE_UNIT()
SI_UNIT($,.RADIAN.)
);
#16375=(
LENGTH_UNIT()
NAMED_UNIT(*)
SI_UNIT($,.METRE.)
);
#16376=PRODUCT_DEFINITION_SHAPE('','',#16377);
#16377=PRODUCT_DEFINITION('','',#16379,#16378);
#16378=PRODUCT_DEFINITION_CONTEXT('',#16385,'design');
#16379=PRODUCT_DEFINITION_FORMATION_WITH_SPECIFIED_SOURCE('','',#16381,
 .NOT_KNOWN.);
#16380=PRODUCT_RELATED_PRODUCT_CATEGORY('','',(#16381));
#16381=PRODUCT('top shell right half:1__Body1',
'top shell right half:1__Body1','top shell right half:1__Body1',(#16383));
#16382=PRODUCT_CATEGORY('','');
#16383=PRODUCT_CONTEXT('',#16385,'mechanical');
#16384=APPLICATION_PROTOCOL_DEFINITION('international standard',
'ap242_managed_model_based_3d_engineering',2020,#16385);
#16385=APPLICATION_CONTEXT('managed model based 3d engineering');
ENDSEC;
END-ISO-10303-21;
